pID,conditions,ts,headsetDetected,headsetPosX,headsetPosY,headsetPosZ,headsetRot,leftDetected,leftControllerPosX,leftControllerPosY,leftControllerPosZ,leftControllerRot,leftTrigger,leftGrip,leftPrimaryButton,leftSecondaryButton,leftPrimary2DAxisClick,leftThumbstickX,leftThumbstickY,rightDetected,rightControllerPosX,rightControllerPosY,rightControllerPosZ,rightControllerRot,rightTrigger,rightGrip,rightPrimaryButton,rightSecondaryButton,rightPrimary2DAxisClick,rightThumbstickX,rightThumbstickY
3,"Environment: 1, AimModifier: 1",5.288898,true,-1.495442,2.388843,1.035277,"(-0.0283,0.9968,-0.0234,0.0710)",false,0,0,0,NA,-1,-1,-1,-1,-1,-2,-2,true,-1.884313,2.111382,0.6133755,"(-0.2725,0.9482,0.0942,-0.1333)",0,0,0,0,0,0,0
3,"Environment: 1, AimModifier: 1",5.31242,true,-1.495455,2.388875,1.035255,"(-0.0279,0.9968,-0.0234,0.0713)",false,0,0,0,NA,-1,-1,-1,-1,-1,-2,-2,true,-1.884281,2.111371,0.6133602,"(-0.2723,0.9483,0.0941,-0.1332)",0,0,0,0,0,0,0
3,"Environment: 1, AimModifier: 1",5.339684,true,-1.495445,2.388863,1.035215,"(-0.0278,0.9968,-0.0236,0.0713)",false,0,0,0,NA,-1,-1,-1,-1,-1,-2,-2,true,-1.88412,2.111447,0.6134714,"(-0.2720,0.9484,0.0942,-0.1333)",0,0,0,0,0,0,0
3,"Environment: 1, AimModifier: 1",5.369168,true,-1.495475,2.388968,1.03503,"(-0.0278,0.9968,-0.0230,0.0709)",false,0,0,0,NA,-1,-1,-1,-1,-1,-2,-2,true,-1.884201,2.111412,0.6134323,"(-0.2720,0.9484,0.0943,-0.1332)",0,0,0,0,0,0,0
3,"Environment: 1, AimModifier: 1",5.396446,true,-1.495522,2.389009,1.034971,"(-0.0273,0.9969,-0.0229,0.0706)",false,0,0,0,NA,-1,-1,-1,-1,-1,-2,-2,true,-1.88416,2.111463,0.6134905,"(-0.2724,0.9482,0.0943,-0.1334)",0,0,0,0,0,0,0
3,"Environment: 1, AimModifier: 1",5.424289,true,-1.495546,2.389233,1.034696,"(-0.0266,0.9969,-0.0218,0.0703)",false,0,0,0,NA,-1,-1,-1,-1,-1,-2,-2,true,-1.884146,2.111488,0.6135063,"(-0.2724,0.9482,0.0944,-0.1335)",0,0,0,0,0,0,0
3,"Environment: 1, AimModifier: 1",5.452239,true,-1.496213,2.391205,1.033631,"(-0.0226,0.9973,-0.0182,0.0677)",false,0,0,0,NA,-1,-1,-1,-1,-1,-2,-2,true,-1.88405,2.11155,0.6135552,"(-0.2723,0.9482,0.0943,-0.1334)",0,0,0,0,0,0,0
3,"Environment: 1, AimModifier: 1",5.480201,true,-1.496857,2.393866,1.032075,"(-0.0170,0.9979,-0.0054,0.0624)",false,0,0,0,NA,-1,-1,-1,-1,-1,-2,-2,true,-1.884075,2.111673,0.6138941,"(-0.2727,0.9480,0.0950,-0.1338)",0,0,0,0,0,0,0
3,"Environment: 1, AimModifier: 1",5.508784,true,-1.497744,2.395353,1.031953,"(-0.0142,0.9984,0.0074,0.0540)",false,0,0,0,NA,-1,-1,-1,-1,-1,-2,-2,true,-1.884449,2.111856,0.6147748,"(-0.2738,0.9474,0.0978,-0.1339)",0,0,0,0,0,0,0
3,"Environment: 1, AimModifier: 1",5.536367,true,-1.499242,2.395654,1.03214,"(-0.0089,0.9990,0.0150,0.0409)",false,0,0,0,NA,-1,-1,-1,-1,-1,-2,-2,true,-1.884349,2.112825,0.6168215,"(-0.2719,0.9474,0.1061,-0.1316)",0,0,0,0,0,0,0
3,"Environment: 1, AimModifier: 1",5.563306,true,-1.500408,2.395989,1.032576,"(-0.0004,0.9995,0.0157,0.0285)",false,0,0,0,NA,-1,-1,-1,-1,-1,-2,-2,true,-1.883401,2.114902,0.6193327,"(-0.2717,0.9467,0.1241,-0.1208)",0,0,0,0,0,0,0
3,"Environment: 1, AimModifier: 1",5.591557,true,-1.501002,2.397148,1.03161,"(0.0047,0.9997,0.0180,0.0172)",false,0,0,0,NA,-1,-1,-1,-1,-1,-2,-2,true,-1.88193,2.119036,0.6252546,"(-0.2642,0.9443,0.1596,-0.1143)",0,0,0,0,0,0,0
3,"Environment: 1, AimModifier: 1",5.619368,true,-1.500699,2.397987,1.03039,"(0.0100,0.9997,0.0222,0.0088)",false,0,0,0,NA,-1,-1,-1,-1,-1,-2,-2,true,-1.879609,2.122984,0.6349583,"(-0.2707,0.9370,0.1913,-0.1105)",0,0,0,0,0,0,0
3,"Environment: 1, AimModifier: 1",5.647502,true,-1.499515,2.397475,1.029414,"(0.0118,0.9997,0.0189,0.0060)",false,0,0,0,NA,-1,-1,-1,-1,-1,-2,-2,true,-1.875937,2.126708,0.6448315,"(-0.2708,0.9328,0.1964,-0.1339)",0,0,0,0,0,0,0
3,"Environment: 1, AimModifier: 1",5.67517,true,-1.4982,2.39707,1.027704,"(0.0105,0.9999,0.0116,0.0070)",false,0,0,0,NA,-1,-1,-1,-1,-1,-2,-2,true,-1.869492,2.135958,0.6598647,"(-0.2961,0.9212,0.2226,-0.1189)",0,0,0,0,0,0,0
3,"Environment: 1, AimModifier: 1",5.703551,true,-1.497039,2.39601,1.025434,"(0.0095,0.9999,0.0092,0.0090)",false,0,0,0,NA,-1,-1,-1,-1,-1,-2,-2,true,-1.862854,2.14563,0.6764194,"(-0.3614,0.8960,0.2518,-0.0566)",0,0,0,0,0,0,0
3,"Environment: 1, AimModifier: 1",5.730988,true,-1.496216,2.394296,1.023707,"(0.0111,0.9998,-0.0003,0.0143)",false,0,0,0,NA,-1,-1,-1,-1,-1,-2,-2,true,-1.850027,2.160388,0.6959671,"(-0.3585,0.8975,0.2554,-0.0279)",0,0,0,0,0,0,0
3,"Environment: 1, AimModifier: 1",5.75912,true,-1.495608,2.392944,1.021409,"(0.0095,0.9998,-0.0103,0.0173)",false,0,0,0,NA,-1,-1,-1,-1,-1,-2,-2,true,-1.837218,2.171958,0.7164951,"(-0.3421,0.8980,0.2755,-0.0263)",0,0,0,0,0,0,0
3,"Environment: 1, AimModifier: 1",5.787431,true,-1.495479,2.391837,1.019399,"(0.0086,0.9998,-0.0119,0.0166)",false,0,0,0,NA,-1,-1,-1,-1,-1,-2,-2,true,-1.824722,2.182057,0.7378443,"(-0.3257,0.8943,0.3019,-0.0552)",0,0,0,0,0,0,0
3,"Environment: 1, AimModifier: 1",5.815365,true,-1.495387,2.390433,1.018432,"(0.0085,0.9997,-0.0192,0.0131)",false,0,0,0,NA,-1,-1,-1,-1,-1,-2,-2,true,-1.812462,2.193935,0.7602003,"(-0.3198,0.8839,0.3378,-0.0478)",0,0,0,0,0,0,0
3,"Environment: 1, AimModifier: 1",5.843068,true,-1.495697,2.388248,1.018534,"(0.0082,0.9994,-0.0316,0.0076)",false,0,0,0,NA,-1,-1,-1,-1,-1,-2,-2,true,-1.803612,2.206053,0.7820252,"(-0.3117,0.8729,0.3700,-0.0625)",0,0,0,0,0,0,0
3,"Environment: 1, AimModifier: 1",5.869792,true,-1.49595,2.386636,1.018549,"(0.0110,0.9991,-0.0405,0.0014)",false,0,0,0,NA,-1,-1,-1,-1,-1,-2,-2,true,-1.795624,2.218395,0.8011916,"(-0.3098,0.8742,0.3720,-0.0366)",0,0,0,0,0,0,0
3,"Environment: 1, AimModifier: 1",5.897306,true,-1.495413,2.385713,1.018885,"(0.0104,0.9988,-0.0473,-0.0014)",false,0,0,0,NA,-1,-1,-1,-1,-1,-2,-2,true,-1.785812,2.231711,0.8198602,"(-0.2816,0.8798,0.3822,0.0220)",0,0,0,0,0,0,0
3,"Environment: 1, AimModifier: 1",5.92593,true,-1.494116,2.38554,1.019027,"(0.0113,0.9988,-0.0470,-0.0004)",false,0,0,0,NA,-1,-1,-1,-1,-1,-2,-2,true,-1.779902,2.239916,0.8405405,"(-0.2822,0.8720,0.3983,0.0370)",0,0,0,0,0,0,0
3,"Environment: 1, AimModifier: 1",5.954372,true,-1.492376,2.385425,1.020107,"(0.0161,0.9987,-0.0489,0.0012)",false,0,0,0,NA,-1,-1,-1,-1,-1,-2,-2,true,-1.77694,2.245381,0.8570076,"(-0.3057,0.8677,0.3879,0.0570)",0,0,0,0,0,0,0
3,"Environment: 1, AimModifier: 1",5.982907,true,-1.489931,2.386218,1.020632,"(0.0129,0.9986,-0.0507,0.0048)",false,0,0,0,NA,-1,-1,-1,-1,-1,-2,-2,true,-1.774069,2.247894,0.8708006,"(-0.3112,0.8678,0.3827,0.0607)",0,0,0,0,0,0,0
3,"Environment: 1, AimModifier: 1",6.008996,true,-1.487882,2.386959,1.02152,"(0.0122,0.9989,-0.0447,0.0072)",false,0,0,0,NA,-1,-1,-1,-1,-1,-2,-2,true,-1.77042,2.249118,0.8839741,"(-0.3063,0.8625,0.3980,0.0620)",0,0,0,0,0,0,0
3,"Environment: 1, AimModifier: 1",6.037224,true,-1.48613,2.387979,1.023318,"(0.0140,0.9991,-0.0392,0.0086)",false,0,0,0,NA,-1,-1,-1,-1,-1,-2,-2,true,-1.767579,2.248088,0.8936896,"(-0.3099,0.8607,0.3967,0.0758)",0,0,0,0,0,0,0
3,"Environment: 1, AimModifier: 1",6.06418,true,-1.484683,2.388923,1.025473,"(0.0151,0.9991,-0.0374,0.0089)",false,0,0,0,NA,-1,-1,-1,-1,-1,-2,-2,true,-1.765411,2.246353,0.9017282,"(-0.3072,0.8622,0.3955,0.0763)",0,0,0,0,0,0,0
3,"Environment: 1, AimModifier: 1",6.092427,true,-1.482726,2.390422,1.027262,"(0.0139,0.9993,-0.0323,0.0089)",false,0,0,0,NA,-1,-1,-1,-1,-1,-2,-2,true,-1.764549,2.244466,0.9088768,"(-0.2978,0.8641,0.4002,0.0670)",0,0,0,0,0,0,0
3,"Environment: 1, AimModifier: 1",6.12005,true,-1.480566,2.391893,1.02936,"(0.0104,0.9995,-0.0259,0.0111)",false,0,0,0,NA,-1,-1,-1,-1,-1,-2,-2,true,-1.766026,2.242226,0.9145997,"(-0.3077,0.8633,0.3957,0.0586)",0,0,0,0,0,0,0
3,"Environment: 1, AimModifier: 1",6.147951,true,-1.47863,2.393703,1.03159,"(0.0088,0.9997,-0.0190,0.0140)",false,0,0,0,NA,-1,-1,-1,-1,-1,-2,-2,true,-1.767542,2.240598,0.9212512,"(-0.3164,0.8599,0.3963,0.0581)",0,0,0,0,0,0,0
3,"Environment: 1, AimModifier: 1",6.175841,true,-1.477037,2.395672,1.034001,"(0.0084,0.9997,-0.0101,0.0183)",false,0,0,0,NA,-1,-1,-1,-1,-1,-2,-2,true,-1.768688,2.239423,0.9281517,"(-0.3171,0.8575,0.4016,0.0539)",0,0,0,0,0,0,0
3,"Environment: 1, AimModifier: 1",6.204005,true,-1.475609,2.397624,1.036229,"(0.0108,0.9998,-0.0001,0.0191)",false,0,0,0,NA,-1,-1,-1,-1,-1,-2,-2,true,-1.768694,2.238318,0.9349333,"(-0.3140,0.8576,0.4058,0.0352)",0,0,0,0,0,0,0
3,"Environment: 1, AimModifier: 1",6.231985,true,-1.474376,2.398951,1.038774,"(0.0127,0.9997,0.0077,0.0186)",false,0,0,0,NA,-1,-1,-1,-1,-1,-2,-2,true,-1.769384,2.237957,0.9409252,"(-0.3118,0.8557,0.4117,0.0346)",0,0,0,0,0,0,0
3,"Environment: 1, AimModifier: 1",6.260067,true,-1.472862,2.399619,1.041475,"(0.0129,0.9997,0.0099,0.0198)",false,0,0,0,NA,-1,-1,-1,-1,-1,-2,-2,true,-1.770323,2.236655,0.946076,"(-0.3270,0.8514,0.4091,0.0308)",0,0,0,0,0,0,0
3,"Environment: 1, AimModifier: 1",6.288155,true,-1.47104,2.399776,1.043991,"(0.0134,0.9996,0.0087,0.0220)",false,0,0,0,NA,-1,-1,-1,-1,-1,-2,-2,true,-1.770231,2.235471,0.9509482,"(-0.3375,0.8475,0.4080,0.0366)",0,0,0,0,0,0,0
3,"Environment: 1, AimModifier: 1",6.316008,true,-1.468621,2.400011,1.046206,"(0.0148,0.9995,0.0059,0.0261)",false,0,0,0,NA,-1,-1,-1,-1,-1,-2,-2,true,-1.768713,2.234253,0.9555517,"(-0.3294,0.8505,0.4093,0.0252)",0,0,0,0,0,0,0
3,"Environment: 1, AimModifier: 1",6.343935,true,-1.465763,2.400476,1.047639,"(0.0112,0.9994,0.0073,0.0307)",false,0,0,0,NA,-1,-1,-1,-1,-1,-2,-2,true,-1.766245,2.23333,0.9600451,"(-0.3176,0.8525,0.4148,0.0192)",0,0,0,0,0,0,0
3,"Environment: 1, AimModifier: 1",6.371063,true,-1.463308,2.400825,1.049354,"(0.0119,0.9993,0.0077,0.0358)",false,0,0,0,NA,-1,-1,-1,-1,-1,-2,-2,true,-1.765194,2.232274,0.963743,"(-0.3237,0.8518,0.4115,0.0190)",0,0,0,0,0,0,0
3,"Environment: 1, AimModifier: 1",6.39882,true,-1.460933,2.401347,1.050769,"(0.0117,0.9991,0.0069,0.0399)",false,0,0,0,NA,-1,-1,-1,-1,-1,-2,-2,true,-1.763646,2.23109,0.96603,"(-0.3367,0.8512,0.4019,0.0225)",0,0,0,0,0,0,0
3,"Environment: 1, AimModifier: 1",6.427025,true,-1.458643,2.401627,1.052509,"(0.0107,0.9990,0.0080,0.0428)",false,0,0,0,NA,-1,-1,-1,-1,-1,-2,-2,true,-1.760067,2.230567,0.9681365,"(-0.3320,0.8560,0.3956,0.0232)",0,0,0,0,0,0,0
3,"Environment: 1, AimModifier: 1",6.455077,true,-1.45671,2.402175,1.05441,"(0.0102,0.9989,0.0104,0.0442)",false,0,0,0,NA,-1,-1,-1,-1,-1,-2,-2,true,-1.754153,2.230103,0.9699788,"(-0.3063,0.8652,0.3968,0.0147)",0,0,0,0,0,0,0
3,"Environment: 1, AimModifier: 1",6.482903,true,-1.455137,2.403461,1.056853,"(0.0121,0.9988,0.0142,0.0450)",false,0,0,0,NA,-1,-1,-1,-1,-1,-2,-2,true,-1.747889,2.229136,0.9712272,"(-0.2864,0.8732,0.3943,0.0092)",0,0,0,0,0,0,0
3,"Environment: 1, AimModifier: 1",6.510868,true,-1.453284,2.404044,1.059578,"(0.0103,0.9987,0.0201,0.0456)",false,0,0,0,NA,-1,-1,-1,-1,-1,-2,-2,true,-1.741868,2.227875,0.9721637,"(-0.2849,0.8778,0.3847,0.0153)",0,0,0,0,0,0,0
3,"Environment: 1, AimModifier: 1",6.538757,true,-1.451676,2.405416,1.062621,"(0.0057,0.9986,0.0255,0.0464)",false,0,0,0,NA,-1,-1,-1,-1,-1,-2,-2,true,-1.73474,2.226428,0.9737169,"(-0.2775,0.8819,0.3806,0.0191)",0,0,0,0,0,0,0
3,"Environment: 1, AimModifier: 1",6.56655,true,-1.450192,2.406681,1.066227,"(0.0006,0.9984,0.0319,0.0473)",false,0,0,0,NA,-1,-1,-1,-1,-1,-2,-2,true,-1.726625,2.224906,0.9756377,"(-0.2588,0.8881,0.3797,0.0131)",0,0,0,0,0,0,0
3,"Environment: 1, AimModifier: 1",6.594416,true,-1.449327,2.406906,1.070142,"(-0.0031,0.9982,0.0366,0.0477)",false,0,0,0,NA,-1,-1,-1,-1,-1,-2,-2,true,-1.717606,2.223243,0.9775425,"(-0.2399,0.8945,0.3772,0.0100)",0,0,0,0,0,0,0
3,"Environment: 1, AimModifier: 1",6.622046,true,-1.447977,2.406855,1.074185,"(-0.0075,0.9981,0.0400,0.0469)",false,0,0,0,NA,-1,-1,-1,-1,-1,-2,-2,true,-1.709289,2.221664,0.9790666,"(-0.2306,0.8994,0.3713,0.0085)",0,0,0,0,0,0,0
3,"Environment: 1, AimModifier: 1",6.649856,true,-1.446594,2.407176,1.078716,"(-0.0115,0.9980,0.0420,0.0452)",false,0,0,0,NA,-1,-1,-1,-1,-1,-2,-2,true,-1.700975,2.220624,0.9813458,"(-0.2229,0.9020,0.3696,0.0068)",0,0,0,0,0,0,0
3,"Environment: 1, AimModifier: 1",6.677639,true,-1.445449,2.407447,1.082897,"(-0.0159,0.9978,0.0468,0.0441)",false,0,0,0,NA,-1,-1,-1,-1,-1,-2,-2,true,-1.691555,2.22003,0.9843646,"(-0.2050,0.9055,0.3715,0.0094)",0,0,0,0,0,0,0
3,"Environment: 1, AimModifier: 1",6.705244,true,-1.4439,2.407579,1.08722,"(-0.0208,0.9976,0.0520,0.0418)",false,0,0,0,NA,-1,-1,-1,-1,-1,-2,-2,true,-1.681954,2.219253,0.9871368,"(-0.1828,0.9092,0.3741,0.0086)",0,0,0,0,0,0,0
3,"Environment: 1, AimModifier: 1",6.734283,true,-1.442539,2.40731,1.091355,"(-0.0261,0.9973,0.0559,0.0401)",false,0,0,0,NA,-1,-1,-1,-1,-1,-2,-2,true,-1.672204,2.217874,0.9891595,"(-0.1613,0.9130,0.3747,0.0087)",0,0,0,0,0,0,0
3,"Environment: 1, AimModifier: 1",6.760841,true,-1.440863,2.406554,1.095795,"(-0.0315,0.9971,0.0588,0.0371)",false,0,0,0,NA,-1,-1,-1,-1,-1,-2,-2,true,-1.663523,2.216248,0.9906479,"(-0.1430,0.9169,0.3726,0.0043)",0,0,0,0,0,0,0
3,"Environment: 1, AimModifier: 1",6.788487,true,-1.439488,2.405411,1.09996,"(-0.0386,0.9968,0.0611,0.0340)",false,0,0,0,NA,-1,-1,-1,-1,-1,-2,-2,true,-1.656212,2.214357,0.9924855,"(-0.1337,0.9202,0.3679,0.0041)",0,0,0,0,0,0,0
3,"Environment: 1, AimModifier: 1",6.816291,true,-1.437777,2.404063,1.104083,"(-0.0433,0.9965,0.0635,0.0313)",false,0,0,0,NA,-1,-1,-1,-1,-1,-2,-2,true,-1.649814,2.212201,0.9948272,"(-0.1283,0.9220,0.3654,0.0076)",0,0,0,0,0,0,0
3,"Environment: 1, AimModifier: 1",6.843627,true,-1.436141,2.402824,1.108105,"(-0.0473,0.9964,0.0639,0.0278)",false,0,0,0,NA,-1,-1,-1,-1,-1,-2,-2,true,-1.644617,2.210546,0.9974244,"(-0.1219,0.9242,0.3617,0.0142)",0,0,0,0,0,0,0
3,"Environment: 1, AimModifier: 1",6.871381,true,-1.434745,2.401242,1.111938,"(-0.0486,0.9965,0.0638,0.0246)",false,0,0,0,NA,-1,-1,-1,-1,-1,-2,-2,true,-1.641827,2.209705,1.000517,"(-0.1268,0.9253,0.3571,0.0169)",0,0,0,0,0,0,0
3,"Environment: 1, AimModifier: 1",6.899356,true,-1.433336,2.399467,1.115219,"(-0.0468,0.9965,0.0658,0.0217)",false,0,0,0,NA,-1,-1,-1,-1,-1,-2,-2,true,-1.639481,2.209642,1.004118,"(-0.1241,0.9258,0.3566,0.0187)",0,0,0,0,0,0,0
3,"Environment: 1, AimModifier: 1",6.927697,true,-1.431505,2.397727,1.118282,"(-0.0471,0.9965,0.0668,0.0174)",false,0,0,0,NA,-1,-1,-1,-1,-1,-2,-2,true,-1.637522,2.210029,1.009158,"(-0.0964,0.9242,0.3693,0.0101)",0,0,0,0,0,0,0
3,"Environment: 1, AimModifier: 1",6.955502,true,-1.4299,2.395768,1.120853,"(-0.0449,0.9966,0.0675,0.0118)",false,0,0,0,NA,-1,-1,-1,-1,-1,-2,-2,true,-1.63757,2.210999,1.013376,"(-0.0827,0.9228,0.3763,0.0020)",0,0,0,0,0,0,0
3,"Environment: 1, AimModifier: 1",6.983383,true,-1.428398,2.393493,1.123213,"(-0.0394,0.9970,0.0664,0.0045)",false,0,0,0,NA,-1,-1,-1,-1,-1,-2,-2,true,-1.639709,2.212327,1.017197,"(-0.0867,0.9210,0.3798,-0.0048)",0,0,0,0,0,0,0
3,"Environment: 1, AimModifier: 1",7.011317,true,-1.426715,2.391304,1.12515,"(-0.0329,0.9975,0.0632,-0.0010)",false,0,0,0,NA,-1,-1,-1,-1,-1,-2,-2,true,-1.641669,2.213378,1.021228,"(-0.0918,0.9191,0.3830,-0.0078)",0,0,0,0,0,0,0
3,"Environment: 1, AimModifier: 1",7.03899,true,-1.425116,2.389099,1.126712,"(-0.0265,0.9978,0.0597,-0.0060)",false,0,0,0,NA,-1,-1,-1,-1,-1,-2,-2,true,-1.643214,2.214298,1.025125,"(-0.0956,0.9173,0.3865,-0.0105)",0,0,0,0,0,0,0
3,"Environment: 1, AimModifier: 1",7.067154,true,-1.423517,2.38764,1.127375,"(-0.0166,0.9985,0.0516,-0.0093)",false,0,0,0,NA,-1,-1,-1,-1,-1,-2,-2,true,-1.64607,2.214378,1.028676,"(-0.0975,0.9165,0.3878,-0.0141)",0,0,0,0,0,0,0
3,"Environment: 1, AimModifier: 1",7.09478,true,-1.421629,2.386227,1.128007,"(-0.0078,0.9988,0.0462,-0.0118)",false,0,0,0,NA,-1,-1,-1,-1,-1,-2,-2,true,-1.648414,2.214725,1.032068,"(-0.0993,0.9152,0.3901,-0.0210)",0,0,0,0,0,0,0
3,"Environment: 1, AimModifier: 1",7.122136,true,-1.420225,2.385964,1.128278,"(0.0026,0.9990,0.0433,-0.0118)",false,0,0,0,NA,-1,-1,-1,-1,-1,-2,-2,true,-1.650744,2.214797,1.035187,"(-0.1017,0.9145,0.3905,-0.0279)",0,0,0,0,0,0,0
3,"Environment: 1, AimModifier: 1",7.150008,true,-1.418816,2.386384,1.128109,"(0.0128,0.9989,0.0443,-0.0108)",false,0,0,0,NA,-1,-1,-1,-1,-1,-2,-2,true,-1.652437,2.214602,1.038373,"(-0.0972,0.9137,0.3932,-0.0334)",0,0,0,0,0,0,0
3,"Environment: 1, AimModifier: 1",7.177756,true,-1.418672,2.38921,1.127366,"(0.0255,0.9981,0.0547,-0.0136)",false,0,0,0,NA,-1,-1,-1,-1,-1,-2,-2,true,-1.654083,2.214136,1.041326,"(-0.0898,0.9128,0.3967,-0.0378)",0,0,0,0,0,0,0
3,"Environment: 1, AimModifier: 1",7.205545,true,-1.419534,2.392849,1.127098,"(0.0347,0.9967,0.0719,-0.0174)",false,0,0,0,NA,-1,-1,-1,-1,-1,-2,-2,true,-1.656618,2.213486,1.043327,"(-0.0910,0.9133,0.3948,-0.0421)",0,0,0,0,0,0,0
3,"Environment: 1, AimModifier: 1",7.233343,true,-1.41843,2.397845,1.126294,"(0.0289,0.9946,0.0965,-0.0232)",false,0,0,0,NA,-1,-1,-1,-1,-1,-2,-2,true,-1.658794,2.212642,1.044969,"(-0.0946,0.9137,0.3930,-0.0409)",0,0,0,0,0,0,0
3,"Environment: 1, AimModifier: 1",7.261251,true,-1.41827,2.40359,1.125985,"(0.0399,0.9906,0.1291,-0.0235)",false,0,0,0,NA,-1,-1,-1,-1,-1,-2,-2,true,-1.660552,2.211864,1.045697,"(-0.0916,0.9148,0.3911,-0.0432)",0,0,0,0,0,0,0
3,"Environment: 1, AimModifier: 1",7.28816,true,-1.415717,2.410495,1.125625,"(0.0427,0.9847,0.1677,-0.0208)",false,0,0,0,NA,-1,-1,-1,-1,-1,-2,-2,true,-1.662066,2.211088,1.045428,"(-0.0835,0.9157,0.3899,-0.0496)",0,0,0,0,0,0,0
3,"Environment: 1, AimModifier: 1",7.315298,true,-1.413263,2.419737,1.12507,"(0.0427,0.9748,0.2186,-0.0158)",false,0,0,0,NA,-1,-1,-1,-1,-1,-2,-2,true,-1.663398,2.210708,1.044443,"(-0.0804,0.9171,0.3871,-0.0520)",0,0,0,0,0,0,0
3,"Environment: 1, AimModifier: 1",7.343356,true,-1.41066,2.430685,1.124163,"(0.0428,0.9563,0.2891,-0.0102)",false,0,0,0,NA,-1,-1,-1,-1,-1,-2,-2,true,-1.664513,2.210997,1.043083,"(-0.0816,0.9179,0.3848,-0.0528)",0,0,0,0,0,0,0
3,"Environment: 1, AimModifier: 1",7.371637,true,-1.40753,2.440883,1.126384,"(0.0491,0.9362,0.3479,-0.0017)",false,0,0,0,NA,-1,-1,-1,-1,-1,-2,-2,true,-1.665398,2.211428,1.041457,"(-0.0794,0.9181,0.3845,-0.0550)",0,0,0,0,0,0,0
3,"Environment: 1, AimModifier: 1",7.399512,true,-1.405002,2.445717,1.129636,"(0.0535,0.9226,0.3818,0.0104)",false,0,0,0,NA,-1,-1,-1,-1,-1,-2,-2,true,-1.665458,2.212138,1.040338,"(-0.0790,0.9180,0.3847,-0.0554)",0,0,0,0,0,0,0
3,"Environment: 1, AimModifier: 1",7.427598,true,-1.404163,2.45033,1.13094,"(0.0522,0.9134,0.4035,0.0127)",false,0,0,0,NA,-1,-1,-1,-1,-1,-2,-2,true,-1.665776,2.212772,1.03907,"(-0.0816,0.9184,0.3834,-0.0537)",0,0,0,0,0,0,0
3,"Environment: 1, AimModifier: 1",7.455549,true,-1.404044,2.454876,1.133205,"(0.0562,0.9041,0.4234,0.0133)",false,0,0,0,NA,-1,-1,-1,-1,-1,-2,-2,true,-1.666056,2.213363,1.037434,"(-0.0821,0.9187,0.3827,-0.0533)",0,0,0,0,0,0,0
3,"Environment: 1, AimModifier: 1",7.483523,true,-1.404812,2.458255,1.133416,"(0.0623,0.8969,0.4377,0.0107)",false,0,0,0,NA,-1,-1,-1,-1,-1,-2,-2,true,-1.666219,2.213779,1.033394,"(-0.0812,0.9199,0.3803,-0.0513)",0,0,0,0,0,0,0
3,"Environment: 1, AimModifier: 1",7.511591,true,-1.405745,2.460019,1.13301,"(0.0661,0.8951,0.4409,0.0084)",false,0,0,0,NA,-1,-1,-1,-1,-1,-2,-2,true,-1.665239,2.213085,1.028075,"(-0.0739,0.9225,0.3756,-0.0496)",0,0,0,0,0,0,0
3,"Environment: 1, AimModifier: 1",7.539286,true,-1.407039,2.460873,1.130955,"(0.0642,0.8956,0.4402,0.0064)",false,0,0,0,NA,-1,-1,-1,-1,-1,-2,-2,true,-1.663707,2.211865,1.022766,"(-0.0599,0.9252,0.3711,-0.0516)",0,0,0,0,0,0,0
3,"Environment: 1, AimModifier: 1",7.567151,true,-1.408787,2.460697,1.128493,"(0.0630,0.8986,0.4343,0.0038)",false,0,0,0,NA,-1,-1,-1,-1,-1,-2,-2,true,-1.662882,2.210266,1.016734,"(-0.0392,0.9256,0.3711,-0.0627)",0,0,0,0,0,0,0
3,"Environment: 1, AimModifier: 1",7.594837,true,-1.410168,2.460432,1.125875,"(0.0609,0.9015,0.4284,0.0013)",false,0,0,0,NA,-1,-1,-1,-1,-1,-2,-2,true,-1.664266,2.208534,1.008587,"(-0.0218,0.9263,0.3663,-0.0854)",0,0,0,0,0,0,0
3,"Environment: 1, AimModifier: 1",7.622699,true,-1.41167,2.45988,1.123199,"(0.0583,0.9046,0.4223,-0.0010)",false,0,0,0,NA,-1,-1,-1,-1,-1,-2,-2,true,-1.667271,2.206116,0.9980668,"(-0.0137,0.9319,0.3488,-0.0984)",0,0,0,0,0,0,0
3,"Environment: 1, AimModifier: 1",7.65035,true,-1.413667,2.458715,1.120136,"(0.0572,0.9067,0.4178,-0.0006)",false,0,0,0,NA,-1,-1,-1,-1,-1,-2,-2,true,-1.670422,2.202683,0.9787192,"(0.0040,0.9519,0.2906,-0.0966)",0,0,0,0,0,0,0
3,"Environment: 1, AimModifier: 1",7.678163,true,-1.416181,2.457555,1.11699,"(0.0563,0.9094,0.4121,-0.0017)",false,0,0,0,NA,-1,-1,-1,-1,-1,-2,-2,true,-1.6718,2.19718,0.9519749,"(0.0502,0.9687,0.2280,-0.0847)",0,0,0,0,0,0,0
3,"Environment: 1, AimModifier: 1",7.705915,true,-1.419466,2.455387,1.114114,"(0.0556,0.9141,0.4015,-0.0079)",false,0,0,0,NA,-1,-1,-1,-1,-1,-2,-2,true,-1.674832,2.185918,0.919561,"(0.1347,0.9687,0.1869,-0.0928)",0,0,0,0,0,0,0
3,"Environment: 1, AimModifier: 1",7.733634,true,-1.422756,2.452463,1.110614,"(0.0524,0.9187,0.3911,-0.0161)",false,0,0,0,NA,-1,-1,-1,-1,-1,-2,-2,true,-1.684659,2.171119,0.8806443,"(0.2033,0.9621,0.1361,-0.1201)",0,0,0,0,0,0,0
3,"Environment: 1, AimModifier: 1",7.761334,true,-1.426054,2.450005,1.107114,"(0.0511,0.9223,0.3824,-0.0236)",false,0,0,0,NA,-1,-1,-1,-1,-1,-2,-2,true,-1.699231,2.157716,0.8377799,"(0.3229,0.9074,0.1290,-0.2359)",0,0,0,0,0,0,0
3,"Environment: 1, AimModifier: 1",7.789369,true,-1.429224,2.446839,1.102873,"(0.0538,0.9261,0.3722,-0.0300)",false,0,0,0,NA,-1,-1,-1,-1,-1,-2,-2,true,-1.724659,2.145432,0.7947538,"(0.3832,0.8597,0.1342,-0.3099)",0,0,0,0,0,0,0
3,"Environment: 1, AimModifier: 1",7.817113,true,-1.432165,2.442727,1.097735,"(0.0560,0.9302,0.3611,-0.0346)",false,0,0,0,NA,-1,-1,-1,-1,-1,-2,-2,true,-1.756966,2.131457,0.7518076,"(0.4077,0.8331,0.0902,-0.3628)",0,0,0,0,0,0,0
3,"Environment: 1, AimModifier: 1",7.844688,true,-1.434989,2.438924,1.091643,"(0.0568,0.9338,0.3511,-0.0383)",false,0,0,0,NA,-1,-1,-1,-1,-1,-2,-2,true,-1.789528,2.115358,0.7078052,"(0.4397,0.7912,0.0045,-0.4250)",0,0,0,0,0,0,0
3,"Environment: 1, AimModifier: 1",7.872494,true,-1.437524,2.43535,1.084524,"(0.0549,0.9357,0.3464,-0.0398)",false,0,0,0,NA,-1,-1,-1,-1,-1,-2,-2,true,-1.81162,2.106669,0.6809581,"(0.4855,0.7449,0.0237,-0.4570)",0,0,0,0,0,0,0
3,"Environment: 1, AimModifier: 1",7.900417,true,-1.439822,2.432911,1.076831,"(0.0533,0.9374,0.3417,-0.0418)",false,0,0,0,NA,-1,-1,-1,-1,-1,-2,-2,true,-1.822411,2.099468,0.6617379,"(0.5706,0.6740,0.0446,-0.4671)",0,0,0,0,0,0,0
3,"Environment: 1, AimModifier: 1",7.928547,true,-1.441493,2.429909,1.068312,"(0.0522,0.9396,0.3358,-0.0408)",false,0,0,0,NA,-1,-1,-1,-1,-1,-2,-2,true,-1.829278,2.094343,0.6484207,"(0.5448,0.7230,0.0236,-0.4241)",0,0,0,0,0,0,0
3,"Environment: 1, AimModifier: 1",7.956333,true,-1.443296,2.427552,1.05968,"(0.0527,0.9421,0.3292,-0.0366)",false,0,0,0,NA,-1,-1,-1,-1,-1,-2,-2,true,-1.835979,2.0927,0.6374786,"(0.4972,0.7591,-0.0044,-0.4202)",0,0,0,0,0,0,0
3,"Environment: 1, AimModifier: 1",7.983586,true,-1.444377,2.42637,1.050667,"(0.0525,0.9448,0.3216,-0.0341)",false,0,0,0,NA,-1,-1,-1,-1,-1,-2,-2,true,-1.838284,2.089506,0.6280738,"(0.5267,0.7374,0.0088,-0.4228)",0,0,0,0,0,0,0
3,"Environment: 1, AimModifier: 1",8.011371,true,-1.445046,2.425724,1.04214,"(0.0511,0.9479,0.3126,-0.0325)",false,0,0,0,NA,-1,-1,-1,-1,-1,-2,-2,true,-1.836842,2.083976,0.6227432,"(0.5555,0.7244,0.0302,-0.4071)",0,0,0,0,0,0,0
3,"Environment: 1, AimModifier: 1",8.039048,true,-1.445553,2.425348,1.034125,"(0.0512,0.9508,0.3038,-0.0318)",false,0,0,0,NA,-1,-1,-1,-1,-1,-2,-2,true,-1.836325,2.07607,0.6173922,"(0.5506,0.7449,0.0115,-0.3766)",0,0,0,0,0,0,0
3,"Environment: 1, AimModifier: 1",8.066891,true,-1.445992,2.425567,1.026247,"(0.0508,0.9532,0.2966,-0.0301)",false,0,0,0,NA,-1,-1,-1,-1,-1,-2,-2,true,-1.836196,2.067534,0.6119243,"(0.5507,0.7576,-0.0176,-0.3500)",0,0,0,0,0,0,0
3,"Environment: 1, AimModifier: 1",8.094684,true,-1.446354,2.42666,1.01873,"(0.0525,0.9537,0.2950,-0.0278)",false,0,0,0,NA,-1,-1,-1,-1,-1,-2,-2,true,-1.831555,2.06048,0.6095777,"(0.5916,0.7482,-0.0015,-0.3003)",0,0,0,0,0,0,0
3,"Environment: 1, AimModifier: 1",8.122599,true,-1.447214,2.427455,1.011409,"(0.0536,0.9543,0.2930,-0.0263)",false,0,0,0,NA,-1,-1,-1,-1,-1,-2,-2,true,-1.83127,2.060485,0.6071789,"(0.6194,0.7242,0.0405,-0.3005)",0,0,0,0,0,0,0
3,"Environment: 1, AimModifier: 1",8.150393,true,-1.448104,2.42808,1.004173,"(0.0521,0.9549,0.2912,-0.0266)",false,0,0,0,NA,-1,-1,-1,-1,-1,-2,-2,true,-1.836294,2.063084,0.6041039,"(0.6178,0.7160,0.0513,-0.3210)",0,0,0,0,0,0,0
3,"Environment: 1, AimModifier: 1",8.178295,true,-1.44941,2.428866,0.9971871,"(0.0528,0.9553,0.2897,-0.0264)",false,0,0,0,NA,-1,-1,-1,-1,-1,-2,-2,true,-1.838514,2.063766,0.5994945,"(0.6096,0.7227,0.0282,-0.3244)",0,0,0,0,0,0,0
3,"Environment: 1, AimModifier: 1",8.206008,true,-1.45071,2.42929,0.9902732,"(0.0527,0.9564,0.2860,-0.0264)",false,0,0,0,NA,-1,-1,-1,-1,-1,-2,-2,true,-1.838032,2.063226,0.5958456,"(0.5850,0.7526,0.0081,-0.3022)",0,0,0,0,0,0,0
3,"Environment: 1, AimModifier: 1",8.233835,true,-1.451907,2.429634,0.9837412,"(0.0519,0.9575,0.2824,-0.0262)",false,0,0,0,NA,-1,-1,-1,-1,-1,-2,-2,true,-1.839731,2.065108,0.5929422,"(0.5762,0.7587,0.0200,-0.3032)",0,0,0,0,0,0,0
3,"Environment: 1, AimModifier: 1",8.261703,true,-1.453343,2.429613,0.9779101,"(0.0525,0.9589,0.2775,-0.0261)",false,0,0,0,NA,-1,-1,-1,-1,-1,-2,-2,true,-1.839856,2.065646,0.5905473,"(0.5653,0.7681,0.0109,-0.3005)",0,0,0,0,0,0,0
3,"Environment: 1, AimModifier: 1",8.289441,true,-1.454572,2.429447,0.9723003,"(0.0529,0.9601,0.2733,-0.0268)",false,0,0,0,NA,-1,-1,-1,-1,-1,-2,-2,true,-1.838909,2.061363,0.587667,"(0.5629,0.7847,-0.0088,-0.2594)",0,0,0,0,0,0,0
3,"Environment: 1, AimModifier: 1",8.317169,true,-1.455674,2.429105,0.9672973,"(0.0538,0.9611,0.2696,-0.0266)",false,0,0,0,NA,-1,-1,-1,-1,-1,-2,-2,true,-1.840076,2.048114,0.5827212,"(0.5777,0.7879,-0.0831,-0.1966)",0,0,0,0,0,0,0
3,"Environment: 1, AimModifier: 1",8.344708,true,-1.457151,2.429137,0.9631091,"(0.0554,0.9614,0.2681,-0.0265)",false,0,0,0,NA,-1,-1,-1,-1,-1,-2,-2,true,-1.845862,2.058028,0.5801862,"(0.4611,0.8496,-0.1245,-0.2236)",0,0,0,0,0,0,0
3,"Environment: 1, AimModifier: 1",8.372805,true,-1.458434,2.428894,0.9591351,"(0.0561,0.9616,0.2673,-0.0275)",false,0,0,0,NA,-1,-1,-1,-1,-1,-2,-2,true,-1.839569,2.061375,0.5891138,"(0.4527,0.8499,-0.1507,-0.2237)",0,0,0,0,0,0,0
3,"Environment: 1, AimModifier: 1",8.400953,true,-1.459659,2.428598,0.9555525,"(0.0558,0.9619,0.2662,-0.0273)",false,0,0,0,NA,-1,-1,-1,-1,-1,-2,-2,true,-1.844461,2.084046,0.5901345,"(0.4511,0.8524,-0.1476,-0.2194)",0,0,0,0,0,0,0
3,"Environment: 1, AimModifier: 1",8.42827,true,-1.461077,2.428109,0.9528598,"(0.0552,0.9621,0.2658,-0.0270)",false,0,0,0,NA,-1,-1,-1,-1,-1,-2,-2,true,-1.842766,2.090358,0.5908122,"(0.4547,0.8534,-0.1403,-0.2127)",0,0,0,0,0,0,0
3,"Environment: 1, AimModifier: 1",8.455794,true,-1.462329,2.427366,0.9504699,"(0.0537,0.9622,0.2654,-0.0282)",false,0,0,0,NA,-1,-1,-1,-1,-1,-2,-2,true,-1.839628,2.067663,0.5865433,"(0.4609,0.8527,-0.1319,-0.2074)",0,0,0,0,0,0,0
3,"Environment: 1, AimModifier: 1",8.483757,true,-1.463519,2.426491,0.9482647,"(0.0529,0.9625,0.2645,-0.0278)",false,0,0,0,NA,-1,-1,-1,-1,-1,-2,-2,true,-1.843559,2.059612,0.5807588,"(0.4574,0.8553,-0.1331,-0.2038)",0,0,0,0,0,0,0
3,"Environment: 1, AimModifier: 1",8.511654,true,-1.465143,2.425808,0.9463013,"(0.0531,0.9622,0.2656,-0.0280)",false,0,0,0,NA,-1,-1,-1,-1,-1,-2,-2,true,-1.845658,2.05841,0.5803742,"(0.4426,0.8619,-0.1441,-0.2012)",0,0,0,0,0,0,0
3,"Environment: 1, AimModifier: 1",8.539592,true,-1.466824,2.424939,0.9440954,"(0.0536,0.9623,0.2652,-0.0279)",false,0,0,0,NA,-1,-1,-1,-1,-1,-2,-2,true,-1.847795,2.057144,0.581041,"(0.4056,0.8833,-0.1612,-0.1708)",0,0,0,0,0,0,0
3,"Environment: 1, AimModifier: 1",8.567545,true,-1.46888,2.424294,0.9420084,"(0.0543,0.9628,0.2632,-0.0278)",false,0,0,0,NA,-1,-1,-1,-1,-1,-2,-2,true,-1.843781,2.057934,0.5812086,"(0.4641,0.8556,-0.1234,-0.1932)",0,0,0,0,0,0,0
3,"Environment: 1, AimModifier: 1",8.595313,true,-1.471044,2.423726,0.9397728,"(0.0553,0.9628,0.2628,-0.0280)",false,0,0,0,NA,-1,-1,-1,-1,-1,-2,-2,true,-1.845211,2.058694,0.5816466,"(0.4485,0.8620,-0.1355,-0.1935)",0,0,0,0,0,0,0
3,"Environment: 1, AimModifier: 1",8.623139,true,-1.473164,2.422805,0.9381453,"(0.0557,0.9627,0.2634,-0.0280)",false,0,0,0,NA,-1,-1,-1,-1,-1,-2,-2,true,-1.846825,2.058793,0.5807767,"(0.4263,0.8728,-0.1499,-0.1845)",0,0,0,0,0,0,0
3,"Environment: 1, AimModifier: 1",8.651026,true,-1.475506,2.421603,0.9367631,"(0.0545,0.9626,0.2638,-0.0288)",false,0,0,0,NA,-1,-1,-1,-1,-1,-2,-2,true,-1.845822,2.059276,0.5817216,"(0.4369,0.8680,-0.1423,-0.1883)",0,0,0,0,0,0,0
3,"Environment: 1, AimModifier: 1",8.678723,true,-1.477823,2.420027,0.9353307,"(0.0523,0.9632,0.2619,-0.0317)",false,0,0,0,NA,-1,-1,-1,-1,-1,-2,-2,true,-1.844942,2.05981,0.582223,"(0.4373,0.8680,-0.1413,-0.1880)",0,0,0,0,0,0,0
3,"Environment: 1, AimModifier: 1",8.71121,true,-1.479694,2.419081,0.9341006,"(0.0496,0.9638,0.2597,-0.0338)",false,0,0,0,NA,-1,-1,-1,-1,-1,-2,-2,true,-1.5,1.235,1,"(0.0000,1.0000,0.0000,0.0000)",-1,-1,-1,-1,-1,-2,-2
3,"Environment: 1, AimModifier: 1",8.734311,true,-1.481232,2.41827,0.9330497,"(0.0484,0.9639,0.2594,-0.0352)",false,0,0,0,NA,-1,-1,-1,-1,-1,-2,-2,true,-1.5,1.235,1,"(0.0000,1.0000,0.0000,0.0000)",-1,-1,-1,-1,-1,-2,-2
3,"Environment: 1, AimModifier: 1",8.760453,true,-1.482141,2.417722,0.9320295,"(0.0471,0.9641,0.2586,-0.0367)",false,0,0,0,NA,-1,-1,-1,-1,-1,-2,-2,true,-1.5,1.235,1,"(0.0000,1.0000,0.0000,0.0000)",-1,-1,-1,-1,-1,-2,-2
3,"Environment: 1, AimModifier: 1",8.788421,true,-1.482324,2.417099,0.9308228,"(0.0443,0.9644,0.2580,-0.0365)",false,0,0,0,NA,-1,-1,-1,-1,-1,-2,-2,true,-1.5,1.235,1,"(0.0000,1.0000,0.0000,0.0000)",-1,-1,-1,-1,-1,-2,-2
3,"Environment: 1, AimModifier: 1",8.8161,true,-1.482163,2.416983,0.9296602,"(0.0434,0.9644,0.2587,-0.0349)",false,0,0,0,NA,-1,-1,-1,-1,-1,-2,-2,true,-1.5,1.235,1,"(0.0000,1.0000,0.0000,0.0000)",-1,-1,-1,-1,-1,-2,-2
3,"Environment: 1, AimModifier: 1",8.844441,true,-1.481755,2.416953,0.9284399,"(0.0439,0.9643,0.2591,-0.0327)",false,0,0,0,NA,-1,-1,-1,-1,-1,-2,-2,true,-1.5,1.235,1,"(0.0000,1.0000,0.0000,0.0000)",-1,-1,-1,-1,-1,-2,-2
3,"Environment: 1, AimModifier: 1",8.872128,true,-1.481384,2.416847,0.9270812,"(0.0438,0.9644,0.2590,-0.0299)",false,0,0,0,NA,-1,-1,-1,-1,-1,-2,-2,true,-1.5,1.235,1,"(0.0000,1.0000,0.0000,0.0000)",-1,-1,-1,-1,-1,-2,-2
3,"Environment: 1, AimModifier: 1",8.899879,true,-1.481076,2.416935,0.925601,"(0.0434,0.9647,0.2581,-0.0282)",false,0,0,0,NA,-1,-1,-1,-1,-1,-2,-2,true,-1.5,1.235,1,"(0.0000,1.0000,0.0000,0.0000)",-1,-1,-1,-1,-1,-2,-2
3,"Environment: 1, AimModifier: 1",8.927629,true,-1.480924,2.416832,0.92483,"(0.0434,0.9651,0.2567,-0.0280)",false,0,0,0,NA,-1,-1,-1,-1,-1,-2,-2,true,-1.5,1.235,1,"(0.0000,1.0000,0.0000,0.0000)",-1,-1,-1,-1,-1,-2,-2
3,"Environment: 1, AimModifier: 1",8.955356,true,-1.480894,2.416825,0.9239455,"(0.0440,0.9654,0.2556,-0.0283)",false,0,0,0,NA,-1,-1,-1,-1,-1,-2,-2,true,-1.5,1.235,1,"(0.0000,1.0000,0.0000,0.0000)",-1,-1,-1,-1,-1,-2,-2
3,"Environment: 1, AimModifier: 1",8.983912,true,-1.480791,2.416941,0.9232145,"(0.0451,0.9656,0.2544,-0.0287)",false,0,0,0,NA,-1,-1,-1,-1,-1,-2,-2,true,-1.5,1.235,1,"(0.0000,1.0000,0.0000,0.0000)",-1,-1,-1,-1,-1,-2,-2
3,"Environment: 1, AimModifier: 1",9.011523,true,-1.480776,2.417096,0.9225361,"(0.0454,0.9658,0.2535,-0.0294)",false,0,0,0,NA,-1,-1,-1,-1,-1,-2,-2,true,-1.5,1.235,1,"(0.0000,1.0000,0.0000,0.0000)",-1,-1,-1,-1,-1,-2,-2
3,"Environment: 1, AimModifier: 1",9.038768,true,-1.480681,2.417228,0.9221351,"(0.0454,0.9657,0.2541,-0.0295)",false,0,0,0,NA,-1,-1,-1,-1,-1,-2,-2,true,-1.5,1.235,1,"(0.0000,1.0000,0.0000,0.0000)",-1,-1,-1,-1,-1,-2,-2
3,"Environment: 1, AimModifier: 1",9.052515,true,-1.480574,2.417284,0.9214556,"(0.0455,0.9655,0.2548,-0.0292)",false,0,0,0,NA,-1,-1,-1,-1,-1,-2,-2,true,-1.5,1.235,1,"(0.0000,1.0000,0.0000,0.0000)",-1,-1,-1,-1,-1,-2,-2
3,"Environment: 1, AimModifier: 1",9.066688,true,-1.480448,2.417432,0.9210834,"(0.0454,0.9655,0.2547,-0.0291)",false,0,0,0,NA,-1,-1,-1,-1,-1,-2,-2,true,-1.5,1.235,1,"(0.0000,1.0000,0.0000,0.0000)",-1,-1,-1,-1,-1,-2,-2
3,"Environment: 1, AimModifier: 1",9.081309,true,-1.480329,2.41739,0.9205617,"(0.0450,0.9654,0.2552,-0.0287)",false,0,0,0,NA,-1,-1,-1,-1,-1,-2,-2,true,-1.5,1.235,1,"(0.0000,1.0000,0.0000,0.0000)",-1,-1,-1,-1,-1,-2,-2
3,"Environment: 1, AimModifier: 1",9.095381,true,-1.480251,2.417445,0.920058,"(0.0450,0.9653,0.2557,-0.0284)",false,0,0,0,NA,-1,-1,-1,-1,-1,-2,-2,true,-1.5,1.235,1,"(0.0000,1.0000,0.0000,0.0000)",-1,-1,-1,-1,-1,-2,-2
3,"Environment: 1, AimModifier: 1",9.109605,true,-1.480297,2.417393,0.9198272,"(0.0451,0.9653,0.2557,-0.0282)",false,0,0,0,NA,-1,-1,-1,-1,-1,-2,-2,true,-1.5,1.235,1,"(0.0000,1.0000,0.0000,0.0000)",-1,-1,-1,-1,-1,-2,-2
3,"Environment: 1, AimModifier: 1",9.123381,true,-1.480249,2.417358,0.9195597,"(0.0450,0.9654,0.2552,-0.0284)",false,0,0,0,NA,-1,-1,-1,-1,-1,-2,-2,true,-1.5,1.235,1,"(0.0000,1.0000,0.0000,0.0000)",-1,-1,-1,-1,-1,-2,-2
3,"Environment: 1, AimModifier: 1",9.137748,true,-1.480218,2.417373,0.9192753,"(0.0449,0.9654,0.2553,-0.0282)",false,0,0,0,NA,-1,-1,-1,-1,-1,-2,-2,true,-1.5,1.235,1,"(0.0000,1.0000,0.0000,0.0000)",-1,-1,-1,-1,-1,-2,-2
3,"Environment: 1, AimModifier: 1",9.151789,true,-1.480228,2.417352,0.9190366,"(0.0449,0.9653,0.2556,-0.0283)",false,0,0,0,NA,-1,-1,-1,-1,-1,-2,-2,true,-1.5,1.235,1,"(0.0000,1.0000,0.0000,0.0000)",-1,-1,-1,-1,-1,-2,-2
3,"Environment: 1, AimModifier: 1",9.165697,true,-1.480234,2.417409,0.9186918,"(0.0449,0.9651,0.2562,-0.0286)",false,0,0,0,NA,-1,-1,-1,-1,-1,-2,-2,true,-1.5,1.235,1,"(0.0000,1.0000,0.0000,0.0000)",-1,-1,-1,-1,-1,-2,-2
3,"Environment: 1, AimModifier: 1",9.1803,true,-1.480268,2.417403,0.9181516,"(0.0449,0.9649,0.2571,-0.0288)",false,0,0,0,NA,-1,-1,-1,-1,-1,-2,-2,true,-1.5,1.235,1,"(0.0000,1.0000,0.0000,0.0000)",-1,-1,-1,-1,-1,-2,-2
3,"Environment: 1, AimModifier: 1",9.1939,true,-1.480233,2.417506,0.9176595,"(0.0451,0.9649,0.2570,-0.0291)",false,0,0,0,NA,-1,-1,-1,-1,-1,-2,-2,true,-1.5,1.235,1,"(0.0000,1.0000,0.0000,0.0000)",-1,-1,-1,-1,-1,-2,-2
3,"Environment: 1, AimModifier: 1",9.207865,true,-1.48025,2.417518,0.9173408,"(0.0450,0.9649,0.2572,-0.0290)",false,0,0,0,NA,-1,-1,-1,-1,-1,-2,-2,true,-1.5,1.235,1,"(0.0000,1.0000,0.0000,0.0000)",-1,-1,-1,-1,-1,-2,-2
3,"Environment: 1, AimModifier: 1",9.222108,true,-1.480212,2.41752,0.9170686,"(0.0450,0.9648,0.2573,-0.0291)",false,0,0,0,NA,-1,-1,-1,-1,-1,-2,-2,true,-1.5,1.235,1,"(0.0000,1.0000,0.0000,0.0000)",-1,-1,-1,-1,-1,-2,-2
3,"Environment: 1, AimModifier: 1",9.236243,true,-1.480314,2.417783,0.9168523,"(0.0450,0.9648,0.2576,-0.0286)",false,0,0,0,NA,-1,-1,-1,-1,-1,-2,-2,true,-1.5,1.235,1,"(0.0000,1.0000,0.0000,0.0000)",-1,-1,-1,-1,-1,-2,-2
3,"Environment: 1, AimModifier: 1",9.250373,true,-1.480281,2.417493,0.9165751,"(0.0453,0.9647,0.2578,-0.0291)",false,0,0,0,NA,-1,-1,-1,-1,-1,-2,-2,true,-1.5,1.235,1,"(0.0000,1.0000,0.0000,0.0000)",-1,-1,-1,-1,-1,-2,-2
3,"Environment: 1, AimModifier: 1",9.263929,true,-1.480398,2.417482,0.916426,"(0.0457,0.9649,0.2568,-0.0299)",false,0,0,0,NA,-1,-1,-1,-1,-1,-2,-2,true,-1.5,1.235,1,"(0.0000,1.0000,0.0000,0.0000)",-1,-1,-1,-1,-1,-2,-2
3,"Environment: 1, AimModifier: 1",9.278116,true,-1.480545,2.417423,0.9162366,"(0.0458,0.9650,0.2565,-0.0309)",false,0,0,0,NA,-1,-1,-1,-1,-1,-2,-2,true,-1.5,1.235,1,"(0.0000,1.0000,0.0000,0.0000)",-1,-1,-1,-1,-1,-2,-2
3,"Environment: 1, AimModifier: 1",9.292016,true,-1.480613,2.417397,0.9160872,"(0.0464,0.9650,0.2561,-0.0313)",false,0,0,0,NA,-1,-1,-1,-1,-1,-2,-2,false,0,0,0,NA,-1,-1,-1,-1,-1,-2,-2
3,"Environment: 1, AimModifier: 1",9.305887,true,-1.4806,2.417378,0.9159523,"(0.0462,0.9651,0.2560,-0.0313)",false,0,0,0,NA,-1,-1,-1,-1,-1,-2,-2,false,0,0,0,NA,-1,-1,-1,-1,-1,-2,-2
3,"Environment: 1, AimModifier: 1",9.320084,true,-1.480534,2.417404,0.915759,"(0.0462,0.9650,0.2562,-0.0309)",false,0,0,0,NA,-1,-1,-1,-1,-1,-2,-2,false,0,0,0,NA,-1,-1,-1,-1,-1,-2,-2
3,"Environment: 1, AimModifier: 1",9.333933,true,-1.480452,2.417481,0.9156014,"(0.0467,0.9649,0.2568,-0.0305)",false,0,0,0,NA,-1,-1,-1,-1,-1,-2,-2,false,0,0,0,NA,-1,-1,-1,-1,-1,-2,-2
3,"Environment: 1, AimModifier: 1",9.347738,true,-1.480374,2.417546,0.9155259,"(0.0469,0.9648,0.2571,-0.0302)",false,0,0,0,NA,-1,-1,-1,-1,-1,-2,-2,false,0,0,0,NA,-1,-1,-1,-1,-1,-2,-2
3,"Environment: 1, AimModifier: 1",9.361822,true,-1.480298,2.417544,0.9153629,"(0.0465,0.9647,0.2574,-0.0296)",false,0,0,0,NA,-1,-1,-1,-1,-1,-2,-2,false,0,0,0,NA,-1,-1,-1,-1,-1,-2,-2
3,"Environment: 1, AimModifier: 1",9.375826,true,-1.48024,2.417574,0.9150019,"(0.0462,0.9648,0.2573,-0.0295)",false,0,0,0,NA,-1,-1,-1,-1,-1,-2,-2,false,0,0,0,NA,-1,-1,-1,-1,-1,-2,-2
3,"Environment: 1, AimModifier: 1",9.389778,true,-1.480229,2.41762,0.9146746,"(0.0462,0.9649,0.2570,-0.0293)",false,0,0,0,NA,-1,-1,-1,-1,-1,-2,-2,false,0,0,0,NA,-1,-1,-1,-1,-1,-2,-2
3,"Environment: 1, AimModifier: 1",9.403402,true,-1.480261,2.41769,0.9145086,"(0.0465,0.9647,0.2574,-0.0295)",false,0,0,0,NA,-1,-1,-1,-1,-1,-2,-2,false,0,0,0,NA,-1,-1,-1,-1,-1,-2,-2
3,"Environment: 1, AimModifier: 1",9.417177,true,-1.480285,2.417643,0.9145029,"(0.0466,0.9648,0.2573,-0.0295)",false,0,0,0,NA,-1,-1,-1,-1,-1,-2,-2,false,0,0,0,NA,-1,-1,-1,-1,-1,-2,-2
3,"Environment: 1, AimModifier: 1",9.431071,true,-1.480299,2.417513,0.9143444,"(0.0463,0.9649,0.2570,-0.0293)",false,0,0,0,NA,-1,-1,-1,-1,-1,-2,-2,false,0,0,0,NA,-1,-1,-1,-1,-1,-2,-2
3,"Environment: 1, AimModifier: 1",9.44472,true,-1.480346,2.417368,0.9142229,"(0.0459,0.9651,0.2561,-0.0296)",false,0,0,0,NA,-1,-1,-1,-1,-1,-2,-2,false,0,0,0,NA,-1,-1,-1,-1,-1,-2,-2
3,"Environment: 1, AimModifier: 1",9.458866,true,-1.480454,2.417269,0.9141368,"(0.0462,0.9652,0.2556,-0.0298)",false,0,0,0,NA,-1,-1,-1,-1,-1,-2,-2,false,0,0,0,NA,-1,-1,-1,-1,-1,-2,-2
3,"Environment: 1, AimModifier: 1",9.472709,true,-1.480522,2.417166,0.9139881,"(0.0464,0.9653,0.2551,-0.0301)",false,0,0,0,NA,-1,-1,-1,-1,-1,-2,-2,false,0,0,0,NA,-1,-1,-1,-1,-1,-2,-2
3,"Environment: 1, AimModifier: 1",9.486418,true,-1.48054,2.417038,0.9137652,"(0.0463,0.9655,0.2545,-0.0301)",false,0,0,0,NA,-1,-1,-1,-1,-1,-2,-2,false,0,0,0,NA,-1,-1,-1,-1,-1,-2,-2
3,"Environment: 1, AimModifier: 1",9.500462,true,-1.480524,2.416971,0.9135712,"(0.0462,0.9657,0.2538,-0.0300)",false,0,0,0,NA,-1,-1,-1,-1,-1,-2,-2,false,0,0,0,NA,-1,-1,-1,-1,-1,-2,-2
3,"Environment: 1, AimModifier: 1",9.514552,true,-1.480523,2.416959,0.913404,"(0.0463,0.9657,0.2539,-0.0299)",false,0,0,0,NA,-1,-1,-1,-1,-1,-2,-2,false,0,0,0,NA,-1,-1,-1,-1,-1,-2,-2
3,"Environment: 1, AimModifier: 1",9.527774,true,-1.480508,2.416992,0.9132746,"(0.0462,0.9656,0.2539,-0.0300)",false,0,0,0,NA,-1,-1,-1,-1,-1,-2,-2,false,0,0,0,NA,-1,-1,-1,-1,-1,-2,-2
3,"Environment: 1, AimModifier: 1",9.54181,true,-1.480446,2.417062,0.9131545,"(0.0463,0.9656,0.2542,-0.0300)",false,0,0,0,NA,-1,-1,-1,-1,-1,-2,-2,false,0,0,0,NA,-1,-1,-1,-1,-1,-2,-2
3,"Environment: 1, AimModifier: 1",9.555687,true,-1.48039,2.417083,0.9130929,"(0.0461,0.9655,0.2545,-0.0300)",false,0,0,0,NA,-1,-1,-1,-1,-1,-2,-2,false,0,0,0,NA,-1,-1,-1,-1,-1,-2,-2
3,"Environment: 1, AimModifier: 1",9.569777,true,-1.480387,2.417081,0.9129247,"(0.0457,0.9656,0.2543,-0.0300)",false,0,0,0,NA,-1,-1,-1,-1,-1,-2,-2,false,0,0,0,NA,-1,-1,-1,-1,-1,-2,-2
3,"Environment: 1, AimModifier: 1",9.583565,true,-1.480432,2.417094,0.9127902,"(0.0458,0.9655,0.2544,-0.0302)",false,0,0,0,NA,-1,-1,-1,-1,-1,-2,-2,false,0,0,0,NA,-1,-1,-1,-1,-1,-2,-2
3,"Environment: 1, AimModifier: 1",9.597331,true,-1.480503,2.417153,0.9127563,"(0.0465,0.9655,0.2546,-0.0307)",false,0,0,0,NA,-1,-1,-1,-1,-1,-2,-2,false,0,0,0,NA,-1,-1,-1,-1,-1,-2,-2
3,"Environment: 1, AimModifier: 1",9.61136,true,-1.48055,2.417217,0.9127864,"(0.0467,0.9653,0.2551,-0.0310)",false,0,0,0,NA,-1,-1,-1,-1,-1,-2,-2,false,0,0,0,NA,-1,-1,-1,-1,-1,-2,-2
3,"Environment: 1, AimModifier: 1",9.625052,true,-1.480612,2.417272,0.9127659,"(0.0468,0.9652,0.2555,-0.0311)",false,0,0,0,NA,-1,-1,-1,-1,-1,-2,-2,false,0,0,0,NA,-1,-1,-1,-1,-1,-2,-2
3,"Environment: 1, AimModifier: 1",9.638841,true,-1.480682,2.417292,0.9127727,"(0.0468,0.9652,0.2554,-0.0314)",false,0,0,0,NA,-1,-1,-1,-1,-1,-2,-2,false,0,0,0,NA,-1,-1,-1,-1,-1,-2,-2
3,"Environment: 1, AimModifier: 1",9.652919,true,-1.480763,2.417288,0.9127852,"(0.0467,0.9651,0.2556,-0.0320)",false,0,0,0,NA,-1,-1,-1,-1,-1,-2,-2,false,0,0,0,NA,-1,-1,-1,-1,-1,-2,-2
3,"Environment: 1, AimModifier: 1",9.666806,true,-1.480857,2.417255,0.9127517,"(0.0470,0.9651,0.2554,-0.0323)",false,0,0,0,NA,-1,-1,-1,-1,-1,-2,-2,false,0,0,0,NA,-1,-1,-1,-1,-1,-2,-2
3,"Environment: 1, AimModifier: 1",9.680769,true,-1.480948,2.417207,0.9126738,"(0.0475,0.9651,0.2556,-0.0326)",false,0,0,0,NA,-1,-1,-1,-1,-1,-2,-2,false,0,0,0,NA,-1,-1,-1,-1,-1,-2,-2
3,"Environment: 1, AimModifier: 1",9.69477,true,-1.481013,2.417213,0.9126222,"(0.0480,0.9651,0.2555,-0.0325)",false,0,0,0,NA,-1,-1,-1,-1,-1,-2,-2,false,0,0,0,NA,-1,-1,-1,-1,-1,-2,-2
3,"Environment: 1, AimModifier: 1",9.708665,true,-1.481052,2.417298,0.9125956,"(0.0480,0.9649,0.2560,-0.0326)",false,0,0,0,NA,-1,-1,-1,-1,-1,-2,-2,false,0,0,0,NA,-1,-1,-1,-1,-1,-2,-2
3,"Environment: 1, AimModifier: 1",9.722209,true,-1.481063,2.417316,0.912567,"(0.0480,0.9649,0.2563,-0.0326)",false,0,0,0,NA,-1,-1,-1,-1,-1,-2,-2,false,0,0,0,NA,-1,-1,-1,-1,-1,-2,-2
3,"Environment: 1, AimModifier: 1",9.737141,true,-1.481055,2.417319,0.9124944,"(0.0477,0.9648,0.2566,-0.0325)",false,0,0,0,NA,-1,-1,-1,-1,-1,-2,-2,false,0,0,0,NA,-1,-1,-1,-1,-1,-2,-2
3,"Environment: 1, AimModifier: 1",9.750618,true,-1.4811,2.417339,0.9124414,"(0.0480,0.9649,0.2563,-0.0325)",false,0,0,0,NA,-1,-1,-1,-1,-1,-2,-2,false,0,0,0,NA,-1,-1,-1,-1,-1,-2,-2
3,"Environment: 1, AimModifier: 1",9.763514,true,-1.481185,2.417407,0.9123645,"(0.0481,0.9648,0.2564,-0.0329)",false,0,0,0,NA,-1,-1,-1,-1,-1,-2,-2,false,0,0,0,NA,-1,-1,-1,-1,-1,-2,-2
3,"Environment: 1, AimModifier: 1",9.7776,true,-1.481277,2.417543,0.9121748,"(0.0486,0.9647,0.2566,-0.0331)",false,0,0,0,NA,-1,-1,-1,-1,-1,-2,-2,false,0,0,0,NA,-1,-1,-1,-1,-1,-2,-2
3,"Environment: 1, AimModifier: 1",9.791353,true,-1.48136,2.417613,0.911987,"(0.0485,0.9648,0.2564,-0.0330)",false,0,0,0,NA,-1,-1,-1,-1,-1,-2,-2,false,0,0,0,NA,-1,-1,-1,-1,-1,-2,-2
3,"Environment: 1, AimModifier: 1",9.805091,true,-1.48145,2.417571,0.9119417,"(0.0478,0.9650,0.2556,-0.0335)",false,0,0,0,NA,-1,-1,-1,-1,-1,-2,-2,false,0,0,0,NA,-1,-1,-1,-1,-1,-2,-2
3,"Environment: 1, AimModifier: 1",9.820221,true,-1.481557,2.417557,0.9119098,"(0.0477,0.9649,0.2560,-0.0342)",false,0,0,0,NA,-1,-1,-1,-1,-1,-2,-2,false,0,0,0,NA,-1,-1,-1,-1,-1,-2,-2
3,"Environment: 1, AimModifier: 1",9.833248,true,-1.481708,2.417672,0.911965,"(0.0481,0.9647,0.2567,-0.0344)",false,0,0,0,NA,-1,-1,-1,-1,-1,-2,-2,false,0,0,0,NA,-1,-1,-1,-1,-1,-2,-2
3,"Environment: 1, AimModifier: 1",9.846967,true,-1.481797,2.417799,0.9120104,"(0.0484,0.9645,0.2572,-0.0341)",false,0,0,0,NA,-1,-1,-1,-1,-1,-2,-2,false,0,0,0,NA,-1,-1,-1,-1,-1,-2,-2
3,"Environment: 1, AimModifier: 1",9.861065,true,-1.481806,2.417856,0.9119689,"(0.0480,0.9646,0.2573,-0.0340)",false,0,0,0,NA,-1,-1,-1,-1,-1,-2,-2,false,0,0,0,NA,-1,-1,-1,-1,-1,-2,-2
3,"Environment: 1, AimModifier: 1",9.875174,true,-1.481828,2.417843,0.9119334,"(0.0475,0.9646,0.2571,-0.0341)",false,0,0,0,NA,-1,-1,-1,-1,-1,-2,-2,false,0,0,0,NA,-1,-1,-1,-1,-1,-2,-2
3,"Environment: 1, AimModifier: 1",9.889103,true,-1.481886,2.417842,0.911894,"(0.0475,0.9645,0.2575,-0.0342)",false,0,0,0,NA,-1,-1,-1,-1,-1,-2,-2,false,0,0,0,NA,-1,-1,-1,-1,-1,-2,-2
3,"Environment: 1, AimModifier: 1",9.902849,true,-1.48194,2.417895,0.9118843,"(0.0476,0.9646,0.2573,-0.0341)",false,0,0,0,NA,-1,-1,-1,-1,-1,-2,-2,false,0,0,0,NA,-1,-1,-1,-1,-1,-2,-2
3,"Environment: 1, AimModifier: 1",9.9169,true,-1.481966,2.417942,0.9118773,"(0.0478,0.9646,0.2570,-0.0339)",false,0,0,0,NA,-1,-1,-1,-1,-1,-2,-2,false,0,0,0,NA,-1,-1,-1,-1,-1,-2,-2
3,"Environment: 1, AimModifier: 1",9.930741,true,-1.481988,2.41796,0.9118592,"(0.0478,0.9646,0.2570,-0.0337)",false,0,0,0,NA,-1,-1,-1,-1,-1,-2,-2,false,0,0,0,NA,-1,-1,-1,-1,-1,-2,-2
3,"Environment: 1, AimModifier: 1",9.94436,true,-1.482011,2.418039,0.9118605,"(0.0478,0.9646,0.2570,-0.0336)",false,0,0,0,NA,-1,-1,-1,-1,-1,-2,-2,false,0,0,0,NA,-1,-1,-1,-1,-1,-2,-2
3,"Environment: 1, AimModifier: 1",9.958627,true,-1.482052,2.418133,0.9118987,"(0.0482,0.9646,0.2573,-0.0333)",false,0,0,0,NA,-1,-1,-1,-1,-1,-2,-2,false,0,0,0,NA,-1,-1,-1,-1,-1,-2,-2
3,"Environment: 1, AimModifier: 1",9.972567,true,-1.482026,2.418234,0.9118471,"(0.0483,0.9645,0.2574,-0.0332)",false,0,0,0,NA,-1,-1,-1,-1,-1,-2,-2,false,0,0,0,NA,-1,-1,-1,-1,-1,-2,-2
3,"Environment: 1, AimModifier: 1",9.986084,true,-1.482043,2.418373,0.9117965,"(0.0486,0.9646,0.2569,-0.0330)",false,0,0,0,NA,-1,-1,-1,-1,-1,-2,-2,false,0,0,0,NA,-1,-1,-1,-1,-1,-2,-2
3,"Environment: 1, AimModifier: 1",10.01658,true,-1.482133,2.418585,0.9119734,"(0.0490,0.9645,0.2572,-0.0335)",false,0,0,0,NA,-1,-1,-1,-1,-1,-2,-2,false,0,0,0,NA,-1,-1,-1,-1,-1,-2,-2
3,"Environment: 1, AimModifier: 1",11.21423,true,-1.489646,2.418872,0.9181627,"(0.0558,0.9654,0.2478,-0.0589)",false,0,0,0,NA,-1,-1,-1,-1,-1,-2,-2,false,0,0,0,NA,-1,-1,-1,-1,-1,-2,-2
3,"Environment: 1, AimModifier: 1",11.2266,true,-1.489305,2.418475,0.918681,"(0.0569,0.9661,0.2453,-0.0576)",false,0,0,0,NA,-1,-1,-1,-1,-1,-2,-2,false,0,0,0,NA,-1,-1,-1,-1,-1,-2,-2
3,"Environment: 1, AimModifier: 1",11.2418,true,-1.489244,2.418377,0.9188238,"(0.0575,0.9663,0.2442,-0.0583)",false,0,0,0,NA,-1,-1,-1,-1,-1,-2,-2,false,0,0,0,NA,-1,-1,-1,-1,-1,-2,-2
3,"Environment: 1, AimModifier: 1",11.25769,true,-1.489109,2.418331,0.9188477,"(0.0574,0.9664,0.2438,-0.0578)",false,0,0,0,NA,-1,-1,-1,-1,-1,-2,-2,false,0,0,0,NA,-1,-1,-1,-1,-1,-2,-2
3,"Environment: 1, AimModifier: 1",11.27136,true,-1.488896,2.418159,0.9188715,"(0.0575,0.9666,0.2430,-0.0575)",false,0,0,0,NA,-1,-1,-1,-1,-1,-2,-2,false,0,0,0,NA,-1,-1,-1,-1,-1,-2,-2
3,"Environment: 1, AimModifier: 1",11.28572,true,-1.488703,2.417911,0.9188941,"(0.0579,0.9666,0.2428,-0.0575)",false,0,0,0,NA,-1,-1,-1,-1,-1,-2,-2,false,0,0,0,NA,-1,-1,-1,-1,-1,-2,-2
3,"Environment: 1, AimModifier: 1",11.30074,true,-1.488642,2.417814,0.9188535,"(0.0573,0.9665,0.2433,-0.0576)",false,0,0,0,NA,-1,-1,-1,-1,-1,-2,-2,false,0,0,0,NA,-1,-1,-1,-1,-1,-2,-2
3,"Environment: 1, AimModifier: 1",11.31439,true,-1.48852,2.417721,0.9188702,"(0.0572,0.9664,0.2437,-0.0576)",false,0,0,0,NA,-1,-1,-1,-1,-1,-2,-2,false,0,0,0,NA,-1,-1,-1,-1,-1,-2,-2
3,"Environment: 1, AimModifier: 1",11.3289,true,-1.488399,2.417679,0.9189135,"(0.0575,0.9665,0.2434,-0.0577)",false,0,0,0,NA,-1,-1,-1,-1,-1,-2,-2,false,0,0,0,NA,-1,-1,-1,-1,-1,-2,-2
3,"Environment: 1, AimModifier: 1",11.34307,true,-1.488246,2.417606,0.9189308,"(0.0580,0.9667,0.2425,-0.0575)",false,0,0,0,NA,-1,-1,-1,-1,-1,-2,-2,false,0,0,0,NA,-1,-1,-1,-1,-1,-2,-2
3,"Environment: 1, AimModifier: 1",11.35709,true,-1.488089,2.417428,0.9189593,"(0.0578,0.9671,0.2412,-0.0573)",false,0,0,0,NA,-1,-1,-1,-1,-1,-2,-2,false,0,0,0,NA,-1,-1,-1,-1,-1,-2,-2
3,"Environment: 1, AimModifier: 1",11.37095,true,-1.487998,2.417242,0.9189509,"(0.0579,0.9674,0.2400,-0.0568)",false,0,0,0,NA,-1,-1,-1,-1,-1,-2,-2,false,0,0,0,NA,-1,-1,-1,-1,-1,-2,-2
3,"Environment: 1, AimModifier: 1",11.38505,true,-1.487937,2.417041,0.918951,"(0.0572,0.9677,0.2389,-0.0571)",false,0,0,0,NA,-1,-1,-1,-1,-1,-2,-2,false,0,0,0,NA,-1,-1,-1,-1,-1,-2,-2
3,"Environment: 1, AimModifier: 1",11.39924,true,-1.487901,2.416914,0.9189814,"(0.0573,0.9678,0.2384,-0.0575)",false,0,0,0,NA,-1,-1,-1,-1,-1,-2,-2,false,0,0,0,NA,-1,-1,-1,-1,-1,-2,-2
3,"Environment: 1, AimModifier: 1",11.4132,true,-1.487936,2.41691,0.9190128,"(0.0575,0.9678,0.2381,-0.0575)",false,0,0,0,NA,-1,-1,-1,-1,-1,-2,-2,false,0,0,0,NA,-1,-1,-1,-1,-1,-2,-2
3,"Environment: 1, AimModifier: 1",11.42714,true,-1.487828,2.416715,0.9190759,"(0.0574,0.9682,0.2366,-0.0575)",false,0,0,0,NA,-1,-1,-1,-1,-1,-2,-2,false,0,0,0,NA,-1,-1,-1,-1,-1,-2,-2
3,"Environment: 1, AimModifier: 1",11.44096,true,-1.487713,2.416467,0.919055,"(0.0570,0.9685,0.2355,-0.0576)",false,0,0,0,NA,-1,-1,-1,-1,-1,-2,-2,false,0,0,0,NA,-1,-1,-1,-1,-1,-2,-2
3,"Environment: 1, AimModifier: 1",11.45496,true,-1.487655,2.416267,0.918991,"(0.0559,0.9687,0.2350,-0.0580)",false,0,0,0,NA,-1,-1,-1,-1,-1,-2,-2,false,0,0,0,NA,-1,-1,-1,-1,-1,-2,-2
3,"Environment: 1, AimModifier: 1",11.46857,true,-1.487616,2.41607,0.9188966,"(0.0554,0.9688,0.2343,-0.0580)",false,0,0,0,NA,-1,-1,-1,-1,-1,-2,-2,false,0,0,0,NA,-1,-1,-1,-1,-1,-2,-2
3,"Environment: 1, AimModifier: 1",11.48269,true,-1.487519,2.41583,0.9188077,"(0.0551,0.9693,0.2327,-0.0579)",false,0,0,0,NA,-1,-1,-1,-1,-1,-2,-2,false,0,0,0,NA,-1,-1,-1,-1,-1,-2,-2
3,"Environment: 1, AimModifier: 1",11.49653,true,-1.487373,2.415549,0.9187099,"(0.0542,0.9698,0.2309,-0.0574)",false,0,0,0,NA,-1,-1,-1,-1,-1,-2,-2,false,0,0,0,NA,-1,-1,-1,-1,-1,-2,-2
3,"Environment: 1, AimModifier: 1",11.51037,true,-1.487272,2.415209,0.9186682,"(0.0539,0.9702,0.2294,-0.0571)",false,0,0,0,NA,-1,-1,-1,-1,-1,-2,-2,false,0,0,0,NA,-1,-1,-1,-1,-1,-2,-2
3,"Environment: 1, AimModifier: 1",11.52413,true,-1.48718,2.414867,0.9186289,"(0.0528,0.9706,0.2277,-0.0572)",false,0,0,0,NA,-1,-1,-1,-1,-1,-2,-2,false,0,0,0,NA,-1,-1,-1,-1,-1,-2,-2
3,"Environment: 1, AimModifier: 1",11.53809,true,-1.487146,2.414434,0.9185599,"(0.0520,0.9709,0.2268,-0.0572)",false,0,0,0,NA,-1,-1,-1,-1,-1,-2,-2,false,0,0,0,NA,-1,-1,-1,-1,-1,-2,-2
3,"Environment: 1, AimModifier: 1",11.55182,true,-1.487133,2.414289,0.9185072,"(0.0520,0.9713,0.2250,-0.0567)",false,0,0,0,NA,-1,-1,-1,-1,-1,-2,-2,false,0,0,0,NA,-1,-1,-1,-1,-1,-2,-2
3,"Environment: 1, AimModifier: 1",11.56592,true,-1.487184,2.413983,0.9184238,"(0.0516,0.9716,0.2238,-0.0565)",false,0,0,0,NA,-1,-1,-1,-1,-1,-2,-2,false,0,0,0,NA,-1,-1,-1,-1,-1,-2,-2
3,"Environment: 1, AimModifier: 1",11.57985,true,-1.487281,2.413848,0.9182814,"(0.0509,0.9717,0.2234,-0.0568)",false,0,0,0,NA,-1,-1,-1,-1,-1,-2,-2,false,0,0,0,NA,-1,-1,-1,-1,-1,-2,-2
3,"Environment: 1, AimModifier: 1",11.59352,true,-1.487178,2.413677,0.9181675,"(0.0511,0.9720,0.2222,-0.0574)",false,0,0,0,NA,-1,-1,-1,-1,-1,-2,-2,false,0,0,0,NA,-1,-1,-1,-1,-1,-2,-2
3,"Environment: 1, AimModifier: 1",11.60748,true,-1.487174,2.413526,0.9182658,"(0.0509,0.9722,0.2214,-0.0577)",false,0,0,0,NA,-1,-1,-1,-1,-1,-2,-2,false,0,0,0,NA,-1,-1,-1,-1,-1,-2,-2
3,"Environment: 1, AimModifier: 1",11.62151,true,-1.48706,2.413396,0.918348,"(0.0505,0.9723,0.2208,-0.0578)",false,0,0,0,NA,-1,-1,-1,-1,-1,-2,-2,false,0,0,0,NA,-1,-1,-1,-1,-1,-2,-2
3,"Environment: 1, AimModifier: 1",11.63526,true,-1.486876,2.413249,0.9184225,"(0.0503,0.9726,0.2197,-0.0578)",false,0,0,0,NA,-1,-1,-1,-1,-1,-2,-2,false,0,0,0,NA,-1,-1,-1,-1,-1,-2,-2
3,"Environment: 1, AimModifier: 1",11.64933,true,-1.48661,2.413075,0.9184586,"(0.0500,0.9727,0.2190,-0.0577)",false,0,0,0,NA,-1,-1,-1,-1,-1,-2,-2,false,0,0,0,NA,-1,-1,-1,-1,-1,-2,-2
3,"Environment: 1, AimModifier: 1",11.66313,true,-1.486262,2.412868,0.9184318,"(0.0500,0.9731,0.2175,-0.0571)",false,0,0,0,NA,-1,-1,-1,-1,-1,-2,-2,false,0,0,0,NA,-1,-1,-1,-1,-1,-2,-2
3,"Environment: 1, AimModifier: 1",11.67689,true,-1.485708,2.41232,0.918285,"(0.0497,0.9736,0.2155,-0.0562)",false,0,0,0,NA,-1,-1,-1,-1,-1,-2,-2,false,0,0,0,NA,-1,-1,-1,-1,-1,-2,-2
3,"Environment: 1, AimModifier: 1",11.69079,true,-1.485227,2.411869,0.917905,"(0.0487,0.9742,0.2133,-0.0556)",false,0,0,0,NA,-1,-1,-1,-1,-1,-2,-2,false,0,0,0,NA,-1,-1,-1,-1,-1,-2,-2
3,"Environment: 1, AimModifier: 1",11.70492,true,-1.484784,2.411311,0.9176957,"(0.0481,0.9748,0.2107,-0.0547)",false,0,0,0,NA,-1,-1,-1,-1,-1,-2,-2,false,0,0,0,NA,-1,-1,-1,-1,-1,-2,-2
3,"Environment: 1, AimModifier: 1",11.71873,true,-1.484284,2.410667,0.9175326,"(0.0474,0.9759,0.2062,-0.0532)",false,0,0,0,NA,-1,-1,-1,-1,-1,-2,-2,false,0,0,0,NA,-1,-1,-1,-1,-1,-2,-2
3,"Environment: 1, AimModifier: 1",11.73254,true,-1.483701,2.409744,0.9171162,"(0.0480,0.9774,0.1992,-0.0514)",false,0,0,0,NA,-1,-1,-1,-1,-1,-2,-2,false,0,0,0,NA,-1,-1,-1,-1,-1,-2,-2
3,"Environment: 1, AimModifier: 1",11.74671,true,-1.483065,2.408354,0.9168297,"(0.0463,0.9791,0.1919,-0.0498)",false,0,0,0,NA,-1,-1,-1,-1,-1,-2,-2,false,0,0,0,NA,-1,-1,-1,-1,-1,-2,-2
3,"Environment: 1, AimModifier: 1",11.76053,true,-1.482587,2.406679,0.9162633,"(0.0456,0.9813,0.1806,-0.0479)",false,0,0,0,NA,-1,-1,-1,-1,-1,-2,-2,false,0,0,0,NA,-1,-1,-1,-1,-1,-2,-2
3,"Environment: 1, AimModifier: 1",11.77436,true,-1.482059,2.404002,0.9156443,"(0.0438,0.9840,0.1664,-0.0459)",false,0,0,0,NA,-1,-1,-1,-1,-1,-2,-2,false,0,0,0,NA,-1,-1,-1,-1,-1,-2,-2
3,"Environment: 1, AimModifier: 1",11.78848,true,-1.481196,2.40085,0.9150291,"(0.0402,0.9873,0.1476,-0.0438)",false,0,0,0,NA,-1,-1,-1,-1,-1,-2,-2,false,0,0,0,NA,-1,-1,-1,-1,-1,-2,-2
3,"Environment: 1, AimModifier: 1",11.80232,true,-1.480083,2.396828,0.914641,"(0.0323,0.9909,0.1238,-0.0408)",false,0,0,0,NA,-1,-1,-1,-1,-1,-2,-2,false,0,0,0,NA,-1,-1,-1,-1,-1,-2,-2
3,"Environment: 1, AimModifier: 1",11.81614,true,-1.479086,2.393049,0.9143351,"(0.0218,0.9942,0.0984,-0.0384)",false,0,0,0,NA,-1,-1,-1,-1,-1,-2,-2,false,0,0,0,NA,-1,-1,-1,-1,-1,-2,-2
3,"Environment: 1, AimModifier: 1",11.83034,true,-1.478858,2.388969,0.9130495,"(0.0094,0.9960,0.0807,-0.0359)",false,0,0,0,NA,-1,-1,-1,-1,-1,-2,-2,false,0,0,0,NA,-1,-1,-1,-1,-1,-2,-2
3,"Environment: 1, AimModifier: 1",11.84429,true,-1.477736,2.385586,0.9121685,"(-0.0002,0.9971,0.0666,-0.0361)",false,0,0,0,NA,-1,-1,-1,-1,-1,-2,-2,false,0,0,0,NA,-1,-1,-1,-1,-1,-2,-2
3,"Environment: 1, AimModifier: 1",11.85808,true,-1.477069,2.383492,0.9126671,"(-0.0046,0.9980,0.0525,-0.0354)",false,0,0,0,NA,-1,-1,-1,-1,-1,-2,-2,false,0,0,0,NA,-1,-1,-1,-1,-1,-2,-2
3,"Environment: 1, AimModifier: 1",11.87179,true,-1.476681,2.381757,0.9125471,"(-0.0035,0.9987,0.0391,-0.0326)",false,0,0,0,NA,-1,-1,-1,-1,-1,-2,-2,false,0,0,0,NA,-1,-1,-1,-1,-1,-2,-2
3,"Environment: 1, AimModifier: 1",11.88574,true,-1.476328,2.378749,0.9115096,"(0.0015,0.9991,0.0288,-0.0305)",false,0,0,0,NA,-1,-1,-1,-1,-1,-2,-2,false,0,0,0,NA,-1,-1,-1,-1,-1,-2,-2
3,"Environment: 1, AimModifier: 1",11.89967,true,-1.47583,2.37544,0.9113348,"(0.0009,0.9994,0.0196,-0.0285)",false,0,0,0,NA,-1,-1,-1,-1,-1,-2,-2,false,0,0,0,NA,-1,-1,-1,-1,-1,-2,-2
3,"Environment: 1, AimModifier: 1",11.91341,true,-1.475345,2.371542,0.9115143,"(0.0035,0.9996,0.0075,-0.0274)",false,0,0,0,NA,-1,-1,-1,-1,-1,-2,-2,false,0,0,0,NA,-1,-1,-1,-1,-1,-2,-2
3,"Environment: 1, AimModifier: 1",11.92744,true,-1.4753,2.367419,0.9121662,"(0.0040,0.9996,-0.0060,-0.0284)",false,0,0,0,NA,-1,-1,-1,-1,-1,-2,-2,false,0,0,0,NA,-1,-1,-1,-1,-1,-2,-2
3,"Environment: 1, AimModifier: 1",11.94123,true,-1.47552,2.363857,0.9132668,"(0.0008,0.9993,-0.0174,-0.0323)",false,0,0,0,NA,-1,-1,-1,-1,-1,-2,-2,false,0,0,0,NA,-1,-1,-1,-1,-1,-2,-2
3,"Environment: 1, AimModifier: 1",11.95524,true,-1.47505,2.361838,0.9150756,"(-0.0001,0.9988,-0.0290,-0.0396)",false,0,0,0,NA,-1,-1,-1,-1,-1,-2,-2,false,0,0,0,NA,-1,-1,-1,-1,-1,-2,-2
3,"Environment: 1, AimModifier: 1",11.96932,true,-1.475098,2.361362,0.9166713,"(0.0065,0.9980,-0.0438,-0.0442)",false,0,0,0,NA,-1,-1,-1,-1,-1,-2,-2,false,0,0,0,NA,-1,-1,-1,-1,-1,-2,-2
3,"Environment: 1, AimModifier: 1",11.98327,true,-1.475132,2.359865,0.9168773,"(0.0096,0.9976,-0.0524,-0.0435)",false,0,0,0,NA,-1,-1,-1,-1,-1,-2,-2,false,0,0,0,NA,-1,-1,-1,-1,-1,-2,-2
3,"Environment: 1, AimModifier: 1",11.99693,true,-1.474484,2.359166,0.9164885,"(0.0133,0.9974,-0.0577,-0.0403)",false,0,0,0,NA,-1,-1,-1,-1,-1,-2,-2,false,0,0,0,NA,-1,-1,-1,-1,-1,-2,-2
3,"Environment: 1, AimModifier: 1",12.01065,true,-1.473881,2.35913,0.9163639,"(0.0182,0.9976,-0.0557,-0.0369)",false,0,0,0,NA,-1,-1,-1,-1,-1,-2,-2,false,0,0,0,NA,-1,-1,-1,-1,-1,-2,-2
3,"Environment: 1, AimModifier: 1",12.02475,true,-1.473148,2.359358,0.9166644,"(0.0246,0.9976,-0.0528,-0.0365)",false,0,0,0,NA,-1,-1,-1,-1,-1,-2,-2,false,0,0,0,NA,-1,-1,-1,-1,-1,-2,-2
3,"Environment: 1, AimModifier: 1",12.03872,true,-1.472558,2.359025,0.9176784,"(0.0284,0.9978,-0.0500,-0.0341)",false,0,0,0,NA,-1,-1,-1,-1,-1,-2,-2,false,0,0,0,NA,-1,-1,-1,-1,-1,-2,-2
3,"Environment: 1, AimModifier: 1",12.05244,true,-1.471334,2.358943,0.9184447,"(0.0271,0.9978,-0.0496,-0.0354)",false,0,0,0,NA,-1,-1,-1,-1,-1,-2,-2,false,0,0,0,NA,-1,-1,-1,-1,-1,-2,-2
3,"Environment: 1, AimModifier: 1",12.06656,true,-1.470332,2.358994,0.9194844,"(0.0284,0.9977,-0.0497,-0.0360)",false,0,0,0,NA,-1,-1,-1,-1,-1,-2,-2,false,0,0,0,NA,-1,-1,-1,-1,-1,-2,-2
3,"Environment: 1, AimModifier: 1",12.08036,true,-1.469002,2.359667,0.9203572,"(0.0232,0.9979,-0.0496,-0.0359)",false,0,0,0,NA,-1,-1,-1,-1,-1,-2,-2,false,0,0,0,NA,-1,-1,-1,-1,-1,-2,-2
3,"Environment: 1, AimModifier: 1",12.09429,true,-1.468826,2.361163,0.920879,"(0.0225,0.9982,-0.0450,-0.0331)",false,0,0,0,NA,-1,-1,-1,-1,-1,-2,-2,false,0,0,0,NA,-1,-1,-1,-1,-1,-2,-2
3,"Environment: 1, AimModifier: 1",12.10819,true,-1.46814,2.362313,0.9216989,"(0.0230,0.9983,-0.0436,-0.0319)",false,0,0,0,NA,-1,-1,-1,-1,-1,-2,-2,false,0,0,0,NA,-1,-1,-1,-1,-1,-2,-2
3,"Environment: 1, AimModifier: 1",12.12226,true,-1.467616,2.363472,0.9224951,"(0.0241,0.9984,-0.0409,-0.0306)",false,0,0,0,NA,-1,-1,-1,-1,-1,-2,-2,false,0,0,0,NA,-1,-1,-1,-1,-1,-2,-2
3,"Environment: 1, AimModifier: 1",12.13598,true,-1.468035,2.363446,0.9249887,"(0.0299,0.9983,-0.0392,-0.0303)",false,0,0,0,NA,-1,-1,-1,-1,-1,-2,-2,false,0,0,0,NA,-1,-1,-1,-1,-1,-2,-2
3,"Environment: 1, AimModifier: 1",12.14993,true,-1.467942,2.36438,0.9262148,"(0.0314,0.9983,-0.0381,-0.0300)",false,0,0,0,NA,-1,-1,-1,-1,-1,-2,-2,false,0,0,0,NA,-1,-1,-1,-1,-1,-2,-2
3,"Environment: 1, AimModifier: 1",12.16414,true,-1.468838,2.365829,0.9260308,"(0.0393,0.9981,-0.0315,-0.0349)",false,0,0,0,NA,-1,-1,-1,-1,-1,-2,-2,false,0,0,0,NA,-1,-1,-1,-1,-1,-2,-2
3,"Environment: 1, AimModifier: 1",12.17758,true,-1.467085,2.368403,0.9276273,"(0.0466,0.9976,-0.0311,-0.0411)",false,0,0,0,NA,-1,-1,-1,-1,-1,-2,-2,false,0,0,0,NA,-1,-1,-1,-1,-1,-2,-2
3,"Environment: 1, AimModifier: 1",12.19125,true,-1.468787,2.366738,0.9282883,"(0.0483,0.9979,-0.0267,-0.0342)",false,0,0,0,NA,-1,-1,-1,-1,-1,-2,-2,false,0,0,0,NA,-1,-1,-1,-1,-1,-2,-2
3,"Environment: 1, AimModifier: 1",12.2052,true,-1.468262,2.368334,0.9299463,"(0.0514,0.9976,-0.0266,-0.0392)",false,0,0,0,NA,-1,-1,-1,-1,-1,-2,-2,false,0,0,0,NA,-1,-1,-1,-1,-1,-2,-2
3,"Environment: 1, AimModifier: 1",12.21907,true,-1.468503,2.367504,0.9303767,"(0.0507,0.9977,-0.0230,-0.0389)",false,0,0,0,NA,-1,-1,-1,-1,-1,-2,-2,false,0,0,0,NA,-1,-1,-1,-1,-1,-2,-2
3,"Environment: 1, AimModifier: 1",12.2329,true,-1.468511,2.367809,0.931438,"(0.0489,0.9978,-0.0220,-0.0382)",false,0,0,0,NA,-1,-1,-1,-1,-1,-2,-2,false,0,0,0,NA,-1,-1,-1,-1,-1,-2,-2
3,"Environment: 1, AimModifier: 1",12.24718,true,-1.468222,2.368261,0.9325905,"(0.0479,0.9979,-0.0232,-0.0374)",false,0,0,0,NA,-1,-1,-1,-1,-1,-2,-2,false,0,0,0,NA,-1,-1,-1,-1,-1,-2,-2
3,"Environment: 1, AimModifier: 1",12.26116,true,-1.467843,2.368476,0.9334437,"(0.0441,0.9981,-0.0242,-0.0358)",false,0,0,0,NA,-1,-1,-1,-1,-1,-2,-2,false,0,0,0,NA,-1,-1,-1,-1,-1,-2,-2
3,"Environment: 1, AimModifier: 1",12.27489,true,-1.467704,2.368636,0.9339147,"(0.0402,0.9983,-0.0237,-0.0352)",false,0,0,0,NA,-1,-1,-1,-1,-1,-2,-2,false,0,0,0,NA,-1,-1,-1,-1,-1,-2,-2
3,"Environment: 1, AimModifier: 1",12.28926,true,-1.467234,2.368694,0.9345109,"(0.0360,0.9985,-0.0229,-0.0351)",false,0,0,0,NA,-1,-1,-1,-1,-1,-2,-2,false,0,0,0,NA,-1,-1,-1,-1,-1,-2,-2
3,"Environment: 1, AimModifier: 1",12.30318,true,-1.46724,2.368658,0.9353155,"(0.0327,0.9986,-0.0231,-0.0344)",false,0,0,0,NA,-1,-1,-1,-1,-1,-2,-2,false,0,0,0,NA,-1,-1,-1,-1,-1,-2,-2
3,"Environment: 1, AimModifier: 1",12.3167,true,-1.467098,2.368952,0.9362866,"(0.0299,0.9987,-0.0247,-0.0333)",false,0,0,0,NA,-1,-1,-1,-1,-1,-2,-2,false,0,0,0,NA,-1,-1,-1,-1,-1,-2,-2
3,"Environment: 1, AimModifier: 1",12.33038,true,-1.466316,2.369138,0.9367226,"(0.0249,0.9988,-0.0270,-0.0322)",false,0,0,0,NA,-1,-1,-1,-1,-1,-2,-2,false,0,0,0,NA,-1,-1,-1,-1,-1,-2,-2
3,"Environment: 1, AimModifier: 1",12.3445,true,-1.466045,2.368799,0.9374028,"(0.0196,0.9989,-0.0296,-0.0296)",false,0,0,0,NA,-1,-1,-1,-1,-1,-2,-2,false,0,0,0,NA,-1,-1,-1,-1,-1,-2,-2
3,"Environment: 1, AimModifier: 1",12.35828,true,-1.465343,2.368213,0.9381318,"(0.0115,0.9990,-0.0329,-0.0273)",false,0,0,0,NA,-1,-1,-1,-1,-1,-2,-2,false,0,0,0,NA,-1,-1,-1,-1,-1,-2,-2
3,"Environment: 1, AimModifier: 1",12.37218,true,-1.464602,2.368074,0.9388057,"(0.0024,0.9990,-0.0375,-0.0230)",false,0,0,0,NA,-1,-1,-1,-1,-1,-2,-2,false,0,0,0,NA,-1,-1,-1,-1,-1,-2,-2
3,"Environment: 1, AimModifier: 1",12.38626,true,-1.464494,2.367704,0.939731,"(-0.0041,0.9990,-0.0390,-0.0203)",false,0,0,0,NA,-1,-1,-1,-1,-1,-2,-2,false,0,0,0,NA,-1,-1,-1,-1,-1,-2,-2
3,"Environment: 1, AimModifier: 1",12.4003,true,-1.464568,2.367656,0.9402155,"(-0.0071,0.9990,-0.0398,-0.0180)",false,0,0,0,NA,-1,-1,-1,-1,-1,-2,-2,false,0,0,0,NA,-1,-1,-1,-1,-1,-2,-2
3,"Environment: 1, AimModifier: 1",12.41419,true,-1.4647,2.367605,0.9411061,"(-0.0075,0.9990,-0.0420,-0.0164)",false,0,0,0,NA,-1,-1,-1,-1,-1,-2,-2,false,0,0,0,NA,-1,-1,-1,-1,-1,-2,-2
3,"Environment: 1, AimModifier: 1",12.42825,true,-1.465491,2.367314,0.9426451,"(-0.0060,0.9987,-0.0488,-0.0167)",false,0,0,0,NA,-1,-1,-1,-1,-1,-2,-2,false,0,0,0,NA,-1,-1,-1,-1,-1,-2,-2
3,"Environment: 1, AimModifier: 1",12.44212,true,-1.465381,2.366992,0.9436311,"(-0.0089,0.9984,-0.0532,-0.0174)",false,0,0,0,NA,-1,-1,-1,-1,-1,-2,-2,false,0,0,0,NA,-1,-1,-1,-1,-1,-2,-2
3,"Environment: 1, AimModifier: 1",12.45597,true,-1.465592,2.3671,0.944203,"(-0.0093,0.9983,-0.0550,-0.0176)",false,0,0,0,NA,-1,-1,-1,-1,-1,-2,-2,false,0,0,0,NA,-1,-1,-1,-1,-1,-2,-2
3,"Environment: 1, AimModifier: 1",12.47,true,-1.470319,2.359553,0.9429449,"(0.0025,0.9994,-0.0206,-0.0278)",false,0,0,0,NA,-1,-1,-1,-1,-1,-2,-2,false,0,0,0,NA,-1,-1,-1,-1,-1,-2,-2
3,"Environment: 1, AimModifier: 1",12.48411,true,-1.470554,2.369242,0.9467092,"(-0.0068,0.9983,-0.0550,-0.0192)",false,0,0,0,NA,-1,-1,-1,-1,-1,-2,-2,false,0,0,0,NA,-1,-1,-1,-1,-1,-2,-2
3,"Environment: 1, AimModifier: 1",12.49776,true,-1.466171,2.36734,0.9466969,"(0.0080,0.9979,-0.0585,-0.0275)",false,0,0,0,NA,-1,-1,-1,-1,-1,-2,-2,false,0,0,0,NA,-1,-1,-1,-1,-1,-2,-2
3,"Environment: 1, AimModifier: 1",12.5115,true,-1.466093,2.368231,0.9487457,"(0.0031,0.9978,-0.0597,-0.0298)",false,0,0,0,NA,-1,-1,-1,-1,-1,-2,-2,false,0,0,0,NA,-1,-1,-1,-1,-1,-2,-2
3,"Environment: 1, AimModifier: 1",12.52564,true,-1.466033,2.368805,0.9492078,"(0.0044,0.9976,-0.0610,-0.0316)",false,0,0,0,NA,-1,-1,-1,-1,-1,-2,-2,false,0,0,0,NA,-1,-1,-1,-1,-1,-2,-2
3,"Environment: 1, AimModifier: 1",12.53951,true,-1.465598,2.36976,0.9499711,"(0.0050,0.9976,-0.0602,-0.0343)",false,0,0,0,NA,-1,-1,-1,-1,-1,-2,-2,false,0,0,0,NA,-1,-1,-1,-1,-1,-2,-2
3,"Environment: 1, AimModifier: 1",12.5533,true,-1.464995,2.370086,0.951239,"(0.0029,0.9976,-0.0587,-0.0358)",false,0,0,0,NA,-1,-1,-1,-1,-1,-2,-2,false,0,0,0,NA,-1,-1,-1,-1,-1,-2,-2
3,"Environment: 1, AimModifier: 1",12.56748,true,-1.464215,2.370899,0.9523852,"(0.0004,0.9977,-0.0568,-0.0362)",false,0,0,0,NA,-1,-1,-1,-1,-1,-2,-2,false,0,0,0,NA,-1,-1,-1,-1,-1,-2,-2
3,"Environment: 1, AimModifier: 1",12.58144,true,-1.46407,2.371937,0.9535204,"(-0.0005,0.9979,-0.0532,-0.0357)",false,0,0,0,NA,-1,-1,-1,-1,-1,-2,-2,false,0,0,0,NA,-1,-1,-1,-1,-1,-2,-2
3,"Environment: 1, AimModifier: 1",12.5951,true,-1.463689,2.373099,0.9548518,"(-0.0002,0.9981,-0.0495,-0.0358)",false,0,0,0,NA,-1,-1,-1,-1,-1,-2,-2,false,0,0,0,NA,-1,-1,-1,-1,-1,-2,-2
3,"Environment: 1, AimModifier: 1",12.60928,true,-1.46316,2.373795,0.9562246,"(0.0028,0.9982,-0.0483,-0.0357)",false,0,0,0,NA,-1,-1,-1,-1,-1,-2,-2,false,0,0,0,NA,-1,-1,-1,-1,-1,-2,-2
3,"Environment: 1, AimModifier: 1",12.62334,true,-1.462829,2.374507,0.9580064,"(0.0037,0.9982,-0.0490,-0.0348)",false,0,0,0,NA,-1,-1,-1,-1,-1,-2,-2,false,0,0,0,NA,-1,-1,-1,-1,-1,-2,-2
3,"Environment: 1, AimModifier: 1",12.63668,true,-1.462605,2.374902,0.9597933,"(0.0043,0.9981,-0.0505,-0.0351)",false,0,0,0,NA,-1,-1,-1,-1,-1,-2,-2,false,0,0,0,NA,-1,-1,-1,-1,-1,-2,-2
3,"Environment: 1, AimModifier: 1",12.65052,true,-1.462569,2.375152,0.9619254,"(0.0055,0.9979,-0.0532,-0.0363)",false,0,0,0,NA,-1,-1,-1,-1,-1,-2,-2,false,0,0,0,NA,-1,-1,-1,-1,-1,-2,-2
3,"Environment: 1, AimModifier: 1",12.66477,true,-1.462623,2.375667,0.964251,"(0.0099,0.9976,-0.0576,-0.0372)",false,0,0,0,NA,-1,-1,-1,-1,-1,-2,-2,false,0,0,0,NA,-1,-1,-1,-1,-1,-2,-2
3,"Environment: 1, AimModifier: 1",12.67849,true,-1.462225,2.376747,0.9667929,"(0.0098,0.9973,-0.0607,-0.0395)",false,0,0,0,NA,-1,-1,-1,-1,-1,-2,-2,false,0,0,0,NA,-1,-1,-1,-1,-1,-2,-2
3,"Environment: 1, AimModifier: 1",12.69214,true,-1.461988,2.377584,0.9688258,"(0.0097,0.9972,-0.0620,-0.0417)",false,0,0,0,NA,-1,-1,-1,-1,-1,-2,-2,false,0,0,0,NA,-1,-1,-1,-1,-1,-2,-2
3,"Environment: 1, AimModifier: 1",12.70624,true,-1.461719,2.378191,0.9712207,"(0.0097,0.9970,-0.0635,-0.0435)",false,0,0,0,NA,-1,-1,-1,-1,-1,-2,-2,false,0,0,0,NA,-1,-1,-1,-1,-1,-2,-2
3,"Environment: 1, AimModifier: 1",12.72022,true,-1.461161,2.378539,0.9738184,"(0.0118,0.9966,-0.0678,-0.0450)",false,0,0,0,NA,-1,-1,-1,-1,-1,-2,-2,false,0,0,0,NA,-1,-1,-1,-1,-1,-2,-2
3,"Environment: 1, AimModifier: 1",12.73399,true,-1.460405,2.379382,0.9765393,"(0.0123,0.9962,-0.0729,-0.0457)",false,0,0,0,NA,-1,-1,-1,-1,-1,-2,-2,false,0,0,0,NA,-1,-1,-1,-1,-1,-2,-2
3,"Environment: 1, AimModifier: 1",12.74816,true,-1.460104,2.379803,0.979311,"(0.0098,0.9962,-0.0730,-0.0467)",false,0,0,0,NA,-1,-1,-1,-1,-1,-2,-2,false,0,0,0,NA,-1,-1,-1,-1,-1,-2,-2
3,"Environment: 1, AimModifier: 1",12.76202,true,-1.459737,2.380636,0.9817428,"(0.0068,0.9962,-0.0704,-0.0509)",false,0,0,0,NA,-1,-1,-1,-1,-1,-2,-2,false,0,0,0,NA,-1,-1,-1,-1,-1,-2,-2
3,"Environment: 1, AimModifier: 1",12.77588,true,-1.459817,2.381742,0.9846949,"(0.0060,0.9960,-0.0689,-0.0558)",false,0,0,0,NA,-1,-1,-1,-1,-1,-2,-2,false,0,0,0,NA,-1,-1,-1,-1,-1,-2,-2
3,"Environment: 1, AimModifier: 1",12.78991,true,-1.460061,2.382747,0.9878805,"(0.0066,0.9958,-0.0688,-0.0607)",false,0,0,0,NA,-1,-1,-1,-1,-1,-2,-2,false,0,0,0,NA,-1,-1,-1,-1,-1,-2,-2
3,"Environment: 1, AimModifier: 1",12.80393,true,-1.46028,2.383268,0.9910586,"(0.0057,0.9955,-0.0684,-0.0658)",false,0,0,0,NA,-1,-1,-1,-1,-1,-2,-2,false,0,0,0,NA,-1,-1,-1,-1,-1,-2,-2
3,"Environment: 1, AimModifier: 1",12.81761,true,-1.460852,2.383893,0.9941786,"(0.0057,0.9951,-0.0677,-0.0719)",false,0,0,0,NA,-1,-1,-1,-1,-1,-2,-2,false,0,0,0,NA,-1,-1,-1,-1,-1,-2,-2
3,"Environment: 1, AimModifier: 1",12.83111,true,-1.461572,2.384644,0.9972947,"(0.0081,0.9946,-0.0671,-0.0791)",false,0,0,0,NA,-1,-1,-1,-1,-1,-2,-2,false,0,0,0,NA,-1,-1,-1,-1,-1,-2,-2
3,"Environment: 1, AimModifier: 1",12.84515,true,-1.462481,2.385134,1.000801,"(0.0115,0.9939,-0.0666,-0.0875)",false,0,0,0,NA,-1,-1,-1,-1,-1,-2,-2,false,0,0,0,NA,-1,-1,-1,-1,-1,-2,-2
3,"Environment: 1, AimModifier: 1",12.85915,true,-1.46318,2.385442,1.004204,"(0.0141,0.9929,-0.0677,-0.0965)",false,0,0,0,NA,-1,-1,-1,-1,-1,-2,-2,false,0,0,0,NA,-1,-1,-1,-1,-1,-2,-2
3,"Environment: 1, AimModifier: 1",12.87286,true,-1.463749,2.385951,1.007264,"(0.0166,0.9919,-0.0687,-0.1055)",false,0,0,0,NA,-1,-1,-1,-1,-1,-2,-2,false,0,0,0,NA,-1,-1,-1,-1,-1,-2,-2
3,"Environment: 1, AimModifier: 1",12.88697,true,-1.464422,2.386607,1.009863,"(0.0201,0.9910,-0.0671,-0.1140)",false,0,0,0,NA,-1,-1,-1,-1,-1,-2,-2,false,0,0,0,NA,-1,-1,-1,-1,-1,-2,-2
3,"Environment: 1, AimModifier: 1",12.90083,true,-1.465295,2.387249,1.011964,"(0.0244,0.9902,-0.0621,-0.1223)",false,0,0,0,NA,-1,-1,-1,-1,-1,-2,-2,false,0,0,0,NA,-1,-1,-1,-1,-1,-2,-2
3,"Environment: 1, AimModifier: 1",12.91463,true,-1.465975,2.387268,1.01448,"(0.0277,0.9894,-0.0574,-0.1304)",false,0,0,0,NA,-1,-1,-1,-1,-1,-2,-2,false,0,0,0,NA,-1,-1,-1,-1,-1,-2,-2
3,"Environment: 1, AimModifier: 1",12.92878,true,-1.46616,2.385987,1.018193,"(0.0303,0.9885,-0.0546,-0.1376)",false,0,0,0,NA,-1,-1,-1,-1,-1,-2,-2,false,0,0,0,NA,-1,-1,-1,-1,-1,-2,-2
3,"Environment: 1, AimModifier: 1",12.94279,true,-1.466031,2.385227,1.022092,"(0.0309,0.9873,-0.0585,-0.1442)",false,0,0,0,NA,-1,-1,-1,-1,-1,-2,-2,false,0,0,0,NA,-1,-1,-1,-1,-1,-2,-2
3,"Environment: 1, AimModifier: 1",12.95664,true,-1.465627,2.384008,1.02591,"(0.0278,0.9862,-0.0620,-0.1512)",false,0,0,0,NA,-1,-1,-1,-1,-1,-2,-2,false,0,0,0,NA,-1,-1,-1,-1,-1,-2,-2
3,"Environment: 1, AimModifier: 1",12.9703,true,-1.465611,2.38324,1.029379,"(0.0261,0.9852,-0.0639,-0.1566)",false,0,0,0,NA,-1,-1,-1,-1,-1,-2,-2,false,0,0,0,NA,-1,-1,-1,-1,-1,-2,-2
3,"Environment: 1, AimModifier: 1",12.9844,true,-1.465814,2.382758,1.032668,"(0.0272,0.9845,-0.0647,-0.1609)",false,0,0,0,NA,-1,-1,-1,-1,-1,-2,-2,false,0,0,0,NA,-1,-1,-1,-1,-1,-2,-2
3,"Environment: 1, AimModifier: 1",12.99825,true,-1.466312,2.382085,1.03604,"(0.0293,0.9839,-0.0638,-0.1646)",false,0,0,0,NA,-1,-1,-1,-1,-1,-2,-2,false,0,0,0,NA,-1,-1,-1,-1,-1,-2,-2
3,"Environment: 1, AimModifier: 1",13.012,true,-1.466784,2.381349,1.038989,"(0.0319,0.9832,-0.0633,-0.1680)",false,0,0,0,NA,-1,-1,-1,-1,-1,-2,-2,false,0,0,0,NA,-1,-1,-1,-1,-1,-2,-2
3,"Environment: 1, AimModifier: 1",13.02615,true,-1.466651,2.380217,1.042252,"(0.0338,0.9824,-0.0655,-0.1715)",false,0,0,0,NA,-1,-1,-1,-1,-1,-2,-2,false,0,0,0,NA,-1,-1,-1,-1,-1,-2,-2
3,"Environment: 1, AimModifier: 1",13.04015,true,-1.466237,2.378721,1.045688,"(0.0330,0.9817,-0.0690,-0.1743)",false,0,0,0,NA,-1,-1,-1,-1,-1,-2,-2,false,0,0,0,NA,-1,-1,-1,-1,-1,-2,-2
3,"Environment: 1, AimModifier: 1",13.05381,true,-1.465768,2.377115,1.048309,"(0.0294,0.9810,-0.0721,-0.1776)",false,0,0,0,NA,-1,-1,-1,-1,-1,-2,-2,false,0,0,0,NA,-1,-1,-1,-1,-1,-2,-2
3,"Environment: 1, AimModifier: 1",13.06788,true,-1.465449,2.375582,1.050576,"(0.0263,0.9805,-0.0729,-0.1805)",false,0,0,0,NA,-1,-1,-1,-1,-1,-2,-2,false,0,0,0,NA,-1,-1,-1,-1,-1,-2,-2
3,"Environment: 1, AimModifier: 1",13.08178,true,-1.465361,2.374032,1.053094,"(0.0245,0.9800,-0.0733,-0.1832)",false,0,0,0,NA,-1,-1,-1,-1,-1,-2,-2,false,0,0,0,NA,-1,-1,-1,-1,-1,-2,-2
3,"Environment: 1, AimModifier: 1",13.09562,true,-1.465905,2.372929,1.055327,"(0.0245,0.9794,-0.0753,-0.1856)",false,0,0,0,NA,-1,-1,-1,-1,-1,-2,-2,false,0,0,0,NA,-1,-1,-1,-1,-1,-2,-2
3,"Environment: 1, AimModifier: 1",13.10943,true,-1.465956,2.370979,1.057967,"(0.0245,0.9786,-0.0765,-0.1893)",false,0,0,0,NA,-1,-1,-1,-1,-1,-2,-2,false,0,0,0,NA,-1,-1,-1,-1,-1,-2,-2
3,"Environment: 1, AimModifier: 1",13.12341,true,-1.466007,2.369351,1.060414,"(0.0237,0.9779,-0.0779,-0.1925)",false,0,0,0,NA,-1,-1,-1,-1,-1,-2,-2,false,0,0,0,NA,-1,-1,-1,-1,-1,-2,-2
3,"Environment: 1, AimModifier: 1",13.13714,true,-1.465328,2.366552,1.063364,"(0.0240,0.9766,-0.0894,-0.1943)",false,0,0,0,NA,-1,-1,-1,-1,-1,-2,-2,false,0,0,0,NA,-1,-1,-1,-1,-1,-2,-2
3,"Environment: 1, AimModifier: 1",13.15098,true,-1.464833,2.364386,1.065944,"(0.0237,0.9756,-0.0944,-0.1966)",false,0,0,0,NA,-1,-1,-1,-1,-1,-2,-2,false,0,0,0,NA,-1,-1,-1,-1,-1,-2,-2
3,"Environment: 1, AimModifier: 1",13.16498,true,-1.464428,2.362299,1.067491,"(0.0239,0.9758,-0.0981,-0.1940)",false,0,0,0,NA,-1,-1,-1,-1,-1,-2,-2,false,0,0,0,NA,-1,-1,-1,-1,-1,-2,-2
3,"Environment: 1, AimModifier: 1",13.17878,true,-1.464052,2.36068,1.069084,"(0.0234,0.9757,-0.0999,-0.1935)",false,0,0,0,NA,-1,-1,-1,-1,-1,-2,-2,false,0,0,0,NA,-1,-1,-1,-1,-1,-2,-2
3,"Environment: 1, AimModifier: 1",13.19234,true,-1.463673,2.358894,1.070747,"(0.0227,0.9756,-0.1025,-0.1930)",false,0,0,0,NA,-1,-1,-1,-1,-1,-2,-2,false,0,0,0,NA,-1,-1,-1,-1,-1,-2,-2
3,"Environment: 1, AimModifier: 1",13.2064,true,-1.463019,2.357388,1.072244,"(0.0216,0.9755,-0.1046,-0.1922)",false,0,0,0,NA,-1,-1,-1,-1,-1,-2,-2,false,0,0,0,NA,-1,-1,-1,-1,-1,-2,-2
3,"Environment: 1, AimModifier: 1",13.22017,true,-1.462688,2.356299,1.073223,"(0.0207,0.9759,-0.1049,-0.1905)",false,0,0,0,NA,-1,-1,-1,-1,-1,-2,-2,false,0,0,0,NA,-1,-1,-1,-1,-1,-2,-2
3,"Environment: 1, AimModifier: 1",13.23399,true,-1.462401,2.354818,1.074258,"(0.0196,0.9762,-0.1039,-0.1893)",false,0,0,0,NA,-1,-1,-1,-1,-1,-2,-2,false,0,0,0,NA,-1,-1,-1,-1,-1,-2,-2
3,"Environment: 1, AimModifier: 1",13.24828,true,-1.461971,2.353262,1.075509,"(0.0183,0.9763,-0.1039,-0.1888)",false,0,0,0,NA,-1,-1,-1,-1,-1,-2,-2,false,0,0,0,NA,-1,-1,-1,-1,-1,-2,-2
3,"Environment: 1, AimModifier: 1",13.26213,true,-1.461401,2.352167,1.076972,"(0.0168,0.9763,-0.1065,-0.1877)",false,0,0,0,NA,-1,-1,-1,-1,-1,-2,-2,false,0,0,0,NA,-1,-1,-1,-1,-1,-2,-2
3,"Environment: 1, AimModifier: 1",13.27603,true,-1.460984,2.351015,1.078061,"(0.0155,0.9763,-0.1083,-0.1869)",false,0,0,0,NA,-1,-1,-1,-1,-1,-2,-2,false,0,0,0,NA,-1,-1,-1,-1,-1,-2,-2
3,"Environment: 1, AimModifier: 1",13.29034,true,-1.460744,2.350064,1.079071,"(0.0150,0.9765,-0.1084,-0.1859)",false,0,0,0,NA,-1,-1,-1,-1,-1,-2,-2,false,0,0,0,NA,-1,-1,-1,-1,-1,-2,-2
3,"Environment: 1, AimModifier: 1",13.30409,true,-1.460495,2.349053,1.080387,"(0.0157,0.9767,-0.1090,-0.1842)",false,0,0,0,NA,-1,-1,-1,-1,-1,-2,-2,false,0,0,0,NA,-1,-1,-1,-1,-1,-2,-2
3,"Environment: 1, AimModifier: 1",13.31795,true,-1.460218,2.348476,1.081543,"(0.0155,0.9766,-0.1112,-0.1832)",false,0,0,0,NA,-1,-1,-1,-1,-1,-2,-2,false,0,0,0,NA,-1,-1,-1,-1,-1,-2,-2
3,"Environment: 1, AimModifier: 1",13.33175,true,-1.460171,2.347933,1.082293,"(0.0156,0.9766,-0.1129,-0.1822)",false,0,0,0,NA,-1,-1,-1,-1,-1,-2,-2,false,0,0,0,NA,-1,-1,-1,-1,-1,-2,-2
3,"Environment: 1, AimModifier: 1",13.34582,true,-1.460045,2.347222,1.083074,"(0.0156,0.9767,-0.1131,-0.1815)",false,0,0,0,NA,-1,-1,-1,-1,-1,-2,-2,false,0,0,0,NA,-1,-1,-1,-1,-1,-2,-2
3,"Environment: 1, AimModifier: 1",13.35979,true,-1.459837,2.34646,1.083778,"(0.0159,0.9769,-0.1147,-0.1797)",false,0,0,0,NA,-1,-1,-1,-1,-1,-2,-2,false,0,0,0,NA,-1,-1,-1,-1,-1,-2,-2
3,"Environment: 1, AimModifier: 1",13.3737,true,-1.459581,2.345492,1.084482,"(0.0158,0.9770,-0.1175,-0.1774)",false,0,0,0,NA,-1,-1,-1,-1,-1,-2,-2,false,0,0,0,NA,-1,-1,-1,-1,-1,-2,-2
3,"Environment: 1, AimModifier: 1",13.38774,true,-1.459372,2.344755,1.085125,"(0.0143,0.9768,-0.1224,-0.1752)",false,0,0,0,NA,-1,-1,-1,-1,-1,-2,-2,false,0,0,0,NA,-1,-1,-1,-1,-1,-2,-2
3,"Environment: 1, AimModifier: 1",13.40157,true,-1.459439,2.343851,1.085334,"(0.0118,0.9766,-0.1264,-0.1737)",false,0,0,0,NA,-1,-1,-1,-1,-1,-2,-2,false,0,0,0,NA,-1,-1,-1,-1,-1,-2,-2
3,"Environment: 1, AimModifier: 1",13.41566,true,-1.459472,2.343169,1.085392,"(0.0102,0.9762,-0.1303,-0.1728)",false,0,0,0,NA,-1,-1,-1,-1,-1,-2,-2,false,0,0,0,NA,-1,-1,-1,-1,-1,-2,-2
3,"Environment: 1, AimModifier: 1",13.42948,true,-1.459609,2.342042,1.085572,"(0.0093,0.9759,-0.1341,-0.1718)",false,0,0,0,NA,-1,-1,-1,-1,-1,-2,-2,false,0,0,0,NA,-1,-1,-1,-1,-1,-2,-2
3,"Environment: 1, AimModifier: 1",13.44336,true,-1.459745,2.341025,1.085637,"(0.0091,0.9753,-0.1405,-0.1704)",false,0,0,0,NA,-1,-1,-1,-1,-1,-2,-2,false,0,0,0,NA,-1,-1,-1,-1,-1,-2,-2
3,"Environment: 1, AimModifier: 1",13.4571,true,-1.459823,2.339487,1.085574,"(0.0080,0.9746,-0.1472,-0.1689)",false,0,0,0,NA,-1,-1,-1,-1,-1,-2,-2,false,0,0,0,NA,-1,-1,-1,-1,-1,-2,-2
3,"Environment: 1, AimModifier: 1",13.47083,true,-1.459849,2.338317,1.085005,"(0.0062,0.9735,-0.1554,-0.1678)",false,0,0,0,NA,-1,-1,-1,-1,-1,-2,-2,false,0,0,0,NA,-1,-1,-1,-1,-1,-2,-2
3,"Environment: 1, AimModifier: 1",13.48483,true,-1.459928,2.337034,1.084635,"(0.0042,0.9725,-0.1617,-0.1673)",false,0,0,0,NA,-1,-1,-1,-1,-1,-2,-2,false,0,0,0,NA,-1,-1,-1,-1,-1,-2,-2
3,"Environment: 1, AimModifier: 1",13.49881,true,-1.460173,2.335772,1.083945,"(0.0036,0.9716,-0.1687,-0.1660)",false,0,0,0,NA,-1,-1,-1,-1,-1,-2,-2,false,0,0,0,NA,-1,-1,-1,-1,-1,-2,-2
3,"Environment: 1, AimModifier: 1",13.5125,true,-1.460415,2.334492,1.08325,"(0.0032,0.9706,-0.1763,-0.1640)",false,0,0,0,NA,-1,-1,-1,-1,-1,-2,-2,false,0,0,0,NA,-1,-1,-1,-1,-1,-2,-2
3,"Environment: 1, AimModifier: 1",13.52654,true,-1.460394,2.333168,1.082021,"(0.0025,0.9694,-0.1836,-0.1632)",false,0,0,0,NA,-1,-1,-1,-1,-1,-2,-2,false,0,0,0,NA,-1,-1,-1,-1,-1,-2,-2
3,"Environment: 1, AimModifier: 1",13.54056,true,-1.460442,2.332046,1.080635,"(0.0017,0.9682,-0.1900,-0.1626)",false,0,0,0,NA,-1,-1,-1,-1,-1,-2,-2,false,0,0,0,NA,-1,-1,-1,-1,-1,-2,-2
3,"Environment: 1, AimModifier: 1",13.55439,true,-1.460598,2.330962,1.079003,"(0.0007,0.9672,-0.1947,-0.1631)",false,0,0,0,NA,-1,-1,-1,-1,-1,-2,-2,false,0,0,0,NA,-1,-1,-1,-1,-1,-2,-2
3,"Environment: 1, AimModifier: 1",13.56855,true,-1.461033,2.330383,1.077361,"(0.0017,0.9662,-0.2017,-0.1607)",false,0,0,0,NA,-1,-1,-1,-1,-1,-2,-2,false,0,0,0,NA,-1,-1,-1,-1,-1,-2,-2
3,"Environment: 1, AimModifier: 1",13.58251,true,-1.460648,2.329459,1.075766,"(0.0031,0.9651,-0.2074,-0.1601)",false,0,0,0,NA,-1,-1,-1,-1,-1,-2,-2,false,0,0,0,NA,-1,-1,-1,-1,-1,-2,-2
3,"Environment: 1, AimModifier: 1",13.59625,true,-1.460518,2.328468,1.073811,"(0.0023,0.9644,-0.2112,-0.1590)",false,0,0,0,NA,-1,-1,-1,-1,-1,-2,-2,false,0,0,0,NA,-1,-1,-1,-1,-1,-2,-2
3,"Environment: 1, AimModifier: 1",13.61002,true,-1.460404,2.327702,1.071789,"(0.0019,0.9637,-0.2149,-0.1581)",false,0,0,0,NA,-1,-1,-1,-1,-1,-2,-2,false,0,0,0,NA,-1,-1,-1,-1,-1,-2,-2
3,"Environment: 1, AimModifier: 1",13.6241,true,-1.460542,2.326815,1.069754,"(0.0026,0.9633,-0.2180,-0.1568)",false,0,0,0,NA,-1,-1,-1,-1,-1,-2,-2,false,0,0,0,NA,-1,-1,-1,-1,-1,-2,-2
3,"Environment: 1, AimModifier: 1",13.63775,true,-1.460425,2.326081,1.067974,"(0.0026,0.9623,-0.2225,-0.1565)",false,0,0,0,NA,-1,-1,-1,-1,-1,-2,-2,false,0,0,0,NA,-1,-1,-1,-1,-1,-2,-2
3,"Environment: 1, AimModifier: 1",13.65158,true,-1.460336,2.325456,1.066159,"(0.0025,0.9613,-0.2271,-0.1561)",false,0,0,0,NA,-1,-1,-1,-1,-1,-2,-2,false,0,0,0,NA,-1,-1,-1,-1,-1,-2,-2
3,"Environment: 1, AimModifier: 1",13.66571,true,-1.460509,2.324747,1.064206,"(0.0025,0.9605,-0.2305,-0.1559)",false,0,0,0,NA,-1,-1,-1,-1,-1,-2,-2,false,0,0,0,NA,-1,-1,-1,-1,-1,-2,-2
3,"Environment: 1, AimModifier: 1",13.67965,true,-1.46085,2.324459,1.062263,"(0.0027,0.9597,-0.2334,-0.1563)",false,0,0,0,NA,-1,-1,-1,-1,-1,-2,-2,false,0,0,0,NA,-1,-1,-1,-1,-1,-2,-2
3,"Environment: 1, AimModifier: 1",13.69337,true,-1.461171,2.324053,1.060433,"(0.0026,0.9592,-0.2351,-0.1572)",false,0,0,0,NA,-1,-1,-1,-1,-1,-2,-2,false,0,0,0,NA,-1,-1,-1,-1,-1,-2,-2
3,"Environment: 1, AimModifier: 1",13.70747,true,-1.460961,2.323729,1.058367,"(0.0022,0.9586,-0.2366,-0.1587)",false,0,0,0,NA,-1,-1,-1,-1,-1,-2,-2,false,0,0,0,NA,-1,-1,-1,-1,-1,-2,-2
3,"Environment: 1, AimModifier: 1",13.72165,true,-1.460784,2.323627,1.056233,"(0.0010,0.9580,-0.2387,-0.1587)",false,0,0,0,NA,-1,-1,-1,-1,-1,-2,-2,false,0,0,0,NA,-1,-1,-1,-1,-1,-2,-2
3,"Environment: 1, AimModifier: 1",13.73533,true,-1.460613,2.323506,1.053926,"(-0.0004,0.9580,-0.2393,-0.1583)",false,0,0,0,NA,-1,-1,-1,-1,-1,-2,-2,false,0,0,0,NA,-1,-1,-1,-1,-1,-2,-2
3,"Environment: 1, AimModifier: 1",13.74934,true,-1.46059,2.323517,1.051795,"(-0.0008,0.9582,-0.2391,-0.1573)",false,0,0,0,NA,-1,-1,-1,-1,-1,-2,-2,false,0,0,0,NA,-1,-1,-1,-1,-1,-2,-2
3,"Environment: 1, AimModifier: 1",13.76304,true,-1.460368,2.323719,1.050189,"(-0.0012,0.9587,-0.2379,-0.1562)",false,0,0,0,NA,-1,-1,-1,-1,-1,-2,-2,false,0,0,0,NA,-1,-1,-1,-1,-1,-2,-2
3,"Environment: 1, AimModifier: 1",13.78058,true,-1.460268,2.324159,1.047872,"(-0.0015,0.9590,-0.2375,-0.1545)",false,0,0,0,NA,-1,-1,-1,-1,-1,-2,-2,false,0,0,0,NA,-1,-1,-1,-1,-1,-2,-2
3,"Environment: 1, AimModifier: 1",13.7907,true,-1.459963,2.324769,1.046149,"(-0.0019,0.9593,-0.2378,-0.1523)",false,0,0,0,NA,-1,-1,-1,-1,-1,-2,-2,false,0,0,0,NA,-1,-1,-1,-1,-1,-2,-2
3,"Environment: 1, AimModifier: 1",13.80645,true,-1.459578,2.325083,1.044248,"(-0.0035,0.9598,-0.2369,-0.1507)",false,0,0,0,NA,-1,-1,-1,-1,-1,-2,-2,false,0,0,0,NA,-1,-1,-1,-1,-1,-2,-2
3,"Environment: 1, AimModifier: 1",13.82034,true,-1.459279,2.325694,1.042388,"(-0.0041,0.9603,-0.2357,-0.1491)",false,0,0,0,NA,-1,-1,-1,-1,-1,-2,-2,false,0,0,0,NA,-1,-1,-1,-1,-1,-2,-2
3,"Environment: 1, AimModifier: 1",13.83369,true,-1.459063,2.326225,1.040692,"(-0.0035,0.9609,-0.2343,-0.1477)",false,0,0,0,NA,-1,-1,-1,-1,-1,-2,-2,false,0,0,0,NA,-1,-1,-1,-1,-1,-2,-2
3,"Environment: 1, AimModifier: 1",13.84758,true,-1.458856,2.3269,1.039344,"(-0.0022,0.9612,-0.2340,-0.1458)",false,0,0,0,NA,-1,-1,-1,-1,-1,-2,-2,false,0,0,0,NA,-1,-1,-1,-1,-1,-2,-2
3,"Environment: 1, AimModifier: 1",13.86109,true,-1.458557,2.327495,1.037994,"(-0.0010,0.9613,-0.2348,-0.1443)",false,0,0,0,NA,-1,-1,-1,-1,-1,-2,-2,false,0,0,0,NA,-1,-1,-1,-1,-1,-2,-2
3,"Environment: 1, AimModifier: 1",13.87445,true,-1.458194,2.327921,1.036732,"(-0.0008,0.9614,-0.2349,-0.1432)",false,0,0,0,NA,-1,-1,-1,-1,-1,-2,-2,false,0,0,0,NA,-1,-1,-1,-1,-1,-2,-2
3,"Environment: 1, AimModifier: 1",13.88835,true,-1.457882,2.32837,1.03549,"(-0.0009,0.9616,-0.2349,-0.1419)",false,0,0,0,NA,-1,-1,-1,-1,-1,-2,-2,false,0,0,0,NA,-1,-1,-1,-1,-1,-2,-2
3,"Environment: 1, AimModifier: 1",13.90195,true,-1.457615,2.328755,1.03414,"(-0.0011,0.9617,-0.2353,-0.1408)",false,0,0,0,NA,-1,-1,-1,-1,-1,-2,-2,false,0,0,0,NA,-1,-1,-1,-1,-1,-2,-2
3,"Environment: 1, AimModifier: 1",13.91535,true,-1.457276,2.329093,1.03293,"(-0.0006,0.9617,-0.2358,-0.1401)",false,0,0,0,NA,-1,-1,-1,-1,-1,-2,-2,false,0,0,0,NA,-1,-1,-1,-1,-1,-2,-2
3,"Environment: 1, AimModifier: 1",13.92897,true,-1.456945,2.329386,1.031628,"(-0.0010,0.9617,-0.2358,-0.1398)",false,0,0,0,NA,-1,-1,-1,-1,-1,-2,-2,false,0,0,0,NA,-1,-1,-1,-1,-1,-2,-2
3,"Environment: 1, AimModifier: 1",13.94288,true,-1.456563,2.329824,1.030247,"(-0.0001,0.9618,-0.2362,-0.1386)",false,0,0,0,NA,-1,-1,-1,-1,-1,-2,-2,false,0,0,0,NA,-1,-1,-1,-1,-1,-2,-2
3,"Environment: 1, AimModifier: 1",13.95655,true,-1.456174,2.329939,1.028991,"(0.0007,0.9619,-0.2361,-0.1377)",false,0,0,0,NA,-1,-1,-1,-1,-1,-2,-2,false,0,0,0,NA,-1,-1,-1,-1,-1,-2,-2
3,"Environment: 1, AimModifier: 1",13.97037,true,-1.455828,2.330294,1.027911,"(0.0015,0.9620,-0.2363,-0.1368)",false,0,0,0,NA,-1,-1,-1,-1,-1,-2,-2,false,0,0,0,NA,-1,-1,-1,-1,-1,-2,-2
3,"Environment: 1, AimModifier: 1",13.9842,true,-1.455662,2.330721,1.02672,"(0.0031,0.9622,-0.2362,-0.1356)",false,0,0,0,NA,-1,-1,-1,-1,-1,-2,-2,false,0,0,0,NA,-1,-1,-1,-1,-1,-2,-2
3,"Environment: 1, AimModifier: 1",13.9983,true,-1.455591,2.330971,1.025599,"(0.0053,0.9627,-0.2349,-0.1344)",false,0,0,0,NA,-1,-1,-1,-1,-1,-2,-2,false,0,0,0,NA,-1,-1,-1,-1,-1,-2,-2
3,"Environment: 1, AimModifier: 1",14.01191,true,-1.455352,2.331348,1.024581,"(0.0081,0.9630,-0.2342,-0.1334)",false,0,0,0,NA,-1,-1,-1,-1,-1,-2,-2,false,0,0,0,NA,-1,-1,-1,-1,-1,-2,-2
3,"Environment: 1, AimModifier: 1",14.02587,true,-1.455071,2.331739,1.023449,"(0.0096,0.9633,-0.2328,-0.1333)",false,0,0,0,NA,-1,-1,-1,-1,-1,-2,-2,false,0,0,0,NA,-1,-1,-1,-1,-1,-2,-2
3,"Environment: 1, AimModifier: 1",14.03968,true,-1.454607,2.332061,1.022628,"(0.0107,0.9639,-0.2303,-0.1330)",false,0,0,0,NA,-1,-1,-1,-1,-1,-2,-2,false,0,0,0,NA,-1,-1,-1,-1,-1,-2,-2
3,"Environment: 1, AimModifier: 1",14.0535,true,-1.453849,2.332679,1.022088,"(0.0113,0.9642,-0.2295,-0.1321)",false,0,0,0,NA,-1,-1,-1,-1,-1,-2,-2,false,0,0,0,NA,-1,-1,-1,-1,-1,-2,-2
3,"Environment: 1, AimModifier: 1",14.06753,true,-1.45324,2.333535,1.021345,"(0.0116,0.9648,-0.2277,-0.1309)",false,0,0,0,NA,-1,-1,-1,-1,-1,-2,-2,false,0,0,0,NA,-1,-1,-1,-1,-1,-2,-2
3,"Environment: 1, AimModifier: 1",14.08158,true,-1.45293,2.334558,1.020636,"(0.0119,0.9659,-0.2235,-0.1302)",false,0,0,0,NA,-1,-1,-1,-1,-1,-2,-2,false,0,0,0,NA,-1,-1,-1,-1,-1,-2,-2
3,"Environment: 1, AimModifier: 1",14.09538,true,-1.452589,2.335722,1.020139,"(0.0127,0.9670,-0.2191,-0.1296)",false,0,0,0,NA,-1,-1,-1,-1,-1,-2,-2,false,0,0,0,NA,-1,-1,-1,-1,-1,-2,-2
3,"Environment: 1, AimModifier: 1",14.10925,true,-1.451936,2.33697,1.020256,"(0.0138,0.9681,-0.2140,-0.1292)",false,0,0,0,NA,-1,-1,-1,-1,-1,-2,-2,false,0,0,0,NA,-1,-1,-1,-1,-1,-2,-2
3,"Environment: 1, AimModifier: 1",14.12314,true,-1.451335,2.33831,1.020445,"(0.0148,0.9694,-0.2087,-0.1283)",false,0,0,0,NA,-1,-1,-1,-1,-1,-2,-2,false,0,0,0,NA,-1,-1,-1,-1,-1,-2,-2
3,"Environment: 1, AimModifier: 1",14.13684,true,-1.450896,2.340065,1.020658,"(0.0166,0.9708,-0.2025,-0.1276)",false,0,0,0,NA,-1,-1,-1,-1,-1,-2,-2,false,0,0,0,NA,-1,-1,-1,-1,-1,-2,-2
3,"Environment: 1, AimModifier: 1",14.15094,true,-1.45041,2.341807,1.020822,"(0.0174,0.9722,-0.1951,-0.1281)",false,0,0,0,NA,-1,-1,-1,-1,-1,-2,-2,false,0,0,0,NA,-1,-1,-1,-1,-1,-2,-2
3,"Environment: 1, AimModifier: 1",14.16472,true,-1.450119,2.344118,1.021056,"(0.0182,0.9737,-0.1867,-0.1296)",false,0,0,0,NA,-1,-1,-1,-1,-1,-2,-2,false,0,0,0,NA,-1,-1,-1,-1,-1,-2,-2
3,"Environment: 1, AimModifier: 1",14.17858,true,-1.449852,2.346244,1.021527,"(0.0199,0.9752,-0.1774,-0.1310)",false,0,0,0,NA,-1,-1,-1,-1,-1,-2,-2,false,0,0,0,NA,-1,-1,-1,-1,-1,-2,-2
3,"Environment: 1, AimModifier: 1",14.19242,true,-1.449614,2.347841,1.023191,"(0.0200,0.9769,-0.1668,-0.1322)",false,0,0,0,NA,-1,-1,-1,-1,-1,-2,-2,false,0,0,0,NA,-1,-1,-1,-1,-1,-2,-2
3,"Environment: 1, AimModifier: 1",14.20641,true,-1.449378,2.350215,1.024134,"(0.0216,0.9777,-0.1611,-0.1327)",false,0,0,0,NA,-1,-1,-1,-1,-1,-2,-2,false,0,0,0,NA,-1,-1,-1,-1,-1,-2,-2
3,"Environment: 1, AimModifier: 1",14.22025,true,-1.448973,2.352411,1.02531,"(0.0233,0.9784,-0.1551,-0.1344)",false,0,0,0,NA,-1,-1,-1,-1,-1,-2,-2,false,0,0,0,NA,-1,-1,-1,-1,-1,-2,-2
3,"Environment: 1, AimModifier: 1",14.23399,true,-1.448886,2.35446,1.026548,"(0.0255,0.9795,-0.1472,-0.1351)",false,0,0,0,NA,-1,-1,-1,-1,-1,-2,-2,false,0,0,0,NA,-1,-1,-1,-1,-1,-2,-2
3,"Environment: 1, AimModifier: 1",14.24819,true,-1.448544,2.356568,1.027851,"(0.0280,0.9804,-0.1397,-0.1359)",false,0,0,0,NA,-1,-1,-1,-1,-1,-2,-2,true,-1.662384,2.15974,0.8506604,"(-0.2323,0.9622,0.1316,-0.0539)",0,0,0,0,0,0,0
3,"Environment: 1, AimModifier: 1",14.26192,true,-1.448397,2.358386,1.029433,"(0.0303,0.9814,-0.1320,-0.1359)",false,0,0,0,NA,-1,-1,-1,-1,-1,-2,-2,true,-1.661869,2.16021,0.8501624,"(-0.2815,0.9519,0.1158,-0.0343)",0,0,0,0,0,0,0
3,"Environment: 1, AimModifier: 1",14.27525,true,-1.448296,2.360566,1.030964,"(0.0322,0.9823,-0.1250,-0.1356)",false,0,0,0,NA,-1,-1,-1,-1,-1,-2,-2,true,-1.660732,2.160269,0.8494141,"(-0.3213,0.9413,0.1025,-0.0155)",0,0,0,0,0,0,0
3,"Environment: 1, AimModifier: 1",14.28922,true,-1.448163,2.362621,1.032343,"(0.0351,0.9833,-0.1174,-0.1346)",false,0,0,0,NA,-1,-1,-1,-1,-1,-2,-2,true,-1.656626,2.159697,0.8481466,"(-0.3327,0.9385,0.0917,0.0022)",0,0,0,0,0,0,0
3,"Environment: 1, AimModifier: 1",14.30344,true,-1.447916,2.364906,1.033715,"(0.0375,0.9842,-0.1100,-0.1332)",false,0,0,0,NA,-1,-1,-1,-1,-1,-2,-2,true,-1.655156,2.158378,0.8469819,"(-0.3656,0.9275,0.0763,0.0130)",0,0,0,0,0,0,0
3,"Environment: 1, AimModifier: 1",14.31715,true,-1.447524,2.36652,1.035122,"(0.0392,0.9853,-0.1017,-0.1317)",false,0,0,0,NA,-1,-1,-1,-1,-1,-2,-2,true,-1.65075,2.157583,0.8461357,"(-0.3626,0.9296,0.0653,0.0102)",0,0,0,0,0,0,0
3,"Environment: 1, AimModifier: 1",14.33106,true,-1.446896,2.368357,1.036428,"(0.0386,0.9862,-0.0953,-0.1300)",false,0,0,0,NA,-1,-1,-1,-1,-1,-2,-2,true,-1.644724,2.157914,0.8460376,"(-0.3486,0.9344,0.0641,0.0346)",0,0,0,0,0,0,0
3,"Environment: 1, AimModifier: 1",14.34517,true,-1.44571,2.369771,1.038247,"(0.0363,0.9872,-0.0883,-0.1279)",false,0,0,0,NA,-1,-1,-1,-1,-1,-2,-2,true,-1.638516,2.158682,0.8470633,"(-0.3163,0.9456,0.0646,0.0397)",0,0,0,0,0,0,0
3,"Environment: 1, AimModifier: 1",14.35923,true,-1.445751,2.370827,1.040183,"(0.0382,0.9880,-0.0822,-0.1253)",false,0,0,0,NA,-1,-1,-1,-1,-1,-2,-2,true,-1.633887,2.158625,0.848016,"(-0.3127,0.9461,0.0654,0.0536)",0,0,0,0,0,0,0
3,"Environment: 1, AimModifier: 1",14.37306,true,-1.444867,2.37291,1.041688,"(0.0380,0.9885,-0.0800,-0.1226)",false,0,0,0,NA,-1,-1,-1,-1,-1,-2,-2,true,-1.630259,2.1575,0.8496442,"(-0.3058,0.9481,0.0685,0.0529)",0,0,0,0,0,0,0
3,"Environment: 1, AimModifier: 1",14.38725,true,-1.443644,2.374817,1.043059,"(0.0380,0.9894,-0.0750,-0.1188)",false,0,0,0,NA,-1,-1,-1,-1,-1,-2,-2,true,-1.626251,2.155584,0.8509607,"(-0.2997,0.9508,0.0648,0.0448)",0,0,0,0,0,0,0
3,"Environment: 1, AimModifier: 1",14.40125,true,-1.442742,2.376372,1.044181,"(0.0357,0.9905,-0.0675,-0.1142)",false,0,0,0,NA,-1,-1,-1,-1,-1,-2,-2,true,-1.622129,2.153143,0.8509607,"(-0.2946,0.9536,0.0521,0.0337)",0,0,0,0,0,0,0
3,"Environment: 1, AimModifier: 1",14.41526,true,-1.441781,2.377699,1.045697,"(0.0351,0.9917,-0.0582,-0.1093)",false,0,0,0,NA,-1,-1,-1,-1,-1,-2,-2,true,-1.618412,2.150138,0.8503209,"(-0.2902,0.9560,0.0372,0.0226)",0,0,0,0,0,0,0
3,"Environment: 1, AimModifier: 1",14.42927,true,-1.440875,2.379265,1.0477,"(0.0348,0.9926,-0.0520,-0.1038)",false,0,0,0,NA,-1,-1,-1,-1,-1,-2,-2,true,-1.614437,2.147237,0.8497483,"(-0.2851,0.9580,0.0263,0.0143)",0,0,0,0,0,0,0
3,"Environment: 1, AimModifier: 1",14.44323,true,-1.439934,2.380445,1.049548,"(0.0350,0.9934,-0.0469,-0.0987)",false,0,0,0,NA,-1,-1,-1,-1,-1,-2,-2,true,-1.609244,2.143829,0.8495912,"(-0.2810,0.9594,0.0189,0.0171)",0,0,0,0,0,0,0
3,"Environment: 1, AimModifier: 1",14.45693,true,-1.439028,2.381763,1.051412,"(0.0356,0.9941,-0.0432,-0.0930)",false,0,0,0,NA,-1,-1,-1,-1,-1,-2,-2,true,-1.60347,2.138886,0.8494197,"(-0.2759,0.9609,0.0066,0.0223)",0,0,0,0,0,0,0
3,"Environment: 1, AimModifier: 1",14.4706,true,-1.437985,2.382709,1.053462,"(0.0355,0.9947,-0.0393,-0.0878)",false,0,0,0,NA,-1,-1,-1,-1,-1,-2,-2,true,-1.597605,2.132936,0.848754,"(-0.2620,0.9648,-0.0072,0.0217)",0,0,0,0,0,0,0
3,"Environment: 1, AimModifier: 1",14.48455,true,-1.437168,2.383877,1.055283,"(0.0342,0.9954,-0.0355,-0.0823)",false,0,0,0,NA,-1,-1,-1,-1,-1,-2,-2,true,-1.592536,2.126159,0.8470883,"(-0.2415,0.9700,-0.0222,0.0165)",0,0,0,0,0,0,0
3,"Environment: 1, AimModifier: 1",14.49848,true,-1.436079,2.385095,1.05703,"(0.0319,0.9960,-0.0306,-0.0779)",false,0,0,0,NA,-1,-1,-1,-1,-1,-2,-2,true,-1.587842,2.11891,0.8446136,"(-0.2096,0.9768,-0.0435,0.0085)",0,0,0,0,0,0,0
3,"Environment: 1, AimModifier: 1",14.51231,true,-1.435105,2.386227,1.058679,"(0.0295,0.9965,-0.0249,-0.0737)",false,0,0,0,NA,-1,-1,-1,-1,-1,-2,-2,true,-1.58331,2.111797,0.8421144,"(-0.1785,0.9818,-0.0646,0.0046)",0,0,0,0,0,0,0
3,"Environment: 1, AimModifier: 1",14.52638,true,-1.434282,2.387258,1.0604,"(0.0277,0.9970,-0.0188,-0.0701)",false,0,0,0,NA,-1,-1,-1,-1,-1,-2,-2,true,-1.580144,2.104528,0.8400291,"(-0.1576,0.9848,-0.0724,-0.0007)",0,0,0,0,0,0,0
3,"Environment: 1, AimModifier: 1",14.54051,true,-1.433647,2.388278,1.06205,"(0.0261,0.9973,-0.0138,-0.0670)",false,0,0,0,NA,-1,-1,-1,-1,-1,-2,-2,true,-1.578625,2.097033,0.8387535,"(-0.1429,0.9873,-0.0680,-0.0098)",0,0,0,0,0,0,0
3,"Environment: 1, AimModifier: 1",14.55423,true,-1.433087,2.388952,1.063676,"(0.0253,0.9976,-0.0087,-0.0641)",false,0,0,0,NA,-1,-1,-1,-1,-1,-2,-2,true,-1.577005,2.089485,0.8366753,"(-0.1152,0.9902,-0.0755,-0.0221)",0,0,0,0,0,0,0
3,"Environment: 1, AimModifier: 1",14.56842,true,-1.432459,2.389552,1.065393,"(0.0251,0.9978,-0.0047,-0.0618)",false,0,0,0,NA,-1,-1,-1,-1,-1,-2,-2,true,-1.575492,2.082222,0.8341801,"(-0.0908,0.9914,-0.0903,-0.0269)",0,0,0,0,0,0,0
3,"Environment: 1, AimModifier: 1",14.58242,true,-1.431716,2.389568,1.067121,"(0.0239,0.9979,-0.0010,-0.0610)",false,0,0,0,NA,-1,-1,-1,-1,-1,-2,-2,true,-1.574355,2.076363,0.8329967,"(-0.0792,0.9914,-0.1004,-0.0290)",0,0,0,0,0,0,0
3,"Environment: 1, AimModifier: 1",14.59618,true,-1.431077,2.38992,1.068797,"(0.0235,0.9979,0.0013,-0.0599)",false,0,0,0,NA,-1,-1,-1,-1,-1,-2,-2,true,-1.573738,2.071231,0.8324232,"(-0.0758,0.9900,-0.1151,-0.0294)",0,0,0,0,0,0,0
3,"Environment: 1, AimModifier: 1",14.61057,true,-1.430521,2.39021,1.070583,"(0.0232,0.9980,0.0043,-0.0588)",false,0,0,0,NA,-1,-1,-1,-1,-1,-2,-2,true,-1.573572,2.066864,0.8320443,"(-0.0801,0.9882,-0.1286,-0.0242)",0,0,0,0,0,0,0
3,"Environment: 1, AimModifier: 1",14.6242,true,-1.429949,2.390339,1.072267,"(0.0227,0.9980,0.0085,-0.0585)",false,0,0,0,NA,-1,-1,-1,-1,-1,-2,-2,true,-1.574627,2.063856,0.8319941,"(-0.0903,0.9870,-0.1301,-0.0267)",0,0,0,0,0,0,0
3,"Environment: 1, AimModifier: 1",14.63787,true,-1.42923,2.390682,1.074013,"(0.0224,0.9979,0.0124,-0.0590)",false,0,0,0,NA,-1,-1,-1,-1,-1,-2,-2,true,-1.575628,2.061604,0.8323492,"(-0.0976,0.9866,-0.1261,-0.0332)",0,0,0,0,0,0,0
3,"Environment: 1, AimModifier: 1",14.65169,true,-1.428753,2.391292,1.075681,"(0.0217,0.9978,0.0162,-0.0598)",false,0,0,0,NA,-1,-1,-1,-1,-1,-2,-2,true,-1.576111,2.060595,0.833606,"(-0.1027,0.9864,-0.1228,-0.0361)",0,0,0,0,0,0,0
3,"Environment: 1, AimModifier: 1",14.66573,true,-1.428401,2.392016,1.077355,"(0.0219,0.9977,0.0207,-0.0601)",false,0,0,0,NA,-1,-1,-1,-1,-1,-2,-2,true,-1.575911,2.058008,0.8345464,"(-0.1044,0.9852,-0.1306,-0.0364)",0,0,0,0,0,0,0
3,"Environment: 1, AimModifier: 1",14.67964,true,-1.42809,2.392344,1.078992,"(0.0227,0.9976,0.0258,-0.0604)",false,0,0,0,NA,-1,-1,-1,-1,-1,-2,-2,true,-1.575613,2.055028,0.835795,"(-0.1105,0.9830,-0.1424,-0.0348)",0,0,0,0,0,0,0
3,"Environment: 1, AimModifier: 1",14.69345,true,-1.427675,2.392307,1.080927,"(0.0239,0.9974,0.0292,-0.0611)",false,0,0,0,NA,-1,-1,-1,-1,-1,-2,-2,true,-1.575299,2.05211,0.8370467,"(-0.1226,0.9801,-0.1530,-0.0307)",0,0,0,0,0,0,0
3,"Environment: 1, AimModifier: 1",14.70753,true,-1.427341,2.392462,1.082958,"(0.0262,0.9973,0.0310,-0.0608)",false,0,0,0,NA,-1,-1,-1,-1,-1,-2,-2,true,-1.5748,2.050449,0.8385929,"(-0.1390,0.9769,-0.1611,-0.0222)",0,0,0,0,0,0,0
3,"Environment: 1, AimModifier: 1",14.72141,true,-1.42715,2.392697,1.084825,"(0.0283,0.9972,0.0330,-0.0603)",false,0,0,0,NA,-1,-1,-1,-1,-1,-2,-2,true,-1.574196,2.049942,0.8403865,"(-0.1521,0.9743,-0.1654,-0.0136)",0,0,0,0,0,0,0
3,"Environment: 1, AimModifier: 1",14.73719,true,-1.426754,2.393165,1.086753,"(0.0300,0.9971,0.0343,-0.0604)",false,0,0,0,NA,-1,-1,-1,-1,-1,-2,-2,true,-1.573875,2.050599,0.8426541,"(-0.1610,0.9732,-0.1638,-0.0078)",0,0,0,0,0,0,0
3,"Environment: 1, AimModifier: 1",14.74939,true,-1.426503,2.393511,1.088692,"(0.0312,0.9970,0.0364,-0.0605)",false,0,0,0,NA,-1,-1,-1,-1,-1,-2,-2,true,-1.574132,2.050574,0.8448116,"(-0.1659,0.9732,-0.1590,-0.0054)",0,0,0,0,0,0,0
3,"Environment: 1, AimModifier: 1",14.7627,true,-1.42638,2.394156,1.090394,"(0.0326,0.9969,0.0387,-0.0605)",false,0,0,0,NA,-1,-1,-1,-1,-1,-2,-2,true,-1.575108,2.051333,0.847348,"(-0.1665,0.9746,-0.1499,-0.0081)",0,0,0,0,0,0,0
3,"Environment: 1, AimModifier: 1",14.77625,true,-1.426434,2.394478,1.091948,"(0.0340,0.9967,0.0422,-0.0603)",false,0,0,0,NA,-1,-1,-1,-1,-1,-2,-2,true,-1.575989,2.052524,0.8497353,"(-0.1654,0.9755,-0.1452,-0.0057)",0,0,0,0,0,0,0
3,"Environment: 1, AimModifier: 1",14.79018,true,-1.426446,2.3948,1.093742,"(0.0352,0.9965,0.0458,-0.0604)",false,0,0,0,NA,-1,-1,-1,-1,-1,-2,-2,true,-1.577015,2.054456,0.8522854,"(-0.1729,0.9750,-0.1398,0.0000)",0,0,0,0,0,0,0
3,"Environment: 1, AimModifier: 1",14.80407,true,-1.426346,2.39535,1.095591,"(0.0373,0.9963,0.0492,-0.0603)",false,0,0,0,NA,-1,-1,-1,-1,-1,-2,-2,true,-1.578592,2.056594,0.8550405,"(-0.1802,0.9745,-0.1335,0.0002)",0,0,0,0,0,0,0
3,"Environment: 1, AimModifier: 1",14.81808,true,-1.426183,2.395776,1.097497,"(0.0396,0.9960,0.0533,-0.0600)",false,0,0,0,NA,-1,-1,-1,-1,-1,-2,-2,true,-1.580372,2.05827,0.8573757,"(-0.1871,0.9739,-0.1287,0.0050)",0,0,0,0,0,0,0
3,"Environment: 1, AimModifier: 1",14.83189,true,-1.426185,2.396369,1.099301,"(0.0406,0.9958,0.0567,-0.0593)",false,0,0,0,NA,-1,-1,-1,-1,-1,-2,-2,true,-1.582044,2.059881,0.8595873,"(-0.1910,0.9735,-0.1253,0.0135)",0,0,0,0,0,0,0
3,"Environment: 1, AimModifier: 1",14.84598,true,-1.426279,2.396833,1.101148,"(0.0416,0.9955,0.0610,-0.0588)",false,0,0,0,NA,-1,-1,-1,-1,-1,-2,-2,true,-1.584706,2.062932,0.862094,"(-0.1970,0.9738,-0.1131,0.0145)",0,0,0,0,0,0,0
3,"Environment: 1, AimModifier: 1",14.8599,true,-1.426253,2.397102,1.103059,"(0.0423,0.9952,0.0656,-0.0589)",false,0,0,0,NA,-1,-1,-1,-1,-1,-2,-2,true,-1.587705,2.065924,0.8644555,"(-0.2032,0.9739,-0.1006,0.0138)",0,0,0,0,0,0,0
3,"Environment: 1, AimModifier: 1",14.87378,true,-1.426466,2.397714,1.104764,"(0.0427,0.9949,0.0695,-0.0594)",false,0,0,0,NA,-1,-1,-1,-1,-1,-2,-2,true,-1.590924,2.069139,0.8664052,"(-0.2038,0.9748,-0.0895,0.0150)",0,0,0,0,0,0,0
3,"Environment: 1, AimModifier: 1",14.88766,true,-1.426736,2.398433,1.106323,"(0.0433,0.9945,0.0743,-0.0597)",false,0,0,0,NA,-1,-1,-1,-1,-1,-2,-2,true,-1.594384,2.071548,0.8683447,"(-0.2034,0.9757,-0.0799,0.0133)",0,0,0,0,0,0,0
3,"Environment: 1, AimModifier: 1",14.90158,true,-1.426748,2.399245,1.107933,"(0.0438,0.9941,0.0787,-0.0602)",false,0,0,0,NA,-1,-1,-1,-1,-1,-2,-2,true,-1.598323,2.073646,0.8701696,"(-0.1994,0.9771,-0.0733,0.0071)",0,0,0,0,0,0,0
3,"Environment: 1, AimModifier: 1",14.9155,true,-1.426808,2.39996,1.109578,"(0.0443,0.9937,0.0834,-0.0595)",false,0,0,0,NA,-1,-1,-1,-1,-1,-2,-2,true,-1.602254,2.075862,0.8723509,"(-0.2057,0.9762,-0.0692,0.0056)",0,0,0,0,0,0,0
3,"Environment: 1, AimModifier: 1",14.9294,true,-1.426915,2.401118,1.111074,"(0.0446,0.9935,0.0875,-0.0579)",false,0,0,0,NA,-1,-1,-1,-1,-1,-2,-2,true,-1.605973,2.077575,0.8743248,"(-0.2052,0.9763,-0.0680,0.0029)",0,0,0,0,0,0,0
3,"Environment: 1, AimModifier: 1",14.94342,true,-1.426902,2.402225,1.11258,"(0.0452,0.9931,0.0929,-0.0563)",false,0,0,0,NA,-1,-1,-1,-1,-1,-2,-2,true,-1.609611,2.0785,0.8759923,"(-0.2055,0.9762,-0.0697,-0.0003)",0,0,0,0,0,0,0
3,"Environment: 1, AimModifier: 1",14.95733,true,-1.426885,2.403543,1.113966,"(0.0453,0.9926,0.0989,-0.0546)",false,0,0,0,NA,-1,-1,-1,-1,-1,-2,-2,true,-1.613323,2.078829,0.8773003,"(-0.2089,0.9754,-0.0708,-0.0041)",0,0,0,0,0,0,0
3,"Environment: 1, AimModifier: 1",14.97092,true,-1.426694,2.405023,1.115282,"(0.0464,0.9920,0.1049,-0.0523)",false,0,0,0,NA,-1,-1,-1,-1,-1,-2,-2,true,-1.616874,2.079256,0.8786633,"(-0.2112,0.9749,-0.0700,-0.0078)",0,0,0,0,0,0,0
3,"Environment: 1, AimModifier: 1",14.98506,true,-1.42614,2.406464,1.116499,"(0.0491,0.9913,0.1120,-0.0481)",false,0,0,0,NA,-1,-1,-1,-1,-1,-2,-2,true,-1.619732,2.080489,0.8811021,"(-0.2113,0.9749,-0.0689,-0.0097)",0,0,0,0,0,0,0
3,"Environment: 1, AimModifier: 1",14.9992,true,-1.42528,2.407942,1.11764,"(0.0512,0.9906,0.1188,-0.0437)",false,0,0,0,NA,-1,-1,-1,-1,-1,-2,-2,true,-1.622077,2.081261,0.8833379,"(-0.2093,0.9755,-0.0678,-0.0091)",0,0,0,0,0,0,0
3,"Environment: 1, AimModifier: 1",15.01304,true,-1.424315,2.409417,1.118564,"(0.0524,0.9898,0.1268,-0.0377)",false,0,0,0,NA,-1,-1,-1,-1,-1,-2,-2,true,-1.623925,2.080879,0.885165,"(-0.2074,0.9758,-0.0691,-0.0072)",0,0,0,0,0,0,0
3,"Environment: 1, AimModifier: 1",15.02695,true,-1.423044,2.410909,1.119566,"(0.0546,0.9888,0.1358,-0.0306)",false,0,0,0,NA,-1,-1,-1,-1,-1,-2,-2,true,-1.625443,2.07976,0.8867579,"(-0.2087,0.9754,-0.0716,-0.0027)",0,0,0,0,0,0,0
3,"Environment: 1, AimModifier: 1",15.04092,true,-1.421236,2.412496,1.120861,"(0.0594,0.9875,0.1442,-0.0224)",false,0,0,0,NA,-1,-1,-1,-1,-1,-2,-2,true,-1.6265,2.078669,0.8885028,"(-0.2110,0.9745,-0.0759,0.0048)",0,0,0,0,0,0,0
3,"Environment: 1, AimModifier: 1",15.05455,true,-1.418541,2.414288,1.122185,"(0.0675,0.9858,0.1531,-0.0115)",false,0,0,0,NA,-1,-1,-1,-1,-1,-2,-2,true,-1.627278,2.078368,0.8909985,"(-0.2106,0.9743,-0.0793,0.0110)",0,0,0,0,0,0,0
3,"Environment: 1, AimModifier: 1",15.06841,true,-1.415023,2.416195,1.123434,"(0.0761,0.9838,0.1625,0.0029)",false,0,0,0,NA,-1,-1,-1,-1,-1,-2,-2,true,-1.628129,2.078193,0.8936486,"(-0.2079,0.9749,-0.0784,0.0139)",0,0,0,0,0,0,0
3,"Environment: 1, AimModifier: 1",15.0824,true,-1.410878,2.418009,1.124616,"(0.0840,0.9812,0.1725,0.0202)",false,0,0,0,NA,-1,-1,-1,-1,-1,-2,-2,true,-1.629275,2.077194,0.8956984,"(-0.2028,0.9763,-0.0744,0.0140)",0,0,0,0,0,0,0
3,"Environment: 1, AimModifier: 1",15.09587,true,-1.406778,2.419688,1.125623,"(0.0882,0.9784,0.1828,0.0404)",false,0,0,0,NA,-1,-1,-1,-1,-1,-2,-2,true,-1.630371,2.075596,0.8974862,"(-0.1952,0.9784,-0.0678,0.0115)",0,0,0,0,0,0,0
3,"Environment: 1, AimModifier: 1",15.10949,true,-1.403142,2.420679,1.126675,"(0.0906,0.9752,0.1931,0.0595)",false,0,0,0,NA,-1,-1,-1,-1,-1,-2,-2,true,-1.631173,2.074035,0.899189,"(-0.1887,0.9799,-0.0636,0.0091)",0,0,0,0,0,0,0
3,"Environment: 1, AimModifier: 1",15.12363,true,-1.399299,2.422033,1.127813,"(0.0952,0.9717,0.2025,0.0751)",false,0,0,0,NA,-1,-1,-1,-1,-1,-2,-2,true,-1.63253,2.072777,0.9008573,"(-0.1850,0.9808,-0.0614,0.0095)",0,0,0,0,0,0,0
3,"Environment: 1, AimModifier: 1",15.13735,true,-1.398615,2.422113,1.129303,"(0.0953,0.9700,0.2048,0.0895)",false,0,0,0,NA,-1,-1,-1,-1,-1,-2,-2,true,-1.632062,2.071152,0.9011898,"(-0.1925,0.9786,-0.0719,0.0119)",0,0,0,0,0,0,0
3,"Environment: 1, AimModifier: 1",15.15112,true,-1.396216,2.422774,1.13049,"(0.0983,0.9670,0.2111,0.1033)",false,0,0,0,NA,-1,-1,-1,-1,-1,-2,-2,true,-1.632834,2.069467,0.9018543,"(-0.1939,0.9780,-0.0754,0.0133)",0,0,0,0,0,0,0
3,"Environment: 1, AimModifier: 1",15.16537,true,-1.393412,2.423628,1.131708,"(0.1017,0.9634,0.2183,0.1181)",false,0,0,0,NA,-1,-1,-1,-1,-1,-2,-2,true,-1.633733,2.067954,0.9026655,"(-0.1932,0.9781,-0.0762,0.0140)",0,0,0,0,0,0,0
3,"Environment: 1, AimModifier: 1",15.17996,true,-1.396758,2.422661,1.131206,"(0.0928,0.9681,0.2069,0.1070)",false,0,0,0,NA,-1,-1,-1,-1,-1,-2,-2,true,-1.630286,2.067349,0.8967184,"(-0.1849,0.9793,-0.0818,0.0108)",0,0,0,0,0,0,0
3,"Environment: 1, AimModifier: 1",15.19314,true,-1.396202,2.422687,1.131394,"(0.0894,0.9684,0.2058,0.1085)",false,0,0,0,NA,-1,-1,-1,-1,-1,-2,-2,true,-1.62891,2.067994,0.8952538,"(-0.1721,0.9819,-0.0786,0.0046)",0,0,0,0,0,0,0
3,"Environment: 1, AimModifier: 1",15.20705,true,-1.396037,2.422669,1.131336,"(0.0847,0.9688,0.2056,0.1095)",false,0,0,0,NA,-1,-1,-1,-1,-1,-2,-2,true,-1.627348,2.068935,0.893671,"(-0.1584,0.9845,-0.0753,-0.0026)",0,0,0,0,0,0,0
3,"Environment: 1, AimModifier: 1",15.22079,true,-1.396084,2.423067,1.131038,"(0.0794,0.9693,0.2055,0.1088)",false,0,0,0,NA,-1,-1,-1,-1,-1,-2,-2,true,-1.625742,2.069687,0.8918334,"(-0.1467,0.9864,-0.0730,-0.0081)",0,0,0,0,0,0,0
3,"Environment: 1, AimModifier: 1",15.23466,true,-1.396583,2.423382,1.130372,"(0.0739,0.9699,0.2066,0.1058)",false,0,0,0,NA,-1,-1,-1,-1,-1,-2,-2,true,-1.623937,2.070957,0.89033,"(-0.1388,0.9877,-0.0708,-0.0111)",0,0,0,0,0,0,0
3,"Environment: 1, AimModifier: 1",15.2486,true,-1.397044,2.423234,1.129673,"(0.0699,0.9703,0.2081,0.1015)",false,0,0,0,NA,-1,-1,-1,-1,-1,-2,-2,true,-1.621513,2.073472,0.8897515,"(-0.1366,0.9882,-0.0683,-0.0098)",0,0,0,0,0,0,0
3,"Environment: 1, AimModifier: 1",15.26258,true,-1.396409,2.423463,1.130021,"(0.0684,0.9712,0.2066,0.0973)",false,0,0,0,NA,-1,-1,-1,-1,-1,-2,-2,true,-1.618745,2.076282,0.8895351,"(-0.1380,0.9883,-0.0647,-0.0057)",0,0,0,0,0,0,0
3,"Environment: 1, AimModifier: 1",15.2764,true,-1.397332,2.422004,1.128653,"(0.0682,0.9723,0.2033,0.0934)",false,0,0,0,NA,-1,-1,-1,-1,-1,-2,-2,true,-1.615816,2.078823,0.8894058,"(-0.1406,0.9882,-0.0601,0.0009)",0,0,0,0,0,0,0
3,"Environment: 1, AimModifier: 1",15.29037,true,-1.396974,2.421022,1.127991,"(0.0676,0.9735,0.1987,0.0912)",false,0,0,0,NA,-1,-1,-1,-1,-1,-2,-2,true,-1.612762,2.080869,0.8892353,"(-0.1412,0.9884,-0.0554,0.0091)",0,0,0,0,0,0,0
3,"Environment: 1, AimModifier: 1",15.30452,true,-1.396655,2.420137,1.127218,"(0.0662,0.9748,0.1929,0.0904)",false,0,0,0,NA,-1,-1,-1,-1,-1,-2,-2,true,-1.609594,2.082731,0.8891571,"(-0.1401,0.9887,-0.0506,0.0162)",0,0,0,0,0,0,0
3,"Environment: 1, AimModifier: 1",15.31851,true,-1.396496,2.418899,1.126319,"(0.0643,0.9760,0.1875,0.0900)",false,0,0,0,NA,-1,-1,-1,-1,-1,-2,-2,true,-1.606216,2.084685,0.8892964,"(-0.1379,0.9891,-0.0465,0.0216)",0,0,0,0,0,0,0
3,"Environment: 1, AimModifier: 1",15.33224,true,-1.396374,2.417864,1.125371,"(0.0614,0.9776,0.1804,0.0894)",false,0,0,0,NA,-1,-1,-1,-1,-1,-2,-2,true,-1.603048,2.086252,0.8893504,"(-0.1360,0.9895,-0.0428,0.0256)",0,0,0,0,0,0,0
3,"Environment: 1, AimModifier: 1",15.34626,true,-1.39638,2.416631,1.124378,"(0.0585,0.9792,0.1727,0.0885)",false,0,0,0,NA,-1,-1,-1,-1,-1,-2,-2,true,-1.600077,2.087212,0.8893463,"(-0.1353,0.9896,-0.0396,0.0276)",0,0,0,0,0,0,0
3,"Environment: 1, AimModifier: 1",15.36026,true,-1.39644,2.415499,1.123355,"(0.0555,0.9809,0.1644,0.0874)",false,0,0,0,NA,-1,-1,-1,-1,-1,-2,-2,true,-1.597368,2.087831,0.8890861,"(-0.1354,0.9896,-0.0382,0.0300)",0,0,0,0,0,0,0
3,"Environment: 1, AimModifier: 1",15.37408,true,-1.396465,2.41441,1.122217,"(0.0520,0.9827,0.1557,0.0863)",false,0,0,0,NA,-1,-1,-1,-1,-1,-2,-2,true,-1.594421,2.087902,0.8888423,"(-0.1359,0.9893,-0.0404,0.0337)",0,0,0,0,0,0,0
3,"Environment: 1, AimModifier: 1",15.38824,true,-1.396442,2.413269,1.120945,"(0.0480,0.9841,0.1482,0.0852)",false,0,0,0,NA,-1,-1,-1,-1,-1,-2,-2,true,-1.591151,2.087965,0.8887056,"(-0.1349,0.9891,-0.0436,0.0389)",0,0,0,0,0,0,0
3,"Environment: 1, AimModifier: 1",15.40205,true,-1.396653,2.412335,1.119627,"(0.0423,0.9854,0.1418,0.0841)",false,0,0,0,NA,-1,-1,-1,-1,-1,-2,-2,true,-1.588032,2.087946,0.8887022,"(-0.1341,0.9889,-0.0469,0.0442)",0,0,0,0,0,0,0
3,"Environment: 1, AimModifier: 1",15.41596,true,-1.397023,2.411396,1.118299,"(0.0367,0.9866,0.1359,0.0827)",false,0,0,0,NA,-1,-1,-1,-1,-1,-2,-2,true,-1.585584,2.087868,0.8885773,"(-0.1345,0.9886,-0.0486,0.0477)",0,0,0,0,0,0,0
3,"Environment: 1, AimModifier: 1",15.42982,true,-1.397618,2.410334,1.117022,"(0.0298,0.9878,0.1301,0.0808)",false,0,0,0,NA,-1,-1,-1,-1,-1,-2,-2,true,-1.583704,2.087725,0.8883718,"(-0.1370,0.9881,-0.0510,0.0482)",0,0,0,0,0,0,0
3,"Environment: 1, AimModifier: 1",15.44378,true,-1.398312,2.409288,1.115932,"(0.0232,0.9891,0.1231,0.0778)",false,0,0,0,NA,-1,-1,-1,-1,-1,-2,-2,true,-1.581571,2.088005,0.8882003,"(-0.1377,0.9878,-0.0548,0.0472)",0,0,0,0,0,0,0
3,"Environment: 1, AimModifier: 1",15.45768,true,-1.399026,2.408127,1.114871,"(0.0176,0.9901,0.1175,0.0748)",false,0,0,0,NA,-1,-1,-1,-1,-1,-2,-2,true,-1.579268,2.088659,0.8881575,"(-0.1364,0.9879,-0.0577,0.0461)",0,0,0,0,0,0,0
3,"Environment: 1, AimModifier: 1",15.47155,true,-1.399757,2.407277,1.113806,"(0.0126,0.9910,0.1125,0.0714)",false,0,0,0,NA,-1,-1,-1,-1,-1,-2,-2,true,-1.57693,2.08971,0.8882988,"(-0.1325,0.9884,-0.0594,0.0456)",0,0,0,0,0,0,0
3,"Environment: 1, AimModifier: 1",15.4855,true,-1.40068,2.406528,1.112818,"(0.0082,0.9916,0.1090,0.0684)",false,0,0,0,NA,-1,-1,-1,-1,-1,-2,-2,true,-1.57504,2.09057,0.8883998,"(-0.1274,0.9889,-0.0598,0.0469)",0,0,0,0,0,0,0
3,"Environment: 1, AimModifier: 1",15.49943,true,-1.401447,2.405961,1.111904,"(0.0053,0.9923,0.1060,0.0645)",false,0,0,0,NA,-1,-1,-1,-1,-1,-2,-2,true,-1.573101,2.091728,0.8885466,"(-0.1241,0.9892,-0.0597,0.0509)",0,0,0,0,0,0,0
3,"Environment: 1, AimModifier: 1",15.51304,true,-1.40253,2.405576,1.110932,"(0.0029,0.9928,0.1031,0.0609)",false,0,0,0,NA,-1,-1,-1,-1,-1,-2,-2,true,-1.570847,2.093528,0.8887636,"(-0.1214,0.9893,-0.0601,0.0549)",0,0,0,0,0,0,0
3,"Environment: 1, AimModifier: 1",15.52692,true,-1.403719,2.405101,1.11007,"(0.0012,0.9933,0.1005,0.0570)",false,0,0,0,NA,-1,-1,-1,-1,-1,-2,-2,true,-1.568519,2.095557,0.8889773,"(-0.1179,0.9896,-0.0584,0.0581)",0,0,0,0,0,0,0
3,"Environment: 1, AimModifier: 1",15.541,true,-1.404841,2.404474,1.10939,"(0.0003,0.9938,0.0983,0.0521)",false,0,0,0,NA,-1,-1,-1,-1,-1,-2,-2,true,-1.566055,2.097793,0.8891671,"(-0.1112,0.9904,-0.0554,0.0607)",0,0,0,0,0,0,0
3,"Environment: 1, AimModifier: 1",15.55485,true,-1.405998,2.404361,1.10876,"(0.0005,0.9942,0.0964,0.0477)",false,0,0,0,NA,-1,-1,-1,-1,-1,-2,-2,true,-1.563827,2.099328,0.8890196,"(-0.1053,0.9910,-0.0531,0.0639)",0,0,0,0,0,0,0
3,"Environment: 1, AimModifier: 1",15.56883,true,-1.407146,2.404008,1.108111,"(0.0002,0.9945,0.0957,0.0436)",false,0,0,0,NA,-1,-1,-1,-1,-1,-2,-2,true,-1.561655,2.100869,0.888787,"(-0.1003,0.9913,-0.0520,0.0678)",0,0,0,0,0,0,0
3,"Environment: 1, AimModifier: 1",15.58234,true,-1.408148,2.403826,1.107899,"(-0.0003,0.9948,0.0936,0.0395)",false,0,0,0,NA,-1,-1,-1,-1,-1,-2,-2,true,-1.559124,2.10331,0.8886967,"(-0.0959,0.9915,-0.0504,0.0724)",0,0,0,0,0,0,0
3,"Environment: 1, AimModifier: 1",15.59616,true,-1.409143,2.403617,1.107637,"(-0.0002,0.9952,0.0916,0.0356)",false,0,0,0,NA,-1,-1,-1,-1,-1,-2,-2,true,-1.556857,2.106229,0.8886124,"(-0.0930,0.9917,-0.0460,0.0763)",0,0,0,0,0,0,0
3,"Environment: 1, AimModifier: 1",15.60996,true,-1.410524,2.40332,1.107188,"(0.0000,0.9954,0.0901,0.0328)",false,0,0,0,NA,-1,-1,-1,-1,-1,-2,-2,true,-1.555021,2.109233,0.8883504,"(-0.0914,0.9918,-0.0393,0.0796)",0,0,0,0,0,0,0
3,"Environment: 1, AimModifier: 1",15.62383,true,-1.41158,2.403235,1.107023,"(0.0001,0.9957,0.0876,0.0291)",false,0,0,0,NA,-1,-1,-1,-1,-1,-2,-2,true,-1.553654,2.112095,0.8879001,"(-0.0911,0.9920,-0.0322,0.0818)",0,0,0,0,0,0,0
3,"Environment: 1, AimModifier: 1",15.63768,true,-1.412782,2.403022,1.106779,"(0.0009,0.9960,0.0856,0.0260)",false,0,0,0,NA,-1,-1,-1,-1,-1,-2,-2,true,-1.552349,2.115334,0.8876058,"(-0.0910,0.9920,-0.0240,0.0838)",0,0,0,0,0,0,0
3,"Environment: 1, AimModifier: 1",15.65156,true,-1.413928,2.402871,1.106582,"(0.0016,0.9962,0.0836,0.0229)",false,0,0,0,NA,-1,-1,-1,-1,-1,-2,-2,true,-1.550431,2.120117,0.8879529,"(-0.0876,0.9922,-0.0088,0.0878)",0,0,0,0,0,0,0
3,"Environment: 1, AimModifier: 1",15.66572,true,-1.414859,2.402749,1.106439,"(0.0032,0.9964,0.0822,0.0195)",false,0,0,0,NA,-1,-1,-1,-1,-1,-2,-2,true,-1.548527,2.125203,0.888624,"(-0.0812,0.9924,0.0091,0.0923)",0,0,0,0,0,0,0
3,"Environment: 1, AimModifier: 1",15.67963,true,-1.415957,2.402744,1.106224,"(0.0050,0.9966,0.0808,0.0171)",false,0,0,0,NA,-1,-1,-1,-1,-1,-2,-2,true,-1.54729,2.129613,0.8888954,"(-0.0768,0.9920,0.0239,0.0971)",0,0,0,0,0,0,0
3,"Environment: 1, AimModifier: 1",15.69318,true,-1.417019,2.40274,1.106032,"(0.0076,0.9967,0.0796,0.0152)",false,0,0,0,NA,-1,-1,-1,-1,-1,-2,-2,true,-1.546826,2.133606,0.8886299,"(-0.0756,0.9916,0.0367,0.0986)",0,0,0,0,0,0,0
3,"Environment: 1, AimModifier: 1",15.7073,true,-1.417691,2.402812,1.105871,"(0.0112,0.9968,0.0785,0.0132)",false,0,0,0,NA,-1,-1,-1,-1,-1,-2,-2,true,-1.546924,2.137626,0.8879238,"(-0.0780,0.9911,0.0491,0.0962)",0,0,0,0,0,0,0
3,"Environment: 1, AimModifier: 1",15.72123,true,-1.418345,2.402785,1.105659,"(0.0145,0.9968,0.0777,0.0121)",false,0,0,0,NA,-1,-1,-1,-1,-1,-2,-2,true,-1.547608,2.142144,0.8871001,"(-0.0857,0.9902,0.0624,0.0908)",0,0,0,0,0,0,0
3,"Environment: 1, AimModifier: 1",15.73493,true,-1.419022,2.402839,1.105464,"(0.0171,0.9969,0.0764,0.0118)",false,0,0,0,NA,-1,-1,-1,-1,-1,-2,-2,true,-1.548832,2.147356,0.8866947,"(-0.0962,0.9884,0.0825,0.0833)",0,0,0,0,0,0,0
3,"Environment: 1, AimModifier: 1",15.74915,true,-1.419478,2.40281,1.105369,"(0.0191,0.9969,0.0752,0.0115)",false,0,0,0,NA,-1,-1,-1,-1,-1,-2,-2,true,-1.550384,2.152544,0.8865525,"(-0.1070,0.9858,0.1055,0.0757)",0,0,0,0,0,0,0
3,"Environment: 1, AimModifier: 1",15.763,true,-1.419808,2.402685,1.105181,"(0.0212,0.9969,0.0747,0.0116)",false,0,0,0,NA,-1,-1,-1,-1,-1,-2,-2,true,-1.552083,2.157924,0.8867871,"(-0.1182,0.9818,0.1305,0.0709)",0,0,0,0,0,0,0
3,"Environment: 1, AimModifier: 1",15.77688,true,-1.42014,2.402735,1.105066,"(0.0224,0.9969,0.0739,0.0122)",false,0,0,0,NA,-1,-1,-1,-1,-1,-2,-2,true,-1.553874,2.16364,0.8875,"(-0.1299,0.9765,0.1585,0.0672)",0,0,0,0,0,0,0
3,"Environment: 1, AimModifier: 1",15.79072,true,-1.420493,2.402805,1.105005,"(0.0224,0.9970,0.0731,0.0127)",false,0,0,0,NA,-1,-1,-1,-1,-1,-2,-2,true,-1.555992,2.169842,0.8889898,"(-0.1432,0.9682,0.1944,0.0652)",0,0,0,0,0,0,0
3,"Environment: 1, AimModifier: 1",15.80465,true,-1.420845,2.402817,1.104898,"(0.0226,0.9970,0.0725,0.0134)",false,0,0,0,NA,-1,-1,-1,-1,-1,-2,-2,true,-1.55857,2.175812,0.8911072,"(-0.1595,0.9584,0.2287,0.0604)",0,0,0,0,0,0,0
3,"Environment: 1, AimModifier: 1",15.81851,true,-1.421195,2.402882,1.104751,"(0.0226,0.9971,0.0714,0.0139)",false,0,0,0,NA,-1,-1,-1,-1,-1,-2,-2,true,-1.561335,2.180579,0.8925545,"(-0.1768,0.9505,0.2499,0.0529)",0,0,0,0,0,0,0
3,"Environment: 1, AimModifier: 1",15.83205,true,-1.421543,2.402791,1.104622,"(0.0224,0.9972,0.0705,0.0145)",false,0,0,0,NA,-1,-1,-1,-1,-1,-2,-2,true,-1.564294,2.184598,0.8932191,"(-0.2029,0.9431,0.2572,0.0573)",0,0,0,0,0,0,0
3,"Environment: 1, AimModifier: 1",15.84616,true,-1.421843,2.402971,1.104537,"(0.0218,0.9973,0.0688,0.0152)",false,0,0,0,NA,-1,-1,-1,-1,-1,-2,-2,true,-1.567204,2.188995,0.8941211,"(-0.2278,0.9350,0.2656,0.0583)",0,0,0,0,0,0,0
3,"Environment: 1, AimModifier: 1",15.86006,true,-1.422203,2.403203,1.104363,"(0.0215,0.9973,0.0677,0.0160)",false,0,0,0,NA,-1,-1,-1,-1,-1,-2,-2,true,-1.569721,2.192504,0.8947062,"(-0.2527,0.9276,0.2679,0.0632)",0,0,0,0,0,0,0
3,"Environment: 1, AimModifier: 1",15.87371,true,-1.422608,2.40312,1.104263,"(0.0212,0.9973,0.0679,0.0165)",false,0,0,0,NA,-1,-1,-1,-1,-1,-2,-2,true,-1.571509,2.194638,0.8942146,"(-0.2738,0.9236,0.2578,0.0740)",0,0,0,0,0,0,0
3,"Environment: 1, AimModifier: 1",15.88808,true,-1.422939,2.402951,1.104399,"(0.0210,0.9974,0.0673,0.0171)",false,0,0,0,NA,-1,-1,-1,-1,-1,-2,-2,true,-1.572898,2.195988,0.8928309,"(-0.2925,0.9202,0.2446,0.0889)",0,0,0,0,0,0,0
3,"Environment: 1, AimModifier: 1",15.90166,true,-1.423146,2.402805,1.104459,"(0.0212,0.9975,0.0654,0.0174)",false,0,0,0,NA,-1,-1,-1,-1,-1,-2,-2,true,-1.573844,2.196241,0.8908772,"(-0.3066,0.9173,0.2331,0.1008)",0,0,0,0,0,0,0
3,"Environment: 1, AimModifier: 1",15.91545,true,-1.423388,2.40262,1.104476,"(0.0212,0.9976,0.0633,0.0180)",false,0,0,0,NA,-1,-1,-1,-1,-1,-2,-2,true,-1.574393,2.195775,0.8883417,"(-0.3161,0.9158,0.2249,0.1037)",0,0,0,0,0,0,0
3,"Environment: 1, AimModifier: 1",15.92943,true,-1.423538,2.402409,1.104658,"(0.0214,0.9977,0.0612,0.0183)",false,0,0,0,NA,-1,-1,-1,-1,-1,-2,-2,true,-1.574243,2.194072,0.8843449,"(-0.3216,0.9179,0.2085,0.1027)",0,0,0,0,0,0,0
3,"Environment: 1, AimModifier: 1",15.94334,true,-1.423829,2.402427,1.104632,"(0.0212,0.9979,0.0589,0.0184)",false,0,0,0,NA,-1,-1,-1,-1,-1,-2,-2,true,-1.572793,2.190404,0.8784565,"(-0.3205,0.9247,0.1777,0.1034)",0,0,0,0,0,0,0
3,"Environment: 1, AimModifier: 1",15.95758,true,-1.423952,2.402262,1.104783,"(0.0211,0.9980,0.0572,0.0185)",false,0,0,0,NA,-1,-1,-1,-1,-1,-2,-2,true,-1.571049,2.186613,0.8729495,"(-0.3144,0.9316,0.1511,0.1019)",0,0,0,0,0,0,0
3,"Environment: 1, AimModifier: 1",15.97123,true,-1.424046,2.402172,1.105018,"(0.0210,0.9980,0.0559,0.0183)",false,0,0,0,NA,-1,-1,-1,-1,-1,-2,-2,true,-1.568049,2.18184,0.867119,"(-0.3019,0.9396,0.1232,0.1038)",0,0,0,0,0,0,0
3,"Environment: 1, AimModifier: 1",15.98547,true,-1.424114,2.402159,1.105289,"(0.0206,0.9981,0.0547,0.0180)",false,0,0,0,NA,-1,-1,-1,-1,-1,-2,-2,true,-1.562624,2.175078,0.8598976,"(-0.2692,0.9544,0.0868,0.0952)",0,0,0,0,0,0,0
3,"Environment: 1, AimModifier: 1",15.99957,true,-1.424145,2.402136,1.105404,"(0.0203,0.9982,0.0542,0.0178)",false,0,0,0,NA,-1,-1,-1,-1,-1,-2,-2,true,-1.556245,2.167786,0.8531268,"(-0.2231,0.9697,0.0476,0.0877)",0,0,0,0,0,0,0
3,"Environment: 1, AimModifier: 1",16.01313,true,-1.424152,2.40205,1.105358,"(0.0203,0.9982,0.0536,0.0175)",false,0,0,0,NA,-1,-1,-1,-1,-1,-2,-2,true,-1.549799,2.15962,0.846982,"(-0.1739,0.9814,0.0115,0.0803)",0,0,0,0,0,0,0
3,"Environment: 1, AimModifier: 1",16.02712,true,-1.424179,2.401901,1.10535,"(0.0204,0.9983,0.0523,0.0174)",false,0,0,0,NA,-1,-1,-1,-1,-1,-2,-2,true,-1.544423,2.150634,0.8418095,"(-0.1300,0.9890,-0.0205,0.0676)",0,0,0,0,0,0,0
3,"Environment: 1, AimModifier: 1",16.04097,true,-1.424168,2.401671,1.105332,"(0.0201,0.9984,0.0509,0.0171)",false,0,0,0,NA,-1,-1,-1,-1,-1,-2,-2,true,-1.540059,2.141675,0.8373089,"(-0.0954,0.9922,-0.0533,0.0594)",0,0,0,0,0,0,0
3,"Environment: 1, AimModifier: 1",16.05493,true,-1.424156,2.401395,1.105295,"(0.0200,0.9984,0.0498,0.0166)",false,0,0,0,NA,-1,-1,-1,-1,-1,-2,-2,true,-1.536507,2.133664,0.8331848,"(-0.0758,0.9921,-0.0836,0.0556)",0,0,0,0,0,0,0
3,"Environment: 1, AimModifier: 1",16.06879,true,-1.424174,2.401062,1.10529,"(0.0195,0.9985,0.0480,0.0161)",false,0,0,0,NA,-1,-1,-1,-1,-1,-2,-2,true,-1.533554,2.127023,0.8296868,"(-0.0724,0.9904,-0.1024,0.0584)",0,0,0,0,0,0,0
3,"Environment: 1, AimModifier: 1",16.08274,true,-1.424216,2.40063,1.105325,"(0.0188,0.9987,0.0459,0.0152)",false,0,0,0,NA,-1,-1,-1,-1,-1,-2,-2,true,-1.530807,2.121086,0.826322,"(-0.0712,0.9885,-0.1187,0.0612)",0,0,0,0,0,0,0
3,"Environment: 1, AimModifier: 1",16.09645,true,-1.424305,2.399768,1.105339,"(0.0182,0.9988,0.0433,0.0138)",false,0,0,0,NA,-1,-1,-1,-1,-1,-2,-2,true,-1.527788,2.115806,0.8226983,"(-0.0672,0.9877,-0.1238,0.0678)",0,0,0,0,0,0,0
3,"Environment: 1, AimModifier: 1",16.11021,true,-1.424481,2.399281,1.105384,"(0.0179,0.9989,0.0407,0.0127)",false,0,0,0,NA,-1,-1,-1,-1,-1,-2,-2,true,-1.524851,2.110243,0.8185405,"(-0.0638,0.9867,-0.1295,0.0750)",0,0,0,0,0,0,0
3,"Environment: 1, AimModifier: 1",16.12421,true,-1.424546,2.398773,1.10533,"(0.0176,0.9990,0.0386,0.0117)",false,0,0,0,NA,-1,-1,-1,-1,-1,-2,-2,true,-1.521607,2.104022,0.8144046,"(-0.0521,0.9849,-0.1463,0.0764)",0,0,0,0,0,0,0
3,"Environment: 1, AimModifier: 1",16.13877,true,-1.424714,2.398427,1.105281,"(0.0185,0.9991,0.0357,0.0105)",false,0,0,0,NA,-1,-1,-1,-1,-1,-2,-2,true,-1.519463,2.096041,0.8087515,"(-0.0612,0.9735,-0.2076,0.0736)",0,0,0,0,0,0,0
3,"Environment: 1, AimModifier: 1",16.15169,true,-1.424664,2.398075,1.105315,"(0.0188,0.9992,0.0333,0.0092)",false,0,0,0,NA,-1,-1,-1,-1,-1,-2,-2,true,-1.517113,2.092793,0.8052571,"(-0.0560,0.9740,-0.2061,0.0752)",0,0,0,0,0,0,0
3,"Environment: 1, AimModifier: 1",16.16551,true,-1.424721,2.397741,1.105379,"(0.0191,0.9993,0.0303,0.0087)",false,0,0,0,NA,-1,-1,-1,-1,-1,-2,-2,true,-1.515426,2.091181,0.8019149,"(-0.0456,0.9778,-0.1928,0.0680)",0,0,0,0,0,0,0
3,"Environment: 1, AimModifier: 1",16.17943,true,-1.424774,2.397402,1.105696,"(0.0193,0.9994,0.0270,0.0080)",false,0,0,0,NA,-1,-1,-1,-1,-1,-2,-2,true,-1.514607,2.089312,0.7976965,"(-0.0294,0.9801,-0.1900,0.0486)",0,0,0,0,0,0,0
3,"Environment: 1, AimModifier: 1",16.19294,true,-1.424769,2.396977,1.106057,"(0.0192,0.9995,0.0241,0.0070)",false,0,0,0,NA,-1,-1,-1,-1,-1,-2,-2,true,-1.514514,2.087351,0.7934135,"(-0.0146,0.9804,-0.1948,0.0250)",0,0,0,0,0,0,0
3,"Environment: 1, AimModifier: 1",16.20698,true,-1.424849,2.396551,1.106169,"(0.0190,0.9996,0.0215,0.0065)",false,0,0,0,NA,-1,-1,-1,-1,-1,-2,-2,true,-1.514077,2.086165,0.7897601,"(0.0013,0.9799,-0.1993,0.0057)",0,0,0,0,0,0,0
3,"Environment: 1, AimModifier: 1",16.22086,true,-1.424673,2.396199,1.106297,"(0.0192,0.9996,0.0191,0.0057)",false,0,0,0,NA,-1,-1,-1,-1,-1,-2,-2,true,-1.513149,2.087653,0.7872981,"(0.0156,0.9830,-0.1827,0.0024)",0,0,0,0,0,0,0
3,"Environment: 1, AimModifier: 1",16.23468,true,-1.424672,2.395915,1.10649,"(0.0192,0.9997,0.0161,0.0055)",false,0,0,0,NA,-1,-1,-1,-1,-1,-2,-2,true,-1.512427,2.088874,0.7849442,"(0.0162,0.9831,-0.1826,0.0025)",0,0,0,0,0,0,0
3,"Environment: 1, AimModifier: 1",16.24866,true,-1.424467,2.395748,1.106515,"(0.0191,0.9997,0.0131,0.0048)",false,0,0,0,NA,-1,-1,-1,-1,-1,-2,-2,true,-1.511965,2.088947,0.7821845,"(0.0071,0.9812,-0.1927,0.0025)",0,0,0,0,0,0,0
3,"Environment: 1, AimModifier: 1",16.26261,true,-1.424405,2.39571,1.106478,"(0.0191,0.9997,0.0117,0.0048)",false,0,0,0,NA,-1,-1,-1,-1,-1,-2,-2,true,-1.511501,2.089642,0.779864,"(-0.0031,0.9798,-0.2000,0.0029)",0,0,0,0,0,0,0
3,"Environment: 1, AimModifier: 1",16.27644,true,-1.424418,2.395485,1.106644,"(0.0189,0.9997,0.0112,0.0046)",false,0,0,0,NA,-1,-1,-1,-1,-1,-2,-2,true,-1.510811,2.090706,0.778065,"(-0.0070,0.9794,-0.2015,0.0043)",0,0,0,0,0,0,0
3,"Environment: 1, AimModifier: 1",16.291,true,-1.424282,2.395655,1.106552,"(0.0186,0.9997,0.0122,0.0045)",false,0,0,0,NA,-1,-1,-1,-1,-1,-2,-2,true,-1.510228,2.091285,0.7763221,"(-0.0060,0.9777,-0.2097,0.0035)",0,0,0,0,0,0,0
3,"Environment: 1, AimModifier: 1",16.30467,true,-1.424034,2.395721,1.106472,"(0.0181,0.9998,0.0118,0.0046)",false,0,0,0,NA,-1,-1,-1,-1,-1,-2,-2,true,-1.509843,2.092303,0.774798,"(-0.0071,0.9785,-0.2058,0.0054)",0,0,0,0,0,0,0
3,"Environment: 1, AimModifier: 1",16.31852,true,-1.423736,2.395666,1.106492,"(0.0177,0.9998,0.0108,0.0048)",false,0,0,0,NA,-1,-1,-1,-1,-1,-2,-2,true,-1.509481,2.0931,0.7733178,"(-0.0044,0.9784,-0.2065,0.0039)",0,0,0,0,0,0,0
3,"Environment: 1, AimModifier: 1",16.3321,true,-1.423413,2.395389,1.106532,"(0.0175,0.9998,0.0090,0.0053)",false,0,0,0,NA,-1,-1,-1,-1,-1,-2,-2,true,-1.509283,2.093421,0.7719171,"(-0.0015,0.9780,-0.2087,0.0017)",0,0,0,0,0,0,0
3,"Environment: 1, AimModifier: 1",16.34609,true,-1.422992,2.395226,1.106792,"(0.0177,0.9998,0.0067,0.0060)",false,0,0,0,NA,-1,-1,-1,-1,-1,-2,-2,true,-1.509217,2.093401,0.7706717,"(-0.0014,0.9771,-0.2130,0.0005)",0,0,0,0,0,0,0
3,"Environment: 1, AimModifier: 1",16.36007,true,-1.422695,2.394976,1.10649,"(0.0179,0.9998,0.0069,0.0065)",false,0,0,0,NA,-1,-1,-1,-1,-1,-2,-2,true,-1.509055,2.093779,0.7692999,"(-0.0067,0.9766,-0.2151,0.0030)",0,0,0,0,0,0,0
3,"Environment: 1, AimModifier: 1",16.37392,true,-1.422511,2.395027,1.106627,"(0.0179,0.9998,0.0065,0.0067)",false,0,0,0,NA,-1,-1,-1,-1,-1,-2,-2,true,-1.508954,2.094321,0.7682824,"(-0.0109,0.9762,-0.2164,0.0048)",0,0,0,0,0,0,0
3,"Environment: 1, AimModifier: 1",16.38823,true,-1.422273,2.394905,1.106686,"(0.0177,0.9998,0.0057,0.0067)",false,0,0,0,NA,-1,-1,-1,-1,-1,-2,-2,true,-1.508811,2.094512,0.7674248,"(-0.0104,0.9755,-0.2195,0.0049)",0.02344316,0,0,0,0,0,0
3,"Environment: 1, AimModifier: 1",16.40196,true,-1.422064,2.394553,1.106637,"(0.0178,0.9998,0.0047,0.0068)",false,0,0,0,NA,-1,-1,-1,-1,-1,-2,-2,true,-1.508858,2.09474,0.7665645,"(-0.0083,0.9752,-0.2210,0.0034)",0.1079364,0,0,0,0,0,0
3,"Environment: 1, AimModifier: 1",16.41586,true,-1.421824,2.394529,1.106532,"(0.0179,0.9998,0.0031,0.0070)",false,0,0,0,NA,-1,-1,-1,-1,-1,-2,-2,true,-1.509183,2.09536,0.7657474,"(-0.0066,0.9758,-0.2185,-0.0002)",0.247619,0,0,0,0,0,0
3,"Environment: 1, AimModifier: 1",16.42961,true,-1.421584,2.394559,1.106277,"(0.0180,0.9998,0.0029,0.0070)",false,0,0,0,NA,-1,-1,-1,-1,-1,-2,-2,true,-1.509111,2.096171,0.7654706,"(0.0008,0.9771,-0.2128,-0.0016)",0.4910867,0,0,0,0,0,0
3,"Environment: 1, AimModifier: 1",16.44748,true,-1.421391,2.394617,1.106007,"(0.0184,0.9998,0.0037,0.0073)",false,0,0,0,NA,-1,-1,-1,-1,-1,-2,-2,true,-1.508729,2.097236,0.7652462,"(0.0075,0.9782,-0.2074,-0.0009)",0.8925519,0,0,0,0,0,0
3,"Environment: 1, AimModifier: 1",16.47162,true,-1.421167,2.394281,1.105891,"(0.0190,0.9998,0.0044,0.0075)",false,0,0,0,NA,-1,-1,-1,-1,-1,-2,-2,true,-1.509323,2.098261,0.7657903,"(0.0026,0.9780,-0.2084,-0.0029)",0.8747253,0,0,0,0,0,0
3,"Environment: 1, AimModifier: 1",16.48474,true,-1.420556,2.393675,1.105589,"(0.0195,0.9998,0.0024,0.0080)",false,0,0,0,NA,-1,-1,-1,-1,-1,-2,-2,true,-1.509521,2.099198,0.765572,"(0.0031,0.9782,-0.2078,-0.0030)",0.7682539,0,0,0,0,0,0
3,"Environment: 1, AimModifier: 1",16.49865,true,-1.420612,2.393543,1.105748,"(0.0195,0.9998,0.0010,0.0081)",false,0,0,0,NA,-1,-1,-1,-1,-1,-2,-2,true,-1.509759,2.099544,0.7657493,"(0.0016,0.9781,-0.2083,-0.0036)",0.6004884,0,0,0,0,0,0
3,"Environment: 1, AimModifier: 1",16.51214,true,-1.420442,2.393379,1.105577,"(0.0197,0.9998,-0.0006,0.0081)",false,0,0,0,NA,-1,-1,-1,-1,-1,-2,-2,true,-1.510163,2.10093,0.7657598,"(-0.0019,0.9781,-0.2080,-0.0046)",0.3267399,0,0,0,0,0,0
3,"Environment: 1, AimModifier: 1",16.52609,true,-1.420359,2.393345,1.105385,"(0.0198,0.9998,-0.0013,0.0083)",false,0,0,0,NA,-1,-1,-1,-1,-1,-2,-2,true,-1.510565,2.102539,0.7660656,"(-0.0070,0.9786,-0.2058,-0.0041)",0.1931623,0,0,0,0,0,0
3,"Environment: 1, AimModifier: 1",16.5401,true,-1.420276,2.393334,1.105135,"(0.0202,0.9998,-0.0010,0.0083)",false,0,0,0,NA,-1,-1,-1,-1,-1,-2,-2,true,-1.510369,2.103427,0.7660314,"(-0.0066,0.9786,-0.2057,0.0010)",0,0,0,0,0,0,0
3,"Environment: 1, AimModifier: 1",16.55379,true,-1.420099,2.393108,1.105036,"(0.0205,0.9998,-0.0004,0.0082)",false,0,0,0,NA,-1,-1,-1,-1,-1,-2,-2,true,-1.51078,2.10432,0.7668664,"(-0.0106,0.9797,-0.2002,0.0007)",0,0,0,0,0,0,0
3,"Environment: 1, AimModifier: 1",16.56789,true,-1.42006,2.393162,1.104893,"(0.0210,0.9997,-0.0001,0.0086)",false,0,0,0,NA,-1,-1,-1,-1,-1,-2,-2,true,-1.510689,2.104889,0.7669861,"(-0.0101,0.9797,-0.2002,0.0042)",0,0,0,0,0,0,0
3,"Environment: 1, AimModifier: 1",16.58158,true,-1.420029,2.393176,1.104865,"(0.0216,0.9997,-0.0002,0.0087)",false,0,0,0,NA,-1,-1,-1,-1,-1,-2,-2,true,-1.510722,2.105555,0.7676492,"(-0.0100,0.9800,-0.1986,0.0050)",0,0,0,0,0,0,0
3,"Environment: 1, AimModifier: 1",16.59518,true,-1.419997,2.393094,1.1049,"(0.0216,0.9997,-0.0007,0.0089)",false,0,0,0,NA,-1,-1,-1,-1,-1,-2,-2,true,-1.510728,2.106156,0.7680569,"(-0.0084,0.9801,-0.1980,0.0058)",0,0,0,0,0,0,0
3,"Environment: 1, AimModifier: 1",16.60925,true,-1.419976,2.392924,1.10497,"(0.0211,0.9997,-0.0019,0.0089)",false,0,0,0,NA,-1,-1,-1,-1,-1,-2,-2,true,-1.510898,2.106708,0.7685107,"(-0.0078,0.9805,-0.1963,0.0059)",0,0,0,0,0,0,0
3,"Environment: 1, AimModifier: 1",16.62332,true,-1.419961,2.392776,1.105084,"(0.0210,0.9997,-0.0026,0.0089)",false,0,0,0,NA,-1,-1,-1,-1,-1,-2,-2,true,-1.511197,2.106878,0.7687056,"(-0.0089,0.9806,-0.1959,0.0061)",0,0,0,0,0,0,0
3,"Environment: 1, AimModifier: 1",16.63703,true,-1.419974,2.392731,1.105133,"(0.0210,0.9997,-0.0027,0.0090)",false,0,0,0,NA,-1,-1,-1,-1,-1,-2,-2,true,-1.51146,2.107169,0.7689168,"(-0.0111,0.9806,-0.1957,0.0072)",0,0,0,0,0,0,0
3,"Environment: 1, AimModifier: 1",16.65079,true,-1.420033,2.392786,1.105105,"(0.0211,0.9997,-0.0020,0.0090)",false,0,0,0,NA,-1,-1,-1,-1,-1,-2,-2,true,-1.511468,2.10784,0.7695386,"(-0.0135,0.9807,-0.1949,0.0090)",0,0,0,0,0,0,0
3,"Environment: 1, AimModifier: 1",16.66496,true,-1.420102,2.392989,1.105066,"(0.0210,0.9997,-0.0015,0.0089)",false,0,0,0,NA,-1,-1,-1,-1,-1,-2,-2,true,-1.511205,2.108427,0.7704533,"(-0.0144,0.9809,-0.1936,0.0111)",0,0,0,0,0,0,0
3,"Environment: 1, AimModifier: 1",16.6788,true,-1.420169,2.393172,1.105072,"(0.0207,0.9997,0.0001,0.0089)",false,0,0,0,NA,-1,-1,-1,-1,-1,-2,-2,true,-1.511091,2.108918,0.7714335,"(-0.0141,0.9814,-0.1909,0.0121)",0,0,0,0,0,0,0
3,"Environment: 1, AimModifier: 1",16.69261,true,-1.420197,2.393328,1.105117,"(0.0201,0.9998,0.0004,0.0087)",false,0,0,0,NA,-1,-1,-1,-1,-1,-2,-2,true,-1.510909,2.109689,0.7729855,"(-0.0112,0.9828,-0.1840,0.0122)",0,0,0,0,0,0,0
3,"Environment: 1, AimModifier: 1",16.70674,true,-1.420179,2.393521,1.105079,"(0.0199,0.9998,0.0013,0.0087)",false,0,0,0,NA,-1,-1,-1,-1,-1,-2,-2,true,-1.510563,2.110972,0.7751563,"(-0.0085,0.9846,-0.1743,0.0126)",0,0,0,0,0,0,0
3,"Environment: 1, AimModifier: 1",16.7206,true,-1.420164,2.393886,1.10498,"(0.0202,0.9998,0.0028,0.0091)",false,0,0,0,NA,-1,-1,-1,-1,-1,-2,-2,true,-1.510008,2.11358,0.7783359,"(-0.0116,0.9873,-0.1576,0.0147)",0,0,0,0,0,0,0
3,"Environment: 1, AimModifier: 1",16.7342,true,-1.420077,2.394383,1.104789,"(0.0201,0.9997,0.0051,0.0091)",false,0,0,0,NA,-1,-1,-1,-1,-1,-2,-2,true,-1.509124,2.117438,0.7825568,"(-0.0191,0.9912,-0.1292,0.0206)",0,0,0,0,0,0,0
3,"Environment: 1, AimModifier: 1",16.74829,true,-1.41968,2.394951,1.104393,"(0.0193,0.9997,0.0078,0.0093)",false,0,0,0,NA,-1,-1,-1,-1,-1,-2,-2,true,-1.508191,2.120926,0.7876652,"(-0.0267,0.9944,-0.0978,0.0303)",0,0,0,0,0,0,0
3,"Environment: 1, AimModifier: 1",16.76201,true,-1.419384,2.395312,1.10442,"(0.0184,0.9997,0.0087,0.0095)",false,0,0,0,NA,-1,-1,-1,-1,-1,-2,-2,true,-1.507051,2.12414,0.7941173,"(-0.0288,0.9969,-0.0608,0.0413)",0,0,0,0,0,0,0
3,"Environment: 1, AimModifier: 1",16.77585,true,-1.418955,2.395657,1.104391,"(0.0182,0.9997,0.0097,0.0099)",false,0,0,0,NA,-1,-1,-1,-1,-1,-2,-2,true,-1.505788,2.127203,0.8020862,"(-0.0247,0.9983,-0.0191,0.0499)",0,0,0,0,0,0,0
3,"Environment: 1, AimModifier: 1",16.78986,true,-1.418615,2.395936,1.104361,"(0.0184,0.9997,0.0111,0.0110)",false,0,0,0,NA,-1,-1,-1,-1,-1,-2,-2,true,-1.504665,2.130456,0.8108887,"(-0.0195,0.9978,0.0300,0.0563)",0,0,0,0,0,0,0
3,"Environment: 1, AimModifier: 1",16.80368,true,-1.418139,2.396533,1.104272,"(0.0187,0.9997,0.0122,0.0120)",false,0,0,0,NA,-1,-1,-1,-1,-1,-2,-2,true,-1.503641,2.13367,0.8211947,"(-0.0123,0.9938,0.0908,0.0631)",0,0,0,0,0,0,0
3,"Environment: 1, AimModifier: 1",16.81786,true,-1.417598,2.397322,1.103875,"(0.0189,0.9996,0.0147,0.0130)",false,0,0,0,NA,-1,-1,-1,-1,-1,-2,-2,true,-1.503414,2.134914,0.832834,"(-0.0036,0.9866,0.1497,0.0644)",0,0,0,0,0,0,0
3,"Environment: 1, AimModifier: 1",16.83145,true,-1.417151,2.398418,1.103444,"(0.0202,0.9995,0.0199,0.0151)",false,0,0,0,NA,-1,-1,-1,-1,-1,-2,-2,true,-1.504638,2.133347,0.8439336,"(-0.0072,0.9815,0.1786,0.0684)",0,0,0,0,0,0,0
3,"Environment: 1, AimModifier: 1",16.84551,true,-1.416611,2.398875,1.103138,"(0.0219,0.9993,0.0248,0.0176)",false,0,0,0,NA,-1,-1,-1,-1,-1,-2,-2,true,-1.506922,2.133371,0.8548021,"(-0.0239,0.9762,0.2014,0.0770)",0,0,0,0,0,0,0
3,"Environment: 1, AimModifier: 1",16.85944,true,-1.415845,2.399364,1.103336,"(0.0243,0.9991,0.0270,0.0205)",false,0,0,0,NA,-1,-1,-1,-1,-1,-2,-2,true,-1.510253,2.135259,0.8662774,"(-0.0458,0.9680,0.2351,0.0755)",0,0,0,0,0,0,0
3,"Environment: 1, AimModifier: 1",16.87338,true,-1.415298,2.399663,1.103217,"(0.0255,0.9990,0.0288,0.0246)",false,0,0,0,NA,-1,-1,-1,-1,-1,-2,-2,true,-1.514485,2.13787,0.8786839,"(-0.0707,0.9560,0.2761,0.0697)",0,0,0,0,0,0,0
3,"Environment: 1, AimModifier: 1",16.8874,true,-1.41466,2.400134,1.102942,"(0.0271,0.9987,0.0326,0.0291)",false,0,0,0,NA,-1,-1,-1,-1,-1,-2,-2,true,-1.518895,2.138596,0.889801,"(-0.0941,0.9464,0.3022,0.0649)",0,0,0,0,0,0,0
3,"Environment: 1, AimModifier: 1",16.90093,true,-1.414083,2.400412,1.102919,"(0.0279,0.9984,0.0351,0.0334)",false,0,0,0,NA,-1,-1,-1,-1,-1,-2,-2,true,-1.522123,2.138366,0.8987298,"(-0.1086,0.9419,0.3093,0.0733)",0,0,0,0,0,0,0
3,"Environment: 1, AimModifier: 1",16.91473,true,-1.413669,2.400445,1.103405,"(0.0290,0.9982,0.0361,0.0383)",false,0,0,0,NA,-1,-1,-1,-1,-1,-2,-2,true,-1.524718,2.138668,0.9070067,"(-0.1195,0.9405,0.3069,0.0841)",0,0,0,0,0,0,0
3,"Environment: 1, AimModifier: 1",16.92886,true,-1.413365,2.40011,1.10335,"(0.0313,0.9979,0.0356,0.0441)",false,0,0,0,NA,-1,-1,-1,-1,-1,-2,-2,true,-1.527238,2.1393,0.9136432,"(-0.1306,0.9414,0.2963,0.0942)",0,0,0,0,0,0,0
3,"Environment: 1, AimModifier: 1",16.94257,true,-1.413,2.399748,1.103718,"(0.0330,0.9976,0.0356,0.0491)",false,0,0,0,NA,-1,-1,-1,-1,-1,-2,-2,true,-1.529056,2.139942,0.9189305,"(-0.1381,0.9422,0.2869,0.1039)",0,0,0,0,0,0,0
3,"Environment: 1, AimModifier: 1",16.95665,true,-1.412846,2.399524,1.104048,"(0.0335,0.9973,0.0350,0.0546)",false,0,0,0,NA,-1,-1,-1,-1,-1,-2,-2,true,-1.531414,2.140628,0.9239857,"(-0.1468,0.9396,0.2915,0.1029)",0,0,0,0,0,0,0
3,"Environment: 1, AimModifier: 1",16.97041,true,-1.412394,2.399525,1.104341,"(0.0328,0.9972,0.0336,0.0586)",false,0,0,0,NA,-1,-1,-1,-1,-1,-2,-2,true,-1.533662,2.141684,0.9290573,"(-0.1548,0.9350,0.3044,0.0956)",0,0,0,0,0,0,0
3,"Environment: 1, AimModifier: 1",16.98455,true,-1.412325,2.39896,1.104903,"(0.0310,0.9970,0.0324,0.0631)",false,0,0,0,NA,-1,-1,-1,-1,-1,-2,-2,true,-1.535124,2.143092,0.9335328,"(-0.1588,0.9324,0.3120,0.0895)",0,0,0,0,0,0,0
3,"Environment: 1, AimModifier: 1",16.9985,true,-1.412127,2.398602,1.105723,"(0.0294,0.9969,0.0301,0.0663)",false,0,0,0,NA,-1,-1,-1,-1,-1,-2,-2,true,-1.53598,2.144055,0.9372622,"(-0.1648,0.9322,0.3093,0.0907)",0,0,0,0,0,0,0
3,"Environment: 1, AimModifier: 1",17.01231,true,-1.412087,2.398381,1.106125,"(0.0274,0.9968,0.0279,0.0694)",false,0,0,0,NA,-1,-1,-1,-1,-1,-2,-2,true,-1.536628,2.144873,0.9409863,"(-0.1718,0.9305,0.3090,0.0957)",0,0,0,0,0,0,0
3,"Environment: 1, AimModifier: 1",17.02634,true,-1.411987,2.398187,1.106631,"(0.0255,0.9967,0.0270,0.0719)",false,0,0,0,NA,-1,-1,-1,-1,-1,-2,-2,true,-1.53699,2.145565,0.9448444,"(-0.1737,0.9279,0.3128,0.1043)",0,0,0,0,0,0,0
3,"Environment: 1, AimModifier: 1",17.0403,true,-1.41197,2.39824,1.107108,"(0.0235,0.9966,0.0273,0.0742)",false,0,0,0,NA,-1,-1,-1,-1,-1,-2,-2,true,-1.53702,2.146399,0.9475394,"(-0.1721,0.9273,0.3145,0.1077)",0,0,0,0,0,0,0
3,"Environment: 1, AimModifier: 1",17.05396,true,-1.412067,2.398291,1.107476,"(0.0219,0.9964,0.0280,0.0766)",false,0,0,0,NA,-1,-1,-1,-1,-1,-2,-2,true,-1.53732,2.147412,0.9502455,"(-0.1707,0.9264,0.3174,0.1096)",0,0,0,0,0,0,0
3,"Environment: 1, AimModifier: 1",17.06791,true,-1.412191,2.398137,1.108005,"(0.0207,0.9963,0.0293,0.0785)",false,0,0,0,NA,-1,-1,-1,-1,-1,-2,-2,true,-1.537599,2.148589,0.9527932,"(-0.1691,0.9240,0.3236,0.1131)",0,0,0,0,0,0,0
3,"Environment: 1, AimModifier: 1",17.08197,true,-1.412487,2.397885,1.108587,"(0.0195,0.9961,0.0301,0.0803)",false,0,0,0,NA,-1,-1,-1,-1,-1,-2,-2,true,-1.537949,2.149718,0.9548186,"(-0.1720,0.9215,0.3273,0.1192)",0,0,0,0,0,0,0
3,"Environment: 1, AimModifier: 1",17.09553,true,-1.412736,2.397473,1.109216,"(0.0186,0.9960,0.0305,0.0820)",false,0,0,0,NA,-1,-1,-1,-1,-1,-2,-2,true,-1.538261,2.151112,0.9557685,"(-0.1783,0.9196,0.3277,0.1234)",0,0,0,0,0,0,0
3,"Environment: 1, AimModifier: 1",17.10918,true,-1.412954,2.397123,1.109841,"(0.0170,0.9959,0.0306,0.0833)",false,0,0,0,NA,-1,-1,-1,-1,-1,-2,-2,true,-1.538564,2.152622,0.9566339,"(-0.1829,0.9183,0.3282,0.1247)",0,0,0,0,0,0,0
3,"Environment: 1, AimModifier: 1",17.12297,true,-1.413225,2.396908,1.110439,"(0.0155,0.9958,0.0306,0.0852)",false,0,0,0,NA,-1,-1,-1,-1,-1,-2,-2,true,-1.538997,2.153836,0.9586185,"(-0.1865,0.9164,0.3306,0.1274)",0,0,0,0,0,0,0
3,"Environment: 1, AimModifier: 1",17.13699,true,-1.413418,2.396629,1.111059,"(0.0141,0.9957,0.0307,0.0868)",false,0,0,0,NA,-1,-1,-1,-1,-1,-2,-2,true,-1.539402,2.15509,0.9605089,"(-0.1899,0.9144,0.3331,0.1301)",0,0,0,0,0,0,0
3,"Environment: 1, AimModifier: 1",17.1508,true,-1.413648,2.396362,1.111673,"(0.0127,0.9955,0.0309,0.0886)",false,0,0,0,NA,-1,-1,-1,-1,-1,-2,-2,true,-1.539857,2.156238,0.9626782,"(-0.1934,0.9123,0.3355,0.1331)",0,0,0,0,0,0,0
3,"Environment: 1, AimModifier: 1",17.1651,true,-1.413878,2.396096,1.112288,"(0.0114,0.9953,0.0310,0.0905)",false,0,0,0,NA,-1,-1,-1,-1,-1,-2,-2,true,-1.540311,2.157386,0.9648474,"(-0.1968,0.9102,0.3380,0.1361)",0,0,0,0,0,0,0
3,"Environment: 1, AimModifier: 1",17.17897,true,-1.41434,2.395382,1.1131,"(0.0061,0.9962,0.0251,0.0836)",false,0,0,0,NA,-1,-1,-1,-1,-1,-2,-2,true,-1.536292,2.160102,0.9594716,"(-0.1832,0.9114,0.3421,0.1367)",0,0,0,0,0,0,0
3,"Environment: 1, AimModifier: 1",17.19271,true,-1.414686,2.395095,1.113664,"(0.0048,0.9963,0.0238,0.0827)",false,0,0,0,NA,-1,-1,-1,-1,-1,-2,-2,true,-1.535756,2.161076,0.9593346,"(-0.1876,0.9103,0.3404,0.1424)",0,0,0,0,0,0,0
3,"Environment: 1, AimModifier: 1",17.20666,true,-1.414961,2.394777,1.11413,"(0.0042,0.9964,0.0227,0.0816)",false,0,0,0,NA,-1,-1,-1,-1,-1,-2,-2,true,-1.535226,2.161896,0.9587339,"(-0.1916,0.9106,0.3359,0.1459)",0,0,0,0,0,0,0
3,"Environment: 1, AimModifier: 1",17.22038,true,-1.415229,2.394444,1.114523,"(0.0037,0.9965,0.0215,0.0806)",false,0,0,0,NA,-1,-1,-1,-1,-1,-2,-2,true,-1.534517,2.16248,0.9583046,"(-0.1914,0.9111,0.3345,0.1466)",0,0,0,0,0,0,0
3,"Environment: 1, AimModifier: 1",17.23372,true,-1.415439,2.394186,1.114827,"(0.0035,0.9966,0.0202,0.0795)",false,0,0,0,NA,-1,-1,-1,-1,-1,-2,-2,true,-1.533664,2.162925,0.9582653,"(-0.1867,0.9111,0.3373,0.1459)",0,0,0,0,0,0,0
3,"Environment: 1, AimModifier: 1",17.2481,true,-1.415558,2.393862,1.115063,"(0.0035,0.9967,0.0189,0.0783)",false,0,0,0,NA,-1,-1,-1,-1,-1,-2,-2,true,-1.532667,2.163064,0.958384,"(-0.1783,0.9109,0.3433,0.1435)",0,0,0,0,0,0,0
3,"Environment: 1, AimModifier: 1",17.26171,true,-1.415746,2.393546,1.115255,"(0.0033,0.9969,0.0174,0.0771)",false,0,0,0,NA,-1,-1,-1,-1,-1,-2,-2,true,-1.53194,2.163288,0.9584812,"(-0.1732,0.9109,0.3472,0.1404)",0,0,0,0,0,0,0
3,"Environment: 1, AimModifier: 1",17.27534,true,-1.415851,2.393074,1.115463,"(0.0033,0.9970,0.0156,0.0752)",false,0,0,0,NA,-1,-1,-1,-1,-1,-2,-2,true,-1.531208,2.163092,0.9583089,"(-0.1676,0.9120,0.3486,0.1363)",0,0,0,0,0,0,0
3,"Environment: 1, AimModifier: 1",17.28951,true,-1.416049,2.392693,1.11552,"(0.0035,0.9972,0.0138,0.0741)",false,0,0,0,NA,-1,-1,-1,-1,-1,-2,-2,true,-1.530562,2.162845,0.9583589,"(-0.1638,0.9126,0.3488,0.1368)",0,0,0,0,0,0,0
3,"Environment: 1, AimModifier: 1",17.30334,true,-1.416093,2.392472,1.115309,"(0.0037,0.9973,0.0123,0.0727)",false,0,0,0,NA,-1,-1,-1,-1,-1,-2,-2,true,-1.530191,2.162288,0.9584562,"(-0.1645,0.9130,0.3461,0.1403)",0,0,0,0,0,0,0
3,"Environment: 1, AimModifier: 1",17.3174,true,-1.416133,2.392267,1.115011,"(0.0041,0.9974,0.0122,0.0715)",false,0,0,0,NA,-1,-1,-1,-1,-1,-2,-2,true,-1.530181,2.161892,0.9583558,"(-0.1694,0.9131,0.3416,0.1447)",0,0,0,0,0,0,0
3,"Environment: 1, AimModifier: 1",17.3314,true,-1.416124,2.392076,1.11463,"(0.0042,0.9975,0.0122,0.0702)",false,0,0,0,NA,-1,-1,-1,-1,-1,-2,-2,true,-1.530527,2.161638,0.9582751,"(-0.1753,0.9130,0.3387,0.1451)",0,0,0,0,0,0,0
3,"Environment: 1, AimModifier: 1",17.34542,true,-1.416125,2.391801,1.114237,"(0.0046,0.9975,0.0118,0.0691)",false,0,0,0,NA,-1,-1,-1,-1,-1,-2,-2,true,-1.531249,2.161369,0.958091,"(-0.1813,0.9129,0.3375,0.1405)",0,0,0,0,0,0,0
3,"Environment: 1, AimModifier: 1",17.3594,true,-1.416055,2.391538,1.113783,"(0.0051,0.9976,0.0110,0.0680)",false,0,0,0,NA,-1,-1,-1,-1,-1,-2,-2,true,-1.531533,2.160974,0.9576651,"(-0.1828,0.9142,0.3349,0.1367)",0,0,0,0,0,0,0
3,"Environment: 1, AimModifier: 1",17.37326,true,-1.416115,2.391196,1.113328,"(0.0054,0.9977,0.0100,0.0667)",false,0,0,0,NA,-1,-1,-1,-1,-1,-2,-2,true,-1.531588,2.160527,0.9573926,"(-0.1822,0.9152,0.3332,0.1350)",0,0,0,0,0,0,0
3,"Environment: 1, AimModifier: 1",17.38736,true,-1.416138,2.390925,1.11276,"(0.0056,0.9978,0.0089,0.0654)",false,0,0,0,NA,-1,-1,-1,-1,-1,-2,-2,true,-1.531547,2.16013,0.9575664,"(-0.1809,0.9151,0.3342,0.1347)",0,0,0,0,0,0,0
3,"Environment: 1, AimModifier: 1",17.40133,true,-1.41618,2.390735,1.112279,"(0.0060,0.9979,0.0079,0.0640)",false,0,0,0,NA,-1,-1,-1,-1,-1,-2,-2,true,-1.531708,2.159686,0.957506,"(-0.1843,0.9153,0.3307,0.1371)",0,0,0,0,0,0,0
3,"Environment: 1, AimModifier: 1",17.41485,true,-1.416097,2.390544,1.111701,"(0.0059,0.9980,0.0068,0.0625)",false,0,0,0,NA,-1,-1,-1,-1,-1,-2,-2,true,-1.532268,2.159296,0.9570416,"(-0.1933,0.9159,0.3225,0.1407)",0,0,0,0,0,0,0
3,"Environment: 1, AimModifier: 1",17.4288,true,-1.416039,2.39028,1.111147,"(0.0061,0.9981,0.0058,0.0611)",false,0,0,0,NA,-1,-1,-1,-1,-1,-2,-2,true,-1.533271,2.159015,0.9567313,"(-0.2054,0.9153,0.3158,0.1427)",0,0,0,0,0,0,0
3,"Environment: 1, AimModifier: 1",17.44265,true,-1.415993,2.390034,1.11061,"(0.0065,0.9982,0.0046,0.0596)",false,0,0,0,NA,-1,-1,-1,-1,-1,-2,-2,true,-1.534178,2.158808,0.9564506,"(-0.2150,0.9145,0.3115,0.1428)",0,0,0,0,0,0,0
3,"Environment: 1, AimModifier: 1",17.45658,true,-1.415928,2.389961,1.110021,"(0.0072,0.9983,0.0033,0.0582)",false,0,0,0,NA,-1,-1,-1,-1,-1,-2,-2,true,-1.53497,2.158725,0.9560615,"(-0.2220,0.9141,0.3081,0.1424)",0,0,0,0,0,0,0
3,"Environment: 1, AimModifier: 1",17.47036,true,-1.415889,2.389806,1.109426,"(0.0077,0.9984,0.0023,0.0568)",false,0,0,0,NA,-1,-1,-1,-1,-1,-2,-2,true,-1.53556,2.158651,0.9557566,"(-0.2255,0.9140,0.3060,0.1421)",0,0,0,0,0,0,0
3,"Environment: 1, AimModifier: 1",17.48418,true,-1.415859,2.389605,1.108785,"(0.0085,0.9984,0.0016,0.0555)",false,0,0,0,NA,-1,-1,-1,-1,-1,-2,-2,true,-1.535981,2.158541,0.9555545,"(-0.2270,0.9141,0.3042,0.1425)",0,0,0,0,0,0,0
3,"Environment: 1, AimModifier: 1",17.49818,true,-1.415905,2.38923,1.10815,"(0.0093,0.9985,0.0006,0.0541)",false,0,0,0,NA,-1,-1,-1,-1,-1,-2,-2,true,-1.536384,2.158502,0.9552785,"(-0.2286,0.9145,0.3016,0.1430)",0,0,0,0,0,0,0
3,"Environment: 1, AimModifier: 1",17.51204,true,-1.415957,2.388885,1.107559,"(0.0103,0.9985,-0.0011,0.0529)",false,0,0,0,NA,-1,-1,-1,-1,-1,-2,-2,true,-1.536887,2.158533,0.9548081,"(-0.2311,0.9149,0.2982,0.1438)",0,0,0,0,0,0,0
3,"Environment: 1, AimModifier: 1",17.52616,true,-1.41597,2.388594,1.106991,"(0.0110,0.9986,-0.0028,0.0519)",false,0,0,0,NA,-1,-1,-1,-1,-1,-2,-2,true,-1.537438,2.158558,0.9541423,"(-0.2354,0.9151,0.2931,0.1460)",0,0,0,0,0,0,0
3,"Environment: 1, AimModifier: 1",17.5402,true,-1.41596,2.388321,1.106385,"(0.0118,0.9986,-0.0044,0.0508)",false,0,0,0,NA,-1,-1,-1,-1,-1,-2,-2,true,-1.538126,2.158594,0.9537023,"(-0.2402,0.9143,0.2906,0.1478)",0,0,0,0,0,0,0
3,"Environment: 1, AimModifier: 1",17.55399,true,-1.415941,2.388047,1.105775,"(0.0119,0.9987,-0.0060,0.0491)",false,0,0,0,NA,-1,-1,-1,-1,-1,-2,-2,true,-1.538679,2.15864,0.9536039,"(-0.2412,0.9140,0.2901,0.1490)",0,0,0,0,0,0,0
3,"Environment: 1, AimModifier: 1",17.56805,true,-1.416077,2.38773,1.105166,"(0.0122,0.9988,-0.0077,0.0474)",false,0,0,0,NA,-1,-1,-1,-1,-1,-2,-2,true,-1.539172,2.158638,0.953622,"(-0.2376,0.9148,0.2923,0.1461)",0,0,0,0,0,0,0
3,"Environment: 1, AimModifier: 1",17.58202,true,-1.416347,2.387256,1.104778,"(0.0125,0.9988,-0.0096,0.0453)",false,0,0,0,NA,-1,-1,-1,-1,-1,-2,-2,true,-1.539344,2.158578,0.9535741,"(-0.2287,0.9165,0.2958,0.1424)",0,0,0,0,0,0,0
3,"Environment: 1, AimModifier: 1",17.5956,true,-1.416689,2.386708,1.104479,"(0.0134,0.9989,-0.0120,0.0429)",false,0,0,0,NA,-1,-1,-1,-1,-1,-2,-2,true,-1.539973,2.158454,0.9531769,"(-0.2229,0.9179,0.2973,0.1393)",0,0,0,0,0,0,0
3,"Environment: 1, AimModifier: 1",17.60947,true,-1.41707,2.386302,1.103994,"(0.0147,0.9990,-0.0149,0.0404)",false,0,0,0,NA,-1,-1,-1,-1,-1,-2,-2,true,-1.540861,2.158393,0.9527027,"(-0.2238,0.9183,0.2960,0.1381)",0,0,0,0,0,0,0
3,"Environment: 1, AimModifier: 1",17.62353,true,-1.417487,2.38571,1.10353,"(0.0160,0.9990,-0.0174,0.0377)",false,0,0,0,NA,-1,-1,-1,-1,-1,-2,-2,true,-1.541886,2.158471,0.9522333,"(-0.2296,0.9178,0.2925,0.1392)",0,0,0,0,0,0,0
3,"Environment: 1, AimModifier: 1",17.63736,true,-1.417938,2.385108,1.103128,"(0.0172,0.9990,-0.0205,0.0349)",false,0,0,0,NA,-1,-1,-1,-1,-1,-2,-2,true,-1.543194,2.158534,0.9516186,"(-0.2366,0.9171,0.2883,0.1408)",0,0,0,0,0,0,0
3,"Environment: 1, AimModifier: 1",17.65127,true,-1.418265,2.384694,1.102699,"(0.0190,0.9990,-0.0234,0.0320)",false,0,0,0,NA,-1,-1,-1,-1,-1,-2,-2,true,-1.544339,2.158494,0.9511529,"(-0.2409,0.9167,0.2861,0.1407)",0,0,0,0,0,0,0
3,"Environment: 1, AimModifier: 1",17.66538,true,-1.418619,2.384295,1.102196,"(0.0192,0.9991,-0.0252,0.0289)",false,0,0,0,NA,-1,-1,-1,-1,-1,-2,-2,true,-1.545258,2.158401,0.9508338,"(-0.2412,0.9169,0.2866,0.1378)",0,0,0,0,0,0,0
3,"Environment: 1, AimModifier: 1",17.67931,true,-1.41888,2.384131,1.101587,"(0.0197,0.9991,-0.0268,0.0260)",false,0,0,0,NA,-1,-1,-1,-1,-1,-2,-2,true,-1.545855,2.15834,0.9506899,"(-0.2382,0.9175,0.2890,0.1341)",0,0,0,0,0,0,0
3,"Environment: 1, AimModifier: 1",17.69305,true,-1.419334,2.383833,1.101012,"(0.0201,0.9991,-0.0277,0.0237)",false,0,0,0,NA,-1,-1,-1,-1,-1,-2,-2,true,-1.546331,2.158285,0.9504742,"(-0.2365,0.9178,0.2899,0.1329)",0,0,0,0,0,0,0
3,"Environment: 1, AimModifier: 1",17.70714,true,-1.419674,2.383646,1.100559,"(0.0207,0.9991,-0.0287,0.0212)",false,0,0,0,NA,-1,-1,-1,-1,-1,-2,-2,true,-1.546571,2.158223,0.950291,"(-0.2363,0.9181,0.2889,0.1330)",0,0,0,0,0,0,0
3,"Environment: 1, AimModifier: 1",17.72105,true,-1.420008,2.383437,1.100147,"(0.0211,0.9992,-0.0298,0.0191)",false,0,0,0,NA,-1,-1,-1,-1,-1,-2,-2,true,-1.547084,2.158106,0.9499729,"(-0.2383,0.9181,0.2870,0.1337)",0,0,0,0,0,0,0
3,"Environment: 1, AimModifier: 1",17.73438,true,-1.420398,2.383297,1.099723,"(0.0215,0.9992,-0.0306,0.0172)",false,0,0,0,NA,-1,-1,-1,-1,-1,-2,-2,true,-1.547747,2.157975,0.9495564,"(-0.2403,0.9182,0.2848,0.1344)",0,0,0,0,0,0,0
3,"Environment: 1, AimModifier: 1",17.7486,true,-1.420758,2.383217,1.099356,"(0.0214,0.9992,-0.0311,0.0151)",false,0,0,0,NA,-1,-1,-1,-1,-1,-2,-2,true,-1.548291,2.157834,0.9492037,"(-0.2427,0.9181,0.2831,0.1341)",0,0,0,0,0,0,0
3,"Environment: 1, AimModifier: 1",17.7624,true,-1.421104,2.383208,1.099023,"(0.0210,0.9992,-0.0312,0.0132)",false,0,0,0,NA,-1,-1,-1,-1,-1,-2,-2,true,-1.548516,2.157728,0.9491292,"(-0.2426,0.9183,0.2833,0.1325)",0,0,0,0,0,0,0
3,"Environment: 1, AimModifier: 1",17.77628,true,-1.421433,2.38308,1.098801,"(0.0205,0.9992,-0.0309,0.0116)",false,0,0,0,NA,-1,-1,-1,-1,-1,-2,-2,true,-1.548187,2.157608,0.9491736,"(-0.2405,0.9188,0.2835,0.1329)",0,0,0,0,0,0,0
3,"Environment: 1, AimModifier: 1",17.79014,true,-1.42173,2.383085,1.098498,"(0.0203,0.9992,-0.0313,0.0104)",false,0,0,0,NA,-1,-1,-1,-1,-1,-2,-2,true,-1.548292,2.157301,0.948904,"(-0.2368,0.9198,0.2835,0.1324)",0,0,0,0,0,0,0
3,"Environment: 1, AimModifier: 1",17.80424,true,-1.421915,2.383081,1.09828,"(0.0207,0.9993,-0.0314,0.0091)",false,0,0,0,NA,-1,-1,-1,-1,-1,-2,-2,true,-1.548493,2.156877,0.9486244,"(-0.2322,0.9207,0.2851,0.1310)",0,0,0,0,0,0,0
3,"Environment: 1, AimModifier: 1",17.81815,true,-1.422198,2.38318,1.097977,"(0.0210,0.9993,-0.0313,0.0081)",false,0,0,0,NA,-1,-1,-1,-1,-1,-2,-2,true,-1.548318,2.156636,0.9484291,"(-0.2292,0.9211,0.2866,0.1301)",0,0,0,0,0,0,0
3,"Environment: 1, AimModifier: 1",17.83204,true,-1.42238,2.383299,1.097781,"(0.0213,0.9993,-0.0307,0.0069)",false,0,0,0,NA,-1,-1,-1,-1,-1,-2,-2,true,-1.548177,2.156472,0.9480681,"(-0.2309,0.9212,0.2846,0.1310)",0,0,0,0,0,0,0
3,"Environment: 1, AimModifier: 1",17.84622,true,-1.422545,2.383373,1.097544,"(0.0218,0.9993,-0.0301,0.0061)",false,0,0,0,NA,-1,-1,-1,-1,-1,-2,-2,true,-1.548274,2.156251,0.9475264,"(-0.2331,0.9215,0.2818,0.1306)",0,0,0,0,0,0,0
3,"Environment: 1, AimModifier: 1",17.85994,true,-1.422716,2.383477,1.097317,"(0.0220,0.9993,-0.0293,0.0053)",false,0,0,0,NA,-1,-1,-1,-1,-1,-2,-2,true,-1.548415,2.155954,0.9469102,"(-0.2347,0.9219,0.2797,0.1297)",0,0,0,0,0,0,0
3,"Environment: 1, AimModifier: 1",17.87377,true,-1.422834,2.383646,1.097103,"(0.0221,0.9993,-0.0284,0.0046)",false,0,0,0,NA,-1,-1,-1,-1,-1,-2,-2,true,-1.548381,2.155851,0.9466155,"(-0.2350,0.9221,0.2790,0.1291)",0,0,0,0,0,0,0
3,"Environment: 1, AimModifier: 1",17.88782,true,-1.423062,2.383745,1.096833,"(0.0221,0.9994,-0.0274,0.0042)",false,0,0,0,NA,-1,-1,-1,-1,-1,-2,-2,true,-1.548161,2.155865,0.9465894,"(-0.2344,0.9221,0.2791,0.1297)",0,0,0,0,0,0,0
3,"Environment: 1, AimModifier: 1",17.90165,true,-1.423136,2.383874,1.096691,"(0.0223,0.9994,-0.0264,0.0035)",false,0,0,0,NA,-1,-1,-1,-1,-1,-2,-2,true,-1.547852,2.155839,0.9465643,"(-0.2332,0.9222,0.2795,0.1304)",0,0,0,0,0,0,0
3,"Environment: 1, AimModifier: 1",17.91524,true,-1.423342,2.383933,1.096475,"(0.0219,0.9994,-0.0255,0.0033)",false,0,0,0,NA,-1,-1,-1,-1,-1,-2,-2,true,-1.547626,2.155765,0.9464024,"(-0.2319,0.9225,0.2797,0.1303)",0,0,0,0,0,0,0
3,"Environment: 1, AimModifier: 1",17.92923,true,-1.423351,2.384123,1.096446,"(0.0218,0.9994,-0.0249,0.0033)",false,0,0,0,NA,-1,-1,-1,-1,-1,-2,-2,true,-1.547272,2.155713,0.9461172,"(-0.2307,0.9230,0.2791,0.1301)",0,0,0,0,0,0,0
3,"Environment: 1, AimModifier: 1",17.94273,true,-1.423311,2.38435,1.096479,"(0.0219,0.9995,-0.0242,0.0035)",false,0,0,0,NA,-1,-1,-1,-1,-1,-2,-2,true,-1.546881,2.155746,0.9458572,"(-0.2296,0.9234,0.2790,0.1299)",0,0,0,0,0,0,0
3,"Environment: 1, AimModifier: 1",17.95672,true,-1.423218,2.384719,1.096492,"(0.0216,0.9995,-0.0223,0.0039)",false,0,0,0,NA,-1,-1,-1,-1,-1,-2,-2,true,-1.546512,2.155787,0.9455559,"(-0.2290,0.9238,0.2782,0.1294)",0,0,0,0,0,0,0
3,"Environment: 1, AimModifier: 1",17.97048,true,-1.42281,2.38574,1.096448,"(0.0207,0.9996,-0.0190,0.0045)",false,0,0,0,NA,-1,-1,-1,-1,-1,-2,-2,true,-1.546183,2.155812,0.9452459,"(-0.2290,0.9241,0.2772,0.1292)",0,0,0,0,0,0,0
3,"Environment: 1, AimModifier: 1",17.98443,true,-1.422637,2.386365,1.09645,"(0.0189,0.9997,-0.0150,0.0058)",false,0,0,0,NA,-1,-1,-1,-1,-1,-2,-2,true,-1.546064,2.155807,0.9451384,"(-0.2294,0.9242,0.2769,0.1290)",0,0,0,0,0,0,0
3,"Environment: 1, AimModifier: 1",17.9985,true,-1.422486,2.386842,1.096655,"(0.0174,0.9998,-0.0120,0.0068)",false,0,0,0,NA,-1,-1,-1,-1,-1,-2,-2,true,-1.54566,2.155777,0.9448533,"(-0.2291,0.9245,0.2756,0.1296)",0,0,0,0,0,0,0
3,"Environment: 1, AimModifier: 1",18.01236,true,-1.422408,2.387095,1.096947,"(0.0163,0.9998,-0.0095,0.0079)",false,0,0,0,NA,-1,-1,-1,-1,-1,-2,-2,true,-1.544928,2.155713,0.9444282,"(-0.2270,0.9254,0.2739,0.1304)",0,0,0,0,0,0,0
3,"Environment: 1, AimModifier: 1",18.02651,true,-1.422432,2.38745,1.097167,"(0.0155,0.9998,-0.0078,0.0089)",false,0,0,0,NA,-1,-1,-1,-1,-1,-2,-2,true,-1.544324,2.155609,0.9440162,"(-0.2242,0.9265,0.2728,0.1299)",0,0,0,0,0,0,0
3,"Environment: 1, AimModifier: 1",18.04047,true,-1.422329,2.387813,1.09738,"(0.0156,0.9998,-0.0061,0.0098)",false,0,0,0,NA,-1,-1,-1,-1,-1,-2,-2,true,-1.543992,2.15548,0.9434904,"(-0.2207,0.9279,0.2723,0.1269)",0,0,0,0,0,0,0
3,"Environment: 1, AimModifier: 1",18.05428,true,-1.42225,2.388161,1.097631,"(0.0153,0.9998,-0.0045,0.0105)",false,0,0,0,NA,-1,-1,-1,-1,-1,-2,-2,true,-1.54386,2.155326,0.9427936,"(-0.2193,0.9292,0.2703,0.1245)",0,0,0,0,0,0,0
3,"Environment: 1, AimModifier: 1",18.06829,true,-1.422158,2.388497,1.09783,"(0.0154,0.9998,-0.0029,0.0111)",false,0,0,0,NA,-1,-1,-1,-1,-1,-2,-2,true,-1.543903,2.15511,0.9416228,"(-0.2201,0.9309,0.2651,0.1208)",0,0,0,0,0,0,0
3,"Environment: 1, AimModifier: 1",18.08232,true,-1.422197,2.388731,1.098056,"(0.0151,0.9998,-0.0018,0.0114)",false,0,0,0,NA,-1,-1,-1,-1,-1,-2,-2,true,-1.544051,2.15493,0.9401609,"(-0.2217,0.9330,0.2587,0.1156)",0,0,0,0,0,0,0
3,"Environment: 1, AimModifier: 1",18.09574,true,-1.422198,2.38925,1.098106,"(0.0155,0.9998,-0.0009,0.0118)",false,0,0,0,NA,-1,-1,-1,-1,-1,-2,-2,true,-1.544245,2.154906,0.9388686,"(-0.2224,0.9347,0.2547,0.1097)",0,0,0,0,0,0,0
3,"Environment: 1, AimModifier: 1",18.10949,true,-1.422325,2.389568,1.098155,"(0.0154,0.9998,0.0010,0.0118)",false,0,0,0,NA,-1,-1,-1,-1,-1,-2,-2,true,-1.544173,2.154987,0.9380984,"(-0.2203,0.9357,0.2538,0.1070)",0,0,0,0,0,0,0
3,"Environment: 1, AimModifier: 1",18.12365,true,-1.42235,2.389916,1.098256,"(0.0155,0.9998,0.0027,0.0120)",false,0,0,0,NA,-1,-1,-1,-1,-1,-2,-2,true,-1.544063,2.154976,0.9372618,"(-0.2193,0.9369,0.2516,0.1044)",0,0,0,0,0,0,0
3,"Environment: 1, AimModifier: 1",18.13725,true,-1.422411,2.390279,1.098355,"(0.0154,0.9998,0.0043,0.0123)",false,0,0,0,NA,-1,-1,-1,-1,-1,-2,-2,true,-1.543972,2.154933,0.9363998,"(-0.2185,0.9381,0.2490,0.1014)",0,0,0,0,0,0,0
3,"Environment: 1, AimModifier: 1",18.15099,true,-1.422715,2.390672,1.098584,"(0.0163,0.9998,0.0054,0.0117)",false,0,0,0,NA,-1,-1,-1,-1,-1,-2,-2,true,-1.543585,2.155447,0.9357303,"(-0.2125,0.9392,0.2497,0.1023)",0,0,0,0,0,0,0
3,"Environment: 1, AimModifier: 1",18.16491,true,-1.422841,2.391042,1.098707,"(0.0164,0.9998,0.0069,0.0119)",false,0,0,0,NA,-1,-1,-1,-1,-1,-2,-2,true,-1.54344,2.155497,0.9348954,"(-0.2109,0.9403,0.2477,0.0999)",0,0,0,0,0,0,0
3,"Environment: 1, AimModifier: 1",18.17892,true,-1.422967,2.391411,1.098831,"(0.0165,0.9998,0.0085,0.0120)",false,0,0,0,NA,-1,-1,-1,-1,-1,-2,-2,true,-1.543296,2.155546,0.9340606,"(-0.2093,0.9415,0.2456,0.0976)",0,0,0,0,0,0,0
3,"Environment: 1, AimModifier: 1",18.19303,true,-1.423093,2.39178,1.098955,"(0.0166,0.9997,0.0100,0.0122)",false,0,0,0,NA,-1,-1,-1,-1,-1,-2,-2,true,-1.54316,2.155593,0.9332753,"(-0.2078,0.9425,0.2437,0.0953)",0,0,0,0,0,0,0
3,"Environment: 1, AimModifier: 1",18.20673,true,-1.423946,2.39072,1.099588,"(0.0169,0.9998,0.0046,0.0050)",false,0,0,0,NA,-1,-1,-1,-1,-1,-2,-2,true,-1.544428,2.160438,0.9281473,"(-0.2005,0.9508,0.2169,0.0941)",0,0,0,0,0,0,0
3,"Environment: 1, AimModifier: 1",18.22057,true,-1.424304,2.390882,1.099825,"(0.0174,0.9998,0.0058,0.0038)",false,0,0,0,NA,-1,-1,-1,-1,-1,-2,-2,true,-1.544259,2.161114,0.9249188,"(-0.1974,0.9546,0.2015,0.0960)",0,0,0,0,0,0,0
3,"Environment: 1, AimModifier: 1",18.23385,true,-1.424647,2.391017,1.100221,"(0.0179,0.9998,0.0057,0.0023)",false,0,0,0,NA,-1,-1,-1,-1,-1,-2,-2,true,-1.543813,2.161426,0.9214467,"(-0.1908,0.9594,0.1855,0.0940)",0,0,0,0,0,0,0
3,"Environment: 1, AimModifier: 1",18.2478,true,-1.424937,2.390909,1.100548,"(0.0183,0.9998,0.0056,0.0004)",false,0,0,0,NA,-1,-1,-1,-1,-1,-2,-2,true,-1.54301,2.161494,0.9177461,"(-0.1804,0.9643,0.1677,0.0970)",0,0,0,0,0,0,0
3,"Environment: 1, AimModifier: 1",18.2618,true,-1.425212,2.390861,1.101123,"(0.0182,0.9998,0.0049,-0.0016)",false,0,0,0,NA,-1,-1,-1,-1,-1,-2,-2,true,-1.542196,2.161312,0.914031,"(-0.1635,0.9703,0.1508,0.0950)",0,0,0,0,0,0,0
3,"Environment: 1, AimModifier: 1",18.27532,true,-1.425646,2.390997,1.101506,"(0.0186,0.9998,0.0041,-0.0032)",false,0,0,0,NA,-1,-1,-1,-1,-1,-2,-2,true,-1.541986,2.161288,0.910836,"(-0.1454,0.9748,0.1446,0.0884)",0,0,0,0,0,0,0
3,"Environment: 1, AimModifier: 1",18.28929,true,-1.426235,2.391201,1.101771,"(0.0192,0.9998,0.0044,-0.0058)",false,0,0,0,NA,-1,-1,-1,-1,-1,-2,-2,true,-1.542747,2.161796,0.9081679,"(-0.1263,0.9784,0.1467,0.0728)",0,0,0,0,0,0,0
3,"Environment: 1, AimModifier: 1",18.30341,true,-1.426852,2.391533,1.101897,"(0.0201,0.9997,0.0056,-0.0085)",false,0,0,0,NA,-1,-1,-1,-1,-1,-2,-2,true,-1.54413,2.162566,0.9049874,"(-0.1165,0.9810,0.1422,0.0612)",0,0,0,0,0,0,0
3,"Environment: 1, AimModifier: 1",18.3174,true,-1.427427,2.392,1.101976,"(0.0209,0.9997,0.0077,-0.0114)",false,0,0,0,NA,-1,-1,-1,-1,-1,-2,-2,true,-1.546017,2.163644,0.9013996,"(-0.1148,0.9831,0.1322,0.0526)",0,0,0,0,0,0,0
3,"Environment: 1, AimModifier: 1",18.33153,true,-1.427957,2.392288,1.102171,"(0.0215,0.9996,0.0098,-0.0147)",false,0,0,0,NA,-1,-1,-1,-1,-1,-2,-2,true,-1.549105,2.165346,0.8976262,"(-0.1256,0.9839,0.1181,0.0471)",0,0,0,0,0,0,0
3,"Environment: 1, AimModifier: 1",18.34559,true,-1.428507,2.39251,1.102462,"(0.0217,0.9995,0.0109,-0.0179)",false,0,0,0,NA,-1,-1,-1,-1,-1,-2,-2,true,-1.552275,2.167392,0.8943892,"(-0.1390,0.9838,0.1046,0.0427)",0,0,0,0,0,0,0
3,"Environment: 1, AimModifier: 1",18.35944,true,-1.429031,2.392605,1.102764,"(0.0222,0.9995,0.0116,-0.0209)",false,0,0,0,NA,-1,-1,-1,-1,-1,-2,-2,true,-1.556587,2.170658,0.8923494,"(-0.1640,0.9801,0.1038,0.0403)",0,0,0,0,0,0,0
3,"Environment: 1, AimModifier: 1",18.37322,true,-1.429535,2.392779,1.103118,"(0.0227,0.9994,0.0120,-0.0243)",false,0,0,0,NA,-1,-1,-1,-1,-1,-2,-2,true,-1.56185,2.175406,0.8922623,"(-0.2051,0.9710,0.1137,0.0460)",0,0,0,0,0,0,0
3,"Environment: 1, AimModifier: 1",18.38742,true,-1.43012,2.393013,1.103409,"(0.0230,0.9993,0.0122,-0.0279)",false,0,0,0,NA,-1,-1,-1,-1,-1,-2,-2,true,-1.566573,2.180204,0.8925231,"(-0.2500,0.9587,0.1198,0.0639)",0,0,0,0,0,0,0
3,"Environment: 1, AimModifier: 1",18.40136,true,-1.430757,2.393388,1.103576,"(0.0236,0.9991,0.0124,-0.0318)",false,0,0,0,NA,-1,-1,-1,-1,-1,-2,-2,true,-1.571264,2.185421,0.8933755,"(-0.3042,0.9404,0.1185,0.0948)",0,0,0,0,0,0,0
3,"Environment: 1, AimModifier: 1",18.41497,true,-1.431408,2.39361,1.103692,"(0.0243,0.9990,0.0141,-0.0359)",false,0,0,0,NA,-1,-1,-1,-1,-1,-2,-2,true,-1.57545,2.18935,0.893182,"(-0.3447,0.9243,0.1092,0.1220)",0,0,0,0,0,0,0
3,"Environment: 1, AimModifier: 1",18.42937,true,-1.432078,2.394055,1.103724,"(0.0251,0.9988,0.0156,-0.0399)",false,0,0,0,NA,-1,-1,-1,-1,-1,-2,-2,true,-1.580603,2.192763,0.8933629,"(-0.3885,0.9035,0.1060,0.1468)",0,0,0,0,0,0,0
3,"Environment: 1, AimModifier: 1",18.44307,true,-1.432891,2.394321,1.10352,"(0.0256,0.9986,0.0177,-0.0438)",false,0,0,0,NA,-1,-1,-1,-1,-1,-2,-2,true,-1.586769,2.195741,0.8934352,"(-0.4299,0.8821,0.1042,0.1619)",0,0,0,0,0,0,0
3,"Environment: 1, AimModifier: 1",18.45673,true,-1.433537,2.394704,1.103622,"(0.0266,0.9983,0.0191,-0.0478)",false,0,0,0,NA,-1,-1,-1,-1,-1,-2,-2,true,-1.593763,2.198324,0.8934128,"(-0.4764,0.8546,0.1097,0.1754)",0,0,0,0,0,0,0
3,"Environment: 1, AimModifier: 1",18.47009,true,-1.434201,2.394786,1.103647,"(0.0277,0.9981,0.0199,-0.0520)",false,0,0,0,NA,-1,-1,-1,-1,-1,-2,-2,true,-1.601308,2.200165,0.8937291,"(-0.5263,0.8205,0.1178,0.1895)",0,0,0,0,0,0,0
3,"Environment: 1, AimModifier: 1",18.48413,true,-1.435008,2.3949,1.103849,"(0.0289,0.9978,0.0200,-0.0561)",false,0,0,0,NA,-1,-1,-1,-1,-1,-2,-2,true,-1.607916,2.201457,0.8938266,"(-0.5618,0.7934,0.1198,0.2015)",0,0,0,0,0,0,0
3,"Environment: 1, AimModifier: 1",18.49812,true,-1.435871,2.394911,1.104043,"(0.0295,0.9976,0.0194,-0.0601)",false,0,0,0,NA,-1,-1,-1,-1,-1,-2,-2,true,-1.613399,2.201795,0.893329,"(-0.5828,0.7767,0.1218,0.2057)",0,0,0,0,0,0,0
3,"Environment: 1, AimModifier: 1",18.51192,true,-1.436538,2.395301,1.103864,"(0.0301,0.9972,0.0198,-0.0651)",false,0,0,0,NA,-1,-1,-1,-1,-1,-2,-2,true,-1.61882,2.202132,0.8933768,"(-0.6018,0.7596,0.1300,0.2098)",0,0,0,0,0,0,0
3,"Environment: 1, AimModifier: 1",18.52606,true,-1.437345,2.395872,1.103733,"(0.0311,0.9968,0.0221,-0.0700)",false,0,0,0,NA,-1,-1,-1,-1,-1,-2,-2,true,-1.62414,2.202377,0.8940099,"(-0.6182,0.7446,0.1383,0.2101)",0,0,0,0,0,0,0
3,"Environment: 1, AimModifier: 1",18.53995,true,-1.438387,2.396292,1.103669,"(0.0322,0.9964,0.0247,-0.0745)",false,0,0,0,NA,-1,-1,-1,-1,-1,-2,-2,true,-1.628623,2.202611,0.8947349,"(-0.6368,0.7250,0.1507,0.2149)",0,0,0,0,0,0,0
3,"Environment: 1, AimModifier: 1",18.5537,true,-1.439198,2.396577,1.103745,"(0.0342,0.9959,0.0259,-0.0793)",false,0,0,0,NA,-1,-1,-1,-1,-1,-2,-2,true,-1.631196,2.202763,0.8959796,"(-0.6403,0.7213,0.1593,0.2107)",0,0,0,0,0,0,0
3,"Environment: 1, AimModifier: 1",18.56778,true,-1.439894,2.396518,1.103951,"(0.0353,0.9955,0.0262,-0.0837)",false,0,0,0,NA,-1,-1,-1,-1,-1,-2,-2,true,-1.632857,2.203124,0.8977016,"(-0.6369,0.7231,0.1725,0.2044)",0,0,0,0,0,0,0
3,"Environment: 1, AimModifier: 1",18.58184,true,-1.440656,2.396484,1.104152,"(0.0360,0.9952,0.0261,-0.0872)",false,0,0,0,NA,-1,-1,-1,-1,-1,-2,-2,true,-1.63394,2.203286,0.8993343,"(-0.6331,0.7247,0.1833,0.2008)",0,0,0,0,0,0,0
3,"Environment: 1, AimModifier: 1",18.59541,true,-1.441188,2.396687,1.104239,"(0.0368,0.9949,0.0257,-0.0903)",false,0,0,0,NA,-1,-1,-1,-1,-1,-2,-2,true,-1.633175,2.202904,0.9008511,"(-0.6280,0.7263,0.1868,0.2077)",0,0,0,0,0,0,0
3,"Environment: 1, AimModifier: 1",18.60934,true,-1.441857,2.396801,1.104226,"(0.0368,0.9947,0.0263,-0.0927)",false,0,0,0,NA,-1,-1,-1,-1,-1,-2,-2,true,-1.633348,2.202515,0.9021342,"(-0.6289,0.7230,0.1890,0.2144)",0,0,0,0,0,0,0
3,"Environment: 1, AimModifier: 1",18.62327,true,-1.442179,2.396985,1.104216,"(0.0366,0.9944,0.0269,-0.0954)",false,0,0,0,NA,-1,-1,-1,-1,-1,-2,-2,true,-1.632054,2.201575,0.9034142,"(-0.6263,0.7245,0.1880,0.2181)",0,0,0,0,0,0,0
3,"Environment: 1, AimModifier: 1",18.63715,true,-1.442572,2.397171,1.104183,"(0.0362,0.9942,0.0276,-0.0969)",false,0,0,0,NA,-1,-1,-1,-1,-1,-2,-2,true,-1.63027,2.200587,0.9045243,"(-0.6187,0.7316,0.1864,0.2173)",0,0,0,0,0,0,0
3,"Environment: 1, AimModifier: 1",18.651,true,-1.442879,2.397412,1.104173,"(0.0360,0.9941,0.0282,-0.0979)",false,0,0,0,NA,-1,-1,-1,-1,-1,-2,-2,true,-1.627527,2.1994,0.9056313,"(-0.6031,0.7460,0.1839,0.2143)",0,0,0,0,0,0,0
3,"Environment: 1, AimModifier: 1",18.66495,true,-1.44304,2.397427,1.104104,"(0.0357,0.9941,0.0293,-0.0981)",false,0,0,0,NA,-1,-1,-1,-1,-1,-2,-2,true,-1.623898,2.198524,0.9068712,"(-0.5776,0.7686,0.1836,0.2046)",0,0,0,0,0,0,0
3,"Environment: 1, AimModifier: 1",18.67884,true,-1.443105,2.397515,1.104037,"(0.0354,0.9941,0.0300,-0.0978)",false,0,0,0,NA,-1,-1,-1,-1,-1,-2,-2,true,-1.619266,2.198116,0.9079047,"(-0.5438,0.7962,0.1823,0.1926)",0,0,0,0,0,0,0
3,"Environment: 1, AimModifier: 1",18.69263,true,-1.443046,2.397417,1.103952,"(0.0348,0.9943,0.0302,-0.0964)",false,0,0,0,NA,-1,-1,-1,-1,-1,-2,-2,true,-1.613087,2.197876,0.9085435,"(-0.4994,0.8286,0.1784,0.1793)",0,0,0,0,0,0,0
3,"Environment: 1, AimModifier: 1",18.70682,true,-1.443383,2.397553,1.104055,"(0.0337,0.9945,0.0299,-0.0942)",false,0,0,0,NA,-1,-1,-1,-1,-1,-2,-2,true,-1.60454,2.197248,0.9083558,"(-0.4355,0.8694,0.1700,0.1598)",0,0,0,0,0,0,0
3,"Environment: 1, AimModifier: 1",18.72079,true,-1.44313,2.397454,1.104123,"(0.0329,0.9948,0.0290,-0.0918)",false,0,0,0,NA,-1,-1,-1,-1,-1,-2,-2,true,-1.596341,2.195819,0.9077245,"(-0.3663,0.9061,0.1653,0.1322)",0,0,0,0,0,0,0
3,"Environment: 1, AimModifier: 1",18.73466,true,-1.442876,2.397254,1.104104,"(0.0322,0.9951,0.0288,-0.0890)",false,0,0,0,NA,-1,-1,-1,-1,-1,-2,-2,true,-1.588549,2.193286,0.906399,"(-0.2973,0.9359,0.1602,0.1001)",0,0,0,0,0,0,0
3,"Environment: 1, AimModifier: 1",18.74876,true,-1.442585,2.397112,1.104067,"(0.0318,0.9954,0.0288,-0.0857)",false,0,0,0,NA,-1,-1,-1,-1,-1,-2,-2,true,-1.581524,2.189664,0.9044272,"(-0.2316,0.9584,0.1529,0.0668)",0,0,0,0,0,0,0
3,"Environment: 1, AimModifier: 1",18.76264,true,-1.442269,2.397054,1.103979,"(0.0311,0.9957,0.0295,-0.0823)",false,0,0,0,NA,-1,-1,-1,-1,-1,-2,-2,true,-1.57515,2.185387,0.9009158,"(-0.1745,0.9742,0.1383,0.0378)",0,0,0,0,0,0,0
3,"Environment: 1, AimModifier: 1",18.77649,true,-1.44188,2.397052,1.103891,"(0.0303,0.9960,0.0302,-0.0789)",false,0,0,0,NA,-1,-1,-1,-1,-1,-2,-2,true,-1.570338,2.180894,0.8970277,"(-0.1267,0.9845,0.1213,0.0051)",0,0,0,0,0,0,0
3,"Environment: 1, AimModifier: 1",18.7904,true,-1.441481,2.397025,1.103848,"(0.0295,0.9962,0.0304,-0.0757)",false,0,0,0,NA,-1,-1,-1,-1,-1,-2,-2,true,-1.566441,2.176423,0.8938825,"(-0.0815,0.9905,0.1088,-0.0209)",0,0,0,0,0,0,0
3,"Environment: 1, AimModifier: 1",18.80451,true,-1.440742,2.396838,1.104065,"(0.0282,0.9965,0.0301,-0.0724)",false,0,0,0,NA,-1,-1,-1,-1,-1,-2,-2,true,-1.563169,2.172063,0.8912679,"(-0.0428,0.9934,0.0990,-0.0379)",0,0,0,0,0,0,0
3,"Environment: 1, AimModifier: 1",18.8183,true,-1.440432,2.396579,1.104331,"(0.0270,0.9969,0.0291,-0.0686)",false,0,0,0,NA,-1,-1,-1,-1,-1,-2,-2,true,-1.560524,2.167738,0.8889914,"(-0.0145,0.9949,0.0885,-0.0453)",0,0,0,0,0,0,0
3,"Environment: 1, AimModifier: 1",18.83215,true,-1.439913,2.396687,1.104495,"(0.0261,0.9971,0.0283,-0.0656)",false,0,0,0,NA,-1,-1,-1,-1,-1,-2,-2,true,-1.55862,2.164105,0.8870781,"(-0.0046,0.9961,0.0770,-0.0423)",0,0,0,0,0,0,0
3,"Environment: 1, AimModifier: 1",18.84628,true,-1.439621,2.396424,1.104446,"(0.0252,0.9973,0.0293,-0.0624)",false,0,0,0,NA,-1,-1,-1,-1,-1,-2,-2,true,-1.557248,2.161436,0.8856498,"(-0.0088,0.9971,0.0672,-0.0342)",0,0,0,0,0,0,0
3,"Environment: 1, AimModifier: 1",18.86005,true,-1.439052,2.396692,1.104797,"(0.0243,0.9975,0.0284,-0.0596)",false,0,0,0,NA,-1,-1,-1,-1,-1,-2,-2,true,-1.555648,2.159127,0.8839458,"(-0.0183,0.9982,0.0537,-0.0209)",0,0,0,0,0,0,0
3,"Environment: 1, AimModifier: 1",18.87405,true,-1.438546,2.396555,1.104808,"(0.0234,0.9977,0.0285,-0.0569)",false,0,0,0,NA,-1,-1,-1,-1,-1,-2,-2,true,-1.554938,2.157808,0.8820499,"(-0.0449,0.9982,0.0404,-0.0025)",0,0,0,0,0,0,0
3,"Environment: 1, AimModifier: 1",18.88804,true,-1.438097,2.396777,1.104774,"(0.0226,0.9979,0.0286,-0.0540)",false,0,0,0,NA,-1,-1,-1,-1,-1,-2,-2,true,-1.554066,2.156117,0.8794348,"(-0.0603,0.9978,0.0266,0.0067)",0,0,0,0,0,0,0
3,"Environment: 1, AimModifier: 1",18.90169,true,-1.437786,2.396737,1.104918,"(0.0214,0.9980,0.0297,-0.0510)",false,0,0,0,NA,-1,-1,-1,-1,-1,-2,-2,true,-1.553213,2.154137,0.8756343,"(-0.0703,0.9974,0.0098,0.0093)",0,0,0,0,0,0,0
3,"Environment: 1, AimModifier: 1",18.91528,true,-1.437411,2.396531,1.105112,"(0.0207,0.9982,0.0300,-0.0481)",false,0,0,0,NA,-1,-1,-1,-1,-1,-2,-2,true,-1.55174,2.15169,0.8708449,"(-0.0682,0.9976,-0.0074,0.0047)",0,0,0,0,0,0,0
3,"Environment: 1, AimModifier: 1",18.92931,true,-1.437118,2.396445,1.105329,"(0.0197,0.9984,0.0289,-0.0454)",false,0,0,0,NA,-1,-1,-1,-1,-1,-2,-2,true,-1.549214,2.14896,0.8655769,"(-0.0473,0.9987,-0.0187,-0.0058)",0,0,0,0,0,0,0
3,"Environment: 1, AimModifier: 1",18.94317,true,-1.436863,2.396199,1.105598,"(0.0193,0.9985,0.0283,-0.0427)",false,0,0,0,NA,-1,-1,-1,-1,-1,-2,-2,true,-1.5461,2.1469,0.8600996,"(-0.0164,0.9996,-0.0150,-0.0162)",0,0,0,0,0,0,0
3,"Environment: 1, AimModifier: 1",18.9572,true,-1.436536,2.396018,1.105799,"(0.0191,0.9986,0.0277,-0.0404)",false,0,0,0,NA,-1,-1,-1,-1,-1,-2,-2,true,-1.543654,2.145035,0.8546308,"(-0.0005,0.9997,-0.0152,-0.0190)",0,0,0,0,0,0,0
3,"Environment: 1, AimModifier: 1",18.97087,true,-1.436295,2.395872,1.106207,"(0.0183,0.9988,0.0263,-0.0381)",false,0,0,0,NA,-1,-1,-1,-1,-1,-2,-2,true,-1.541665,2.142977,0.8487157,"(0.0022,0.9995,-0.0282,-0.0152)",0,0,0,0,0,0,0
3,"Environment: 1, AimModifier: 1",18.9849,true,-1.43602,2.395587,1.106697,"(0.0172,0.9989,0.0246,-0.0363)",false,0,0,0,NA,-1,-1,-1,-1,-1,-2,-2,true,-1.539654,2.140733,0.8426425,"(0.0005,0.9988,-0.0492,-0.0083)",0,0,0,0,0,0,0
3,"Environment: 1, AimModifier: 1",18.99888,true,-1.435908,2.395367,1.106953,"(0.0162,0.9990,0.0232,-0.0344)",false,0,0,0,NA,-1,-1,-1,-1,-1,-2,-2,true,-1.537186,2.138994,0.8364214,"(-0.0006,0.9974,-0.0721,0.0023)",0,0,0,0,0,0,0
3,"Environment: 1, AimModifier: 1",19.01269,true,-1.435721,2.395462,1.107365,"(0.0151,0.9991,0.0216,-0.0326)",false,0,0,0,NA,-1,-1,-1,-1,-1,-2,-2,true,-1.534236,2.138184,0.8306015,"(0.0023,0.9961,-0.0874,0.0152)",0,0,0,0,0,0,0
3,"Environment: 1, AimModifier: 1",19.02676,true,-1.435521,2.395533,1.107631,"(0.0141,0.9992,0.0206,-0.0309)",false,0,0,0,NA,-1,-1,-1,-1,-1,-2,-2,true,-1.531556,2.138776,0.8249493,"(-0.0007,0.9950,-0.0959,0.0274)",0,0,0,0,0,0,0
3,"Environment: 1, AimModifier: 1",19.04069,true,-1.435396,2.395459,1.108041,"(0.0127,0.9993,0.0200,-0.0293)",false,0,0,0,NA,-1,-1,-1,-1,-1,-2,-2,true,-1.529454,2.140231,0.8195814,"(0.0018,0.9939,-0.1061,0.0286)",0,0,0,0,0,0,0
3,"Environment: 1, AimModifier: 1",19.05437,true,-1.435141,2.395557,1.108662,"(0.0115,0.9994,0.0187,-0.0280)",false,0,0,0,NA,-1,-1,-1,-1,-1,-2,-2,true,-1.527083,2.142908,0.8145159,"(0.0155,0.9936,-0.1093,0.0257)",0,0,0,0,0,0,0
3,"Environment: 1, AimModifier: 1",19.06841,true,-1.434897,2.395298,1.10899,"(0.0101,0.9994,0.0174,-0.0264)",false,0,0,0,NA,-1,-1,-1,-1,-1,-2,-2,true,-1.524393,2.146214,0.8093084,"(0.0380,0.9932,-0.1082,0.0222)",0,0,0,0,0,0,0
3,"Environment: 1, AimModifier: 1",19.08248,true,-1.434626,2.395234,1.109731,"(0.0088,0.9995,0.0154,-0.0249)",false,0,0,0,NA,-1,-1,-1,-1,-1,-2,-2,true,-1.521858,2.149871,0.8041387,"(0.0604,0.9930,-0.0997,0.0197)",0,0,0,0,0,0,0
3,"Environment: 1, AimModifier: 1",19.09606,true,-1.434427,2.394968,1.110478,"(0.0077,0.9996,0.0125,-0.0231)",false,0,0,0,NA,-1,-1,-1,-1,-1,-2,-2,true,-1.519792,2.153448,0.7979487,"(0.0843,0.9912,-0.1003,0.0166)",0,0,0,0,0,0,0
3,"Environment: 1, AimModifier: 1",19.10991,true,-1.434187,2.394678,1.111124,"(0.0062,0.9997,0.0103,-0.0215)",false,0,0,0,NA,-1,-1,-1,-1,-1,-2,-2,true,-1.518262,2.156125,0.7915512,"(0.0953,0.9894,-0.1085,0.0156)",0,0,0,0,0,0,0
3,"Environment: 1, AimModifier: 1",19.12361,true,-1.434047,2.394447,1.111954,"(0.0044,0.9998,0.0074,-0.0197)",false,0,0,0,NA,-1,-1,-1,-1,-1,-2,-2,true,-1.517532,2.158818,0.7844706,"(0.0918,0.9875,-0.1265,0.0180)",0,0,0,0,0,0,0
3,"Environment: 1, AimModifier: 1",19.13739,true,-1.433773,2.394255,1.11274,"(0.0028,0.9998,0.0050,-0.0184)",false,0,0,0,NA,-1,-1,-1,-1,-1,-2,-2,true,-1.515899,2.161307,0.7783807,"(0.0979,0.9862,-0.1320,0.0202)",0,0,0,0,0,0,0
3,"Environment: 1, AimModifier: 1",19.1513,true,-1.433548,2.394048,1.113489,"(0.0013,0.9999,0.0028,-0.0168)",false,0,0,0,NA,-1,-1,-1,-1,-1,-2,-2,true,-1.514111,2.163626,0.772363,"(0.1071,0.9843,-0.1388,0.0209)",0,0,0,0,0,0,0
3,"Environment: 1, AimModifier: 1",19.16526,true,-1.433323,2.39384,1.114239,"(-0.0001,0.9999,0.0006,-0.0152)",false,0,0,0,NA,-1,-1,-1,-1,-1,-2,-2,true,-1.512323,2.165944,0.7663459,"(0.1163,0.9823,-0.1455,0.0217)",0,0,0,0,0,0,0
3,"Environment: 1, AimModifier: 1",19.17939,true,-1.433122,2.393567,1.115054,"(-0.0017,0.9999,-0.0019,-0.0139)",false,0,0,0,NA,-1,-1,-1,-1,-1,-2,-2,true,-1.511584,2.169102,0.7599697,"(0.1056,0.9825,-0.1509,0.0288)",0,0,0,0,0,0,0
3,"Environment: 1, AimModifier: 1",19.19303,true,-1.432835,2.394649,1.11498,"(-0.0044,0.9999,0.0015,-0.0162)",false,0,0,0,NA,-1,-1,-1,-1,-1,-2,-2,true,-1.515334,2.165407,0.7546818,"(0.0378,0.9747,-0.2094,0.0692)",0,0,0,0,0,0,0
3,"Environment: 1, AimModifier: 1",19.20724,true,-1.432528,2.394766,1.115481,"(-0.0061,0.9998,0.0021,-0.0167)",false,0,0,0,NA,-1,-1,-1,-1,-1,-2,-2,true,-1.516342,2.165836,0.749904,"(0.0382,0.9727,-0.2186,0.0677)",0,0,0,0,0,0,0
3,"Environment: 1, AimModifier: 1",19.22112,true,-1.432259,2.394938,1.115796,"(-0.0071,0.9998,0.0025,-0.0172)",false,0,0,0,NA,-1,-1,-1,-1,-1,-2,-2,true,-1.518085,2.166571,0.7458481,"(0.0424,0.9729,-0.2207,0.0553)",0,0,0,0,0,0,0
3,"Environment: 1, AimModifier: 1",19.23469,true,-1.431912,2.395227,1.116063,"(-0.0076,0.9998,0.0031,-0.0174)",false,0,0,0,NA,-1,-1,-1,-1,-1,-2,-2,true,-1.5193,2.16716,0.7426176,"(0.0568,0.9738,-0.2159,0.0433)",0,0,0,0,0,0,0
3,"Environment: 1, AimModifier: 1",19.24874,true,-1.431588,2.395533,1.116235,"(-0.0071,0.9998,0.0043,-0.0173)",false,0,0,0,NA,-1,-1,-1,-1,-1,-2,-2,true,-1.519842,2.166811,0.7400889,"(0.0819,0.9737,-0.2102,0.0319)",0,0,0,0,0,0,0
3,"Environment: 1, AimModifier: 1",19.26208,true,-1.431346,2.395828,1.116307,"(-0.0064,0.9998,0.0057,-0.0167)",false,0,0,0,NA,-1,-1,-1,-1,-1,-2,-2,true,-1.519943,2.165758,0.7379095,"(0.1067,0.9722,-0.2069,0.0240)",0,0,0,0,0,0,0
3,"Environment: 1, AimModifier: 1",19.27571,true,-1.430983,2.396111,1.116356,"(-0.0060,0.9998,0.0071,-0.0165)",false,0,0,0,NA,-1,-1,-1,-1,-1,-2,-2,true,-1.519223,2.164026,0.7357801,"(0.1344,0.9684,-0.2093,0.0170)",0,0,0,0,0,0,0
3,"Environment: 1, AimModifier: 1",19.28982,true,-1.430596,2.396262,1.116283,"(-0.0059,0.9998,0.0083,-0.0165)",false,0,0,0,NA,-1,-1,-1,-1,-1,-2,-2,true,-1.52003,2.162266,0.7336431,"(0.1190,0.9675,-0.2220,0.0216)",0,0,0,0,0,0,0
3,"Environment: 1, AimModifier: 1",19.30345,true,-1.430284,2.396423,1.116252,"(-0.0058,0.9998,0.0089,-0.0161)",false,0,0,0,NA,-1,-1,-1,-1,-1,-2,-2,true,-1.520043,2.160827,0.7320495,"(0.1128,0.9671,-0.2268,0.0241)",0,0,0,0,0,0,0
3,"Environment: 1, AimModifier: 1",19.31756,true,-1.429941,2.396525,1.116169,"(-0.0058,0.9998,0.0092,-0.0158)",false,0,0,0,NA,-1,-1,-1,-1,-1,-2,-2,true,-1.519587,2.158901,0.7304463,"(0.1036,0.9652,-0.2380,0.0306)",0,0,0,0,0,0,0
3,"Environment: 1, AimModifier: 1",19.33123,true,-1.429705,2.396653,1.115947,"(-0.0050,0.9998,0.0100,-0.0152)",false,0,0,0,NA,-1,-1,-1,-1,-1,-2,-2,true,-1.518939,2.157073,0.7296112,"(0.0993,0.9638,-0.2449,0.0357)",0,0,0,0,0,0,0
3,"Environment: 1, AimModifier: 1",19.3453,true,-1.429389,2.396778,1.115659,"(-0.0040,0.9998,0.0110,-0.0148)",false,0,0,0,NA,-1,-1,-1,-1,-1,-2,-2,true,-1.517763,2.15516,0.7291048,"(0.1051,0.9621,-0.2482,0.0407)",0,0,0,0,0,0,0
3,"Environment: 1, AimModifier: 1",19.35938,true,-1.429029,2.39683,1.11543,"(-0.0035,0.9998,0.0114,-0.0144)",false,0,0,0,NA,-1,-1,-1,-1,-1,-2,-2,true,-1.517162,2.15361,0.7282519,"(0.1105,0.9609,-0.2506,0.0403)",0,0,0,0,0,0,0
3,"Environment: 1, AimModifier: 1",19.37326,true,-1.428782,2.396677,1.115264,"(-0.0030,0.9998,0.0114,-0.0138)",false,0,0,0,NA,-1,-1,-1,-1,-1,-2,-2,true,-1.516982,2.152694,0.7273327,"(0.1138,0.9610,-0.2495,0.0357)",0,0,0,0,0,0,0
3,"Environment: 1, AimModifier: 1",19.38748,true,-1.428469,2.396605,1.115087,"(-0.0025,0.9999,0.0108,-0.0133)",false,0,0,0,NA,-1,-1,-1,-1,-1,-2,-2,true,-1.51689,2.152259,0.7263029,"(0.1140,0.9616,-0.2474,0.0325)",0.02344316,0,0,0,0,0,0
3,"Environment: 1, AimModifier: 1",19.40133,true,-1.428236,2.396407,1.11486,"(-0.0025,0.9999,0.0100,-0.0127)",false,0,0,0,NA,-1,-1,-1,-1,-1,-2,-2,true,-1.516765,2.152332,0.7255263,"(0.1113,0.9628,-0.2444,0.0307)",0.0615384,0,0,0,0,0,0
3,"Environment: 1, AimModifier: 1",19.41498,true,-1.427967,2.396338,1.114617,"(-0.0023,0.9999,0.0093,-0.0123)",false,0,0,0,NA,-1,-1,-1,-1,-1,-2,-2,true,-1.516692,2.152894,0.7259111,"(0.1091,0.9634,-0.2427,0.0322)",0.1194139,0,0,0,0,0,0
3,"Environment: 1, AimModifier: 1",19.42899,true,-1.427835,2.396251,1.114375,"(-0.0018,0.9999,0.0085,-0.0117)",false,0,0,0,NA,-1,-1,-1,-1,-1,-2,-2,true,-1.516482,2.152874,0.7257106,"(0.1084,0.9633,-0.2433,0.0329)",0.3909646,0,0,0,0,0,0
3,"Environment: 1, AimModifier: 1",19.44327,true,-1.42763,2.396192,1.114075,"(-0.0010,0.9999,0.0079,-0.0111)",false,0,0,0,NA,-1,-1,-1,-1,-1,-2,-2,true,-1.51589,2.152424,0.7245778,"(0.1088,0.9628,-0.2446,0.0362)",0.7379731,0,0,0,0,0,0
3,"Environment: 1, AimModifier: 1",19.45681,true,-1.427464,2.396142,1.113833,"(-0.0005,0.9999,0.0077,-0.0106)",false,0,0,0,NA,-1,-1,-1,-1,-1,-2,-2,true,-1.516051,2.153175,0.7246675,"(0.1080,0.9634,-0.2426,0.0363)",0.9570208,0,0,0,0,0,0
3,"Environment: 1, AimModifier: 1",19.47181,true,-1.427231,2.396089,1.113704,"(-0.0006,0.9999,0.0072,-0.0102)",false,0,0,0,NA,-1,-1,-1,-1,-1,-2,-2,true,-1.516039,2.154644,0.7232605,"(0.1040,0.9650,-0.2380,0.0355)",0.981685,0,0,0,0,0,0
3,"Environment: 1, AimModifier: 1",19.48609,true,-1.427038,2.396059,1.113436,"(-0.0005,0.9999,0.0067,-0.0096)",false,0,0,0,NA,-1,-1,-1,-1,-1,-2,-2,true,-1.516501,2.155823,0.7229139,"(0.1020,0.9660,-0.2353,0.0325)",0.980464,0,0,0,0,0,0
3,"Environment: 1, AimModifier: 1",19.49974,true,-1.426827,2.395944,1.113195,"(-0.0006,0.9999,0.0071,-0.0094)",false,0,0,0,NA,-1,-1,-1,-1,-1,-2,-2,true,-1.516894,2.157055,0.7229375,"(0.1049,0.9667,-0.2318,0.0290)",0.9064713,0,0,0,0,0,0
3,"Environment: 1, AimModifier: 1",19.51303,true,-1.426743,2.395874,1.113059,"(-0.0006,0.9999,0.0070,-0.0089)",false,0,0,0,NA,-1,-1,-1,-1,-1,-2,-2,true,-1.517074,2.158402,0.7230921,"(0.1079,0.9674,-0.2276,0.0285)",0.8271062,0,0,0,0,0,0
3,"Environment: 1, AimModifier: 1",19.52704,true,-1.426586,2.395856,1.112975,"(-0.0002,0.9999,0.0067,-0.0088)",false,0,0,0,NA,-1,-1,-1,-1,-1,-2,-2,true,-1.517621,2.159693,0.7233059,"(0.1084,0.9680,-0.2250,0.0258)",0.4056166,0,0,0,0,0,0
3,"Environment: 1, AimModifier: 1",19.54069,true,-1.426424,2.395832,1.112787,"(0.0001,0.9999,0.0064,-0.0085)",false,0,0,0,NA,-1,-1,-1,-1,-1,-2,-2,true,-1.518377,2.161133,0.7237306,"(0.1057,0.9688,-0.2228,0.0243)",0.2139193,0,0,0,0,0,0
3,"Environment: 1, AimModifier: 1",19.55375,true,-1.42633,2.395919,1.112754,"(0.0006,0.9999,0.0062,-0.0081)",false,0,0,0,NA,-1,-1,-1,-1,-1,-2,-2,true,-1.518364,2.162274,0.7236801,"(0.1043,0.9692,-0.2213,0.0285)",0.07496941,0,0,0,0,0,0
3,"Environment: 1, AimModifier: 1",19.56779,true,-1.426249,2.395984,1.112644,"(0.0008,0.9999,0.0073,-0.0078)",false,0,0,0,NA,-1,-1,-1,-1,-1,-2,-2,true,-1.519166,2.163555,0.7248632,"(0.1035,0.9707,-0.2155,0.0245)",0,0,0,0,0,0,0
3,"Environment: 1, AimModifier: 1",19.58179,true,-1.426184,2.396046,1.11254,"(0.0011,0.9999,0.0077,-0.0076)",false,0,0,0,NA,-1,-1,-1,-1,-1,-2,-2,true,-1.519167,2.164417,0.7258146,"(0.1059,0.9706,-0.2143,0.0277)",0,0,0,0,0,0,0
3,"Environment: 1, AimModifier: 1",19.59534,true,-1.426104,2.39614,1.112526,"(0.0014,0.9999,0.0076,-0.0075)",false,0,0,0,NA,-1,-1,-1,-1,-1,-2,-2,true,-1.519354,2.165363,0.7272664,"(0.1089,0.9712,-0.2099,0.0290)",0,0,0,0,0,0,0
3,"Environment: 1, AimModifier: 1",19.60894,true,-1.426001,2.396186,1.112584,"(0.0013,0.9999,0.0078,-0.0074)",false,0,0,0,NA,-1,-1,-1,-1,-1,-2,-2,true,-1.519695,2.166165,0.728635,"(0.1101,0.9717,-0.2069,0.0298)",0,0,0,0,0,0,0
3,"Environment: 1, AimModifier: 1",19.62337,true,-1.425894,2.396296,1.112695,"(0.0016,0.9999,0.0074,-0.0074)",false,0,0,0,NA,-1,-1,-1,-1,-1,-2,-2,true,-1.520147,2.167106,0.7298658,"(0.1085,0.9725,-0.2039,0.0300)",0,0,0,0,0,0,0
3,"Environment: 1, AimModifier: 1",19.63695,true,-1.42582,2.39641,1.112715,"(0.0016,0.9999,0.0081,-0.0074)",false,0,0,0,NA,-1,-1,-1,-1,-1,-2,-2,true,-1.520662,2.168164,0.7314529,"(0.1055,0.9735,-0.2007,0.0293)",0,0,0,0,0,0,0
3,"Environment: 1, AimModifier: 1",19.65086,true,-1.42577,2.396642,1.112676,"(0.0019,0.9999,0.0092,-0.0073)",false,0,0,0,NA,-1,-1,-1,-1,-1,-2,-2,true,-1.521048,2.169553,0.7340388,"(0.1035,0.9748,-0.1956,0.0283)",0,0,0,0,0,0,0
3,"Environment: 1, AimModifier: 1",19.66489,true,-1.425706,2.396993,1.11265,"(0.0026,0.9999,0.0106,-0.0074)",false,0,0,0,NA,-1,-1,-1,-1,-1,-2,-2,true,-1.521131,2.171158,0.7374405,"(0.1034,0.9764,-0.1874,0.0273)",0,0,0,0,0,0,0
3,"Environment: 1, AimModifier: 1",19.67874,true,-1.425625,2.397373,1.112635,"(0.0032,0.9999,0.0119,-0.0074)",false,0,0,0,NA,-1,-1,-1,-1,-1,-2,-2,true,-1.520824,2.172908,0.741639,"(0.1042,0.9784,-0.1765,0.0269)",0,0,0,0,0,0,0
3,"Environment: 1, AimModifier: 1",19.69255,true,-1.425331,2.398016,1.1127,"(0.0032,0.9999,0.0135,-0.0075)",false,0,0,0,NA,-1,-1,-1,-1,-1,-2,-2,true,-1.519971,2.174961,0.7468701,"(0.1058,0.9809,-0.1608,0.0288)",0,0,0,0,0,0,0
3,"Environment: 1, AimModifier: 1",19.70694,true,-1.425132,2.398611,1.11265,"(0.0034,0.9998,0.0155,-0.0075)",false,0,0,0,NA,-1,-1,-1,-1,-1,-2,-2,true,-1.518685,2.178041,0.753479,"(0.1077,0.9847,-0.1338,0.0306)",0,0,0,0,0,0,0
3,"Environment: 1, AimModifier: 1",19.7208,true,-1.424797,2.399266,1.112606,"(0.0032,0.9998,0.0187,-0.0076)",false,0,0,0,NA,-1,-1,-1,-1,-1,-2,-2,true,-1.517343,2.183008,0.7616845,"(0.1052,0.9901,-0.0880,0.0307)",0,0,0,0,0,0,0
3,"Environment: 1, AimModifier: 1",19.7339,true,-1.424461,2.399809,1.112704,"(0.0031,0.9997,0.0213,-0.0078)",false,0,0,0,NA,-1,-1,-1,-1,-1,-2,-2,true,-1.51688,2.189054,0.7711885,"(0.0988,0.9943,-0.0308,0.0249)",0,0,0,0,0,0,0
3,"Environment: 1, AimModifier: 1",19.74813,true,-1.424056,2.400479,1.112694,"(0.0037,0.9997,0.0239,-0.0075)",false,0,0,0,NA,-1,-1,-1,-1,-1,-2,-2,true,-1.517036,2.193696,0.7817107,"(0.0984,0.9947,0.0224,0.0180)",0,0,0,0,0,0,0
3,"Environment: 1, AimModifier: 1",19.76199,true,-1.423711,2.401296,1.112544,"(0.0049,0.9996,0.0278,-0.0068)",false,0,0,0,NA,-1,-1,-1,-1,-1,-2,-2,true,-1.517303,2.196993,0.792539,"(0.0991,0.9925,0.0699,0.0137)",0,0,0,0,0,0,0
3,"Environment: 1, AimModifier: 1",19.77581,true,-1.423561,2.402463,1.112211,"(0.0073,0.9994,0.0325,-0.0051)",false,0,0,0,NA,-1,-1,-1,-1,-1,-2,-2,true,-1.517659,2.199285,0.8043498,"(0.0957,0.9886,0.1154,0.0112)",0,0,0,0,0,0,0
3,"Environment: 1, AimModifier: 1",19.78955,true,-1.4232,2.403567,1.11193,"(0.0103,0.9992,0.0383,-0.0042)",false,0,0,0,NA,-1,-1,-1,-1,-1,-2,-2,true,-1.518537,2.201761,0.8162538,"(0.0832,0.9833,0.1619,0.0034)",0,0,0,0,0,0,0
3,"Environment: 1, AimModifier: 1",19.80338,true,-1.423155,2.404298,1.111781,"(0.0134,0.9989,0.0438,-0.0022)",false,0,0,0,NA,-1,-1,-1,-1,-1,-2,-2,true,-1.520223,2.203591,0.8283284,"(0.0613,0.9769,0.2047,-0.0080)",0,0,0,0,0,0,0
3,"Environment: 1, AimModifier: 1",19.81736,true,-1.422863,2.404794,1.111856,"(0.0159,0.9987,0.0478,-0.0006)",false,0,0,0,NA,-1,-1,-1,-1,-1,-2,-2,true,-1.521964,2.203777,0.8397856,"(0.0407,0.9710,0.2352,-0.0146)",0,0,0,0,0,0,0
3,"Environment: 1, AimModifier: 1",19.83108,true,-1.422457,2.405239,1.111934,"(0.0175,0.9986,0.0508,0.0009)",false,0,0,0,NA,-1,-1,-1,-1,-1,-2,-2,true,-1.524225,2.203341,0.8518797,"(0.0206,0.9628,0.2689,-0.0166)",0,0,0,0,0,0,0
3,"Environment: 1, AimModifier: 1",19.84507,true,-1.422063,2.406,1.111825,"(0.0188,0.9984,0.0540,0.0026)",false,0,0,0,NA,-1,-1,-1,-1,-1,-2,-2,true,-1.526392,2.2028,0.8642402,"(0.0051,0.9532,0.3012,-0.0268)",0,0,0,0,0,0,0
3,"Environment: 1, AimModifier: 1",19.85924,true,-1.42193,2.406762,1.111493,"(0.0201,0.9980,0.0592,0.0051)",false,0,0,0,NA,-1,-1,-1,-1,-1,-2,-2,true,-1.528842,2.20019,0.8752536,"(-0.0137,0.9510,0.3075,-0.0302)",0,0,0,0,0,0,0
3,"Environment: 1, AimModifier: 1",19.87294,true,-1.421778,2.407462,1.111113,"(0.0223,0.9976,0.0649,0.0080)",false,0,0,0,NA,-1,-1,-1,-1,-1,-2,-2,true,-1.530552,2.197424,0.8842691,"(-0.0322,0.9514,0.3050,-0.0270)",0,0,0,0,0,0,0
3,"Environment: 1, AimModifier: 1",19.88699,true,-1.42164,2.408132,1.110862,"(0.0256,0.9972,0.0695,0.0118)",false,0,0,0,NA,-1,-1,-1,-1,-1,-2,-2,true,-1.531942,2.194805,0.8920534,"(-0.0517,0.9507,0.3048,-0.0236)",0,0,0,0,0,0,0
3,"Environment: 1, AimModifier: 1",19.90085,true,-1.421392,2.407987,1.110796,"(0.0286,0.9968,0.0736,0.0160)",false,0,0,0,NA,-1,-1,-1,-1,-1,-2,-2,true,-1.533308,2.192105,0.899599,"(-0.0729,0.9483,0.3080,-0.0223)",0,0,0,0,0,0,0
3,"Environment: 1, AimModifier: 1",19.91433,true,-1.421157,2.407655,1.11127,"(0.0296,0.9966,0.0741,0.0204)",false,0,0,0,NA,-1,-1,-1,-1,-1,-2,-2,true,-1.534518,2.190264,0.9087946,"(-0.0926,0.9430,0.3186,-0.0250)",0,0,0,0,0,0,0
3,"Environment: 1, AimModifier: 1",19.92836,true,-1.420796,2.40692,1.111455,"(0.0294,0.9966,0.0734,0.0244)",false,0,0,0,NA,-1,-1,-1,-1,-1,-2,-2,true,-1.535012,2.188187,0.9170117,"(-0.1051,0.9389,0.3269,-0.0250)",0,0,0,0,0,0,0
3,"Environment: 1, AimModifier: 1",19.94232,true,-1.420707,2.407456,1.11126,"(0.0277,0.9966,0.0720,0.0289)",false,0,0,0,NA,-1,-1,-1,-1,-1,-2,-2,true,-1.534874,2.185499,0.9236763,"(-0.1093,0.9365,0.3324,-0.0217)",0,0,0,0,0,0,0
3,"Environment: 1, AimModifier: 1",19.95621,true,-1.420557,2.406819,1.111485,"(0.0262,0.9966,0.0711,0.0337)",false,0,0,0,NA,-1,-1,-1,-1,-1,-2,-2,true,-1.534368,2.182566,0.9286668,"(-0.1113,0.9346,0.3373,-0.0182)",0,0,0,0,0,0,0
3,"Environment: 1, AimModifier: 1",19.96989,true,-1.420417,2.406529,1.111567,"(0.0244,0.9964,0.0719,0.0380)",false,0,0,0,NA,-1,-1,-1,-1,-1,-2,-2,true,-1.533674,2.179819,0.9327034,"(-0.1140,0.9336,0.3393,-0.0152)",0,0,0,0,0,0,0
3,"Environment: 1, AimModifier: 1",19.98395,true,-1.420429,2.405902,1.111608,"(0.0217,0.9962,0.0727,0.0422)",false,0,0,0,NA,-1,-1,-1,-1,-1,-2,-2,true,-1.532174,2.177673,0.9350101,"(-0.1138,0.9357,0.3338,-0.0119)",0,0,0,0,0,0,0
3,"Environment: 1, AimModifier: 1",19.99793,true,-1.42026,2.405267,1.112169,"(0.0186,0.9963,0.0701,0.0461)",false,0,0,0,NA,-1,-1,-1,-1,-1,-2,-2,true,-1.530969,2.176027,0.9380202,"(-0.1148,0.9350,0.3355,-0.0082)",0,0,0,0,0,0,0
3,"Environment: 1, AimModifier: 1",20.01182,true,-1.420154,2.404061,1.112732,"(0.0159,0.9964,0.0671,0.0500)",false,0,0,0,NA,-1,-1,-1,-1,-1,-2,-2,true,-1.529631,2.175194,0.9400462,"(-0.1166,0.9324,0.3422,-0.0047)",0,0,0,0,0,0,0
3,"Environment: 1, AimModifier: 1",20.02601,true,-1.420183,2.403185,1.113252,"(0.0127,0.9964,0.0643,0.0538)",false,0,0,0,NA,-1,-1,-1,-1,-1,-2,-2,true,-1.528532,2.174547,0.9424501,"(-0.1201,0.9294,0.3490,-0.0004)",0,0,0,0,0,0,0
3,"Environment: 1, AimModifier: 1",20.03989,true,-1.420072,2.402734,1.113747,"(0.0098,0.9965,0.0615,0.0565)",false,0,0,0,NA,-1,-1,-1,-1,-1,-2,-2,true,-1.52668,2.174725,0.9435822,"(-0.1205,0.9283,0.3516,0.0052)",0,0,0,0,0,0,0
3,"Environment: 1, AimModifier: 1",20.05378,true,-1.419926,2.402349,1.114137,"(0.0071,0.9964,0.0600,0.0591)",false,0,0,0,NA,-1,-1,-1,-1,-1,-2,-2,true,-1.524373,2.174959,0.9442695,"(-0.1169,0.9290,0.3508,0.0153)",0,0,0,0,0,0,0
3,"Environment: 1, AimModifier: 1",20.0677,true,-1.419805,2.401701,1.1148,"(0.0044,0.9963,0.0590,0.0617)",false,0,0,0,NA,-1,-1,-1,-1,-1,-2,-2,true,-1.522211,2.175318,0.9451752,"(-0.1105,0.9288,0.3529,0.0234)",0,0,0,0,0,0,0
3,"Environment: 1, AimModifier: 1",20.08178,true,-1.419591,2.401344,1.115601,"(0.0022,0.9963,0.0570,0.0637)",false,0,0,0,NA,-1,-1,-1,-1,-1,-2,-2,true,-1.520213,2.176431,0.9456368,"(-0.1009,0.9279,0.3579,0.0272)",0,0,0,0,0,0,0
3,"Environment: 1, AimModifier: 1",20.09541,true,-1.419396,2.401024,1.116157,"(0.0003,0.9963,0.0556,0.0658)",false,0,0,0,NA,-1,-1,-1,-1,-1,-2,-2,true,-1.518666,2.17748,0.9463331,"(-0.0941,0.9267,0.3626,0.0286)",0,0,0,0,0,0,0
3,"Environment: 1, AimModifier: 1",20.10909,true,-1.419096,2.400683,1.116832,"(-0.0008,0.9962,0.0556,0.0673)",false,0,0,0,NA,-1,-1,-1,-1,-1,-2,-2,true,-1.517122,2.178902,0.9468667,"(-0.0876,0.9253,0.3678,0.0295)",0,0,0,0,0,0,0
3,"Environment: 1, AimModifier: 1",20.12309,true,-1.418907,2.400614,1.117471,"(-0.0013,0.9961,0.0552,0.0694)",false,0,0,0,NA,-1,-1,-1,-1,-1,-2,-2,true,-1.515675,2.180764,0.9473081,"(-0.0837,0.9229,0.3746,0.0298)",0,0,0,0,0,0,0
3,"Environment: 1, AimModifier: 1",20.13714,true,-1.418754,2.400259,1.117983,"(-0.0019,0.9959,0.0552,0.0719)",false,0,0,0,NA,-1,-1,-1,-1,-1,-2,-2,true,-1.514363,2.182592,0.9477456,"(-0.0830,0.9207,0.3799,0.0313)",0,0,0,0,0,0,0
3,"Environment: 1, AimModifier: 1",20.15073,true,-1.41833,2.400057,1.118588,"(-0.0024,0.9958,0.0551,0.0738)",false,0,0,0,NA,-1,-1,-1,-1,-1,-2,-2,true,-1.51324,2.184381,0.9481112,"(-0.0840,0.9194,0.3829,0.0336)",0,0,0,0,0,0,0
3,"Environment: 1, AimModifier: 1",20.16483,true,-1.417962,2.399793,1.119162,"(-0.0025,0.9956,0.0555,0.0760)",false,0,0,0,NA,-1,-1,-1,-1,-1,-2,-2,true,-1.512208,2.186405,0.9481307,"(-0.0869,0.9192,0.3823,0.0368)",0,0,0,0,0,0,0
3,"Environment: 1, AimModifier: 1",20.17883,true,-1.417594,2.39963,1.119695,"(-0.0029,0.9954,0.0554,0.0784)",false,0,0,0,NA,-1,-1,-1,-1,-1,-2,-2,true,-1.510995,2.187999,0.9484761,"(-0.0876,0.9187,0.3830,0.0399)",0,0,0,0,0,0,0
3,"Environment: 1, AimModifier: 1",20.19259,true,-1.417249,2.399426,1.120262,"(-0.0036,0.9952,0.0551,0.0806)",false,0,0,0,NA,-1,-1,-1,-1,-1,-2,-2,true,-1.509728,2.189371,0.9490932,"(-0.0867,0.9175,0.3858,0.0426)",0,0,0,0,0,0,0
3,"Environment: 1, AimModifier: 1",20.2068,true,-1.416644,2.399448,1.120503,"(-0.0018,0.9949,0.0568,0.0837)",false,0,0,0,NA,-1,-1,-1,-1,-1,-2,-2,true,-1.507066,2.193325,0.9454123,"(-0.0948,0.9245,0.3662,0.0472)",0,0,0,0,0,0,0
3,"Environment: 1, AimModifier: 1",20.2205,true,-1.416282,2.399421,1.120886,"(-0.0018,0.9946,0.0569,0.0867)",false,0,0,0,NA,-1,-1,-1,-1,-1,-2,-2,true,-1.50539,2.19531,0.9449418,"(-0.0956,0.9248,0.3650,0.0488)",0,0,0,0,0,0,0
3,"Environment: 1, AimModifier: 1",20.23417,true,-1.415799,2.399212,1.12148,"(-0.0021,0.9944,0.0566,0.0894)",false,0,0,0,NA,-1,-1,-1,-1,-1,-2,-2,true,-1.502564,2.198084,0.942867,"(-0.0957,0.9270,0.3596,0.0463)",0,0,0,0,0,0,0
3,"Environment: 1, AimModifier: 1",20.24795,true,-1.415341,2.399172,1.121987,"(-0.0029,0.9942,0.0563,0.0917)",false,0,0,0,NA,-1,-1,-1,-1,-1,-2,-2,true,-1.499345,2.200529,0.9408551,"(-0.0928,0.9300,0.3524,0.0478)",0,0,0,0,0,0,0
3,"Environment: 1, AimModifier: 1",20.26161,true,-1.414908,2.39928,1.122327,"(-0.0033,0.9940,0.0565,0.0940)",false,0,0,0,NA,-1,-1,-1,-1,-1,-2,-2,true,-1.495985,2.202907,0.9387025,"(-0.0888,0.9334,0.3439,0.0512)",0,0,0,0,0,0,0
3,"Environment: 1, AimModifier: 1",20.27528,true,-1.41469,2.399271,1.122653,"(-0.0038,0.9937,0.0572,0.0962)",false,0,0,0,NA,-1,-1,-1,-1,-1,-2,-2,true,-1.492185,2.205316,0.93628,"(-0.0842,0.9370,0.3342,0.0565)",0,0,0,0,0,0,0
3,"Environment: 1, AimModifier: 1",20.28913,true,-1.41444,2.399337,1.123046,"(-0.0037,0.9935,0.0576,0.0978)",false,0,0,0,NA,-1,-1,-1,-1,-1,-2,-2,true,-1.488651,2.207803,0.9344257,"(-0.0795,0.9388,0.3296,0.0602)",0,0,0,0,0,0,0
3,"Environment: 1, AimModifier: 1",20.3032,true,-1.414208,2.399493,1.123371,"(-0.0037,0.9934,0.0580,0.0991)",false,0,0,0,NA,-1,-1,-1,-1,-1,-2,-2,true,-1.485326,2.210601,0.9331081,"(-0.0738,0.9380,0.3333,0.0597)",0,0,0,0,0,0,0
3,"Environment: 1, AimModifier: 1",20.31706,true,-1.4139,2.399716,1.123633,"(-0.0037,0.9932,0.0588,0.1002)",false,0,0,0,NA,-1,-1,-1,-1,-1,-2,-2,true,-1.482066,2.213481,0.9313781,"(-0.0686,0.9377,0.3356,0.0582)",0,0,0,0,0,0,0
3,"Environment: 1, AimModifier: 1",20.33094,true,-1.413658,2.39995,1.123825,"(-0.0035,0.9931,0.0597,0.1013)",false,0,0,0,NA,-1,-1,-1,-1,-1,-2,-2,true,-1.4787,2.216506,0.9290274,"(-0.0639,0.9384,0.3350,0.0561)",0,0,0,0,0,0,0
3,"Environment: 1, AimModifier: 1",20.34496,true,-1.413508,2.40003,1.124115,"(-0.0034,0.9929,0.0607,0.1023)",false,0,0,0,NA,-1,-1,-1,-1,-1,-2,-2,true,-1.475216,2.219492,0.9261287,"(-0.0608,0.9404,0.3296,0.0578)",0,0,0,0,0,0,0
3,"Environment: 1, AimModifier: 1",20.35915,true,-1.413331,2.400202,1.124203,"(-0.0031,0.9927,0.0616,0.1033)",false,0,0,0,NA,-1,-1,-1,-1,-1,-2,-2,true,-1.471777,2.222582,0.923067,"(-0.0612,0.9423,0.3234,0.0614)",0,0,0,0,0,0,0
3,"Environment: 1, AimModifier: 1",20.37296,true,-1.413175,2.40036,1.12432,"(-0.0033,0.9926,0.0623,0.1044)",false,0,0,0,NA,-1,-1,-1,-1,-1,-2,-2,true,-1.468238,2.225794,0.9199684,"(-0.0631,0.9436,0.3182,0.0657)",0,0,0,0,0,0,0
3,"Environment: 1, AimModifier: 1",20.38705,true,-1.412898,2.400536,1.124403,"(-0.0037,0.9925,0.0629,0.1050)",false,0,0,0,NA,-1,-1,-1,-1,-1,-2,-2,true,-1.464341,2.22914,0.9164017,"(-0.0630,0.9460,0.3098,0.0711)",0,0,0,0,0,0,0
3,"Environment: 1, AimModifier: 1",20.40096,true,-1.4128,2.400684,1.124426,"(-0.0036,0.9923,0.0635,0.1059)",false,0,0,0,NA,-1,-1,-1,-1,-1,-2,-2,true,-1.460272,2.232586,0.9125691,"(-0.0625,0.9485,0.3012,0.0763)",0,0,0,0,0,0,0
3,"Environment: 1, AimModifier: 1",20.41501,true,-1.412648,2.400841,1.124607,"(-0.0026,0.9921,0.0646,0.1070)",false,0,0,0,NA,-1,-1,-1,-1,-1,-2,-2,true,-1.455696,2.236306,0.9081101,"(-0.0609,0.9507,0.2931,0.0809)",0,0,0,0,0,0,0
3,"Environment: 1, AimModifier: 1",20.42893,true,-1.412626,2.401037,1.12449,"(-0.0014,0.9919,0.0659,0.1082)",false,0,0,0,NA,-1,-1,-1,-1,-1,-2,-2,true,-1.450698,2.240295,0.9031405,"(-0.0568,0.9523,0.2870,0.0862)",0,0,0,0,0,0,0
3,"Environment: 1, AimModifier: 1",20.44288,true,-1.412566,2.401124,1.124348,"(-0.0016,0.9918,0.0667,0.1091)",false,0,0,0,NA,-1,-1,-1,-1,-1,-2,-2,true,-1.4459,2.244285,0.8982502,"(-0.0535,0.9534,0.2823,0.0916)",0,0,0,0,0,0,0
3,"Environment: 1, AimModifier: 1",20.45681,true,-1.412461,2.401131,1.124264,"(-0.0027,0.9917,0.0662,0.1100)",false,0,0,0,NA,-1,-1,-1,-1,-1,-2,-2,true,-1.441105,2.248408,0.8927076,"(-0.0508,0.9542,0.2786,0.0961)",0,0,0,0,0,0,0
3,"Environment: 1, AimModifier: 1",20.47053,true,-1.412324,2.401056,1.12427,"(-0.0034,0.9916,0.0653,0.1116)",false,0,0,0,NA,-1,-1,-1,-1,-1,-2,-2,true,-1.436493,2.25256,0.8861654,"(-0.0519,0.9554,0.2729,0.0999)",0,0,0,0,0,0,0
3,"Environment: 1, AimModifier: 1",20.48458,true,-1.412202,2.400865,1.124342,"(-0.0035,0.9914,0.0639,0.1138)",false,0,0,0,NA,-1,-1,-1,-1,-1,-2,-2,true,-1.431972,2.256573,0.8783146,"(-0.0565,0.9587,0.2594,0.1025)",0,0,0,0,0,0,0
3,"Environment: 1, AimModifier: 1",20.49839,true,-1.4121,2.40065,1.124522,"(-0.0027,0.9913,0.0617,0.1166)",false,0,0,0,NA,-1,-1,-1,-1,-1,-2,-2,true,-1.426928,2.260428,0.8698732,"(-0.0535,0.9634,0.2422,0.1017)",0,0,0,0,0,0,0
3,"Environment: 1, AimModifier: 1",20.51217,true,-1.412019,2.400528,1.124761,"(-0.0023,0.9909,0.0607,0.1199)",false,0,0,0,NA,-1,-1,-1,-1,-1,-2,-2,true,-1.420937,2.264264,0.8617626,"(-0.0417,0.9670,0.2293,0.1029)",0,0,0,0,0,0,0
3,"Environment: 1, AimModifier: 1",20.52622,true,-1.41193,2.400546,1.124888,"(-0.0028,0.9905,0.0609,0.1235)",false,0,0,0,NA,-1,-1,-1,-1,-1,-2,-2,true,-1.414143,2.268041,0.8540865,"(-0.0249,0.9693,0.2191,0.1086)",0,0,0,0,0,0,0
3,"Environment: 1, AimModifier: 1",20.5401,true,-1.41181,2.400632,1.124866,"(-0.0030,0.9901,0.0611,0.1266)",false,0,0,0,NA,-1,-1,-1,-1,-1,-2,-2,true,-1.407791,2.272147,0.8466908,"(-0.0141,0.9707,0.2098,0.1160)",0,0,0,0,0,0,0
3,"Environment: 1, AimModifier: 1",20.55394,true,-1.411745,2.400791,1.12482,"(-0.0030,0.9896,0.0614,0.1301)",false,0,0,0,NA,-1,-1,-1,-1,-1,-2,-2,true,-1.402334,2.276622,0.838951,"(-0.0168,0.9721,0.1981,0.1246)",0,0,0,0,0,0,0
3,"Environment: 1, AimModifier: 1",20.56805,true,-1.411728,2.400927,1.124784,"(-0.0035,0.9892,0.0617,0.1331)",false,0,0,0,NA,-1,-1,-1,-1,-1,-2,-2,true,-1.397082,2.280746,0.8305836,"(-0.0229,0.9744,0.1784,0.1345)",0,0,0,0,0,0,0
3,"Environment: 1, AimModifier: 1",20.58196,true,-1.411706,2.40104,1.124817,"(-0.0041,0.9888,0.0608,0.1359)",false,0,0,0,NA,-1,-1,-1,-1,-1,-2,-2,true,-1.391407,2.283951,0.8209834,"(-0.0270,0.9779,0.1457,0.1478)",0,0,0,0,0,0,0
3,"Environment: 1, AimModifier: 1",20.59564,true,-1.411713,2.401144,1.124862,"(-0.0041,0.9884,0.0609,0.1393)",false,0,0,0,NA,-1,-1,-1,-1,-1,-2,-2,true,-1.385322,2.286443,0.8115727,"(-0.0260,0.9800,0.1135,0.1615)",0,0,0,0,0,0,0
3,"Environment: 1, AimModifier: 1",20.6093,true,-1.411782,2.401299,1.124943,"(-0.0043,0.9880,0.0609,0.1417)",false,0,0,0,NA,-1,-1,-1,-1,-1,-2,-2,true,-1.378796,2.287851,0.8022675,"(-0.0267,0.9798,0.0743,0.1839)",0,0,0,0,0,0,0
3,"Environment: 1, AimModifier: 1",20.62359,true,-1.411892,2.401546,1.124982,"(-0.0043,0.9877,0.0609,0.1441)",false,0,0,0,NA,-1,-1,-1,-1,-1,-2,-2,true,-1.37208,2.288297,0.7941636,"(-0.0288,0.9762,0.0368,0.2117)",0,0,0,0,0,0,0
3,"Environment: 1, AimModifier: 1",20.63731,true,-1.411987,2.401893,1.124892,"(-0.0044,0.9873,0.0614,0.1467)",false,0,0,0,NA,-1,-1,-1,-1,-1,-2,-2,true,-1.365693,2.288934,0.7867134,"(-0.0260,0.9722,0.0002,0.2328)",0,0,0,0,0,0,0
3,"Environment: 1, AimModifier: 1",20.65094,true,-1.412063,2.402368,1.12474,"(-0.0049,0.9868,0.0622,0.1491)",false,0,0,0,NA,-1,-1,-1,-1,-1,-2,-2,true,-1.360836,2.290259,0.7807058,"(-0.0335,0.9674,-0.0141,0.2507)",0,0,0,0,0,0,0
3,"Environment: 1, AimModifier: 1",20.66512,true,-1.412149,2.403207,1.124539,"(-0.0054,0.9865,0.0624,0.1513)",false,0,0,0,NA,-1,-1,-1,-1,-1,-2,-2,true,-1.356781,2.292167,0.7742774,"(-0.0349,0.9665,-0.0239,0.2530)",0,0,0,0,0,0,0
3,"Environment: 1, AimModifier: 1",20.679,true,-1.41209,2.403646,1.124318,"(-0.0062,0.9862,0.0632,0.1532)",false,0,0,0,NA,-1,-1,-1,-1,-1,-2,-2,true,-1.353455,2.294191,0.767638,"(-0.0263,0.9691,-0.0240,0.2442)",0,0,0,0,0,0,0
3,"Environment: 1, AimModifier: 1",20.69282,true,-1.411986,2.404336,1.124089,"(-0.0067,0.9858,0.0636,0.1553)",false,0,0,0,NA,-1,-1,-1,-1,-1,-2,-2,true,-1.350817,2.295938,0.7611233,"(-0.0129,0.9732,-0.0195,0.2289)",0,0,0,0,0,0,0
3,"Environment: 1, AimModifier: 1",20.70685,true,-1.411941,2.405051,1.124003,"(-0.0070,0.9854,0.0644,0.1577)",false,0,0,0,NA,-1,-1,-1,-1,-1,-2,-2,true,-1.348293,2.297216,0.7549677,"(0.0038,0.9763,-0.0169,0.2156)",0,0,0,0,0,0,0
3,"Environment: 1, AimModifier: 1",20.72077,true,-1.411902,2.405788,1.123926,"(-0.0075,0.9849,0.0658,0.1598)",false,0,0,0,NA,-1,-1,-1,-1,-1,-2,-2,true,-1.345514,2.298361,0.7493202,"(0.0205,0.9778,-0.0146,0.2079)",0,0,0,0,0,0,0
3,"Environment: 1, AimModifier: 1",20.7344,true,-1.411757,2.406423,1.123679,"(-0.0076,0.9845,0.0673,0.1617)",false,0,0,0,NA,-1,-1,-1,-1,-1,-2,-2,true,-1.343451,2.299168,0.7446626,"(0.0312,0.9784,-0.0131,0.2041)",0,0,0,0,0,0,0
3,"Environment: 1, AimModifier: 1",20.74865,true,-1.411508,2.407067,1.123423,"(-0.0078,0.9842,0.0680,0.1633)",false,0,0,0,NA,-1,-1,-1,-1,-1,-2,-2,true,-1.341394,2.299611,0.7402475,"(0.0342,0.9778,-0.0184,0.2057)",0,0,0,0,0,0,0
3,"Environment: 1, AimModifier: 1",20.76243,true,-1.411312,2.407732,1.122984,"(-0.0077,0.9838,0.0695,0.1652)",false,0,0,0,NA,-1,-1,-1,-1,-1,-2,-2,true,-1.339433,2.299702,0.736342,"(0.0322,0.9767,-0.0285,0.2103)",0,0,0,0,0,0,0
3,"Environment: 1, AimModifier: 1",20.77633,true,-1.411188,2.408399,1.122569,"(-0.0076,0.9833,0.0713,0.1672)",false,0,0,0,NA,-1,-1,-1,-1,-1,-2,-2,true,-1.337848,2.299948,0.7329922,"(0.0265,0.9758,-0.0380,0.2139)",0,0,0,0,0,0,0
3,"Environment: 1, AimModifier: 1",20.79034,true,-1.411032,2.409076,1.122133,"(-0.0073,0.9829,0.0728,0.1689)",false,0,0,0,NA,-1,-1,-1,-1,-1,-2,-2,true,-1.336409,2.300557,0.7298887,"(0.0235,0.9756,-0.0418,0.2144)",0,0,0,0,0,0,0
3,"Environment: 1, AimModifier: 1",20.80387,true,-1.410668,2.409819,1.121839,"(-0.0073,0.9826,0.0739,0.1702)",false,0,0,0,NA,-1,-1,-1,-1,-1,-2,-2,true,-1.33532,2.301265,0.7275667,"(0.0244,0.9760,-0.0401,0.2126)",0,0,0,0,0,0,0
3,"Environment: 1, AimModifier: 1",20.81763,true,-1.410245,2.410527,1.121476,"(-0.0075,0.9823,0.0753,0.1712)",false,0,0,0,NA,-1,-1,-1,-1,-1,-2,-2,true,-1.334105,2.302309,0.7260255,"(0.0295,0.9765,-0.0320,0.2112)",0,0,0,0,0,0,0
3,"Environment: 1, AimModifier: 1",20.83173,true,-1.41014,2.411037,1.121138,"(-0.0077,0.9820,0.0763,0.1726)",false,0,0,0,NA,-1,-1,-1,-1,-1,-2,-2,true,-1.332828,2.303528,0.7252976,"(0.0357,0.9765,-0.0216,0.2115)",0,0,0,0,0,0,0
3,"Environment: 1, AimModifier: 1",20.84548,true,-1.409853,2.411571,1.120517,"(-0.0071,0.9818,0.0772,0.1736)",false,0,0,0,NA,-1,-1,-1,-1,-1,-2,-2,true,-1.331578,2.304228,0.7240871,"(0.0413,0.9762,-0.0185,0.2120)",0,0,0,0,0,0,0
3,"Environment: 1, AimModifier: 1",20.85934,true,-1.409698,2.412027,1.120013,"(-0.0066,0.9816,0.0776,0.1745)",false,0,0,0,NA,-1,-1,-1,-1,-1,-2,-2,true,-1.330867,2.304621,0.7231608,"(0.0457,0.9762,-0.0191,0.2112)",0,0,0,0,0,0,0
3,"Environment: 1, AimModifier: 1",20.87315,true,-1.409427,2.41247,1.119315,"(-0.0064,0.9813,0.0786,0.1754)",false,0,0,0,NA,-1,-1,-1,-1,-1,-2,-2,true,-1.330271,2.305183,0.7220914,"(0.0476,0.9765,-0.0199,0.2093)",0,0,0,0,0,0,0
3,"Environment: 1, AimModifier: 1",20.88731,true,-1.409195,2.412898,1.118691,"(-0.0063,0.9812,0.0795,0.1759)",false,0,0,0,NA,-1,-1,-1,-1,-1,-2,-2,true,-1.329572,2.305869,0.7212572,"(0.0481,0.9765,-0.0209,0.2088)",0,0,0,0,0,0,0
3,"Environment: 1, AimModifier: 1",20.90124,true,-1.409053,2.413171,1.118104,"(-0.0062,0.9810,0.0801,0.1765)",false,0,0,0,NA,-1,-1,-1,-1,-1,-2,-2,true,-1.328726,2.30654,0.720661,"(0.0498,0.9761,-0.0216,0.2103)",0,0,0,0,0,0,0
3,"Environment: 1, AimModifier: 1",20.91529,true,-1.409005,2.41334,1.117544,"(-0.0056,0.9809,0.0804,0.1771)",false,0,0,0,NA,-1,-1,-1,-1,-1,-2,-2,true,-1.328166,2.307196,0.7204075,"(0.0513,0.9755,-0.0215,0.2127)",0,0,0,0,0,0,0
3,"Environment: 1, AimModifier: 1",20.92913,true,-1.408886,2.413507,1.116906,"(-0.0050,0.9809,0.0798,0.1775)",false,0,0,0,NA,-1,-1,-1,-1,-1,-2,-2,true,-1.327821,2.307827,0.7200236,"(0.0521,0.9753,-0.0214,0.2137)",0,0,0,0,0,0,0
3,"Environment: 1, AimModifier: 1",20.94301,true,-1.408748,2.413586,1.116372,"(-0.0044,0.9808,0.0794,0.1780)",false,0,0,0,NA,-1,-1,-1,-1,-1,-2,-2,true,-1.327486,2.308456,0.7194721,"(0.0528,0.9754,-0.0214,0.2129)",0,0,0,0,0,0,0
3,"Environment: 1, AimModifier: 1",20.95707,true,-1.408633,2.413643,1.115795,"(-0.0042,0.9808,0.0787,0.1785)",false,0,0,0,NA,-1,-1,-1,-1,-1,-2,-2,true,-1.327105,2.308964,0.7189054,"(0.0529,0.9756,-0.0233,0.2119)",0,0,0,0,0,0,0
3,"Environment: 1, AimModifier: 1",20.97077,true,-1.408556,2.413517,1.115196,"(-0.0044,0.9808,0.0778,0.1789)",false,0,0,0,NA,-1,-1,-1,-1,-1,-2,-2,true,-1.32672,2.309369,0.7186053,"(0.0532,0.9754,-0.0248,0.2124)",0,0,0,0,0,0,0
3,"Environment: 1, AimModifier: 1",20.98483,true,-1.408535,2.413532,1.114763,"(-0.0044,0.9809,0.0759,0.1791)",false,0,0,0,NA,-1,-1,-1,-1,-1,-2,-2,true,-1.32683,2.309495,0.7187318,"(0.0520,0.9752,-0.0252,0.2136)",0,0,0,0,0,0,0
3,"Environment: 1, AimModifier: 1",20.99863,true,-1.408469,2.41339,1.114192,"(-0.0043,0.9809,0.0751,0.1796)",false,0,0,0,NA,-1,-1,-1,-1,-1,-2,-2,true,-1.32641,2.310082,0.7182895,"(0.0510,0.9748,-0.0267,0.2156)",0,0,0,0,0,0,0
3,"Environment: 1, AimModifier: 1",21.01238,true,-1.408399,2.413373,1.113906,"(-0.0038,0.9809,0.0741,0.1799)",false,0,0,0,NA,-1,-1,-1,-1,-1,-2,-2,true,-1.326106,2.310381,0.7180029,"(0.0518,0.9746,-0.0273,0.2162)",0,0,0,0,0,0,0
3,"Environment: 1, AimModifier: 1",21.0265,true,-1.408437,2.413302,1.113627,"(-0.0039,0.9809,0.0729,0.1802)",false,0,0,0,NA,-1,-1,-1,-1,-1,-2,-2,true,-1.325844,2.310608,0.7176646,"(0.0542,0.9746,-0.0274,0.2154)",0,0,0,0,0,0,0
3,"Environment: 1, AimModifier: 1",21.04064,true,-1.408418,2.413066,1.113183,"(-0.0042,0.9809,0.0721,0.1805)",false,0,0,0,NA,-1,-1,-1,-1,-1,-2,-2,true,-1.325746,2.310814,0.717334,"(0.0555,0.9748,-0.0280,0.2143)",0,0,0,0,0,0,0
3,"Environment: 1, AimModifier: 1",21.05433,true,-1.408378,2.412917,1.112849,"(-0.0043,0.9810,0.0713,0.1806)",false,0,0,0,NA,-1,-1,-1,-1,-1,-2,-2,true,-1.325901,2.310857,0.7173161,"(0.0548,0.9750,-0.0283,0.2137)",0,0,0,0,0,0,0
3,"Environment: 1, AimModifier: 1",21.06852,true,-1.408453,2.412716,1.112476,"(-0.0042,0.9809,0.0707,0.1813)",false,0,0,0,NA,-1,-1,-1,-1,-1,-2,-2,true,-1.325939,2.310947,0.7173141,"(0.0543,0.9751,-0.0283,0.2132)",0,0,0,0,0,0,0
3,"Environment: 1, AimModifier: 1",21.08233,true,-1.408455,2.412425,1.112272,"(-0.0040,0.9808,0.0700,0.1820)",false,0,0,0,NA,-1,-1,-1,-1,-1,-2,-2,true,-1.325701,2.31108,0.7171369,"(0.0548,0.9751,-0.0285,0.2130)",0,0,0,0,0,0,0
3,"Environment: 1, AimModifier: 1",21.0961,true,-1.408571,2.411966,1.112276,"(-0.0037,0.9807,0.0686,0.1828)",false,0,0,0,NA,-1,-1,-1,-1,-1,-2,-2,true,-1.325353,2.311163,0.7169859,"(0.0557,0.9750,-0.0291,0.2132)",0,0,0,0,0,0,0
3,"Environment: 1, AimModifier: 1",21.10986,true,-1.408641,2.411605,1.112461,"(-0.0039,0.9808,0.0667,0.1835)",false,0,0,0,NA,-1,-1,-1,-1,-1,-2,-2,true,-1.325126,2.311215,0.7169904,"(0.0562,0.9748,-0.0302,0.2139)",0,0,0,0,0,0,0
3,"Environment: 1, AimModifier: 1",21.12389,true,-1.408634,2.411335,1.112634,"(-0.0043,0.9808,0.0650,0.1838)",false,0,0,0,NA,-1,-1,-1,-1,-1,-2,-2,true,-1.324958,2.311319,0.7171995,"(0.0557,0.9745,-0.0317,0.2151)",0,0,0,0,0,0,0
3,"Environment: 1, AimModifier: 1",21.13773,true,-1.40872,2.411194,1.112688,"(-0.0047,0.9808,0.0640,0.1842)",false,0,0,0,NA,-1,-1,-1,-1,-1,-2,-2,true,-1.324954,2.311463,0.7174,"(0.0548,0.9744,-0.0321,0.2154)",0,0,0,0,0,0,0
3,"Environment: 1, AimModifier: 1",21.15138,true,-1.408818,2.411049,1.112656,"(-0.0052,0.9808,0.0635,0.1844)",false,0,0,0,NA,-1,-1,-1,-1,-1,-2,-2,true,-1.324977,2.311589,0.7174712,"(0.0542,0.9746,-0.0320,0.2151)",0,0,0,0,0,0,0
3,"Environment: 1, AimModifier: 1",21.16547,true,-1.408926,2.410798,1.112635,"(-0.0053,0.9808,0.0627,0.1848)",false,0,0,0,NA,-1,-1,-1,-1,-1,-2,-2,true,-1.324987,2.31161,0.7174823,"(0.0541,0.9746,-0.0319,0.2149)",0,0,0,0,0,0,0
3,"Environment: 1, AimModifier: 1",21.1794,true,-1.409022,2.410563,1.112641,"(-0.0056,0.9808,0.0617,0.1852)",false,0,0,0,NA,-1,-1,-1,-1,-1,-2,-2,true,-1.324987,2.31161,0.7174823,"(0.0541,0.9746,-0.0319,0.2149)",0,0,0,0,0,0,0
3,"Environment: 1, AimModifier: 1",21.19314,true,-1.409011,2.410235,1.112458,"(-0.0058,0.9808,0.0622,0.1847)",false,0,0,0,NA,-1,-1,-1,-1,-1,-2,-2,true,-1.324965,2.311807,0.7175736,"(0.0535,0.9748,-0.0317,0.2141)",0,0,0,0,0,0,0
3,"Environment: 1, AimModifier: 1",21.20705,true,-1.409281,2.410568,1.113321,"(-0.0054,0.9809,0.0638,0.1839)",false,0,0,0,NA,-1,-1,-1,-1,-1,-2,-2,true,-1.323911,2.311903,0.7189726,"(0.0583,0.9750,-0.0306,0.2123)",0,0,0,0,0,0,0
3,"Environment: 1, AimModifier: 1",21.22176,true,-1.409399,2.410422,1.113519,"(-0.0054,0.9809,0.0636,0.1839)",false,0,0,0,NA,-1,-1,-1,-1,-1,-2,-2,true,-1.323822,2.311877,0.7190672,"(0.0587,0.9749,-0.0306,0.2124)",0,0,0,0,0,0,0
3,"Environment: 1, AimModifier: 1",21.23488,true,-1.409638,2.410622,1.11441,"(-0.0060,0.9809,0.0647,0.1834)",false,0,0,0,NA,-1,-1,-1,-1,-1,-2,-2,true,-1.323584,2.311863,0.7195666,"(0.0586,0.9747,-0.0305,0.2134)",0,0,0,0,0,0,0
3,"Environment: 1, AimModifier: 1",21.24836,true,-1.409708,2.410633,1.114806,"(-0.0067,0.9809,0.0651,0.1830)",false,0,0,0,NA,-1,-1,-1,-1,-1,-2,-2,true,-1.32363,2.311914,0.7198141,"(0.0576,0.9747,-0.0311,0.2136)",0,0,0,0,0,0,0
3,"Environment: 1, AimModifier: 1",21.26226,true,-1.40981,2.410641,1.115134,"(-0.0071,0.9809,0.0661,0.1829)",false,0,0,0,NA,-1,-1,-1,-1,-1,-2,-2,true,-1.323375,2.31197,0.7206032,"(0.0577,0.9746,-0.0317,0.2142)",0,0,0,0,0,0,0
3,"Environment: 1, AimModifier: 1",21.27593,true,-1.409923,2.410563,1.115574,"(-0.0074,0.9808,0.0672,0.1828)",false,0,0,0,NA,-1,-1,-1,-1,-1,-2,-2,true,-1.323038,2.312055,0.7214283,"(0.0596,0.9745,-0.0307,0.2143)",0,0,0,0,0,0,0
3,"Environment: 1, AimModifier: 1",21.28987,true,-1.410025,2.410499,1.11604,"(-0.0075,0.9808,0.0678,0.1826)",false,0,0,0,NA,-1,-1,-1,-1,-1,-2,-2,true,-1.322853,2.31216,0.7219502,"(0.0612,0.9745,-0.0296,0.2137)",0,0,0,0,0,0,0
3,"Environment: 1, AimModifier: 1",21.30394,true,-1.410091,2.410432,1.116583,"(-0.0080,0.9808,0.0681,0.1824)",false,0,0,0,NA,-1,-1,-1,-1,-1,-2,-2,true,-1.322841,2.312272,0.72224,"(0.0617,0.9747,-0.0290,0.2129)",0,0,0,0,0,0,0
3,"Environment: 1, AimModifier: 1",21.31787,true,-1.410139,2.410301,1.117152,"(-0.0087,0.9808,0.0686,0.1822)",false,0,0,0,NA,-1,-1,-1,-1,-1,-2,-2,true,-1.322918,2.312373,0.7225249,"(0.0617,0.9746,-0.0295,0.2130)",0,0,0,0,0,0,0
3,"Environment: 1, AimModifier: 1",21.33187,true,-1.410269,2.410252,1.117585,"(-0.0088,0.9807,0.0692,0.1824)",false,0,0,0,NA,-1,-1,-1,-1,-1,-2,-2,true,-1.322991,2.312417,0.7225856,"(0.0611,0.9746,-0.0298,0.2133)",0,0,0,0,0,0,0
3,"Environment: 1, AimModifier: 1",21.34586,true,-1.410329,2.410091,1.11803,"(-0.0088,0.9807,0.0699,0.1824)",false,0,0,0,NA,-1,-1,-1,-1,-1,-2,-2,true,-1.322973,2.312664,0.7231013,"(0.0603,0.9746,-0.0299,0.2135)",0,0,0,0,0,0,0
3,"Environment: 1, AimModifier: 1",21.35984,true,-1.410304,2.410011,1.118455,"(-0.0092,0.9807,0.0700,0.1823)",false,0,0,0,NA,-1,-1,-1,-1,-1,-2,-2,true,-1.323028,2.31297,0.7235918,"(0.0590,0.9747,-0.0298,0.2135)",0,0,0,0,0,0,0
3,"Environment: 1, AimModifier: 1",21.37371,true,-1.410327,2.409934,1.118971,"(-0.0099,0.9808,0.0699,0.1820)",false,0,0,0,NA,-1,-1,-1,-1,-1,-2,-2,true,-1.323119,2.31311,0.7238519,"(0.0587,0.9748,-0.0297,0.2132)",0,0,0,0,0,0,0
3,"Environment: 1, AimModifier: 1",21.38784,true,-1.410274,2.409941,1.11932,"(-0.0102,0.9808,0.0700,0.1819)",false,0,0,0,NA,-1,-1,-1,-1,-1,-2,-2,true,-1.32321,2.313185,0.7241699,"(0.0591,0.9748,-0.0295,0.2130)",0,0,0,0,0,0,0
3,"Environment: 1, AimModifier: 1",21.40165,true,-1.410273,2.409913,1.119531,"(-0.0104,0.9807,0.0715,0.1819)",false,0,0,0,NA,-1,-1,-1,-1,-1,-2,-2,true,-1.323327,2.313359,0.7248595,"(0.0600,0.9749,-0.0285,0.2125)",0,0,0,0,0,0,0
3,"Environment: 1, AimModifier: 1",21.41554,true,-1.410409,2.409943,1.120007,"(-0.0103,0.9806,0.0726,0.1820)",false,0,0,0,NA,-1,-1,-1,-1,-1,-2,-2,true,-1.323338,2.313353,0.725203,"(0.0607,0.9749,-0.0282,0.2125)",0,0,0,0,0,0,0
3,"Environment: 1, AimModifier: 1",21.42948,true,-1.410508,2.409786,1.120457,"(-0.0101,0.9805,0.0731,0.1821)",false,0,0,0,NA,-1,-1,-1,-1,-1,-2,-2,true,-1.323349,2.313284,0.7251644,"(0.0602,0.9749,-0.0287,0.2125)",0,0,0,0,0,0,0
3,"Environment: 1, AimModifier: 1",21.44326,true,-1.410451,2.409523,1.121007,"(-0.0105,0.9806,0.0724,0.1820)",false,0,0,0,NA,-1,-1,-1,-1,-1,-2,-2,true,-1.323544,2.313114,0.7257555,"(0.0587,0.9748,-0.0302,0.2129)",0,0,0,0,0,0,0
3,"Environment: 1, AimModifier: 1",21.45731,true,-1.410369,2.409322,1.121406,"(-0.0109,0.9807,0.0711,0.1820)",false,0,0,0,NA,-1,-1,-1,-1,-1,-2,-2,true,-1.323811,2.312819,0.7261047,"(0.0560,0.9749,-0.0325,0.2132)",0,0,0,0,0,0,0
3,"Environment: 1, AimModifier: 1",21.47076,true,-1.410331,2.409309,1.121704,"(-0.0108,0.9806,0.0712,0.1822)",false,0,0,0,NA,-1,-1,-1,-1,-1,-2,-2,true,-1.324002,2.312435,0.726236,"(0.0550,0.9749,-0.0340,0.2131)",0,0,0,0,0,0,0
3,"Environment: 1, AimModifier: 1",21.48477,true,-1.41035,2.409201,1.121858,"(-0.0106,0.9805,0.0723,0.1824)",false,0,0,0,NA,-1,-1,-1,-1,-1,-2,-2,true,-1.323939,2.312227,0.7261919,"(0.0568,0.9749,-0.0334,0.2126)",0,0,0,0,0,0,0
3,"Environment: 1, AimModifier: 1",21.49873,true,-1.41033,2.409131,1.12238,"(-0.0102,0.9805,0.0730,0.1822)",false,0,0,0,NA,-1,-1,-1,-1,-1,-2,-2,true,-1.323971,2.311828,0.7262889,"(0.0580,0.9751,-0.0332,0.2115)",0,0,0,0,0,0,0
3,"Environment: 1, AimModifier: 1",21.51251,true,-1.410362,2.409071,1.122945,"(-0.0098,0.9805,0.0723,0.1823)",false,0,0,0,NA,-1,-1,-1,-1,-1,-2,-2,true,-1.324133,2.31121,0.7266994,"(0.0593,0.9753,-0.0339,0.2101)",0,0,0,0,0,0,0
3,"Environment: 1, AimModifier: 1",21.5265,true,-1.410313,2.409008,1.123309,"(-0.0097,0.9805,0.0723,0.1825)",false,0,0,0,NA,-1,-1,-1,-1,-1,-2,-2,true,-1.324328,2.310665,0.7272289,"(0.0597,0.9754,-0.0349,0.2093)",0,0,0,0,0,0,0
3,"Environment: 1, AimModifier: 1",21.54054,true,-1.410204,2.408968,1.123613,"(-0.0098,0.9804,0.0733,0.1829)",false,0,0,0,NA,-1,-1,-1,-1,-1,-2,-2,true,-1.324518,2.310202,0.7276928,"(0.0590,0.9755,-0.0365,0.2088)",0,0,0,0,0,0,0
3,"Environment: 1, AimModifier: 1",21.55458,true,-1.41018,2.408889,1.123898,"(-0.0097,0.9802,0.0741,0.1835)",false,0,0,0,NA,-1,-1,-1,-1,-1,-2,-2,true,-1.324554,2.30964,0.7277845,"(0.0580,0.9756,-0.0384,0.2084)",0,0,0,0,0,0,0
3,"Environment: 1, AimModifier: 1",21.56839,true,-1.410098,2.408885,1.124153,"(-0.0099,0.9800,0.0745,0.1842)",false,0,0,0,NA,-1,-1,-1,-1,-1,-2,-2,true,-1.324552,2.309409,0.7278845,"(0.0582,0.9756,-0.0386,0.2083)",0,0,0,0,0,0,0
3,"Environment: 1, AimModifier: 1",21.58223,true,-1.410041,2.408898,1.124502,"(-0.0101,0.9799,0.0748,0.1849)",false,0,0,0,NA,-1,-1,-1,-1,-1,-2,-2,true,-1.324547,2.309283,0.728162,"(0.0597,0.9755,-0.0378,0.2082)",0,0,0,0,0,0,0
3,"Environment: 1, AimModifier: 1",21.59597,true,-1.409985,2.408932,1.124708,"(-0.0106,0.9797,0.0752,0.1857)",false,0,0,0,NA,-1,-1,-1,-1,-1,-2,-2,true,-1.324553,2.30885,0.7285099,"(0.0614,0.9755,-0.0376,0.2078)",0,0,0,0,0,0,0
3,"Environment: 1, AimModifier: 1",21.61007,true,-1.40995,2.409114,1.124851,"(-0.0112,0.9795,0.0764,0.1863)",false,0,0,0,NA,-1,-1,-1,-1,-1,-2,-2,true,-1.324554,2.308397,0.7287918,"(0.0633,0.9755,-0.0375,0.2071)",0,0,0,0,0,0,0
3,"Environment: 1, AimModifier: 1",21.62397,true,-1.409949,2.409163,1.12523,"(-0.0116,0.9793,0.0773,0.1867)",false,0,0,0,NA,-1,-1,-1,-1,-1,-2,-2,true,-1.324619,2.308411,0.7287893,"(0.0631,0.9757,-0.0372,0.2067)",0,0,0,0,0,0,0
3,"Environment: 1, AimModifier: 1",21.63771,true,-1.409905,2.4093,1.125379,"(-0.0117,0.9792,0.0779,0.1872)",false,0,0,0,NA,-1,-1,-1,-1,-1,-2,-2,true,-1.324666,2.308626,0.7287197,"(0.0620,0.9756,-0.0374,0.2072)",0,0,0,0,0,0,0
3,"Environment: 1, AimModifier: 1",21.6513,true,-1.409863,2.409444,1.125503,"(-0.0120,0.9789,0.0789,0.1879)",false,0,0,0,NA,-1,-1,-1,-1,-1,-2,-2,true,-1.324843,2.308478,0.7288644,"(0.0605,0.9756,-0.0382,0.2075)",0,0,0,0,0,0,0
3,"Environment: 1, AimModifier: 1",21.66535,true,-1.409839,2.409582,1.125631,"(-0.0120,0.9787,0.0798,0.1886)",false,0,0,0,NA,-1,-1,-1,-1,-1,-2,-2,true,-1.325003,2.308506,0.7288864,"(0.0589,0.9757,-0.0386,0.2076)",0,0,0,0,0,0,0
3,"Environment: 1, AimModifier: 1",21.67926,true,-1.40986,2.40968,1.12576,"(-0.0120,0.9786,0.0804,0.1890)",false,0,0,0,NA,-1,-1,-1,-1,-1,-2,-2,true,-1.325095,2.3086,0.728861,"(0.0589,0.9758,-0.0383,0.2071)",0,0,0,0,0,0,0
3,"Environment: 1, AimModifier: 1",21.69297,true,-1.409928,2.409725,1.12591,"(-0.0125,0.9786,0.0804,0.1889)",false,0,0,0,NA,-1,-1,-1,-1,-1,-2,-2,true,-1.325223,2.308685,0.7288277,"(0.0591,0.9759,-0.0379,0.2066)",0,0,0,0,0,0,0
3,"Environment: 1, AimModifier: 1",21.70724,true,-1.410036,2.409848,1.126132,"(-0.0126,0.9786,0.0803,0.1891)",false,0,0,0,NA,-1,-1,-1,-1,-1,-2,-2,true,-1.325512,2.308951,0.7287419,"(0.0579,0.9762,-0.0369,0.2058)",0,0,0,0,0,0,0
3,"Environment: 1, AimModifier: 1",21.7214,true,-1.410157,2.410015,1.126283,"(-0.0125,0.9785,0.0811,0.1891)",false,0,0,0,NA,-1,-1,-1,-1,-1,-2,-2,true,-1.326029,2.309576,0.7283735,"(0.0533,0.9768,-0.0366,0.2042)",0,0,0,0,0,0,0
3,"Environment: 1, AimModifier: 1",21.73476,true,-1.410273,2.410172,1.126346,"(-0.0127,0.9784,0.0819,0.1892)",false,0,0,0,NA,-1,-1,-1,-1,-1,-2,-2,true,-1.326341,2.310007,0.7280362,"(0.0488,0.9771,-0.0382,0.2037)",0,0,0,0,0,0,0
3,"Environment: 1, AimModifier: 1",21.74883,true,-1.410366,2.410325,1.126387,"(-0.0128,0.9785,0.0820,0.1889)",false,0,0,0,NA,-1,-1,-1,-1,-1,-2,-2,true,-1.326507,2.310315,0.7279202,"(0.0466,0.9771,-0.0387,0.2040)",0,0,0,0,0,0,0
3,"Environment: 1, AimModifier: 1",21.76266,true,-1.410463,2.410416,1.126448,"(-0.0128,0.9785,0.0822,0.1889)",false,0,0,0,NA,-1,-1,-1,-1,-1,-2,-2,true,-1.326645,2.310721,0.7279652,"(0.0465,0.9772,-0.0370,0.2039)",0,0,0,0,0,0,0
3,"Environment: 1, AimModifier: 1",21.77649,true,-1.410579,2.41046,1.126505,"(-0.0127,0.9785,0.0822,0.1886)",false,0,0,0,NA,-1,-1,-1,-1,-1,-2,-2,true,-1.326658,2.31101,0.7279994,"(0.0479,0.9774,-0.0351,0.2030)",0,0,0,0,0,0,0
3,"Environment: 1, AimModifier: 1",21.7905,true,-1.410744,2.410469,1.126513,"(-0.0124,0.9786,0.0822,0.1883)",false,0,0,0,NA,-1,-1,-1,-1,-1,-2,-2,true,-1.326778,2.311552,0.7279444,"(0.0492,0.9778,-0.0326,0.2013)",0,0,0,0,0,0,0
3,"Environment: 1, AimModifier: 1",21.80441,true,-1.410939,2.410548,1.126567,"(-0.0125,0.9787,0.0824,0.1878)",false,0,0,0,NA,-1,-1,-1,-1,-1,-2,-2,true,-1.326864,2.312226,0.7279751,"(0.0506,0.9781,-0.0293,0.1999)",0,0,0,0,0,0,0
3,"Environment: 1, AimModifier: 1",21.81837,true,-1.411112,2.410647,1.126599,"(-0.0130,0.9787,0.0824,0.1875)",false,0,0,0,NA,-1,-1,-1,-1,-1,-2,-2,true,-1.32687,2.31258,0.7280533,"(0.0516,0.9781,-0.0277,0.1995)",0,0,0,0,0,0,0
3,"Environment: 1, AimModifier: 1",21.83198,true,-1.41122,2.410717,1.126571,"(-0.0135,0.9787,0.0827,0.1873)",false,0,0,0,NA,-1,-1,-1,-1,-1,-2,-2,true,-1.326912,2.312716,0.7280243,"(0.0519,0.9782,-0.0279,0.1991)",0,0,0,0,0,0,0
3,"Environment: 1, AimModifier: 1",21.84602,true,-1.411305,2.410811,1.126429,"(-0.0139,0.9787,0.0835,0.1869)",false,0,0,0,NA,-1,-1,-1,-1,-1,-2,-2,true,-1.326978,2.312942,0.7278922,"(0.0511,0.9783,-0.0281,0.1990)",0,0,0,0,0,0,0
3,"Environment: 1, AimModifier: 1",21.85997,true,-1.411393,2.410955,1.126246,"(-0.0136,0.9787,0.0844,0.1867)",false,0,0,0,NA,-1,-1,-1,-1,-1,-2,-2,true,-1.327129,2.313489,0.7277732,"(0.0503,0.9785,-0.0268,0.1984)",0,0,0,0,0,0,0
3,"Environment: 1, AimModifier: 1",21.87364,true,-1.411491,2.411052,1.12606,"(-0.0135,0.9787,0.0848,0.1864)",false,0,0,0,NA,-1,-1,-1,-1,-1,-2,-2,true,-1.327328,2.314106,0.7276863,"(0.0493,0.9786,-0.0250,0.1980)",0,0,0,0,0,0,0
3,"Environment: 1, AimModifier: 1",21.88769,true,-1.411586,2.411059,1.125941,"(-0.0136,0.9788,0.0844,0.1860)",false,0,0,0,NA,-1,-1,-1,-1,-1,-2,-2,true,-1.32746,2.314075,0.7276484,"(0.0498,0.9787,-0.0257,0.1977)",0,0,0,0,0,0,0
3,"Environment: 1, AimModifier: 1",21.90154,true,-1.411695,2.41095,1.125887,"(-0.0139,0.9790,0.0835,0.1857)",false,0,0,0,NA,-1,-1,-1,-1,-1,-2,-2,true,-1.32794,2.314326,0.7272092,"(0.0517,0.9794,-0.0261,0.1935)",0,0,0,0,0,0,0
3,"Environment: 1, AimModifier: 1",21.91547,true,-1.411822,2.410818,1.125861,"(-0.0142,0.9791,0.0832,0.1853)",false,0,0,0,NA,-1,-1,-1,-1,-1,-2,-2,true,-1.328214,2.314523,0.7267267,"(0.0539,0.9802,-0.0252,0.1891)",0,0,0,0,0,0,0
3,"Environment: 1, AimModifier: 1",21.92958,true,-1.411951,2.410678,1.12583,"(-0.0142,0.9792,0.0824,0.1851)",false,0,0,0,NA,-1,-1,-1,-1,-1,-2,-2,true,-1.328381,2.314919,0.7263312,"(0.0551,0.9808,-0.0221,0.1859)",0,0,0,0,0,0,0
3,"Environment: 1, AimModifier: 1",21.943,true,-1.412028,2.410541,1.125745,"(-0.0142,0.9792,0.0821,0.1849)",false,0,0,0,NA,-1,-1,-1,-1,-1,-2,-2,true,-1.328488,2.315595,0.7262785,"(0.0537,0.9811,-0.0175,0.1853)",0,0,0,0,0,0,0
3,"Environment: 1, AimModifier: 1",21.95699,true,-1.412097,2.410404,1.125678,"(-0.0144,0.9793,0.0816,0.1847)",false,0,0,0,NA,-1,-1,-1,-1,-1,-2,-2,true,-1.328606,2.316185,0.7262905,"(0.0501,0.9810,-0.0158,0.1867)",0,0,0,0,0,0,0
3,"Environment: 1, AimModifier: 1",21.97078,true,-1.41215,2.410278,1.125638,"(-0.0146,0.9794,0.0809,0.1843)",false,0,0,0,NA,-1,-1,-1,-1,-1,-2,-2,true,-1.328734,2.316716,0.7262732,"(0.0453,0.9809,-0.0163,0.1885)",0,0,0,0,0,0,0
3,"Environment: 1, AimModifier: 1",21.98491,true,-1.41218,2.410172,1.12561,"(-0.0149,0.9795,0.0806,0.1840)",false,0,0,0,NA,-1,-1,-1,-1,-1,-2,-2,true,-1.328901,2.31727,0.7261516,"(0.0424,0.9810,-0.0161,0.1886)",0,0,0,0,0,0,0
3,"Environment: 1, AimModifier: 1",21.99883,true,-1.412238,2.410125,1.125585,"(-0.0149,0.9796,0.0804,0.1837)",false,0,0,0,NA,-1,-1,-1,-1,-1,-2,-2,true,-1.329089,2.31789,0.7260574,"(0.0420,0.9815,-0.0147,0.1865)",0,0,0,0,0,0,0
3,"Environment: 1, AimModifier: 1",22.01244,true,-1.412365,2.410113,1.125558,"(-0.0147,0.9796,0.0810,0.1836)",false,0,0,0,NA,-1,-1,-1,-1,-1,-2,-2,true,-1.329217,2.318449,0.7260956,"(0.0450,0.9820,-0.0117,0.1833)",0,0,0,0,0,0,0
3,"Environment: 1, AimModifier: 1",22.0265,true,-1.41248,2.410119,1.125511,"(-0.0145,0.9796,0.0814,0.1833)",false,0,0,0,NA,-1,-1,-1,-1,-1,-2,-2,true,-1.329301,2.318903,0.7261526,"(0.0478,0.9823,-0.0096,0.1806)",0,0,0,0,0,0,0
3,"Environment: 1, AimModifier: 1",22.04066,true,-1.41254,2.410134,1.125477,"(-0.0146,0.9796,0.0813,0.1830)",false,0,0,0,NA,-1,-1,-1,-1,-1,-2,-2,true,-1.329424,2.319365,0.7262106,"(0.0457,0.9824,-0.0103,0.1807)",0,0,0,0,0,0,0
3,"Environment: 1, AimModifier: 1",22.05448,true,-1.412606,2.410135,1.125463,"(-0.0148,0.9797,0.0813,0.1827)",false,0,0,0,NA,-1,-1,-1,-1,-1,-2,-2,true,-1.32947,2.319822,0.7263201,"(0.0415,0.9822,-0.0116,0.1826)",0,0,0,0,0,0,0
3,"Environment: 1, AimModifier: 1",22.0684,true,-1.41267,2.410092,1.125442,"(-0.0151,0.9797,0.0817,0.1825)",false,0,0,0,NA,-1,-1,-1,-1,-1,-2,-2,true,-1.329365,2.320395,0.7264714,"(0.0380,0.9820,-0.0116,0.1846)",0,0,0,0,0,0,0
3,"Environment: 1, AimModifier: 1",22.08244,true,-1.412732,2.41003,1.125424,"(-0.0151,0.9797,0.0816,0.1827)",false,0,0,0,NA,-1,-1,-1,-1,-1,-2,-2,true,-1.329173,2.32059,0.7266157,"(0.0388,0.9818,-0.0102,0.1856)",0,0,0,0,0,0,0
3,"Environment: 1, AimModifier: 1",22.09599,true,-1.41281,2.409979,1.125466,"(-0.0155,0.9797,0.0811,0.1827)",false,0,0,0,NA,-1,-1,-1,-1,-1,-2,-2,true,-1.329278,2.320452,0.726978,"(0.0424,0.9820,-0.0087,0.1840)",0.2627594,0,0,0,0,0,0
3,"Environment: 1, AimModifier: 1",22.11249,true,-1.412951,2.409955,1.125558,"(-0.0159,0.9797,0.0806,0.1827)",false,0,0,0,NA,-1,-1,-1,-1,-1,-2,-2,true,-1.329179,2.320436,0.7270377,"(0.0450,0.9816,-0.0097,0.1852)",0.7467643,0,0,0,0,0,0
3,"Environment: 1, AimModifier: 1",22.12375,true,-1.413085,2.409991,1.125631,"(-0.0159,0.9797,0.0810,0.1829)",false,0,0,0,NA,-1,-1,-1,-1,-1,-2,-2,true,-1.329204,2.32052,0.7269928,"(0.0432,0.9815,-0.0117,0.1863)",1,0,0,0,0,0,0
3,"Environment: 1, AimModifier: 1",22.13708,true,-1.413172,2.410024,1.125644,"(-0.0159,0.9796,0.0816,0.1829)",false,0,0,0,NA,-1,-1,-1,-1,-1,-2,-2,true,-1.329313,2.321466,0.7271309,"(0.0386,0.9809,-0.0158,0.1900)",1,0,0,0,0,0,0
3,"Environment: 1, AimModifier: 1",22.1509,true,-1.413269,2.410035,1.125699,"(-0.0160,0.9797,0.0815,0.1826)",false,0,0,0,NA,-1,-1,-1,-1,-1,-2,-2,true,-1.329494,2.322092,0.7270554,"(0.0341,0.9808,-0.0172,0.1910)",1,0,0,0,0,0,0
3,"Environment: 1, AimModifier: 1",22.16491,true,-1.413377,2.410019,1.125783,"(-0.0162,0.9797,0.0811,0.1824)",false,0,0,0,NA,-1,-1,-1,-1,-1,-2,-2,true,-1.329689,2.322704,0.7269911,"(0.0315,0.9811,-0.0168,0.1900)",1,0,0,0,0,0,0
3,"Environment: 1, AimModifier: 1",22.17888,true,-1.413474,2.410004,1.125855,"(-0.0163,0.9797,0.0809,0.1824)",false,0,0,0,NA,-1,-1,-1,-1,-1,-2,-2,true,-1.329917,2.323335,0.7269114,"(0.0294,0.9816,-0.0159,0.1881)",1,0,0,0,0,0,0
3,"Environment: 1, AimModifier: 1",22.1925,true,-1.413582,2.409979,1.12593,"(-0.0166,0.9797,0.0809,0.1824)",false,0,0,0,NA,-1,-1,-1,-1,-1,-2,-2,true,-1.330053,2.32359,0.7268543,"(0.0297,0.9821,-0.0140,0.1857)",1,0,0,0,0,0,0
3,"Environment: 1, AimModifier: 1",22.20669,true,-1.41367,2.409969,1.125982,"(-0.0168,0.9798,0.0808,0.1824)",false,0,0,0,NA,-1,-1,-1,-1,-1,-2,-2,true,-1.330053,2.32359,0.7268543,"(0.0297,0.9821,-0.0140,0.1857)",1,0,0,0,0,0,0
3,"Environment: 1, AimModifier: 1",22.2205,true,-1.413841,2.410332,1.126119,"(-0.0169,0.9797,0.0836,0.1812)",false,0,0,0,NA,-1,-1,-1,-1,-1,-2,-2,true,-1.33018,2.324689,0.7269309,"(0.0391,0.9832,-0.0084,0.1779)",1,0,0,0,0,0,0
3,"Environment: 1, AimModifier: 1",22.23429,true,-1.413959,2.410409,1.126243,"(-0.0169,0.9798,0.0829,0.1810)",false,0,0,0,NA,-1,-1,-1,-1,-1,-2,-2,true,-1.330208,2.324738,0.7269968,"(0.0370,0.9831,-0.0091,0.1790)",1,0,0,0,0,0,0
3,"Environment: 1, AimModifier: 1",22.24834,true,-1.414046,2.410381,1.126307,"(-0.0171,0.9799,0.0827,0.1808)",false,0,0,0,NA,-1,-1,-1,-1,-1,-2,-2,true,-1.330263,2.324854,0.7271959,"(0.0352,0.9830,-0.0095,0.1800)",0.9550672,0,0,0,0,0,0
3,"Environment: 1, AimModifier: 1",22.26202,true,-1.414153,2.410349,1.126359,"(-0.0169,0.9799,0.0828,0.1807)",false,0,0,0,NA,-1,-1,-1,-1,-1,-2,-2,true,-1.330168,2.324712,0.7272229,"(0.0357,0.9828,-0.0099,0.1807)",0.5416361,0,0,0,0,0,0
3,"Environment: 1, AimModifier: 1",22.30376,true,-1.414255,2.410415,1.126366,"(-0.0173,0.9799,0.0830,0.1803)",false,0,0,0,NA,-1,-1,-1,-1,-1,-2,-2,true,-1.330466,2.324831,0.7277594,"(0.0368,0.9832,-0.0069,0.1786)",0,0,0,0,0,0,0
3,"Environment: 1, AimModifier: 1",22.3175,true,-1.414602,2.410506,1.12648,"(-0.0180,0.9802,0.0830,0.1791)",false,0,0,0,NA,-1,-1,-1,-1,-1,-2,-2,true,-1.330658,2.324601,0.727897,"(0.0354,0.9834,-0.0057,0.1779)",0,0,0,0,0,0,0
3,"Environment: 1, AimModifier: 1",22.331,true,-1.414668,2.41046,1.126564,"(-0.0179,0.9802,0.0825,0.1791)",false,0,0,0,NA,-1,-1,-1,-1,-1,-2,-2,true,-1.330617,2.324157,0.7278359,"(0.0349,0.9833,-0.0061,0.1786)",0,0,0,0,0,0,0
3,"Environment: 1, AimModifier: 1",22.34491,true,-1.414708,2.410482,1.126585,"(-0.0176,0.9802,0.0829,0.1790)",false,0,0,0,NA,-1,-1,-1,-1,-1,-2,-2,true,-1.330591,2.323688,0.7278597,"(0.0353,0.9832,-0.0065,0.1792)",0,0,0,0,0,0,0
3,"Environment: 1, AimModifier: 1",22.35866,true,-1.414745,2.410553,1.126506,"(-0.0174,0.9801,0.0839,0.1790)",false,0,0,0,NA,-1,-1,-1,-1,-1,-2,-2,true,-1.330736,2.323048,0.7280856,"(0.0353,0.9831,-0.0067,0.1796)",0,0,0,0,0,0,0
3,"Environment: 1, AimModifier: 1",22.37221,true,-1.41477,2.410628,1.126432,"(-0.0177,0.9801,0.0845,0.1788)",false,0,0,0,NA,-1,-1,-1,-1,-1,-2,-2,true,-1.331056,2.321963,0.7284716,"(0.0348,0.9830,-0.0073,0.1804)",0,0,0,0,0,0,0
3,"Environment: 1, AimModifier: 1",22.3863,true,-1.414793,2.410652,1.126408,"(-0.0177,0.9801,0.0843,0.1786)",false,0,0,0,NA,-1,-1,-1,-1,-1,-2,-2,true,-1.331788,2.320497,0.729064,"(0.0325,0.9829,-0.0086,0.1812)",0,0,0,0,0,0,0
3,"Environment: 1, AimModifier: 1",22.39995,true,-1.414784,2.410591,1.126413,"(-0.0178,0.9802,0.0840,0.1782)",false,0,0,0,NA,-1,-1,-1,-1,-1,-2,-2,true,-1.333047,2.319224,0.7297688,"(0.0283,0.9829,-0.0098,0.1819)",0,0,0,0,0,0,0
3,"Environment: 1, AimModifier: 1",22.41363,true,-1.414851,2.410537,1.1264,"(-0.0180,0.9804,0.0833,0.1774)",false,0,0,0,NA,-1,-1,-1,-1,-1,-2,-2,true,-1.334282,2.318559,0.7302811,"(0.0255,0.9829,-0.0100,0.1821)",0,0,0,0,0,0,0
3,"Environment: 1, AimModifier: 1",22.42767,true,-1.414927,2.410522,1.126347,"(-0.0181,0.9807,0.0832,0.1762)",false,0,0,0,NA,-1,-1,-1,-1,-1,-2,-2,true,-1.336274,2.318012,0.7309566,"(0.0222,0.9833,-0.0095,0.1804)",0,0,0,0,0,0,0
3,"Environment: 1, AimModifier: 1",22.44166,true,-1.414968,2.410602,1.12614,"(-0.0184,0.9809,0.0837,0.1745)",false,0,0,0,NA,-1,-1,-1,-1,-1,-2,-2,true,-1.33919,2.3177,0.7319509,"(0.0166,0.9839,-0.0086,0.1779)",0,0,0,0,0,0,0
3,"Environment: 1, AimModifier: 1",22.45544,true,-1.415005,2.410776,1.125888,"(-0.0185,0.9812,0.0843,0.1726)",false,0,0,0,NA,-1,-1,-1,-1,-1,-2,-2,true,-1.342425,2.317498,0.7331735,"(0.0106,0.9843,-0.0074,0.1758)",0,0,0,0,0,0,0
3,"Environment: 1, AimModifier: 1",22.46878,true,-1.415048,2.410973,1.125545,"(-0.0190,0.9817,0.0846,0.1694)",false,0,0,0,NA,-1,-1,-1,-1,-1,-2,-2,true,-1.347003,2.317376,0.7350341,"(0.0028,0.9848,-0.0058,0.1734)",0,0,0,0,0,0,0
3,"Environment: 1, AimModifier: 1",22.48276,true,-1.415082,2.411071,1.125265,"(-0.0191,0.9824,0.0841,0.1658)",false,0,0,0,NA,-1,-1,-1,-1,-1,-2,-2,true,-1.35245,2.317215,0.7372707,"(-0.0064,0.9853,-0.0031,0.1705)",0,0,0,0,0,0,0
3,"Environment: 1, AimModifier: 1",22.49665,true,-1.415104,2.41106,1.124999,"(-0.0197,0.9832,0.0829,0.1616)",false,0,0,0,NA,-1,-1,-1,-1,-1,-2,-2,true,-1.359469,2.317144,0.7403716,"(-0.0181,0.9857,0.0026,0.1674)",0,0,0,0,0,0,0
3,"Environment: 1, AimModifier: 1",22.51037,true,-1.415085,2.411107,1.124705,"(-0.0191,0.9840,0.0827,0.1567)",false,0,0,0,NA,-1,-1,-1,-1,-1,-2,-2,true,-1.366884,2.317072,0.7435246,"(-0.0277,0.9861,0.0085,0.1634)",0,0,0,0,0,0,0
3,"Environment: 1, AimModifier: 1",22.52425,true,-1.415167,2.411454,1.12387,"(-0.0175,0.9847,0.0839,0.1520)",false,0,0,0,NA,-1,-1,-1,-1,-1,-2,-2,true,-1.37522,2.317026,0.7471482,"(-0.0332,0.9870,0.0177,0.1561)",0,0,0,0,0,0,0
3,"Environment: 1, AimModifier: 1",22.53815,true,-1.415226,2.411522,1.123302,"(-0.0150,0.9854,0.0848,0.1466)",false,0,0,0,NA,-1,-1,-1,-1,-1,-2,-2,true,-1.385008,2.31706,0.7517849,"(-0.0364,0.9885,0.0332,0.1428)",0,0,0,0,0,0,0
3,"Environment: 1, AimModifier: 1",22.55179,true,-1.415446,2.411633,1.122858,"(-0.0129,0.9862,0.0842,0.1417)",false,0,0,0,NA,-1,-1,-1,-1,-1,-2,-2,true,-1.395445,2.316989,0.7569015,"(-0.0423,0.9895,0.0497,0.1290)",0,0,0,0,0,0,0
3,"Environment: 1, AimModifier: 1",22.56551,true,-1.415352,2.411357,1.122556,"(-0.0110,0.9871,0.0835,0.1362)",false,0,0,0,NA,-1,-1,-1,-1,-1,-2,-2,true,-1.407346,2.316573,0.7630985,"(-0.0523,0.9897,0.0654,0.1160)",0,0,0,0,0,0,0
3,"Environment: 1, AimModifier: 1",22.57965,true,-1.415317,2.411379,1.121891,"(-0.0088,0.9877,0.0833,0.1317)",false,0,0,0,NA,-1,-1,-1,-1,-1,-2,-2,true,-1.420301,2.315607,0.7704079,"(-0.0637,0.9895,0.0796,0.1020)",0,0,0,0,0,0,0
3,"Environment: 1, AimModifier: 1",22.59317,true,-1.41536,2.411544,1.121217,"(-0.0067,0.9883,0.0839,0.1268)",false,0,0,0,NA,-1,-1,-1,-1,-1,-2,-2,true,-1.434295,2.314017,0.7792978,"(-0.0728,0.9889,0.0978,0.0850)",0,0,0,0,0,0,0
3,"Environment: 1, AimModifier: 1",22.6071,true,-1.415459,2.411793,1.12029,"(-0.0041,0.9889,0.0843,0.1220)",false,0,0,0,NA,-1,-1,-1,-1,-1,-2,-2,true,-1.447161,2.312093,0.7877021,"(-0.0807,0.9877,0.1136,0.0714)",0,0,0,0,0,0,0
3,"Environment: 1, AimModifier: 1",22.62128,true,-1.415835,2.411683,1.119354,"(-0.0010,0.9894,0.0858,0.1176)",false,0,0,0,NA,-1,-1,-1,-1,-1,-2,-2,true,-1.45987,2.308994,0.7965874,"(-0.0888,0.9860,0.1274,0.0607)",0,0,0,0,0,0,0
3,"Environment: 1, AimModifier: 1",22.63489,true,-1.416197,2.411632,1.118505,"(0.0040,0.9898,0.0863,0.1128)",false,0,0,0,NA,-1,-1,-1,-1,-1,-2,-2,true,-1.471698,2.305564,0.8045973,"(-0.0990,0.9845,0.1350,0.0515)",0,0,0,0,0,0,0
3,"Environment: 1, AimModifier: 1",22.649,true,-1.41666,2.411168,1.11796,"(0.0086,0.9903,0.0862,0.1084)",false,0,0,0,NA,-1,-1,-1,-1,-1,-2,-2,true,-1.483517,2.302152,0.8128484,"(-0.1135,0.9824,0.1426,0.0409)",0,0,0,0,0,0,0
3,"Environment: 1, AimModifier: 1",22.66299,true,-1.416948,2.410477,1.117331,"(0.0118,0.9909,0.0844,0.1040)",false,0,0,0,NA,-1,-1,-1,-1,-1,-2,-2,true,-1.495192,2.298679,0.8218067,"(-0.1303,0.9788,0.1549,0.0302)",0,0,0,0,0,0,0
3,"Environment: 1, AimModifier: 1",22.6768,true,-1.417259,2.409812,1.116996,"(0.0139,0.9916,0.0804,0.1001)",false,0,0,0,NA,-1,-1,-1,-1,-1,-2,-2,true,-1.505731,2.294931,0.8310626,"(-0.1402,0.9750,0.1710,0.0214)",0,0,0,0,0,0,0
3,"Environment: 1, AimModifier: 1",22.69061,true,-1.417328,2.409257,1.116527,"(0.0152,0.9923,0.0756,0.0966)",false,0,0,0,NA,-1,-1,-1,-1,-1,-2,-2,true,-1.514114,2.290787,0.8396246,"(-0.1379,0.9725,0.1868,0.0183)",0,0,0,0,0,0,0
3,"Environment: 1, AimModifier: 1",22.7048,true,-1.417601,2.408839,1.115647,"(0.0161,0.9927,0.0736,0.0939)",false,0,0,0,NA,-1,-1,-1,-1,-1,-2,-2,true,-1.522155,2.286781,0.8470235,"(-0.1353,0.9706,0.1985,0.0144)",0,0,0,0,0,0,0
3,"Environment: 1, AimModifier: 1",22.71866,true,-1.418082,2.408427,1.114991,"(0.0192,0.9930,0.0725,0.0917)",false,0,0,0,NA,-1,-1,-1,-1,-1,-2,-2,true,-1.52977,2.282581,0.8533975,"(-0.1341,0.9697,0.2039,0.0058)",0,0,0,0,0,0,0
3,"Environment: 1, AimModifier: 1",22.7324,true,-1.418497,2.4077,1.11473,"(0.0222,0.9934,0.0692,0.0892)",false,0,0,0,NA,-1,-1,-1,-1,-1,-2,-2,true,-1.53776,2.278481,0.8582104,"(-0.1405,0.9690,0.2032,-0.0089)",0,0,0,0,0,0,0
3,"Environment: 1, AimModifier: 1",22.74677,true,-1.418977,2.406384,1.114884,"(0.0240,0.9938,0.0646,0.0873)",false,0,0,0,NA,-1,-1,-1,-1,-1,-2,-2,true,-1.545594,2.274447,0.8614745,"(-0.1530,0.9683,0.1960,-0.0241)",0,0,0,0,0,0,0
3,"Environment: 1, AimModifier: 1",22.76044,true,-1.419252,2.405177,1.115193,"(0.0235,0.9944,0.0582,0.0848)",false,0,0,0,NA,-1,-1,-1,-1,-1,-2,-2,true,-1.552552,2.270523,0.8642222,"(-0.1657,0.9674,0.1885,-0.0347)",0,0,0,0,0,0,0
3,"Environment: 1, AimModifier: 1",22.77423,true,-1.419744,2.40428,1.115191,"(0.0243,0.9948,0.0535,0.0826)",false,0,0,0,NA,-1,-1,-1,-1,-1,-2,-2,true,-1.557977,2.267082,0.8668834,"(-0.1727,0.9667,0.1844,-0.0400)",0,0,0,0,0,0,0
3,"Environment: 1, AimModifier: 1",22.7883,true,-1.420467,2.404011,1.114974,"(0.0269,0.9950,0.0513,0.0811)",false,0,0,0,NA,-1,-1,-1,-1,-1,-2,-2,true,-1.562018,2.264384,0.8691821,"(-0.1749,0.9663,0.1837,-0.0430)",0,0,0,0,0,0,0
3,"Environment: 1, AimModifier: 1",22.80216,true,-1.42111,2.403573,1.114994,"(0.0298,0.9951,0.0512,0.0793)",false,0,0,0,NA,-1,-1,-1,-1,-1,-2,-2,true,-1.565726,2.261997,0.8711332,"(-0.1762,0.9658,0.1842,-0.0471)",0,0,0,0,0,0,0
3,"Environment: 1, AimModifier: 1",22.81609,true,-1.421925,2.40311,1.115137,"(0.0325,0.9951,0.0512,0.0781)",false,0,0,0,NA,-1,-1,-1,-1,-1,-2,-2,true,-1.568306,2.260277,0.8714648,"(-0.1776,0.9655,0.1827,-0.0533)",0,0,0,0,0,0,0
3,"Environment: 1, AimModifier: 1",22.83025,true,-1.422877,2.402244,1.115448,"(0.0337,0.9952,0.0504,0.0772)",false,0,0,0,NA,-1,-1,-1,-1,-1,-2,-2,true,-1.571087,2.258804,0.87177,"(-0.1801,0.9648,0.1812,-0.0619)",0,0,0,0,0,0,0
3,"Environment: 1, AimModifier: 1",22.84413,true,-1.423489,2.401425,1.116065,"(0.0339,0.9955,0.0482,0.0748)",false,0,0,0,NA,-1,-1,-1,-1,-1,-2,-2,true,-1.573305,2.257763,0.8722641,"(-0.1806,0.9642,0.1813,-0.0690)",0,0,0,0,0,0,0
3,"Environment: 1, AimModifier: 1",22.85785,true,-1.424459,2.400671,1.116503,"(0.0329,0.9957,0.0456,0.0730)",false,0,0,0,NA,-1,-1,-1,-1,-1,-2,-2,true,-1.574815,2.257207,0.8729062,"(-0.1790,0.9643,0.1819,-0.0709)",0,0,0,0,0,0,0
3,"Environment: 1, AimModifier: 1",22.87159,true,-1.425392,2.40006,1.116916,"(0.0328,0.9959,0.0441,0.0713)",false,0,0,0,NA,-1,-1,-1,-1,-1,-2,-2,true,-1.575959,2.257121,0.8733107,"(-0.1785,0.9647,0.1814,-0.0675)",0,0,0,0,0,0,0
3,"Environment: 1, AimModifier: 1",22.88559,true,-1.426333,2.399581,1.117218,"(0.0328,0.9961,0.0429,0.0701)",false,0,0,0,NA,-1,-1,-1,-1,-1,-2,-2,true,-1.577581,2.257389,0.8735398,"(-0.1831,0.9642,0.1810,-0.0640)",0,0,0,0,0,0,0
3,"Environment: 1, AimModifier: 1",22.89951,true,-1.427237,2.399108,1.11767,"(0.0323,0.9962,0.0414,0.0688)",false,0,0,0,NA,-1,-1,-1,-1,-1,-2,-2,true,-1.579438,2.257781,0.8737884,"(-0.1898,0.9631,0.1803,-0.0632)",0,0,0,0,0,0,0
3,"Environment: 1, AimModifier: 1",22.91337,true,-1.428102,2.398347,1.118065,"(0.0308,0.9964,0.0395,0.0677)",false,0,0,0,NA,-1,-1,-1,-1,-1,-2,-2,true,-1.58111,2.258105,0.8743402,"(-0.1920,0.9624,0.1807,-0.0657)",0,0,0,0,0,0,0
3,"Environment: 1, AimModifier: 1",22.92737,true,-1.428861,2.397866,1.118573,"(0.0286,0.9967,0.0368,0.0661)",false,0,0,0,NA,-1,-1,-1,-1,-1,-2,-2,true,-1.582274,2.25877,0.8752311,"(-0.1857,0.9624,0.1847,-0.0718)",0,0,0,0,0,0,0
3,"Environment: 1, AimModifier: 1",22.94122,true,-1.429594,2.397367,1.118923,"(0.0263,0.9969,0.0353,0.0645)",false,0,0,0,NA,-1,-1,-1,-1,-1,-2,-2,true,-1.583386,2.259488,0.8764371,"(-0.1769,0.9624,0.1912,-0.0774)",0,0,0,0,0,0,0
3,"Environment: 1, AimModifier: 1",22.9551,true,-1.430342,2.396825,1.119212,"(0.0248,0.9971,0.0347,0.0626)",false,0,0,0,NA,-1,-1,-1,-1,-1,-2,-2,true,-1.584597,2.260443,0.8776866,"(-0.1712,0.9619,0.1974,-0.0807)",0,0,0,0,0,0,0
3,"Environment: 1, AimModifier: 1",22.96913,true,-1.431244,2.396646,1.119497,"(0.0246,0.9973,0.0335,0.0612)",false,0,0,0,NA,-1,-1,-1,-1,-1,-2,-2,true,-1.586213,2.261347,0.8787281,"(-0.1738,0.9609,0.1995,-0.0821)",0,0,0,0,0,0,0
3,"Environment: 1, AimModifier: 1",22.98312,true,-1.431817,2.396403,1.119687,"(0.0238,0.9975,0.0328,0.0586)",false,0,0,0,NA,-1,-1,-1,-1,-1,-2,-2,true,-1.587889,2.262156,0.8797213,"(-0.1822,0.9596,0.1986,-0.0815)",0,0,0,0,0,0,0
3,"Environment: 1, AimModifier: 1",22.99692,true,-1.432378,2.3961,1.119962,"(0.0228,0.9977,0.0319,0.0560)",false,0,0,0,NA,-1,-1,-1,-1,-1,-2,-2,true,-1.589231,2.262778,0.8807377,"(-0.1877,0.9586,0.1980,-0.0812)",0,0,0,0,0,0,0
3,"Environment: 1, AimModifier: 1",23.01074,true,-1.432889,2.395787,1.120297,"(0.0219,0.9979,0.0308,0.0533)",false,0,0,0,NA,-1,-1,-1,-1,-1,-2,-2,true,-1.589983,2.263392,0.8819006,"(-0.1895,0.9582,0.1992,-0.0795)",0,0,0,0,0,0,0
3,"Environment: 1, AimModifier: 1",23.02478,true,-1.433442,2.395465,1.12053,"(0.0208,0.9981,0.0299,0.0504)",false,0,0,0,NA,-1,-1,-1,-1,-1,-2,-2,true,-1.590343,2.263901,0.8830698,"(-0.1871,0.9580,0.2025,-0.0787)",0,0,0,0,0,0,0
3,"Environment: 1, AimModifier: 1",23.03868,true,-1.433954,2.395241,1.120689,"(0.0205,0.9982,0.0292,0.0474)",false,0,0,0,NA,-1,-1,-1,-1,-1,-2,-2,true,-1.590689,2.264243,0.8839916,"(-0.1830,0.9581,0.2055,-0.0792)",0,0,0,0,0,0,0
3,"Environment: 1, AimModifier: 1",23.05244,true,-1.434377,2.395103,1.12079,"(0.0205,0.9984,0.0287,0.0444)",false,0,0,0,NA,-1,-1,-1,-1,-1,-2,-2,true,-1.591372,2.264472,0.8846581,"(-0.1814,0.9581,0.2061,-0.0814)",0,0,0,0,0,0,0
3,"Environment: 1, AimModifier: 1",23.06658,true,-1.434895,2.395056,1.120732,"(0.0201,0.9985,0.0291,0.0420)",false,0,0,0,NA,-1,-1,-1,-1,-1,-2,-2,true,-1.592426,2.264596,0.8851393,"(-0.1832,0.9575,0.2061,-0.0848)",0,0,0,0,0,0,0
3,"Environment: 1, AimModifier: 1",23.08047,true,-1.435147,2.395068,1.120677,"(0.0203,0.9986,0.0295,0.0390)",false,0,0,0,NA,-1,-1,-1,-1,-1,-2,-2,true,-1.593465,2.264627,0.8854401,"(-0.1853,0.9567,0.2063,-0.0886)",0,0,0,0,0,0,0
3,"Environment: 1, AimModifier: 1",23.09419,true,-1.435546,2.394993,1.120607,"(0.0200,0.9987,0.0296,0.0364)",false,0,0,0,NA,-1,-1,-1,-1,-1,-2,-2,true,-1.594152,2.264629,0.8856522,"(-0.1841,0.9563,0.2076,-0.0919)",0,0,0,0,0,0,0
3,"Environment: 1, AimModifier: 1",23.10835,true,-1.435857,2.394806,1.120566,"(0.0190,0.9988,0.0292,0.0333)",false,0,0,0,NA,-1,-1,-1,-1,-1,-2,-2,true,-1.594603,2.264621,0.8858134,"(-0.1816,0.9563,0.2091,-0.0941)",0,0,0,0,0,0,0
3,"Environment: 1, AimModifier: 1",23.12218,true,-1.436344,2.394605,1.120486,"(0.0182,0.9990,0.0288,0.0305)",false,0,0,0,NA,-1,-1,-1,-1,-1,-2,-2,true,-1.595083,2.264631,0.885821,"(-0.1808,0.9564,0.2091,-0.0943)",0,0,0,0,0,0,0
3,"Environment: 1, AimModifier: 1",23.1359,true,-1.43663,2.394511,1.120346,"(0.0180,0.9991,0.0286,0.0272)",false,0,0,0,NA,-1,-1,-1,-1,-1,-2,-2,true,-1.595358,2.264623,0.8856167,"(-0.1835,0.9564,0.2077,-0.0926)",0,0,0,0,0,0,0
3,"Environment: 1, AimModifier: 1",23.1498,true,-1.437079,2.394503,1.120182,"(0.0181,0.9991,0.0281,0.0244)",false,0,0,0,NA,-1,-1,-1,-1,-1,-2,-2,true,-1.596266,2.264671,0.8854212,"(-0.1876,0.9560,0.2058,-0.0922)",0,0,0,0,0,0,0
3,"Environment: 1, AimModifier: 1",23.1636,true,-1.437427,2.394483,1.119985,"(0.0177,0.9992,0.0276,0.0213)",false,0,0,0,NA,-1,-1,-1,-1,-1,-2,-2,true,-1.597178,2.264789,0.8852465,"(-0.1915,0.9555,0.2047,-0.0923)",0,0,0,0,0,0,0
3,"Environment: 1, AimModifier: 1",23.17743,true,-1.437916,2.394249,1.119851,"(0.0181,0.9993,0.0279,0.0189)",false,0,0,0,NA,-1,-1,-1,-1,-1,-2,-2,true,-1.597618,2.264845,0.8852307,"(-0.1928,0.9552,0.2045,-0.0926)",0,0,0,0,0,0,0
3,"Environment: 1, AimModifier: 1",23.19081,true,-1.438182,2.394416,1.119565,"(0.0181,0.9993,0.0274,0.0159)",false,0,0,0,NA,-1,-1,-1,-1,-1,-2,-2,true,-1.597701,2.265284,0.8849548,"(-0.1921,0.9552,0.2048,-0.0937)",0,0,0,0,0,0,0
3,"Environment: 1, AimModifier: 1",23.2048,true,-1.438381,2.394554,1.119205,"(0.0183,0.9994,0.0268,0.0127)",false,0,0,0,NA,-1,-1,-1,-1,-1,-2,-2,true,-1.59761,2.265301,0.8849695,"(-0.1916,0.9552,0.2051,-0.0937)",0,0,0,0,0,0,0
3,"Environment: 1, AimModifier: 1",23.21875,true,-1.438683,2.394588,1.118948,"(0.0182,0.9994,0.0265,0.0098)",false,0,0,0,NA,-1,-1,-1,-1,-1,-2,-2,true,-1.59761,2.265301,0.8849695,"(-0.1916,0.9552,0.2051,-0.0937)",0,0,0,0,0,0,0
3,"Environment: 1, AimModifier: 1",23.23264,true,-1.43893,2.394477,1.11846,"(0.0176,0.9995,0.0266,0.0076)",false,0,0,0,NA,-1,-1,-1,-1,-1,-2,-2,true,-1.599273,2.266847,0.8851094,"(-0.1843,0.9545,0.2110,-0.1023)",0,0,0,0,0,0,0
3,"Environment: 1, AimModifier: 1",23.24698,true,-1.439309,2.39466,1.118022,"(0.0181,0.9995,0.0271,0.0055)",false,0,0,0,NA,-1,-1,-1,-1,-1,-2,-2,true,-1.599904,2.267267,0.8850515,"(-0.1856,0.9541,0.2107,-0.1043)",0,0,0,0,0,0,0
3,"Environment: 1, AimModifier: 1",23.26069,true,-1.439642,2.394721,1.117683,"(0.0185,0.9994,0.0277,0.0031)",false,0,0,0,NA,-1,-1,-1,-1,-1,-2,-2,true,-1.600225,2.267688,0.8850194,"(-0.1860,0.9540,0.2105,-0.1046)",0,0,0,0,0,0,0
3,"Environment: 1, AimModifier: 1",23.27429,true,-1.439824,2.394667,1.117422,"(0.0188,0.9994,0.0276,0.0006)",false,0,0,0,NA,-1,-1,-1,-1,-1,-2,-2,true,-1.600274,2.268055,0.8849843,"(-0.1842,0.9540,0.2120,-0.1053)",0,0,0,0,0,0,0
3,"Environment: 1, AimModifier: 1",23.28848,true,-1.440117,2.394687,1.117209,"(0.0186,0.9995,0.0268,-0.0015)",false,0,0,0,NA,-1,-1,-1,-1,-1,-2,-2,true,-1.600165,2.268253,0.8848776,"(-0.1807,0.9540,0.2141,-0.1070)",0,0,0,0,0,0,0
3,"Environment: 1, AimModifier: 1",23.30228,true,-1.440302,2.394703,1.117005,"(0.0187,0.9995,0.0265,-0.0042)",false,0,0,0,NA,-1,-1,-1,-1,-1,-2,-2,true,-1.599946,2.268188,0.8847284,"(-0.1764,0.9540,0.2162,-0.1100)",0,0,0,0,0,0,0
3,"Environment: 1, AimModifier: 1",23.31605,true,-1.440561,2.394916,1.116805,"(0.0182,0.9995,0.0262,-0.0066)",false,0,0,0,NA,-1,-1,-1,-1,-1,-2,-2,true,-1.599707,2.26784,0.8846611,"(-0.1742,0.9537,0.2176,-0.1131)",0,0,0,0,0,0,0
3,"Environment: 1, AimModifier: 1",23.32977,true,-1.440783,2.395163,1.116613,"(0.0183,0.9994,0.0265,-0.0092)",false,0,0,0,NA,-1,-1,-1,-1,-1,-2,-2,true,-1.599233,2.267189,0.884413,"(-0.1742,0.9536,0.2173,-0.1139)",0,0,0,0,0,0,0
3,"Environment: 1, AimModifier: 1",23.34402,true,-1.441037,2.395445,1.116438,"(0.0184,0.9994,0.0274,-0.0117)",false,0,0,0,NA,-1,-1,-1,-1,-1,-2,-2,true,-1.598408,2.266329,0.8839896,"(-0.1744,0.9545,0.2149,-0.1110)",0,0,0,0,0,0,0
3,"Environment: 1, AimModifier: 1",23.35797,true,-1.441356,2.395913,1.11627,"(0.0187,0.9993,0.0282,-0.0144)",false,0,0,0,NA,-1,-1,-1,-1,-1,-2,-2,true,-1.59716,2.265141,0.8831837,"(-0.1732,0.9558,0.2122,-0.1070)",0,0,0,0,0,0,0
3,"Environment: 1, AimModifier: 1",23.37186,true,-1.441635,2.396225,1.116233,"(0.0194,0.9992,0.0298,-0.0176)",false,0,0,0,NA,-1,-1,-1,-1,-1,-2,-2,true,-1.596059,2.264016,0.8823845,"(-0.1726,0.9568,0.2096,-0.1037)",0,0,0,0,0,0,0
3,"Environment: 1, AimModifier: 1",23.38613,true,-1.441985,2.396579,1.116183,"(0.0204,0.9991,0.0312,-0.0203)",false,0,0,0,NA,-1,-1,-1,-1,-1,-2,-2,true,-1.59503,2.262707,0.881501,"(-0.1727,0.9578,0.2061,-0.1018)",0,0,0,0,0,0,0
3,"Environment: 1, AimModifier: 1",23.39996,true,-1.442284,2.396953,1.116177,"(0.0218,0.9990,0.0326,-0.0232)",false,0,0,0,NA,-1,-1,-1,-1,-1,-2,-2,true,-1.594198,2.261607,0.8806937,"(-0.1724,0.9582,0.2041,-0.1020)",0,0,0,0,0,0,0
3,"Environment: 1, AimModifier: 1",23.41386,true,-1.44262,2.397394,1.11609,"(0.0227,0.9988,0.0347,-0.0266)",false,0,0,0,NA,-1,-1,-1,-1,-1,-2,-2,true,-1.59334,2.260568,0.8798319,"(-0.1707,0.9587,0.2029,-0.1029)",0,0,0,0,0,0,0
3,"Environment: 1, AimModifier: 1",23.42764,true,-1.443097,2.397777,1.116068,"(0.0235,0.9986,0.0370,-0.0298)",false,0,0,0,NA,-1,-1,-1,-1,-1,-2,-2,true,-1.592436,2.259633,0.8788817,"(-0.1672,0.9593,0.2019,-0.1046)",0,0,0,0,0,0,0
3,"Environment: 1, AimModifier: 1",23.44143,true,-1.443394,2.398224,1.116108,"(0.0245,0.9984,0.0390,-0.0334)",false,0,0,0,NA,-1,-1,-1,-1,-1,-2,-2,true,-1.591568,2.258854,0.877879,"(-0.1634,0.9602,0.2007,-0.1050)",0,0,0,0,0,0,0
3,"Environment: 1, AimModifier: 1",23.45535,true,-1.443726,2.398483,1.116233,"(0.0254,0.9981,0.0412,-0.0370)",false,0,0,0,NA,-1,-1,-1,-1,-1,-2,-2,true,-1.590999,2.25832,0.8768175,"(-0.1618,0.9607,0.1997,-0.1046)",0,0,0,0,0,0,0
3,"Environment: 1, AimModifier: 1",23.46911,true,-1.444263,2.398849,1.116313,"(0.0260,0.9980,0.0425,-0.0399)",false,0,0,0,NA,-1,-1,-1,-1,-1,-2,-2,true,-1.590669,2.257813,0.8756264,"(-0.1614,0.9614,0.1973,-0.1036)",0,0,0,0,0,0,0
3,"Environment: 1, AimModifier: 1",23.48292,true,-1.444694,2.399183,1.11636,"(0.0273,0.9977,0.0440,-0.0428)",false,0,0,0,NA,-1,-1,-1,-1,-1,-2,-2,true,-1.590482,2.257291,0.8743312,"(-0.1612,0.9623,0.1938,-0.1026)",0,0,0,0,0,0,0
3,"Environment: 1, AimModifier: 1",23.49686,true,-1.445164,2.399313,1.116484,"(0.0276,0.9975,0.0454,-0.0456)",false,0,0,0,NA,-1,-1,-1,-1,-1,-2,-2,true,-1.590676,2.256902,0.873031,"(-0.1612,0.9628,0.1908,-0.1030)",0,0,0,0,0,0,0
3,"Environment: 1, AimModifier: 1",23.51072,true,-1.445634,2.399537,1.116591,"(0.0277,0.9974,0.0460,-0.0480)",false,0,0,0,NA,-1,-1,-1,-1,-1,-2,-2,true,-1.591279,2.256641,0.8718916,"(-0.1619,0.9627,0.1895,-0.1054)",0,0,0,0,0,0,0
3,"Environment: 1, AimModifier: 1",23.52478,true,-1.445889,2.399662,1.116691,"(0.0280,0.9973,0.0464,-0.0505)",false,0,0,0,NA,-1,-1,-1,-1,-1,-2,-2,true,-1.592152,2.256422,0.8708308,"(-0.1628,0.9624,0.1881,-0.1087)",0,0,0,0,0,0,0
3,"Environment: 1, AimModifier: 1",23.53873,true,-1.446217,2.399696,1.116836,"(0.0277,0.9971,0.0468,-0.0526)",false,0,0,0,NA,-1,-1,-1,-1,-1,-2,-2,true,-1.592958,2.256157,0.8697275,"(-0.1629,0.9623,0.1871,-0.1116)",0,0,0,0,0,0,0
3,"Environment: 1, AimModifier: 1",23.55257,true,-1.446524,2.399686,1.117074,"(0.0271,0.9970,0.0470,-0.0544)",false,0,0,0,NA,-1,-1,-1,-1,-1,-2,-2,true,-1.593599,2.255768,0.8684351,"(-0.1614,0.9625,0.1860,-0.1136)",0,0,0,0,0,0,0
3,"Environment: 1, AimModifier: 1",23.56666,true,-1.44687,2.39965,1.117317,"(0.0270,0.9970,0.0470,-0.0560)",false,0,0,0,NA,-1,-1,-1,-1,-1,-2,-2,true,-1.594217,2.255194,0.8668817,"(-0.1615,0.9631,0.1830,-0.1137)",0,0,0,0,0,0,0
3,"Environment: 1, AimModifier: 1",23.5807,true,-1.447064,2.399544,1.117606,"(0.0268,0.9969,0.0470,-0.0578)",false,0,0,0,NA,-1,-1,-1,-1,-1,-2,-2,true,-1.595031,2.254445,0.865106,"(-0.1666,0.9637,0.1770,-0.1104)",0,0,0,0,0,0,0
3,"Environment: 1, AimModifier: 1",23.59439,true,-1.447256,2.399488,1.117943,"(0.0259,0.9968,0.0468,-0.0592)",false,0,0,0,NA,-1,-1,-1,-1,-1,-2,-2,true,-1.596057,2.253534,0.8631705,"(-0.1767,0.9642,0.1681,-0.1043)",0,0,0,0,0,0,0
3,"Environment: 1, AimModifier: 1",23.60833,true,-1.447265,2.399566,1.118209,"(0.0246,0.9967,0.0463,-0.0613)",false,0,0,0,NA,-1,-1,-1,-1,-1,-2,-2,true,-1.597109,2.252627,0.8612688,"(-0.1882,0.9642,0.1589,-0.0982)",0,0,0,0,0,0,0
3,"Environment: 1, AimModifier: 1",23.62244,true,-1.447381,2.399721,1.118435,"(0.0239,0.9967,0.0460,-0.0627)",false,0,0,0,NA,-1,-1,-1,-1,-1,-2,-2,true,-1.59793,2.251849,0.859545,"(-0.1993,0.9640,0.1505,-0.0913)",0,0,0,0,0,0,0
3,"Environment: 1, AimModifier: 1",23.63632,true,-1.447565,2.399834,1.118662,"(0.0237,0.9966,0.0463,-0.0638)",false,0,0,0,NA,-1,-1,-1,-1,-1,-2,-2,true,-1.598389,2.251417,0.8582861,"(-0.2081,0.9635,0.1456,-0.0846)",0,0,0,0,0,0,0
3,"Environment: 1, AimModifier: 1",23.65005,true,-1.447733,2.400004,1.118878,"(0.0237,0.9965,0.0468,-0.0648)",false,0,0,0,NA,-1,-1,-1,-1,-1,-2,-2,true,-1.598518,2.251359,0.8574431,"(-0.2144,0.9631,0.1432,-0.0777)",0,0,0,0,0,0,0
3,"Environment: 1, AimModifier: 1",23.66415,true,-1.447921,2.400158,1.119062,"(0.0238,0.9964,0.0478,-0.0657)",false,0,0,0,NA,-1,-1,-1,-1,-1,-2,-2,true,-1.598553,2.251504,0.8569595,"(-0.2205,0.9625,0.1410,-0.0718)",0,0,0,0,0,0,0
3,"Environment: 1, AimModifier: 1",23.67806,true,-1.448072,2.40039,1.119236,"(0.0243,0.9963,0.0486,-0.0665)",false,0,0,0,NA,-1,-1,-1,-1,-1,-2,-2,true,-1.598524,2.251758,0.8567425,"(-0.2257,0.9618,0.1396,-0.0677)",0,0,0,0,0,0,0
3,"Environment: 1, AimModifier: 1",23.69192,true,-1.448227,2.400571,1.119426,"(0.0239,0.9962,0.0493,-0.0675)",false,0,0,0,NA,-1,-1,-1,-1,-1,-2,-2,true,-1.598417,2.252134,0.8567138,"(-0.2290,0.9611,0.1395,-0.0665)",0,0,0,0,0,0,0
3,"Environment: 1, AimModifier: 1",23.70573,true,-1.44837,2.400704,1.119631,"(0.0237,0.9961,0.0500,-0.0683)",false,0,0,0,NA,-1,-1,-1,-1,-1,-2,-2,true,-1.598012,2.252515,0.8567894,"(-0.2283,0.9610,0.1403,-0.0678)",0,0,0,0,0,0,0
3,"Environment: 1, AimModifier: 1",23.71969,true,-1.448465,2.400818,1.119807,"(0.0235,0.9960,0.0508,-0.0692)",false,0,0,0,NA,-1,-1,-1,-1,-1,-2,-2,true,-1.597268,2.252915,0.8568976,"(-0.2237,0.9618,0.1416,-0.0701)",0,0,0,0,0,0,0
3,"Environment: 1, AimModifier: 1",23.73352,true,-1.448704,2.400926,1.120034,"(0.0231,0.9960,0.0516,-0.0696)",false,0,0,0,NA,-1,-1,-1,-1,-1,-2,-2,true,-1.596769,2.253141,0.8573719,"(-0.2178,0.9626,0.1442,-0.0725)",0,0,0,0,0,0,0
3,"Environment: 1, AimModifier: 1",23.74763,true,-1.448809,2.401048,1.12015,"(0.0231,0.9959,0.0523,-0.0703)",false,0,0,0,NA,-1,-1,-1,-1,-1,-2,-2,true,-1.595788,2.253655,0.8574563,"(-0.2138,0.9632,0.1457,-0.0724)",0,0,0,0,0,0,0
3,"Environment: 1, AimModifier: 1",23.76153,true,-1.448945,2.401151,1.120224,"(0.0231,0.9958,0.0530,-0.0706)",false,0,0,0,NA,-1,-1,-1,-1,-1,-2,-2,true,-1.594791,2.254114,0.8574861,"(-0.2129,0.9635,0.1459,-0.0706)",0,0,0,0,0,0,0
3,"Environment: 1, AimModifier: 1",23.77538,true,-1.44908,2.401248,1.120279,"(0.0230,0.9958,0.0536,-0.0710)",false,0,0,0,NA,-1,-1,-1,-1,-1,-2,-2,true,-1.59381,2.25448,0.8573775,"(-0.2143,0.9636,0.1449,-0.0679)",0,0,0,0,0,0,0
3,"Environment: 1, AimModifier: 1",23.78946,true,-1.449197,2.401339,1.120359,"(0.0227,0.9957,0.0538,-0.0714)",false,0,0,0,NA,-1,-1,-1,-1,-1,-2,-2,true,-1.592644,2.254824,0.8571322,"(-0.2153,0.9637,0.1439,-0.0646)",0,0,0,0,0,0,0
3,"Environment: 1, AimModifier: 1",23.80314,true,-1.449207,2.401453,1.120377,"(0.0223,0.9957,0.0540,-0.0720)",false,0,0,0,NA,-1,-1,-1,-1,-1,-2,-2,true,-1.591584,2.255024,0.8568877,"(-0.2141,0.9642,0.1430,-0.0626)",0,0,0,0,0,0,0
3,"Environment: 1, AimModifier: 1",23.81704,true,-1.449178,2.401533,1.120383,"(0.0213,0.9957,0.0542,-0.0723)",false,0,0,0,NA,-1,-1,-1,-1,-1,-2,-2,true,-1.590501,2.255155,0.8566474,"(-0.2111,0.9650,0.1430,-0.0607)",0,0,0,0,0,0,0
3,"Environment: 1, AimModifier: 1",23.83084,true,-1.449189,2.401556,1.120427,"(0.0208,0.9957,0.0545,-0.0723)",false,0,0,0,NA,-1,-1,-1,-1,-1,-2,-2,true,-1.589624,2.255277,0.8563895,"(-0.2088,0.9656,0.1430,-0.0598)",0,0,0,0,0,0,0
3,"Environment: 1, AimModifier: 1",23.84486,true,-1.449211,2.401578,1.120471,"(0.0205,0.9956,0.0549,-0.0725)",false,0,0,0,NA,-1,-1,-1,-1,-1,-2,-2,true,-1.589046,2.255279,0.8559912,"(-0.2081,0.9656,0.1435,-0.0606)",0,0,0,0,0,0,0
3,"Environment: 1, AimModifier: 1",23.85882,true,-1.449228,2.401599,1.120478,"(0.0201,0.9956,0.0556,-0.0726)",false,0,0,0,NA,-1,-1,-1,-1,-1,-2,-2,true,-1.589045,2.255108,0.8556249,"(-0.2090,0.9654,0.1430,-0.0615)",0,0,0,0,0,0,0
3,"Environment: 1, AimModifier: 1",23.87267,true,-1.44923,2.401603,1.120503,"(0.0196,0.9956,0.0560,-0.0728)",false,0,0,0,NA,-1,-1,-1,-1,-1,-2,-2,true,-1.588686,2.254974,0.8551518,"(-0.2096,0.9655,0.1420,-0.0611)",0,0,0,0,0,0,0
3,"Environment: 1, AimModifier: 1",23.88668,true,-1.449241,2.401588,1.120552,"(0.0196,0.9956,0.0560,-0.0727)",false,0,0,0,NA,-1,-1,-1,-1,-1,-2,-2,true,-1.587715,2.254788,0.8543561,"(-0.2100,0.9658,0.1398,-0.0592)",0,0,0,0,0,0,0
3,"Environment: 1, AimModifier: 1",23.90054,true,-1.449256,2.401581,1.120625,"(0.0196,0.9956,0.0557,-0.0729)",false,0,0,0,NA,-1,-1,-1,-1,-1,-2,-2,true,-1.586881,2.254548,0.8535073,"(-0.2106,0.9662,0.1377,-0.0562)",0,0,0,0,0,0,0
3,"Environment: 1, AimModifier: 1",23.91443,true,-1.449287,2.401597,1.120701,"(0.0199,0.9956,0.0556,-0.0730)",false,0,0,0,NA,-1,-1,-1,-1,-1,-2,-2,true,-1.586473,2.254377,0.8527431,"(-0.2136,0.9661,0.1354,-0.0528)",0,0,0,0,0,0,0
3,"Environment: 1, AimModifier: 1",23.92851,true,-1.449338,2.401656,1.120747,"(0.0200,0.9955,0.0562,-0.0731)",false,0,0,0,NA,-1,-1,-1,-1,-1,-2,-2,true,-1.58624,2.2542,0.8518948,"(-0.2207,0.9654,0.1308,-0.0466)",0,0,0,0,0,0,0
3,"Environment: 1, AimModifier: 1",23.94249,true,-1.449375,2.401717,1.120778,"(0.0200,0.9955,0.0569,-0.0733)",false,0,0,0,NA,-1,-1,-1,-1,-1,-2,-2,true,-1.586134,2.253967,0.8509951,"(-0.2315,0.9641,0.1240,-0.0383)",0,0,0,0,0,0,0
3,"Environment: 1, AimModifier: 1",23.95634,true,-1.449423,2.401765,1.12082,"(0.0199,0.9955,0.0571,-0.0733)",false,0,0,0,NA,-1,-1,-1,-1,-1,-2,-2,true,-1.58584,2.253863,0.8501236,"(-0.2430,0.9624,0.1186,-0.0248)",0,0,0,0,0,0,0
3,"Environment: 1, AimModifier: 1",23.97017,true,-1.449452,2.401843,1.120876,"(0.0197,0.9955,0.0570,-0.0736)",false,0,0,0,NA,-1,-1,-1,-1,-1,-2,-2,true,-1.585574,2.253603,0.8492128,"(-0.2540,0.9606,0.1123,-0.0123)",0,0,0,0,0,0,0
3,"Environment: 1, AimModifier: 1",23.98399,true,-1.449507,2.401923,1.120915,"(0.0196,0.9954,0.0574,-0.0738)",false,0,0,0,NA,-1,-1,-1,-1,-1,-2,-2,true,-1.585202,2.253369,0.8482848,"(-0.2644,0.9586,0.1055,0.0027)",0,0,0,0,0,0,0
3,"Environment: 1, AimModifier: 1",23.99795,true,-1.449562,2.402017,1.120936,"(0.0196,0.9954,0.0578,-0.0740)",false,0,0,0,NA,-1,-1,-1,-1,-1,-2,-2,true,-1.584527,2.253174,0.8475543,"(-0.2711,0.9572,0.0998,0.0164)",0,0,0,0,0,0,0
3,"Environment: 1, AimModifier: 1",24.01154,true,-1.449591,2.402139,1.12095,"(0.0197,0.9953,0.0581,-0.0743)",false,0,0,0,NA,-1,-1,-1,-1,-1,-2,-2,true,-1.583715,2.252985,0.846984,"(-0.2758,0.9560,0.0951,0.0292)",0,0,0,0,0,0,0
3,"Environment: 1, AimModifier: 1",24.02555,true,-1.449617,2.402305,1.120937,"(0.0195,0.9953,0.0588,-0.0748)",false,0,0,0,NA,-1,-1,-1,-1,-1,-2,-2,true,-1.582965,2.252698,0.8466763,"(-0.2795,0.9550,0.0914,0.0393)",0,0,0,0,0,0,0
3,"Environment: 1, AimModifier: 1",24.03942,true,-1.449672,2.402414,1.120937,"(0.0191,0.9952,0.0593,-0.0753)",false,0,0,0,NA,-1,-1,-1,-1,-1,-2,-2,true,-1.58287,2.252554,0.8464379,"(-0.2853,0.9531,0.0909,0.0448)",0,0,0,0,0,0,0
3,"Environment: 1, AimModifier: 1",24.05323,true,-1.449741,2.40246,1.120948,"(0.0189,0.9952,0.0596,-0.0758)",false,0,0,0,NA,-1,-1,-1,-1,-1,-2,-2,true,-1.583151,2.25235,0.8460233,"(-0.2900,0.9517,0.0903,0.0451)",0,0,0,0,0,0,0
3,"Environment: 1, AimModifier: 1",24.06731,true,-1.449855,2.402533,1.120942,"(0.0188,0.9951,0.0599,-0.0762)",false,0,0,0,NA,-1,-1,-1,-1,-1,-2,-2,true,-1.583855,2.251969,0.8454793,"(-0.2899,0.9520,0.0905,0.0382)",0,0,0,0,0,0,0
3,"Environment: 1, AimModifier: 1",24.08144,true,-1.449962,2.402648,1.120888,"(0.0185,0.9950,0.0608,-0.0771)",false,0,0,0,NA,-1,-1,-1,-1,-1,-2,-2,true,-1.584454,2.251416,0.8449467,"(-0.2866,0.9533,0.0907,0.0310)",0,0,0,0,0,0,0
3,"Environment: 1, AimModifier: 1",24.09525,true,-1.450076,2.402774,1.120805,"(0.0181,0.9949,0.0616,-0.0780)",false,0,0,0,NA,-1,-1,-1,-1,-1,-2,-2,true,-1.584959,2.250857,0.8444667,"(-0.2824,0.9546,0.0913,0.0250)",0,0,0,0,0,0,0
3,"Environment: 1, AimModifier: 1",24.10879,true,-1.450204,2.402876,1.120702,"(0.0180,0.9948,0.0620,-0.0786)",false,0,0,0,NA,-1,-1,-1,-1,-1,-2,-2,true,-1.585524,2.25035,0.8440585,"(-0.2784,0.9557,0.0931,0.0204)",0,0,0,0,0,0,0
3,"Environment: 1, AimModifier: 1",24.12295,true,-1.450315,2.402987,1.120591,"(0.0180,0.9947,0.0626,-0.0793)",false,0,0,0,NA,-1,-1,-1,-1,-1,-2,-2,true,-1.58648,2.249781,0.8433318,"(-0.2789,0.9556,0.0939,0.0177)",0,0,0,0,0,0,0
3,"Environment: 1, AimModifier: 1",24.13675,true,-1.450446,2.40314,1.12048,"(0.0181,0.9947,0.0628,-0.0799)",false,0,0,0,NA,-1,-1,-1,-1,-1,-2,-2,true,-1.587773,2.249219,0.8421327,"(-0.2827,0.9546,0.0924,0.0155)",0,0,0,0,0,0,0
3,"Environment: 1, AimModifier: 1",24.15054,true,-1.450587,2.403262,1.12041,"(0.0180,0.9946,0.0630,-0.0806)",false,0,0,0,NA,-1,-1,-1,-1,-1,-2,-2,true,-1.589473,2.248695,0.8403296,"(-0.2873,0.9536,0.0893,0.0119)",0,0,0,0,0,0,0
3,"Environment: 1, AimModifier: 1",24.16423,true,-1.450717,2.403331,1.120397,"(0.0181,0.9945,0.0630,-0.0815)",false,0,0,0,NA,-1,-1,-1,-1,-1,-2,-2,true,-1.591059,2.248226,0.8383503,"(-0.2890,0.9534,0.0861,0.0078)",0,0,0,0,0,0,0
3,"Environment: 1, AimModifier: 1",24.17803,true,-1.450847,2.403269,1.12046,"(0.0177,0.9944,0.0632,-0.0823)",false,0,0,0,NA,-1,-1,-1,-1,-1,-2,-2,true,-1.592962,2.248181,0.8354031,"(-0.2882,0.9541,0.0819,0.0029)",0,0,0,0,0,0,0
3,"Environment: 1, AimModifier: 1",24.1918,true,-1.450922,2.403108,1.120594,"(0.0171,0.9944,0.0629,-0.0836)",false,0,0,0,NA,-1,-1,-1,-1,-1,-2,-2,true,-1.595161,2.248586,0.8320715,"(-0.2893,0.9540,0.0784,-0.0004)",0,0,0,0,0,0,0
3,"Environment: 1, AimModifier: 1",24.20566,true,-1.45103,2.402974,1.120748,"(0.0170,0.9943,0.0625,-0.0844)",false,0,0,0,NA,-1,-1,-1,-1,-1,-2,-2,true,-1.597453,2.249093,0.8287684,"(-0.2919,0.9535,0.0754,-0.0033)",0,0,0,0,0,0,0
3,"Environment: 1, AimModifier: 1",24.21964,true,-1.451144,2.402958,1.120786,"(0.0167,0.9943,0.0625,-0.0853)",false,0,0,0,NA,-1,-1,-1,-1,-1,-2,-2,true,-1.599083,2.249019,0.8265405,"(-0.2933,0.9532,0.0728,-0.0064)",0,0,0,0,0,0,0
3,"Environment: 1, AimModifier: 1",24.23341,true,-1.451385,2.402682,1.121616,"(0.0183,0.9942,0.0626,-0.0860)",false,0,0,0,NA,-1,-1,-1,-1,-1,-2,-2,true,-1.606316,2.252942,0.816947,"(-0.3229,0.9443,0.0632,0.0041)",0,0,0,0,0,0,0
3,"Environment: 1, AimModifier: 1",24.24767,true,-1.451483,2.402627,1.121858,"(0.0171,0.9941,0.0624,-0.0871)",false,0,0,0,NA,-1,-1,-1,-1,-1,-2,-2,true,-1.61098,2.254234,0.8113808,"(-0.3469,0.9363,0.0537,0.0123)",0,0,0,0,0,0,0
3,"Environment: 1, AimModifier: 1",24.26143,true,-1.451546,2.40259,1.122163,"(0.0162,0.9941,0.0619,-0.0880)",false,0,0,0,NA,-1,-1,-1,-1,-1,-2,-2,true,-1.616149,2.255179,0.8056872,"(-0.3737,0.9264,0.0427,0.0178)",0,0,0,0,0,0,0
3,"Environment: 1, AimModifier: 1",24.27516,true,-1.451643,2.402563,1.122423,"(0.0157,0.9940,0.0620,-0.0885)",false,0,0,0,NA,-1,-1,-1,-1,-1,-2,-2,true,-1.622762,2.255751,0.7995363,"(-0.4016,0.9153,0.0295,0.0091)",0,0,0,0,0,0,0
3,"Environment: 1, AimModifier: 1",24.28896,true,-1.451757,2.402492,1.122612,"(0.0153,0.9939,0.0626,-0.0892)",false,0,0,0,NA,-1,-1,-1,-1,-1,-2,-2,true,-1.628951,2.256371,0.7945422,"(-0.4149,0.9095,0.0217,-0.0136)",0,0,0,0,0,0,0
3,"Environment: 1, AimModifier: 1",24.30303,true,-1.451843,2.40251,1.122904,"(0.0140,0.9939,0.0614,-0.0904)",false,0,0,0,NA,-1,-1,-1,-1,-1,-2,-2,true,-1.634475,2.257881,0.7912781,"(-0.4102,0.9104,0.0248,-0.0471)",0,0,0,0,0,0,0
3,"Environment: 1, AimModifier: 1",24.31693,true,-1.451947,2.40279,1.123132,"(0.0132,0.9938,0.0622,-0.0913)",false,0,0,0,NA,-1,-1,-1,-1,-1,-2,-2,true,-1.638312,2.260863,0.7898653,"(-0.3929,0.9158,0.0379,-0.0741)",0,0,0,0,0,0,0
3,"Environment: 1, AimModifier: 1",24.33064,true,-1.452101,2.403223,1.122968,"(0.0128,0.9935,0.0660,-0.0923)",false,0,0,0,NA,-1,-1,-1,-1,-1,-2,-2,true,-1.640804,2.264838,0.789557,"(-0.3751,0.9211,0.0554,-0.0882)",0,0,0,0,0,0,0
3,"Environment: 1, AimModifier: 1",24.34469,true,-1.452222,2.403687,1.122808,"(0.0120,0.9933,0.0679,-0.0930)",false,0,0,0,NA,-1,-1,-1,-1,-1,-2,-2,true,-1.642831,2.268681,0.7893723,"(-0.3673,0.9227,0.0702,-0.0934)",0,0,0,0,0,0,0
3,"Environment: 1, AimModifier: 1",24.35871,true,-1.452229,2.404119,1.122674,"(0.0113,0.9932,0.0678,-0.0938)",false,0,0,0,NA,-1,-1,-1,-1,-1,-2,-2,true,-1.644859,2.271599,0.788667,"(-0.3683,0.9216,0.0770,-0.0958)",0,0,0,0,0,0,0
3,"Environment: 1, AimModifier: 1",24.3724,true,-1.452322,2.40431,1.122708,"(0.0111,0.9931,0.0685,-0.0944)",false,0,0,0,NA,-1,-1,-1,-1,-1,-2,-2,true,-1.646184,2.273646,0.7878432,"(-0.3724,0.9200,0.0767,-0.0953)",0,0,0,0,0,0,0
3,"Environment: 1, AimModifier: 1",24.38654,true,-1.452352,2.404452,1.122638,"(0.0107,0.9930,0.0689,-0.0951)",false,0,0,0,NA,-1,-1,-1,-1,-1,-2,-2,true,-1.646864,2.275104,0.7865907,"(-0.3714,0.9206,0.0713,-0.0972)",0,0,0,0,0,0,0
3,"Environment: 1, AimModifier: 1",24.40057,true,-1.452354,2.404697,1.122665,"(0.0108,0.9930,0.0691,-0.0956)",false,0,0,0,NA,-1,-1,-1,-1,-1,-2,-2,true,-1.647598,2.276473,0.7854848,"(-0.3691,0.9210,0.0686,-0.1036)",0,0,0,0,0,0,0
3,"Environment: 1, AimModifier: 1",24.41427,true,-1.452343,2.404972,1.122676,"(0.0109,0.9928,0.0702,-0.0960)",false,0,0,0,NA,-1,-1,-1,-1,-1,-2,-2,true,-1.647924,2.278237,0.7846726,"(-0.3608,0.9232,0.0715,-0.1113)",0,0,0,0,0,0,0
3,"Environment: 1, AimModifier: 1",24.42827,true,-1.452352,2.405212,1.122586,"(0.0107,0.9927,0.0715,-0.0964)",false,0,0,0,NA,-1,-1,-1,-1,-1,-2,-2,true,-1.647928,2.280352,0.7839357,"(-0.3469,0.9270,0.0781,-0.1196)",0,0,0,0,0,0,0
3,"Environment: 1, AimModifier: 1",24.44222,true,-1.452379,2.405392,1.122436,"(0.0105,0.9927,0.0716,-0.0967)",false,0,0,0,NA,-1,-1,-1,-1,-1,-2,-2,true,-1.648214,2.282169,0.7831968,"(-0.3334,0.9297,0.0856,-0.1308)",0,0,0,0,0,0,0
3,"Environment: 1, AimModifier: 1",24.45609,true,-1.452402,2.4055,1.122337,"(0.0104,0.9927,0.0713,-0.0970)",false,0,0,0,NA,-1,-1,-1,-1,-1,-2,-2,true,-1.648663,2.283209,0.7820908,"(-0.3235,0.9309,0.0895,-0.1440)",0,0,0,0,0,0,0
3,"Environment: 1, AimModifier: 1",24.46964,true,-1.452412,2.40549,1.122252,"(0.0106,0.9927,0.0709,-0.0970)",false,0,0,0,NA,-1,-1,-1,-1,-1,-2,-2,true,-1.648991,2.283262,0.7803317,"(-0.3233,0.9301,0.0864,-0.1512)",0,0,0,0,0,0,0
3,"Environment: 1, AimModifier: 1",24.4838,true,-1.452417,2.405499,1.122177,"(0.0105,0.9927,0.0703,-0.0974)",false,0,0,0,NA,-1,-1,-1,-1,-1,-2,-2,true,-1.649278,2.283222,0.7781105,"(-0.3259,0.9293,0.0807,-0.1537)",0,0,0,0,0,0,0
3,"Environment: 1, AimModifier: 1",24.49777,true,-1.452419,2.405507,1.122127,"(0.0108,0.9927,0.0700,-0.0973)",false,0,0,0,NA,-1,-1,-1,-1,-1,-2,-2,true,-1.649516,2.282417,0.7753169,"(-0.3340,0.9274,0.0708,-0.1526)",0,0,0,0,0,0,0
3,"Environment: 1, AimModifier: 1",24.51122,true,-1.452467,2.405478,1.121974,"(0.0112,0.9927,0.0704,-0.0970)",false,0,0,0,NA,-1,-1,-1,-1,-1,-2,-2,true,-1.649945,2.281796,0.7725695,"(-0.3429,0.9250,0.0624,-0.1515)",0,0,0,0,0,0,0
3,"Environment: 1, AimModifier: 1",24.52529,true,-1.452511,2.405529,1.121824,"(0.0113,0.9927,0.0703,-0.0970)",false,0,0,0,NA,-1,-1,-1,-1,-1,-2,-2,true,-1.650035,2.280923,0.7698188,"(-0.3518,0.9227,0.0536,-0.1483)",0,0,0,0,0,0,0
3,"Environment: 1, AimModifier: 1",24.5394,true,-1.452565,2.405602,1.121638,"(0.0113,0.9927,0.0703,-0.0971)",false,0,0,0,NA,-1,-1,-1,-1,-1,-2,-2,true,-1.649719,2.280718,0.7674286,"(-0.3532,0.9228,0.0489,-0.1460)",0,0,0,0,0,0,0
3,"Environment: 1, AimModifier: 1",24.55316,true,-1.452638,2.405569,1.121439,"(0.0111,0.9927,0.0703,-0.0973)",false,0,0,0,NA,-1,-1,-1,-1,-1,-2,-2,true,-1.649366,2.280767,0.7652937,"(-0.3498,0.9241,0.0473,-0.1465)",0,0,0,0,0,0,0
3,"Environment: 1, AimModifier: 1",24.5673,true,-1.452675,2.405484,1.12127,"(0.0104,0.9928,0.0693,-0.0976)",false,0,0,0,NA,-1,-1,-1,-1,-1,-2,-2,true,-1.64975,2.280847,0.7636296,"(-0.3460,0.9243,0.0495,-0.1535)",0,0,0,0,0,0,0
3,"Environment: 1, AimModifier: 1",24.58134,true,-1.452706,2.405352,1.121065,"(0.0097,0.9927,0.0692,-0.0979)",false,0,0,0,NA,-1,-1,-1,-1,-1,-2,-2,true,-1.650613,2.280818,0.7620445,"(-0.3420,0.9239,0.0513,-0.1638)",0,0,0,0,0,0,0
3,"Environment: 1, AimModifier: 1",24.59497,true,-1.452704,2.405232,1.120887,"(0.0091,0.9927,0.0691,-0.0981)",false,0,0,0,NA,-1,-1,-1,-1,-1,-2,-2,true,-1.651341,2.280712,0.7605293,"(-0.3411,0.9232,0.0510,-0.1696)",0,0,0,0,0,0,0
3,"Environment: 1, AimModifier: 1",24.60904,true,-1.452647,2.405103,1.120847,"(0.0087,0.9928,0.0683,-0.0980)",false,0,0,0,NA,-1,-1,-1,-1,-1,-2,-2,true,-1.651819,2.280697,0.7589624,"(-0.3439,0.9223,0.0493,-0.1692)",0,0,0,0,0,0,0
3,"Environment: 1, AimModifier: 1",24.6226,true,-1.452569,2.404951,1.120802,"(0.0085,0.9929,0.0672,-0.0981)",false,0,0,0,NA,-1,-1,-1,-1,-1,-2,-2,true,-1.652545,2.280303,0.7574711,"(-0.3480,0.9206,0.0455,-0.1713)",0.007325947,0,0,0,0,0,0
3,"Environment: 1, AimModifier: 1",24.63628,true,-1.452512,2.404894,1.120686,"(0.0084,0.9929,0.0670,-0.0980)",false,0,0,0,NA,-1,-1,-1,-1,-1,-2,-2,true,-1.653576,2.279799,0.7561643,"(-0.3524,0.9181,0.0431,-0.1762)",0.1169719,0,0,0,0,0,0
3,"Environment: 1, AimModifier: 1",24.65034,true,-1.452508,2.40484,1.120434,"(0.0086,0.9929,0.0675,-0.0980)",false,0,0,0,NA,-1,-1,-1,-1,-1,-2,-2,true,-1.654364,2.279721,0.7555341,"(-0.3553,0.9160,0.0468,-0.1805)",0.2498168,0,0,0,0,0,0
3,"Environment: 1, AimModifier: 1",24.66598,true,-1.452489,2.404834,1.120214,"(0.0084,0.9928,0.0674,-0.0982)",false,0,0,0,NA,-1,-1,-1,-1,-1,-2,-2,true,-1.654168,2.280088,0.7546278,"(-0.3505,0.9177,0.0477,-0.1808)",0.5345543,0,0,0,0,0,0
3,"Environment: 1, AimModifier: 1",24.67831,true,-1.452415,2.404846,1.120023,"(0.0081,0.9928,0.0674,-0.0984)",false,0,0,0,NA,-1,-1,-1,-1,-1,-2,-2,true,-1.653442,2.280788,0.7538684,"(-0.3452,0.9203,0.0506,-0.1768)",0.997558,0,0,0,0,0,0
3,"Environment: 1, AimModifier: 1",24.6919,true,-1.452329,2.404811,1.119842,"(0.0077,0.9928,0.0672,-0.0985)",false,0,0,0,NA,-1,-1,-1,-1,-1,-2,-2,true,-1.652865,2.281029,0.7528745,"(-0.3410,0.9225,0.0504,-0.1737)",1,0,0,0,0,0,0
3,"Environment: 1, AimModifier: 1",24.70603,true,-1.452223,2.404719,1.119778,"(0.0078,0.9928,0.0668,-0.0987)",false,0,0,0,NA,-1,-1,-1,-1,-1,-2,-2,true,-1.652333,2.281018,0.7519008,"(-0.3382,0.9242,0.0492,-0.1705)",1,0,0,0,0,0,0
3,"Environment: 1, AimModifier: 1",24.72002,true,-1.452136,2.404621,1.119709,"(0.0081,0.9928,0.0667,-0.0988)",false,0,0,0,NA,-1,-1,-1,-1,-1,-2,-2,true,-1.652224,2.281027,0.7510298,"(-0.3373,0.9248,0.0490,-0.1691)",1,0,0,0,0,0,0
3,"Environment: 1, AimModifier: 1",24.73373,true,-1.452058,2.404605,1.119629,"(0.0088,0.9928,0.0667,-0.0987)",false,0,0,0,NA,-1,-1,-1,-1,-1,-2,-2,true,-1.652507,2.280932,0.7503865,"(-0.3367,0.9247,0.0494,-0.1706)",1,0,0,0,0,0,0
3,"Environment: 1, AimModifier: 1",24.74812,true,-1.451975,2.404642,1.119525,"(0.0095,0.9928,0.0670,-0.0987)",false,0,0,0,NA,-1,-1,-1,-1,-1,-2,-2,true,-1.652852,2.280875,0.7499329,"(-0.3320,0.9254,0.0518,-0.1752)",1,0,0,0,0,0,0
3,"Environment: 1, AimModifier: 1",24.76199,true,-1.451899,2.404703,1.119435,"(0.0099,0.9928,0.0671,-0.0985)",false,0,0,0,NA,-1,-1,-1,-1,-1,-2,-2,true,-1.653211,2.280754,0.7494919,"(-0.3242,0.9269,0.0537,-0.1815)",1,0,0,0,0,0,0
3,"Environment: 1, AimModifier: 1",24.77583,true,-1.451797,2.404724,1.11938,"(0.0099,0.9928,0.0672,-0.0985)",false,0,0,0,NA,-1,-1,-1,-1,-1,-2,-2,true,-1.653664,2.28051,0.7491413,"(-0.3194,0.9275,0.0556,-0.1863)",0.9550672,0,0,0,0,0,0
3,"Environment: 1, AimModifier: 1",24.78972,true,-1.45168,2.404748,1.119356,"(0.0099,0.9928,0.0671,-0.0985)",false,0,0,0,NA,-1,-1,-1,-1,-1,-2,-2,true,-1.653979,2.280091,0.7487353,"(-0.3164,0.9281,0.0551,-0.1884)",0.9006105,0,0,0,0,0,0
3,"Environment: 1, AimModifier: 1",24.80349,true,-1.451502,2.404795,1.119482,"(0.0101,0.9928,0.0673,-0.0985)",false,0,0,0,NA,-1,-1,-1,-1,-1,-2,-2,true,-1.654122,2.279785,0.7481984,"(-0.3135,0.9294,0.0552,-0.1870)",0.7296703,0,0,0,0,0,0
3,"Environment: 1, AimModifier: 1",24.81744,true,-1.451323,2.404848,1.119661,"(0.0104,0.9928,0.0677,-0.0985)",false,0,0,0,NA,-1,-1,-1,-1,-1,-2,-2,true,-1.654701,2.279183,0.7478384,"(-0.3167,0.9286,0.0544,-0.1854)",0.2710623,0,0,0,0,0,0
3,"Environment: 1, AimModifier: 1",24.8308,true,-1.451206,2.404914,1.119779,"(0.0106,0.9928,0.0681,-0.0983)",false,0,0,0,NA,-1,-1,-1,-1,-1,-2,-2,true,-1.654763,2.279068,0.7483011,"(-0.3224,0.9271,0.0525,-0.1836)",0.1479853,0,0,0,0,0,0
3,"Environment: 1, AimModifier: 1",24.84486,true,-1.451136,2.404956,1.11983,"(0.0106,0.9927,0.0688,-0.0983)",false,0,0,0,NA,-1,-1,-1,-1,-1,-2,-2,true,-1.655604,2.277987,0.747533,"(-0.3236,0.9268,0.0498,-0.1843)",0.07008541,0,0,0,0,0,0
3,"Environment: 1, AimModifier: 1",24.85888,true,-1.451083,2.405064,1.119879,"(0.0106,0.9927,0.0693,-0.0985)",false,0,0,0,NA,-1,-1,-1,-1,-1,-2,-2,true,-1.6559,2.277417,0.7472495,"(-0.3217,0.9274,0.0486,-0.1847)",0,0,0,0,0,0,0
3,"Environment: 1, AimModifier: 1",24.87239,true,-1.451066,2.405221,1.119872,"(0.0109,0.9925,0.0707,-0.0987)",false,0,0,0,NA,-1,-1,-1,-1,-1,-2,-2,true,-1.655946,2.277276,0.7474383,"(-0.3198,0.9280,0.0502,-0.1843)",0,0,0,0,0,0,0
3,"Environment: 1, AimModifier: 1",24.88654,true,-1.451077,2.405361,1.119841,"(0.0108,0.9925,0.0717,-0.0989)",false,0,0,0,NA,-1,-1,-1,-1,-1,-2,-2,true,-1.656353,2.276605,0.7477034,"(-0.3174,0.9287,0.0508,-0.1848)",0,0,0,0,0,0,0
3,"Environment: 1, AimModifier: 1",24.9004,true,-1.451058,2.405511,1.1199,"(0.0107,0.9924,0.0719,-0.0994)",false,0,0,0,NA,-1,-1,-1,-1,-1,-2,-2,true,-1.656751,2.27564,0.7485484,"(-0.3142,0.9295,0.0520,-0.1859)",0,0,0,0,0,0,0
3,"Environment: 1, AimModifier: 1",24.9143,true,-1.451051,2.405581,1.119977,"(0.0105,0.9923,0.0725,-0.0997)",false,0,0,0,NA,-1,-1,-1,-1,-1,-2,-2,true,-1.65666,2.275008,0.7498081,"(-0.3117,0.9301,0.0538,-0.1865)",0,0,0,0,0,0,0
3,"Environment: 1, AimModifier: 1",24.92838,true,-1.450992,2.405626,1.12006,"(0.0106,0.9923,0.0723,-0.0999)",false,0,0,0,NA,-1,-1,-1,-1,-1,-2,-2,true,-1.656464,2.274247,0.7512305,"(-0.3110,0.9306,0.0548,-0.1853)",0,0,0,0,0,0,0
3,"Environment: 1, AimModifier: 1",24.9423,true,-1.450959,2.40562,1.120137,"(0.0112,0.9923,0.0721,-0.0998)",false,0,0,0,NA,-1,-1,-1,-1,-1,-2,-2,true,-1.656331,2.273561,0.7523221,"(-0.3120,0.9308,0.0544,-0.1826)",0,0,0,0,0,0,0
3,"Environment: 1, AimModifier: 1",24.95642,true,-1.450945,2.405641,1.120215,"(0.0121,0.9924,0.0718,-0.0997)",false,0,0,0,NA,-1,-1,-1,-1,-1,-2,-2,true,-1.656357,2.272573,0.7535079,"(-0.3131,0.9311,0.0547,-0.1793)",0,0,0,0,0,0,0
3,"Environment: 1, AimModifier: 1",24.97031,true,-1.450948,2.405717,1.120251,"(0.0125,0.9923,0.0724,-0.0997)",false,0,0,0,NA,-1,-1,-1,-1,-1,-2,-2,true,-1.656596,2.272248,0.7539067,"(-0.3133,0.9302,0.0554,-0.1829)",0,0,0,0,0,0,0
3,"Environment: 1, AimModifier: 1",24.98431,true,-1.450969,2.405819,1.120262,"(0.0126,0.9922,0.0735,-0.0996)",false,0,0,0,NA,-1,-1,-1,-1,-1,-2,-2,true,-1.656852,2.270347,0.7561439,"(-0.3084,0.9311,0.0565,-0.1862)",0,0,0,0,0,0,0
3,"Environment: 1, AimModifier: 1",24.99818,true,-1.45096,2.405896,1.120323,"(0.0127,0.9922,0.0738,-0.0997)",false,0,0,0,NA,-1,-1,-1,-1,-1,-2,-2,true,-1.656858,2.269422,0.7574973,"(-0.3018,0.9326,0.0583,-0.1890)",0,0,0,0,0,0,0
3,"Environment: 1, AimModifier: 1",25.01155,true,-1.450881,2.406011,1.120515,"(0.0124,0.9922,0.0734,-0.0999)",false,0,0,0,NA,-1,-1,-1,-1,-1,-2,-2,true,-1.657126,2.268562,0.7590182,"(-0.2975,0.9334,0.0609,-0.1910)",0,0,0,0,0,0,0
3,"Environment: 1, AimModifier: 1",25.02563,true,-1.450814,2.406019,1.120682,"(0.0122,0.9922,0.0736,-0.1000)",false,0,0,0,NA,-1,-1,-1,-1,-1,-2,-2,true,-1.657644,2.267873,0.7604043,"(-0.2944,0.9339,0.0634,-0.1925)",0,0,0,0,0,0,0
3,"Environment: 1, AimModifier: 1",25.03963,true,-1.450805,2.4061,1.120842,"(0.0124,0.9922,0.0733,-0.1000)",false,0,0,0,NA,-1,-1,-1,-1,-1,-2,-2,true,-1.658449,2.267354,0.7617108,"(-0.2912,0.9341,0.0661,-0.1956)",0,0,0,0,0,0,0
3,"Environment: 1, AimModifier: 1",25.05335,true,-1.450868,2.406178,1.120902,"(0.0132,0.9921,0.0744,-0.1001)",false,0,0,0,NA,-1,-1,-1,-1,-1,-2,-2,true,-1.659397,2.266847,0.7630162,"(-0.2885,0.9339,0.0684,-0.1998)",0,0,0,0,0,0,0
3,"Environment: 1, AimModifier: 1",25.06743,true,-1.450972,2.406276,1.120924,"(0.0132,0.9920,0.0752,-0.1006)",false,0,0,0,NA,-1,-1,-1,-1,-1,-2,-2,true,-1.660494,2.266687,0.7647569,"(-0.2841,0.9337,0.0718,-0.2056)",0,0,0,0,0,0,0
3,"Environment: 1, AimModifier: 1",25.08162,true,-1.451025,2.406409,1.121025,"(0.0133,0.9919,0.0753,-0.1012)",false,0,0,0,NA,-1,-1,-1,-1,-1,-2,-2,true,-1.661277,2.26683,0.7668746,"(-0.2776,0.9344,0.0761,-0.2100)",0,0,0,0,0,0,0
3,"Environment: 1, AimModifier: 1",25.09543,true,-1.451102,2.406482,1.121093,"(0.0136,0.9918,0.0763,-0.1016)",false,0,0,0,NA,-1,-1,-1,-1,-1,-2,-2,true,-1.661706,2.267678,0.7693565,"(-0.2665,0.9359,0.0836,-0.2147)",0,0,0,0,0,0,0
3,"Environment: 1, AimModifier: 1",25.1092,true,-1.451189,2.406551,1.121172,"(0.0139,0.9917,0.0769,-0.1019)",false,0,0,0,NA,-1,-1,-1,-1,-1,-2,-2,true,-1.661405,2.269376,0.7719744,"(-0.2479,0.9387,0.0949,-0.2199)",0,0,0,0,0,0,0
3,"Environment: 1, AimModifier: 1",25.1233,true,-1.451285,2.406579,1.121248,"(0.0141,0.9916,0.0774,-0.1024)",false,0,0,0,NA,-1,-1,-1,-1,-1,-2,-2,true,-1.66058,2.27112,0.7743931,"(-0.2266,0.9418,0.1063,-0.2244)",0,0,0,0,0,0,0
3,"Environment: 1, AimModifier: 1",25.13709,true,-1.451386,2.40658,1.121354,"(0.0144,0.9916,0.0774,-0.1030)",false,0,0,0,NA,-1,-1,-1,-1,-1,-2,-2,true,-1.659254,2.272696,0.7765126,"(-0.2024,0.9451,0.1169,-0.2282)",0,0,0,0,0,0,0
3,"Environment: 1, AimModifier: 1",25.1508,true,-1.451533,2.406602,1.121478,"(0.0150,0.9914,0.0780,-0.1038)",false,0,0,0,NA,-1,-1,-1,-1,-1,-2,-2,true,-1.657015,2.274275,0.7780865,"(-0.1706,0.9496,0.1260,-0.2308)",0,0,0,0,0,0,0
3,"Environment: 1, AimModifier: 1",25.16506,true,-1.451758,2.406612,1.12156,"(0.0157,0.9913,0.0786,-0.1047)",false,0,0,0,NA,-1,-1,-1,-1,-1,-2,-2,true,-1.654077,2.275516,0.7791505,"(-0.1323,0.9543,0.1326,-0.2328)",0,0,0,0,0,0,0
3,"Environment: 1, AimModifier: 1",25.17882,true,-1.451986,2.406657,1.121683,"(0.0160,0.9911,0.0785,-0.1060)",false,0,0,0,NA,-1,-1,-1,-1,-1,-2,-2,true,-1.650479,2.276172,0.7795978,"(-0.0868,0.9588,0.1354,-0.2343)",0,0,0,0,0,0,0
3,"Environment: 1, AimModifier: 1",25.19218,true,-1.45218,2.406687,1.121804,"(0.0160,0.9910,0.0791,-0.1071)",false,0,0,0,NA,-1,-1,-1,-1,-1,-2,-2,true,-1.64675,2.276188,0.7797626,"(-0.0421,0.9623,0.1350,-0.2322)",0,0,0,0,0,0,0
3,"Environment: 1, AimModifier: 1",25.2063,true,-1.452343,2.406751,1.121914,"(0.0163,0.9908,0.0793,-0.1082)",false,0,0,0,NA,-1,-1,-1,-1,-1,-2,-2,true,-1.644227,2.276701,0.7807155,"(-0.0076,0.9629,0.1380,-0.2318)",0,0,0,0,0,0,0
3,"Environment: 1, AimModifier: 1",25.22016,true,-1.452505,2.40679,1.122017,"(0.0166,0.9907,0.0797,-0.1091)",false,0,0,0,NA,-1,-1,-1,-1,-1,-2,-2,true,-1.641937,2.277397,0.7818608,"(0.0255,0.9619,0.1420,-0.2321)",0,0,0,0,0,0,0
3,"Environment: 1, AimModifier: 1",25.23387,true,-1.452682,2.406923,1.122159,"(0.0170,0.9906,0.0798,-0.1101)",false,0,0,0,NA,-1,-1,-1,-1,-1,-2,-2,true,-1.638462,2.276721,0.7818847,"(0.0638,0.9626,0.1372,-0.2249)",0,0,0,0,0,0,0
3,"Environment: 1, AimModifier: 1",25.24766,true,-1.452913,2.407497,1.121944,"(0.0183,0.9902,0.0830,-0.1111)",false,0,0,0,NA,-1,-1,-1,-1,-1,-2,-2,true,-1.645729,2.274072,0.7846715,"(0.0003,0.9638,0.1256,-0.2352)",0,0,0,0,0,0,0
3,"Environment: 1, AimModifier: 1",25.26138,true,-1.45305,2.407565,1.121869,"(0.0186,0.9901,0.0835,-0.1117)",false,0,0,0,NA,-1,-1,-1,-1,-1,-2,-2,true,-1.648888,2.274431,0.7866109,"(-0.0175,0.9623,0.1217,-0.2426)",0,0,0,0,0,0,0
3,"Environment: 1, AimModifier: 1",25.27554,true,-1.453097,2.407634,1.121917,"(0.0189,0.9900,0.0822,-0.1126)",false,0,0,0,NA,-1,-1,-1,-1,-1,-2,-2,true,-1.651361,2.27495,0.7889177,"(-0.0281,0.9604,0.1224,-0.2489)",0,0,0,0,0,0,0
3,"Environment: 1, AimModifier: 1",25.28912,true,-1.453201,2.407635,1.121969,"(0.0195,0.9900,0.0817,-0.1133)",false,0,0,0,NA,-1,-1,-1,-1,-1,-2,-2,true,-1.652609,2.275362,0.7915688,"(-0.0250,0.9590,0.1261,-0.2526)",0,0,0,0,0,0,0
3,"Environment: 1, AimModifier: 1",25.30267,true,-1.453307,2.407659,1.122021,"(0.0201,0.9899,0.0815,-0.1143)",false,0,0,0,NA,-1,-1,-1,-1,-1,-2,-2,true,-1.653113,2.275584,0.7944351,"(-0.0162,0.9577,0.1312,-0.2555)",0,0,0,0,0,0,0
3,"Environment: 1, AimModifier: 1",25.31697,true,-1.453416,2.407799,1.122055,"(0.0209,0.9897,0.0818,-0.1154)",false,0,0,0,NA,-1,-1,-1,-1,-1,-2,-2,true,-1.653416,2.275688,0.7975392,"(-0.0064,0.9558,0.1371,-0.2599)",0,0,0,0,0,0,0
3,"Environment: 1, AimModifier: 1",25.33045,true,-1.453545,2.408,1.121993,"(0.0219,0.9895,0.0830,-0.1165)",false,0,0,0,NA,-1,-1,-1,-1,-1,-2,-2,true,-1.653736,2.275643,0.8007947,"(-0.0008,0.9539,0.1430,-0.2640)",0,0,0,0,0,0,0
3,"Environment: 1, AimModifier: 1",25.34469,true,-1.453702,2.408208,1.121905,"(0.0233,0.9893,0.0838,-0.1172)",false,0,0,0,NA,-1,-1,-1,-1,-1,-2,-2,true,-1.654506,2.275388,0.8039123,"(-0.0059,0.9527,0.1457,-0.2666)",0,0,0,0,0,0,0
3,"Environment: 1, AimModifier: 1",25.3587,true,-1.453876,2.408355,1.121856,"(0.0243,0.9892,0.0839,-0.1178)",false,0,0,0,NA,-1,-1,-1,-1,-1,-2,-2,true,-1.655523,2.274899,0.8070129,"(-0.0205,0.9527,0.1455,-0.2662)",0,0,0,0,0,0,0
3,"Environment: 1, AimModifier: 1",25.37243,true,-1.454069,2.408455,1.121828,"(0.0249,0.9890,0.0841,-0.1189)",false,0,0,0,NA,-1,-1,-1,-1,-1,-2,-2,true,-1.656148,2.274315,0.810186,"(-0.0360,0.9526,0.1469,-0.2638)",0,0,0,0,0,0,0
3,"Environment: 1, AimModifier: 1",25.38671,true,-1.45432,2.408573,1.121812,"(0.0259,0.9887,0.0848,-0.1205)",false,0,0,0,NA,-1,-1,-1,-1,-1,-2,-2,true,-1.656018,2.273556,0.8134221,"(-0.0443,0.9520,0.1509,-0.2628)",0,0,0,0,0,0,0
3,"Environment: 1, AimModifier: 1",25.40053,true,-1.454709,2.408736,1.121898,"(0.0270,0.9883,0.0857,-0.1236)",false,0,0,0,NA,-1,-1,-1,-1,-1,-2,-2,true,-1.655102,2.272373,0.8165746,"(-0.0442,0.9511,0.1550,-0.2636)",0,0,0,0,0,0,0
3,"Environment: 1, AimModifier: 1",25.41441,true,-1.455594,2.408942,1.122302,"(0.0287,0.9876,0.0862,-0.1279)",false,0,0,0,NA,-1,-1,-1,-1,-1,-2,-2,true,-1.653592,2.270994,0.8193583,"(-0.0411,0.9506,0.1585,-0.2636)",0,0,0,0,0,0,0
3,"Environment: 1, AimModifier: 1",25.42806,true,-1.456269,2.409124,1.122547,"(0.0316,0.9868,0.0867,-0.1330)",false,0,0,0,NA,-1,-1,-1,-1,-1,-2,-2,true,-1.651712,2.269386,0.8216753,"(-0.0384,0.9513,0.1596,-0.2610)",0,0,0,0,0,0,0
3,"Environment: 1, AimModifier: 1",25.44206,true,-1.45692,2.409315,1.122767,"(0.0338,0.9860,0.0872,-0.1379)",false,0,0,0,NA,-1,-1,-1,-1,-1,-2,-2,true,-1.649881,2.26765,0.8237506,"(-0.0371,0.9525,0.1586,-0.2572)",0,0,0,0,0,0,0
3,"Environment: 1, AimModifier: 1",25.45594,true,-1.457608,2.409326,1.122994,"(0.0357,0.9852,0.0882,-0.1429)",false,0,0,0,NA,-1,-1,-1,-1,-1,-2,-2,true,-1.647986,2.265753,0.8256586,"(-0.0368,0.9543,0.1566,-0.2520)",0,0,0,0,0,0,0
3,"Environment: 1, AimModifier: 1",25.46953,true,-1.458539,2.409333,1.123304,"(0.0374,0.9843,0.0887,-0.1481)",false,0,0,0,NA,-1,-1,-1,-1,-1,-2,-2,true,-1.646516,2.263863,0.8274986,"(-0.0387,0.9558,0.1546,-0.2473)",0,0,0,0,0,0,0
3,"Environment: 1, AimModifier: 1",25.48374,true,-1.459201,2.409361,1.123749,"(0.0393,0.9833,0.0885,-0.1543)",false,0,0,0,NA,-1,-1,-1,-1,-1,-2,-2,true,-1.645383,2.261825,0.829005,"(-0.0406,0.9571,0.1521,-0.2431)",0,0,0,0,0,0,0
3,"Environment: 1, AimModifier: 1",25.49778,true,-1.460014,2.409295,1.124033,"(0.0408,0.9823,0.0885,-0.1599)",false,0,0,0,NA,-1,-1,-1,-1,-1,-2,-2,true,-1.644427,2.259807,0.830115,"(-0.0406,0.9585,0.1489,-0.2398)",0,0,0,0,0,0,0
3,"Environment: 1, AimModifier: 1",25.51158,true,-1.460756,2.409085,1.124219,"(0.0420,0.9814,0.0887,-0.1651)",false,0,0,0,NA,-1,-1,-1,-1,-1,-2,-2,true,-1.643646,2.25795,0.8309382,"(-0.0386,0.9592,0.1461,-0.2391)",0,0,0,0,0,0,0
3,"Environment: 1, AimModifier: 1",25.52566,true,-1.46147,2.408905,1.124521,"(0.0430,0.9806,0.0883,-0.1696)",false,0,0,0,NA,-1,-1,-1,-1,-1,-2,-2,true,-1.642997,2.256263,0.831736,"(-0.0367,0.9596,0.1436,-0.2391)",0,0,0,0,0,0,0
3,"Environment: 1, AimModifier: 1",25.53973,true,-1.462092,2.408838,1.124791,"(0.0437,0.9800,0.0869,-0.1738)",false,0,0,0,NA,-1,-1,-1,-1,-1,-2,-2,true,-1.642673,2.254678,0.8323954,"(-0.0381,0.9600,0.1403,-0.2393)",0,0,0,0,0,0,0
3,"Environment: 1, AimModifier: 1",25.55349,true,-1.462693,2.408364,1.125271,"(0.0438,0.9794,0.0856,-0.1774)",false,0,0,0,NA,-1,-1,-1,-1,-1,-2,-2,true,-1.64241,2.253263,0.8328924,"(-0.0403,0.9607,0.1371,-0.2380)",0,0,0,0,0,0,0
3,"Environment: 1, AimModifier: 1",25.56764,true,-1.462998,2.407956,1.12563,"(0.0440,0.9790,0.0836,-0.1807)",false,0,0,0,NA,-1,-1,-1,-1,-1,-2,-2,true,-1.642072,2.252139,0.8332981,"(-0.0420,0.9613,0.1354,-0.2363)",0,0,0,0,0,0,0
3,"Environment: 1, AimModifier: 1",25.58151,true,-1.463346,2.407741,1.12575,"(0.0436,0.9787,0.0816,-0.1833)",false,0,0,0,NA,-1,-1,-1,-1,-1,-2,-2,true,-1.641689,2.251185,0.8336619,"(-0.0434,0.9619,0.1340,-0.2344)",0,0,0,0,0,0,0
3,"Environment: 1, AimModifier: 1",25.59517,true,-1.463774,2.407568,1.125825,"(0.0431,0.9785,0.0803,-0.1849)",false,0,0,0,NA,-1,-1,-1,-1,-1,-2,-2,true,-1.641405,2.250505,0.8338269,"(-0.0456,0.9626,0.1320,-0.2321)",0,0,0,0,0,0,0
3,"Environment: 1, AimModifier: 1",25.60905,true,-1.464004,2.407439,1.125923,"(0.0429,0.9782,0.0798,-0.1868)",false,0,0,0,NA,-1,-1,-1,-1,-1,-2,-2,true,-1.641113,2.250025,0.8339126,"(-0.0468,0.9631,0.1307,-0.2306)",0,0,0,0,0,0,0
3,"Environment: 1, AimModifier: 1",25.62306,true,-1.464342,2.407519,1.125886,"(0.0432,0.9779,0.0789,-0.1887)",false,0,0,0,NA,-1,-1,-1,-1,-1,-2,-2,true,-1.640674,2.24975,0.8339166,"(-0.0448,0.9631,0.1320,-0.2302)",0,0,0,0,0,0,0
3,"Environment: 1, AimModifier: 1",25.63694,true,-1.464697,2.407361,1.125942,"(0.0435,0.9775,0.0781,-0.1910)",false,0,0,0,NA,-1,-1,-1,-1,-1,-2,-2,true,-1.640178,2.24946,0.8336053,"(-0.0399,0.9630,0.1325,-0.2312)",0,0,0,0,0,0,0
3,"Environment: 1, AimModifier: 1",25.65086,true,-1.465017,2.406988,1.126046,"(0.0437,0.9772,0.0769,-0.1931)",false,0,0,0,NA,-1,-1,-1,-1,-1,-2,-2,true,-1.639762,2.249169,0.83302,"(-0.0350,0.9631,0.1318,-0.2319)",0,0,0,0,0,0,0
3,"Environment: 1, AimModifier: 1",25.66487,true,-1.46532,2.406657,1.12613,"(0.0439,0.9769,0.0756,-0.1950)",false,0,0,0,NA,-1,-1,-1,-1,-1,-2,-2,true,-1.639529,2.248933,0.8323514,"(-0.0336,0.9636,0.1305,-0.2307)",0,0,0,0,0,0,0
3,"Environment: 1, AimModifier: 1",25.67865,true,-1.465554,2.406358,1.1262,"(0.0442,0.9767,0.0740,-0.1964)",false,0,0,0,NA,-1,-1,-1,-1,-1,-2,-2,true,-1.639528,2.248723,0.8317423,"(-0.0354,0.9643,0.1287,-0.2286)",0,0,0,0,0,0,0
3,"Environment: 1, AimModifier: 1",25.69234,true,-1.465837,2.406273,1.126119,"(0.0442,0.9767,0.0728,-0.1969)",false,0,0,0,NA,-1,-1,-1,-1,-1,-2,-2,true,-1.639964,2.248806,0.8310536,"(-0.0409,0.9647,0.1282,-0.2266)",0,0,0,0,0,0,0
3,"Environment: 1, AimModifier: 1",25.70642,true,-1.465925,2.406178,1.126063,"(0.0439,0.9766,0.0724,-0.1976)",false,0,0,0,NA,-1,-1,-1,-1,-1,-2,-2,true,-1.64029,2.248737,0.8303902,"(-0.0426,0.9650,0.1268,-0.2257)",0,0,0,0,0,0,0
3,"Environment: 1, AimModifier: 1",25.72042,true,-1.466145,2.406134,1.125898,"(0.0438,0.9765,0.0726,-0.1983)",false,0,0,0,NA,-1,-1,-1,-1,-1,-2,-2,true,-1.640529,2.248822,0.8300996,"(-0.0408,0.9646,0.1265,-0.2278)",0,0,0,0,0,0,0
3,"Environment: 1, AimModifier: 1",25.73413,true,-1.466422,2.405881,1.125916,"(0.0440,0.9764,0.0730,-0.1986)",false,0,0,0,NA,-1,-1,-1,-1,-1,-2,-2,true,-1.640796,2.24887,0.8295643,"(-0.0376,0.9639,0.1272,-0.2309)",0,0,0,0,0,0,0
3,"Environment: 1, AimModifier: 1",25.74834,true,-1.466641,2.405929,1.125758,"(0.0443,0.9763,0.0731,-0.1991)",false,0,0,0,NA,-1,-1,-1,-1,-1,-2,-2,true,-1.641252,2.248782,0.8285871,"(-0.0350,0.9631,0.1268,-0.2349)",0,0,0,0,0,0,0
3,"Environment: 1, AimModifier: 1",25.76208,true,-1.466852,2.405982,1.125582,"(0.0444,0.9762,0.0737,-0.1992)",false,0,0,0,NA,-1,-1,-1,-1,-1,-2,-2,true,-1.641574,2.248899,0.8281892,"(-0.0352,0.9627,0.1268,-0.2364)",0,0,0,0,0,0,0
3,"Environment: 1, AimModifier: 1",25.7761,true,-1.466997,2.405846,1.125461,"(0.0434,0.9763,0.0723,-0.1994)",false,0,0,0,NA,-1,-1,-1,-1,-1,-2,-2,true,-1.641435,2.249033,0.8285365,"(-0.0366,0.9631,0.1273,-0.2344)",0,0,0,0,0,0,0
3,"Environment: 1, AimModifier: 1",25.78979,true,-1.467044,2.405722,1.125371,"(0.0427,0.9765,0.0706,-0.1991)",false,0,0,0,NA,-1,-1,-1,-1,-1,-2,-2,true,-1.641405,2.249053,0.8286676,"(-0.0378,0.9634,0.1272,-0.2331)",0,0,0,0,0,0,0
3,"Environment: 1, AimModifier: 1",25.80369,true,-1.466985,2.405711,1.12511,"(0.0426,0.9766,0.0714,-0.1984)",false,0,0,0,NA,-1,-1,-1,-1,-1,-2,-2,true,-1.641706,2.24901,0.8278942,"(-0.0398,0.9637,0.1264,-0.2319)",0,0,0,0,0,0,0
3,"Environment: 1, AimModifier: 1",25.81779,true,-1.466982,2.405862,1.124782,"(0.0425,0.9766,0.0724,-0.1978)",false,0,0,0,NA,-1,-1,-1,-1,-1,-2,-2,true,-1.641816,2.248961,0.8274598,"(-0.0411,0.9640,0.1259,-0.2306)",0,0,0,0,0,0,0
3,"Environment: 1, AimModifier: 1",25.83148,true,-1.467058,2.406013,1.124388,"(0.0425,0.9766,0.0738,-0.1973)",false,0,0,0,NA,-1,-1,-1,-1,-1,-2,-2,true,-1.641945,2.24885,0.8270945,"(-0.0420,0.9642,0.1250,-0.2300)",0,0,0,0,0,0,0
3,"Environment: 1, AimModifier: 1",25.84547,true,-1.467177,2.406044,1.124121,"(0.0429,0.9767,0.0730,-0.1970)",false,0,0,0,NA,-1,-1,-1,-1,-1,-2,-2,true,-1.642105,2.248698,0.8267345,"(-0.0438,0.9645,0.1234,-0.2293)",0,0,0,0,0,0,0
3,"Environment: 1, AimModifier: 1",25.85932,true,-1.467287,2.405998,1.123925,"(0.0426,0.9768,0.0718,-0.1971)",false,0,0,0,NA,-1,-1,-1,-1,-1,-2,-2,true,-1.642129,2.24861,0.8266908,"(-0.0450,0.9647,0.1228,-0.2287)",0,0,0,0,0,0,0
3,"Environment: 1, AimModifier: 1",25.87314,true,-1.467385,2.405846,1.123778,"(0.0423,0.9769,0.0705,-0.1973)",false,0,0,0,NA,-1,-1,-1,-1,-1,-2,-2,true,-1.641981,2.248611,0.8269661,"(-0.0441,0.9645,0.1237,-0.2290)",0,0,0,0,0,0,0
3,"Environment: 1, AimModifier: 1",25.88724,true,-1.467483,2.405728,1.123593,"(0.0423,0.9769,0.0706,-0.1973)",false,0,0,0,NA,-1,-1,-1,-1,-1,-2,-2,true,-1.641943,2.248554,0.8270187,"(-0.0434,0.9645,0.1239,-0.2292)",0,0,0,0,0,0,0
3,"Environment: 1, AimModifier: 1",25.90116,true,-1.467556,2.405613,1.123339,"(0.0423,0.9769,0.0704,-0.1972)",false,0,0,0,NA,-1,-1,-1,-1,-1,-2,-2,true,-1.642001,2.248389,0.8269234,"(-0.0435,0.9645,0.1237,-0.2292)",0,0,0,0,0,0,0
3,"Environment: 1, AimModifier: 1",25.91503,true,-1.46758,2.405508,1.123143,"(0.0423,0.9770,0.0695,-0.1969)",false,0,0,0,NA,-1,-1,-1,-1,-1,-2,-2,true,-1.642164,2.248029,0.8268504,"(-0.0445,0.9646,0.1229,-0.2289)",0,0,0,0,0,0,0
3,"Environment: 1, AimModifier: 1",25.9287,true,-1.467652,2.40545,1.122961,"(0.0426,0.9770,0.0695,-0.1970)",false,0,0,0,NA,-1,-1,-1,-1,-1,-2,-2,true,-1.642291,2.247684,0.8268623,"(-0.0455,0.9647,0.1222,-0.2286)",0,0,0,0,0,0,0
3,"Environment: 1, AimModifier: 1",25.94267,true,-1.467821,2.405459,1.122769,"(0.0430,0.9770,0.0697,-0.1971)",false,0,0,0,NA,-1,-1,-1,-1,-1,-2,-2,true,-1.642338,2.247367,0.8268298,"(-0.0458,0.9649,0.1217,-0.2282)",0,0,0,0,0,0,0
3,"Environment: 1, AimModifier: 1",25.95644,true,-1.467967,2.405443,1.122621,"(0.0429,0.9770,0.0693,-0.1973)",false,0,0,0,NA,-1,-1,-1,-1,-1,-2,-2,true,-1.642397,2.246824,0.8266698,"(-0.0458,0.9652,0.1207,-0.2274)",0,0,0,0,0,0,0
3,"Environment: 1, AimModifier: 1",25.97005,true,-1.468048,2.405322,1.122535,"(0.0426,0.9770,0.0688,-0.1974)",false,0,0,0,NA,-1,-1,-1,-1,-1,-2,-2,true,-1.642547,2.246154,0.8264505,"(-0.0460,0.9655,0.1198,-0.2266)",0,0,0,0,0,0,0
3,"Environment: 1, AimModifier: 1",25.98412,true,-1.468099,2.405142,1.122502,"(0.0420,0.9770,0.0680,-0.1975)",false,0,0,0,NA,-1,-1,-1,-1,-1,-2,-2,true,-1.643013,2.244963,0.8260033,"(-0.0478,0.9661,0.1173,-0.2248)",0,0,0,0,0,0,0
3,"Environment: 1, AimModifier: 1",25.99841,true,-1.46813,2.40493,1.122487,"(0.0413,0.9770,0.0677,-0.1978)",false,0,0,0,NA,-1,-1,-1,-1,-1,-2,-2,true,-1.643562,2.244076,0.8256058,"(-0.0513,0.9666,0.1153,-0.2230)",0,0,0,0,0,0,0
3,"Environment: 1, AimModifier: 1",26.01202,true,-1.46809,2.404686,1.122476,"(0.0411,0.9770,0.0666,-0.1984)",false,0,0,0,NA,-1,-1,-1,-1,-1,-2,-2,true,-1.644033,2.243415,0.8251868,"(-0.0546,0.9671,0.1138,-0.2209)",0,0,0,0,0,0,0
3,"Environment: 1, AimModifier: 1",26.02602,true,-1.468084,2.404475,1.122473,"(0.0410,0.9770,0.0659,-0.1984)",false,0,0,0,NA,-1,-1,-1,-1,-1,-2,-2,true,-1.644394,2.242789,0.8247085,"(-0.0561,0.9676,0.1125,-0.2188)",0,0,0,0,0,0,0
3,"Environment: 1, AimModifier: 1",26.03994,true,-1.468166,2.404397,1.122507,"(0.0410,0.9770,0.0660,-0.1985)",false,0,0,0,NA,-1,-1,-1,-1,-1,-2,-2,true,-1.644706,2.242153,0.8242079,"(-0.0559,0.9682,0.1112,-0.2171)",0,0,0,0,0,0,0
3,"Environment: 1, AimModifier: 1",26.05367,true,-1.468249,2.404429,1.122479,"(0.0407,0.9769,0.0671,-0.1985)",false,0,0,0,NA,-1,-1,-1,-1,-1,-2,-2,true,-1.645139,2.241464,0.8236363,"(-0.0547,0.9688,0.1088,-0.2161)",0,0,0,0,0,0,0
3,"Environment: 1, AimModifier: 1",26.06765,true,-1.468312,2.404403,1.122401,"(0.0404,0.9769,0.0680,-0.1987)",false,0,0,0,NA,-1,-1,-1,-1,-1,-2,-2,true,-1.645712,2.240864,0.8231201,"(-0.0535,0.9691,0.1072,-0.2158)",0,0,0,0,0,0,0
3,"Environment: 1, AimModifier: 1",26.0816,true,-1.468319,2.404403,1.122476,"(0.0402,0.9769,0.0672,-0.1987)",false,0,0,0,NA,-1,-1,-1,-1,-1,-2,-2,true,-1.646493,2.240425,0.8226771,"(-0.0539,0.9690,0.1060,-0.2167)",0,0,0,0,0,0,0
3,"Environment: 1, AimModifier: 1",26.09531,true,-1.468333,2.404302,1.122622,"(0.0400,0.9770,0.0666,-0.1986)",false,0,0,0,NA,-1,-1,-1,-1,-1,-2,-2,true,-1.647341,2.240123,0.8222932,"(-0.0564,0.9688,0.1051,-0.2171)",0,0,0,0,0,0,0
3,"Environment: 1, AimModifier: 1",26.10923,true,-1.468413,2.404193,1.122711,"(0.0404,0.9770,0.0666,-0.1987)",false,0,0,0,NA,-1,-1,-1,-1,-1,-2,-2,true,-1.648004,2.239819,0.8218086,"(-0.0595,0.9690,0.1037,-0.2163)",0,0,0,0,0,0,0
3,"Environment: 1, AimModifier: 1",26.12314,true,-1.468541,2.404207,1.122756,"(0.0406,0.9769,0.0670,-0.1990)",false,0,0,0,NA,-1,-1,-1,-1,-1,-2,-2,true,-1.648374,2.239439,0.8210689,"(-0.0622,0.9698,0.1008,-0.2131)",0,0,0,0,0,0,0
3,"Environment: 1, AimModifier: 1",26.137,true,-1.468629,2.404181,1.122851,"(0.0403,0.9767,0.0672,-0.1996)",false,0,0,0,NA,-1,-1,-1,-1,-1,-2,-2,true,-1.648573,2.239046,0.8203896,"(-0.0641,0.9709,0.0976,-0.2091)",0,0,0,0,0,0,0
3,"Environment: 1, AimModifier: 1",26.15083,true,-1.468634,2.404184,1.12306,"(0.0402,0.9767,0.0667,-0.2002)",false,0,0,0,NA,-1,-1,-1,-1,-1,-2,-2,true,-1.648722,2.238904,0.8200284,"(-0.0636,0.9714,0.0973,-0.2072)",0,0,0,0,0,0,0
3,"Environment: 1, AimModifier: 1",26.16486,true,-1.468712,2.404224,1.123162,"(0.0404,0.9766,0.0672,-0.2004)",false,0,0,0,NA,-1,-1,-1,-1,-1,-2,-2,true,-1.648991,2.23875,0.8196584,"(-0.0624,0.9715,0.0970,-0.2072)",0,0,0,0,0,0,0
3,"Environment: 1, AimModifier: 1",26.17871,true,-1.468761,2.404335,1.123233,"(0.0406,0.9764,0.0678,-0.2009)",false,0,0,0,NA,-1,-1,-1,-1,-1,-2,-2,true,-1.649322,2.238565,0.8192362,"(-0.0606,0.9714,0.0960,-0.2087)",0,0,0,0,0,0,0
3,"Environment: 1, AimModifier: 1",26.1922,true,-1.468823,2.404372,1.123329,"(0.0406,0.9764,0.0682,-0.2009)",false,0,0,0,NA,-1,-1,-1,-1,-1,-2,-2,true,-1.64934,2.238567,0.8192146,"(-0.0603,0.9713,0.0959,-0.2090)",0,0,0,0,0,0,0
3,"Environment: 1, AimModifier: 1",26.20621,true,-1.468787,2.404524,1.123325,"(0.0406,0.9765,0.0678,-0.2004)",false,0,0,0,NA,-1,-1,-1,-1,-1,-2,-2,true,-1.649731,2.2384,0.8187242,"(-0.0608,0.9709,0.0946,-0.2113)",0,0,0,0,0,0,0
3,"Environment: 1, AimModifier: 1",26.22094,true,-1.468744,2.404545,1.123314,"(0.0404,0.9765,0.0681,-0.2003)",false,0,0,0,NA,-1,-1,-1,-1,-1,-2,-2,true,-1.649833,2.23827,0.8183587,"(-0.0620,0.9711,0.0936,-0.2107)",0,0,0,0,0,0,0
3,"Environment: 1, AimModifier: 1",26.23405,true,-1.468668,2.404457,1.123321,"(0.0401,0.9766,0.0676,-0.2003)",false,0,0,0,NA,-1,-1,-1,-1,-1,-2,-2,true,-1.649763,2.237895,0.8176551,"(-0.0645,0.9720,0.0912,-0.2066)",0,0,0,0,0,0,0
3,"Environment: 1, AimModifier: 1",26.24812,true,-1.468659,2.404339,1.123413,"(0.0396,0.9767,0.0661,-0.2002)",false,0,0,0,NA,-1,-1,-1,-1,-1,-2,-2,true,-1.64959,2.237616,0.8172314,"(-0.0662,0.9729,0.0896,-0.2028)",0,0,0,0,0,0,0
3,"Environment: 1, AimModifier: 1",26.26188,true,-1.468673,2.404133,1.123497,"(0.0389,0.9768,0.0651,-0.2001)",false,0,0,0,NA,-1,-1,-1,-1,-1,-2,-2,true,-1.649421,2.237255,0.8167268,"(-0.0677,0.9736,0.0881,-0.1995)",0,0,0,0,0,0,0
3,"Environment: 1, AimModifier: 1",26.27552,true,-1.468638,2.404025,1.123558,"(0.0382,0.9769,0.0644,-0.2003)",false,0,0,0,NA,-1,-1,-1,-1,-1,-2,-2,true,-1.649394,2.236883,0.8161447,"(-0.0684,0.9739,0.0873,-0.1983)",0,0,0,0,0,0,0
3,"Environment: 1, AimModifier: 1",26.28939,true,-1.468644,2.404,1.123517,"(0.0376,0.9769,0.0648,-0.2000)",false,0,0,0,NA,-1,-1,-1,-1,-1,-2,-2,true,-1.649578,2.236306,0.8155003,"(-0.0676,0.9733,0.0862,-0.2015)",0,0,0,0,0,0,0
3,"Environment: 1, AimModifier: 1",26.30337,true,-1.468671,2.404193,1.123389,"(0.0378,0.9769,0.0663,-0.1996)",false,0,0,0,NA,-1,-1,-1,-1,-1,-2,-2,true,-1.649711,2.235941,0.8151873,"(-0.0667,0.9730,0.0853,-0.2041)",0,0,0,0,0,0,0
3,"Environment: 1, AimModifier: 1",26.31713,true,-1.468746,2.404377,1.123236,"(0.0379,0.9768,0.0677,-0.1995)",false,0,0,0,NA,-1,-1,-1,-1,-1,-2,-2,true,-1.649776,2.23535,0.8145673,"(-0.0657,0.9728,0.0836,-0.2058)",0,0,0,0,0,0,0
3,"Environment: 1, AimModifier: 1",26.33111,true,-1.468771,2.404477,1.12319,"(0.0379,0.9768,0.0677,-0.1996)",false,0,0,0,NA,-1,-1,-1,-1,-1,-2,-2,true,-1.649703,2.234944,0.8141714,"(-0.0658,0.9730,0.0823,-0.2055)",0,0,0,0,0,0,0
3,"Environment: 1, AimModifier: 1",26.34512,true,-1.468759,2.404485,1.123244,"(0.0376,0.9768,0.0674,-0.1998)",false,0,0,0,NA,-1,-1,-1,-1,-1,-2,-2,true,-1.649582,2.234758,0.8140205,"(-0.0670,0.9732,0.0820,-0.2039)",0,0,0,0,0,0,0
3,"Environment: 1, AimModifier: 1",26.35898,true,-1.468735,2.404439,1.123315,"(0.0376,0.9768,0.0670,-0.2000)",false,0,0,0,NA,-1,-1,-1,-1,-1,-2,-2,true,-1.649408,2.234277,0.8137097,"(-0.0689,0.9736,0.0809,-0.2019)",0,0,0,0,0,0,0
3,"Environment: 1, AimModifier: 1",26.37265,true,-1.468724,2.404402,1.123368,"(0.0376,0.9767,0.0672,-0.2001)",false,0,0,0,NA,-1,-1,-1,-1,-1,-2,-2,true,-1.649179,2.233776,0.8133998,"(-0.0703,0.9740,0.0794,-0.2003)",0,0,0,0,0,0,0
3,"Environment: 1, AimModifier: 1",26.38679,true,-1.468719,2.404409,1.123405,"(0.0378,0.9767,0.0672,-0.2002)",false,0,0,0,NA,-1,-1,-1,-1,-1,-2,-2,true,-1.648955,2.2334,0.8131078,"(-0.0712,0.9741,0.0784,-0.1998)",0,0,0,0,0,0,0
3,"Environment: 1, AimModifier: 1",26.40069,true,-1.468703,2.404487,1.12336,"(0.0380,0.9766,0.0678,-0.2004)",false,0,0,0,NA,-1,-1,-1,-1,-1,-2,-2,true,-1.648789,2.233134,0.8128657,"(-0.0714,0.9742,0.0776,-0.1996)",0,0,0,0,0,0,0
3,"Environment: 1, AimModifier: 1",26.41474,true,-1.468702,2.404656,1.123266,"(0.0383,0.9766,0.0683,-0.2005)",false,0,0,0,NA,-1,-1,-1,-1,-1,-2,-2,true,-1.648556,2.232713,0.8126276,"(-0.0707,0.9744,0.0762,-0.1995)",0,0,0,0,0,0,0
3,"Environment: 1, AimModifier: 1",26.42877,true,-1.468707,2.404797,1.123143,"(0.0385,0.9764,0.0696,-0.2009)",false,0,0,0,NA,-1,-1,-1,-1,-1,-2,-2,true,-1.648316,2.232245,0.8124334,"(-0.0693,0.9746,0.0748,-0.1993)",0,0,0,0,0,0,0
3,"Environment: 1, AimModifier: 1",26.4427,true,-1.468675,2.404827,1.123136,"(0.0381,0.9764,0.0691,-0.2012)",false,0,0,0,NA,-1,-1,-1,-1,-1,-2,-2,true,-1.648158,2.231883,0.8122882,"(-0.0688,0.9747,0.0740,-0.1992)",0,0,0,0,0,0,0
3,"Environment: 1, AimModifier: 1",26.45654,true,-1.468598,2.404753,1.123189,"(0.0381,0.9764,0.0683,-0.2012)",false,0,0,0,NA,-1,-1,-1,-1,-1,-2,-2,true,-1.648134,2.231677,0.8121618,"(-0.0697,0.9747,0.0737,-0.1990)",0,0,0,0,0,0,0
3,"Environment: 1, AimModifier: 1",26.47034,true,-1.468566,2.404685,1.123231,"(0.0383,0.9764,0.0682,-0.2012)",false,0,0,0,NA,-1,-1,-1,-1,-1,-2,-2,true,-1.648034,2.231274,0.8119347,"(-0.0712,0.9749,0.0725,-0.1981)",0,0,0,0,0,0,0
3,"Environment: 1, AimModifier: 1",26.48444,true,-1.468533,2.404693,1.123243,"(0.0383,0.9763,0.0683,-0.2015)",false,0,0,0,NA,-1,-1,-1,-1,-1,-2,-2,true,-1.647899,2.230972,0.8118331,"(-0.0719,0.9751,0.0717,-0.1970)",0,0,0,0,0,0,0
3,"Environment: 1, AimModifier: 1",26.49841,true,-1.468513,2.404773,1.123207,"(0.0383,0.9763,0.0692,-0.2016)",false,0,0,0,NA,-1,-1,-1,-1,-1,-2,-2,true,-1.647702,2.230627,0.8117269,"(-0.0716,0.9755,0.0705,-0.1957)",0,0,0,0,0,0,0
3,"Environment: 1, AimModifier: 1",26.51217,true,-1.468488,2.404865,1.123183,"(0.0384,0.9763,0.0694,-0.2016)",false,0,0,0,NA,-1,-1,-1,-1,-1,-2,-2,true,-1.647561,2.230313,0.8115966,"(-0.0708,0.9758,0.0697,-0.1950)",0,0,0,0,0,0,0
3,"Environment: 1, AimModifier: 1",26.52606,true,-1.468455,2.404905,1.123197,"(0.0383,0.9763,0.0694,-0.2015)",false,0,0,0,NA,-1,-1,-1,-1,-1,-2,-2,true,-1.647582,2.230182,0.8115191,"(-0.0705,0.9758,0.0694,-0.1950)",0,0,0,0,0,0,0
3,"Environment: 1, AimModifier: 1",26.53999,true,-1.468371,2.404916,1.123193,"(0.0385,0.9763,0.0696,-0.2014)",false,0,0,0,NA,-1,-1,-1,-1,-1,-2,-2,true,-1.647722,2.23006,0.8114245,"(-0.0710,0.9757,0.0692,-0.1952)",0,0,0,0,0,0,0
3,"Environment: 1, AimModifier: 1",26.55357,true,-1.468244,2.404937,1.123161,"(0.0386,0.9763,0.0697,-0.2011)",false,0,0,0,NA,-1,-1,-1,-1,-1,-2,-2,true,-1.647854,2.229915,0.8113578,"(-0.0714,0.9756,0.0688,-0.1957)",0,0,0,0,0,0,0
3,"Environment: 1, AimModifier: 1",26.56778,true,-1.468132,2.404949,1.123108,"(0.0389,0.9764,0.0699,-0.2005)",false,0,0,0,NA,-1,-1,-1,-1,-1,-2,-2,true,-1.64793,2.229777,0.8112839,"(-0.0713,0.9756,0.0686,-0.1960)",0,0,0,0,0,0,0
3,"Environment: 1, AimModifier: 1",26.58166,true,-1.468023,2.404966,1.123068,"(0.0390,0.9765,0.0698,-0.2003)",false,0,0,0,NA,-1,-1,-1,-1,-1,-2,-2,true,-1.647981,2.2295,0.8111007,"(-0.0709,0.9756,0.0678,-0.1962)",0,0,0,0,0,0,0
3,"Environment: 1, AimModifier: 1",26.59532,true,-1.467945,2.405048,1.123046,"(0.0391,0.9764,0.0702,-0.2002)",false,0,0,0,NA,-1,-1,-1,-1,-1,-2,-2,true,-1.648029,2.229317,0.8109596,"(-0.0708,0.9757,0.0671,-0.1962)",0,0,0,0,0,0,0
3,"Environment: 1, AimModifier: 1",26.60937,true,-1.467875,2.405173,1.123027,"(0.0394,0.9764,0.0710,-0.2002)",false,0,0,0,NA,-1,-1,-1,-1,-1,-2,-2,true,-1.648126,2.229212,0.810891,"(-0.0712,0.9757,0.0666,-0.1961)",0,0,0,0,0,0,0
3,"Environment: 1, AimModifier: 1",26.62352,true,-1.467808,2.405306,1.12303,"(0.0399,0.9763,0.0713,-0.2003)",false,0,0,0,NA,-1,-1,-1,-1,-1,-2,-2,true,-1.648305,2.229078,0.8108246,"(-0.0722,0.9757,0.0660,-0.1960)",0,0,0,0,0,0,0
3,"Environment: 1, AimModifier: 1",26.63727,true,-1.467767,2.405379,1.123025,"(0.0398,0.9763,0.0714,-0.2002)",false,0,0,0,NA,-1,-1,-1,-1,-1,-2,-2,true,-1.64848,2.229009,0.8107894,"(-0.0737,0.9757,0.0654,-0.1957)",0,0,0,0,0,0,0
3,"Environment: 1, AimModifier: 1",26.65078,true,-1.467715,2.405425,1.123014,"(0.0401,0.9764,0.0714,-0.2001)",false,0,0,0,NA,-1,-1,-1,-1,-1,-2,-2,true,-1.648447,2.229079,0.8108545,"(-0.0744,0.9758,0.0652,-0.1951)",0,0,0,0,0,0,0
3,"Environment: 1, AimModifier: 1",26.6649,true,-1.467656,2.405467,1.12299,"(0.0399,0.9763,0.0715,-0.2001)",false,0,0,0,NA,-1,-1,-1,-1,-1,-2,-2,true,-1.648376,2.229158,0.8109325,"(-0.0745,0.9758,0.0651,-0.1948)",0,0,0,0,0,0,0
3,"Environment: 1, AimModifier: 1",26.67874,true,-1.467594,2.405513,1.122937,"(0.0399,0.9764,0.0719,-0.1999)",false,0,0,0,NA,-1,-1,-1,-1,-1,-2,-2,true,-1.648421,2.229189,0.8109479,"(-0.0749,0.9759,0.0649,-0.1945)",0,0,0,0,0,0,0
3,"Environment: 1, AimModifier: 1",26.69249,true,-1.467537,2.405552,1.122885,"(0.0397,0.9764,0.0721,-0.1994)",false,0,0,0,NA,-1,-1,-1,-1,-1,-2,-2,true,-1.648543,2.229206,0.8109539,"(-0.0757,0.9759,0.0649,-0.1942)",0,0,0,0,0,0,0
3,"Environment: 1, AimModifier: 1",26.70662,true,-1.467505,2.405566,1.12284,"(0.0396,0.9765,0.0722,-0.1992)",false,0,0,0,NA,-1,-1,-1,-1,-1,-2,-2,true,-1.648665,2.229191,0.8109134,"(-0.0762,0.9758,0.0646,-0.1943)",0,0,0,0,0,0,0
3,"Environment: 1, AimModifier: 1",26.72062,true,-1.467496,2.405558,1.122789,"(0.0395,0.9765,0.0721,-0.1991)",false,0,0,0,NA,-1,-1,-1,-1,-1,-2,-2,true,-1.648705,2.229172,0.8108822,"(-0.0763,0.9758,0.0644,-0.1945)",0,0,0,0,0,0,0
3,"Environment: 1, AimModifier: 1",26.73437,true,-1.467485,2.405525,1.12275,"(0.0395,0.9766,0.0717,-0.1988)",false,0,0,0,NA,-1,-1,-1,-1,-1,-2,-2,true,-1.648834,2.229067,0.8107838,"(-0.0761,0.9757,0.0638,-0.1952)",0,0,0,0,0,0,0
3,"Environment: 1, AimModifier: 1",26.74853,true,-1.467469,2.40545,1.122717,"(0.0395,0.9766,0.0716,-0.1987)",false,0,0,0,NA,-1,-1,-1,-1,-1,-2,-2,true,-1.649009,2.22889,0.8106529,"(-0.0757,0.9756,0.0632,-0.1962)",0,0,0,0,0,0,0
3,"Environment: 1, AimModifier: 1",26.76238,true,-1.467462,2.405381,1.122691,"(0.0395,0.9766,0.0714,-0.1988)",false,0,0,0,NA,-1,-1,-1,-1,-1,-2,-2,true,-1.649148,2.228785,0.8106081,"(-0.0762,0.9755,0.0629,-0.1965)",0,0,0,0,0,0,0
3,"Environment: 1, AimModifier: 1",26.77646,true,-1.467464,2.405317,1.122668,"(0.0394,0.9767,0.0712,-0.1987)",false,0,0,0,NA,-1,-1,-1,-1,-1,-2,-2,true,-1.649261,2.228722,0.8106322,"(-0.0770,0.9755,0.0626,-0.1964)",0,0,0,0,0,0,0
3,"Environment: 1, AimModifier: 1",26.79005,true,-1.467442,2.405231,1.122638,"(0.0394,0.9767,0.0712,-0.1987)",false,0,0,0,NA,-1,-1,-1,-1,-1,-2,-2,true,-1.649362,2.228665,0.8106867,"(-0.0780,0.9755,0.0624,-0.1959)",0,0,0,0,0,0,0
3,"Environment: 1, AimModifier: 1",26.80395,true,-1.467396,2.405145,1.1226,"(0.0392,0.9768,0.0708,-0.1985)",false,0,0,0,NA,-1,-1,-1,-1,-1,-2,-2,true,-1.649433,2.228589,0.8107319,"(-0.0789,0.9755,0.0622,-0.1956)",0,0,0,0,0,0,0
3,"Environment: 1, AimModifier: 1",26.81799,true,-1.467335,2.405056,1.122576,"(0.0392,0.9768,0.0703,-0.1982)",false,0,0,0,NA,-1,-1,-1,-1,-1,-2,-2,true,-1.649464,2.228509,0.8107309,"(-0.0788,0.9755,0.0620,-0.1957)",0,0,0,0,0,0,0
3,"Environment: 1, AimModifier: 1",26.83171,true,-1.467307,2.40499,1.122551,"(0.0392,0.9769,0.0702,-0.1980)",false,0,0,0,NA,-1,-1,-1,-1,-1,-2,-2,true,-1.649647,2.22826,0.8107207,"(-0.0793,0.9754,0.0612,-0.1962)",0,0,0,0,0,0,0
3,"Environment: 1, AimModifier: 1",26.84571,true,-1.46729,2.404957,1.122499,"(0.0391,0.9769,0.0705,-0.1977)",false,0,0,0,NA,-1,-1,-1,-1,-1,-2,-2,true,-1.64983,2.228078,0.8107103,"(-0.0795,0.9753,0.0602,-0.1968)",0,0,0,0,0,0,0
3,"Environment: 1, AimModifier: 1",26.85961,true,-1.4673,2.404963,1.122428,"(0.0390,0.9770,0.0708,-0.1974)",false,0,0,0,NA,-1,-1,-1,-1,-1,-2,-2,true,-1.649981,2.227972,0.8107488,"(-0.0796,0.9752,0.0598,-0.1978)",0,0,0,0,0,0,0
3,"Environment: 1, AimModifier: 1",26.87348,true,-1.467322,2.404967,1.122375,"(0.0389,0.9771,0.0707,-0.1970)",false,0,0,0,NA,-1,-1,-1,-1,-1,-2,-2,true,-1.650087,2.227925,0.8107948,"(-0.0804,0.9750,0.0597,-0.1983)",0,0,0,0,0,0,0
3,"Environment: 1, AimModifier: 1",26.88755,true,-1.467332,2.40493,1.122357,"(0.0388,0.9771,0.0708,-0.1971)",false,0,0,0,NA,-1,-1,-1,-1,-1,-2,-2,true,-1.650182,2.22779,0.8108446,"(-0.0817,0.9749,0.0594,-0.1984)",0,0,0,0,0,0,0
3,"Environment: 1, AimModifier: 1",26.9014,true,-1.46735,2.40483,1.122384,"(0.0383,0.9771,0.0702,-0.1971)",false,0,0,0,NA,-1,-1,-1,-1,-1,-2,-2,true,-1.650179,2.227688,0.8108552,"(-0.0827,0.9750,0.0592,-0.1978)",0,0,0,0,0,0,0
3,"Environment: 1, AimModifier: 1",26.91531,true,-1.46735,2.404702,1.122452,"(0.0380,0.9772,0.0696,-0.1971)",false,0,0,0,NA,-1,-1,-1,-1,-1,-2,-2,true,-1.650157,2.227649,0.8108228,"(-0.0830,0.9750,0.0591,-0.1972)",0,0,0,0,0,0,0
3,"Environment: 1, AimModifier: 1",26.92927,true,-1.467366,2.404601,1.122516,"(0.0379,0.9773,0.0692,-0.1969)",false,0,0,0,NA,-1,-1,-1,-1,-1,-2,-2,true,-1.650128,2.227601,0.8107572,"(-0.0826,0.9751,0.0589,-0.1971)",0,0,0,0,0,0,0
3,"Environment: 1, AimModifier: 1",26.9431,true,-1.467345,2.404558,1.12255,"(0.0381,0.9773,0.0691,-0.1967)",false,0,0,0,NA,-1,-1,-1,-1,-1,-2,-2,true,-1.650099,2.227429,0.81065,"(-0.0822,0.9752,0.0581,-0.1974)",0,0,0,0,0,0,0
3,"Environment: 1, AimModifier: 1",26.95711,true,-1.467337,2.404582,1.122556,"(0.0380,0.9773,0.0693,-0.1964)",false,0,0,0,NA,-1,-1,-1,-1,-1,-2,-2,true,-1.650065,2.227177,0.8104596,"(-0.0815,0.9751,0.0569,-0.1982)",0,0,0,0,0,0,0
3,"Environment: 1, AimModifier: 1",26.97078,true,-1.467318,2.404608,1.122559,"(0.0380,0.9774,0.0693,-0.1962)",false,0,0,0,NA,-1,-1,-1,-1,-1,-2,-2,true,-1.650009,2.226973,0.810257,"(-0.0804,0.9751,0.0562,-0.1990)",0,0,0,0,0,0,0
3,"Environment: 1, AimModifier: 1",26.98482,true,-1.467269,2.404584,1.122605,"(0.0379,0.9774,0.0692,-0.1960)",false,0,0,0,NA,-1,-1,-1,-1,-1,-2,-2,true,-1.650018,2.226856,0.8101619,"(-0.0804,0.9752,0.0554,-0.1988)",0,0,0,0,0,0,0
3,"Environment: 1, AimModifier: 1",26.99878,true,-1.467221,2.404542,1.122656,"(0.0376,0.9775,0.0687,-0.1958)",false,0,0,0,NA,-1,-1,-1,-1,-1,-2,-2,true,-1.650102,2.226817,0.8101689,"(-0.0818,0.9752,0.0549,-0.1981)",0,0,0,0,0,0,0
3,"Environment: 1, AimModifier: 1",27.01251,true,-1.467165,2.404486,1.122696,"(0.0377,0.9775,0.0687,-0.1957)",false,0,0,0,NA,-1,-1,-1,-1,-1,-2,-2,true,-1.650219,2.226836,0.8101746,"(-0.0838,0.9752,0.0549,-0.1972)",0,0,0,0,0,0,0
3,"Environment: 1, AimModifier: 1",27.02658,true,-1.467139,2.404509,1.122698,"(0.0375,0.9776,0.0690,-0.1955)",false,0,0,0,NA,-1,-1,-1,-1,-1,-2,-2,true,-1.650315,2.226921,0.8102239,"(-0.0848,0.9752,0.0552,-0.1969)",0,0,0,0,0,0,0
3,"Environment: 1, AimModifier: 1",27.04056,true,-1.467143,2.404604,1.122688,"(0.0376,0.9776,0.0696,-0.1953)",false,0,0,0,NA,-1,-1,-1,-1,-1,-2,-2,true,-1.650342,2.226902,0.8102135,"(-0.0845,0.9751,0.0548,-0.1975)",0,0,0,0,0,0,0
3,"Environment: 1, AimModifier: 1",27.05434,true,-1.46715,2.404729,1.122675,"(0.0377,0.9775,0.0704,-0.1952)",false,0,0,0,NA,-1,-1,-1,-1,-1,-2,-2,true,-1.650333,2.226888,0.8101977,"(-0.0839,0.9751,0.0548,-0.1978)",0,0,0,0,0,0,0
3,"Environment: 1, AimModifier: 1",27.06826,true,-1.467149,2.40482,1.122685,"(0.0376,0.9775,0.0708,-0.1953)",false,0,0,0,NA,-1,-1,-1,-1,-1,-2,-2,true,-1.650345,2.226856,0.8101463,"(-0.0834,0.9751,0.0547,-0.1981)",0,0,0,0,0,0,0
3,"Environment: 1, AimModifier: 1",27.08238,true,-1.467149,2.404878,1.122705,"(0.0375,0.9775,0.0709,-0.1952)",false,0,0,0,NA,-1,-1,-1,-1,-1,-2,-2,true,-1.650358,2.226846,0.8101253,"(-0.0835,0.9751,0.0547,-0.1980)",0,0,0,0,0,0,0
3,"Environment: 1, AimModifier: 1",27.09614,true,-1.467171,2.404905,1.122736,"(0.0374,0.9775,0.0711,-0.1950)",false,0,0,0,NA,-1,-1,-1,-1,-1,-2,-2,true,-1.650518,2.226757,0.8099669,"(-0.0847,0.9751,0.0541,-0.1977)",0,0,0,0,0,0,0
3,"Environment: 1, AimModifier: 1",27.10982,true,-1.467205,2.404883,1.122759,"(0.0372,0.9775,0.0713,-0.1949)",false,0,0,0,NA,-1,-1,-1,-1,-1,-2,-2,true,-1.650697,2.226661,0.809862,"(-0.0859,0.9750,0.0537,-0.1976)",0,0,0,0,0,0,0
3,"Environment: 1, AimModifier: 1",27.12393,true,-1.46723,2.404828,1.122785,"(0.0372,0.9775,0.0715,-0.1949)",false,0,0,0,NA,-1,-1,-1,-1,-1,-2,-2,true,-1.650836,2.226493,0.8097683,"(-0.0863,0.9750,0.0533,-0.1977)",0,0,0,0,0,0,0
3,"Environment: 1, AimModifier: 1",27.13767,true,-1.4672,2.404814,1.122821,"(0.0367,0.9776,0.0714,-0.1948)",false,0,0,0,NA,-1,-1,-1,-1,-1,-2,-2,true,-1.650931,2.22633,0.8096822,"(-0.0866,0.9750,0.0530,-0.1978)",0,0,0,0,0,0,0
3,"Environment: 1, AimModifier: 1",27.15141,true,-1.467144,2.404764,1.122882,"(0.0365,0.9776,0.0713,-0.1947)",false,0,0,0,NA,-1,-1,-1,-1,-1,-2,-2,true,-1.651088,2.226029,0.8094932,"(-0.0871,0.9750,0.0523,-0.1976)",0,0,0,0,0,0,0
3,"Environment: 1, AimModifier: 1",27.16551,true,-1.467101,2.404731,1.122923,"(0.0364,0.9776,0.0714,-0.1946)",false,0,0,0,NA,-1,-1,-1,-1,-1,-2,-2,true,-1.651203,2.225742,0.8093126,"(-0.0872,0.9751,0.0514,-0.1974)",0,0,0,0,0,0,0
3,"Environment: 1, AimModifier: 1",27.17934,true,-1.46705,2.404724,1.122966,"(0.0363,0.9776,0.0716,-0.1945)",false,0,0,0,NA,-1,-1,-1,-1,-1,-2,-2,true,-1.651339,2.2253,0.8090442,"(-0.0871,0.9753,0.0499,-0.1970)",0,0,0,0,0,0,0
3,"Environment: 1, AimModifier: 1",27.19306,true,-1.467008,2.404756,1.122992,"(0.0362,0.9776,0.0719,-0.1945)",false,0,0,0,NA,-1,-1,-1,-1,-1,-2,-2,true,-1.651455,2.224967,0.8088219,"(-0.0874,0.9754,0.0489,-0.1966)",0,0,0,0,0,0,0
3,"Environment: 1, AimModifier: 1",27.20697,true,-1.466956,2.404788,1.123012,"(0.0363,0.9776,0.0721,-0.1945)",false,0,0,0,NA,-1,-1,-1,-1,-1,-2,-2,true,-1.651494,2.224867,0.8087664,"(-0.0875,0.9754,0.0489,-0.1964)",0,0,0,0,0,0,0
3,"Environment: 1, AimModifier: 1",27.22084,true,-1.466919,2.404795,1.123044,"(0.0362,0.9776,0.0722,-0.1944)",false,0,0,0,NA,-1,-1,-1,-1,-1,-2,-2,true,-1.651494,2.224867,0.8087664,"(-0.0875,0.9754,0.0489,-0.1964)",0,0,0,0,0,0,0
3,"Environment: 1, AimModifier: 1",27.23468,true,-1.466864,2.404843,1.12308,"(0.0364,0.9776,0.0721,-0.1941)",false,0,0,0,NA,-1,-1,-1,-1,-1,-2,-2,true,-1.651544,2.224788,0.8087225,"(-0.0874,0.9754,0.0489,-0.1964)",0,0,0,0,0,0,0
3,"Environment: 1, AimModifier: 1",27.24873,true,-1.466828,2.404852,1.123115,"(0.0364,0.9777,0.0722,-0.1940)",false,0,0,0,NA,-1,-1,-1,-1,-1,-2,-2,true,-1.651544,2.224788,0.8087225,"(-0.0874,0.9754,0.0489,-0.1964)",0,0,0,0,0,0,0
3,"Environment: 1, AimModifier: 1",27.26271,true,-1.466792,2.404861,1.123149,"(0.0364,0.9777,0.0723,-0.1939)",false,0,0,0,NA,-1,-1,-1,-1,-1,-2,-2,true,-1.651544,2.224788,0.8087225,"(-0.0874,0.9754,0.0489,-0.1964)",0,0,0,0,0,0,0
3,"Environment: 1, AimModifier: 1",27.27696,true,-1.466587,2.404888,1.123201,"(0.0360,0.9777,0.0722,-0.1939)",false,0,0,0,NA,-1,-1,-1,-1,-1,-2,-2,true,-1.651828,2.224411,0.8088512,"(-0.0881,0.9753,0.0496,-0.1966)",0.9526252,0,0,0,0,0,0
3,"Environment: 1, AimModifier: 1",27.29018,true,-1.466528,2.404995,1.123176,"(0.0361,0.9777,0.0727,-0.1937)",false,0,0,0,NA,-1,-1,-1,-1,-1,-2,-2,true,-1.651881,2.224306,0.8091098,"(-0.0875,0.9753,0.0499,-0.1968)",1,0,0,0,0,0,0
3,"Environment: 1, AimModifier: 1",27.30596,true,-1.466543,2.405068,1.123189,"(0.0359,0.9777,0.0729,-0.1936)",false,0,0,0,NA,-1,-1,-1,-1,-1,-2,-2,true,-1.651964,2.224321,0.8093671,"(-0.0876,0.9751,0.0506,-0.1972)",1,0,0,0,0,0,0
3,"Environment: 1, AimModifier: 1",27.31963,true,-1.466541,2.405115,1.123216,"(0.0357,0.9777,0.0731,-0.1934)",false,0,0,0,NA,-1,-1,-1,-1,-1,-2,-2,true,-1.652025,2.224335,0.8094929,"(-0.0877,0.9750,0.0510,-0.1974)",1,0,0,0,0,0,0
3,"Environment: 1, AimModifier: 1",27.33311,true,-1.466488,2.405126,1.123253,"(0.0355,0.9778,0.0732,-0.1932)",false,0,0,0,NA,-1,-1,-1,-1,-1,-2,-2,true,-1.652087,2.224343,0.8095789,"(-0.0879,0.9750,0.0514,-0.1977)",1,0,0,0,0,0,0
3,"Environment: 1, AimModifier: 1",27.34677,true,-1.466398,2.405149,1.123281,"(0.0355,0.9779,0.0733,-0.1928)",false,0,0,0,NA,-1,-1,-1,-1,-1,-2,-2,true,-1.652181,2.224368,0.8096691,"(-0.0883,0.9749,0.0514,-0.1979)",1,0,0,0,0,0,0
3,"Environment: 1, AimModifier: 1",27.3604,true,-1.46632,2.405182,1.123288,"(0.0355,0.9779,0.0737,-0.1925)",false,0,0,0,NA,-1,-1,-1,-1,-1,-2,-2,true,-1.652297,2.224395,0.8098003,"(-0.0889,0.9748,0.0514,-0.1981)",1,0,0,0,0,0,0
3,"Environment: 1, AimModifier: 1",27.37383,true,-1.466241,2.405225,1.123301,"(0.0356,0.9779,0.0739,-0.1924)",false,0,0,0,NA,-1,-1,-1,-1,-1,-2,-2,true,-1.652357,2.224403,0.809819,"(-0.0889,0.9747,0.0513,-0.1983)",1,0,0,0,0,0,0
3,"Environment: 1, AimModifier: 1",27.38791,true,-1.466149,2.405252,1.12334,"(0.0352,0.9779,0.0741,-0.1924)",false,0,0,0,NA,-1,-1,-1,-1,-1,-2,-2,true,-1.652427,2.224454,0.8099799,"(-0.0885,0.9746,0.0521,-0.1991)",0.9726496,0,0,0,0,0,0
3,"Environment: 1, AimModifier: 1",27.40159,true,-1.46603,2.405298,1.123407,"(0.0352,0.9779,0.0744,-0.1921)",false,0,0,0,NA,-1,-1,-1,-1,-1,-2,-2,true,-1.652395,2.224467,0.8099682,"(-0.0873,0.9746,0.0522,-0.1994)",0.7133089,0,0,0,0,0,0
3,"Environment: 1, AimModifier: 1",27.41533,true,-1.465878,2.405341,1.12348,"(0.0351,0.9780,0.0745,-0.1919)",false,0,0,0,NA,-1,-1,-1,-1,-1,-2,-2,true,-1.652432,2.224551,0.8100103,"(-0.0868,0.9746,0.0525,-0.1998)",0.4380952,0,0,0,0,0,0
3,"Environment: 1, AimModifier: 1",27.42924,true,-1.465726,2.405399,1.123551,"(0.0352,0.9780,0.0744,-0.1915)",false,0,0,0,NA,-1,-1,-1,-1,-1,-2,-2,true,-1.652489,2.224609,0.8099978,"(-0.0873,0.9746,0.0526,-0.1996)",0.2192917,0,0,0,0,0,0
3,"Environment: 1, AimModifier: 1",27.44305,true,-1.4656,2.405463,1.123581,"(0.0355,0.9781,0.0747,-0.1912)",false,0,0,0,NA,-1,-1,-1,-1,-1,-2,-2,true,-1.652548,2.224709,0.8100194,"(-0.0875,0.9745,0.0527,-0.1997)",0.101343,0,0,0,0,0,0
3,"Environment: 1, AimModifier: 1",27.45696,true,-1.465519,2.405584,1.123591,"(0.0360,0.9781,0.0754,-0.1908)",false,0,0,0,NA,-1,-1,-1,-1,-1,-2,-2,true,-1.652588,2.224838,0.8100154,"(-0.0876,0.9745,0.0529,-0.1996)",0,0,0,0,0,0,0
3,"Environment: 1, AimModifier: 1",27.47056,true,-1.465436,2.405694,1.123585,"(0.0359,0.9780,0.0761,-0.1908)",false,0,0,0,NA,-1,-1,-1,-1,-1,-2,-2,true,-1.652649,2.224997,0.8100151,"(-0.0873,0.9745,0.0531,-0.1996)",0,0,0,0,0,0,0
3,"Environment: 1, AimModifier: 1",27.48469,true,-1.465339,2.405802,1.123589,"(0.0358,0.9780,0.0766,-0.1906)",false,0,0,0,NA,-1,-1,-1,-1,-1,-2,-2,true,-1.652862,2.225301,0.8100655,"(-0.0868,0.9744,0.0535,-0.2002)",0,0,0,0,0,0,0
3,"Environment: 1, AimModifier: 1",27.49837,true,-1.465252,2.405911,1.123625,"(0.0357,0.9781,0.0766,-0.1903)",false,0,0,0,NA,-1,-1,-1,-1,-1,-2,-2,true,-1.65311,2.225624,0.8102013,"(-0.0861,0.9742,0.0544,-0.2014)",0,0,0,0,0,0,0
3,"Environment: 1, AimModifier: 1",27.5121,true,-1.465219,2.405994,1.123688,"(0.0355,0.9781,0.0770,-0.1899)",false,0,0,0,NA,-1,-1,-1,-1,-1,-2,-2,true,-1.653158,2.225744,0.8103166,"(-0.0860,0.9741,0.0549,-0.2016)",0,0,0,0,0,0,0
3,"Environment: 1, AimModifier: 1",27.52613,true,-1.465196,2.406073,1.123773,"(0.0355,0.9782,0.0770,-0.1895)",false,0,0,0,NA,-1,-1,-1,-1,-1,-2,-2,true,-1.653133,2.225785,0.8103731,"(-0.0866,0.9743,0.0549,-0.2004)",0,0,0,0,0,0,0
3,"Environment: 1, AimModifier: 1",27.54009,true,-1.465104,2.406164,1.123835,"(0.0357,0.9782,0.0773,-0.1894)",false,0,0,0,NA,-1,-1,-1,-1,-1,-2,-2,true,-1.653277,2.225895,0.8105229,"(-0.0871,0.9742,0.0552,-0.2007)",0,0,0,0,0,0,0
3,"Environment: 1, AimModifier: 1",27.55381,true,-1.465034,2.406278,1.12387,"(0.0360,0.9782,0.0778,-0.1891)",false,0,0,0,NA,-1,-1,-1,-1,-1,-2,-2,true,-1.653444,2.225932,0.8105563,"(-0.0876,0.9742,0.0551,-0.2006)",0,0,0,0,0,0,0
3,"Environment: 1, AimModifier: 1",27.56803,true,-1.464961,2.406402,1.123914,"(0.0361,0.9782,0.0780,-0.1888)",false,0,0,0,NA,-1,-1,-1,-1,-1,-2,-2,true,-1.653586,2.225955,0.810603,"(-0.0875,0.9741,0.0553,-0.2010)",0,0,0,0,0,0,0
3,"Environment: 1, AimModifier: 1",27.58194,true,-1.464893,2.406486,1.123962,"(0.0363,0.9783,0.0783,-0.1885)",false,0,0,0,NA,-1,-1,-1,-1,-1,-2,-2,true,-1.653805,2.226019,0.8106927,"(-0.0870,0.9739,0.0556,-0.2021)",0,0,0,0,0,0,0
3,"Environment: 1, AimModifier: 1",27.59573,true,-1.464805,2.406512,1.124044,"(0.0362,0.9783,0.0784,-0.1882)",false,0,0,0,NA,-1,-1,-1,-1,-1,-2,-2,true,-1.653886,2.226031,0.8107512,"(-0.0866,0.9738,0.0558,-0.2025)",0,0,0,0,0,0,0
3,"Environment: 1, AimModifier: 1",27.60931,true,-1.464775,2.406533,1.124195,"(0.0358,0.9784,0.0783,-0.1879)",false,0,0,0,NA,-1,-1,-1,-1,-1,-2,-2,true,-1.653928,2.226026,0.8107986,"(-0.0866,0.9739,0.0559,-0.2023)",0,0,0,0,0,0,0
3,"Environment: 1, AimModifier: 1",27.62337,true,-1.464754,2.406585,1.124317,"(0.0357,0.9784,0.0785,-0.1877)",false,0,0,0,NA,-1,-1,-1,-1,-1,-2,-2,true,-1.654054,2.225997,0.8108591,"(-0.0867,0.9739,0.0561,-0.2022)",0,0,0,0,0,0,0
3,"Environment: 1, AimModifier: 1",27.63714,true,-1.464734,2.406641,1.124371,"(0.0356,0.9784,0.0794,-0.1877)",false,0,0,0,NA,-1,-1,-1,-1,-1,-2,-2,true,-1.654299,2.225933,0.8109637,"(-0.0870,0.9739,0.0561,-0.2022)",0,0,0,0,0,0,0
3,"Environment: 1, AimModifier: 1",27.651,true,-1.464719,2.406704,1.124406,"(0.0355,0.9784,0.0799,-0.1874)",false,0,0,0,NA,-1,-1,-1,-1,-1,-2,-2,true,-1.654699,2.225884,0.8111893,"(-0.0874,0.9737,0.0562,-0.2027)",0,0,0,0,0,0,0
3,"Environment: 1, AimModifier: 1",27.66521,true,-1.464699,2.40676,1.12446,"(0.0353,0.9784,0.0799,-0.1872)",false,0,0,0,NA,-1,-1,-1,-1,-1,-2,-2,true,-1.655116,2.225847,0.8114603,"(-0.0875,0.9734,0.0567,-0.2039)",0,0,0,0,0,0,0
3,"Environment: 1, AimModifier: 1",27.67904,true,-1.464677,2.406773,1.124523,"(0.0351,0.9784,0.0801,-0.1871)",false,0,0,0,NA,-1,-1,-1,-1,-1,-2,-2,true,-1.655472,2.225789,0.8117611,"(-0.0868,0.9732,0.0572,-0.2051)",0,0,0,0,0,0,0
3,"Environment: 1, AimModifier: 1",27.69283,true,-1.464639,2.406757,1.124586,"(0.0346,0.9784,0.0803,-0.1872)",false,0,0,0,NA,-1,-1,-1,-1,-1,-2,-2,true,-1.655748,2.225727,0.8120665,"(-0.0859,0.9731,0.0581,-0.2055)",0,0,0,0,0,0,0
3,"Environment: 1, AimModifier: 1",27.70701,true,-1.46469,2.406725,1.124678,"(0.0343,0.9785,0.0800,-0.1871)",false,0,0,0,NA,-1,-1,-1,-1,-1,-2,-2,true,-1.656043,2.225726,0.812417,"(-0.0860,0.9731,0.0589,-0.2056)",0,0,0,0,0,0,0
3,"Environment: 1, AimModifier: 1",27.72091,true,-1.464737,2.406718,1.124748,"(0.0342,0.9785,0.0801,-0.1868)",false,0,0,0,NA,-1,-1,-1,-1,-1,-2,-2,true,-1.65671,2.225841,0.8131146,"(-0.0874,0.9728,0.0607,-0.2060)",0,0,0,0,0,0,0
3,"Environment: 1, AimModifier: 1",27.73467,true,-1.464734,2.406737,1.124773,"(0.0342,0.9786,0.0804,-0.1864)",false,0,0,0,NA,-1,-1,-1,-1,-1,-2,-2,true,-1.657764,2.226092,0.8141477,"(-0.0900,0.9720,0.0643,-0.2075)",0,0,0,0,0,0,0
3,"Environment: 1, AimModifier: 1",27.74877,true,-1.464705,2.406801,1.124765,"(0.0343,0.9786,0.0806,-0.1859)",false,0,0,0,NA,-1,-1,-1,-1,-1,-2,-2,true,-1.658345,2.226254,0.8147831,"(-0.0900,0.9713,0.0668,-0.2096)",0,0,0,0,0,0,0
3,"Environment: 1, AimModifier: 1",27.76252,true,-1.464648,2.40689,1.124713,"(0.0338,0.9787,0.0812,-0.1857)",false,0,0,0,NA,-1,-1,-1,-1,-1,-2,-2,true,-1.658682,2.226265,0.8154272,"(-0.0868,0.9709,0.0689,-0.2121)",0,0,0,0,0,0,0
3,"Environment: 1, AimModifier: 1",27.77635,true,-1.464587,2.406962,1.124662,"(0.0336,0.9787,0.0813,-0.1855)",false,0,0,0,NA,-1,-1,-1,-1,-1,-2,-2,true,-1.658922,2.226215,0.8160934,"(-0.0829,0.9708,0.0706,-0.2139)",0,0,0,0,0,0,0
3,"Environment: 1, AimModifier: 1",27.79021,true,-1.464513,2.406998,1.124624,"(0.0331,0.9788,0.0815,-0.1851)",false,0,0,0,NA,-1,-1,-1,-1,-1,-2,-2,true,-1.659228,2.226239,0.8169322,"(-0.0798,0.9706,0.0727,-0.2150)",0,0,0,0,0,0,0
3,"Environment: 1, AimModifier: 1",27.80415,true,-1.464491,2.407094,1.124576,"(0.0330,0.9789,0.0816,-0.1846)",false,0,0,0,NA,-1,-1,-1,-1,-1,-2,-2,true,-1.659788,2.226412,0.8178866,"(-0.0798,0.9701,0.0757,-0.2163)",0,0,0,0,0,0,0
3,"Environment: 1, AimModifier: 1",27.81807,true,-1.46447,2.407234,1.124509,"(0.0331,0.9789,0.0822,-0.1842)",false,0,0,0,NA,-1,-1,-1,-1,-1,-2,-2,true,-1.660798,2.227095,0.819382,"(-0.0836,0.9685,0.0828,-0.2196)",0,0,0,0,0,0,0
3,"Environment: 1, AimModifier: 1",27.83185,true,-1.464431,2.407375,1.124412,"(0.0329,0.9789,0.0828,-0.1839)",false,0,0,0,NA,-1,-1,-1,-1,-1,-2,-2,true,-1.662135,2.228411,0.8215784,"(-0.0895,0.9656,0.0957,-0.2246)",0,0,0,0,0,0,0
3,"Environment: 1, AimModifier: 1",27.84596,true,-1.464353,2.407475,1.124286,"(0.0324,0.9789,0.0834,-0.1836)",false,0,0,0,NA,-1,-1,-1,-1,-1,-2,-2,true,-1.663559,2.230334,0.8246504,"(-0.0944,0.9616,0.1139,-0.2311)",0,0,0,0,0,0,0
3,"Environment: 1, AimModifier: 1",27.85971,true,-1.4642,2.407556,1.124154,"(0.0319,0.9789,0.0837,-0.1834)",false,0,0,0,NA,-1,-1,-1,-1,-1,-2,-2,true,-1.664562,2.232156,0.8278546,"(-0.0943,0.9584,0.1304,-0.2358)",0,0,0,0,0,0,0
3,"Environment: 1, AimModifier: 1",27.87352,true,-1.464009,2.407619,1.124016,"(0.0314,0.9790,0.0841,-0.1830)",false,0,0,0,NA,-1,-1,-1,-1,-1,-2,-2,true,-1.665151,2.233687,0.8309299,"(-0.0903,0.9558,0.1449,-0.2392)",0,0,0,0,0,0,0
3,"Environment: 1, AimModifier: 1",27.88783,true,-1.463791,2.407684,1.123872,"(0.0315,0.9791,0.0843,-0.1823)",false,0,0,0,NA,-1,-1,-1,-1,-1,-2,-2,true,-1.665436,2.235132,0.8340439,"(-0.0831,0.9535,0.1592,-0.2422)",0,0,0,0,0,0,0
3,"Environment: 1, AimModifier: 1",27.90137,true,-1.463599,2.407704,1.123749,"(0.0316,0.9793,0.0843,-0.1814)",false,0,0,0,NA,-1,-1,-1,-1,-1,-2,-2,true,-1.666031,2.236795,0.8374996,"(-0.0788,0.9494,0.1763,-0.2477)",0,0,0,0,0,0,0
3,"Environment: 1, AimModifier: 1",27.91515,true,-1.463379,2.40767,1.123619,"(0.0316,0.9795,0.0843,-0.1803)",false,0,0,0,NA,-1,-1,-1,-1,-1,-2,-2,true,-1.667725,2.239998,0.8431066,"(-0.0850,0.9389,0.2106,-0.2588)",0,0,0,0,0,0,0
3,"Environment: 1, AimModifier: 1",27.92907,true,-1.463071,2.407635,1.123465,"(0.0315,0.9798,0.0841,-0.1789)",false,0,0,0,NA,-1,-1,-1,-1,-1,-2,-2,true,-1.671049,2.246163,0.8532909,"(-0.1041,0.9116,0.2790,-0.2832)",0,0,0,0,0,0,0
3,"Environment: 1, AimModifier: 1",27.94292,true,-1.462511,2.4076,1.123213,"(0.0309,0.9801,0.0839,-0.1774)",false,0,0,0,NA,-1,-1,-1,-1,-1,-2,-2,true,-1.673863,2.250438,0.8619491,"(-0.1184,0.8873,0.3263,-0.3037)",0,0,0,0,0,0,0
3,"Environment: 1, AimModifier: 1",27.957,true,-1.462175,2.407633,1.123008,"(0.0305,0.9803,0.0840,-0.1759)",false,0,0,0,NA,-1,-1,-1,-1,-1,-2,-2,true,-1.676342,2.253033,0.8705525,"(-0.1300,0.8667,0.3593,-0.3206)",0,0,0,0,0,0,0
3,"Environment: 1, AimModifier: 1",27.97068,true,-1.461946,2.407641,1.122824,"(0.0314,0.9806,0.0844,-0.1741)",false,0,0,0,NA,-1,-1,-1,-1,-1,-2,-2,true,-1.677196,2.2539,0.8762524,"(-0.1290,0.8610,0.3697,-0.3247)",0,0,0,0,0,0,0
3,"Environment: 1, AimModifier: 1",27.98487,true,-1.461639,2.407649,1.12264,"(0.0325,0.9809,0.0843,-0.1722)",false,0,0,0,NA,-1,-1,-1,-1,-1,-2,-2,true,-1.677367,2.254769,0.8801908,"(-0.1242,0.8600,0.3750,-0.3232)",0,0,0,0,0,0,0
3,"Environment: 1, AimModifier: 1",27.99894,true,-1.461323,2.407521,1.122518,"(0.0330,0.9813,0.0839,-0.1703)",false,0,0,0,NA,-1,-1,-1,-1,-1,-2,-2,true,-1.677541,2.256328,0.8849032,"(-0.1235,0.8543,0.3914,-0.3189)",0,0,0,0,0,0,0
3,"Environment: 1, AimModifier: 1",28.0125,true,-1.461089,2.407247,1.122454,"(0.0331,0.9817,0.0832,-0.1682)",false,0,0,0,NA,-1,-1,-1,-1,-1,-2,-2,true,-1.678397,2.258391,0.8921682,"(-0.1345,0.8359,0.4250,-0.3203)",0,0,0,0,0,0,0
3,"Environment: 1, AimModifier: 1",28.02642,true,-1.460799,2.406966,1.122438,"(0.0328,0.9821,0.0817,-0.1662)",false,0,0,0,NA,-1,-1,-1,-1,-1,-2,-2,true,-1.679441,2.26016,0.8987143,"(-0.1437,0.8190,0.4500,-0.3256)",0,0,0,0,0,0,0
3,"Environment: 1, AimModifier: 1",28.04011,true,-1.460423,2.406573,1.122435,"(0.0313,0.9827,0.0797,-0.1643)",false,0,0,0,NA,-1,-1,-1,-1,-1,-2,-2,true,-1.679778,2.261302,0.9026664,"(-0.1425,0.8125,0.4584,-0.3309)",0,0,0,0,0,0,0
3,"Environment: 1, AimModifier: 1",28.05384,true,-1.460069,2.406253,1.122414,"(0.0303,0.9832,0.0777,-0.1622)",false,0,0,0,NA,-1,-1,-1,-1,-1,-2,-2,true,-1.679766,2.262447,0.9056512,"(-0.1374,0.8101,0.4627,-0.3329)",0,0,0,0,0,0,0
3,"Environment: 1, AimModifier: 1",28.06785,true,-1.459783,2.405975,1.122368,"(0.0292,0.9837,0.0764,-0.1603)",false,0,0,0,NA,-1,-1,-1,-1,-1,-2,-2,true,-1.679141,2.263329,0.908056,"(-0.1306,0.8095,0.4675,-0.3303)",0,0,0,0,0,0,0
3,"Environment: 1, AimModifier: 1",28.08194,true,-1.459553,2.405864,1.122246,"(0.0285,0.9840,0.0758,-0.1585)",false,0,0,0,NA,-1,-1,-1,-1,-1,-2,-2,true,-1.678788,2.264256,0.9111396,"(-0.1285,0.8056,0.4777,-0.3260)",0,0,0,0,0,0,0
3,"Environment: 1, AimModifier: 1",28.09575,true,-1.459399,2.405911,1.1222,"(0.0283,0.9843,0.0753,-0.1569)",false,0,0,0,NA,-1,-1,-1,-1,-1,-2,-2,true,-1.678345,2.264933,0.913803,"(-0.1271,0.8017,0.4863,-0.3236)",0,0,0,0,0,0,0
3,"Environment: 1, AimModifier: 1",28.10953,true,-1.459349,2.405715,1.122262,"(0.0281,0.9846,0.0750,-0.1552)",false,0,0,0,NA,-1,-1,-1,-1,-1,-2,-2,true,-1.678011,2.265651,0.9161238,"(-0.1234,0.7980,0.4922,-0.3251)",0,0,0,0,0,0,0
3,"Environment: 1, AimModifier: 1",28.12357,true,-1.459244,2.405605,1.122385,"(0.0278,0.9849,0.0745,-0.1540)",false,0,0,0,NA,-1,-1,-1,-1,-1,-2,-2,true,-1.677601,2.266163,0.9185069,"(-0.1195,0.7930,0.4988,-0.3288)",0,0,0,0,0,0,0
3,"Environment: 1, AimModifier: 1",28.13751,true,-1.458981,2.405369,1.122323,"(0.0271,0.9851,0.0743,-0.1529)",false,0,0,0,NA,-1,-1,-1,-1,-1,-2,-2,true,-1.677011,2.266352,0.9213376,"(-0.1178,0.7858,0.5101,-0.3293)",0,0,0,0,0,0,0
3,"Environment: 1, AimModifier: 1",28.15121,true,-1.458856,2.405344,1.122385,"(0.0267,0.9852,0.0741,-0.1523)",false,0,0,0,NA,-1,-1,-1,-1,-1,-2,-2,true,-1.676344,2.266739,0.9232699,"(-0.1154,0.7829,0.5158,-0.3282)",0,0,0,0,0,0,0
3,"Environment: 1, AimModifier: 1",28.16528,true,-1.458782,2.405398,1.122475,"(0.0268,0.9852,0.0744,-0.1523)",false,0,0,0,NA,-1,-1,-1,-1,-1,-2,-2,true,-1.675496,2.267288,0.9239202,"(-0.1084,0.7841,0.5159,-0.3275)",0,0,0,0,0,0,0
3,"Environment: 1, AimModifier: 1",28.1792,true,-1.458794,2.405486,1.122575,"(0.0273,0.9851,0.0751,-0.1525)",false,0,0,0,NA,-1,-1,-1,-1,-1,-2,-2,true,-1.674622,2.267665,0.9245092,"(-0.1019,0.7841,0.5164,-0.3288)",0,0,0,0,0,0,0
3,"Environment: 1, AimModifier: 1",28.19289,true,-1.458862,2.405603,1.12269,"(0.0279,0.9850,0.0755,-0.1525)",false,0,0,0,NA,-1,-1,-1,-1,-1,-2,-2,true,-1.673917,2.267849,0.9254434,"(-0.0983,0.7822,0.5195,-0.3296)",0,0,0,0,0,0,0
3,"Environment: 1, AimModifier: 1",28.20702,true,-1.458939,2.405612,1.122817,"(0.0283,0.9849,0.0758,-0.1528)",false,0,0,0,NA,-1,-1,-1,-1,-1,-2,-2,true,-1.673442,2.267944,0.9262241,"(-0.0965,0.7801,0.5222,-0.3309)",0,0,0,0,0,0,0
3,"Environment: 1, AimModifier: 1",28.22076,true,-1.458986,2.405609,1.12293,"(0.0286,0.9849,0.0761,-0.1530)",false,0,0,0,NA,-1,-1,-1,-1,-1,-2,-2,true,-1.673126,2.268168,0.9270046,"(-0.0944,0.7785,0.5242,-0.3321)",0,0,0,0,0,0,0
3,"Environment: 1, AimModifier: 1",28.23425,true,-1.459119,2.405594,1.123086,"(0.0286,0.9848,0.0761,-0.1533)",false,0,0,0,NA,-1,-1,-1,-1,-1,-2,-2,true,-1.673213,2.2682,0.9266917,"(-0.0964,0.7797,0.5221,-0.3320)",0,0,0,0,0,0,0
3,"Environment: 1, AimModifier: 1",28.24818,true,-1.459139,2.405632,1.123197,"(0.0289,0.9848,0.0761,-0.1534)",false,0,0,0,NA,-1,-1,-1,-1,-1,-2,-2,true,-1.672943,2.268435,0.9275015,"(-0.0954,0.7783,0.5242,-0.3322)",0,0,0,0,0,0,0
3,"Environment: 1, AimModifier: 1",28.26216,true,-1.459219,2.405654,1.123338,"(0.0291,0.9847,0.0764,-0.1537)",false,0,0,0,NA,-1,-1,-1,-1,-1,-2,-2,true,-1.672831,2.268506,0.9278548,"(-0.0980,0.7780,0.5251,-0.3307)",0,0,0,0,0,0,0
3,"Environment: 1, AimModifier: 1",28.2759,true,-1.45943,2.405672,1.12342,"(0.0282,0.9846,0.0769,-0.1544)",false,0,0,0,NA,-1,-1,-1,-1,-1,-2,-2,true,-1.673045,2.268226,0.9261169,"(-0.1039,0.7824,0.5204,-0.3259)",0,0,0,0,0,0,0
3,"Environment: 1, AimModifier: 1",28.28981,true,-1.459496,2.405701,1.123526,"(0.0282,0.9846,0.0771,-0.1546)",false,0,0,0,NA,-1,-1,-1,-1,-1,-2,-2,true,-1.673045,2.268226,0.9261169,"(-0.1039,0.7824,0.5204,-0.3259)",0,0,0,0,0,0,0
3,"Environment: 1, AimModifier: 1",28.30416,true,-1.459702,2.405702,1.123508,"(0.0275,0.9845,0.0773,-0.1552)",false,0,0,0,NA,-1,-1,-1,-1,-1,-2,-2,true,-1.673001,2.268255,0.9253221,"(-0.1005,0.7830,0.5185,-0.3287)",0,0,0,0,0,0,0
3,"Environment: 1, AimModifier: 1",28.31774,true,-1.459944,2.405608,1.123508,"(0.0274,0.9844,0.0773,-0.1554)",false,0,0,0,NA,-1,-1,-1,-1,-1,-2,-2,true,-1.672958,2.268373,0.924433,"(-0.0959,0.7830,0.5157,-0.3344)",0,0,0,0,0,0,0
3,"Environment: 1, AimModifier: 1",28.33119,true,-1.460087,2.405595,1.123509,"(0.0272,0.9844,0.0772,-0.1558)",false,0,0,0,NA,-1,-1,-1,-1,-1,-2,-2,true,-1.673209,2.26826,0.9240633,"(-0.0966,0.7831,0.5147,-0.3354)",0,0,0,0,0,0,0
3,"Environment: 1, AimModifier: 1",28.34534,true,-1.460207,2.405607,1.123479,"(0.0269,0.9843,0.0775,-0.1562)",false,0,0,0,NA,-1,-1,-1,-1,-1,-2,-2,true,-1.673315,2.268103,0.9243746,"(-0.0996,0.7833,0.5161,-0.3319)",0,0,0,0,0,0,0
3,"Environment: 1, AimModifier: 1",28.35903,true,-1.460307,2.405621,1.123423,"(0.0265,0.9843,0.0776,-0.1564)",false,0,0,0,NA,-1,-1,-1,-1,-1,-2,-2,true,-1.673814,2.268031,0.923848,"(-0.1026,0.7844,0.5146,-0.3306)",0,0,0,0,0,0,0
3,"Environment: 1, AimModifier: 1",28.37279,true,-1.460395,2.405642,1.123366,"(0.0262,0.9842,0.0774,-0.1569)",false,0,0,0,NA,-1,-1,-1,-1,-1,-2,-2,true,-1.674323,2.267946,0.9231378,"(-0.1052,0.7861,0.5120,-0.3299)",0,0,0,0,0,0,0
3,"Environment: 1, AimModifier: 1",28.38719,true,-1.460482,2.405622,1.123301,"(0.0260,0.9842,0.0774,-0.1570)",false,0,0,0,NA,-1,-1,-1,-1,-1,-2,-2,true,-1.674502,2.26787,0.9226056,"(-0.1055,0.7874,0.5096,-0.3303)",0,0,0,0,0,0,0
3,"Environment: 1, AimModifier: 1",28.40086,true,-1.460556,2.405602,1.123198,"(0.0261,0.9842,0.0772,-0.1573)",false,0,0,0,NA,-1,-1,-1,-1,-1,-2,-2,true,-1.674516,2.267747,0.9221246,"(-0.1039,0.7878,0.5080,-0.3326)",0,0,0,0,0,0,0
3,"Environment: 1, AimModifier: 1",28.41464,true,-1.460623,2.40555,1.123088,"(0.0258,0.9841,0.0770,-0.1577)",false,0,0,0,NA,-1,-1,-1,-1,-1,-2,-2,true,-1.67453,2.267665,0.9216874,"(-0.1006,0.7873,0.5064,-0.3371)",0,0,0,0,0,0,0
3,"Environment: 1, AimModifier: 1",28.42865,true,-1.460682,2.405458,1.122968,"(0.0255,0.9842,0.0769,-0.1576)",false,0,0,0,NA,-1,-1,-1,-1,-1,-2,-2,true,-1.674642,2.267599,0.9212136,"(-0.0975,0.7870,0.5045,-0.3415)",0,0,0,0,0,0,0
3,"Environment: 1, AimModifier: 1",28.44259,true,-1.460686,2.405358,1.122881,"(0.0255,0.9842,0.0766,-0.1579)",false,0,0,0,NA,-1,-1,-1,-1,-1,-2,-2,true,-1.674876,2.267519,0.9206138,"(-0.0964,0.7879,0.5019,-0.3435)",0,0,0,0,0,0,0
3,"Environment: 1, AimModifier: 1",28.45654,true,-1.460687,2.405253,1.122797,"(0.0255,0.9842,0.0762,-0.1579)",false,0,0,0,NA,-1,-1,-1,-1,-1,-2,-2,true,-1.675229,2.26732,0.9200464,"(-0.0987,0.7899,0.4998,-0.3413)",0,0,0,0,0,0,0
3,"Environment: 1, AimModifier: 1",28.4704,true,-1.460674,2.40516,1.122708,"(0.0255,0.9842,0.0758,-0.1580)",false,0,0,0,NA,-1,-1,-1,-1,-1,-2,-2,true,-1.675562,2.266998,0.9199365,"(-0.1034,0.7907,0.5005,-0.3370)",0,0,0,0,0,0,0
3,"Environment: 1, AimModifier: 1",28.48453,true,-1.460666,2.405088,1.122613,"(0.0256,0.9842,0.0756,-0.1580)",false,0,0,0,NA,-1,-1,-1,-1,-1,-2,-2,true,-1.675776,2.266807,0.9199326,"(-0.1065,0.7909,0.5013,-0.3345)",0,0,0,0,0,0,0
3,"Environment: 1, AimModifier: 1",28.49838,true,-1.460649,2.405039,1.122505,"(0.0258,0.9842,0.0754,-0.1581)",false,0,0,0,NA,-1,-1,-1,-1,-1,-2,-2,true,-1.675585,2.26687,0.9200591,"(-0.1040,0.7901,0.5019,-0.3361)",0,0,0,0,0,0,0
3,"Environment: 1, AimModifier: 1",28.51219,true,-1.460686,2.404946,1.122426,"(0.0257,0.9843,0.0750,-0.1579)",false,0,0,0,NA,-1,-1,-1,-1,-1,-2,-2,true,-1.675577,2.266774,0.9197447,"(-0.1013,0.7899,0.5010,-0.3386)",0,0,0,0,0,0,0
3,"Environment: 1, AimModifier: 1",28.5262,true,-1.460689,2.404845,1.122348,"(0.0257,0.9843,0.0747,-0.1579)",false,0,0,0,NA,-1,-1,-1,-1,-1,-2,-2,true,-1.675601,2.26654,0.9193045,"(-0.0976,0.7894,0.5000,-0.3425)",0,0,0,0,0,0,0
3,"Environment: 1, AimModifier: 1",28.54024,true,-1.460603,2.404752,1.122265,"(0.0255,0.9843,0.0746,-0.1578)",false,0,0,0,NA,-1,-1,-1,-1,-1,-2,-2,true,-1.675568,2.266431,0.9194101,"(-0.0974,0.7892,0.5004,-0.3423)",0,0,0,0,0,0,0
3,"Environment: 1, AimModifier: 1",28.55418,true,-1.460496,2.404694,1.122177,"(0.0253,0.9844,0.0742,-0.1573)",false,0,0,0,NA,-1,-1,-1,-1,-1,-2,-2,true,-1.67555,2.266515,0.9196323,"(-0.0993,0.7897,0.5007,-0.3403)",0,0,0,0,0,0,0
3,"Environment: 1, AimModifier: 1",28.56814,true,-1.460368,2.404642,1.122083,"(0.0254,0.9845,0.0741,-0.1569)",false,0,0,0,NA,-1,-1,-1,-1,-1,-2,-2,true,-1.675689,2.266424,0.919525,"(-0.1001,0.7903,0.4999,-0.3397)",0,0,0,0,0,0,0
3,"Environment: 1, AimModifier: 1",28.58186,true,-1.460244,2.404622,1.12198,"(0.0255,0.9846,0.0742,-0.1562)",false,0,0,0,NA,-1,-1,-1,-1,-1,-2,-2,true,-1.675834,2.266283,0.919631,"(-0.1017,0.7904,0.4996,-0.3394)",0,0,0,0,0,0,0
3,"Environment: 1, AimModifier: 1",28.59565,true,-1.460111,2.404573,1.121883,"(0.0256,0.9847,0.0741,-0.1554)",false,0,0,0,NA,-1,-1,-1,-1,-1,-2,-2,true,-1.675845,2.266214,0.9197612,"(-0.1025,0.7905,0.4996,-0.3390)",0,0,0,0,0,0,0
3,"Environment: 1, AimModifier: 1",28.6093,true,-1.459909,2.404494,1.121801,"(0.0257,0.9849,0.0737,-0.1548)",false,0,0,0,NA,-1,-1,-1,-1,-1,-2,-2,true,-1.67577,2.266218,0.9197838,"(-0.1022,0.7906,0.4996,-0.3389)",0,0,0,0,0,0,0
3,"Environment: 1, AimModifier: 1",28.62339,true,-1.459696,2.404394,1.121737,"(0.0256,0.9851,0.0731,-0.1537)",false,0,0,0,NA,-1,-1,-1,-1,-1,-2,-2,true,-1.675712,2.266216,0.9197956,"(-0.1017,0.7905,0.4998,-0.3392)",0,0,0,0,0,0,0
3,"Environment: 1, AimModifier: 1",28.63716,true,-1.459492,2.404288,1.121682,"(0.0256,0.9852,0.0726,-0.1529)",false,0,0,0,NA,-1,-1,-1,-1,-1,-2,-2,true,-1.675548,2.26614,0.9198911,"(-0.1000,0.7898,0.5004,-0.3403)",0,0,0,0,0,0,0
3,"Environment: 1, AimModifier: 1",28.65098,true,-1.459293,2.404187,1.121622,"(0.0252,0.9854,0.0723,-0.1520)",false,0,0,0,NA,-1,-1,-1,-1,-1,-2,-2,true,-1.675481,2.266097,0.9200181,"(-0.0983,0.7893,0.5009,-0.3413)",0,0,0,0,0,0,0
3,"Environment: 1, AimModifier: 1",28.66512,true,-1.45912,2.404113,1.121537,"(0.0250,0.9855,0.0724,-0.1512)",false,0,0,0,NA,-1,-1,-1,-1,-1,-2,-2,true,-1.675636,2.266073,0.9199588,"(-0.0991,0.7900,0.5001,-0.3406)",0,0,0,0,0,0,0
3,"Environment: 1, AimModifier: 1",28.67904,true,-1.458976,2.404073,1.12146,"(0.0250,0.9856,0.0723,-0.1506)",false,0,0,0,NA,-1,-1,-1,-1,-1,-2,-2,true,-1.675651,2.266122,0.9198537,"(-0.0995,0.7907,0.4992,-0.3401)",0,0,0,0,0,0,0
3,"Environment: 1, AimModifier: 1",28.69289,true,-1.458845,2.404042,1.121384,"(0.0252,0.9858,0.0723,-0.1497)",false,0,0,0,NA,-1,-1,-1,-1,-1,-2,-2,true,-1.675672,2.266161,0.9197089,"(-0.1000,0.7913,0.4984,-0.3398)",0,0,0,0,0,0,0
3,"Environment: 1, AimModifier: 1",28.707,true,-1.458653,2.403965,1.121281,"(0.0248,0.9859,0.0722,-0.1491)",false,0,0,0,NA,-1,-1,-1,-1,-1,-2,-2,true,-1.675693,2.266138,0.9195865,"(-0.1000,0.7915,0.4981,-0.3399)",0,0,0,0,0,0,0
3,"Environment: 1, AimModifier: 1",28.72124,true,-1.458441,2.403861,1.121204,"(0.0247,0.9860,0.0715,-0.1484)",false,0,0,0,NA,-1,-1,-1,-1,-1,-2,-2,true,-1.675697,2.266092,0.9193103,"(-0.0990,0.7918,0.4972,-0.3406)",0,0,0,0,0,0,0
3,"Environment: 1, AimModifier: 1",28.73456,true,-1.458272,2.40377,1.121176,"(0.0244,0.9862,0.0710,-0.1477)",false,0,0,0,NA,-1,-1,-1,-1,-1,-2,-2,true,-1.675704,2.26604,0.9188575,"(-0.0971,0.7922,0.4960,-0.3421)",0,0,0,0,0,0,0
3,"Environment: 1, AimModifier: 1",28.74861,true,-1.458136,2.403705,1.121151,"(0.0242,0.9862,0.0709,-0.1473)",false,0,0,0,NA,-1,-1,-1,-1,-1,-2,-2,true,-1.675808,2.265986,0.9185155,"(-0.0960,0.7921,0.4951,-0.3439)",0,0,0,0,0,0,0
3,"Environment: 1, AimModifier: 1",28.76244,true,-1.458046,2.403673,1.121123,"(0.0245,0.9863,0.0709,-0.1470)",false,0,0,0,NA,-1,-1,-1,-1,-1,-2,-2,true,-1.676037,2.265924,0.9181542,"(-0.0962,0.7923,0.4936,-0.3454)",0,0,0,0,0,0,0
3,"Environment: 1, AimModifier: 1",28.77623,true,-1.45796,2.40365,1.121104,"(0.0247,0.9863,0.0709,-0.1468)",false,0,0,0,NA,-1,-1,-1,-1,-1,-2,-2,true,-1.676441,2.26583,0.9175324,"(-0.0969,0.7937,0.4904,-0.3466)",0,0,0,0,0,0,0
3,"Environment: 1, AimModifier: 1",28.78996,true,-1.457868,2.403616,1.121093,"(0.0249,0.9863,0.0708,-0.1467)",false,0,0,0,NA,-1,-1,-1,-1,-1,-2,-2,true,-1.676877,2.26575,0.9169694,"(-0.0977,0.7953,0.4875,-0.3468)",0,0,0,0,0,0,0
3,"Environment: 1, AimModifier: 1",28.80391,true,-1.457708,2.403535,1.121003,"(0.0250,0.9864,0.0706,-0.1462)",false,0,0,0,NA,-1,-1,-1,-1,-1,-2,-2,true,-1.67731,2.265698,0.9163307,"(-0.0976,0.7970,0.4840,-0.3479)",0,0,0,0,0,0,0
3,"Environment: 1, AimModifier: 1",28.81776,true,-1.457521,2.403443,1.120896,"(0.0249,0.9865,0.0703,-0.1457)",false,0,0,0,NA,-1,-1,-1,-1,-1,-2,-2,true,-1.677816,2.265687,0.9156576,"(-0.0971,0.7982,0.4802,-0.3504)",0,0,0,0,0,0,0
3,"Environment: 1, AimModifier: 1",28.83139,true,-1.457362,2.403364,1.120831,"(0.0250,0.9866,0.0704,-0.1452)",false,0,0,0,NA,-1,-1,-1,-1,-1,-2,-2,true,-1.67847,2.265563,0.9153203,"(-0.0974,0.7975,0.4782,-0.3547)",0,0,0,0,0,0,0
3,"Environment: 1, AimModifier: 1",28.84542,true,-1.457233,2.40333,1.120785,"(0.0251,0.9866,0.0705,-0.1451)",false,0,0,0,NA,-1,-1,-1,-1,-1,-2,-2,true,-1.679283,2.26531,0.9148548,"(-0.0982,0.7970,0.4752,-0.3595)",0,0,0,0,0,0,0
3,"Environment: 1, AimModifier: 1",28.85942,true,-1.457138,2.403312,1.120748,"(0.0249,0.9867,0.0704,-0.1446)",false,0,0,0,NA,-1,-1,-1,-1,-1,-2,-2,true,-1.680037,2.265035,0.9143676,"(-0.0987,0.7966,0.4722,-0.3644)",0,0,0,0,0,0,0
3,"Environment: 1, AimModifier: 1",28.8732,true,-1.45705,2.403278,1.120718,"(0.0248,0.9867,0.0704,-0.1445)",false,0,0,0,NA,-1,-1,-1,-1,-1,-2,-2,true,-1.680908,2.264723,0.9138445,"(-0.0986,0.7963,0.4690,-0.3690)",0,0,0,0,0,0,0
3,"Environment: 1, AimModifier: 1",28.8873,true,-1.456962,2.403248,1.120701,"(0.0248,0.9867,0.0703,-0.1444)",false,0,0,0,NA,-1,-1,-1,-1,-1,-2,-2,true,-1.681826,2.264523,0.9131684,"(-0.0987,0.7972,0.4650,-0.3721)",0,0,0,0,0,0,0
3,"Environment: 1, AimModifier: 1",28.90126,true,-1.456897,2.4032,1.120613,"(0.0250,0.9867,0.0703,-0.1443)",false,0,0,0,NA,-1,-1,-1,-1,-1,-2,-2,true,-1.682914,2.264286,0.9122261,"(-0.0999,0.7994,0.4595,-0.3741)",0,0,0,0,0,0,0
3,"Environment: 1, AimModifier: 1",28.91518,true,-1.456848,2.403181,1.120502,"(0.0253,0.9868,0.0702,-0.1440)",false,0,0,0,NA,-1,-1,-1,-1,-1,-2,-2,true,-1.684099,2.263886,0.9112117,"(-0.1018,0.8014,0.4536,-0.3763)",0,0,0,0,0,0,0
3,"Environment: 1, AimModifier: 1",28.92922,true,-1.456803,2.403166,1.120375,"(0.0255,0.9868,0.0702,-0.1440)",false,0,0,0,NA,-1,-1,-1,-1,-1,-2,-2,true,-1.685322,2.263247,0.9103138,"(-0.1044,0.8022,0.4490,-0.3794)",0,0,0,0,0,0,0
3,"Environment: 1, AimModifier: 1",28.9432,true,-1.456757,2.403145,1.12032,"(0.0253,0.9867,0.0702,-0.1441)",false,0,0,0,NA,-1,-1,-1,-1,-1,-2,-2,true,-1.686443,2.262466,0.9093388,"(-0.1064,0.8029,0.4446,-0.3827)",0,0,0,0,0,0,0
3,"Environment: 1, AimModifier: 1",28.95719,true,-1.456729,2.403076,1.120305,"(0.0252,0.9868,0.0701,-0.1441)",false,0,0,0,NA,-1,-1,-1,-1,-1,-2,-2,true,-1.687519,2.261647,0.9081181,"(-0.1078,0.8044,0.4391,-0.3854)",0,0,0,0,0,0,0
3,"Environment: 1, AimModifier: 1",28.9707,true,-1.456714,2.403003,1.120299,"(0.0251,0.9868,0.0697,-0.1443)",false,0,0,0,NA,-1,-1,-1,-1,-1,-2,-2,true,-1.688797,2.260748,0.9065609,"(-0.1107,0.8077,0.4312,-0.3864)",0,0,0,0,0,0,0
3,"Environment: 1, AimModifier: 1",28.98472,true,-1.456726,2.402945,1.120304,"(0.0252,0.9867,0.0694,-0.1446)",false,0,0,0,NA,-1,-1,-1,-1,-1,-2,-2,true,-1.69031,2.259672,0.9047122,"(-0.1151,0.8117,0.4221,-0.3869)",0,0,0,0,0,0,0
3,"Environment: 1, AimModifier: 1",28.9986,true,-1.456716,2.402929,1.120284,"(0.0254,0.9867,0.0694,-0.1448)",false,0,0,0,NA,-1,-1,-1,-1,-1,-2,-2,true,-1.691962,2.258413,0.9024653,"(-0.1199,0.8164,0.4115,-0.3869)",0,0,0,0,0,0,0
3,"Environment: 1, AimModifier: 1",29.0124,true,-1.456675,2.402958,1.120275,"(0.0256,0.9866,0.0696,-0.1451)",false,0,0,0,NA,-1,-1,-1,-1,-1,-2,-2,true,-1.693766,2.256904,0.8997372,"(-0.1252,0.8216,0.3987,-0.3876)",0,0,0,0,0,0,0
3,"Environment: 1, AimModifier: 1",29.02651,true,-1.45665,2.40299,1.120276,"(0.0258,0.9865,0.0697,-0.1457)",false,0,0,0,NA,-1,-1,-1,-1,-1,-2,-2,true,-1.695904,2.255147,0.8967659,"(-0.1334,0.8273,0.3835,-0.3883)",0,0,0,0,0,0,0
3,"Environment: 1, AimModifier: 1",29.04039,true,-1.456732,2.40298,1.120309,"(0.0260,0.9864,0.0698,-0.1463)",false,0,0,0,NA,-1,-1,-1,-1,-1,-2,-2,true,-1.698949,2.252676,0.8932542,"(-0.1491,0.8337,0.3637,-0.3879)",0,0,0,0,0,0,0
3,"Environment: 1, AimModifier: 1",29.05415,true,-1.456805,2.402961,1.120351,"(0.0262,0.9863,0.0697,-0.1470)",false,0,0,0,NA,-1,-1,-1,-1,-1,-2,-2,true,-1.702182,2.250096,0.8900676,"(-0.1662,0.8383,0.3459,-0.3874)",0,0,0,0,0,0,0
3,"Environment: 1, AimModifier: 1",29.06821,true,-1.456916,2.402944,1.120408,"(0.0263,0.9862,0.0699,-0.1479)",false,0,0,0,NA,-1,-1,-1,-1,-1,-2,-2,true,-1.705914,2.247029,0.8868225,"(-0.1860,0.8421,0.3273,-0.3861)",0,0,0,0,0,0,0
3,"Environment: 1, AimModifier: 1",29.08217,true,-1.457031,2.402953,1.120474,"(0.0264,0.9860,0.0702,-0.1489)",false,0,0,0,NA,-1,-1,-1,-1,-1,-2,-2,true,-1.709637,2.243876,0.8837022,"(-0.2052,0.8451,0.3095,-0.3846)",0,0,0,0,0,0,0
3,"Environment: 1, AimModifier: 1",29.096,true,-1.45718,2.402993,1.120535,"(0.0269,0.9858,0.0706,-0.1501)",false,0,0,0,NA,-1,-1,-1,-1,-1,-2,-2,true,-1.713631,2.24018,0.8804061,"(-0.2251,0.8473,0.2916,-0.3826)",0,0,0,0,0,0,0
3,"Environment: 1, AimModifier: 1",29.10953,true,-1.457355,2.403109,1.120541,"(0.0276,0.9855,0.0712,-0.1515)",false,0,0,0,NA,-1,-1,-1,-1,-1,-2,-2,true,-1.717396,2.236478,0.8771234,"(-0.2409,0.8490,0.2736,-0.3825)",0,0,0,0,0,0,0
3,"Environment: 1, AimModifier: 1",29.12352,true,-1.457576,2.403276,1.120535,"(0.0281,0.9852,0.0721,-0.1530)",false,0,0,0,NA,-1,-1,-1,-1,-1,-2,-2,true,-1.720693,2.232782,0.8738785,"(-0.2503,0.8504,0.2565,-0.3853)",0,0,0,0,0,0,0
3,"Environment: 1, AimModifier: 1",29.13734,true,-1.457836,2.403419,1.120589,"(0.0287,0.9848,0.0730,-0.1548)",false,0,0,0,NA,-1,-1,-1,-1,-1,-2,-2,true,-1.723548,2.229276,0.8706525,"(-0.2549,0.8520,0.2399,-0.3892)",0,0,0,0,0,0,0
3,"Environment: 1, AimModifier: 1",29.1513,true,-1.458101,2.403571,1.120656,"(0.0294,0.9844,0.0739,-0.1570)",false,0,0,0,NA,-1,-1,-1,-1,-1,-2,-2,true,-1.726001,2.225787,0.8674535,"(-0.2572,0.8541,0.2231,-0.3933)",0,0,0,0,0,0,0
3,"Environment: 1, AimModifier: 1",29.16528,true,-1.45844,2.403764,1.12071,"(0.0304,0.9839,0.0751,-0.1592)",false,0,0,0,NA,-1,-1,-1,-1,-1,-2,-2,true,-1.728414,2.222422,0.8648157,"(-0.2640,0.8551,0.2091,-0.3943)",0,0,0,0,0,0,0
3,"Environment: 1, AimModifier: 1",29.17929,true,-1.459061,2.404103,1.120782,"(0.0311,0.9834,0.0764,-0.1619)",false,0,0,0,NA,-1,-1,-1,-1,-1,-2,-2,true,-1.730661,2.21922,0.8627799,"(-0.2743,0.8553,0.1991,-0.3918)",0,0,0,0,0,0,0
3,"Environment: 1, AimModifier: 1",29.19287,true,-1.459466,2.404375,1.120848,"(0.0328,0.9828,0.0771,-0.1647)",false,0,0,0,NA,-1,-1,-1,-1,-1,-2,-2,true,-1.732665,2.216192,0.8607475,"(-0.2857,0.8561,0.1893,-0.3868)",0,0,0,0,0,0,0
3,"Environment: 1, AimModifier: 1",29.20689,true,-1.459805,2.404717,1.120983,"(0.0345,0.9821,0.0777,-0.1678)",false,0,0,0,NA,-1,-1,-1,-1,-1,-2,-2,true,-1.734377,2.213293,0.8585182,"(-0.2945,0.8576,0.1784,-0.3820)",0,0,0,0,0,0,0
3,"Environment: 1, AimModifier: 1",29.22073,true,-1.460289,2.40505,1.121063,"(0.0360,0.9816,0.0787,-0.1705)",false,0,0,0,NA,-1,-1,-1,-1,-1,-2,-2,true,-1.735657,2.210536,0.8561621,"(-0.2994,0.8600,0.1674,-0.3779)",0,0,0,0,0,0,0
3,"Environment: 1, AimModifier: 1",29.23444,true,-1.460751,2.405591,1.120965,"(0.0381,0.9809,0.0804,-0.1731)",false,0,0,0,NA,-1,-1,-1,-1,-1,-2,-2,true,-1.736483,2.208001,0.8541712,"(-0.3007,0.8623,0.1570,-0.3761)",0,0,0,0,0,0,0
3,"Environment: 1, AimModifier: 1",29.24858,true,-1.461251,2.4059,1.120978,"(0.0394,0.9803,0.0818,-0.1756)",false,0,0,0,NA,-1,-1,-1,-1,-1,-2,-2,true,-1.73801,2.205235,0.8520477,"(-0.3056,0.8633,0.1459,-0.3743)",0,0,0,0,0,0,0
3,"Environment: 1, AimModifier: 1",29.2624,true,-1.461717,2.406248,1.12098,"(0.0408,0.9797,0.0829,-0.1781)",false,0,0,0,NA,-1,-1,-1,-1,-1,-2,-2,true,-1.73975,2.202338,0.8497147,"(-0.3118,0.8640,0.1339,-0.3719)",0,0,0,0,0,0,0
3,"Environment: 1, AimModifier: 1",29.27643,true,-1.462073,2.406897,1.120886,"(0.0426,0.9789,0.0860,-0.1803)",false,0,0,0,NA,-1,-1,-1,-1,-1,-2,-2,true,-1.739689,2.201324,0.850659,"(-0.3102,0.8627,0.1363,-0.3753)",0,0,0,0,0,0,0
3,"Environment: 1, AimModifier: 1",29.28984,true,-1.462201,2.406945,1.120936,"(0.0442,0.9783,0.0874,-0.1824)",false,0,0,0,NA,-1,-1,-1,-1,-1,-2,-2,true,-1.740352,2.199748,0.850227,"(-0.3142,0.8623,0.1339,-0.3739)",0,0,0,0,0,0,0
3,"Environment: 1, AimModifier: 1",29.30385,true,-1.462339,2.406891,1.120963,"(0.0440,0.9781,0.0869,-0.1837)",false,0,0,0,NA,-1,-1,-1,-1,-1,-2,-2,true,-1.739954,2.199244,0.8504937,"(-0.3139,0.8633,0.1348,-0.3716)",0,0,0,0,0,0,0
3,"Environment: 1, AimModifier: 1",29.31781,true,-1.462709,2.407265,1.120932,"(0.0452,0.9779,0.0869,-0.1849)",false,0,0,0,NA,-1,-1,-1,-1,-1,-2,-2,true,-1.740195,2.198298,0.8500775,"(-0.3130,0.8642,0.1316,-0.3712)",0,0,0,0,0,0,0
3,"Environment: 1, AimModifier: 1",29.33151,true,-1.463052,2.407511,1.120876,"(0.0459,0.9776,0.0872,-0.1862)",false,0,0,0,NA,-1,-1,-1,-1,-1,-2,-2,true,-1.740396,2.197618,0.8498867,"(-0.3115,0.8647,0.1300,-0.3720)",0,0,0,0,0,0,0
3,"Environment: 1, AimModifier: 1",29.3456,true,-1.463346,2.407679,1.120864,"(0.0461,0.9773,0.0880,-0.1874)",false,0,0,0,NA,-1,-1,-1,-1,-1,-2,-2,true,-1.740312,2.197118,0.8497851,"(-0.3091,0.8654,0.1291,-0.3726)",0,0,0,0,0,0,0
3,"Environment: 1, AimModifier: 1",29.35918,true,-1.463701,2.407916,1.120739,"(0.0467,0.9769,0.0884,-0.1887)",false,0,0,0,NA,-1,-1,-1,-1,-1,-2,-2,true,-1.740069,2.19672,0.8496357,"(-0.3069,0.8665,0.1282,-0.3722)",0,0,0,0,0,0,0
3,"Environment: 1, AimModifier: 1",29.37302,true,-1.464155,2.408079,1.120627,"(0.0475,0.9766,0.0892,-0.1898)",false,0,0,0,NA,-1,-1,-1,-1,-1,-2,-2,true,-1.739637,2.196617,0.8495587,"(-0.3054,0.8681,0.1275,-0.3699)",0,0,0,0,0,0,0
3,"Environment: 1, AimModifier: 1",29.38713,true,-1.464571,2.408136,1.120616,"(0.0480,0.9763,0.0900,-0.1911)",false,0,0,0,NA,-1,-1,-1,-1,-1,-2,-2,true,-1.739335,2.196608,0.8495163,"(-0.3057,0.8694,0.1271,-0.3668)",0,0,0,0,0,0,0
3,"Environment: 1, AimModifier: 1",29.40107,true,-1.464895,2.407861,1.120691,"(0.0480,0.9760,0.0896,-0.1926)",false,0,0,0,NA,-1,-1,-1,-1,-1,-2,-2,true,-1.739165,2.19664,0.8494943,"(-0.3063,0.8704,0.1260,-0.3642)",0,0,0,0,0,0,0
3,"Environment: 1, AimModifier: 1",29.415,true,-1.46515,2.407645,1.120768,"(0.0477,0.9760,0.0878,-0.1935)",false,0,0,0,NA,-1,-1,-1,-1,-1,-2,-2,true,-1.739007,2.196723,0.8496037,"(-0.3074,0.8710,0.1249,-0.3622)",0,0,0,0,0,0,0
3,"Environment: 1, AimModifier: 1",29.42902,true,-1.465526,2.407616,1.120746,"(0.0476,0.9759,0.0868,-0.1943)",false,0,0,0,NA,-1,-1,-1,-1,-1,-2,-2,true,-1.738765,2.196951,0.8498293,"(-0.3081,0.8715,0.1249,-0.3604)",0,0,0,0,0,0,0
3,"Environment: 1, AimModifier: 1",29.44293,true,-1.465914,2.407849,1.120643,"(0.0480,0.9757,0.0873,-0.1950)",false,0,0,0,NA,-1,-1,-1,-1,-1,-2,-2,true,-1.738341,2.197316,0.8499683,"(-0.3075,0.8727,0.1252,-0.3581)",0,0,0,0,0,0,0
3,"Environment: 1, AimModifier: 1",29.45693,true,-1.466307,2.408154,1.120607,"(0.0487,0.9754,0.0884,-0.1961)",false,0,0,0,NA,-1,-1,-1,-1,-1,-2,-2,true,-1.737933,2.197723,0.8501673,"(-0.3071,0.8734,0.1257,-0.3564)",0,0,0,0,0,0,0
3,"Environment: 1, AimModifier: 1",29.47057,true,-1.466704,2.408288,1.12059,"(0.0491,0.9750,0.0897,-0.1972)",false,0,0,0,NA,-1,-1,-1,-1,-1,-2,-2,true,-1.737614,2.198122,0.8503902,"(-0.3074,0.8741,0.1262,-0.3542)",0,0,0,0,0,0,0
3,"Environment: 1, AimModifier: 1",29.48454,true,-1.466903,2.408114,1.120884,"(0.0494,0.9746,0.0903,-0.1988)",false,0,0,0,NA,-1,-1,-1,-1,-1,-2,-2,true,-1.737352,2.198591,0.8507957,"(-0.3097,0.8745,0.1263,-0.3512)",0,0,0,0,0,0,0
3,"Environment: 1, AimModifier: 1",29.49835,true,-1.467188,2.408174,1.121037,"(0.0493,0.9744,0.0896,-0.2000)",false,0,0,0,NA,-1,-1,-1,-1,-1,-2,-2,true,-1.73701,2.199088,0.8511168,"(-0.3120,0.8754,0.1263,-0.3468)",0,0,0,0,0,0,0
3,"Environment: 1, AimModifier: 1",29.51218,true,-1.467425,2.408123,1.121181,"(0.0499,0.9742,0.0897,-0.2011)",false,0,0,0,NA,-1,-1,-1,-1,-1,-2,-2,true,-1.736655,2.19955,0.8512828,"(-0.3155,0.8761,0.1255,-0.3422)",0,0,0,0,0,0,0
3,"Environment: 1, AimModifier: 1",29.5264,true,-1.46762,2.408135,1.121299,"(0.0503,0.9740,0.0896,-0.2021)",false,0,0,0,NA,-1,-1,-1,-1,-1,-2,-2,true,-1.736361,2.199929,0.8513784,"(-0.3200,0.8763,0.1246,-0.3380)",0,0,0,0,0,0,0
3,"Environment: 1, AimModifier: 1",29.54019,true,-1.467798,2.408162,1.12157,"(0.0500,0.9738,0.0890,-0.2030)",false,0,0,0,NA,-1,-1,-1,-1,-1,-2,-2,true,-1.735977,2.200184,0.8512967,"(-0.3243,0.8763,0.1228,-0.3344)",0,0,0,0,0,0,0
3,"Environment: 1, AimModifier: 1",29.554,true,-1.468059,2.408081,1.121648,"(0.0500,0.9737,0.0890,-0.2038)",false,0,0,0,NA,-1,-1,-1,-1,-1,-2,-2,true,-1.735389,2.200366,0.8510461,"(-0.3265,0.8767,0.1204,-0.3321)",0,0,0,0,0,0,0
3,"Environment: 1, AimModifier: 1",29.5678,true,-1.468313,2.408,1.121779,"(0.0498,0.9736,0.0887,-0.2045)",false,0,0,0,NA,-1,-1,-1,-1,-1,-2,-2,true,-1.734647,2.200538,0.8506192,"(-0.3277,0.8777,0.1174,-0.3294)",0,0,0,0,0,0,0
3,"Environment: 1, AimModifier: 1",29.58185,true,-1.468543,2.40799,1.121973,"(0.0493,0.9736,0.0879,-0.2049)",false,0,0,0,NA,-1,-1,-1,-1,-1,-2,-2,true,-1.733904,2.200769,0.8501176,"(-0.3301,0.8783,0.1151,-0.3260)",0,0,0,0,0,0,0
3,"Environment: 1, AimModifier: 1",29.59551,true,-1.468713,2.407998,1.122077,"(0.0495,0.9735,0.0881,-0.2052)",false,0,0,0,NA,-1,-1,-1,-1,-1,-2,-2,true,-1.733226,2.201055,0.8497042,"(-0.3345,0.8784,0.1144,-0.3215)",0,0,0,0,0,0,0
3,"Environment: 1, AimModifier: 1",29.60959,true,-1.468931,2.407981,1.122156,"(0.0489,0.9734,0.0881,-0.2059)",false,0,0,0,NA,-1,-1,-1,-1,-1,-2,-2,true,-1.73264,2.201331,0.849466,"(-0.3379,0.8785,0.1136,-0.3181)",0,0,0,0,0,0,0
3,"Environment: 1, AimModifier: 1",29.62373,true,-1.469071,2.407941,1.122243,"(0.0479,0.9733,0.0878,-0.2066)",false,0,0,0,NA,-1,-1,-1,-1,-1,-2,-2,true,-1.732064,2.201555,0.8492929,"(-0.3396,0.8786,0.1126,-0.3163)",0,0,0,0,0,0,0
3,"Environment: 1, AimModifier: 1",29.63752,true,-1.469226,2.40787,1.122327,"(0.0472,0.9732,0.0876,-0.2071)",false,0,0,0,NA,-1,-1,-1,-1,-1,-2,-2,true,-1.731417,2.201723,0.8490222,"(-0.3386,0.8793,0.1108,-0.3162)",0,0,0,0,0,0,0
3,"Environment: 1, AimModifier: 1",29.6514,true,-1.46938,2.407835,1.122402,"(0.0467,0.9731,0.0877,-0.2076)",false,0,0,0,NA,-1,-1,-1,-1,-1,-2,-2,true,-1.730827,2.201833,0.848698,"(-0.3390,0.8795,0.1093,-0.3156)",0,0,0,0,0,0,0
3,"Environment: 1, AimModifier: 1",29.66538,true,-1.469531,2.407828,1.122479,"(0.0464,0.9731,0.0874,-0.2083)",false,0,0,0,NA,-1,-1,-1,-1,-1,-2,-2,true,-1.730296,2.201984,0.8483915,"(-0.3410,0.8797,0.1083,-0.3132)",0,0,0,0,0,0,0
3,"Environment: 1, AimModifier: 1",29.67931,true,-1.469678,2.407838,1.122465,"(0.0460,0.9729,0.0881,-0.2089)",false,0,0,0,NA,-1,-1,-1,-1,-1,-2,-2,true,-1.729749,2.202123,0.8480783,"(-0.3431,0.8799,0.1071,-0.3106)",0,0,0,0,0,0,0
3,"Environment: 1, AimModifier: 1",29.69314,true,-1.469841,2.407856,1.122492,"(0.0455,0.9729,0.0883,-0.2090)",false,0,0,0,NA,-1,-1,-1,-1,-1,-2,-2,true,-1.729163,2.202325,0.8478255,"(-0.3446,0.8803,0.1064,-0.3082)",0,0,0,0,0,0,0
3,"Environment: 1, AimModifier: 1",29.70674,true,-1.47001,2.407866,1.122526,"(0.0451,0.9728,0.0885,-0.2094)",false,0,0,0,NA,-1,-1,-1,-1,-1,-2,-2,true,-1.728577,2.20253,0.8475853,"(-0.3460,0.8806,0.1056,-0.3060)",0,0,0,0,0,0,0
3,"Environment: 1, AimModifier: 1",29.72078,true,-1.470049,2.407917,1.122347,"(0.0446,0.9728,0.0884,-0.2096)",false,0,0,0,NA,-1,-1,-1,-1,-1,-2,-2,true,-1.727828,2.202702,0.8474822,"(-0.3442,0.8807,0.1080,-0.3070)",0,0,0,0,0,0,0
3,"Environment: 1, AimModifier: 1",29.73429,true,-1.470113,2.407872,1.122321,"(0.0443,0.9727,0.0880,-0.2099)",false,0,0,0,NA,-1,-1,-1,-1,-1,-2,-2,true,-1.727317,2.202751,0.8472847,"(-0.3443,0.8807,0.1077,-0.3069)",0,0,0,0,0,0,0
3,"Environment: 1, AimModifier: 1",29.74809,true,-1.47015,2.407828,1.12231,"(0.0439,0.9727,0.0878,-0.2104)",false,0,0,0,NA,-1,-1,-1,-1,-1,-2,-2,true,-1.727117,2.202719,0.8472422,"(-0.3436,0.8810,0.1078,-0.3070)",0,0,0,0,0,0,0
3,"Environment: 1, AimModifier: 1",29.76186,true,-1.470204,2.407793,1.122298,"(0.0438,0.9726,0.0879,-0.2109)",false,0,0,0,NA,-1,-1,-1,-1,-1,-2,-2,true,-1.726578,2.202827,0.8470944,"(-0.3428,0.8816,0.1076,-0.3060)",0,0,0,0,0,0,0
3,"Environment: 1, AimModifier: 1",29.77579,true,-1.470256,2.407773,1.122282,"(0.0437,0.9725,0.0880,-0.2113)",false,0,0,0,NA,-1,-1,-1,-1,-1,-2,-2,true,-1.726267,2.202892,0.8470038,"(-0.3420,0.8819,0.1080,-0.3059)",0,0,0,0,0,0,0
3,"Environment: 1, AimModifier: 1",29.78985,true,-1.470278,2.407756,1.122273,"(0.0439,0.9724,0.0878,-0.2116)",false,0,0,0,NA,-1,-1,-1,-1,-1,-2,-2,true,-1.726036,2.202855,0.8468628,"(-0.3415,0.8821,0.1077,-0.3062)",0,0,0,0,0,0,0
3,"Environment: 1, AimModifier: 1",29.80369,true,-1.470271,2.407701,1.122182,"(0.0439,0.9724,0.0874,-0.2121)",false,0,0,0,NA,-1,-1,-1,-1,-1,-2,-2,true,-1.725756,2.202806,0.8467079,"(-0.3414,0.8822,0.1071,-0.3062)",0,0,0,0,0,0,0
3,"Environment: 1, AimModifier: 1",29.81765,true,-1.470235,2.407668,1.122072,"(0.0440,0.9723,0.0875,-0.2124)",false,0,0,0,NA,-1,-1,-1,-1,-1,-2,-2,true,-1.725113,2.202805,0.8465971,"(-0.3421,0.8825,0.1063,-0.3048)",0,0,0,0,0,0,0
3,"Environment: 1, AimModifier: 1",29.83171,true,-1.470226,2.407708,1.12199,"(0.0442,0.9722,0.0880,-0.2125)",false,0,0,0,NA,-1,-1,-1,-1,-1,-2,-2,true,-1.724056,2.202953,0.8464996,"(-0.3433,0.8833,0.1051,-0.3013)",0,0,0,0,0,0,0
3,"Environment: 1, AimModifier: 1",29.84594,true,-1.470203,2.407798,1.121905,"(0.0444,0.9721,0.0886,-0.2125)",false,0,0,0,NA,-1,-1,-1,-1,-1,-2,-2,true,-1.723365,2.203197,0.8465633,"(-0.3439,0.8844,0.1043,-0.2980)",0,0,0,0,0,0,0
3,"Environment: 1, AimModifier: 1",29.85978,true,-1.470138,2.40786,1.121819,"(0.0446,0.9721,0.0889,-0.2125)",false,0,0,0,NA,-1,-1,-1,-1,-1,-2,-2,true,-1.722919,2.203508,0.846822,"(-0.3440,0.8848,0.1050,-0.2962)",0,0,0,0,0,0,0
3,"Environment: 1, AimModifier: 1",29.87321,true,-1.470073,2.407943,1.12174,"(0.0447,0.9721,0.0893,-0.2124)",false,0,0,0,NA,-1,-1,-1,-1,-1,-2,-2,true,-1.723339,2.203491,0.8470463,"(-0.3429,0.8842,0.1055,-0.2992)",0,0,0,0,0,0,0
3,"Environment: 1, AimModifier: 1",29.887,true,-1.470016,2.408008,1.121698,"(0.0447,0.9720,0.0897,-0.2124)",false,0,0,0,NA,-1,-1,-1,-1,-1,-2,-2,true,-1.723501,2.203488,0.8472754,"(-0.3422,0.8837,0.1055,-0.3015)",0,0,0,0,0,0,0
3,"Environment: 1, AimModifier: 1",29.90087,true,-1.469917,2.408106,1.121652,"(0.0448,0.9720,0.0900,-0.2125)",false,0,0,0,NA,-1,-1,-1,-1,-1,-2,-2,true,-1.723178,2.203862,0.8480278,"(-0.3410,0.8833,0.1064,-0.3037)",0,0,0,0,0,0,0
3,"Environment: 1, AimModifier: 1",29.91472,true,-1.469809,2.408223,1.121604,"(0.0449,0.9719,0.0903,-0.2125)",false,0,0,0,NA,-1,-1,-1,-1,-1,-2,-2,true,-1.72296,2.204235,0.848303,"(-0.3389,0.8840,0.1072,-0.3038)",0,0,0,0,0,0,0
3,"Environment: 1, AimModifier: 1",29.9285,true,-1.469698,2.408331,1.121601,"(0.0455,0.9719,0.0904,-0.2125)",false,0,0,0,NA,-1,-1,-1,-1,-1,-2,-2,true,-1.722998,2.204274,0.8481486,"(-0.3395,0.8842,0.1070,-0.3025)",0,0,0,0,0,0,0
3,"Environment: 1, AimModifier: 1",29.94254,true,-1.469614,2.408428,1.121641,"(0.0458,0.9719,0.0906,-0.2124)",false,0,0,0,NA,-1,-1,-1,-1,-1,-2,-2,true,-1.722987,2.204367,0.8481848,"(-0.3408,0.8841,0.1068,-0.3013)",0,0,0,0,0,0,0
3,"Environment: 1, AimModifier: 1",29.95635,true,-1.469521,2.408577,1.121694,"(0.0462,0.9718,0.0912,-0.2123)",false,0,0,0,NA,-1,-1,-1,-1,-1,-2,-2,true,-1.722911,2.204679,0.8484716,"(-0.3437,0.8839,0.1058,-0.2989)",0,0,0,0,0,0,0
3,"Environment: 1, AimModifier: 1",29.97006,true,-1.469435,2.408736,1.121713,"(0.0462,0.9718,0.0923,-0.2122)",false,0,0,0,NA,-1,-1,-1,-1,-1,-2,-2,true,-1.723054,2.204741,0.8484479,"(-0.3442,0.8839,0.1053,-0.2986)",0,0,0,0,0,0,0
3,"Environment: 1, AimModifier: 1",29.98423,true,-1.469305,2.408909,1.12177,"(0.0462,0.9718,0.0926,-0.2121)",false,0,0,0,NA,-1,-1,-1,-1,-1,-2,-2,true,-1.723281,2.204672,0.8483066,"(-0.3437,0.8838,0.1053,-0.2996)",0,0,0,0,0,0,0
3,"Environment: 1, AimModifier: 1",29.99824,true,-1.469183,2.409031,1.12188,"(0.0465,0.9719,0.0924,-0.2115)",false,0,0,0,NA,-1,-1,-1,-1,-1,-2,-2,true,-1.723488,2.204667,0.8482342,"(-0.3435,0.8836,0.1054,-0.3002)",0,0,0,0,0,0,0
3,"Environment: 1, AimModifier: 1",30.01184,true,-1.469051,2.409027,1.121952,"(0.0463,0.9720,0.0926,-0.2109)",false,0,0,0,NA,-1,-1,-1,-1,-1,-2,-2,true,-1.723802,2.204794,0.8483163,"(-0.3434,0.8834,0.1050,-0.3011)",0.004151344,0,0,0,0,0,0
3,"Environment: 1, AimModifier: 1",30.02577,true,-1.468877,2.408942,1.122081,"(0.0458,0.9721,0.0923,-0.2105)",false,0,0,0,NA,-1,-1,-1,-1,-1,-2,-2,true,-1.724129,2.204898,0.8484446,"(-0.3432,0.8831,0.1048,-0.3022)",0.04078138,0,0,0,0,0,0
3,"Environment: 1, AimModifier: 1",30.03942,true,-1.468698,2.40881,1.122292,"(0.0448,0.9723,0.0917,-0.2100)",false,0,0,0,NA,-1,-1,-1,-1,-1,-2,-2,true,-1.724285,2.20512,0.848772,"(-0.3435,0.8828,0.1063,-0.3022)",0.3213675,0,0,0,0,0,0
3,"Environment: 1, AimModifier: 1",30.05508,true,-1.468563,2.408666,1.122454,"(0.0443,0.9725,0.0919,-0.2093)",false,0,0,0,NA,-1,-1,-1,-1,-1,-2,-2,true,-1.724511,2.205787,0.8490425,"(-0.3428,0.8840,0.1090,-0.2987)",0.745055,0,0,0,0,0,0
3,"Environment: 1, AimModifier: 1",30.06701,true,-1.468459,2.408597,1.122611,"(0.0443,0.9726,0.0919,-0.2087)",false,0,0,0,NA,-1,-1,-1,-1,-1,-2,-2,true,-1.724587,2.206241,0.8492477,"(-0.3432,0.8846,0.1103,-0.2960)",1,0,0,0,0,0,0
3,"Environment: 1, AimModifier: 1",30.08077,true,-1.468344,2.408688,1.122834,"(0.0443,0.9728,0.0917,-0.2082)",false,0,0,0,NA,-1,-1,-1,-1,-1,-2,-2,true,-1.724845,2.2064,0.8496159,"(-0.3456,0.8837,0.1108,-0.2955)",1,0,0,0,0,0,0
3,"Environment: 1, AimModifier: 1",30.09439,true,-1.468283,2.408757,1.122983,"(0.0445,0.9729,0.0924,-0.2074)",false,0,0,0,NA,-1,-1,-1,-1,-1,-2,-2,true,-1.725219,2.206628,0.8501663,"(-0.3483,0.8825,0.1115,-0.2958)",1,0,0,0,0,0,0
3,"Environment: 1, AimModifier: 1",30.10843,true,-1.468209,2.408825,1.123055,"(0.0448,0.9730,0.0927,-0.2066)",false,0,0,0,NA,-1,-1,-1,-1,-1,-2,-2,true,-1.725553,2.207101,0.8509516,"(-0.3492,0.8813,0.1135,-0.2975)",1,0,0,0,0,0,0
3,"Environment: 1, AimModifier: 1",30.12242,true,-1.46807,2.408943,1.123216,"(0.0452,0.9732,0.0929,-0.2056)",false,0,0,0,NA,-1,-1,-1,-1,-1,-2,-2,true,-1.7257,2.207721,0.8517275,"(-0.3485,0.8806,0.1162,-0.2992)",1,0,0,0,0,0,0
3,"Environment: 1, AimModifier: 1",30.13629,true,-1.467997,2.40891,1.123259,"(0.0455,0.9734,0.0928,-0.2044)",false,0,0,0,NA,-1,-1,-1,-1,-1,-2,-2,true,-1.725714,2.208274,0.852396,"(-0.3476,0.8803,0.1183,-0.3004)",1,0,0,0,0,0,0
3,"Environment: 1, AimModifier: 1",30.15013,true,-1.467848,2.408797,1.123352,"(0.0445,0.9738,0.0920,-0.2033)",false,0,0,0,NA,-1,-1,-1,-1,-1,-2,-2,true,-1.725441,2.208869,0.8530973,"(-0.3469,0.8804,0.1198,-0.3003)",1,0,0,0,0,0,0
3,"Environment: 1, AimModifier: 1",30.16433,true,-1.467701,2.408787,1.12346,"(0.0446,0.9739,0.0921,-0.2024)",false,0,0,0,NA,-1,-1,-1,-1,-1,-2,-2,true,-1.725131,2.209431,0.8537309,"(-0.3468,0.8805,0.1211,-0.2996)",1,0,0,0,0,0,0
3,"Environment: 1, AimModifier: 1",30.17835,true,-1.467581,2.40892,1.123526,"(0.0447,0.9741,0.0926,-0.2014)",false,0,0,0,NA,-1,-1,-1,-1,-1,-2,-2,true,-1.72475,2.21002,0.8545735,"(-0.3467,0.8802,0.1239,-0.2995)",0.9382173,0,0,0,0,0,0
3,"Environment: 1, AimModifier: 1",30.19208,true,-1.467481,2.409176,1.123555,"(0.0449,0.9741,0.0944,-0.2005)",false,0,0,0,NA,-1,-1,-1,-1,-1,-2,-2,true,-1.724397,2.210543,0.8550847,"(-0.3462,0.8805,0.1249,-0.2987)",0.8737485,0,0,0,0,0,0
3,"Environment: 1, AimModifier: 1",30.2059,true,-1.467421,2.409341,1.123362,"(0.0454,0.9741,0.0966,-0.1995)",false,0,0,0,NA,-1,-1,-1,-1,-1,-2,-2,true,-1.724107,2.210887,0.8555211,"(-0.3458,0.8806,0.1254,-0.2989)",0.6488401,0,0,0,0,0,0
3,"Environment: 1, AimModifier: 1",30.21979,true,-1.467314,2.409512,1.123293,"(0.0454,0.9741,0.0975,-0.1988)",false,0,0,0,NA,-1,-1,-1,-1,-1,-2,-2,true,-1.724019,2.210869,0.8555203,"(-0.3455,0.8807,0.1246,-0.2991)",0.2454212,0,0,0,0,0,0
3,"Environment: 1, AimModifier: 1",30.23327,true,-1.467191,2.409565,1.12328,"(0.0453,0.9743,0.0970,-0.1982)",false,0,0,0,NA,-1,-1,-1,-1,-1,-2,-2,true,-1.723779,2.211127,0.8558571,"(-0.3451,0.8807,0.1247,-0.2995)",0.1345543,0,0,0,0,0,0
3,"Environment: 1, AimModifier: 1",30.24749,true,-1.467093,2.409656,1.123324,"(0.0454,0.9744,0.0975,-0.1973)",false,0,0,0,NA,-1,-1,-1,-1,-1,-2,-2,true,-1.723713,2.211226,0.8559768,"(-0.3450,0.8807,0.1250,-0.2995)",0.1345543,0,0,0,0,0,0
3,"Environment: 1, AimModifier: 1",30.26108,true,-1.466983,2.409676,1.12339,"(0.0450,0.9747,0.0971,-0.1964)",false,0,0,0,NA,-1,-1,-1,-1,-1,-2,-2,true,-1.723453,2.211682,0.8564683,"(-0.3442,0.8809,0.1263,-0.2994)",0.1345543,0,0,0,0,0,0
3,"Environment: 1, AimModifier: 1",30.27451,true,-1.466887,2.409779,1.123432,"(0.0450,0.9748,0.0975,-0.1956)",false,0,0,0,NA,-1,-1,-1,-1,-1,-2,-2,true,-1.723453,2.211682,0.8564683,"(-0.3442,0.8809,0.1263,-0.2994)",0.1345543,0,0,0,0,0,0
3,"Environment: 1, AimModifier: 1",30.28901,true,-1.46679,2.409882,1.123475,"(0.0450,0.9749,0.0979,-0.1948)",false,0,0,0,NA,-1,-1,-1,-1,-1,-2,-2,true,-1.723453,2.211682,0.8564683,"(-0.3442,0.8809,0.1263,-0.2994)",0.02124536,0,0,0,0,0,0
3,"Environment: 1, AimModifier: 1",30.30303,true,-1.466566,2.409586,1.123369,"(0.0451,0.9750,0.0979,-0.1944)",false,0,0,0,NA,-1,-1,-1,-1,-1,-2,-2,true,-1.721684,2.21473,0.8590307,"(-0.3334,0.8827,0.1390,-0.3006)",0,0,0,0,0,0,0
3,"Environment: 1, AimModifier: 1",30.31688,true,-1.4664,2.409748,1.123246,"(0.0457,0.9751,0.0989,-0.1932)",false,0,0,0,NA,-1,-1,-1,-1,-1,-2,-2,true,-1.721341,2.21532,0.8593679,"(-0.3343,0.8827,0.1412,-0.2985)",0,0,0,0,0,0,0
3,"Environment: 1, AimModifier: 1",30.33031,true,-1.466305,2.409935,1.1231,"(0.0468,0.9752,0.1000,-0.1917)",false,0,0,0,NA,-1,-1,-1,-1,-1,-2,-2,true,-1.720848,2.215907,0.8597016,"(-0.3348,0.8830,0.1429,-0.2964)",0,0,0,0,0,0,0
3,"Environment: 1, AimModifier: 1",30.34453,true,-1.466173,2.410076,1.122986,"(0.0477,0.9754,0.1002,-0.1907)",false,0,0,0,NA,-1,-1,-1,-1,-1,-2,-2,true,-1.720071,2.216569,0.8600411,"(-0.3348,0.8836,0.1447,-0.2937)",0,0,0,0,0,0,0
3,"Environment: 1, AimModifier: 1",30.3586,true,-1.465992,2.410122,1.122916,"(0.0479,0.9757,0.0996,-0.1892)",false,0,0,0,NA,-1,-1,-1,-1,-1,-2,-2,true,-1.719057,2.21724,0.8604773,"(-0.3346,0.8841,0.1462,-0.2915)",0,0,0,0,0,0,0
3,"Environment: 1, AimModifier: 1",30.37204,true,-1.465686,2.410188,1.122885,"(0.0481,0.9761,0.0992,-0.1874)",false,0,0,0,NA,-1,-1,-1,-1,-1,-2,-2,true,-1.717726,2.217921,0.8609414,"(-0.3334,0.8850,0.1478,-0.2896)",0,0,0,0,0,0,0
3,"Environment: 1, AimModifier: 1",30.3863,true,-1.465375,2.410281,1.122737,"(0.0486,0.9764,0.1005,-0.1849)",false,0,0,0,NA,-1,-1,-1,-1,-1,-2,-2,true,-1.716012,2.218644,0.8614088,"(-0.3311,0.8860,0.1500,-0.2878)",0,0,0,0,0,0,0
3,"Environment: 1, AimModifier: 1",30.40011,true,-1.464818,2.410374,1.122542,"(0.0493,0.9768,0.1011,-0.1824)",false,0,0,0,NA,-1,-1,-1,-1,-1,-2,-2,true,-1.713768,2.219313,0.8618079,"(-0.3283,0.8874,0.1522,-0.2854)",0,0,0,0,0,0,0
3,"Environment: 1, AimModifier: 1",30.41409,true,-1.464288,2.410739,1.122343,"(0.0503,0.9773,0.1012,-0.1793)",false,0,0,0,NA,-1,-1,-1,-1,-1,-2,-2,true,-1.710757,2.219822,0.8619955,"(-0.3259,0.8894,0.1529,-0.2817)",0,0,0,0,0,0,0
3,"Environment: 1, AimModifier: 1",30.428,true,-1.463853,2.410528,1.121858,"(0.0510,0.9779,0.1024,-0.1751)",false,0,0,0,NA,-1,-1,-1,-1,-1,-2,-2,true,-1.706822,2.220251,0.8619946,"(-0.3229,0.8916,0.1533,-0.2779)",0,0,0,0,0,0,0
3,"Environment: 1, AimModifier: 1",30.44197,true,-1.463104,2.410651,1.121783,"(0.0515,0.9788,0.1018,-0.1703)",false,0,0,0,NA,-1,-1,-1,-1,-1,-2,-2,true,-1.701697,2.220525,0.8616009,"(-0.3195,0.8950,0.1521,-0.2716)",0,0,0,0,0,0,0
3,"Environment: 1, AimModifier: 1",30.45599,true,-1.462353,2.41078,1.121382,"(0.0530,0.9796,0.1017,-0.1653)",false,0,0,0,NA,-1,-1,-1,-1,-1,-2,-2,true,-1.69521,2.220793,0.8609244,"(-0.3141,0.8996,0.1512,-0.2631)",0,0,0,0,0,0,0
3,"Environment: 1, AimModifier: 1",30.46962,true,-1.46165,2.410966,1.120874,"(0.0543,0.9804,0.1021,-0.1592)",false,0,0,0,NA,-1,-1,-1,-1,-1,-2,-2,true,-1.687199,2.220998,0.8599515,"(-0.3062,0.9057,0.1503,-0.2516)",0,0,0,0,0,0,0
3,"Environment: 1, AimModifier: 1",30.48379,true,-1.460773,2.411217,1.120613,"(0.0556,0.9814,0.1024,-0.1523)",false,0,0,0,NA,-1,-1,-1,-1,-1,-2,-2,true,-1.677708,2.220995,0.8588183,"(-0.2960,0.9132,0.1490,-0.2371)",0,0,0,0,0,0,0
3,"Environment: 1, AimModifier: 1",30.4978,true,-1.459946,2.411462,1.120053,"(0.0571,0.9823,0.1037,-0.1453)",false,0,0,0,NA,-1,-1,-1,-1,-1,-2,-2,true,-1.66753,2.220676,0.8575588,"(-0.2851,0.9209,0.1469,-0.2214)",0,0,0,0,0,0,0
3,"Environment: 1, AimModifier: 1",30.51145,true,-1.459081,2.411926,1.119734,"(0.0594,0.9830,0.1061,-0.1374)",false,0,0,0,NA,-1,-1,-1,-1,-1,-2,-2,true,-1.655692,2.219838,0.8560265,"(-0.2712,0.9296,0.1440,-0.2037)",0,0,0,0,0,0,0
3,"Environment: 1, AimModifier: 1",30.5256,true,-1.458232,2.413102,1.119215,"(0.0638,0.9834,0.1093,-0.1302)",false,0,0,0,NA,-1,-1,-1,-1,-1,-2,-2,true,-1.643545,2.21862,0.8544948,"(-0.2564,0.9385,0.1391,-0.1849)",0,0,0,0,0,0,0
3,"Environment: 1, AimModifier: 1",30.53962,true,-1.457904,2.414318,1.118873,"(0.0693,0.9829,0.1165,-0.1247)",false,0,0,0,NA,-1,-1,-1,-1,-1,-2,-2,true,-1.629849,2.21657,0.8531614,"(-0.2403,0.9475,0.1337,-0.1634)",0,0,0,0,0,0,0
3,"Environment: 1, AimModifier: 1",30.55333,true,-1.457629,2.415267,1.118667,"(0.0743,0.9821,0.1231,-0.1218)",false,0,0,0,NA,-1,-1,-1,-1,-1,-2,-2,true,-1.616709,2.214199,0.8526429,"(-0.2271,0.9542,0.1298,-0.1452)",0,0,0,0,0,0,0
3,"Environment: 1, AimModifier: 1",30.56706,true,-1.457491,2.415684,1.118779,"(0.0780,0.9813,0.1282,-0.1204)",false,0,0,0,NA,-1,-1,-1,-1,-1,-2,-2,true,-1.603519,2.211402,0.852669,"(-0.2151,0.9597,0.1268,-0.1291)",0,0,0,0,0,0,0
3,"Environment: 1, AimModifier: 1",30.58108,true,-1.457284,2.415862,1.118952,"(0.0800,0.9810,0.1300,-0.1195)",false,0,0,0,NA,-1,-1,-1,-1,-1,-2,-2,true,-1.590606,2.208458,0.8530444,"(-0.2051,0.9640,0.1245,-0.1145)",0,0,0,0,0,0,0
3,"Environment: 1, AimModifier: 1",30.59476,true,-1.457003,2.415739,1.118924,"(0.0814,0.9807,0.1321,-0.1189)",false,0,0,0,NA,-1,-1,-1,-1,-1,-2,-2,true,-1.577925,2.205896,0.8536676,"(-0.1921,0.9687,0.1239,-0.0970)",0,0,0,0,0,0,0
3,"Environment: 1, AimModifier: 1",30.60878,true,-1.456794,2.415733,1.118652,"(0.0821,0.9805,0.1347,-0.1175)",false,0,0,0,NA,-1,-1,-1,-1,-1,-2,-2,true,-1.565691,2.203532,0.8543308,"(-0.1754,0.9733,0.1240,-0.0815)",0,0,0,0,0,0,0
3,"Environment: 1, AimModifier: 1",30.62288,true,-1.456566,2.415672,1.118477,"(0.0810,0.9805,0.1363,-0.1160)",false,0,0,0,NA,-1,-1,-1,-1,-1,-2,-2,true,-1.554086,2.201215,0.8550924,"(-0.1547,0.9777,0.1245,-0.0688)",0,0,0,0,0,0,0
3,"Environment: 1, AimModifier: 1",30.63684,true,-1.456352,2.415715,1.11836,"(0.0804,0.9807,0.1369,-0.1141)",false,0,0,0,NA,-1,-1,-1,-1,-1,-2,-2,true,-1.543595,2.19904,0.8557204,"(-0.1353,0.9809,0.1260,-0.0599)",0,0,0,0,0,0,0
3,"Environment: 1, AimModifier: 1",30.65052,true,-1.456133,2.415888,1.11825,"(0.0783,0.9812,0.1367,-0.1116)",false,0,0,0,NA,-1,-1,-1,-1,-1,-2,-2,true,-1.534528,2.197233,0.855805,"(-0.1185,0.9836,0.1267,-0.0504)",0,0,0,0,0,0,0
3,"Environment: 1, AimModifier: 1",30.66464,true,-1.455956,2.415439,1.118077,"(0.0760,0.9820,0.1348,-0.1086)",false,0,0,0,NA,-1,-1,-1,-1,-1,-2,-2,true,-1.527372,2.195962,0.8555971,"(-0.1079,0.9849,0.1282,-0.0439)",0,0,0,0,0,0,0
3,"Environment: 1, AimModifier: 1",30.67846,true,-1.45566,2.414619,1.117611,"(0.0734,0.9827,0.1334,-0.1054)",false,0,0,0,NA,-1,-1,-1,-1,-1,-2,-2,true,-1.522072,2.195153,0.8552607,"(-0.1057,0.9850,0.1302,-0.0406)",0,0,0,0,0,0,0
3,"Environment: 1, AimModifier: 1",30.69207,true,-1.455355,2.414425,1.117311,"(0.0711,0.9834,0.1323,-0.1018)",false,0,0,0,NA,-1,-1,-1,-1,-1,-2,-2,true,-1.517807,2.194454,0.8543317,"(-0.1058,0.9852,0.1287,-0.0398)",0,0,0,0,0,0,0
3,"Environment: 1, AimModifier: 1",30.7061,true,-1.455183,2.4141,1.11693,"(0.0682,0.9841,0.1315,-0.0984)",false,0,0,0,NA,-1,-1,-1,-1,-1,-2,-2,true,-1.513493,2.193678,0.8530176,"(-0.1052,0.9859,0.1249,-0.0376)",0,0,0,0,0,0,0
3,"Environment: 1, AimModifier: 1",30.71994,true,-1.454752,2.414087,1.116473,"(0.0658,0.9848,0.1295,-0.0956)",false,0,0,0,NA,-1,-1,-1,-1,-1,-2,-2,true,-1.5101,2.193022,0.8510653,"(-0.1059,0.9866,0.1193,-0.0345)",0,0,0,0,0,0,0
3,"Environment: 1, AimModifier: 1",30.73384,true,-1.454464,2.413673,1.115958,"(0.0635,0.9853,0.1289,-0.0925)",false,0,0,0,NA,-1,-1,-1,-1,-1,-2,-2,true,-1.50704,2.192633,0.8492097,"(-0.1070,0.9872,0.1145,-0.0297)",0,0,0,0,0,0,0
3,"Environment: 1, AimModifier: 1",30.74752,true,-1.454115,2.413526,1.115672,"(0.0608,0.9861,0.1265,-0.0894)",false,0,0,0,NA,-1,-1,-1,-1,-1,-2,-2,true,-1.50461,2.192498,0.8475618,"(-0.1085,0.9878,0.1091,-0.0251)",0,0,0,0,0,0,0
3,"Environment: 1, AimModifier: 1",30.76144,true,-1.453881,2.413474,1.115201,"(0.0587,0.9866,0.1249,-0.0866)",false,0,0,0,NA,-1,-1,-1,-1,-1,-2,-2,true,-1.502155,2.192345,0.8461434,"(-0.1091,0.9884,0.1037,-0.0219)",0,0,0,0,0,0,0
3,"Environment: 1, AimModifier: 1",30.77529,true,-1.453461,2.413327,1.11466,"(0.0568,0.9870,0.1247,-0.0845)",false,0,0,0,NA,-1,-1,-1,-1,-1,-2,-2,true,-1.499876,2.19225,0.8448672,"(-0.1078,0.9889,0.1000,-0.0200)",0,0,0,0,0,0,0
3,"Environment: 1, AimModifier: 1",30.78928,true,-1.453161,2.413018,1.114327,"(0.0551,0.9873,0.1239,-0.0823)",false,0,0,0,NA,-1,-1,-1,-1,-1,-2,-2,true,-1.497647,2.192231,0.8437864,"(-0.1030,0.9897,0.0979,-0.0177)",0,0,0,0,0,0,0
3,"Environment: 1, AimModifier: 1",30.80307,true,-1.452654,2.412578,1.114141,"(0.0536,0.9878,0.1221,-0.0803)",false,0,0,0,NA,-1,-1,-1,-1,-1,-2,-2,true,-1.495747,2.192306,0.8429103,"(-0.0978,0.9903,0.0971,-0.0158)",0,0,0,0,0,0,0
3,"Environment: 1, AimModifier: 1",30.81714,true,-1.452138,2.412147,1.11371,"(0.0522,0.9883,0.1203,-0.0781)",false,0,0,0,NA,-1,-1,-1,-1,-1,-2,-2,true,-1.494214,2.192473,0.8423842,"(-0.0953,0.9906,0.0967,-0.0152)",0,0,0,0,0,0,0
3,"Environment: 1, AimModifier: 1",30.83103,true,-1.451698,2.411917,1.113189,"(0.0504,0.9887,0.1194,-0.0758)",false,0,0,0,NA,-1,-1,-1,-1,-1,-2,-2,true,-1.493583,2.192883,0.8421534,"(-0.0966,0.9904,0.0979,-0.0167)",0,0,0,0,0,0,0
3,"Environment: 1, AimModifier: 1",30.84507,true,-1.451161,2.411786,1.112673,"(0.0492,0.9890,0.1188,-0.0735)",false,0,0,0,NA,-1,-1,-1,-1,-1,-2,-2,true,-1.493335,2.193369,0.8419936,"(-0.0992,0.9899,0.0992,-0.0187)",0,0,0,0,0,0,0
3,"Environment: 1, AimModifier: 1",30.85894,true,-1.450611,2.411451,1.11216,"(0.0479,0.9893,0.1181,-0.0710)",false,0,0,0,NA,-1,-1,-1,-1,-1,-2,-2,true,-1.494016,2.193694,0.8421295,"(-0.1018,0.9896,0.0997,-0.0195)",0,0,0,0,0,0,0
3,"Environment: 1, AimModifier: 1",30.87284,true,-1.450019,2.411082,1.111771,"(0.0464,0.9897,0.1166,-0.0686)",false,0,0,0,NA,-1,-1,-1,-1,-1,-2,-2,true,-1.493411,2.194057,0.8419226,"(-0.1035,0.9895,0.0994,-0.0183)",0,0,0,0,0,0,0
3,"Environment: 1, AimModifier: 1",30.88683,true,-1.449454,2.410741,1.111317,"(0.0449,0.9903,0.1143,-0.0657)",false,0,0,0,NA,-1,-1,-1,-1,-1,-2,-2,true,-1.49281,2.194385,0.8419128,"(-0.1041,0.9894,0.1000,-0.0167)",0,0,0,0,0,0,0
3,"Environment: 1, AimModifier: 1",30.90078,true,-1.448926,2.410315,1.110875,"(0.0437,0.9907,0.1123,-0.0626)",false,0,0,0,NA,-1,-1,-1,-1,-1,-2,-2,true,-1.492183,2.194697,0.8419797,"(-0.1036,0.9894,0.1007,-0.0148)",0,0,0,0,0,0,0
3,"Environment: 1, AimModifier: 1",30.91457,true,-1.448398,2.409999,1.110328,"(0.0428,0.9910,0.1115,-0.0599)",false,0,0,0,NA,-1,-1,-1,-1,-1,-2,-2,true,-1.492197,2.194829,0.8421148,"(-0.1028,0.9894,0.1014,-0.0143)",0,0,0,0,0,0,0
3,"Environment: 1, AimModifier: 1",30.9284,true,-1.44794,2.409909,1.109786,"(0.0421,0.9913,0.1108,-0.0572)",false,0,0,0,NA,-1,-1,-1,-1,-1,-2,-2,true,-1.492655,2.194808,0.842209,"(-0.1029,0.9893,0.1019,-0.0152)",0,0,0,0,0,0,0
3,"Environment: 1, AimModifier: 1",30.94234,true,-1.447413,2.409495,1.109265,"(0.0414,0.9915,0.1103,-0.0550)",false,0,0,0,NA,-1,-1,-1,-1,-1,-2,-2,true,-1.492933,2.194775,0.842223,"(-0.1029,0.9893,0.1021,-0.0162)",0,0,0,0,0,0,0
3,"Environment: 1, AimModifier: 1",30.95645,true,-1.44693,2.408978,1.109061,"(0.0404,0.9919,0.1085,-0.0525)",false,0,0,0,NA,-1,-1,-1,-1,-1,-2,-2,true,-1.492884,2.194884,0.8421905,"(-0.1029,0.9892,0.1027,-0.0168)",0,0,0,0,0,0,0
3,"Environment: 1, AimModifier: 1",30.9701,true,-1.446542,2.408361,1.108742,"(0.0386,0.9924,0.1059,-0.0499)",false,0,0,0,NA,-1,-1,-1,-1,-1,-2,-2,true,-1.492937,2.194882,0.8421433,"(-0.1027,0.9892,0.1029,-0.0174)",0,0,0,0,0,0,0
3,"Environment: 1, AimModifier: 1",30.98435,true,-1.445917,2.407734,1.108449,"(0.0372,0.9928,0.1032,-0.0477)",false,0,0,0,NA,-1,-1,-1,-1,-1,-2,-2,true,-1.493149,2.194797,0.8422457,"(-0.1025,0.9892,0.1031,-0.0180)",0,0,0,0,0,0,0
3,"Environment: 1, AimModifier: 1",30.99821,true,-1.445459,2.407413,1.108061,"(0.0359,0.9932,0.1010,-0.0447)",false,0,0,0,NA,-1,-1,-1,-1,-1,-2,-2,true,-1.493335,2.19468,0.8423149,"(-0.1026,0.9892,0.1028,-0.0183)",0,0,0,0,0,0,0
3,"Environment: 1, AimModifier: 1",31.01194,true,-1.44502,2.407046,1.107741,"(0.0350,0.9935,0.0998,-0.0417)",false,0,0,0,NA,-1,-1,-1,-1,-1,-2,-2,true,-1.493638,2.194371,0.842286,"(-0.1032,0.9892,0.1022,-0.0188)",0,0,0,0,0,0,0
3,"Environment: 1, AimModifier: 1",31.028,true,-1.444526,2.406779,1.107514,"(0.0338,0.9938,0.0981,-0.0391)",false,0,0,0,NA,-1,-1,-1,-1,-1,-2,-2,true,-1.493817,2.194067,0.8422379,"(-0.1036,0.9892,0.1019,-0.0190)",0,0,0,0,0,0,0
3,"Environment: 1, AimModifier: 1",31.04177,true,-1.444114,2.406487,1.107269,"(0.0327,0.9941,0.0965,-0.0362)",false,0,0,0,NA,-1,-1,-1,-1,-1,-2,-2,true,-1.493939,2.193753,0.8422596,"(-0.1034,0.9892,0.1017,-0.0192)",0,0,0,0,0,0,0
3,"Environment: 1, AimModifier: 1",31.05504,true,-1.443712,2.40624,1.10701,"(0.0318,0.9944,0.0955,-0.0334)",false,0,0,0,NA,-1,-1,-1,-1,-1,-2,-2,true,-1.494116,2.193278,0.8423072,"(-0.1028,0.9893,0.1013,-0.0200)",0,0,0,0,0,0,0
3,"Environment: 1, AimModifier: 1",31.06841,true,-1.443245,2.405793,1.106679,"(0.0307,0.9945,0.0957,-0.0308)",false,0,0,0,NA,-1,-1,-1,-1,-1,-2,-2,true,-1.494237,2.192885,0.8423645,"(-0.1022,0.9894,0.1009,-0.0206)",0,0,0,0,0,0,0
3,"Environment: 1, AimModifier: 1",31.08227,true,-1.442811,2.405744,1.106637,"(0.0299,0.9947,0.0946,-0.0280)",false,0,0,0,NA,-1,-1,-1,-1,-1,-2,-2,true,-1.49432,2.192545,0.842388,"(-0.1021,0.9895,0.1006,-0.0210)",0,0,0,0,0,0,0
3,"Environment: 1, AimModifier: 1",31.09597,true,-1.442396,2.405314,1.106626,"(0.0292,0.9949,0.0929,-0.0254)",false,0,0,0,NA,-1,-1,-1,-1,-1,-2,-2,true,-1.494379,2.192334,0.8423955,"(-0.1022,0.9895,0.1005,-0.0210)",0,0,0,0,0,0,0
3,"Environment: 1, AimModifier: 1",31.10931,true,-1.442101,2.405008,1.10656,"(0.0287,0.9951,0.0920,-0.0231)",false,0,0,0,NA,-1,-1,-1,-1,-1,-2,-2,true,-1.494486,2.192088,0.8424695,"(-0.1023,0.9895,0.1004,-0.0213)",0,0,0,0,0,0,0
3,"Environment: 1, AimModifier: 1",31.12325,true,-1.44171,2.404785,1.106549,"(0.0279,0.9952,0.0911,-0.0210)",false,0,0,0,NA,-1,-1,-1,-1,-1,-2,-2,true,-1.494637,2.191812,0.8425487,"(-0.1025,0.9894,0.1002,-0.0217)",0,0,0,0,0,0,0
3,"Environment: 1, AimModifier: 1",31.13713,true,-1.441393,2.40475,1.106502,"(0.0271,0.9954,0.0902,-0.0186)",false,0,0,0,NA,-1,-1,-1,-1,-1,-2,-2,true,-1.494787,2.191599,0.8426178,"(-0.1029,0.9894,0.0999,-0.0220)",0,0,0,0,0,0,0
3,"Environment: 1, AimModifier: 1",31.15078,true,-1.441131,2.404654,1.106381,"(0.0262,0.9955,0.0898,-0.0164)",false,0,0,0,NA,-1,-1,-1,-1,-1,-2,-2,true,-1.494871,2.191471,0.8425984,"(-0.1031,0.9894,0.0998,-0.0220)",0,0,0,0,0,0,0
3,"Environment: 1, AimModifier: 1",31.16489,true,-1.440943,2.404831,1.106311,"(0.0257,0.9955,0.0897,-0.0142)",false,0,0,0,NA,-1,-1,-1,-1,-1,-2,-2,true,-1.49494,2.191293,0.8425476,"(-0.1031,0.9894,0.0996,-0.0222)",0,0,0,0,0,0,0
3,"Environment: 1, AimModifier: 1",31.17877,true,-1.440662,2.404933,1.106275,"(0.0249,0.9955,0.0903,-0.0131)",false,0,0,0,NA,-1,-1,-1,-1,-1,-2,-2,true,-1.494973,2.191052,0.8425329,"(-0.1026,0.9895,0.0993,-0.0224)",0,0,0,0,0,0,0
3,"Environment: 1, AimModifier: 1",31.19237,true,-1.440402,2.40472,1.106205,"(0.0245,0.9955,0.0910,-0.0114)",false,0,0,0,NA,-1,-1,-1,-1,-1,-2,-2,true,-1.494974,2.190871,0.842522,"(-0.1020,0.9896,0.0990,-0.0227)",0,0,0,0,0,0,0
3,"Environment: 1, AimModifier: 1",31.20578,true,-1.440324,2.404777,1.106299,"(0.0235,0.9955,0.0909,-0.0101)",false,0,0,0,NA,-1,-1,-1,-1,-1,-2,-2,true,-1.494997,2.19084,0.8425384,"(-0.1020,0.9896,0.0990,-0.0229)",0,0,0,0,0,0,0
3,"Environment: 1, AimModifier: 1",31.21968,true,-1.440297,2.404776,1.106481,"(0.0230,0.9956,0.0908,-0.0092)",false,0,0,0,NA,-1,-1,-1,-1,-1,-2,-2,true,-1.495115,2.190749,0.8424125,"(-0.1021,0.9896,0.0989,-0.0233)",0,0,0,0,0,0,0
3,"Environment: 1, AimModifier: 1",31.23327,true,-1.440255,2.404752,1.106593,"(0.0225,0.9956,0.0906,-0.0080)",false,0,0,0,NA,-1,-1,-1,-1,-1,-2,-2,true,-1.495187,2.190709,0.8423336,"(-0.1022,0.9896,0.0987,-0.0235)",0,0,0,0,0,0,0
3,"Environment: 1, AimModifier: 1",31.24693,true,-1.440168,2.40474,1.106682,"(0.0220,0.9956,0.0905,-0.0069)",false,0,0,0,NA,-1,-1,-1,-1,-1,-2,-2,true,-1.49521,2.190712,0.8423267,"(-0.1022,0.9896,0.0986,-0.0236)",0,0,0,0,0,0,0
3,"Environment: 1, AimModifier: 1",31.26072,true,-1.440196,2.40478,1.106871,"(0.0211,0.9956,0.0908,-0.0063)",false,0,0,0,NA,-1,-1,-1,-1,-1,-2,-2,true,-1.495259,2.190771,0.8423852,"(-0.1021,0.9896,0.0986,-0.0234)",0,0,0,0,0,0,0
3,"Environment: 1, AimModifier: 1",31.27453,true,-1.440158,2.404786,1.106984,"(0.0206,0.9956,0.0909,-0.0053)",false,0,0,0,NA,-1,-1,-1,-1,-1,-2,-2,true,-1.495305,2.19082,0.8423716,"(-0.1020,0.9896,0.0987,-0.0232)",0,0,0,0,0,0,0
3,"Environment: 1, AimModifier: 1",31.28999,true,-1.440111,2.404805,1.107089,"(0.0201,0.9956,0.0910,-0.0044)",false,0,0,0,NA,-1,-1,-1,-1,-1,-2,-2,true,-1.495324,2.190828,0.8423574,"(-0.1020,0.9896,0.0986,-0.0232)",0,0,0,0,0,0,0
3,"Environment: 1, AimModifier: 1",31.30268,true,-1.440149,2.404736,1.107216,"(0.0199,0.9956,0.0910,-0.0039)",false,0,0,0,NA,-1,-1,-1,-1,-1,-2,-2,true,-1.495622,2.190952,0.8421492,"(-0.1021,0.9896,0.0985,-0.0239)",0,0,0,0,0,0,0
3,"Environment: 1, AimModifier: 1",31.31628,true,-1.440129,2.404675,1.107347,"(0.0193,0.9957,0.0902,-0.0032)",false,0,0,0,NA,-1,-1,-1,-1,-1,-2,-2,true,-1.495738,2.191057,0.8421521,"(-0.1022,0.9896,0.0986,-0.0242)",0,0,0,0,0,0,0
3,"Environment: 1, AimModifier: 1",31.33001,true,-1.440102,2.404625,1.107453,"(0.0187,0.9957,0.0902,-0.0026)",false,0,0,0,NA,-1,-1,-1,-1,-1,-2,-2,true,-1.495803,2.19113,0.8421645,"(-0.1022,0.9896,0.0987,-0.0243)",0,0,0,0,0,0,0
3,"Environment: 1, AimModifier: 1",31.34427,true,-1.440081,2.404595,1.10754,"(0.0187,0.9958,0.0900,-0.0019)",false,0,0,0,NA,-1,-1,-1,-1,-1,-2,-2,true,-1.495883,2.191159,0.8421205,"(-0.1022,0.9896,0.0987,-0.0244)",0,0,0,0,0,0,0
3,"Environment: 1, AimModifier: 1",31.35799,true,-1.44009,2.40462,1.107586,"(0.0184,0.9958,0.0902,-0.0015)",false,0,0,0,NA,-1,-1,-1,-1,-1,-2,-2,true,-1.496069,2.191154,0.8419592,"(-0.1026,0.9895,0.0984,-0.0246)",0,0,0,0,0,0,0
3,"Environment: 1, AimModifier: 1",31.37163,true,-1.440141,2.404687,1.1076,"(0.0184,0.9957,0.0910,-0.0013)",false,0,0,0,NA,-1,-1,-1,-1,-1,-2,-2,true,-1.49631,2.191146,0.8418019,"(-0.1036,0.9895,0.0979,-0.0247)",0,0,0,0,0,0,0
3,"Environment: 1, AimModifier: 1",31.38574,true,-1.440214,2.40473,1.107582,"(0.0182,0.9957,0.0913,-0.0013)",false,0,0,0,NA,-1,-1,-1,-1,-1,-2,-2,true,-1.496502,2.191171,0.841722,"(-0.1043,0.9894,0.0976,-0.0250)",0,0,0,0,0,0,0
3,"Environment: 1, AimModifier: 1",31.39956,true,-1.440279,2.404749,1.107597,"(0.0176,0.9957,0.0911,-0.0014)",false,0,0,0,NA,-1,-1,-1,-1,-1,-2,-2,true,-1.496555,2.191195,0.8417211,"(-0.1041,0.9894,0.0976,-0.0252)",0,0,0,0,0,0,0
3,"Environment: 1, AimModifier: 1",31.41343,true,-1.440351,2.404787,1.107596,"(0.0175,0.9957,0.0912,-0.0015)",false,0,0,0,NA,-1,-1,-1,-1,-1,-2,-2,true,-1.496705,2.191177,0.8416982,"(-0.1041,0.9894,0.0977,-0.0256)",0,0,0,0,0,0,0
3,"Environment: 1, AimModifier: 1",31.42721,true,-1.440445,2.404826,1.10761,"(0.0175,0.9957,0.0910,-0.0017)",false,0,0,0,NA,-1,-1,-1,-1,-1,-2,-2,true,-1.496825,2.191132,0.8416827,"(-0.1040,0.9894,0.0977,-0.0260)",0,0,0,0,0,0,0
3,"Environment: 1, AimModifier: 1",31.44113,true,-1.440528,2.404824,1.107662,"(0.0174,0.9957,0.0911,-0.0022)",false,0,0,0,NA,-1,-1,-1,-1,-1,-2,-2,true,-1.496915,2.191069,0.841666,"(-0.1040,0.9894,0.0977,-0.0262)",0,0,0,0,0,0,0
3,"Environment: 1, AimModifier: 1",31.45502,true,-1.440628,2.404821,1.10769,"(0.0173,0.9957,0.0912,-0.0025)",false,0,0,0,NA,-1,-1,-1,-1,-1,-2,-2,true,-1.497063,2.190963,0.8415843,"(-0.1039,0.9894,0.0974,-0.0265)",0,0,0,0,0,0,0
3,"Environment: 1, AimModifier: 1",31.46911,true,-1.440699,2.404819,1.107739,"(0.0169,0.9957,0.0911,-0.0030)",false,0,0,0,NA,-1,-1,-1,-1,-1,-2,-2,true,-1.497203,2.190826,0.8414993,"(-0.1038,0.9895,0.0972,-0.0269)",0,0,0,0,0,0,0
3,"Environment: 1, AimModifier: 1",31.48308,true,-1.440764,2.404816,1.10778,"(0.0168,0.9957,0.0911,-0.0032)",false,0,0,0,NA,-1,-1,-1,-1,-1,-2,-2,true,-1.497305,2.190636,0.8414493,"(-0.1036,0.9895,0.0968,-0.0273)",0,0,0,0,0,0,0
3,"Environment: 1, AimModifier: 1",31.49702,true,-1.440827,2.404863,1.107811,"(0.0168,0.9957,0.0913,-0.0036)",false,0,0,0,NA,-1,-1,-1,-1,-1,-2,-2,true,-1.497344,2.190464,0.8414307,"(-0.1035,0.9895,0.0967,-0.0276)",0,0,0,0,0,0,0
3,"Environment: 1, AimModifier: 1",31.51089,true,-1.440938,2.404972,1.107841,"(0.0167,0.9957,0.0915,-0.0041)",false,0,0,0,NA,-1,-1,-1,-1,-1,-2,-2,true,-1.497402,2.190242,0.8413472,"(-0.1033,0.9896,0.0962,-0.0277)",0,0,0,0,0,0,0
3,"Environment: 1, AimModifier: 1",31.52496,true,-1.441053,2.405059,1.107883,"(0.0168,0.9957,0.0915,-0.0045)",false,0,0,0,NA,-1,-1,-1,-1,-1,-2,-2,true,-1.497459,2.189968,0.8412182,"(-0.1033,0.9897,0.0956,-0.0275)",0,0,0,0,0,0,0
3,"Environment: 1, AimModifier: 1",31.53873,true,-1.44111,2.405065,1.107944,"(0.0171,0.9957,0.0913,-0.0049)",false,0,0,0,NA,-1,-1,-1,-1,-1,-2,-2,true,-1.497476,2.18966,0.8410814,"(-0.1035,0.9897,0.0947,-0.0270)",0,0,0,0,0,0,0
3,"Environment: 1, AimModifier: 1",31.55253,true,-1.441151,2.405061,1.108003,"(0.0171,0.9957,0.0914,-0.0054)",false,0,0,0,NA,-1,-1,-1,-1,-1,-2,-2,true,-1.497398,2.189366,0.841005,"(-0.1040,0.9898,0.0934,-0.0263)",0,0,0,0,0,0,0
3,"Environment: 1, AimModifier: 1",31.56658,true,-1.441186,2.405086,1.108039,"(0.0171,0.9956,0.0916,-0.0055)",false,0,0,0,NA,-1,-1,-1,-1,-1,-2,-2,true,-1.497365,2.189258,0.840964,"(-0.1043,0.9898,0.0929,-0.0263)",0,0,0,0,0,0,0
3,"Environment: 1, AimModifier: 1",31.5809,true,-1.441203,2.405124,1.108065,"(0.0169,0.9956,0.0918,-0.0056)",false,0,0,0,NA,-1,-1,-1,-1,-1,-2,-2,true,-1.497405,2.189261,0.840867,"(-0.1040,0.9899,0.0931,-0.0266)",0,0,0,0,0,0,0
3,"Environment: 1, AimModifier: 1",31.59433,true,-1.441202,2.405178,1.108092,"(0.0168,0.9956,0.0919,-0.0057)",false,0,0,0,NA,-1,-1,-1,-1,-1,-2,-2,true,-1.497363,2.189143,0.8407249,"(-0.1035,0.9899,0.0928,-0.0267)",0,0,0,0,0,0,0
3,"Environment: 1, AimModifier: 1",31.60823,true,-1.44124,2.40522,1.108101,"(0.0168,0.9956,0.0920,-0.0057)",false,0,0,0,NA,-1,-1,-1,-1,-1,-2,-2,true,-1.49722,2.189013,0.840589,"(-0.1031,0.9900,0.0922,-0.0264)",0,0,0,0,0,0,0
3,"Environment: 1, AimModifier: 1",31.62239,true,-1.441269,2.405262,1.10811,"(0.0168,0.9956,0.0919,-0.0057)",false,0,0,0,NA,-1,-1,-1,-1,-1,-2,-2,true,-1.496962,2.188875,0.8404742,"(-0.1031,0.9901,0.0912,-0.0257)",0,0,0,0,0,0,0
3,"Environment: 1, AimModifier: 1",31.63621,true,-1.441259,2.40529,1.108161,"(0.0167,0.9956,0.0917,-0.0055)",false,0,0,0,NA,-1,-1,-1,-1,-1,-2,-2,true,-1.496342,2.1886,0.8401682,"(-0.1029,0.9904,0.0889,-0.0239)",0,0,0,0,0,0,0
3,"Environment: 1, AimModifier: 1",31.6501,true,-1.44122,2.405295,1.108201,"(0.0166,0.9956,0.0918,-0.0054)",false,0,0,0,NA,-1,-1,-1,-1,-1,-2,-2,true,-1.495674,2.188321,0.8396565,"(-0.1025,0.9907,0.0863,-0.0219)",0,0,0,0,0,0,0
3,"Environment: 1, AimModifier: 1",31.66415,true,-1.441167,2.405296,1.108261,"(0.0164,0.9956,0.0917,-0.0053)",false,0,0,0,NA,-1,-1,-1,-1,-1,-2,-2,true,-1.495121,2.188086,0.8391848,"(-0.1030,0.9909,0.0838,-0.0207)",0,0,0,0,0,0,0
3,"Environment: 1, AimModifier: 1",31.67803,true,-1.441136,2.405283,1.108321,"(0.0163,0.9956,0.0917,-0.0051)",false,0,0,0,NA,-1,-1,-1,-1,-1,-2,-2,true,-1.494562,2.187876,0.8388667,"(-0.1028,0.9911,0.0818,-0.0197)",0,0,0,0,0,0,0
3,"Environment: 1, AimModifier: 1",31.69194,true,-1.441103,2.405278,1.108371,"(0.0163,0.9956,0.0917,-0.0050)",false,0,0,0,NA,-1,-1,-1,-1,-1,-2,-2,true,-1.493902,2.187698,0.8385758,"(-0.1016,0.9915,0.0796,-0.0180)",0,0,0,0,0,0,0
3,"Environment: 1, AimModifier: 1",31.70608,true,-1.441152,2.405321,1.108421,"(0.0163,0.9956,0.0917,-0.0048)",false,0,0,0,NA,-1,-1,-1,-1,-1,-2,-2,true,-1.493283,2.187549,0.8382286,"(-0.1010,0.9917,0.0774,-0.0159)",0,0,0,0,0,0,0
3,"Environment: 1, AimModifier: 1",31.71982,true,-1.441192,2.405419,1.108476,"(0.0164,0.9956,0.0916,-0.0049)",false,0,0,0,NA,-1,-1,-1,-1,-1,-2,-2,true,-1.49273,2.187399,0.8377941,"(-0.1008,0.9919,0.0755,-0.0139)",0,0,0,0,0,0,0
3,"Environment: 1, AimModifier: 1",31.73361,true,-1.441176,2.405501,1.108502,"(0.0163,0.9956,0.0920,-0.0049)",false,0,0,0,NA,-1,-1,-1,-1,-1,-2,-2,true,-1.492237,2.187228,0.837302,"(-0.1008,0.9921,0.0734,-0.0118)",0,0,0,0,0,0,0
3,"Environment: 1, AimModifier: 1",31.74733,true,-1.441131,2.405591,1.108498,"(0.0164,0.9955,0.0928,-0.0049)",false,0,0,0,NA,-1,-1,-1,-1,-1,-2,-2,true,-1.491866,2.187057,0.8368388,"(-0.1012,0.9923,0.0711,-0.0101)",0,0,0,0,0,0,0
3,"Environment: 1, AimModifier: 1",31.76117,true,-1.441109,2.405706,1.108498,"(0.0163,0.9955,0.0932,-0.0050)",false,0,0,0,NA,-1,-1,-1,-1,-1,-2,-2,true,-1.491792,2.186882,0.8362401,"(-0.1027,0.9923,0.0686,-0.0086)",0,0,0,0,0,0,0
3,"Environment: 1, AimModifier: 1",31.77495,true,-1.441077,2.405832,1.108511,"(0.0161,0.9955,0.0936,-0.0052)",false,0,0,0,NA,-1,-1,-1,-1,-1,-2,-2,true,-1.491814,2.186658,0.8355294,"(-0.1040,0.9924,0.0654,-0.0077)",0,0,0,0,0,0,0
3,"Environment: 1, AimModifier: 1",31.78916,true,-1.441024,2.40593,1.108552,"(0.0158,0.9955,0.0937,-0.0052)",false,0,0,0,NA,-1,-1,-1,-1,-1,-2,-2,true,-1.492043,2.186373,0.8345645,"(-0.1053,0.9925,0.0615,-0.0061)",0,0,0,0,0,0,0
3,"Environment: 1, AimModifier: 1",31.80255,true,-1.440965,2.405921,1.108571,"(0.0156,0.9955,0.0936,-0.0053)",false,0,0,0,NA,-1,-1,-1,-1,-1,-2,-2,true,-1.492475,2.186082,0.8334956,"(-0.1064,0.9926,0.0577,-0.0049)",0,0,0,0,0,0,0
3,"Environment: 1, AimModifier: 1",31.81665,true,-1.440902,2.405901,1.10861,"(0.0156,0.9955,0.0930,-0.0054)",false,0,0,0,NA,-1,-1,-1,-1,-1,-2,-2,true,-1.493157,2.185814,0.8323845,"(-0.1080,0.9927,0.0536,-0.0044)",0,0,0,0,0,0,0
3,"Environment: 1, AimModifier: 1",31.83028,true,-1.44085,2.405924,1.108644,"(0.0157,0.9955,0.0931,-0.0055)",false,0,0,0,NA,-1,-1,-1,-1,-1,-2,-2,true,-1.494142,2.185555,0.8312162,"(-0.1113,0.9926,0.0491,-0.0039)",0,0,0,0,0,0,0
3,"Environment: 1, AimModifier: 1",31.84437,true,-1.440785,2.4059,1.108694,"(0.0159,0.9955,0.0931,-0.0056)",false,0,0,0,NA,-1,-1,-1,-1,-1,-2,-2,true,-1.495413,2.185267,0.8298998,"(-0.1157,0.9923,0.0437,-0.0038)",0,0,0,0,0,0,0
3,"Environment: 1, AimModifier: 1",31.85838,true,-1.440712,2.405874,1.108768,"(0.0160,0.9955,0.0928,-0.0057)",false,0,0,0,NA,-1,-1,-1,-1,-1,-2,-2,true,-1.496667,2.185051,0.8286467,"(-0.1213,0.9919,0.0386,-0.0028)",0,0,0,0,0,0,0
3,"Environment: 1, AimModifier: 1",31.87225,true,-1.440653,2.40584,1.108806,"(0.0161,0.9955,0.0929,-0.0059)",false,0,0,0,NA,-1,-1,-1,-1,-1,-2,-2,true,-1.497897,2.18486,0.8274597,"(-0.1276,0.9913,0.0337,-0.0014)",0,0,0,0,0,0,0
3,"Environment: 1, AimModifier: 1",31.88628,true,-1.440618,2.405816,1.108848,"(0.0160,0.9955,0.0928,-0.0063)",false,0,0,0,NA,-1,-1,-1,-1,-1,-2,-2,true,-1.499118,2.184622,0.8261942,"(-0.1342,0.9906,0.0272,0.0001)",0,0,0,0,0,0,0
3,"Environment: 1, AimModifier: 1",31.90021,true,-1.440617,2.405793,1.108883,"(0.0161,0.9956,0.0925,-0.0067)",false,0,0,0,NA,-1,-1,-1,-1,-1,-2,-2,true,-1.500199,2.184352,0.8248503,"(-0.1403,0.9899,0.0197,0.0018)",0,0,0,0,0,0,0
3,"Environment: 1, AimModifier: 1",31.91421,true,-1.440642,2.405756,1.10886,"(0.0161,0.9956,0.0926,-0.0070)",false,0,0,0,NA,-1,-1,-1,-1,-1,-2,-2,true,-1.501204,2.184233,0.8236237,"(-0.1466,0.9891,0.0139,0.0037)",0,0,0,0,0,0,0
3,"Environment: 1, AimModifier: 1",31.92798,true,-1.440634,2.405739,1.10886,"(0.0159,0.9956,0.0923,-0.0073)",false,0,0,0,NA,-1,-1,-1,-1,-1,-2,-2,true,-1.502156,2.184333,0.8226227,"(-0.1524,0.9882,0.0101,0.0049)",0,0,0,0,0,0,0
3,"Environment: 1, AimModifier: 1",31.94179,true,-1.440609,2.40577,1.108886,"(0.0158,0.9956,0.0924,-0.0075)",false,0,0,0,NA,-1,-1,-1,-1,-1,-2,-2,true,-1.502915,2.184547,0.8217772,"(-0.1563,0.9877,0.0080,0.0059)",0,0,0,0,0,0,0
3,"Environment: 1, AimModifier: 1",31.9558,true,-1.440605,2.405789,1.1089,"(0.0157,0.9956,0.0923,-0.0077)",false,0,0,0,NA,-1,-1,-1,-1,-1,-2,-2,true,-1.503499,2.184689,0.8209103,"(-0.1585,0.9873,0.0063,0.0066)",0,0,0,0,0,0,0
3,"Environment: 1, AimModifier: 1",31.96982,true,-1.440636,2.405808,1.108947,"(0.0158,0.9956,0.0922,-0.0077)",false,0,0,0,NA,-1,-1,-1,-1,-1,-2,-2,true,-1.503887,2.184792,0.8199235,"(-0.1600,0.9871,0.0038,0.0070)",0,0,0,0,0,0,0
3,"Environment: 1, AimModifier: 1",31.98376,true,-1.440679,2.405842,1.108945,"(0.0159,0.9955,0.0928,-0.0080)",false,0,0,0,NA,-1,-1,-1,-1,-1,-2,-2,true,-1.504108,2.184986,0.8186935,"(-0.1637,0.9865,0.0000,0.0078)",0,0,0,0,0,0,0
3,"Environment: 1, AimModifier: 1",31.99772,true,-1.440742,2.405871,1.108892,"(0.0157,0.9955,0.0932,-0.0081)",false,0,0,0,NA,-1,-1,-1,-1,-1,-2,-2,true,-1.50428,2.185289,0.8174789,"(-0.1678,0.9858,-0.0035,0.0091)",0,0,0,0,0,0,0
3,"Environment: 1, AimModifier: 1",32.01141,true,-1.44082,2.405906,1.108888,"(0.0157,0.9955,0.0932,-0.0081)",false,0,0,0,NA,-1,-1,-1,-1,-1,-2,-2,true,-1.504107,2.185779,0.8162208,"(-0.1704,0.9853,-0.0065,0.0113)",0,0,0,0,0,0,0
3,"Environment: 1, AimModifier: 1",32.02545,true,-1.44092,2.405869,1.108897,"(0.0155,0.9955,0.0933,-0.0082)",false,0,0,0,NA,-1,-1,-1,-1,-1,-2,-2,true,-1.503721,2.186464,0.8149332,"(-0.1724,0.9849,-0.0088,0.0138)",0,0,0,0,0,0,0
3,"Environment: 1, AimModifier: 1",32.03934,true,-1.440997,2.405834,1.108992,"(0.0153,0.9955,0.0929,-0.0083)",false,0,0,0,NA,-1,-1,-1,-1,-1,-2,-2,true,-1.503432,2.187233,0.8135915,"(-0.1755,0.9843,-0.0111,0.0158)",0,0,0,0,0,0,0
3,"Environment: 1, AimModifier: 1",32.05313,true,-1.441073,2.405762,1.109102,"(0.0152,0.9956,0.0926,-0.0084)",false,0,0,0,NA,-1,-1,-1,-1,-1,-2,-2,true,-1.503138,2.188123,0.8121627,"(-0.1797,0.9835,-0.0137,0.0176)",0,0,0,0,0,0,0
3,"Environment: 1, AimModifier: 1",32.06672,true,-1.441154,2.405703,1.10918,"(0.0151,0.9956,0.0924,-0.0084)",false,0,0,0,NA,-1,-1,-1,-1,-1,-2,-2,true,-1.502724,2.189134,0.8106418,"(-0.1830,0.9828,-0.0161,0.0190)",0,0,0,0,0,0,0
3,"Environment: 1, AimModifier: 1",32.08073,true,-1.441222,2.405659,1.109247,"(0.0151,0.9956,0.0924,-0.0084)",false,0,0,0,NA,-1,-1,-1,-1,-1,-2,-2,true,-1.502176,2.190228,0.809001,"(-0.1844,0.9825,-0.0176,0.0198)",0,0,0,0,0,0,0
3,"Environment: 1, AimModifier: 1",32.09447,true,-1.441273,2.405578,1.109366,"(0.0148,0.9957,0.0912,-0.0084)",false,0,0,0,NA,-1,-1,-1,-1,-1,-2,-2,true,-1.501368,2.191581,0.8072025,"(-0.1837,0.9826,-0.0173,0.0198)",0,0,0,0,0,0,0
3,"Environment: 1, AimModifier: 1",32.10822,true,-1.441391,2.40551,1.109481,"(0.0147,0.9957,0.0908,-0.0081)",false,0,0,0,NA,-1,-1,-1,-1,-1,-2,-2,true,-1.500472,2.192986,0.8053529,"(-0.1829,0.9828,-0.0165,0.0197)",0,0,0,0,0,0,0
3,"Environment: 1, AimModifier: 1",32.12224,true,-1.441533,2.405458,1.109475,"(0.0145,0.9957,0.0914,-0.0076)",false,0,0,0,NA,-1,-1,-1,-1,-1,-2,-2,true,-1.499491,2.19432,0.8034304,"(-0.1821,0.9829,-0.0169,0.0198)",0,0,0,0,0,0,0
3,"Environment: 1, AimModifier: 1",32.13618,true,-1.441565,2.405551,1.109494,"(0.0142,0.9957,0.0916,-0.0074)",false,0,0,0,NA,-1,-1,-1,-1,-1,-2,-2,true,-1.498515,2.195606,0.8014991,"(-0.1812,0.9831,-0.0192,0.0194)",0,0,0,0,0,0,0
3,"Environment: 1, AimModifier: 1",32.15004,true,-1.441597,2.405722,1.109457,"(0.0135,0.9956,0.0926,-0.0072)",false,0,0,0,NA,-1,-1,-1,-1,-1,-2,-2,true,-1.497672,2.197098,0.7996843,"(-0.1819,0.9829,-0.0210,0.0193)",0,0,0,0,0,0,0
3,"Environment: 1, AimModifier: 1",32.16407,true,-1.441653,2.40588,1.109438,"(0.0132,0.9956,0.0927,-0.0071)",false,0,0,0,NA,-1,-1,-1,-1,-1,-2,-2,true,-1.496855,2.198822,0.7980531,"(-0.1834,0.9826,-0.0214,0.0198)",0,0,0,0,0,0,0
3,"Environment: 1, AimModifier: 1",32.17808,true,-1.441716,2.405956,1.109465,"(0.0130,0.9956,0.0924,-0.0069)",false,0,0,0,NA,-1,-1,-1,-1,-1,-2,-2,true,-1.495954,2.200487,0.7964495,"(-0.1845,0.9824,-0.0215,0.0208)",0,0,0,0,0,0,0
3,"Environment: 1, AimModifier: 1",32.19189,true,-1.441745,2.405984,1.109534,"(0.0126,0.9956,0.0921,-0.0069)",false,0,0,0,NA,-1,-1,-1,-1,-1,-2,-2,true,-1.494866,2.202051,0.7946752,"(-0.1853,0.9822,-0.0220,0.0231)",0,0,0,0,0,0,0
3,"Environment: 1, AimModifier: 1",32.20591,true,-1.441772,2.406038,1.109498,"(0.0123,0.9956,0.0924,-0.0067)",false,0,0,0,NA,-1,-1,-1,-1,-1,-2,-2,true,-1.493851,2.203401,0.7927188,"(-0.1859,0.9820,-0.0244,0.0241)",0,0,0,0,0,0,0
3,"Environment: 1, AimModifier: 1",32.21981,true,-1.441785,2.406136,1.109376,"(0.0121,0.9955,0.0934,-0.0063)",false,0,0,0,NA,-1,-1,-1,-1,-1,-2,-2,true,-1.49292,2.204773,0.7908349,"(-0.1855,0.9820,-0.0268,0.0232)",0,0,0,0,0,0,0
3,"Environment: 1, AimModifier: 1",32.23327,true,-1.441789,2.406254,1.109333,"(0.0118,0.9955,0.0938,-0.0062)",false,0,0,0,NA,-1,-1,-1,-1,-1,-2,-2,true,-1.492103,2.206458,0.7892132,"(-0.1842,0.9823,-0.0264,0.0217)",0,0,0,0,0,0,0
3,"Environment: 1, AimModifier: 1",32.24746,true,-1.441785,2.406346,1.109329,"(0.0114,0.9955,0.0940,-0.0061)",false,0,0,0,NA,-1,-1,-1,-1,-1,-2,-2,true,-1.491485,2.207859,0.7881349,"(-0.1824,0.9827,-0.0246,0.0205)",0,0,0,0,0,0,0
3,"Environment: 1, AimModifier: 1",32.26097,true,-1.441759,2.406386,1.10934,"(0.0109,0.9955,0.0939,-0.0060)",false,0,0,0,NA,-1,-1,-1,-1,-1,-2,-2,true,-1.490519,2.21014,0.7863273,"(-0.1793,0.9834,-0.0215,0.0182)",0,0,0,0,0,0,0
3,"Environment: 1, AimModifier: 1",32.27475,true,-1.441763,2.406465,1.109345,"(0.0104,0.9955,0.0939,-0.0057)",false,0,0,0,NA,-1,-1,-1,-1,-1,-2,-2,true,-1.489734,2.211796,0.7847326,"(-0.1781,0.9836,-0.0207,0.0171)",0,0,0,0,0,0,0
3,"Environment: 1, AimModifier: 1",32.28886,true,-1.441772,2.406549,1.109347,"(0.0100,0.9955,0.0941,-0.0056)",false,0,0,0,NA,-1,-1,-1,-1,-1,-2,-2,true,-1.489105,2.213056,0.7834859,"(-0.1773,0.9838,-0.0203,0.0165)",0,0,0,0,0,0,0
3,"Environment: 1, AimModifier: 1",32.3029,true,-1.441704,2.406642,1.109312,"(0.0100,0.9955,0.0946,-0.0055)",false,0,0,0,NA,-1,-1,-1,-1,-1,-2,-2,true,-1.488641,2.213881,0.7821212,"(-0.1774,0.9838,-0.0213,0.0164)",0,0,0,0,0,0,0
3,"Environment: 1, AimModifier: 1",32.31676,true,-1.441722,2.406731,1.109229,"(0.0101,0.9954,0.0946,-0.0051)",false,0,0,0,NA,-1,-1,-1,-1,-1,-2,-2,true,-1.487978,2.214713,0.7789696,"(-0.1800,0.9832,-0.0269,0.0158)",0,0,0,0,0,0,0
3,"Environment: 1, AimModifier: 1",32.3305,true,-1.441683,2.406749,1.109214,"(0.0099,0.9954,0.0948,-0.0053)",false,0,0,0,NA,-1,-1,-1,-1,-1,-2,-2,true,-1.487753,2.215459,0.7771239,"(-0.1812,0.9829,-0.0289,0.0134)",0,0,0,0,0,0,0
3,"Environment: 1, AimModifier: 1",32.34488,true,-1.441589,2.406769,1.109272,"(0.0097,0.9955,0.0941,-0.0051)",false,0,0,0,NA,-1,-1,-1,-1,-1,-2,-2,true,-1.487889,2.215561,0.7754101,"(-0.1810,0.9830,-0.0302,0.0102)",0,0,0,0,0,0,0
3,"Environment: 1, AimModifier: 1",32.3584,true,-1.441499,2.406837,1.109277,"(0.0096,0.9955,0.0942,-0.0052)",false,0,0,0,NA,-1,-1,-1,-1,-1,-2,-2,true,-1.487681,2.215924,0.7739363,"(-0.1798,0.9832,-0.0305,0.0092)",0,0,0,0,0,0,0
3,"Environment: 1, AimModifier: 1",32.37204,true,-1.441403,2.406913,1.109267,"(0.0093,0.9954,0.0947,-0.0053)",false,0,0,0,NA,-1,-1,-1,-1,-1,-2,-2,true,-1.487474,2.216165,0.7726726,"(-0.1785,0.9834,-0.0308,0.0087)",0,0,0,0,0,0,0
3,"Environment: 1, AimModifier: 1",32.38597,true,-1.441299,2.406976,1.109241,"(0.0092,0.9954,0.0953,-0.0052)",false,0,0,0,NA,-1,-1,-1,-1,-1,-2,-2,true,-1.487294,2.216452,0.7715188,"(-0.1775,0.9836,-0.0308,0.0081)",0,0,0,0,0,0,0
3,"Environment: 1, AimModifier: 1",32.39989,true,-1.441154,2.407061,1.109236,"(0.0092,0.9954,0.0954,-0.0055)",false,0,0,0,NA,-1,-1,-1,-1,-1,-2,-2,true,-1.48726,2.216454,0.7708373,"(-0.1755,0.9840,-0.0296,0.0073)",0,0,0,0,0,0,0
3,"Environment: 1, AimModifier: 1",32.41374,true,-1.441002,2.407127,1.109225,"(0.0088,0.9954,0.0955,-0.0057)",false,0,0,0,NA,-1,-1,-1,-1,-1,-2,-2,true,-1.487315,2.21636,0.7701577,"(-0.1736,0.9843,-0.0300,0.0062)",0,0,0,0,0,0,0
3,"Environment: 1, AimModifier: 1",32.42773,true,-1.440794,2.407181,1.109261,"(0.0079,0.9954,0.0953,-0.0062)",false,0,0,0,NA,-1,-1,-1,-1,-1,-2,-2,true,-1.487663,2.216003,0.7699887,"(-0.1718,0.9846,-0.0306,0.0056)",0,0,0,0,0,0,0
3,"Environment: 1, AimModifier: 1",32.44151,true,-1.440577,2.407238,1.109342,"(0.0075,0.9954,0.0952,-0.0065)",false,0,0,0,NA,-1,-1,-1,-1,-1,-2,-2,true,-1.487991,2.215664,0.7697951,"(-0.1696,0.9850,-0.0310,0.0043)",0,0,0,0,0,0,0
3,"Environment: 1, AimModifier: 1",32.45531,true,-1.440338,2.407334,1.109399,"(0.0078,0.9954,0.0955,-0.0066)",false,0,0,0,NA,-1,-1,-1,-1,-1,-2,-2,true,-1.488519,2.215116,0.769955,"(-0.1675,0.9854,-0.0304,0.0020)",0,0,0,0,0,0,0
3,"Environment: 1, AimModifier: 1",32.46937,true,-1.440099,2.407446,1.109452,"(0.0080,0.9953,0.0961,-0.0069)",false,0,0,0,NA,-1,-1,-1,-1,-1,-2,-2,true,-1.489051,2.214626,0.7700316,"(-0.1673,0.9854,-0.0300,0.0001)",0,0,0,0,0,0,0
3,"Environment: 1, AimModifier: 1",32.48344,true,-1.439847,2.407573,1.109527,"(0.0082,0.9953,0.0964,-0.0070)",false,0,0,0,NA,-1,-1,-1,-1,-1,-2,-2,true,-1.489537,2.214089,0.7703161,"(-0.1688,0.9852,-0.0304,-0.0006)",0,0,0,0,0,0,0
3,"Environment: 1, AimModifier: 1",32.4973,true,-1.43959,2.407648,1.109605,"(0.0084,0.9952,0.0970,-0.0071)",false,0,0,0,NA,-1,-1,-1,-1,-1,-2,-2,true,-1.489514,2.213838,0.7707352,"(-0.1705,0.9849,-0.0310,0.0010)",0,0,0,0,0,0,0
3,"Environment: 1, AimModifier: 1",32.51101,true,-1.43936,2.407701,1.109689,"(0.0085,0.9952,0.0973,-0.0072)",false,0,0,0,NA,-1,-1,-1,-1,-1,-2,-2,true,-1.489499,2.213689,0.770939,"(-0.1715,0.9847,-0.0310,0.0019)",0,0,0,0,0,0,0
3,"Environment: 1, AimModifier: 1",32.52505,true,-1.43914,2.407678,1.10984,"(0.0089,0.9952,0.0974,-0.0072)",false,0,0,0,NA,-1,-1,-1,-1,-1,-2,-2,true,-1.49,2.212698,0.7712556,"(-0.1738,0.9842,-0.0322,0.0029)",0,0,0,0,0,0,0
3,"Environment: 1, AimModifier: 1",32.53921,true,-1.438899,2.40766,1.110013,"(0.0093,0.9952,0.0969,-0.0070)",false,0,0,0,NA,-1,-1,-1,-1,-1,-2,-2,true,-1.490213,2.212052,0.7714971,"(-0.1746,0.9841,-0.0336,0.0029)",0,0,0,0,0,0,0
3,"Environment: 1, AimModifier: 1",32.55289,true,-1.438655,2.407616,1.110185,"(0.0097,0.9952,0.0970,-0.0069)",false,0,0,0,NA,-1,-1,-1,-1,-1,-2,-2,true,-1.490278,2.211954,0.7716362,"(-0.1740,0.9842,-0.0333,0.0023)",0,0,0,0,0,0,0
3,"Environment: 1, AimModifier: 1",32.56699,true,-1.438372,2.407573,1.110429,"(0.0102,0.9952,0.0972,-0.0068)",false,0,0,0,NA,-1,-1,-1,-1,-1,-2,-2,true,-1.490312,2.211998,0.7717465,"(-0.1735,0.9843,-0.0324,0.0019)",0,0,0,0,0,0,0
3,"Environment: 1, AimModifier: 1",32.58071,true,-1.438168,2.407523,1.110565,"(0.0104,0.9952,0.0973,-0.0066)",false,0,0,0,NA,-1,-1,-1,-1,-1,-2,-2,true,-1.490489,2.211709,0.7720916,"(-0.1732,0.9844,-0.0316,0.0016)",0,0,0,0,0,0,0
3,"Environment: 1, AimModifier: 1",32.59429,true,-1.437961,2.407495,1.110803,"(0.0108,0.9952,0.0971,-0.0065)",false,0,0,0,NA,-1,-1,-1,-1,-1,-2,-2,true,-1.490633,2.211463,0.7725023,"(-0.1725,0.9845,-0.0306,0.0014)",0,0,0,0,0,0,0
3,"Environment: 1, AimModifier: 1",32.60834,true,-1.437789,2.407405,1.111004,"(0.0112,0.9952,0.0970,-0.0064)",false,0,0,0,NA,-1,-1,-1,-1,-1,-2,-2,true,-1.490702,2.211384,0.7727696,"(-0.1718,0.9847,-0.0301,0.0011)",0.003662944,0,0,0,0,0,0
3,"Environment: 1, AimModifier: 1",32.62253,true,-1.437603,2.407413,1.111161,"(0.0117,0.9952,0.0970,-0.0062)",false,0,0,0,NA,-1,-1,-1,-1,-1,-2,-2,true,-1.490747,2.211408,0.7728909,"(-0.1719,0.9847,-0.0301,0.0010)",0.08278382,0,0,0,0,0,0
3,"Environment: 1, AimModifier: 1",32.63625,true,-1.437465,2.407448,1.111319,"(0.0116,0.9952,0.0968,-0.0059)",false,0,0,0,NA,-1,-1,-1,-1,-1,-2,-2,true,-1.490896,2.211522,0.7733424,"(-0.1718,0.9847,-0.0292,0.0010)",0.1655677,0,0,0,0,0,0
3,"Environment: 1, AimModifier: 1",32.65173,true,-1.437276,2.407475,1.111508,"(0.0115,0.9952,0.0969,-0.0056)",false,0,0,0,NA,-1,-1,-1,-1,-1,-2,-2,true,-1.490881,2.211918,0.7743845,"(-0.1712,0.9849,-0.0265,0.0029)",0.635409,0,0,0,0,0,0
3,"Environment: 1, AimModifier: 1",32.66425,true,-1.437046,2.407465,1.111706,"(0.0115,0.9952,0.0973,-0.0053)",false,0,0,0,NA,-1,-1,-1,-1,-1,-2,-2,true,-1.490611,2.212585,0.7752554,"(-0.1684,0.9854,-0.0233,0.0052)",0.9323565,0,0,0,0,0,0
3,"Environment: 1, AimModifier: 1",32.67785,true,-1.436903,2.407542,1.111866,"(0.0115,0.9951,0.0979,-0.0052)",false,0,0,0,NA,-1,-1,-1,-1,-1,-2,-2,true,-1.490634,2.213135,0.775729,"(-0.1688,0.9854,-0.0220,0.0055)",0.9868132,0,0,0,0,0,0
3,"Environment: 1, AimModifier: 1",32.69162,true,-1.436754,2.407644,1.112035,"(0.0116,0.9951,0.0983,-0.0049)",false,0,0,0,NA,-1,-1,-1,-1,-1,-2,-2,true,-1.490767,2.21352,0.7759283,"(-0.1689,0.9854,-0.0215,0.0043)",1,0,0,0,0,0,0
3,"Environment: 1, AimModifier: 1",32.70567,true,-1.436672,2.407753,1.11223,"(0.0118,0.9950,0.0988,-0.0047)",false,0,0,0,NA,-1,-1,-1,-1,-1,-2,-2,true,-1.490818,2.213972,0.7762601,"(-0.1685,0.9855,-0.0208,0.0032)",1,0,0,0,0,0,0
3,"Environment: 1, AimModifier: 1",32.71966,true,-1.436612,2.407856,1.11242,"(0.0118,0.9950,0.0992,-0.0044)",false,0,0,0,NA,-1,-1,-1,-1,-1,-2,-2,true,-1.490696,2.214772,0.7768909,"(-0.1674,0.9857,-0.0187,0.0029)",1,0,0,0,0,0,0
3,"Environment: 1, AimModifier: 1",32.73346,true,-1.43654,2.407957,1.11259,"(0.0119,0.9950,0.0994,-0.0041)",false,0,0,0,NA,-1,-1,-1,-1,-1,-2,-2,true,-1.490414,2.215562,0.7774515,"(-0.1666,0.9859,-0.0166,0.0037)",1,0,0,0,0,0,0
3,"Environment: 1, AimModifier: 1",32.74768,true,-1.436435,2.408043,1.112733,"(0.0117,0.9949,0.0997,-0.0040)",false,0,0,0,NA,-1,-1,-1,-1,-1,-2,-2,true,-1.490133,2.216157,0.7778835,"(-0.1655,0.9861,-0.0153,0.0042)",1,0,0,0,0,0,0
3,"Environment: 1, AimModifier: 1",32.76127,true,-1.436351,2.40813,1.112859,"(0.0119,0.9949,0.1002,-0.0037)",false,0,0,0,NA,-1,-1,-1,-1,-1,-2,-2,true,-1.48989,2.216641,0.7781385,"(-0.1641,0.9863,-0.0150,0.0030)",1,0,0,0,0,0,0
3,"Environment: 1, AimModifier: 1",32.77496,true,-1.436293,2.408234,1.112958,"(0.0119,0.9949,0.1006,-0.0035)",false,0,0,0,NA,-1,-1,-1,-1,-1,-2,-2,true,-1.489791,2.217244,0.7786024,"(-0.1643,0.9863,-0.0130,0.0019)",0.9689866,0,0,0,0,0,0
3,"Environment: 1, AimModifier: 1",32.78911,true,-1.43624,2.408343,1.113041,"(0.0119,0.9948,0.1011,-0.0034)",false,0,0,0,NA,-1,-1,-1,-1,-1,-2,-2,true,-1.489498,2.217735,0.7789074,"(-0.1635,0.9865,-0.0125,0.0017)",0.9201465,0,0,0,0,0,0
3,"Environment: 1, AimModifier: 1",32.80276,true,-1.436226,2.408464,1.113073,"(0.0118,0.9948,0.1015,-0.0032)",false,0,0,0,NA,-1,-1,-1,-1,-1,-2,-2,true,-1.489155,2.21823,0.7791895,"(-0.1627,0.9866,-0.0116,0.0020)",0.5660561,0,0,0,0,0,0
3,"Environment: 1, AimModifier: 1",32.81668,true,-1.436202,2.408582,1.113098,"(0.0116,0.9947,0.1018,-0.0033)",false,0,0,0,NA,-1,-1,-1,-1,-1,-2,-2,true,-1.48875,2.218729,0.7795262,"(-0.1613,0.9868,-0.0106,0.0024)",0.3474969,0,0,0,0,0,0
3,"Environment: 1, AimModifier: 1",32.8305,true,-1.436191,2.408668,1.113132,"(0.0115,0.9947,0.1020,-0.0032)",false,0,0,0,NA,-1,-1,-1,-1,-1,-2,-2,true,-1.488342,2.219193,0.779978,"(-0.1596,0.9871,-0.0091,0.0026)",0.1174603,0,0,0,0,0,0
3,"Environment: 1, AimModifier: 1",32.84465,true,-1.436183,2.408745,1.113181,"(0.0114,0.9947,0.1023,-0.0030)",false,0,0,0,NA,-1,-1,-1,-1,-1,-2,-2,true,-1.487988,2.219531,0.7805684,"(-0.1574,0.9875,-0.0070,0.0021)",0.05225879,0,0,0,0,0,0
3,"Environment: 1, AimModifier: 1",32.85859,true,-1.436154,2.40882,1.113217,"(0.0112,0.9947,0.1026,-0.0033)",false,0,0,0,NA,-1,-1,-1,-1,-1,-2,-2,true,-1.487581,2.219726,0.7811499,"(-0.1552,0.9879,-0.0057,0.0025)",0.006837547,0,0,0,0,0,0
3,"Environment: 1, AimModifier: 1",32.87238,true,-1.436141,2.408923,1.113217,"(0.0110,0.9946,0.1029,-0.0032)",false,0,0,0,NA,-1,-1,-1,-1,-1,-2,-2,true,-1.487222,2.219743,0.7821348,"(-0.1537,0.9881,-0.0038,0.0026)",0,0,0,0,0,0,0
3,"Environment: 1, AimModifier: 1",32.88616,true,-1.436118,2.40903,1.113203,"(0.0109,0.9946,0.1035,-0.0032)",false,0,0,0,NA,-1,-1,-1,-1,-1,-2,-2,true,-1.486773,2.219666,0.7830692,"(-0.1526,0.9883,-0.0027,0.0047)",0,0,0,0,0,0,0
3,"Environment: 1, AimModifier: 1",32.90002,true,-1.43611,2.409147,1.113192,"(0.0108,0.9945,0.1039,-0.0031)",false,0,0,0,NA,-1,-1,-1,-1,-1,-2,-2,true,-1.486362,2.219276,0.7842014,"(-0.1526,0.9883,-0.0022,0.0063)",0,0,0,0,0,0,0
3,"Environment: 1, AimModifier: 1",32.91391,true,-1.436111,2.409245,1.113202,"(0.0108,0.9945,0.1043,-0.0033)",false,0,0,0,NA,-1,-1,-1,-1,-1,-2,-2,true,-1.485873,2.218587,0.7854587,"(-0.1525,0.9883,-0.0021,0.0078)",0,0,0,0,0,0,0
3,"Environment: 1, AimModifier: 1",32.92791,true,-1.436091,2.409298,1.113207,"(0.0108,0.9944,0.1047,-0.0033)",false,0,0,0,NA,-1,-1,-1,-1,-1,-2,-2,true,-1.485324,2.217782,0.7866697,"(-0.1524,0.9882,-0.0025,0.0107)",0,0,0,0,0,0,0
3,"Environment: 1, AimModifier: 1",32.94175,true,-1.436059,2.409323,1.113183,"(0.0110,0.9944,0.1050,-0.0033)",false,0,0,0,NA,-1,-1,-1,-1,-1,-2,-2,true,-1.48502,2.216852,0.7878344,"(-0.1534,0.9881,-0.0029,0.0130)",0,0,0,0,0,0,0
3,"Environment: 1, AimModifier: 1",32.95568,true,-1.436005,2.40931,1.113168,"(0.0109,0.9944,0.1051,-0.0033)",false,0,0,0,NA,-1,-1,-1,-1,-1,-2,-2,true,-1.48498,2.215852,0.7889457,"(-0.1543,0.9879,-0.0034,0.0141)",0,0,0,0,0,0,0
3,"Environment: 1, AimModifier: 1",32.96973,true,-1.435919,2.409289,1.113177,"(0.0108,0.9944,0.1048,-0.0036)",false,0,0,0,NA,-1,-1,-1,-1,-1,-2,-2,true,-1.485592,2.215205,0.789251,"(-0.1545,0.9879,-0.0034,0.0119)",0,0,0,0,0,0,0
3,"Environment: 1, AimModifier: 1",32.98367,true,-1.435837,2.409288,1.113184,"(0.0108,0.9944,0.1051,-0.0036)",false,0,0,0,NA,-1,-1,-1,-1,-1,-2,-2,true,-1.486161,2.214787,0.7895338,"(-0.1544,0.9880,-0.0033,0.0099)",0,0,0,0,0,0,0
3,"Environment: 1, AimModifier: 1",32.99771,true,-1.435748,2.40931,1.113175,"(0.0107,0.9944,0.1052,-0.0037)",false,0,0,0,NA,-1,-1,-1,-1,-1,-2,-2,true,-1.487525,2.212232,0.7928847,"(-0.1549,0.9879,-0.0009,0.0065)",0,0,0,0,0,0,0
3,"Environment: 1, AimModifier: 1",33.01131,true,-1.435623,2.409349,1.113144,"(0.0102,0.9943,0.1058,-0.0043)",false,0,0,0,NA,-1,-1,-1,-1,-1,-2,-2,true,-1.489243,2.211052,0.7947344,"(-0.1556,0.9878,0.0019,0.0036)",0,0,0,0,0,0,0
3,"Environment: 1, AimModifier: 1",33.02537,true,-1.435478,2.409453,1.113086,"(0.0097,0.9942,0.1067,-0.0047)",false,0,0,0,NA,-1,-1,-1,-1,-1,-2,-2,true,-1.4915,2.210093,0.7968264,"(-0.1571,0.9876,0.0065,0.0010)",0,0,0,0,0,0,0
3,"Environment: 1, AimModifier: 1",33.03955,true,-1.435337,2.409588,1.113037,"(0.0097,0.9941,0.1077,-0.0049)",false,0,0,0,NA,-1,-1,-1,-1,-1,-2,-2,true,-1.494576,2.209432,0.7989674,"(-0.1613,0.9868,0.0129,-0.0024)",0,0,0,0,0,0,0
3,"Environment: 1, AimModifier: 1",33.05306,true,-1.43519,2.409719,1.112998,"(0.0102,0.9940,0.1087,-0.0052)",false,0,0,0,NA,-1,-1,-1,-1,-1,-2,-2,true,-1.498393,2.209032,0.8009968,"(-0.1663,0.9858,0.0203,-0.0082)",0,0,0,0,0,0,0
3,"Environment: 1, AimModifier: 1",33.0671,true,-1.435038,2.409778,1.112981,"(0.0103,0.9940,0.1090,-0.0052)",false,0,0,0,NA,-1,-1,-1,-1,-1,-2,-2,true,-1.503024,2.209007,0.8033056,"(-0.1723,0.9844,0.0308,-0.0170)",0,0,0,0,0,0,0
3,"Environment: 1, AimModifier: 1",33.08078,true,-1.43485,2.409805,1.113001,"(0.0106,0.9940,0.1089,-0.0055)",false,0,0,0,NA,-1,-1,-1,-1,-1,-2,-2,true,-1.507696,2.209183,0.8057623,"(-0.1757,0.9831,0.0432,-0.0262)",0,0,0,0,0,0,0
3,"Environment: 1, AimModifier: 1",33.09447,true,-1.434644,2.409811,1.113037,"(0.0108,0.9940,0.1085,-0.0055)",false,0,0,0,NA,-1,-1,-1,-1,-1,-2,-2,true,-1.513216,2.209756,0.8086807,"(-0.1774,0.9815,0.0606,-0.0399)",0,0,0,0,0,0,0
3,"Environment: 1, AimModifier: 1",33.10859,true,-1.434518,2.409827,1.113129,"(0.0113,0.9940,0.1084,-0.0058)",false,0,0,0,NA,-1,-1,-1,-1,-1,-2,-2,true,-1.519427,2.210794,0.8123875,"(-0.1767,0.9790,0.0847,-0.0571)",0,0,0,0,0,0,0
3,"Environment: 1, AimModifier: 1",33.12259,true,-1.434362,2.409793,1.113234,"(0.0117,0.9941,0.1078,-0.0062)",false,0,0,0,NA,-1,-1,-1,-1,-1,-2,-2,true,-1.525006,2.21186,0.8162371,"(-0.1722,0.9765,0.1090,-0.0695)",0,0,0,0,0,0,0
3,"Environment: 1, AimModifier: 1",33.13633,true,-1.43418,2.409697,1.113277,"(0.0128,0.9941,0.1079,-0.0064)",false,0,0,0,NA,-1,-1,-1,-1,-1,-2,-2,true,-1.530144,2.212572,0.8195451,"(-0.1648,0.9750,0.1267,-0.0784)",0,0,0,0,0,0,0
3,"Environment: 1, AimModifier: 1",33.15018,true,-1.43405,2.409628,1.113275,"(0.0145,0.9940,0.1080,-0.0063)",false,0,0,0,NA,-1,-1,-1,-1,-1,-2,-2,true,-1.535479,2.213053,0.8221543,"(-0.1610,0.9730,0.1398,-0.0882)",0,0,0,0,0,0,0
3,"Environment: 1, AimModifier: 1",33.16448,true,-1.433976,2.409586,1.113267,"(0.0164,0.9940,0.1080,-0.0068)",false,0,0,0,NA,-1,-1,-1,-1,-1,-2,-2,true,-1.541366,2.213297,0.8241221,"(-0.1624,0.9708,0.1461,-0.0995)",0,0,0,0,0,0,0
3,"Environment: 1, AimModifier: 1",33.1783,true,-1.433931,2.409473,1.113288,"(0.0176,0.9941,0.1073,-0.0071)",false,0,0,0,NA,-1,-1,-1,-1,-1,-2,-2,true,-1.547022,2.213272,0.8257538,"(-0.1663,0.9689,0.1470,-0.1091)",0,0,0,0,0,0,0
3,"Environment: 1, AimModifier: 1",33.19182,true,-1.433887,2.409255,1.11339,"(0.0185,0.9942,0.1058,-0.0079)",false,0,0,0,NA,-1,-1,-1,-1,-1,-2,-2,true,-1.552544,2.213161,0.8271381,"(-0.1720,0.9674,0.1449,-0.1166)",0,0,0,0,0,0,0
3,"Environment: 1, AimModifier: 1",33.20598,true,-1.433879,2.409016,1.113555,"(0.0190,0.9943,0.1045,-0.0084)",false,0,0,0,NA,-1,-1,-1,-1,-1,-2,-2,true,-1.557953,2.213118,0.828448,"(-0.1776,0.9658,0.1431,-0.1234)",0,0,0,0,0,0,0
3,"Environment: 1, AimModifier: 1",33.21995,true,-1.433883,2.408787,1.113717,"(0.0198,0.9944,0.1034,-0.0090)",false,0,0,0,NA,-1,-1,-1,-1,-1,-2,-2,true,-1.563111,2.213232,0.8296187,"(-0.1816,0.9642,0.1430,-0.1301)",0,0,0,0,0,0,0
3,"Environment: 1, AimModifier: 1",33.23363,true,-1.433948,2.408585,1.11385,"(0.0209,0.9945,0.1025,-0.0092)",false,0,0,0,NA,-1,-1,-1,-1,-1,-2,-2,true,-1.56789,2.213459,0.8303709,"(-0.1859,0.9627,0.1422,-0.1355)",0,0,0,0,0,0,0
3,"Environment: 1, AimModifier: 1",33.24781,true,-1.434047,2.408433,1.113938,"(0.0220,0.9945,0.1020,-0.0095)",false,0,0,0,NA,-1,-1,-1,-1,-1,-2,-2,true,-1.572433,2.213616,0.8311187,"(-0.1885,0.9615,0.1410,-0.1414)",0,0,0,0,0,0,0
3,"Environment: 1, AimModifier: 1",33.26137,true,-1.434199,2.408377,1.114002,"(0.0230,0.9945,0.1017,-0.0098)",false,0,0,0,NA,-1,-1,-1,-1,-1,-2,-2,true,-1.576578,2.213736,0.8315083,"(-0.1897,0.9608,0.1387,-0.1472)",0,0,0,0,0,0,0
3,"Environment: 1, AimModifier: 1",33.27515,true,-1.434372,2.408299,1.114068,"(0.0236,0.9945,0.1013,-0.0100)",false,0,0,0,NA,-1,-1,-1,-1,-1,-2,-2,true,-1.58045,2.213878,0.8317648,"(-0.1912,0.9598,0.1374,-0.1530)",0,0,0,0,0,0,0
3,"Environment: 1, AimModifier: 1",33.2893,true,-1.43447,2.408188,1.114143,"(0.0245,0.9946,0.1006,-0.0104)",false,0,0,0,NA,-1,-1,-1,-1,-1,-2,-2,true,-1.585046,2.213994,0.8326278,"(-0.1935,0.9582,0.1377,-0.1596)",0,0,0,0,0,0,0
3,"Environment: 1, AimModifier: 1",33.30306,true,-1.434569,2.408075,1.11422,"(0.0253,0.9946,0.0999,-0.0106)",false,0,0,0,NA,-1,-1,-1,-1,-1,-2,-2,true,-1.589642,2.214109,0.833491,"(-0.1957,0.9566,0.1380,-0.1661)",0,0,0,0,0,0,0
3,"Environment: 1, AimModifier: 1",33.31731,true,-1.434651,2.407958,1.114298,"(0.0262,0.9946,0.0993,-0.0109)",false,0,0,0,NA,-1,-1,-1,-1,-1,-2,-2,true,-1.594237,2.214225,0.8343542,"(-0.1980,0.9549,0.1383,-0.1727)",0,0,0,0,0,0,0
3,"Environment: 1, AimModifier: 1",33.33075,true,-1.435157,2.407925,1.114654,"(0.0235,0.9947,0.0998,-0.0107)",false,0,0,0,NA,-1,-1,-1,-1,-1,-2,-2,true,-1.594307,2.214376,0.832206,"(-0.1971,0.9563,0.1348,-0.1689)",0,0,0,0,0,0,0
3,"Environment: 1, AimModifier: 1",33.34533,true,-1.435423,2.408071,1.114687,"(0.0230,0.9946,0.1009,-0.0105)",false,0,0,0,NA,-1,-1,-1,-1,-1,-2,-2,true,-1.595765,2.21444,0.8316495,"(-0.1993,0.9560,0.1355,-0.1671)",0,0,0,0,0,0,0
3,"Environment: 1, AimModifier: 1",33.35865,true,-1.435647,2.408162,1.114707,"(0.0228,0.9946,0.1009,-0.0104)",false,0,0,0,NA,-1,-1,-1,-1,-1,-2,-2,true,-1.597881,2.214488,0.8314619,"(-0.2007,0.9556,0.1364,-0.1673)",0,0,0,0,0,0,0
3,"Environment: 1, AimModifier: 1",33.37236,true,-1.435861,2.408221,1.114728,"(0.0220,0.9946,0.1013,-0.0103)",false,0,0,0,NA,-1,-1,-1,-1,-1,-2,-2,true,-1.600021,2.214449,0.8312212,"(-0.2014,0.9552,0.1362,-0.1687)",0,0,0,0,0,0,0
3,"Environment: 1, AimModifier: 1",33.38606,true,-1.436111,2.408267,1.114718,"(0.0212,0.9946,0.1015,-0.0100)",false,0,0,0,NA,-1,-1,-1,-1,-1,-2,-2,true,-1.601904,2.214273,0.8309195,"(-0.2027,0.9546,0.1352,-0.1711)",0,0,0,0,0,0,0
3,"Environment: 1, AimModifier: 1",33.39951,true,-1.436353,2.408295,1.11471,"(0.0209,0.9945,0.1017,-0.0100)",false,0,0,0,NA,-1,-1,-1,-1,-1,-2,-2,true,-1.603887,2.214121,0.8306832,"(-0.2047,0.9539,0.1344,-0.1736)",0,0,0,0,0,0,0
3,"Environment: 1, AimModifier: 1",33.41343,true,-1.436618,2.40832,1.114679,"(0.0205,0.9945,0.1019,-0.0099)",false,0,0,0,NA,-1,-1,-1,-1,-1,-2,-2,true,-1.605393,2.213946,0.8303904,"(-0.2061,0.9535,0.1334,-0.1747)",0,0,0,0,0,0,0
3,"Environment: 1, AimModifier: 1",33.4274,true,-1.436886,2.408375,1.114628,"(0.0200,0.9945,0.1021,-0.0100)",false,0,0,0,NA,-1,-1,-1,-1,-1,-2,-2,true,-1.606949,2.213824,0.8302213,"(-0.2082,0.9527,0.1336,-0.1766)",0,0,0,0,0,0,0
3,"Environment: 1, AimModifier: 1",33.4415,true,-1.437182,2.408484,1.114535,"(0.0194,0.9945,0.1022,-0.0102)",false,0,0,0,NA,-1,-1,-1,-1,-1,-2,-2,true,-1.608527,2.21369,0.8300931,"(-0.2110,0.9518,0.1336,-0.1783)",0,0,0,0,0,0,0
3,"Environment: 1, AimModifier: 1",33.45533,true,-1.437561,2.408597,1.114345,"(0.0188,0.9945,0.1025,-0.0105)",false,0,0,0,NA,-1,-1,-1,-1,-1,-2,-2,true,-1.609807,2.213526,0.829983,"(-0.2135,0.9511,0.1331,-0.1794)",0,0,0,0,0,0,0
3,"Environment: 1, AimModifier: 1",33.46943,true,-1.437857,2.408665,1.114233,"(0.0180,0.9945,0.1028,-0.0110)",false,0,0,0,NA,-1,-1,-1,-1,-1,-2,-2,true,-1.610743,2.213395,0.8298366,"(-0.2151,0.9508,0.1328,-0.1791)",0,0,0,0,0,0,0
3,"Environment: 1, AimModifier: 1",33.48358,true,-1.438192,2.408808,1.114084,"(0.0173,0.9945,0.1028,-0.0113)",false,0,0,0,NA,-1,-1,-1,-1,-1,-2,-2,true,-1.611592,2.21325,0.8296415,"(-0.2163,0.9505,0.1324,-0.1793)",0,0,0,0,0,0,0
3,"Environment: 1, AimModifier: 1",33.49752,true,-1.438536,2.408854,1.11396,"(0.0167,0.9944,0.1034,-0.0119)",false,0,0,0,NA,-1,-1,-1,-1,-1,-2,-2,true,-1.612342,2.213115,0.8294622,"(-0.2170,0.9503,0.1318,-0.1800)",0,0,0,0,0,0,0
3,"Environment: 1, AimModifier: 1",33.51113,true,-1.438902,2.408969,1.113906,"(0.0161,0.9944,0.1040,-0.0125)",false,0,0,0,NA,-1,-1,-1,-1,-1,-2,-2,true,-1.613058,2.213023,0.8294068,"(-0.2175,0.9500,0.1322,-0.1811)",0,0,0,0,0,0,0
3,"Environment: 1, AimModifier: 1",33.52535,true,-1.439157,2.409005,1.113916,"(0.0154,0.9943,0.1044,-0.0134)",false,0,0,0,NA,-1,-1,-1,-1,-1,-2,-2,true,-1.613772,2.212943,0.8294293,"(-0.2183,0.9494,0.1328,-0.1825)",0,0,0,0,0,0,0
3,"Environment: 1, AimModifier: 1",33.5393,true,-1.43952,2.408972,1.113805,"(0.0143,0.9943,0.1044,-0.0144)",false,0,0,0,NA,-1,-1,-1,-1,-1,-2,-2,true,-1.614183,2.212849,0.8294891,"(-0.2178,0.9492,0.1335,-0.1838)",0,0,0,0,0,0,0
3,"Environment: 1, AimModifier: 1",33.55302,true,-1.439885,2.408859,1.113777,"(0.0133,0.9943,0.1042,-0.0156)",false,0,0,0,NA,-1,-1,-1,-1,-1,-2,-2,true,-1.614187,2.212769,0.8295324,"(-0.2166,0.9493,0.1340,-0.1843)",0,0,0,0,0,0,0
3,"Environment: 1, AimModifier: 1",33.56682,true,-1.440266,2.408829,1.113634,"(0.0124,0.9944,0.1037,-0.0169)",false,0,0,0,NA,-1,-1,-1,-1,-1,-2,-2,true,-1.613949,2.212688,0.8295566,"(-0.2159,0.9495,0.1341,-0.1839)",0,0,0,0,0,0,0
3,"Environment: 1, AimModifier: 1",33.58097,true,-1.440702,2.408773,1.113531,"(0.0115,0.9944,0.1035,-0.0183)",false,0,0,0,NA,-1,-1,-1,-1,-1,-2,-2,true,-1.613837,2.212613,0.8295692,"(-0.2158,0.9496,0.1340,-0.1835)",0,0,0,0,0,0,0
3,"Environment: 1, AimModifier: 1",33.59436,true,-1.441117,2.408753,1.113467,"(0.0108,0.9944,0.1033,-0.0200)",false,0,0,0,NA,-1,-1,-1,-1,-1,-2,-2,true,-1.613834,2.212477,0.8295501,"(-0.2160,0.9497,0.1338,-0.1833)",0,0,0,0,0,0,0
3,"Environment: 1, AimModifier: 1",33.6084,true,-1.441589,2.408689,1.113404,"(0.0103,0.9944,0.1028,-0.0218)",false,0,0,0,NA,-1,-1,-1,-1,-1,-2,-2,true,-1.614112,2.21219,0.8295056,"(-0.2161,0.9496,0.1335,-0.1838)",0,0,0,0,0,0,0
3,"Environment: 1, AimModifier: 1",33.62266,true,-1.442067,2.408557,1.113349,"(0.0099,0.9944,0.1024,-0.0239)",false,0,0,0,NA,-1,-1,-1,-1,-1,-2,-2,true,-1.61437,2.211813,0.8294959,"(-0.2158,0.9494,0.1335,-0.1849)",0,0,0,0,0,0,0
3,"Environment: 1, AimModifier: 1",33.63659,true,-1.44251,2.40844,1.113298,"(0.0090,0.9944,0.1019,-0.0264)",false,0,0,0,NA,-1,-1,-1,-1,-1,-2,-2,true,-1.614407,2.21147,0.8295127,"(-0.2150,0.9495,0.1335,-0.1857)",0,0,0,0,0,0,0
3,"Environment: 1, AimModifier: 1",33.65025,true,-1.443084,2.408332,1.113208,"(0.0086,0.9944,0.1018,-0.0287)",false,0,0,0,NA,-1,-1,-1,-1,-1,-2,-2,true,-1.614295,2.211205,0.8294955,"(-0.2143,0.9496,0.1334,-0.1857)",0,0,0,0,0,0,0
3,"Environment: 1, AimModifier: 1",33.66439,true,-1.443647,2.408274,1.113188,"(0.0083,0.9943,0.1014,-0.0315)",false,0,0,0,NA,-1,-1,-1,-1,-1,-2,-2,true,-1.614173,2.210942,0.829465,"(-0.2140,0.9497,0.1333,-0.1855)",0,0,0,0,0,0,0
3,"Environment: 1, AimModifier: 1",33.67827,true,-1.444179,2.408198,1.113152,"(0.0083,0.9943,0.1009,-0.0345)",false,0,0,0,NA,-1,-1,-1,-1,-1,-2,-2,true,-1.614062,2.210665,0.8294255,"(-0.2137,0.9499,0.1330,-0.1854)",0,0,0,0,0,0,0
3,"Environment: 1, AimModifier: 1",33.69201,true,-1.444793,2.408009,1.113174,"(0.0079,0.9942,0.1005,-0.0373)",false,0,0,0,NA,-1,-1,-1,-1,-1,-2,-2,true,-1.613902,2.210272,0.8293694,"(-0.2133,0.9500,0.1326,-0.1855)",0,0,0,0,0,0,0
3,"Environment: 1, AimModifier: 1",33.70587,true,-1.445369,2.407852,1.11329,"(0.0081,0.9942,0.0998,-0.0402)",false,0,0,0,NA,-1,-1,-1,-1,-1,-2,-2,true,-1.613664,2.209845,0.8292738,"(-0.2126,0.9502,0.1323,-0.1857)",0,0,0,0,0,0,0
3,"Environment: 1, AimModifier: 1",33.71977,true,-1.445848,2.40772,1.113428,"(0.0084,0.9941,0.0991,-0.0433)",false,0,0,0,NA,-1,-1,-1,-1,-1,-2,-2,true,-1.613325,2.209356,0.8290895,"(-0.2120,0.9505,0.1313,-0.1857)",0,0,0,0,0,0,0
3,"Environment: 1, AimModifier: 1",33.73351,true,-1.446351,2.407559,1.113549,"(0.0085,0.9940,0.0987,-0.0463)",false,0,0,0,NA,-1,-1,-1,-1,-1,-2,-2,true,-1.612984,2.208951,0.8289255,"(-0.2120,0.9507,0.1303,-0.1849)",0,0,0,0,0,0,0
3,"Environment: 1, AimModifier: 1",33.74784,true,-1.447003,2.407413,1.113602,"(0.0085,0.9939,0.0985,-0.0486)",false,0,0,0,NA,-1,-1,-1,-1,-1,-2,-2,true,-1.61269,2.208596,0.8288012,"(-0.2124,0.9509,0.1293,-0.1841)",0,0,0,0,0,0,0
3,"Environment: 1, AimModifier: 1",33.76154,true,-1.447359,2.407369,1.113695,"(0.0085,0.9938,0.0979,-0.0517)",false,0,0,0,NA,-1,-1,-1,-1,-1,-2,-2,true,-1.612417,2.208363,0.8287431,"(-0.2126,0.9512,0.1286,-0.1832)",0,0,0,0,0,0,0
3,"Environment: 1, AimModifier: 1",33.77526,true,-1.447856,2.407261,1.113806,"(0.0086,0.9937,0.0976,-0.0539)",false,0,0,0,NA,-1,-1,-1,-1,-1,-2,-2,true,-1.612265,2.208333,0.8287455,"(-0.2127,0.9512,0.1286,-0.1829)",0,0,0,0,0,0,0
3,"Environment: 1, AimModifier: 1",33.78934,true,-1.448295,2.407252,1.113887,"(0.0083,0.9936,0.0971,-0.0562)",false,0,0,0,NA,-1,-1,-1,-1,-1,-2,-2,true,-1.61209,2.208296,0.8287222,"(-0.2124,0.9513,0.1285,-0.1829)",0,0,0,0,0,0,0
3,"Environment: 1, AimModifier: 1",33.8032,true,-1.44878,2.407135,1.114035,"(0.0077,0.9935,0.0971,-0.0583)",false,0,0,0,NA,-1,-1,-1,-1,-1,-2,-2,true,-1.611935,2.208268,0.8287171,"(-0.2122,0.9513,0.1285,-0.1829)",0,0,0,0,0,0,0
3,"Environment: 1, AimModifier: 1",33.81709,true,-1.449163,2.407121,1.114153,"(0.0075,0.9934,0.0970,-0.0601)",false,0,0,0,NA,-1,-1,-1,-1,-1,-2,-2,true,-1.611693,2.208203,0.8287245,"(-0.2118,0.9515,0.1284,-0.1826)",0,0,0,0,0,0,0
3,"Environment: 1, AimModifier: 1",33.83101,true,-1.449596,2.407102,1.114233,"(0.0072,0.9933,0.0971,-0.0620)",false,0,0,0,NA,-1,-1,-1,-1,-1,-2,-2,true,-1.611346,2.208179,0.8287619,"(-0.2110,0.9518,0.1285,-0.1820)",0,0,0,0,0,0,0
3,"Environment: 1, AimModifier: 1",33.84498,true,-1.45002,2.407153,1.114293,"(0.0068,0.9932,0.0971,-0.0635)",false,0,0,0,NA,-1,-1,-1,-1,-1,-2,-2,true,-1.611207,2.208211,0.8287784,"(-0.2107,0.9518,0.1288,-0.1817)",0,0,0,0,0,0,0
3,"Environment: 1, AimModifier: 1",33.85886,true,-1.450382,2.407102,1.114338,"(0.0062,0.9931,0.0973,-0.0651)",false,0,0,0,NA,-1,-1,-1,-1,-1,-2,-2,true,-1.611213,2.208216,0.8287489,"(-0.2109,0.9518,0.1289,-0.1819)",0,0,0,0,0,0,0
3,"Environment: 1, AimModifier: 1",33.87273,true,-1.450707,2.40706,1.114408,"(0.0060,0.9930,0.0973,-0.0663)",false,0,0,0,NA,-1,-1,-1,-1,-1,-2,-2,true,-1.611139,2.208212,0.8287189,"(-0.2110,0.9517,0.1289,-0.1818)",0,0,0,0,0,0,0
3,"Environment: 1, AimModifier: 1",33.88676,true,-1.450992,2.407015,1.114446,"(0.0054,0.9930,0.0973,-0.0674)",false,0,0,0,NA,-1,-1,-1,-1,-1,-2,-2,true,-1.61105,2.208225,0.8287088,"(-0.2111,0.9518,0.1288,-0.1816)",0,0,0,0,0,0,0
3,"Environment: 1, AimModifier: 1",33.90047,true,-1.451309,2.407055,1.114433,"(0.0049,0.9929,0.0972,-0.0681)",false,0,0,0,NA,-1,-1,-1,-1,-1,-2,-2,true,-1.61097,2.208251,0.8286865,"(-0.2112,0.9518,0.1288,-0.1813)",0,0,0,0,0,0,0
3,"Environment: 1, AimModifier: 1",33.91433,true,-1.451636,2.407073,1.11447,"(0.0045,0.9929,0.0973,-0.0688)",false,0,0,0,NA,-1,-1,-1,-1,-1,-2,-2,true,-1.610917,2.208259,0.8286454,"(-0.2111,0.9519,0.1288,-0.1812)",0,0,0,0,0,0,0
3,"Environment: 1, AimModifier: 1",33.92801,true,-1.451906,2.407043,1.114521,"(0.0041,0.9928,0.0976,-0.0697)",false,0,0,0,NA,-1,-1,-1,-1,-1,-2,-2,true,-1.610885,2.208279,0.8285964,"(-0.2109,0.9519,0.1289,-0.1810)",0,0,0,0,0,0,0
3,"Environment: 1, AimModifier: 1",33.94213,true,-1.452127,2.406999,1.114535,"(0.0037,0.9927,0.0978,-0.0704)",false,0,0,0,NA,-1,-1,-1,-1,-1,-2,-2,true,-1.610893,2.208289,0.8285592,"(-0.2109,0.9519,0.1289,-0.1810)",0,0,0,0,0,0,0
3,"Environment: 1, AimModifier: 1",33.9557,true,-1.452353,2.406976,1.114552,"(0.0033,0.9927,0.0976,-0.0708)",false,0,0,0,NA,-1,-1,-1,-1,-1,-2,-2,true,-1.610941,2.208322,0.8284831,"(-0.2111,0.9519,0.1289,-0.1809)",0,0,0,0,0,0,0
3,"Environment: 1, AimModifier: 1",33.96928,true,-1.452642,2.40698,1.114537,"(0.0030,0.9927,0.0973,-0.0711)",false,0,0,0,NA,-1,-1,-1,-1,-1,-2,-2,true,-1.610988,2.208316,0.8284014,"(-0.2114,0.9519,0.1287,-0.1808)",0,0,0,0,0,0,0
3,"Environment: 1, AimModifier: 1",33.98339,true,-1.452802,2.406905,1.114508,"(0.0026,0.9927,0.0969,-0.0712)",false,0,0,0,NA,-1,-1,-1,-1,-1,-2,-2,true,-1.61093,2.208299,0.8283525,"(-0.2116,0.9519,0.1283,-0.1805)",0,0,0,0,0,0,0
3,"Environment: 1, AimModifier: 1",33.99737,true,-1.452955,2.406845,1.114471,"(0.0022,0.9928,0.0967,-0.0713)",false,0,0,0,NA,-1,-1,-1,-1,-1,-2,-2,true,-1.610873,2.208273,0.8283139,"(-0.2116,0.9520,0.1282,-0.1801)",0,0,0,0,0,0,0
3,"Environment: 1, AimModifier: 1",34.01115,true,-1.453071,2.406828,1.114395,"(0.0017,0.9928,0.0967,-0.0713)",false,0,0,0,NA,-1,-1,-1,-1,-1,-2,-2,true,-1.610859,2.208199,0.8282341,"(-0.2116,0.9521,0.1279,-0.1799)",0,0,0,0,0,0,0
3,"Environment: 1, AimModifier: 1",34.02528,true,-1.453185,2.40682,1.114309,"(0.0014,0.9927,0.0968,-0.0714)",false,0,0,0,NA,-1,-1,-1,-1,-1,-2,-2,true,-1.6109,2.208111,0.8281505,"(-0.2118,0.9521,0.1277,-0.1798)",0,0,0,0,0,0,0
3,"Environment: 1, AimModifier: 1",34.03925,true,-1.453304,2.406816,1.114243,"(0.0014,0.9927,0.0968,-0.0713)",false,0,0,0,NA,-1,-1,-1,-1,-1,-2,-2,true,-1.610996,2.207928,0.8280181,"(-0.2125,0.9520,0.1273,-0.1801)",0,0,0,0,0,0,0
3,"Environment: 1, AimModifier: 1",34.05302,true,-1.453428,2.406823,1.11419,"(0.0014,0.9927,0.0970,-0.0716)",false,0,0,0,NA,-1,-1,-1,-1,-1,-2,-2,true,-1.610997,2.207804,0.8279526,"(-0.2128,0.9519,0.1269,-0.1805)",0,0,0,0,0,0,0
3,"Environment: 1, AimModifier: 1",34.06698,true,-1.453573,2.406838,1.114115,"(0.0014,0.9927,0.0972,-0.0717)",false,0,0,0,NA,-1,-1,-1,-1,-1,-2,-2,true,-1.610901,2.207733,0.8279262,"(-0.2127,0.9519,0.1267,-0.1803)",0,0,0,0,0,0,0
3,"Environment: 1, AimModifier: 1",34.08107,true,-1.453704,2.406831,1.114046,"(0.0010,0.9927,0.0972,-0.0719)",false,0,0,0,NA,-1,-1,-1,-1,-1,-2,-2,true,-1.610785,2.207554,0.8278346,"(-0.2126,0.9521,0.1265,-0.1799)",0,0,0,0,0,0,0
3,"Environment: 1, AimModifier: 1",34.09491,true,-1.453815,2.406797,1.113999,"(0.0010,0.9927,0.0970,-0.0721)",false,0,0,0,NA,-1,-1,-1,-1,-1,-2,-2,true,-1.61062,2.207258,0.8276878,"(-0.2122,0.9523,0.1263,-0.1793)",0,0,0,0,0,0,0
3,"Environment: 1, AimModifier: 1",34.1089,true,-1.453935,2.406754,1.113958,"(0.0010,0.9926,0.0971,-0.0724)",false,0,0,0,NA,-1,-1,-1,-1,-1,-2,-2,true,-1.610558,2.207065,0.8276124,"(-0.2122,0.9524,0.1259,-0.1793)",0,0,0,0,0,0,0
3,"Environment: 1, AimModifier: 1",34.12283,true,-1.454067,2.406735,1.11393,"(0.0009,0.9927,0.0967,-0.0725)",false,0,0,0,NA,-1,-1,-1,-1,-1,-2,-2,true,-1.610446,2.206663,0.8274741,"(-0.2124,0.9524,0.1251,-0.1794)",0,0,0,0,0,0,0
3,"Environment: 1, AimModifier: 1",34.13651,true,-1.454185,2.40666,1.113878,"(0.0008,0.9927,0.0967,-0.0725)",false,0,0,0,NA,-1,-1,-1,-1,-1,-2,-2,true,-1.610324,2.206356,0.8273643,"(-0.2126,0.9525,0.1243,-0.1792)",0,0,0,0,0,0,0
3,"Environment: 1, AimModifier: 1",34.15029,true,-1.454273,2.406562,1.113844,"(0.0007,0.9927,0.0962,-0.0727)",false,0,0,0,NA,-1,-1,-1,-1,-1,-2,-2,true,-1.610129,2.206064,0.8272618,"(-0.2124,0.9527,0.1238,-0.1788)",0,0,0,0,0,0,0
3,"Environment: 1, AimModifier: 1",34.16452,true,-1.454355,2.406431,1.113813,"(0.0003,0.9927,0.0960,-0.0729)",false,0,0,0,NA,-1,-1,-1,-1,-1,-2,-2,true,-1.609896,2.205773,0.8271694,"(-0.2120,0.9529,0.1233,-0.1784)",0,0,0,0,0,0,0
3,"Environment: 1, AimModifier: 1",34.17844,true,-1.454443,2.406323,1.113795,"(0.0001,0.9927,0.0954,-0.0733)",false,0,0,0,NA,-1,-1,-1,-1,-1,-2,-2,true,-1.609742,2.205545,0.8270946,"(-0.2118,0.9530,0.1231,-0.1781)",0,0,0,0,0,0,0
3,"Environment: 1, AimModifier: 1",34.19218,true,-1.454538,2.406224,1.113803,"(0.0003,0.9928,0.0949,-0.0734)",false,0,0,0,NA,-1,-1,-1,-1,-1,-2,-2,true,-1.609595,2.205273,0.8269907,"(-0.2117,0.9532,0.1226,-0.1778)",0,0,0,0,0,0,0
3,"Environment: 1, AimModifier: 1",34.20627,true,-1.454606,2.406191,1.113778,"(0.0003,0.9928,0.0948,-0.0738)",false,0,0,0,NA,-1,-1,-1,-1,-1,-2,-2,true,-1.609466,2.20502,0.8268963,"(-0.2117,0.9533,0.1221,-0.1775)",0,0,0,0,0,0,0
3,"Environment: 1, AimModifier: 1",34.22012,true,-1.454662,2.406167,1.113739,"(0.0000,0.9927,0.0949,-0.0741)",false,0,0,0,NA,-1,-1,-1,-1,-1,-2,-2,true,-1.60935,2.204827,0.8268452,"(-0.2118,0.9534,0.1216,-0.1773)",0,0,0,0,0,0,0
3,"Environment: 1, AimModifier: 1",34.23384,true,-1.454721,2.406147,1.113706,"(0.0000,0.9927,0.0947,-0.0747)",false,0,0,0,NA,-1,-1,-1,-1,-1,-2,-2,true,-1.609215,2.204641,0.826812,"(-0.2116,0.9535,0.1212,-0.1770)",0,0,0,0,0,0,0
3,"Environment: 1, AimModifier: 1",34.24813,true,-1.454818,2.406136,1.113671,"(0.0000,0.9927,0.0950,-0.0749)",false,0,0,0,NA,-1,-1,-1,-1,-1,-2,-2,true,-1.609138,2.204563,0.8268188,"(-0.2114,0.9536,0.1212,-0.1770)",0,0,0,0,0,0,0
3,"Environment: 1, AimModifier: 1",34.26175,true,-1.454902,2.406108,1.113639,"(-0.0001,0.9926,0.0950,-0.0751)",false,0,0,0,NA,-1,-1,-1,-1,-1,-2,-2,true,-1.609014,2.204438,0.8268262,"(-0.2109,0.9537,0.1213,-0.1770)",0,0,0,0,0,0,0
3,"Environment: 1, AimModifier: 1",34.27503,true,-1.454966,2.406048,1.113613,"(-0.0003,0.9926,0.0947,-0.0753)",false,0,0,0,NA,-1,-1,-1,-1,-1,-2,-2,true,-1.608833,2.204278,0.8268062,"(-0.2100,0.9538,0.1213,-0.1772)",0,0,0,0,0,0,0
3,"Environment: 1, AimModifier: 1",34.28925,true,-1.455055,2.405999,1.113581,"(-0.0005,0.9926,0.0946,-0.0756)",false,0,0,0,NA,-1,-1,-1,-1,-1,-2,-2,true,-1.608833,2.204278,0.8268062,"(-0.2100,0.9538,0.1213,-0.1772)",0,0,0,0,0,0,0
3,"Environment: 1, AimModifier: 1",34.3028,true,-1.455127,2.405935,1.11356,"(-0.0008,0.9927,0.0942,-0.0757)",false,0,0,0,NA,-1,-1,-1,-1,-1,-2,-2,true,-1.608773,2.204228,0.8267919,"(-0.2097,0.9539,0.1213,-0.1774)",0,0,0,0,0,0,0
3,"Environment: 1, AimModifier: 1",34.3167,true,-1.455209,2.405884,1.113532,"(-0.0010,0.9927,0.0940,-0.0759)",false,0,0,0,NA,-1,-1,-1,-1,-1,-2,-2,true,-1.608773,2.204228,0.8267919,"(-0.2097,0.9539,0.1213,-0.1774)",0,0,0,0,0,0,0
3,"Environment: 1, AimModifier: 1",34.33076,true,-1.455209,2.405951,1.113489,"(-0.0006,0.9927,0.0938,-0.0758)",false,0,0,0,NA,-1,-1,-1,-1,-1,-2,-2,true,-1.608451,2.204011,0.8266262,"(-0.2085,0.9541,0.1210,-0.1777)",0,0,0,0,0,0,0
3,"Environment: 1, AimModifier: 1",34.34466,true,-1.455264,2.405879,1.113492,"(-0.0008,0.9927,0.0935,-0.0760)",false,0,0,0,NA,-1,-1,-1,-1,-1,-2,-2,true,-1.608285,2.203918,0.8265172,"(-0.2083,0.9543,0.1207,-0.1772)",0,0,0,0,0,0,0
3,"Environment: 1, AimModifier: 1",34.35841,true,-1.455322,2.405808,1.11351,"(-0.0009,0.9927,0.0931,-0.0762)",false,0,0,0,NA,-1,-1,-1,-1,-1,-2,-2,true,-1.60815,2.203816,0.8263819,"(-0.2083,0.9544,0.1201,-0.1768)",0,0,0,0,0,0,0
3,"Environment: 1, AimModifier: 1",34.37189,true,-1.455393,2.405784,1.113519,"(-0.0009,0.9928,0.0929,-0.0762)",false,0,0,0,NA,-1,-1,-1,-1,-1,-2,-2,true,-1.608085,2.203727,0.8262652,"(-0.2085,0.9545,0.1196,-0.1766)",0,0,0,0,0,0,0
3,"Environment: 1, AimModifier: 1",34.38585,true,-1.455465,2.405795,1.113487,"(-0.0007,0.9927,0.0936,-0.0764)",false,0,0,0,NA,-1,-1,-1,-1,-1,-2,-2,true,-1.608067,2.203653,0.8261975,"(-0.2086,0.9545,0.1193,-0.1764)",0,0,0,0,0,0,0
3,"Environment: 1, AimModifier: 1",34.39974,true,-1.455527,2.405782,1.113444,"(-0.0008,0.9927,0.0936,-0.0766)",false,0,0,0,NA,-1,-1,-1,-1,-1,-2,-2,true,-1.608053,2.203599,0.8261509,"(-0.2087,0.9545,0.1191,-0.1764)",0,0,0,0,0,0,0
3,"Environment: 1, AimModifier: 1",34.41349,true,-1.455565,2.405741,1.113406,"(-0.0011,0.9926,0.0936,-0.0768)",false,0,0,0,NA,-1,-1,-1,-1,-1,-2,-2,true,-1.607996,2.203518,0.826039,"(-0.2086,0.9546,0.1188,-0.1763)",0,0,0,0,0,0,0
3,"Environment: 1, AimModifier: 1",34.42756,true,-1.455603,2.405667,1.113365,"(-0.0012,0.9926,0.0935,-0.0770)",false,0,0,0,NA,-1,-1,-1,-1,-1,-2,-2,true,-1.607872,2.203375,0.8258499,"(-0.2083,0.9548,0.1184,-0.1760)",0,0,0,0,0,0,0
3,"Environment: 1, AimModifier: 1",34.4417,true,-1.455651,2.405564,1.11334,"(-0.0013,0.9926,0.0934,-0.0773)",false,0,0,0,NA,-1,-1,-1,-1,-1,-2,-2,true,-1.607713,2.203167,0.825633,"(-0.2079,0.9551,0.1176,-0.1755)",0,0,0,0,0,0,0
3,"Environment: 1, AimModifier: 1",34.45573,true,-1.455704,2.405389,1.113305,"(-0.0017,0.9927,0.0928,-0.0774)",false,0,0,0,NA,-1,-1,-1,-1,-1,-2,-2,true,-1.607646,2.202983,0.8255366,"(-0.2082,0.9551,0.1170,-0.1752)",0,0,0,0,0,0,0
3,"Environment: 1, AimModifier: 1",34.46942,true,-1.455774,2.405212,1.113253,"(-0.0016,0.9927,0.0921,-0.0774)",false,0,0,0,NA,-1,-1,-1,-1,-1,-2,-2,true,-1.60765,2.202796,0.825482,"(-0.2086,0.9551,0.1166,-0.1753)",0,0,0,0,0,0,0
3,"Environment: 1, AimModifier: 1",34.4836,true,-1.455868,2.405086,1.113146,"(-0.0015,0.9927,0.0918,-0.0776)",false,0,0,0,NA,-1,-1,-1,-1,-1,-2,-2,true,-1.607677,2.20264,0.8254321,"(-0.2088,0.9550,0.1163,-0.1755)",0,0,0,0,0,0,0
3,"Environment: 1, AimModifier: 1",34.49748,true,-1.455956,2.404989,1.112984,"(-0.0018,0.9927,0.0919,-0.0775)",false,0,0,0,NA,-1,-1,-1,-1,-1,-2,-2,true,-1.607657,2.202469,0.8253792,"(-0.2087,0.9550,0.1161,-0.1757)",0,0,0,0,0,0,0
3,"Environment: 1, AimModifier: 1",34.5112,true,-1.45599,2.404946,1.112771,"(-0.0022,0.9927,0.0917,-0.0779)",false,0,0,0,NA,-1,-1,-1,-1,-1,-2,-2,true,-1.607545,2.20211,0.8252337,"(-0.2084,0.9552,0.1157,-0.1756)",0,0,0,0,0,0,0
3,"Environment: 1, AimModifier: 1",34.52534,true,-1.456049,2.404898,1.112585,"(-0.0024,0.9927,0.0916,-0.0779)",false,0,0,0,NA,-1,-1,-1,-1,-1,-2,-2,true,-1.607394,2.201682,0.8250455,"(-0.2081,0.9554,0.1151,-0.1750)",0,0,0,0,0,0,0
3,"Environment: 1, AimModifier: 1",34.53914,true,-1.456167,2.404824,1.112436,"(-0.0021,0.9927,0.0914,-0.0783)",false,0,0,0,NA,-1,-1,-1,-1,-1,-2,-2,true,-1.607214,2.200992,0.8247051,"(-0.2083,0.9557,0.1136,-0.1742)",0,0,0,0,0,0,0
3,"Environment: 1, AimModifier: 1",34.55291,true,-1.456337,2.404754,1.112309,"(-0.0017,0.9927,0.0912,-0.0788)",false,0,0,0,NA,-1,-1,-1,-1,-1,-2,-2,true,-1.607194,2.200327,0.8243799,"(-0.2088,0.9558,0.1119,-0.1741)",0,0,0,0,0,0,0
3,"Environment: 1, AimModifier: 1",34.56694,true,-1.45651,2.40468,1.112211,"(-0.0016,0.9927,0.0908,-0.0795)",false,0,0,0,NA,-1,-1,-1,-1,-1,-2,-2,true,-1.607229,2.19999,0.8242553,"(-0.2091,0.9558,0.1113,-0.1743)",0,0,0,0,0,0,0
3,"Environment: 1, AimModifier: 1",34.58108,true,-1.456669,2.404608,1.112123,"(-0.0014,0.9927,0.0907,-0.0801)",false,0,0,0,NA,-1,-1,-1,-1,-1,-2,-2,true,-1.607203,2.19961,0.8240802,"(-0.2088,0.9558,0.1109,-0.1746)",0,0,0,0,0,0,0
3,"Environment: 1, AimModifier: 1",34.59479,true,-1.456793,2.404547,1.112048,"(-0.0016,0.9926,0.0903,-0.0807)",false,0,0,0,NA,-1,-1,-1,-1,-1,-2,-2,true,-1.60716,2.199301,0.8239306,"(-0.2083,0.9559,0.1109,-0.1747)",0,0,0,0,0,0,0
3,"Environment: 1, AimModifier: 1",34.60867,true,-1.456923,2.404502,1.111988,"(-0.0016,0.9926,0.0901,-0.0811)",false,0,0,0,NA,-1,-1,-1,-1,-1,-2,-2,true,-1.607141,2.198895,0.8237358,"(-0.2082,0.9560,0.1103,-0.1748)",0,0,0,0,0,0,0
3,"Environment: 1, AimModifier: 1",34.62281,true,-1.45705,2.404484,1.111936,"(-0.0013,0.9926,0.0897,-0.0818)",false,0,0,0,NA,-1,-1,-1,-1,-1,-2,-2,true,-1.607144,2.198278,0.8234245,"(-0.2082,0.9561,0.1090,-0.1748)",0,0,0,0,0,0,0
3,"Environment: 1, AimModifier: 1",34.63638,true,-1.45723,2.404435,1.11187,"(-0.0016,0.9926,0.0897,-0.0822)",false,0,0,0,NA,-1,-1,-1,-1,-1,-2,-2,true,-1.607162,2.197644,0.8230443,"(-0.2082,0.9564,0.1073,-0.1747)",0,0,0,0,0,0,0
3,"Environment: 1, AimModifier: 1",34.65022,true,-1.457388,2.404401,1.111823,"(-0.0016,0.9926,0.0893,-0.0828)",false,0,0,0,NA,-1,-1,-1,-1,-1,-2,-2,true,-1.60715,2.197129,0.8226395,"(-0.2082,0.9566,0.1055,-0.1746)",0,0,0,0,0,0,0
3,"Environment: 1, AimModifier: 1",34.66435,true,-1.457559,2.404356,1.111786,"(-0.0021,0.9926,0.0891,-0.0831)",false,0,0,0,NA,-1,-1,-1,-1,-1,-2,-2,true,-1.607178,2.196835,0.8223653,"(-0.2082,0.9566,0.1046,-0.1748)",0,0,0,0,0,0,0
3,"Environment: 1, AimModifier: 1",34.67828,true,-1.457702,2.4043,1.111757,"(-0.0026,0.9925,0.0889,-0.0836)",false,0,0,0,NA,-1,-1,-1,-1,-1,-2,-2,true,-1.607278,2.196546,0.8220979,"(-0.2083,0.9567,0.1037,-0.1750)",0,0,0,0,0,0,0
3,"Environment: 1, AimModifier: 1",34.69209,true,-1.457857,2.404275,1.111719,"(-0.0028,0.9925,0.0888,-0.0839)",false,0,0,0,NA,-1,-1,-1,-1,-1,-2,-2,true,-1.60743,2.196237,0.8218234,"(-0.2085,0.9567,0.1025,-0.1754)",0,0,0,0,0,0,0
3,"Environment: 1, AimModifier: 1",34.70616,true,-1.458005,2.404286,1.111647,"(-0.0030,0.9925,0.0888,-0.0842)",false,0,0,0,NA,-1,-1,-1,-1,-1,-2,-2,true,-1.607646,2.195864,0.8214467,"(-0.2090,0.9567,0.1008,-0.1758)",0,0,0,0,0,0,0
3,"Environment: 1, AimModifier: 1",34.72009,true,-1.45815,2.404286,1.111582,"(-0.0033,0.9925,0.0887,-0.0846)",false,0,0,0,NA,-1,-1,-1,-1,-1,-2,-2,true,-1.607772,2.195654,0.8211937,"(-0.2095,0.9567,0.0998,-0.1758)",0,0,0,0,0,0,0
3,"Environment: 1, AimModifier: 1",34.7341,true,-1.458287,2.404254,1.111554,"(-0.0034,0.9924,0.0886,-0.0849)",false,0,0,0,NA,-1,-1,-1,-1,-1,-2,-2,true,-1.607908,2.195423,0.8209144,"(-0.2106,0.9567,0.0985,-0.1753)",0,0,0,0,0,0,0
3,"Environment: 1, AimModifier: 1",34.74797,true,-1.458413,2.404208,1.111562,"(-0.0036,0.9925,0.0881,-0.0852)",false,0,0,0,NA,-1,-1,-1,-1,-1,-2,-2,true,-1.608011,2.195204,0.8207326,"(-0.2119,0.9566,0.0975,-0.1748)",0,0,0,0,0,0,0
3,"Environment: 1, AimModifier: 1",34.76177,true,-1.458532,2.404136,1.111598,"(-0.0035,0.9925,0.0878,-0.0855)",false,0,0,0,NA,-1,-1,-1,-1,-1,-2,-2,true,-1.608059,2.194923,0.8205068,"(-0.2128,0.9567,0.0957,-0.1742)",0,0,0,0,0,0,0
3,"Environment: 1, AimModifier: 1",34.77533,true,-1.458655,2.404069,1.111631,"(-0.0034,0.9924,0.0876,-0.0858)",false,0,0,0,NA,-1,-1,-1,-1,-1,-2,-2,true,-1.608115,2.194583,0.820242,"(-0.2136,0.9568,0.0935,-0.1737)",0,0,0,0,0,0,0
3,"Environment: 1, AimModifier: 1",34.78947,true,-1.458767,2.404003,1.111667,"(-0.0035,0.9924,0.0875,-0.0861)",false,0,0,0,NA,-1,-1,-1,-1,-1,-2,-2,true,-1.608261,2.194242,0.820018,"(-0.2154,0.9567,0.0914,-0.1733)",0,0,0,0,0,0,0
3,"Environment: 1, AimModifier: 1",34.80336,true,-1.458866,2.403989,1.11165,"(-0.0035,0.9924,0.0875,-0.0864)",false,0,0,0,NA,-1,-1,-1,-1,-1,-2,-2,true,-1.608443,2.193915,0.8198694,"(-0.2176,0.9565,0.0895,-0.1727)",0,0,0,0,0,0,0
3,"Environment: 1, AimModifier: 1",34.81747,true,-1.458975,2.403985,1.111635,"(-0.0037,0.9924,0.0873,-0.0866)",false,0,0,0,NA,-1,-1,-1,-1,-1,-2,-2,true,-1.608624,2.193519,0.8196895,"(-0.2187,0.9564,0.0876,-0.1727)",0,0,0,0,0,0,0
3,"Environment: 1, AimModifier: 1",34.83098,true,-1.459078,2.403954,1.111656,"(-0.0039,0.9924,0.0871,-0.0869)",false,0,0,0,NA,-1,-1,-1,-1,-1,-2,-2,true,-1.608724,2.19306,0.8194281,"(-0.2185,0.9565,0.0859,-0.1732)",0,0,0,0,0,0,0
3,"Environment: 1, AimModifier: 1",34.84504,true,-1.45916,2.403883,1.111722,"(-0.0042,0.9924,0.0869,-0.0871)",false,0,0,0,NA,-1,-1,-1,-1,-1,-2,-2,true,-1.608839,2.192528,0.8190601,"(-0.2186,0.9566,0.0841,-0.1736)",0,0,0,0,0,0,0
3,"Environment: 1, AimModifier: 1",34.85879,true,-1.459238,2.403806,1.111807,"(-0.0043,0.9924,0.0865,-0.0872)",false,0,0,0,NA,-1,-1,-1,-1,-1,-2,-2,true,-1.609036,2.191867,0.8185933,"(-0.2200,0.9564,0.0813,-0.1743)",0,0,0,0,0,0,0
3,"Environment: 1, AimModifier: 1",34.87258,true,-1.459314,2.403749,1.111905,"(-0.0042,0.9925,0.0860,-0.0872)",false,0,0,0,NA,-1,-1,-1,-1,-1,-2,-2,true,-1.609151,2.191192,0.8180878,"(-0.2205,0.9565,0.0788,-0.1743)",0,0,0,0,0,0,0
3,"Environment: 1, AimModifier: 1",34.88657,true,-1.459388,2.403687,1.112015,"(-0.0042,0.9925,0.0857,-0.0874)",false,0,0,0,NA,-1,-1,-1,-1,-1,-2,-2,true,-1.609164,2.190587,0.8176154,"(-0.2191,0.9568,0.0770,-0.1748)",0,0,0,0,0,0,0
3,"Environment: 1, AimModifier: 1",34.90025,true,-1.459458,2.403624,1.1121,"(-0.0041,0.9925,0.0854,-0.0874)",false,0,0,0,NA,-1,-1,-1,-1,-1,-2,-2,true,-1.609258,2.190022,0.8172035,"(-0.2177,0.9570,0.0762,-0.1758)",0,0,0,0,0,0,0
3,"Environment: 1, AimModifier: 1",34.91423,true,-1.459498,2.403555,1.112163,"(-0.0042,0.9925,0.0850,-0.0875)",false,0,0,0,NA,-1,-1,-1,-1,-1,-2,-2,true,-1.609379,2.189322,0.8166652,"(-0.2151,0.9574,0.0749,-0.1773)",0,0,0,0,0,0,0
3,"Environment: 1, AimModifier: 1",34.92818,true,-1.459537,2.403488,1.112208,"(-0.0044,0.9926,0.0846,-0.0874)",false,0,0,0,NA,-1,-1,-1,-1,-1,-2,-2,true,-1.609496,2.188363,0.8159451,"(-0.2130,0.9578,0.0711,-0.1792)",0,0,0,0,0,0,0
3,"Environment: 1, AimModifier: 1",34.94205,true,-1.459584,2.403413,1.112252,"(-0.0048,0.9925,0.0849,-0.0874)",false,0,0,0,NA,-1,-1,-1,-1,-1,-2,-2,true,-1.609645,2.187325,0.8151503,"(-0.2130,0.9581,0.0664,-0.1797)",0,0,0,0,0,0,0
3,"Environment: 1, AimModifier: 1",34.95573,true,-1.459647,2.403386,1.112277,"(-0.0047,0.9925,0.0852,-0.0873)",false,0,0,0,NA,-1,-1,-1,-1,-1,-2,-2,true,-1.609822,2.186359,0.8144628,"(-0.2134,0.9581,0.0629,-0.1804)",0,0,0,0,0,0,0
3,"Environment: 1, AimModifier: 1",34.9697,true,-1.459727,2.403354,1.112288,"(-0.0049,0.9925,0.0853,-0.0872)",false,0,0,0,NA,-1,-1,-1,-1,-1,-2,-2,true,-1.610049,2.185483,0.8139462,"(-0.2144,0.9579,0.0605,-0.1811)",0,0,0,0,0,0,0
3,"Environment: 1, AimModifier: 1",34.98376,true,-1.459797,2.403326,1.112308,"(-0.0053,0.9925,0.0854,-0.0873)",false,0,0,0,NA,-1,-1,-1,-1,-1,-2,-2,true,-1.610239,2.18477,0.8135918,"(-0.2151,0.9577,0.0594,-0.1816)",0,0,0,0,0,0,0
3,"Environment: 1, AimModifier: 1",34.99758,true,-1.45984,2.403281,1.112315,"(-0.0055,0.9925,0.0853,-0.0873)",false,0,0,0,NA,-1,-1,-1,-1,-1,-2,-2,true,-1.610396,2.184059,0.8132358,"(-0.2153,0.9576,0.0582,-0.1821)",0,0,0,0,0,0,0
3,"Environment: 1, AimModifier: 1",35.01131,true,-1.45986,2.403251,1.112277,"(-0.0057,0.9925,0.0852,-0.0874)",false,0,0,0,NA,-1,-1,-1,-1,-1,-2,-2,true,-1.610529,2.183236,0.8127975,"(-0.2154,0.9577,0.0562,-0.1826)",0,0,0,0,0,0,0
3,"Environment: 1, AimModifier: 1",35.02542,true,-1.459879,2.403213,1.112252,"(-0.0058,0.9925,0.0851,-0.0874)",false,0,0,0,NA,-1,-1,-1,-1,-1,-2,-2,true,-1.610676,2.182366,0.8123162,"(-0.2156,0.9577,0.0534,-0.1831)",0,0,0,0,0,0,0
3,"Environment: 1, AimModifier: 1",35.03937,true,-1.459948,2.40321,1.112274,"(-0.0059,0.9925,0.0850,-0.0876)",false,0,0,0,NA,-1,-1,-1,-1,-1,-2,-2,true,-1.61078,2.181522,0.811878,"(-0.2157,0.9578,0.0505,-0.1830)",0,0,0,0,0,0,0
3,"Environment: 1, AimModifier: 1",35.05333,true,-1.460035,2.40325,1.112268,"(-0.0058,0.9925,0.0852,-0.0876)",false,0,0,0,NA,-1,-1,-1,-1,-1,-2,-2,true,-1.610921,2.180749,0.8114278,"(-0.2164,0.9578,0.0472,-0.1832)",0,0,0,0,0,0,0
3,"Environment: 1, AimModifier: 1",35.0672,true,-1.46012,2.403315,1.11224,"(-0.0060,0.9924,0.0856,-0.0877)",false,0,0,0,NA,-1,-1,-1,-1,-1,-2,-2,true,-1.611099,2.18008,0.8110657,"(-0.2179,0.9576,0.0449,-0.1831)",0,0,0,0,0,0,0
3,"Environment: 1, AimModifier: 1",35.08126,true,-1.460179,2.403345,1.112215,"(-0.0063,0.9924,0.0857,-0.0878)",false,0,0,0,NA,-1,-1,-1,-1,-1,-2,-2,true,-1.61129,2.179535,0.8107236,"(-0.2197,0.9573,0.0433,-0.1826)",0,0,0,0,0,0,0
3,"Environment: 1, AimModifier: 1",35.09507,true,-1.460213,2.403361,1.112171,"(-0.0067,0.9924,0.0856,-0.0880)",false,0,0,0,NA,-1,-1,-1,-1,-1,-2,-2,true,-1.611428,2.179032,0.8103751,"(-0.2213,0.9572,0.0415,-0.1820)",0,0,0,0,0,0,0
3,"Environment: 1, AimModifier: 1",35.10918,true,-1.46021,2.403377,1.112073,"(-0.0066,0.9924,0.0855,-0.0882)",false,0,0,0,NA,-1,-1,-1,-1,-1,-2,-2,true,-1.611564,2.178622,0.8100611,"(-0.2227,0.9572,0.0397,-0.1807)",0,0,0,0,0,0,0
3,"Environment: 1, AimModifier: 1",35.12303,true,-1.460213,2.403387,1.111967,"(-0.0066,0.9924,0.0852,-0.0883)",false,0,0,0,NA,-1,-1,-1,-1,-1,-2,-2,true,-1.611789,2.178359,0.8098986,"(-0.2235,0.9571,0.0387,-0.1804)",0,0,0,0,0,0,0
3,"Environment: 1, AimModifier: 1",35.13669,true,-1.460262,2.403368,1.111941,"(-0.0068,0.9924,0.0852,-0.0883)",false,0,0,0,NA,-1,-1,-1,-1,-1,-2,-2,true,-1.612162,2.178267,0.8098874,"(-0.2243,0.9567,0.0386,-0.1813)",0,0,0,0,0,0,0
3,"Environment: 1, AimModifier: 1",35.15047,true,-1.460307,2.403384,1.111913,"(-0.0068,0.9924,0.0852,-0.0884)",false,0,0,0,NA,-1,-1,-1,-1,-1,-2,-2,true,-1.612354,2.178452,0.8099954,"(-0.2239,0.9566,0.0397,-0.1820)",0,0,0,0,0,0,0
3,"Environment: 1, AimModifier: 1",35.1646,true,-1.460356,2.403392,1.111883,"(-0.0068,0.9924,0.0852,-0.0886)",false,0,0,0,NA,-1,-1,-1,-1,-1,-2,-2,true,-1.612501,2.178673,0.810124,"(-0.2236,0.9565,0.0406,-0.1828)",0,0,0,0,0,0,0
3,"Environment: 1, AimModifier: 1",35.17858,true,-1.460399,2.403392,1.111859,"(-0.0069,0.9924,0.0853,-0.0888)",false,0,0,0,NA,-1,-1,-1,-1,-1,-2,-2,true,-1.612852,2.178631,0.8100798,"(-0.2245,0.9562,0.0401,-0.1833)",0,0,0,0,0,0,0
3,"Environment: 1, AimModifier: 1",35.19227,true,-1.460447,2.40338,1.111844,"(-0.0069,0.9924,0.0852,-0.0887)",false,0,0,0,NA,-1,-1,-1,-1,-1,-2,-2,true,-1.613251,2.178612,0.8100594,"(-0.2258,0.9558,0.0391,-0.1839)",0,0,0,0,0,0,0
3,"Environment: 1, AimModifier: 1",35.20632,true,-1.460458,2.403372,1.111809,"(-0.0069,0.9924,0.0851,-0.0888)",false,0,0,0,NA,-1,-1,-1,-1,-1,-2,-2,true,-1.613431,2.178698,0.8100843,"(-0.2272,0.9557,0.0390,-0.1829)",0.004883945,0,0,0,0,0,0
3,"Environment: 1, AimModifier: 1",35.22024,true,-1.460457,2.403365,1.111786,"(-0.0070,0.9924,0.0848,-0.0890)",false,0,0,0,NA,-1,-1,-1,-1,-1,-2,-2,true,-1.613464,2.178858,0.8101631,"(-0.2274,0.9557,0.0396,-0.1824)",0.1330891,0,0,0,0,0,0
3,"Environment: 1, AimModifier: 1",35.23362,true,-1.460497,2.403321,1.111784,"(-0.0069,0.9924,0.0847,-0.0892)",false,0,0,0,NA,-1,-1,-1,-1,-1,-2,-2,true,-1.613391,2.179061,0.8104281,"(-0.2269,0.9558,0.0411,-0.1824)",0.2778999,0,0,0,0,0,0
3,"Environment: 1, AimModifier: 1",35.24949,true,-1.460555,2.40328,1.11182,"(-0.0068,0.9924,0.0843,-0.0897)",false,0,0,0,NA,-1,-1,-1,-1,-1,-2,-2,true,-1.613401,2.179549,0.81067,"(-0.2255,0.9564,0.0435,-0.1803)",0.9614164,0,0,0,0,0,0
3,"Environment: 1, AimModifier: 1",35.26163,true,-1.460625,2.403236,1.111864,"(-0.0068,0.9924,0.0841,-0.0899)",false,0,0,0,NA,-1,-1,-1,-1,-1,-2,-2,true,-1.613364,2.179623,0.8107259,"(-0.2253,0.9565,0.0435,-0.1802)",0.9855922,0,0,0,0,0,0
3,"Environment: 1, AimModifier: 1",35.275,true,-1.460673,2.403204,1.111926,"(-0.0068,0.9923,0.0839,-0.0904)",false,0,0,0,NA,-1,-1,-1,-1,-1,-2,-2,true,-1.61337,2.179557,0.8106712,"(-0.2256,0.9564,0.0424,-0.1805)",1,0,0,0,0,0,0
3,"Environment: 1, AimModifier: 1",35.28875,true,-1.460735,2.403164,1.111956,"(-0.0066,0.9923,0.0838,-0.0905)",false,0,0,0,NA,-1,-1,-1,-1,-1,-2,-2,true,-1.61337,2.179557,0.8106712,"(-0.2256,0.9564,0.0424,-0.1805)",1,0,0,0,0,0,0
3,"Environment: 1, AimModifier: 1",35.30282,true,-1.460769,2.40314,1.112004,"(-0.0069,0.9923,0.0839,-0.0908)",false,0,0,0,NA,-1,-1,-1,-1,-1,-2,-2,true,-1.613456,2.179722,0.8107723,"(-0.2259,0.9564,0.0422,-0.1804)",1,0,0,0,0,0,0
3,"Environment: 1, AimModifier: 1",35.31684,true,-1.460819,2.403107,1.112036,"(-0.0069,0.9923,0.0838,-0.0910)",false,0,0,0,NA,-1,-1,-1,-1,-1,-2,-2,true,-1.613456,2.179722,0.8107723,"(-0.2259,0.9564,0.0422,-0.1804)",1,0,0,0,0,0,0
3,"Environment: 1, AimModifier: 1",35.3306,true,-1.46087,2.403075,1.112069,"(-0.0070,0.9923,0.0836,-0.0913)",false,0,0,0,NA,-1,-1,-1,-1,-1,-2,-2,true,-1.613456,2.179722,0.8107723,"(-0.2259,0.9564,0.0422,-0.1804)",1,0,0,0,0,0,0
3,"Environment: 1, AimModifier: 1",35.34465,true,-1.460886,2.403094,1.112137,"(-0.0068,0.9924,0.0830,-0.0907)",false,0,0,0,NA,-1,-1,-1,-1,-1,-2,-2,true,-1.613528,2.180598,0.8112903,"(-0.2257,0.9565,0.0437,-0.1798)",1,0,0,0,0,0,0
3,"Environment: 1, AimModifier: 1",35.3587,true,-1.460858,2.403094,1.112231,"(-0.0069,0.9923,0.0834,-0.0909)",false,0,0,0,NA,-1,-1,-1,-1,-1,-2,-2,true,-1.613622,2.180907,0.8115664,"(-0.2257,0.9564,0.0437,-0.1804)",1,0,0,0,0,0,0
3,"Environment: 1, AimModifier: 1",35.37207,true,-1.460874,2.403127,1.112308,"(-0.0069,0.9923,0.0837,-0.0908)",false,0,0,0,NA,-1,-1,-1,-1,-1,-2,-2,true,-1.613735,2.181301,0.8120061,"(-0.2260,0.9561,0.0446,-0.1811)",0.98779,0,0,0,0,0,0
3,"Environment: 1, AimModifier: 1",35.38593,true,-1.460887,2.40319,1.112378,"(-0.0068,0.9923,0.0841,-0.0909)",false,0,0,0,NA,-1,-1,-1,-1,-1,-2,-2,true,-1.613752,2.181421,0.8121493,"(-0.2261,0.9561,0.0446,-0.1812)",0.8271062,0,0,0,0,0,0
3,"Environment: 1, AimModifier: 1",35.39991,true,-1.460897,2.403245,1.112426,"(-0.0071,0.9922,0.0845,-0.0908)",false,0,0,0,NA,-1,-1,-1,-1,-1,-2,-2,true,-1.61377,2.181586,0.8123094,"(-0.2262,0.9560,0.0448,-0.1812)",0.5379731,0,0,0,0,0,0
3,"Environment: 1, AimModifier: 1",35.41339,true,-1.460846,2.403289,1.112407,"(-0.0071,0.9922,0.0845,-0.0909)",false,0,0,0,NA,-1,-1,-1,-1,-1,-2,-2,true,-1.613768,2.181754,0.8124564,"(-0.2262,0.9560,0.0451,-0.1813)",0.1811965,0,0,0,0,0,0
3,"Environment: 1, AimModifier: 1",35.42738,true,-1.460802,2.403314,1.112417,"(-0.0070,0.9922,0.0844,-0.0909)",false,0,0,0,NA,-1,-1,-1,-1,-1,-2,-2,true,-1.613756,2.181921,0.8125936,"(-0.2261,0.9560,0.0455,-0.1813)",0.08913302,0,0,0,0,0,0
3,"Environment: 1, AimModifier: 1",35.44155,true,-1.460783,2.403347,1.11253,"(-0.0069,0.9923,0.0842,-0.0909)",false,0,0,0,NA,-1,-1,-1,-1,-1,-2,-2,true,-1.613752,2.182011,0.8126557,"(-0.2260,0.9560,0.0456,-0.1815)",0.03199017,0,0,0,0,0,0
3,"Environment: 1, AimModifier: 1",35.45518,true,-1.460785,2.403379,1.112645,"(-0.0068,0.9923,0.0844,-0.0908)",false,0,0,0,NA,-1,-1,-1,-1,-1,-2,-2,true,-1.613777,2.18204,0.8126004,"(-0.2261,0.9560,0.0455,-0.1815)",0,0,0,0,0,0,0
3,"Environment: 1, AimModifier: 1",35.46935,true,-1.460764,2.403456,1.112747,"(-0.0068,0.9922,0.0846,-0.0909)",false,0,0,0,NA,-1,-1,-1,-1,-1,-2,-2,true,-1.613745,2.182117,0.8126004,"(-0.2263,0.9559,0.0456,-0.1816)",0,0,0,0,0,0,0
3,"Environment: 1, AimModifier: 1",35.48347,true,-1.460756,2.40352,1.112859,"(-0.0069,0.9922,0.0851,-0.0910)",false,0,0,0,NA,-1,-1,-1,-1,-1,-2,-2,true,-1.613544,2.182299,0.8126791,"(-0.2263,0.9560,0.0458,-0.1810)",0,0,0,0,0,0,0
3,"Environment: 1, AimModifier: 1",35.49739,true,-1.460732,2.403587,1.112957,"(-0.0068,0.9922,0.0853,-0.0910)",false,0,0,0,NA,-1,-1,-1,-1,-1,-2,-2,true,-1.61321,2.182516,0.8127815,"(-0.2263,0.9562,0.0464,-0.1797)",0,0,0,0,0,0,0
3,"Environment: 1, AimModifier: 1",35.51112,true,-1.46068,2.403651,1.112997,"(-0.0069,0.9921,0.0856,-0.0913)",false,0,0,0,NA,-1,-1,-1,-1,-1,-2,-2,true,-1.612942,2.182676,0.8128725,"(-0.2264,0.9564,0.0470,-0.1785)",0,0,0,0,0,0,0
3,"Environment: 1, AimModifier: 1",35.52522,true,-1.46065,2.403735,1.113026,"(-0.0068,0.9921,0.0860,-0.0912)",false,0,0,0,NA,-1,-1,-1,-1,-1,-2,-2,true,-1.612856,2.182768,0.8129348,"(-0.2265,0.9564,0.0476,-0.1782)",0,0,0,0,0,0,0
3,"Environment: 1, AimModifier: 1",35.53915,true,-1.460657,2.403818,1.113087,"(-0.0065,0.9920,0.0866,-0.0912)",false,0,0,0,NA,-1,-1,-1,-1,-1,-2,-2,true,-1.612864,2.182806,0.8129745,"(-0.2265,0.9563,0.0479,-0.1783)",0,0,0,0,0,0,0
3,"Environment: 1, AimModifier: 1",35.55275,true,-1.460645,2.403885,1.113148,"(-0.0065,0.9920,0.0869,-0.0914)",false,0,0,0,NA,-1,-1,-1,-1,-1,-2,-2,true,-1.61286,2.182848,0.8130267,"(-0.2265,0.9564,0.0481,-0.1783)",0,0,0,0,0,0,0
3,"Environment: 1, AimModifier: 1",35.56695,true,-1.46064,2.403929,1.113213,"(-0.0066,0.9920,0.0870,-0.0913)",false,0,0,0,NA,-1,-1,-1,-1,-1,-2,-2,true,-1.612901,2.182933,0.8131095,"(-0.2265,0.9563,0.0486,-0.1784)",0,0,0,0,0,0,0
3,"Environment: 1, AimModifier: 1",35.58099,true,-1.460616,2.403937,1.113272,"(-0.0068,0.9920,0.0870,-0.0914)",false,0,0,0,NA,-1,-1,-1,-1,-1,-2,-2,true,-1.613121,2.183059,0.8132051,"(-0.2272,0.9561,0.0494,-0.1785)",0,0,0,0,0,0,0
3,"Environment: 1, AimModifier: 1",35.59437,true,-1.460582,2.403943,1.113297,"(-0.0065,0.9920,0.0870,-0.0913)",false,0,0,0,NA,-1,-1,-1,-1,-1,-2,-2,true,-1.613528,2.183198,0.8133053,"(-0.2279,0.9557,0.0504,-0.1791)",0,0,0,0,0,0,0
3,"Environment: 1, AimModifier: 1",35.60842,true,-1.460539,2.404008,1.113265,"(-0.0067,0.9920,0.0871,-0.0913)",false,0,0,0,NA,-1,-1,-1,-1,-1,-2,-2,true,-1.614049,2.183324,0.8134075,"(-0.2282,0.9554,0.0512,-0.1802)",0,0,0,0,0,0,0
3,"Environment: 1, AimModifier: 1",35.62263,true,-1.460495,2.404066,1.113189,"(-0.0066,0.9920,0.0875,-0.0913)",false,0,0,0,NA,-1,-1,-1,-1,-1,-2,-2,true,-1.614467,2.183434,0.8135084,"(-0.2285,0.9552,0.0516,-0.1812)",0,0,0,0,0,0,0
3,"Environment: 1, AimModifier: 1",35.63646,true,-1.46049,2.40408,1.113182,"(-0.0067,0.9919,0.0875,-0.0915)",false,0,0,0,NA,-1,-1,-1,-1,-1,-2,-2,true,-1.61481,2.183561,0.8136166,"(-0.2289,0.9550,0.0521,-0.1816)",0,0,0,0,0,0,0
3,"Environment: 1, AimModifier: 1",35.6502,true,-1.460492,2.404072,1.113193,"(-0.0068,0.9919,0.0874,-0.0915)",false,0,0,0,NA,-1,-1,-1,-1,-1,-2,-2,true,-1.614907,2.183679,0.8136815,"(-0.2288,0.9550,0.0524,-0.1812)",0,0,0,0,0,0,0
3,"Environment: 1, AimModifier: 1",35.66438,true,-1.460503,2.404037,1.113206,"(-0.0068,0.9920,0.0871,-0.0917)",false,0,0,0,NA,-1,-1,-1,-1,-1,-2,-2,true,-1.61502,2.183786,0.8137519,"(-0.2286,0.9551,0.0525,-0.1810)",0,0,0,0,0,0,0
3,"Environment: 1, AimModifier: 1",35.67819,true,-1.460524,2.404017,1.11322,"(-0.0067,0.9919,0.0869,-0.0919)",false,0,0,0,NA,-1,-1,-1,-1,-1,-2,-2,true,-1.615297,2.183905,0.8138661,"(-0.2286,0.9551,0.0528,-0.1812)",0,0,0,0,0,0,0
3,"Environment: 1, AimModifier: 1",35.69196,true,-1.460581,2.404023,1.11322,"(-0.0064,0.9919,0.0869,-0.0921)",false,0,0,0,NA,-1,-1,-1,-1,-1,-2,-2,true,-1.615714,2.184055,0.8140513,"(-0.2286,0.9549,0.0532,-0.1819)",0,0,0,0,0,0,0
3,"Environment: 1, AimModifier: 1",35.70618,true,-1.460565,2.40406,1.113126,"(-0.0064,0.9919,0.0870,-0.0925)",false,0,0,0,NA,-1,-1,-1,-1,-1,-2,-2,true,-1.61604,2.184197,0.8142219,"(-0.2287,0.9548,0.0536,-0.1824)",0,0,0,0,0,0,0
3,"Environment: 1, AimModifier: 1",35.71994,true,-1.460556,2.404089,1.113045,"(-0.0062,0.9919,0.0870,-0.0927)",false,0,0,0,NA,-1,-1,-1,-1,-1,-2,-2,true,-1.616257,2.18433,0.8143634,"(-0.2287,0.9547,0.0538,-0.1827)",0,0,0,0,0,0,0
3,"Environment: 1, AimModifier: 1",35.73333,true,-1.46059,2.4041,1.11301,"(-0.0062,0.9919,0.0868,-0.0928)",false,0,0,0,NA,-1,-1,-1,-1,-1,-2,-2,true,-1.616398,2.184443,0.8144711,"(-0.2286,0.9547,0.0541,-0.1827)",0,0,0,0,0,0,0
3,"Environment: 1, AimModifier: 1",35.74736,true,-1.460646,2.404085,1.113026,"(-0.0063,0.9918,0.0868,-0.0931)",false,0,0,0,NA,-1,-1,-1,-1,-1,-2,-2,true,-1.616598,2.184584,0.8146214,"(-0.2287,0.9547,0.0545,-0.1827)",0,0,0,0,0,0,0
3,"Environment: 1, AimModifier: 1",35.76101,true,-1.460707,2.404073,1.113037,"(-0.0063,0.9918,0.0868,-0.0933)",false,0,0,0,NA,-1,-1,-1,-1,-1,-2,-2,true,-1.616899,2.184749,0.8148098,"(-0.2292,0.9545,0.0549,-0.1826)",0,0,0,0,0,0,0
3,"Environment: 1, AimModifier: 1",35.77479,true,-1.460773,2.40408,1.113036,"(-0.0064,0.9918,0.0867,-0.0935)",false,0,0,0,NA,-1,-1,-1,-1,-1,-2,-2,true,-1.617162,2.184907,0.8149613,"(-0.2296,0.9544,0.0551,-0.1827)",0,0,0,0,0,0,0
3,"Environment: 1, AimModifier: 1",35.78904,true,-1.46087,2.404094,1.113028,"(-0.0063,0.9918,0.0868,-0.0935)",false,0,0,0,NA,-1,-1,-1,-1,-1,-2,-2,true,-1.617359,2.185138,0.8150963,"(-0.2296,0.9543,0.0556,-0.1831)",0,0,0,0,0,0,0
3,"Environment: 1, AimModifier: 1",35.80286,true,-1.460918,2.404105,1.112983,"(-0.0064,0.9918,0.0868,-0.0938)",false,0,0,0,NA,-1,-1,-1,-1,-1,-2,-2,true,-1.6177,2.185485,0.8152965,"(-0.2296,0.9541,0.0564,-0.1838)",0,0,0,0,0,0,0
3,"Environment: 1, AimModifier: 1",35.81686,true,-1.460978,2.404113,1.112944,"(-0.0066,0.9918,0.0867,-0.0940)",false,0,0,0,NA,-1,-1,-1,-1,-1,-2,-2,true,-1.618002,2.185688,0.8154452,"(-0.2297,0.9539,0.0571,-0.1843)",0,0,0,0,0,0,0
3,"Environment: 1, AimModifier: 1",35.83062,true,-1.46104,2.404101,1.112918,"(-0.0068,0.9917,0.0868,-0.0942)",false,0,0,0,NA,-1,-1,-1,-1,-1,-2,-2,true,-1.61826,2.185863,0.8155404,"(-0.2299,0.9538,0.0574,-0.1845)",0,0,0,0,0,0,0
3,"Environment: 1, AimModifier: 1",35.84492,true,-1.461119,2.404092,1.112917,"(-0.0069,0.9917,0.0867,-0.0944)",false,0,0,0,NA,-1,-1,-1,-1,-1,-2,-2,true,-1.61847,2.186077,0.8156281,"(-0.2302,0.9538,0.0577,-0.1845)",0,0,0,0,0,0,0
3,"Environment: 1, AimModifier: 1",35.85866,true,-1.461208,2.404078,1.11292,"(-0.0070,0.9917,0.0867,-0.0945)",false,0,0,0,NA,-1,-1,-1,-1,-1,-2,-2,true,-1.618828,2.18636,0.8157604,"(-0.2305,0.9536,0.0583,-0.1849)",0,0,0,0,0,0,0
3,"Environment: 1, AimModifier: 1",35.87244,true,-1.46129,2.404088,1.112923,"(-0.0070,0.9917,0.0867,-0.0946)",false,0,0,0,NA,-1,-1,-1,-1,-1,-2,-2,true,-1.619428,2.186744,0.8159682,"(-0.2311,0.9531,0.0593,-0.1859)",0,0,0,0,0,0,0
3,"Environment: 1, AimModifier: 1",35.88654,true,-1.461367,2.404088,1.112953,"(-0.0069,0.9917,0.0864,-0.0948)",false,0,0,0,NA,-1,-1,-1,-1,-1,-2,-2,true,-1.620172,2.187144,0.816215,"(-0.2318,0.9526,0.0606,-0.1874)",0,0,0,0,0,0,0
3,"Environment: 1, AimModifier: 1",35.90075,true,-1.461426,2.404042,1.112984,"(-0.0068,0.9917,0.0862,-0.0947)",false,0,0,0,NA,-1,-1,-1,-1,-1,-2,-2,true,-1.620829,2.187472,0.8164196,"(-0.2321,0.9522,0.0617,-0.1886)",0,0,0,0,0,0,0
3,"Environment: 1, AimModifier: 1",35.91443,true,-1.461465,2.403993,1.112985,"(-0.0071,0.9917,0.0863,-0.0949)",false,0,0,0,NA,-1,-1,-1,-1,-1,-2,-2,true,-1.621391,2.187772,0.8165808,"(-0.2323,0.9520,0.0626,-0.1894)",0,0,0,0,0,0,0
3,"Environment: 1, AimModifier: 1",35.92825,true,-1.461498,2.40399,1.112961,"(-0.0072,0.9917,0.0866,-0.0951)",false,0,0,0,NA,-1,-1,-1,-1,-1,-2,-2,true,-1.622034,2.188073,0.8167553,"(-0.2328,0.9517,0.0634,-0.1900)",0,0,0,0,0,0,0
3,"Environment: 1, AimModifier: 1",35.94189,true,-1.461581,2.404069,1.112958,"(-0.0073,0.9916,0.0868,-0.0951)",false,0,0,0,NA,-1,-1,-1,-1,-1,-2,-2,true,-1.62324,2.188512,0.8171053,"(-0.2348,0.9507,0.0653,-0.1916)",0,0,0,0,0,0,0
3,"Environment: 1, AimModifier: 1",35.95603,true,-1.461663,2.404132,1.11296,"(-0.0074,0.9916,0.0871,-0.0951)",false,0,0,0,NA,-1,-1,-1,-1,-1,-2,-2,true,-1.624211,2.188759,0.8173593,"(-0.2359,0.9500,0.0665,-0.1936)",0,0,0,0,0,0,0
3,"Environment: 1, AimModifier: 1",35.96971,true,-1.461716,2.40416,1.112981,"(-0.0076,0.9916,0.0873,-0.0953)",false,0,0,0,NA,-1,-1,-1,-1,-1,-2,-2,true,-1.625164,2.188946,0.8175741,"(-0.2364,0.9493,0.0680,-0.1959)",0,0,0,0,0,0,0
3,"Environment: 1, AimModifier: 1",35.98375,true,-1.461762,2.404169,1.113034,"(-0.0077,0.9916,0.0870,-0.0954)",false,0,0,0,NA,-1,-1,-1,-1,-1,-2,-2,true,-1.626241,2.189092,0.8177587,"(-0.2365,0.9485,0.0692,-0.1989)",0,0,0,0,0,0,0
3,"Environment: 1, AimModifier: 1",35.99775,true,-1.461803,2.404182,1.113067,"(-0.0074,0.9916,0.0868,-0.0954)",false,0,0,0,NA,-1,-1,-1,-1,-1,-2,-2,true,-1.627417,2.189247,0.8179672,"(-0.2379,0.9475,0.0703,-0.2016)",0,0,0,0,0,0,0
3,"Environment: 1, AimModifier: 1",36.01146,true,-1.461807,2.404164,1.113055,"(-0.0073,0.9916,0.0868,-0.0956)",false,0,0,0,NA,-1,-1,-1,-1,-1,-2,-2,true,-1.628936,2.189421,0.818253,"(-0.2408,0.9460,0.0719,-0.2049)",0,0,0,0,0,0,0
3,"Environment: 1, AimModifier: 1",36.02552,true,-1.461803,2.404163,1.113046,"(-0.0073,0.9916,0.0868,-0.0957)",false,0,0,0,NA,-1,-1,-1,-1,-1,-2,-2,true,-1.630551,2.18964,0.8186116,"(-0.2434,0.9442,0.0742,-0.2089)",0,0,0,0,0,0,0
3,"Environment: 1, AimModifier: 1",36.03965,true,-1.461839,2.404169,1.11311,"(-0.0074,0.9916,0.0868,-0.0959)",false,0,0,0,NA,-1,-1,-1,-1,-1,-2,-2,true,-1.632244,2.189934,0.8190879,"(-0.2459,0.9423,0.0772,-0.2137)",0,0,0,0,0,0,0
3,"Environment: 1, AimModifier: 1",36.05334,true,-1.461869,2.404172,1.113182,"(-0.0074,0.9916,0.0869,-0.0960)",false,0,0,0,NA,-1,-1,-1,-1,-1,-2,-2,true,-1.633986,2.190321,0.81964,"(-0.2488,0.9402,0.0810,-0.2180)",0,0,0,0,0,0,0
3,"Environment: 1, AimModifier: 1",36.06735,true,-1.461886,2.404173,1.113253,"(-0.0075,0.9915,0.0869,-0.0961)",false,0,0,0,NA,-1,-1,-1,-1,-1,-2,-2,true,-1.636322,2.190848,0.8205425,"(-0.2538,0.9368,0.0864,-0.2248)",0,0,0,0,0,0,0
3,"Environment: 1, AimModifier: 1",36.08136,true,-1.461897,2.404201,1.113306,"(-0.0075,0.9915,0.0872,-0.0960)",false,0,0,0,NA,-1,-1,-1,-1,-1,-2,-2,true,-1.639065,2.191316,0.8215495,"(-0.2596,0.9326,0.0922,-0.2330)",0,0,0,0,0,0,0
3,"Environment: 1, AimModifier: 1",36.09497,true,-1.461901,2.404244,1.113335,"(-0.0075,0.9915,0.0877,-0.0959)",false,0,0,0,NA,-1,-1,-1,-1,-1,-2,-2,true,-1.64172,2.191724,0.8224543,"(-0.2633,0.9289,0.0968,-0.2419)",0,0,0,0,0,0,0
3,"Environment: 1, AimModifier: 1",36.10864,true,-1.461864,2.404253,1.113363,"(-0.0075,0.9915,0.0881,-0.0958)",false,0,0,0,NA,-1,-1,-1,-1,-1,-2,-2,true,-1.644566,2.192181,0.8235213,"(-0.2661,0.9247,0.1020,-0.2525)",0,0,0,0,0,0,0
3,"Environment: 1, AimModifier: 1",36.12249,true,-1.46182,2.404254,1.113397,"(-0.0076,0.9915,0.0880,-0.0958)",false,0,0,0,NA,-1,-1,-1,-1,-1,-2,-2,true,-1.647898,2.192718,0.8249817,"(-0.2719,0.9185,0.1097,-0.2651)",0,0,0,0,0,0,0
3,"Environment: 1, AimModifier: 1",36.1363,true,-1.461816,2.404238,1.113456,"(-0.0079,0.9915,0.0880,-0.0957)",false,0,0,0,NA,-1,-1,-1,-1,-1,-2,-2,true,-1.651701,2.193168,0.8267339,"(-0.2813,0.9106,0.1184,-0.2787)",0,0,0,0,0,0,0
3,"Environment: 1, AimModifier: 1",36.15011,true,-1.461785,2.404219,1.113518,"(-0.0079,0.9915,0.0878,-0.0957)",false,0,0,0,NA,-1,-1,-1,-1,-1,-2,-2,true,-1.655344,2.193418,0.8282999,"(-0.2887,0.9035,0.1253,-0.2910)",0,0,0,0,0,0,0
3,"Environment: 1, AimModifier: 1",36.16422,true,-1.461769,2.404198,1.11357,"(-0.0080,0.9915,0.0876,-0.0956)",false,0,0,0,NA,-1,-1,-1,-1,-1,-2,-2,true,-1.658899,2.193542,0.8299356,"(-0.2946,0.8965,0.1317,-0.3037)",0,0,0,0,0,0,0
3,"Environment: 1, AimModifier: 1",36.17833,true,-1.461744,2.40421,1.113613,"(-0.0080,0.9915,0.0875,-0.0956)",false,0,0,0,NA,-1,-1,-1,-1,-1,-2,-2,true,-1.662507,2.193604,0.8317595,"(-0.3007,0.8890,0.1377,-0.3167)",0,0,0,0,0,0,0
3,"Environment: 1, AimModifier: 1",36.19204,true,-1.461706,2.404235,1.113629,"(-0.0081,0.9915,0.0878,-0.0956)",false,0,0,0,NA,-1,-1,-1,-1,-1,-2,-2,true,-1.666267,2.193418,0.8338918,"(-0.3073,0.8814,0.1426,-0.3291)",0,0,0,0,0,0,0
3,"Environment: 1, AimModifier: 1",36.2061,true,-1.461577,2.404302,1.113582,"(-0.0080,0.9915,0.0881,-0.0955)",false,0,0,0,NA,-1,-1,-1,-1,-1,-2,-2,true,-1.669455,2.193261,0.8355449,"(-0.3087,0.8773,0.1451,-0.3377)",0,0,0,0,0,0,0
3,"Environment: 1, AimModifier: 1",36.21992,true,-1.461451,2.404355,1.113544,"(-0.0078,0.9915,0.0884,-0.0954)",false,0,0,0,NA,-1,-1,-1,-1,-1,-2,-2,true,-1.672379,2.193167,0.836692,"(-0.3098,0.8741,0.1471,-0.3439)",0,0,0,0,0,0,0
3,"Environment: 1, AimModifier: 1",36.2339,true,-1.461386,2.404426,1.113511,"(-0.0073,0.9915,0.0885,-0.0953)",false,0,0,0,NA,-1,-1,-1,-1,-1,-2,-2,true,-1.675055,2.192981,0.8375306,"(-0.3111,0.8723,0.1475,-0.3472)",0,0,0,0,0,0,0
3,"Environment: 1, AimModifier: 1",36.24783,true,-1.46135,2.404489,1.113508,"(-0.0071,0.9915,0.0885,-0.0951)",false,0,0,0,NA,-1,-1,-1,-1,-1,-2,-2,true,-1.677724,2.192787,0.8384483,"(-0.3145,0.8696,0.1482,-0.3505)",0,0,0,0,0,0,0
3,"Environment: 1, AimModifier: 1",36.26151,true,-1.461313,2.404528,1.113505,"(-0.0070,0.9915,0.0885,-0.0950)",false,0,0,0,NA,-1,-1,-1,-1,-1,-2,-2,true,-1.680205,2.192472,0.8391438,"(-0.3181,0.8678,0.1471,-0.3523)",0,0,0,0,0,0,0
3,"Environment: 1, AimModifier: 1",36.27533,true,-1.461266,2.404525,1.113517,"(-0.0069,0.9915,0.0883,-0.0950)",false,0,0,0,NA,-1,-1,-1,-1,-1,-2,-2,true,-1.682516,2.192076,0.8396289,"(-0.3214,0.8665,0.1453,-0.3534)",0,0,0,0,0,0,0
3,"Environment: 1, AimModifier: 1",36.28894,true,-1.46123,2.404542,1.113527,"(-0.0069,0.9915,0.0884,-0.0950)",false,0,0,0,NA,-1,-1,-1,-1,-1,-2,-2,true,-1.685285,2.191873,0.8405478,"(-0.3247,0.8631,0.1463,-0.3580)",0,0,0,0,0,0,0
3,"Environment: 1, AimModifier: 1",36.30304,true,-1.461162,2.40446,1.11355,"(-0.0067,0.9915,0.0881,-0.0951)",false,0,0,0,NA,-1,-1,-1,-1,-1,-2,-2,true,-1.6872,2.19152,0.8408232,"(-0.3261,0.8625,0.1452,-0.3588)",0,0,0,0,0,0,0
3,"Environment: 1, AimModifier: 1",36.31692,true,-1.461115,2.404425,1.113548,"(-0.0065,0.9916,0.0880,-0.0950)",false,0,0,0,NA,-1,-1,-1,-1,-1,-2,-2,true,-1.68951,2.191305,0.8414823,"(-0.3279,0.8604,0.1454,-0.3619)",0,0,0,0,0,0,0
3,"Environment: 1, AimModifier: 1",36.33062,true,-1.461079,2.404429,1.113559,"(-0.0063,0.9916,0.0879,-0.0950)",false,0,0,0,NA,-1,-1,-1,-1,-1,-2,-2,true,-1.692049,2.191076,0.842242,"(-0.3306,0.8577,0.1459,-0.3657)",0,0,0,0,0,0,0
3,"Environment: 1, AimModifier: 1",36.3446,true,-1.461159,2.404373,1.113512,"(-0.0058,0.9916,0.0880,-0.0952)",false,0,0,0,NA,-1,-1,-1,-1,-1,-2,-2,true,-1.691628,2.191396,0.8419632,"(-0.3238,0.8626,0.1452,-0.3605)",0,0,0,0,0,0,0
3,"Environment: 1, AimModifier: 1",36.35832,true,-1.461172,2.404387,1.113521,"(-0.0056,0.9915,0.0879,-0.0953)",false,0,0,0,NA,-1,-1,-1,-1,-1,-2,-2,true,-1.693596,2.191266,0.8424567,"(-0.3247,0.8614,0.1454,-0.3624)",0,0,0,0,0,0,0
3,"Environment: 1, AimModifier: 1",36.37219,true,-1.461301,2.404349,1.113549,"(-0.0059,0.9915,0.0879,-0.0953)",false,0,0,0,NA,-1,-1,-1,-1,-1,-2,-2,true,-1.694069,2.191358,0.8424876,"(-0.3255,0.8621,0.1455,-0.3602)",0,0,0,0,0,0,0
3,"Environment: 1, AimModifier: 1",36.3861,true,-1.461389,2.404328,1.113561,"(-0.0061,0.9916,0.0878,-0.0953)",false,0,0,0,NA,-1,-1,-1,-1,-1,-2,-2,true,-1.695263,2.191283,0.8428066,"(-0.3265,0.8612,0.1452,-0.3614)",0,0,0,0,0,0,0
3,"Environment: 1, AimModifier: 1",36.39964,true,-1.461445,2.404315,1.113558,"(-0.0061,0.9916,0.0878,-0.0952)",false,0,0,0,NA,-1,-1,-1,-1,-1,-2,-2,true,-1.696318,2.191218,0.8430246,"(-0.3270,0.8608,0.1447,-0.3622)",0,0,0,0,0,0,0
3,"Environment: 1, AimModifier: 1",36.41362,true,-1.461461,2.404312,1.113552,"(-0.0064,0.9916,0.0878,-0.0952)",false,0,0,0,NA,-1,-1,-1,-1,-1,-2,-2,true,-1.696996,2.19126,0.843087,"(-0.3279,0.8609,0.1442,-0.3614)",0,0,0,0,0,0,0
3,"Environment: 1, AimModifier: 1",36.42759,true,-1.461508,2.404299,1.113548,"(-0.0065,0.9916,0.0879,-0.0952)",false,0,0,0,NA,-1,-1,-1,-1,-1,-2,-2,true,-1.697117,2.191336,0.8430619,"(-0.3281,0.8611,0.1441,-0.3607)",0,0,0,0,0,0,0
3,"Environment: 1, AimModifier: 1",36.44146,true,-1.461628,2.40429,1.11355,"(-0.0067,0.9915,0.0879,-0.0953)",false,0,0,0,NA,-1,-1,-1,-1,-1,-2,-2,true,-1.697289,2.191439,0.8431491,"(-0.3278,0.8610,0.1447,-0.3609)",0,0,0,0,0,0,0
3,"Environment: 1, AimModifier: 1",36.45538,true,-1.46177,2.404261,1.113563,"(-0.0071,0.9915,0.0878,-0.0955)",false,0,0,0,NA,-1,-1,-1,-1,-1,-2,-2,true,-1.698214,2.191552,0.8435029,"(-0.3277,0.8603,0.1456,-0.3623)",0,0,0,0,0,0,0
3,"Environment: 1, AimModifier: 1",36.46928,true,-1.461901,2.404233,1.113572,"(-0.0071,0.9915,0.0877,-0.0956)",false,0,0,0,NA,-1,-1,-1,-1,-1,-2,-2,true,-1.699129,2.191675,0.8438835,"(-0.3275,0.8595,0.1467,-0.3640)",0,0,0,0,0,0,0
3,"Environment: 1, AimModifier: 1",36.48363,true,-1.462022,2.404208,1.113582,"(-0.0072,0.9915,0.0877,-0.0957)",false,0,0,0,NA,-1,-1,-1,-1,-1,-2,-2,true,-1.699326,2.191701,0.8439438,"(-0.3270,0.8594,0.1468,-0.3646)",0,0,0,0,0,0,0
3,"Environment: 1, AimModifier: 1",36.49734,true,-1.462137,2.404176,1.113583,"(-0.0075,0.9915,0.0876,-0.0959)",false,0,0,0,NA,-1,-1,-1,-1,-1,-2,-2,true,-1.698989,2.191664,0.8437911,"(-0.3271,0.8599,0.1462,-0.3636)",0,0,0,0,0,0,0
3,"Environment: 1, AimModifier: 1",36.51098,true,-1.462253,2.404116,1.113575,"(-0.0075,0.9914,0.0875,-0.0967)",false,0,0,0,NA,-1,-1,-1,-1,-1,-2,-2,true,-1.699098,2.191658,0.8437937,"(-0.3276,0.8600,0.1460,-0.3630)",0,0,0,0,0,0,0
3,"Environment: 1, AimModifier: 1",36.52515,true,-1.462446,2.404059,1.113597,"(-0.0074,0.9913,0.0876,-0.0978)",false,0,0,0,NA,-1,-1,-1,-1,-1,-2,-2,true,-1.699548,2.191663,0.8438644,"(-0.3280,0.8601,0.1456,-0.3625)",0,0,0,0,0,0,0
3,"Environment: 1, AimModifier: 1",36.53905,true,-1.462795,2.404032,1.113703,"(-0.0065,0.9912,0.0871,-0.0999)",false,0,0,0,NA,-1,-1,-1,-1,-1,-2,-2,true,-1.699913,2.191637,0.8439605,"(-0.3285,0.8601,0.1454,-0.3621)",0,0,0,0,0,0,0
3,"Environment: 1, AimModifier: 1",36.55281,true,-1.463221,2.403981,1.113819,"(-0.0059,0.9909,0.0867,-0.1027)",false,0,0,0,NA,-1,-1,-1,-1,-1,-2,-2,true,-1.70023,2.191598,0.8441215,"(-0.3288,0.8598,0.1456,-0.3626)",0,0,0,0,0,0,0
3,"Environment: 1, AimModifier: 1",36.56688,true,-1.463848,2.403913,1.113979,"(-0.0053,0.9906,0.0865,-0.1054)",false,0,0,0,NA,-1,-1,-1,-1,-1,-2,-2,true,-1.700586,2.19156,0.8443047,"(-0.3286,0.8595,0.1460,-0.3633)",0,0,0,0,0,0,0
3,"Environment: 1, AimModifier: 1",36.5812,true,-1.464414,2.403848,1.114097,"(-0.0048,0.9904,0.0863,-0.1082)",false,0,0,0,NA,-1,-1,-1,-1,-1,-2,-2,true,-1.700846,2.191526,0.8444403,"(-0.3279,0.8596,0.1461,-0.3636)",0,0,0,0,0,0,0
3,"Environment: 1, AimModifier: 1",36.59476,true,-1.465011,2.403745,1.114219,"(-0.0042,0.9900,0.0860,-0.1121)",false,0,0,0,NA,-1,-1,-1,-1,-1,-2,-2,true,-1.700914,2.191499,0.8444727,"(-0.3279,0.8597,0.1460,-0.3634)",0,0,0,0,0,0,0
3,"Environment: 1, AimModifier: 1",36.60863,true,-1.465736,2.403574,1.114455,"(-0.0036,0.9895,0.0853,-0.1162)",false,0,0,0,NA,-1,-1,-1,-1,-1,-2,-2,true,-1.701101,2.191443,0.8445262,"(-0.3279,0.8598,0.1459,-0.3632)",0,0,0,0,0,0,0
3,"Environment: 1, AimModifier: 1",36.62278,true,-1.466407,2.403409,1.114681,"(-0.0030,0.9891,0.0843,-0.1208)",false,0,0,0,NA,-1,-1,-1,-1,-1,-2,-2,true,-1.701445,2.191334,0.8445708,"(-0.3280,0.8600,0.1456,-0.3627)",0,0,0,0,0,0,0
3,"Environment: 1, AimModifier: 1",36.63656,true,-1.467093,2.403141,1.114926,"(-0.0020,0.9886,0.0837,-0.1250)",false,0,0,0,NA,-1,-1,-1,-1,-1,-2,-2,true,-1.701749,2.191222,0.8445987,"(-0.3284,0.8602,0.1451,-0.3622)",0,0,0,0,0,0,0
3,"Environment: 1, AimModifier: 1",36.6503,true,-1.467827,2.403084,1.115138,"(-0.0008,0.9882,0.0822,-0.1291)",false,0,0,0,NA,-1,-1,-1,-1,-1,-2,-2,true,-1.70187,2.191176,0.8446661,"(-0.3287,0.8601,0.1449,-0.3623)",0,0,0,0,0,0,0
3,"Environment: 1, AimModifier: 1",36.66416,true,-1.468484,2.402903,1.115359,"(0.0004,0.9877,0.0812,-0.1338)",false,0,0,0,NA,-1,-1,-1,-1,-1,-2,-2,true,-1.70205,2.191112,0.8447494,"(-0.3285,0.8600,0.1445,-0.3628)",0,0,0,0,0,0,0
3,"Environment: 1, AimModifier: 1",36.67813,true,-1.469272,2.402715,1.115605,"(0.0009,0.9872,0.0800,-0.1380)",false,0,0,0,NA,-1,-1,-1,-1,-1,-2,-2,true,-1.702259,2.19105,0.8447844,"(-0.3282,0.8602,0.1439,-0.3629)",0,0,0,0,0,0,0
3,"Environment: 1, AimModifier: 1",36.6918,true,-1.469836,2.40255,1.11587,"(0.0015,0.9866,0.0789,-0.1427)",false,0,0,0,NA,-1,-1,-1,-1,-1,-2,-2,true,-1.702387,2.191054,0.8447974,"(-0.3280,0.8604,0.1437,-0.3627)",0,0,0,0,0,0,0
3,"Environment: 1, AimModifier: 1",36.70578,true,-1.470443,2.402384,1.11606,"(0.0020,0.9860,0.0780,-0.1471)",false,0,0,0,NA,-1,-1,-1,-1,-1,-2,-2,true,-1.702501,2.191077,0.844844,"(-0.3281,0.8604,0.1436,-0.3625)",0,0,0,0,0,0,0
3,"Environment: 1, AimModifier: 1",36.71978,true,-1.471151,2.402116,1.116259,"(0.0024,0.9855,0.0778,-0.1507)",false,0,0,0,NA,-1,-1,-1,-1,-1,-2,-2,true,-1.702661,2.191139,0.8449284,"(-0.3282,0.8606,0.1435,-0.3621)",0,0,0,0,0,0,0
3,"Environment: 1, AimModifier: 1",36.73347,true,-1.471624,2.401923,1.116468,"(0.0028,0.9849,0.0777,-0.1544)",false,0,0,0,NA,-1,-1,-1,-1,-1,-2,-2,true,-1.702779,2.19122,0.8450178,"(-0.3283,0.8606,0.1435,-0.3619)",0,0,0,0,0,0,0
3,"Environment: 1, AimModifier: 1",36.74768,true,-1.47208,2.401865,1.116664,"(0.0033,0.9845,0.0772,-0.1576)",false,0,0,0,NA,-1,-1,-1,-1,-1,-2,-2,true,-1.702901,2.191287,0.845121,"(-0.3285,0.8606,0.1435,-0.3618)",0,0,0,0,0,0,0
3,"Environment: 1, AimModifier: 1",36.76146,true,-1.472686,2.40185,1.116872,"(0.0030,0.9841,0.0766,-0.1602)",false,0,0,0,NA,-1,-1,-1,-1,-1,-2,-2,true,-1.702988,2.191361,0.8452116,"(-0.3285,0.8606,0.1436,-0.3617)",0,0,0,0,0,0,0
3,"Environment: 1, AimModifier: 1",36.77529,true,-1.473063,2.401736,1.117103,"(0.0034,0.9837,0.0764,-0.1630)",false,0,0,0,NA,-1,-1,-1,-1,-1,-2,-2,true,-1.703097,2.191487,0.8453153,"(-0.3282,0.8607,0.1437,-0.3616)",0,0,0,0,0,0,0
3,"Environment: 1, AimModifier: 1",36.78929,true,-1.473392,2.401647,1.117302,"(0.0034,0.9832,0.0762,-0.1656)",false,0,0,0,NA,-1,-1,-1,-1,-1,-2,-2,true,-1.703184,2.191629,0.8453704,"(-0.3278,0.8610,0.1439,-0.3614)",0,0,0,0,0,0,0
3,"Environment: 1, AimModifier: 1",36.80314,true,-1.473878,2.401689,1.117451,"(0.0033,0.9830,0.0760,-0.1673)",false,0,0,0,NA,-1,-1,-1,-1,-1,-2,-2,true,-1.703211,2.191761,0.8453713,"(-0.3276,0.8612,0.1440,-0.3609)",0,0,0,0,0,0,0
3,"Environment: 1, AimModifier: 1",36.81712,true,-1.474261,2.401699,1.117602,"(0.0029,0.9826,0.0763,-0.1692)",false,0,0,0,NA,-1,-1,-1,-1,-1,-2,-2,true,-1.703138,2.191963,0.8454015,"(-0.3277,0.8617,0.1438,-0.3597)",0,0,0,0,0,0,0
3,"Environment: 1, AimModifier: 1",36.83101,true,-1.474596,2.401688,1.117714,"(0.0030,0.9823,0.0768,-0.1706)",false,0,0,0,NA,-1,-1,-1,-1,-1,-2,-2,true,-1.702917,2.19223,0.8453327,"(-0.3278,0.8626,0.1435,-0.3577)",0,0,0,0,0,0,0
3,"Environment: 1, AimModifier: 1",36.84492,true,-1.474842,2.401749,1.117832,"(0.0026,0.9821,0.0769,-0.1719)",false,0,0,0,NA,-1,-1,-1,-1,-1,-2,-2,true,-1.702828,2.192331,0.8452017,"(-0.3281,0.8628,0.1437,-0.3569)",0,0,0,0,0,0,0
3,"Environment: 1, AimModifier: 1",36.85881,true,-1.474993,2.401713,1.117972,"(0.0022,0.9819,0.0771,-0.1730)",false,0,0,0,NA,-1,-1,-1,-1,-1,-2,-2,true,-1.702869,2.192311,0.8450856,"(-0.3278,0.8627,0.1439,-0.3573)",0,0,0,0,0,0,0
3,"Environment: 1, AimModifier: 1",36.87267,true,-1.475165,2.401727,1.118164,"(0.0015,0.9818,0.0772,-0.1737)",false,0,0,0,NA,-1,-1,-1,-1,-1,-2,-2,true,-1.702872,2.192307,0.8449927,"(-0.3276,0.8626,0.1439,-0.3576)",0,0,0,0,0,0,0
3,"Environment: 1, AimModifier: 1",36.88672,true,-1.47534,2.401752,1.118283,"(0.0010,0.9817,0.0775,-0.1742)",false,0,0,0,NA,-1,-1,-1,-1,-1,-2,-2,true,-1.702621,2.192424,0.8449025,"(-0.3273,0.8629,0.1439,-0.3571)",0,0,0,0,0,0,0
3,"Environment: 1, AimModifier: 1",36.90059,true,-1.475605,2.401761,1.118407,"(0.0004,0.9815,0.0777,-0.1749)",false,0,0,0,NA,-1,-1,-1,-1,-1,-2,-2,true,-1.702262,2.192518,0.8447195,"(-0.3270,0.8635,0.1437,-0.3562)",0,0,0,0,0,0,0
3,"Environment: 1, AimModifier: 1",36.91438,true,-1.475716,2.401808,1.118475,"(-0.0003,0.9814,0.0787,-0.1749)",false,0,0,0,NA,-1,-1,-1,-1,-1,-2,-2,true,-1.701637,2.192585,0.8441883,"(-0.3266,0.8648,0.1426,-0.3537)",0,0,0,0,0,0,0
3,"Environment: 1, AimModifier: 1",36.92851,true,-1.475811,2.401849,1.118559,"(-0.0012,0.9813,0.0795,-0.1752)",false,0,0,0,NA,-1,-1,-1,-1,-1,-2,-2,true,-1.701031,2.192593,0.8435747,"(-0.3267,0.8662,0.1412,-0.3507)",0,0,0,0,0,0,0
3,"Environment: 1, AimModifier: 1",36.94217,true,-1.475931,2.401895,1.118671,"(-0.0020,0.9812,0.0800,-0.1757)",false,0,0,0,NA,-1,-1,-1,-1,-1,-2,-2,true,-1.701,2.192502,0.8435392,"(-0.3277,0.8657,0.1413,-0.3510)",0,0,0,0,0,0,0
3,"Environment: 1, AimModifier: 1",36.95614,true,-1.47607,2.401916,1.118806,"(-0.0029,0.9810,0.0807,-0.1762)",false,0,0,0,NA,-1,-1,-1,-1,-1,-2,-2,true,-1.701159,2.192456,0.8437239,"(-0.3278,0.8650,0.1419,-0.3524)",0,0,0,0,0,0,0
3,"Environment: 1, AimModifier: 1",36.96933,true,-1.476217,2.401956,1.118947,"(-0.0035,0.9809,0.0813,-0.1769)",false,0,0,0,NA,-1,-1,-1,-1,-1,-2,-2,true,-1.701088,2.192439,0.8437416,"(-0.3274,0.8649,0.1421,-0.3529)",0,0,0,0,0,0,0
3,"Environment: 1, AimModifier: 1",36.98315,true,-1.47638,2.401996,1.119088,"(-0.0041,0.9807,0.0819,-0.1777)",false,0,0,0,NA,-1,-1,-1,-1,-1,-2,-2,true,-1.700573,2.19242,0.8435257,"(-0.3269,0.8652,0.1419,-0.3527)",0,0,0,0,0,0,0
3,"Environment: 1, AimModifier: 1",36.99719,true,-1.476557,2.402062,1.119213,"(-0.0045,0.9805,0.0824,-0.1784)",false,0,0,0,NA,-1,-1,-1,-1,-1,-2,-2,true,-1.69957,2.192446,0.8430699,"(-0.3263,0.8663,0.1417,-0.3506)",0,0,0,0,0,0,0
3,"Environment: 1, AimModifier: 1",37.01082,true,-1.476734,2.402208,1.119319,"(-0.0047,0.9803,0.0828,-0.1792)",false,0,0,0,NA,-1,-1,-1,-1,-1,-2,-2,true,-1.698647,2.19247,0.8425975,"(-0.3267,0.8675,0.1410,-0.3478)",0,0,0,0,0,0,0
3,"Environment: 1, AimModifier: 1",37.0249,true,-1.476902,2.402311,1.119426,"(-0.0050,0.9802,0.0833,-0.1798)",false,0,0,0,NA,-1,-1,-1,-1,-1,-2,-2,true,-1.698354,2.192447,0.8424705,"(-0.3273,0.8675,0.1408,-0.3472)",0,0,0,0,0,0,0
3,"Environment: 1, AimModifier: 1",37.03882,true,-1.477044,2.402337,1.119536,"(-0.0051,0.9800,0.0834,-0.1805)",false,0,0,0,NA,-1,-1,-1,-1,-1,-2,-2,true,-1.698491,2.19244,0.8425636,"(-0.3274,0.8669,0.1410,-0.3484)",0,0,0,0,0,0,0
3,"Environment: 1, AimModifier: 1",37.05277,true,-1.477175,2.402322,1.119654,"(-0.0054,0.9799,0.0833,-0.1811)",false,0,0,0,NA,-1,-1,-1,-1,-1,-2,-2,true,-1.698426,2.192493,0.8424928,"(-0.3272,0.8668,0.1412,-0.3487)",0,0,0,0,0,0,0
3,"Environment: 1, AimModifier: 1",37.06676,true,-1.477287,2.402279,1.119771,"(-0.0056,0.9798,0.0833,-0.1816)",false,0,0,0,NA,-1,-1,-1,-1,-1,-2,-2,true,-1.69802,2.192593,0.8422812,"(-0.3270,0.8671,0.1412,-0.3484)",0,0,0,0,0,0,0
3,"Environment: 1, AimModifier: 1",37.08086,true,-1.477374,2.402227,1.119876,"(-0.0058,0.9798,0.0831,-0.1819)",false,0,0,0,NA,-1,-1,-1,-1,-1,-2,-2,true,-1.697566,2.192739,0.8420966,"(-0.3270,0.8674,0.1413,-0.3475)",0,0,0,0,0,0,0
3,"Environment: 1, AimModifier: 1",37.0946,true,-1.477449,2.402185,1.119962,"(-0.0061,0.9797,0.0831,-0.1822)",false,0,0,0,NA,-1,-1,-1,-1,-1,-2,-2,true,-1.697299,2.192852,0.8419901,"(-0.3273,0.8676,0.1413,-0.3468)",0,0,0,0,0,0,0
3,"Environment: 1, AimModifier: 1",37.1086,true,-1.477541,2.40216,1.120025,"(-0.0063,0.9797,0.0831,-0.1823)",false,0,0,0,NA,-1,-1,-1,-1,-1,-2,-2,true,-1.69712,2.192962,0.8418959,"(-0.3274,0.8677,0.1412,-0.3464)",0,0,0,0,0,0,0
3,"Environment: 1, AimModifier: 1",37.12259,true,-1.477623,2.402171,1.12006,"(-0.0064,0.9797,0.0832,-0.1822)",false,0,0,0,NA,-1,-1,-1,-1,-1,-2,-2,true,-1.696995,2.193086,0.8418016,"(-0.3276,0.8677,0.1412,-0.3462)",0,0,0,0,0,0,0
3,"Environment: 1, AimModifier: 1",37.13632,true,-1.477644,2.402173,1.120098,"(-0.0064,0.9796,0.0834,-0.1825)",false,0,0,0,NA,-1,-1,-1,-1,-1,-2,-2,true,-1.6969,2.193195,0.8417187,"(-0.3276,0.8677,0.1412,-0.3461)",0,0,0,0,0,0,0
3,"Environment: 1, AimModifier: 1",37.14989,true,-1.477655,2.402146,1.120135,"(-0.0067,0.9796,0.0834,-0.1825)",false,0,0,0,NA,-1,-1,-1,-1,-1,-2,-2,true,-1.696725,2.19337,0.8416579,"(-0.3277,0.8679,0.1412,-0.3457)",0,0,0,0,0,0,0
3,"Environment: 1, AimModifier: 1",37.16405,true,-1.477658,2.402113,1.120177,"(-0.0068,0.9797,0.0833,-0.1824)",false,0,0,0,NA,-1,-1,-1,-1,-1,-2,-2,true,-1.696567,2.193585,0.84164,"(-0.3277,0.8680,0.1416,-0.3452)",0,0,0,0,0,0,0
3,"Environment: 1, AimModifier: 1",37.17811,true,-1.47764,2.4021,1.120226,"(-0.0070,0.9797,0.0831,-0.1824)",false,0,0,0,NA,-1,-1,-1,-1,-1,-2,-2,true,-1.696522,2.19371,0.8416029,"(-0.3275,0.8681,0.1418,-0.3450)",0,0,0,0,0,0,0
3,"Environment: 1, AimModifier: 1",37.1918,true,-1.477615,2.40214,1.120254,"(-0.0068,0.9797,0.0830,-0.1824)",false,0,0,0,NA,-1,-1,-1,-1,-1,-2,-2,true,-1.696515,2.193795,0.8415586,"(-0.3275,0.8681,0.1418,-0.3449)",0,0,0,0,0,0,0
3,"Environment: 1, AimModifier: 1",37.20582,true,-1.477597,2.40222,1.120242,"(-0.0068,0.9797,0.0831,-0.1824)",false,0,0,0,NA,-1,-1,-1,-1,-1,-2,-2,true,-1.69649,2.193914,0.8415301,"(-0.3276,0.8682,0.1420,-0.3447)",0,0,0,0,0,0,0
3,"Environment: 1, AimModifier: 1",37.2196,true,-1.477566,2.40233,1.120181,"(-0.0068,0.9796,0.0835,-0.1825)",false,0,0,0,NA,-1,-1,-1,-1,-1,-2,-2,true,-1.696415,2.194107,0.8415114,"(-0.3275,0.8684,0.1420,-0.3441)",0,0,0,0,0,0,0
3,"Environment: 1, AimModifier: 1",37.23345,true,-1.477552,2.402412,1.120154,"(-0.0068,0.9796,0.0839,-0.1825)",false,0,0,0,NA,-1,-1,-1,-1,-1,-2,-2,true,-1.69636,2.194237,0.8414767,"(-0.3274,0.8687,0.1420,-0.3436)",0,0,0,0,0,0,0
3,"Environment: 1, AimModifier: 1",37.24775,true,-1.477535,2.402504,1.120125,"(-0.0067,0.9795,0.0843,-0.1826)",false,0,0,0,NA,-1,-1,-1,-1,-1,-2,-2,true,-1.69634,2.194328,0.8413498,"(-0.3272,0.8690,0.1419,-0.3429)",0,0,0,0,0,0,0
3,"Environment: 1, AimModifier: 1",37.26145,true,-1.477511,2.402586,1.120097,"(-0.0064,0.9795,0.0846,-0.1828)",false,0,0,0,NA,-1,-1,-1,-1,-1,-2,-2,true,-1.696244,2.194406,0.841136,"(-0.3266,0.8696,0.1419,-0.3421)",0,0,0,0,0,0,0
3,"Environment: 1, AimModifier: 1",37.27517,true,-1.477462,2.402637,1.120115,"(-0.0064,0.9795,0.0843,-0.1827)",false,0,0,0,NA,-1,-1,-1,-1,-1,-2,-2,true,-1.69603,2.1944,0.8408773,"(-0.3259,0.8702,0.1417,-0.3414)",0,0,0,0,0,0,0
3,"Environment: 1, AimModifier: 1",37.28918,true,-1.477401,2.402673,1.120144,"(-0.0062,0.9795,0.0843,-0.1828)",false,0,0,0,NA,-1,-1,-1,-1,-1,-2,-2,true,-1.695877,2.194324,0.8407641,"(-0.3260,0.8702,0.1415,-0.3412)",0,0,0,0,0,0,0
3,"Environment: 1, AimModifier: 1",37.30282,true,-1.477321,2.402699,1.120208,"(-0.0056,0.9796,0.0839,-0.1826)",false,0,0,0,NA,-1,-1,-1,-1,-1,-2,-2,true,-1.695622,2.194214,0.8405705,"(-0.3261,0.8704,0.1410,-0.3408)",0,0,0,0,0,0,0
3,"Environment: 1, AimModifier: 1",37.31663,true,-1.477262,2.402735,1.120234,"(-0.0054,0.9795,0.0839,-0.1828)",false,0,0,0,NA,-1,-1,-1,-1,-1,-2,-2,true,-1.695556,2.194195,0.8405286,"(-0.3261,0.8705,0.1408,-0.3408)",0,0,0,0,0,0,0
3,"Environment: 1, AimModifier: 1",37.33016,true,-1.477218,2.402781,1.120249,"(-0.0052,0.9795,0.0839,-0.1828)",false,0,0,0,NA,-1,-1,-1,-1,-1,-2,-2,true,-1.695556,2.194195,0.8405286,"(-0.3261,0.8705,0.1408,-0.3408)",0,0,0,0,0,0,0
3,"Environment: 1, AimModifier: 1",37.34417,true,-1.477107,2.402837,1.120277,"(-0.0050,0.9796,0.0847,-0.1821)",false,0,0,0,NA,-1,-1,-1,-1,-1,-2,-2,true,-1.692848,2.193588,0.839099,"(-0.3254,0.8733,0.1370,-0.3357)",0,0,0,0,0,0,0
3,"Environment: 1, AimModifier: 1",37.35799,true,-1.477044,2.402884,1.120281,"(-0.0049,0.9796,0.0847,-0.1820)",false,0,0,0,NA,-1,-1,-1,-1,-1,-2,-2,true,-1.692455,2.193531,0.8389179,"(-0.3253,0.8737,0.1366,-0.3349)",0,0,0,0,0,0,0
3,"Environment: 1, AimModifier: 1",37.37182,true,-1.47693,2.402875,1.120286,"(-0.0050,0.9797,0.0848,-0.1817)",false,0,0,0,NA,-1,-1,-1,-1,-1,-2,-2,true,-1.690948,2.193471,0.8385128,"(-0.3247,0.8747,0.1367,-0.3328)",0,0,0,0,0,0,0
3,"Environment: 1, AimModifier: 1",37.38575,true,-1.476859,2.402895,1.120289,"(-0.0046,0.9798,0.0850,-0.1812)",false,0,0,0,NA,-1,-1,-1,-1,-1,-2,-2,true,-1.689965,2.193533,0.8383299,"(-0.3237,0.8755,0.1367,-0.3317)",0,0,0,0,0,0,0
3,"Environment: 1, AimModifier: 1",37.3997,true,-1.476758,2.402914,1.120276,"(-0.0046,0.9798,0.0852,-0.1809)",false,0,0,0,NA,-1,-1,-1,-1,-1,-2,-2,true,-1.689145,2.193615,0.8381467,"(-0.3235,0.8762,0.1363,-0.3303)",0,0,0,0,0,0,0
3,"Environment: 1, AimModifier: 1",37.41357,true,-1.476636,2.402963,1.120241,"(-0.0047,0.9799,0.0852,-0.1806)",false,0,0,0,NA,-1,-1,-1,-1,-1,-2,-2,true,-1.688743,2.193678,0.8381004,"(-0.3247,0.8761,0.1364,-0.3293)",0,0,0,0,0,0,0
3,"Environment: 1, AimModifier: 1",37.42753,true,-1.476535,2.402999,1.120212,"(-0.0049,0.9800,0.0852,-0.1800)",false,0,0,0,NA,-1,-1,-1,-1,-1,-2,-2,true,-1.688688,2.193763,0.8381355,"(-0.3249,0.8759,0.1368,-0.3295)",0,0,0,0,0,0,0
3,"Environment: 1, AimModifier: 1",37.44163,true,-1.47642,2.403012,1.120185,"(-0.0049,0.9800,0.0853,-0.1795)",false,0,0,0,NA,-1,-1,-1,-1,-1,-2,-2,true,-1.688643,2.193882,0.8381494,"(-0.3241,0.8759,0.1372,-0.3301)",0,0,0,0,0,0,0
3,"Environment: 1, AimModifier: 1",37.45554,true,-1.476313,2.403008,1.120157,"(-0.0053,0.9801,0.0854,-0.1791)",false,0,0,0,NA,-1,-1,-1,-1,-1,-2,-2,true,-1.688366,2.194015,0.8380787,"(-0.3238,0.8760,0.1375,-0.3300)",0,0,0,0,0,0,0
3,"Environment: 1, AimModifier: 1",37.46888,true,-1.476225,2.403018,1.120142,"(-0.0052,0.9802,0.0852,-0.1785)",false,0,0,0,NA,-1,-1,-1,-1,-1,-2,-2,true,-1.688194,2.194113,0.8380334,"(-0.3239,0.8760,0.1377,-0.3299)",0,0,0,0,0,0,0
3,"Environment: 1, AimModifier: 1",37.48295,true,-1.476131,2.403047,1.120122,"(-0.0054,0.9803,0.0853,-0.1781)",false,0,0,0,NA,-1,-1,-1,-1,-1,-2,-2,true,-1.687987,2.194196,0.8379545,"(-0.3240,0.8760,0.1378,-0.3296)",0,0,0,0,0,0,0
3,"Environment: 1, AimModifier: 1",37.49669,true,-1.476013,2.403075,1.120088,"(-0.0052,0.9803,0.0857,-0.1776)",false,0,0,0,NA,-1,-1,-1,-1,-1,-2,-2,true,-1.687771,2.194264,0.8378636,"(-0.3242,0.8760,0.1377,-0.3294)",0,0,0,0,0,0,0
3,"Environment: 1, AimModifier: 1",37.51035,true,-1.475856,2.403089,1.120088,"(-0.0056,0.9804,0.0858,-0.1772)",false,0,0,0,NA,-1,-1,-1,-1,-1,-2,-2,true,-1.687591,2.194342,0.8378238,"(-0.3243,0.8761,0.1377,-0.3292)",0,0,0,0,0,0,0
3,"Environment: 1, AimModifier: 1",37.52441,true,-1.475654,2.403069,1.120085,"(-0.0058,0.9804,0.0860,-0.1769)",false,0,0,0,NA,-1,-1,-1,-1,-1,-2,-2,true,-1.687329,2.194503,0.837828,"(-0.3243,0.8761,0.1379,-0.3290)",0,0,0,0,0,0,0
3,"Environment: 1, AimModifier: 1",37.53849,true,-1.475526,2.40309,1.120054,"(-0.0057,0.9806,0.0859,-0.1764)",false,0,0,0,NA,-1,-1,-1,-1,-1,-2,-2,true,-1.68716,2.194659,0.8378749,"(-0.3241,0.8762,0.1383,-0.3289)",0,0,0,0,0,0,0
3,"Environment: 1, AimModifier: 1",37.55238,true,-1.475405,2.403112,1.120009,"(-0.0057,0.9806,0.0859,-0.1760)",false,0,0,0,NA,-1,-1,-1,-1,-1,-2,-2,true,-1.687088,2.194761,0.8379096,"(-0.3240,0.8762,0.1385,-0.3289)",0,0,0,0,0,0,0
3,"Environment: 1, AimModifier: 1",37.56655,true,-1.475279,2.403152,1.119955,"(-0.0054,0.9807,0.0859,-0.1756)",false,0,0,0,NA,-1,-1,-1,-1,-1,-2,-2,true,-1.687056,2.194832,0.8379465,"(-0.3240,0.8762,0.1386,-0.3288)",0,0,0,0,0,0,0
3,"Environment: 1, AimModifier: 1",37.58055,true,-1.475165,2.403189,1.119895,"(-0.0054,0.9808,0.0859,-0.1752)",false,0,0,0,NA,-1,-1,-1,-1,-1,-2,-2,true,-1.687003,2.194901,0.8380005,"(-0.3243,0.8762,0.1388,-0.3285)",0,0,0,0,0,0,0
3,"Environment: 1, AimModifier: 1",37.59421,true,-1.475015,2.403198,1.11981,"(-0.0053,0.9808,0.0858,-0.1751)",false,0,0,0,NA,-1,-1,-1,-1,-1,-2,-2,true,-1.686958,2.194938,0.8380526,"(-0.3245,0.8762,0.1388,-0.3283)",0,0,0,0,0,0,0
3,"Environment: 1, AimModifier: 1",37.60822,true,-1.474858,2.403188,1.119703,"(-0.0050,0.9808,0.0857,-0.1748)",false,0,0,0,NA,-1,-1,-1,-1,-1,-2,-2,true,-1.686882,2.195,0.8381301,"(-0.3244,0.8762,0.1390,-0.3281)",0,0,0,0,0,0,0
3,"Environment: 1, AimModifier: 1",37.62239,true,-1.474713,2.403158,1.119579,"(-0.0050,0.9809,0.0858,-0.1746)",false,0,0,0,NA,-1,-1,-1,-1,-1,-2,-2,true,-1.68676,2.195163,0.8382946,"(-0.3240,0.8765,0.1396,-0.3276)",0,0,0,0,0,0,0
3,"Environment: 1, AimModifier: 1",37.63619,true,-1.474599,2.403148,1.119503,"(-0.0048,0.9809,0.0859,-0.1744)",false,0,0,0,NA,-1,-1,-1,-1,-1,-2,-2,true,-1.686689,2.195282,0.8384294,"(-0.3236,0.8767,0.1400,-0.3272)",0,0,0,0,0,0,0
3,"Environment: 1, AimModifier: 1",37.6497,true,-1.474501,2.403139,1.119424,"(-0.0048,0.9810,0.0858,-0.1739)",false,0,0,0,NA,-1,-1,-1,-1,-1,-2,-2,true,-1.686676,2.195311,0.8384429,"(-0.3236,0.8768,0.1402,-0.3270)",0,0,0,0,0,0,0
3,"Environment: 1, AimModifier: 1",37.66362,true,-1.474394,2.403129,1.119332,"(-0.0047,0.9811,0.0858,-0.1736)",false,0,0,0,NA,-1,-1,-1,-1,-1,-2,-2,true,-1.686702,2.195288,0.8384211,"(-0.3237,0.8767,0.1402,-0.3272)",0,0,0,0,0,0,0
3,"Environment: 1, AimModifier: 1",37.67762,true,-1.474292,2.403107,1.119234,"(-0.0046,0.9811,0.0857,-0.1732)",false,0,0,0,NA,-1,-1,-1,-1,-1,-2,-2,true,-1.686797,2.195291,0.8385603,"(-0.3240,0.8764,0.1404,-0.3275)",0,0,0,0,0,0,0
3,"Environment: 1, AimModifier: 1",37.69137,true,-1.474186,2.40308,1.119141,"(-0.0045,0.9812,0.0857,-0.1726)",false,0,0,0,NA,-1,-1,-1,-1,-1,-2,-2,true,-1.686868,2.19529,0.8386298,"(-0.3240,0.8763,0.1406,-0.3275)",0,0,0,0,0,0,0
3,"Environment: 1, AimModifier: 1",37.70546,true,-1.474031,2.403012,1.119093,"(-0.0043,0.9813,0.0854,-0.1722)",false,0,0,0,NA,-1,-1,-1,-1,-1,-2,-2,true,-1.686905,2.195309,0.8387049,"(-0.3240,0.8764,0.1408,-0.3273)",0,0,0,0,0,0,0
3,"Environment: 1, AimModifier: 1",37.71943,true,-1.473866,2.402943,1.119052,"(-0.0041,0.9815,0.0851,-0.1716)",false,0,0,0,NA,-1,-1,-1,-1,-1,-2,-2,true,-1.686894,2.195336,0.8387858,"(-0.3240,0.8765,0.1411,-0.3269)",0,0,0,0,0,0,0
3,"Environment: 1, AimModifier: 1",37.73322,true,-1.473711,2.402886,1.118968,"(-0.0038,0.9816,0.0850,-0.1708)",false,0,0,0,NA,-1,-1,-1,-1,-1,-2,-2,true,-1.686848,2.195318,0.8388066,"(-0.3240,0.8767,0.1411,-0.3264)",0,0,0,0,0,0,0
3,"Environment: 1, AimModifier: 1",37.74733,true,-1.473546,2.402857,1.11887,"(-0.0036,0.9818,0.0847,-0.1702)",false,0,0,0,NA,-1,-1,-1,-1,-1,-2,-2,true,-1.686849,2.195237,0.8387529,"(-0.3241,0.8767,0.1410,-0.3263)",0.02100116,0,0,0,0,0,0
3,"Environment: 1, AimModifier: 1",37.76115,true,-1.473387,2.40283,1.118766,"(-0.0034,0.9819,0.0845,-0.1693)",false,0,0,0,NA,-1,-1,-1,-1,-1,-2,-2,true,-1.686752,2.194984,0.8388677,"(-0.3250,0.8763,0.1427,-0.3257)",0.2095237,0,0,0,0,0,0
3,"Environment: 1, AimModifier: 1",37.77506,true,-1.47323,2.402799,1.118659,"(-0.0034,0.9821,0.0843,-0.1684)",false,0,0,0,NA,-1,-1,-1,-1,-1,-2,-2,true,-1.686492,2.194947,0.8388084,"(-0.3249,0.8770,0.1421,-0.3242)",0.4710622,0,0,0,0,0,0
3,"Environment: 1, AimModifier: 1",37.79097,true,-1.47307,2.402782,1.118549,"(-0.0030,0.9823,0.0841,-0.1676)",false,0,0,0,NA,-1,-1,-1,-1,-1,-2,-2,true,-1.686056,2.195098,0.8387495,"(-0.3241,0.8783,0.1431,-0.3210)",0.986569,0,0,0,0,0,0
3,"Environment: 1, AimModifier: 1",37.80289,true,-1.472836,2.402776,1.118423,"(-0.0028,0.9824,0.0841,-0.1669)",false,0,0,0,NA,-1,-1,-1,-1,-1,-2,-2,true,-1.685897,2.19517,0.8387565,"(-0.3238,0.8786,0.1429,-0.3205)",1,0,0,0,0,0,0
3,"Environment: 1, AimModifier: 1",37.81655,true,-1.472628,2.402799,1.118295,"(-0.0027,0.9825,0.0842,-0.1662)",false,0,0,0,NA,-1,-1,-1,-1,-1,-2,-2,true,-1.685953,2.195142,0.838801,"(-0.3245,0.8782,0.1427,-0.3210)",1,0,0,0,0,0,0
3,"Environment: 1, AimModifier: 1",37.83006,true,-1.472461,2.402825,1.118187,"(-0.0025,0.9825,0.0843,-0.1659)",false,0,0,0,NA,-1,-1,-1,-1,-1,-2,-2,true,-1.68602,2.195138,0.8388642,"(-0.3248,0.8778,0.1427,-0.3218)",1,0,0,0,0,0,0
3,"Environment: 1, AimModifier: 1",37.84422,true,-1.472384,2.40286,1.118127,"(-0.0021,0.9826,0.0841,-0.1658)",false,0,0,0,NA,-1,-1,-1,-1,-1,-2,-2,true,-1.685988,2.19515,0.838971,"(-0.3248,0.8777,0.1428,-0.3222)",1,0,0,0,0,0,0
3,"Environment: 1, AimModifier: 1",37.85808,true,-1.472311,2.402882,1.118091,"(-0.0016,0.9826,0.0840,-0.1657)",false,0,0,0,NA,-1,-1,-1,-1,-1,-2,-2,true,-1.685937,2.195191,0.8390645,"(-0.3247,0.8776,0.1429,-0.3224)",1,0,0,0,0,0,0
3,"Environment: 1, AimModifier: 1",37.87173,true,-1.472284,2.402904,1.11806,"(-0.0012,0.9826,0.0841,-0.1656)",false,0,0,0,NA,-1,-1,-1,-1,-1,-2,-2,true,-1.685815,2.195275,0.8391476,"(-0.3246,0.8778,0.1428,-0.3222)",1,0,0,0,0,0,0
3,"Environment: 1, AimModifier: 1",37.88586,true,-1.472246,2.402928,1.118003,"(-0.0011,0.9826,0.0845,-0.1656)",false,0,0,0,NA,-1,-1,-1,-1,-1,-2,-2,true,-1.685712,2.195331,0.8391615,"(-0.3246,0.8778,0.1425,-0.3221)",1,0,0,0,0,0,0
3,"Environment: 1, AimModifier: 1",37.89975,true,-1.472198,2.402955,1.117957,"(-0.0010,0.9825,0.0847,-0.1656)",false,0,0,0,NA,-1,-1,-1,-1,-1,-2,-2,true,-1.685622,2.19538,0.8392161,"(-0.3248,0.8776,0.1420,-0.3227)",1,0,0,0,0,0,0
3,"Environment: 1, AimModifier: 1",37.91347,true,-1.472122,2.40296,1.117936,"(-0.0008,0.9826,0.0849,-0.1655)",false,0,0,0,NA,-1,-1,-1,-1,-1,-2,-2,true,-1.685476,2.195425,0.8394658,"(-0.3250,0.8770,0.1419,-0.3243)",0.9426129,0,0,0,0,0,0
3,"Environment: 1, AimModifier: 1",37.92739,true,-1.472065,2.402956,1.117921,"(-0.0008,0.9825,0.0852,-0.1655)",false,0,0,0,NA,-1,-1,-1,-1,-1,-2,-2,true,-1.685414,2.195477,0.8395398,"(-0.3252,0.8770,0.1417,-0.3242)",0.8503053,0,0,0,0,0,0
3,"Environment: 1, AimModifier: 1",37.94131,true,-1.472043,2.402968,1.117886,"(-0.0012,0.9826,0.0852,-0.1653)",false,0,0,0,NA,-1,-1,-1,-1,-1,-2,-2,true,-1.685312,2.195524,0.8395975,"(-0.3252,0.8769,0.1416,-0.3243)",0.3301587,0,0,0,0,0,0
3,"Environment: 1, AimModifier: 1",37.9552,true,-1.471982,2.402951,1.117865,"(-0.0011,0.9826,0.0849,-0.1655)",false,0,0,0,NA,-1,-1,-1,-1,-1,-2,-2,true,-1.685258,2.195546,0.839574,"(-0.3252,0.8770,0.1415,-0.3242)",0.1963369,0,0,0,0,0,0
3,"Environment: 1, AimModifier: 1",37.96922,true,-1.471932,2.4029,1.11787,"(-0.0010,0.9826,0.0845,-0.1653)",false,0,0,0,NA,-1,-1,-1,-1,-1,-2,-2,true,-1.685146,2.195582,0.8395479,"(-0.3252,0.8771,0.1414,-0.3241)",0.08962142,0,0,0,0,0,0
3,"Environment: 1, AimModifier: 1",37.98329,true,-1.471886,2.40289,1.117881,"(-0.0008,0.9826,0.0842,-0.1653)",false,0,0,0,NA,-1,-1,-1,-1,-1,-2,-2,true,-1.685039,2.195637,0.8395707,"(-0.3255,0.8771,0.1409,-0.3238)",0,0,0,0,0,0,0
3,"Environment: 1, AimModifier: 1",37.9972,true,-1.47183,2.40289,1.117869,"(-0.0008,0.9827,0.0842,-0.1652)",false,0,0,0,NA,-1,-1,-1,-1,-1,-2,-2,true,-1.684934,2.195651,0.839625,"(-0.3259,0.8771,0.1405,-0.3237)",0,0,0,0,0,0,0
3,"Environment: 1, AimModifier: 1",38.01078,true,-1.471741,2.402881,1.117872,"(-0.0009,0.9826,0.0844,-0.1652)",false,0,0,0,NA,-1,-1,-1,-1,-1,-2,-2,true,-1.684827,2.195671,0.8396283,"(-0.3259,0.8771,0.1405,-0.3235)",0,0,0,0,0,0,0
3,"Environment: 1, AimModifier: 1",38.02495,true,-1.471652,2.402882,1.117886,"(-0.0009,0.9826,0.0845,-0.1651)",false,0,0,0,NA,-1,-1,-1,-1,-1,-2,-2,true,-1.684628,2.1957,0.8396198,"(-0.3257,0.8773,0.1404,-0.3232)",0,0,0,0,0,0,0
3,"Environment: 1, AimModifier: 1",38.03886,true,-1.471577,2.402884,1.117913,"(-0.0008,0.9827,0.0846,-0.1651)",false,0,0,0,NA,-1,-1,-1,-1,-1,-2,-2,true,-1.684062,2.195775,0.8396429,"(-0.3249,0.8779,0.1405,-0.3223)",0,0,0,0,0,0,0
3,"Environment: 1, AimModifier: 1",38.05262,true,-1.471507,2.402906,1.117931,"(-0.0007,0.9827,0.0846,-0.1649)",false,0,0,0,NA,-1,-1,-1,-1,-1,-2,-2,true,-1.683094,2.195841,0.8397369,"(-0.3240,0.8789,0.1406,-0.3206)",0,0,0,0,0,0,0
3,"Environment: 1, AimModifier: 1",38.06662,true,-1.471448,2.402944,1.117941,"(-0.0005,0.9827,0.0850,-0.1647)",false,0,0,0,NA,-1,-1,-1,-1,-1,-2,-2,true,-1.681823,2.195823,0.8398196,"(-0.3231,0.8800,0.1406,-0.3186)",0,0,0,0,0,0,0
3,"Environment: 1, AimModifier: 1",38.08062,true,-1.471391,2.402992,1.117944,"(-0.0003,0.9827,0.0853,-0.1645)",false,0,0,0,NA,-1,-1,-1,-1,-1,-2,-2,true,-1.67982,2.195749,0.8397657,"(-0.3211,0.8822,0.1400,-0.3146)",0,0,0,0,0,0,0
3,"Environment: 1, AimModifier: 1",38.09427,true,-1.471318,2.403014,1.117975,"(-0.0001,0.9827,0.0854,-0.1643)",false,0,0,0,NA,-1,-1,-1,-1,-1,-2,-2,true,-1.678119,2.195809,0.839476,"(-0.3193,0.8851,0.1394,-0.3086)",0,0,0,0,0,0,0
3,"Environment: 1, AimModifier: 1",38.10857,true,-1.471215,2.402987,1.118052,"(-0.0001,0.9827,0.0856,-0.1641)",false,0,0,0,NA,-1,-1,-1,-1,-1,-2,-2,true,-1.676645,2.195826,0.8393261,"(-0.3183,0.8871,0.1393,-0.3040)",0,0,0,0,0,0,0
3,"Environment: 1, AimModifier: 1",38.12242,true,-1.471095,2.402981,1.118132,"(0.0002,0.9828,0.0854,-0.1636)",false,0,0,0,NA,-1,-1,-1,-1,-1,-2,-2,true,-1.675089,2.195834,0.8392028,"(-0.3155,0.8891,0.1392,-0.3009)",0,0,0,0,0,0,0
3,"Environment: 1, AimModifier: 1",38.13583,true,-1.470967,2.402978,1.118163,"(0.0005,0.9829,0.0855,-0.1633)",false,0,0,0,NA,-1,-1,-1,-1,-1,-2,-2,true,-1.67327,2.196035,0.8389841,"(-0.3080,0.8923,0.1399,-0.2989)",0,0,0,0,0,0,0
3,"Environment: 1, AimModifier: 1",38.14927,true,-1.47084,2.402991,1.118188,"(0.0007,0.9830,0.0854,-0.1627)",false,0,0,0,NA,-1,-1,-1,-1,-1,-2,-2,true,-1.671298,2.196306,0.8386315,"(-0.2995,0.8962,0.1411,-0.2952)",0,0,0,0,0,0,0
3,"Environment: 1, AimModifier: 1",38.1631,true,-1.470702,2.403019,1.118198,"(0.0008,0.9831,0.0856,-0.1620)",false,0,0,0,NA,-1,-1,-1,-1,-1,-2,-2,true,-1.669047,2.196683,0.8380275,"(-0.2920,0.9011,0.1417,-0.2877)",0,0,0,0,0,0,0
3,"Environment: 1, AimModifier: 1",38.17705,true,-1.470571,2.403053,1.118173,"(0.0008,0.9831,0.0863,-0.1614)",false,0,0,0,NA,-1,-1,-1,-1,-1,-2,-2,true,-1.666642,2.196927,0.8371289,"(-0.2863,0.9063,0.1396,-0.2779)",0,0,0,0,0,0,0
3,"Environment: 1, AimModifier: 1",38.19072,true,-1.470428,2.403109,1.118146,"(0.0009,0.9832,0.0866,-0.1607)",false,0,0,0,NA,-1,-1,-1,-1,-1,-2,-2,true,-1.663768,2.197215,0.8358277,"(-0.2796,0.9129,0.1367,-0.2642)",0,0,0,0,0,0,0
3,"Environment: 1, AimModifier: 1",38.20494,true,-1.470255,2.403133,1.118095,"(0.0009,0.9833,0.0870,-0.1600)",false,0,0,0,NA,-1,-1,-1,-1,-1,-2,-2,true,-1.660845,2.19742,0.8344514,"(-0.2728,0.9195,0.1322,-0.2504)",0,0,0,0,0,0,0
3,"Environment: 1, AimModifier: 1",38.21898,true,-1.470079,2.403165,1.118053,"(0.0011,0.9834,0.0870,-0.1592)",false,0,0,0,NA,-1,-1,-1,-1,-1,-2,-2,true,-1.658198,2.197439,0.8332802,"(-0.2672,0.9247,0.1275,-0.2394)",0,0,0,0,0,0,0
3,"Environment: 1, AimModifier: 1",38.23265,true,-1.469917,2.40321,1.118021,"(0.0012,0.9835,0.0871,-0.1584)",false,0,0,0,NA,-1,-1,-1,-1,-1,-2,-2,true,-1.655817,2.197224,0.8322371,"(-0.2622,0.9287,0.1221,-0.2321)",0,0,0,0,0,0,0
3,"Environment: 1, AimModifier: 1",38.24707,true,-1.469744,2.403254,1.117994,"(0.0013,0.9836,0.0876,-0.1575)",false,0,0,0,NA,-1,-1,-1,-1,-1,-2,-2,true,-1.653276,2.197046,0.8311816,"(-0.2552,0.9330,0.1165,-0.2254)",0,0,0,0,0,0,0
3,"Environment: 1, AimModifier: 1",38.26076,true,-1.469566,2.403314,1.117968,"(0.0014,0.9838,0.0876,-0.1566)",false,0,0,0,NA,-1,-1,-1,-1,-1,-2,-2,true,-1.650368,2.197005,0.8299438,"(-0.2470,0.9382,0.1109,-0.2157)",0,0,0,0,0,0,0
3,"Environment: 1, AimModifier: 1",38.27447,true,-1.469375,2.403363,1.117955,"(0.0014,0.9839,0.0878,-0.1556)",false,0,0,0,NA,-1,-1,-1,-1,-1,-2,-2,true,-1.646979,2.196969,0.8285932,"(-0.2369,0.9446,0.1046,-0.2017)",0,0,0,0,0,0,0
3,"Environment: 1, AimModifier: 1",38.28854,true,-1.469161,2.403444,1.117936,"(0.0013,0.9840,0.0881,-0.1547)",false,0,0,0,NA,-1,-1,-1,-1,-1,-2,-2,true,-1.643293,2.196934,0.8272919,"(-0.2262,0.9511,0.0992,-0.1857)",0,0,0,0,0,0,0
3,"Environment: 1, AimModifier: 1",38.30228,true,-1.468907,2.403541,1.117961,"(0.0011,0.9842,0.0885,-0.1537)",false,0,0,0,NA,-1,-1,-1,-1,-1,-2,-2,true,-1.63896,2.196735,0.8259525,"(-0.2130,0.9583,0.0924,-0.1667)",0,0,0,0,0,0,0
3,"Environment: 1, AimModifier: 1",38.31643,true,-1.468709,2.403613,1.117955,"(0.0009,0.9843,0.0888,-0.1525)",false,0,0,0,NA,-1,-1,-1,-1,-1,-2,-2,true,-1.635509,2.196619,0.8247629,"(-0.2027,0.9634,0.0866,-0.1527)",0,0,0,0,0,0,0
3,"Environment: 1, AimModifier: 1",38.32972,true,-1.468511,2.403678,1.117936,"(0.0008,0.9844,0.0890,-0.1516)",false,0,0,0,NA,-1,-1,-1,-1,-1,-2,-2,true,-1.63221,2.196533,0.8235778,"(-0.1930,0.9679,0.0811,-0.1392)",0,0,0,0,0,0,0
3,"Environment: 1, AimModifier: 1",38.34371,true,-1.468283,2.403762,1.117935,"(0.0009,0.9846,0.0895,-0.1504)",false,0,0,0,NA,-1,-1,-1,-1,-1,-2,-2,true,-1.628463,2.19632,0.8223631,"(-0.1818,0.9726,0.0750,-0.1243)",0,0,0,0,0,0,0
3,"Environment: 1, AimModifier: 1",38.35771,true,-1.467438,2.404177,1.117823,"(0.0011,0.9850,0.0908,-0.1467)",false,0,0,0,NA,-1,-1,-1,-1,-1,-2,-2,true,-1.624777,2.194133,0.822963,"(-0.1744,0.9741,0.0700,-0.1258)",0,0,0,0,0,0,0
3,"Environment: 1, AimModifier: 1",38.3716,true,-1.467026,2.404301,1.117755,"(0.0012,0.9853,0.0915,-0.1446)",false,0,0,0,NA,-1,-1,-1,-1,-1,-2,-2,true,-1.621389,2.193284,0.8226117,"(-0.1630,0.9774,0.0661,-0.1169)",0,0,0,0,0,0,0
3,"Environment: 1, AimModifier: 1",38.38573,true,-1.46652,2.404485,1.117675,"(0.0015,0.9855,0.0922,-0.1423)",false,0,0,0,NA,-1,-1,-1,-1,-1,-2,-2,true,-1.618162,2.19247,0.8222377,"(-0.1523,0.9804,0.0624,-0.1085)",0,0,0,0,0,0,0
3,"Environment: 1, AimModifier: 1",38.39954,true,-1.465938,2.404577,1.117585,"(0.0019,0.9858,0.0930,-0.1397)",false,0,0,0,NA,-1,-1,-1,-1,-1,-2,-2,true,-1.615229,2.191577,0.8220313,"(-0.1426,0.9826,0.0599,-0.1026)",0,0,0,0,0,0,0
3,"Environment: 1, AimModifier: 1",38.41333,true,-1.465262,2.404849,1.117412,"(0.0022,0.9862,0.0935,-0.1368)",false,0,0,0,NA,-1,-1,-1,-1,-1,-2,-2,true,-1.612882,2.190751,0.8219206,"(-0.1356,0.9840,0.0585,-0.1001)",0,0,0,0,0,0,0
3,"Environment: 1, AimModifier: 1",38.42699,true,-1.464608,2.405035,1.117287,"(0.0026,0.9866,0.0943,-0.1331)",false,0,0,0,NA,-1,-1,-1,-1,-1,-2,-2,true,-1.611491,2.190082,0.8218375,"(-0.1344,0.9839,0.0587,-0.1023)",0,0,0,0,0,0,0
3,"Environment: 1, AimModifier: 1",38.44084,true,-1.463777,2.405163,1.117116,"(0.0027,0.9870,0.0952,-0.1292)",false,0,0,0,NA,-1,-1,-1,-1,-1,-2,-2,true,-1.610656,2.189513,0.8216984,"(-0.1355,0.9834,0.0587,-0.1055)",0,0,0,0,0,0,0
3,"Environment: 1, AimModifier: 1",38.45449,true,-1.46292,2.405292,1.116968,"(0.0026,0.9875,0.0960,-0.1251)",false,0,0,0,NA,-1,-1,-1,-1,-1,-2,-2,true,-1.609812,2.188911,0.8214023,"(-0.1361,0.9832,0.0576,-0.1070)",0,0,0,0,0,0,0
3,"Environment: 1, AimModifier: 1",38.46869,true,-1.46202,2.405429,1.116833,"(0.0024,0.9880,0.0965,-0.1203)",false,0,0,0,NA,-1,-1,-1,-1,-1,-2,-2,true,-1.608682,2.188236,0.82105,"(-0.1333,0.9838,0.0557,-0.1063)",0,0,0,0,0,0,0
3,"Environment: 1, AimModifier: 1",38.48283,true,-1.461073,2.40555,1.116706,"(0.0022,0.9886,0.0968,-0.1155)",false,0,0,0,NA,-1,-1,-1,-1,-1,-2,-2,true,-1.607237,2.187459,0.820807,"(-0.1268,0.9850,0.0539,-0.1035)",0,0,0,0,0,0,0
3,"Environment: 1, AimModifier: 1",38.49655,true,-1.46,2.405606,1.116594,"(0.0019,0.9891,0.0973,-0.1107)",false,0,0,0,NA,-1,-1,-1,-1,-1,-2,-2,true,-1.605798,2.186685,0.8205314,"(-0.1195,0.9864,0.0518,-0.1004)",0,0,0,0,0,0,0
3,"Environment: 1, AimModifier: 1",38.51005,true,-1.458939,2.405783,1.116484,"(0.0019,0.9896,0.0977,-0.1057)",false,0,0,0,NA,-1,-1,-1,-1,-1,-2,-2,true,-1.604723,2.186034,0.8202028,"(-0.1143,0.9873,0.0503,-0.0986)",0,0,0,0,0,0,0
3,"Environment: 1, AimModifier: 1",38.52427,true,-1.457847,2.405806,1.116388,"(0.0017,0.9900,0.0984,-0.1006)",false,0,0,0,NA,-1,-1,-1,-1,-1,-2,-2,true,-1.604418,2.185562,0.8198215,"(-0.1125,0.9874,0.0494,-0.1000)",0,0,0,0,0,0,0
3,"Environment: 1, AimModifier: 1",38.53823,true,-1.456713,2.405963,1.116332,"(0.0016,0.9905,0.0988,-0.0956)",false,0,0,0,NA,-1,-1,-1,-1,-1,-2,-2,true,-1.604123,2.185163,0.8194678,"(-0.1120,0.9874,0.0486,-0.1009)",0,0,0,0,0,0,0
3,"Environment: 1, AimModifier: 1",38.55211,true,-1.455725,2.40603,1.116283,"(0.0013,0.9910,0.0988,-0.0900)",false,0,0,0,NA,-1,-1,-1,-1,-1,-2,-2,true,-1.603991,2.184885,0.8193,"(-0.1119,0.9873,0.0479,-0.1023)",0,0,0,0,0,0,0
3,"Environment: 1, AimModifier: 1",38.56617,true,-1.454569,2.405938,1.116232,"(0.0018,0.9914,0.0996,-0.0844)",false,0,0,0,NA,-1,-1,-1,-1,-1,-2,-2,true,-1.604165,2.184749,0.8192808,"(-0.1130,0.9870,0.0482,-0.1036)",0,0,0,0,0,0,0
3,"Environment: 1, AimModifier: 1",38.58035,true,-1.453377,2.406178,1.116141,"(0.0015,0.9919,0.0993,-0.0792)",false,0,0,0,NA,-1,-1,-1,-1,-1,-2,-2,true,-1.604126,2.184523,0.8192148,"(-0.1123,0.9871,0.0481,-0.1039)",0,0,0,0,0,0,0
3,"Environment: 1, AimModifier: 1",38.59399,true,-1.452281,2.406179,1.116053,"(0.0011,0.9923,0.0998,-0.0739)",false,0,0,0,NA,-1,-1,-1,-1,-1,-2,-2,true,-1.604236,2.184365,0.8192195,"(-0.1112,0.9872,0.0479,-0.1033)",0,0,0,0,0,0,0
3,"Environment: 1, AimModifier: 1",38.60827,true,-1.451125,2.406297,1.115993,"(0.0011,0.9926,0.1001,-0.0690)",false,0,0,0,NA,-1,-1,-1,-1,-1,-2,-2,true,-1.604492,2.184412,0.8193028,"(-0.1113,0.9872,0.0480,-0.1032)",0,0,0,0,0,0,0
3,"Environment: 1, AimModifier: 1",38.62215,true,-1.4499,2.406415,1.115943,"(0.0013,0.9929,0.1005,-0.0642)",false,0,0,0,NA,-1,-1,-1,-1,-1,-2,-2,true,-1.604725,2.184498,0.8193476,"(-0.1119,0.9872,0.0480,-0.1033)",0,0,0,0,0,0,0
3,"Environment: 1, AimModifier: 1",38.6359,true,-1.448928,2.406473,1.115926,"(0.0013,0.9932,0.1006,-0.0589)",false,0,0,0,NA,-1,-1,-1,-1,-1,-2,-2,true,-1.604942,2.184584,0.8193476,"(-0.1127,0.9870,0.0482,-0.1037)",0,0,0,0,0,0,0
3,"Environment: 1, AimModifier: 1",38.64936,true,-1.447817,2.406605,1.115951,"(0.0019,0.9934,0.1007,-0.0540)",false,0,0,0,NA,-1,-1,-1,-1,-1,-2,-2,true,-1.605042,2.184555,0.8192374,"(-0.1127,0.9870,0.0480,-0.1038)",0,0,0,0,0,0,0
3,"Environment: 1, AimModifier: 1",38.66332,true,-1.446785,2.406811,1.115947,"(0.0024,0.9937,0.1007,-0.0494)",false,0,0,0,NA,-1,-1,-1,-1,-1,-2,-2,true,-1.605135,2.184459,0.8191116,"(-0.1122,0.9871,0.0477,-0.1039)",0,0,0,0,0,0,0
3,"Environment: 1, AimModifier: 1",38.67725,true,-1.445901,2.406871,1.116003,"(0.0027,0.9939,0.1009,-0.0447)",false,0,0,0,NA,-1,-1,-1,-1,-1,-2,-2,true,-1.605249,2.184338,0.8190282,"(-0.1113,0.9872,0.0471,-0.1042)",0,0,0,0,0,0,0
3,"Environment: 1, AimModifier: 1",38.69102,true,-1.444866,2.406931,1.116113,"(0.0035,0.9941,0.1010,-0.0403)",false,0,0,0,NA,-1,-1,-1,-1,-1,-2,-2,true,-1.605354,2.184283,0.8189898,"(-0.1106,0.9872,0.0468,-0.1047)",0,0,0,0,0,0,0
3,"Environment: 1, AimModifier: 1",38.70515,true,-1.443821,2.407073,1.116173,"(0.0041,0.9943,0.1006,-0.0357)",false,0,0,0,NA,-1,-1,-1,-1,-1,-2,-2,true,-1.605473,2.18428,0.8189859,"(-0.1094,0.9873,0.0465,-0.1053)",0,0,0,0,0,0,0
3,"Environment: 1, AimModifier: 1",38.71911,true,-1.442741,2.406993,1.116312,"(0.0042,0.9944,0.1009,-0.0318)",false,0,0,0,NA,-1,-1,-1,-1,-1,-2,-2,true,-1.605562,2.184354,0.8190552,"(-0.1083,0.9874,0.0465,-0.1059)",0,0,0,0,0,0,0
3,"Environment: 1, AimModifier: 1",38.7329,true,-1.441786,2.407053,1.116409,"(0.0050,0.9945,0.1009,-0.0277)",false,0,0,0,NA,-1,-1,-1,-1,-1,-2,-2,true,-1.605631,2.184432,0.8191236,"(-0.1077,0.9874,0.0464,-0.1063)",0,0,0,0,0,0,0
3,"Environment: 1, AimModifier: 1",38.74718,true,-1.440919,2.407106,1.116497,"(0.0051,0.9946,0.1011,-0.0241)",false,0,0,0,NA,-1,-1,-1,-1,-1,-2,-2,true,-1.605659,2.184426,0.8191365,"(-0.1080,0.9874,0.0463,-0.1060)",0,0,0,0,0,0,0
3,"Environment: 1, AimModifier: 1",38.76086,true,-1.440174,2.407219,1.116561,"(0.0058,0.9946,0.1016,-0.0207)",false,0,0,0,NA,-1,-1,-1,-1,-1,-2,-2,true,-1.605722,2.184379,0.8191111,"(-0.1082,0.9874,0.0457,-0.1057)",0,0,0,0,0,0,0
3,"Environment: 1, AimModifier: 1",38.77461,true,-1.43941,2.407429,1.116653,"(0.0066,0.9946,0.1019,-0.0175)",false,0,0,0,NA,-1,-1,-1,-1,-1,-2,-2,true,-1.605817,2.184337,0.8190659,"(-0.1085,0.9875,0.0452,-0.1053)",0,0,0,0,0,0,0
3,"Environment: 1, AimModifier: 1",38.78888,true,-1.438763,2.407383,1.116804,"(0.0071,0.9946,0.1024,-0.0146)",false,0,0,0,NA,-1,-1,-1,-1,-1,-2,-2,true,-1.605935,2.184348,0.8190256,"(-0.1089,0.9874,0.0448,-0.1056)",0,0,0,0,0,0,0
3,"Environment: 1, AimModifier: 1",38.80263,true,-1.438149,2.407533,1.116869,"(0.0080,0.9947,0.1022,-0.0115)",false,0,0,0,NA,-1,-1,-1,-1,-1,-2,-2,true,-1.606215,2.184425,0.8190215,"(-0.1095,0.9872,0.0451,-0.1067)",0,0,0,0,0,0,0
3,"Environment: 1, AimModifier: 1",38.81661,true,-1.437545,2.407533,1.116975,"(0.0083,0.9947,0.1021,-0.0087)",false,0,0,0,NA,-1,-1,-1,-1,-1,-2,-2,true,-1.606549,2.184508,0.8190531,"(-0.1101,0.9870,0.0456,-0.1078)",0,0,0,0,0,0,0
3,"Environment: 1, AimModifier: 1",38.8301,true,-1.436859,2.407568,1.117096,"(0.0084,0.9947,0.1021,-0.0065)",false,0,0,0,NA,-1,-1,-1,-1,-1,-2,-2,true,-1.606953,2.184587,0.8191026,"(-0.1113,0.9867,0.0459,-0.1089)",0,0,0,0,0,0,0
3,"Environment: 1, AimModifier: 1",38.84423,true,-1.436316,2.407512,1.117233,"(0.0091,0.9947,0.1024,-0.0040)",false,0,0,0,NA,-1,-1,-1,-1,-1,-2,-2,true,-1.607321,2.184628,0.8191082,"(-0.1119,0.9866,0.0457,-0.1098)",0,0,0,0,0,0,0
3,"Environment: 1, AimModifier: 1",38.85795,true,-1.435896,2.407626,1.117308,"(0.0094,0.9947,0.1024,-0.0016)",false,0,0,0,NA,-1,-1,-1,-1,-1,-2,-2,true,-1.60754,2.18466,0.8190849,"(-0.1120,0.9865,0.0455,-0.1103)",0,0,0,0,0,0,0
3,"Environment: 1, AimModifier: 1",38.87167,true,-1.435451,2.407742,1.117317,"(0.0099,0.9946,0.1030,0.0007)",false,0,0,0,NA,-1,-1,-1,-1,-1,-2,-2,true,-1.607886,2.184763,0.8191232,"(-0.1127,0.9863,0.0459,-0.1116)",0,0,0,0,0,0,0
3,"Environment: 1, AimModifier: 1",38.8857,true,-1.434987,2.407864,1.117385,"(0.0103,0.9945,0.1038,0.0023)",false,0,0,0,NA,-1,-1,-1,-1,-1,-2,-2,true,-1.608618,2.185068,0.8192897,"(-0.1146,0.9856,0.0477,-0.1146)",0,0,0,0,0,0,0
3,"Environment: 1, AimModifier: 1",38.89963,true,-1.434568,2.407999,1.117481,"(0.0106,0.9945,0.1039,0.0039)",false,0,0,0,NA,-1,-1,-1,-1,-1,-2,-2,true,-1.609148,2.185322,0.8194713,"(-0.1162,0.9851,0.0494,-0.1168)",0,0,0,0,0,0,0
3,"Environment: 1, AimModifier: 1",38.91362,true,-1.43424,2.407978,1.117586,"(0.0106,0.9945,0.1043,0.0053)",false,0,0,0,NA,-1,-1,-1,-1,-1,-2,-2,true,-1.609748,2.185587,0.8196591,"(-0.1184,0.9845,0.0512,-0.1193)",0,0,0,0,0,0,0
3,"Environment: 1, AimModifier: 1",38.92761,true,-1.433881,2.408004,1.117751,"(0.0110,0.9944,0.1046,0.0065)",false,0,0,0,NA,-1,-1,-1,-1,-1,-2,-2,true,-1.610288,2.185816,0.8197945,"(-0.1201,0.9839,0.0525,-0.1213)",0,0,0,0,0,0,0
3,"Environment: 1, AimModifier: 1",38.94151,true,-1.433595,2.408088,1.117834,"(0.0115,0.9944,0.1046,0.0078)",false,0,0,0,NA,-1,-1,-1,-1,-1,-2,-2,true,-1.610728,2.185996,0.8199288,"(-0.1214,0.9836,0.0531,-0.1226)",0,0,0,0,0,0,0
3,"Environment: 1, AimModifier: 1",38.95537,true,-1.433373,2.408177,1.117891,"(0.0119,0.9944,0.1048,0.0089)",false,0,0,0,NA,-1,-1,-1,-1,-1,-2,-2,true,-1.611009,2.18619,0.8200827,"(-0.1214,0.9834,0.0543,-0.1234)",0,0,0,0,0,0,0
3,"Environment: 1, AimModifier: 1",38.96951,true,-1.433114,2.408252,1.11799,"(0.0122,0.9943,0.1051,0.0097)",false,0,0,0,NA,-1,-1,-1,-1,-1,-2,-2,true,-1.611167,2.186358,0.8202446,"(-0.1205,0.9833,0.0551,-0.1246)",0,0,0,0,0,0,0
3,"Environment: 1, AimModifier: 1",38.98311,true,-1.432935,2.408238,1.118006,"(0.0124,0.9943,0.1053,0.0107)",false,0,0,0,NA,-1,-1,-1,-1,-1,-2,-2,true,-1.611267,2.186486,0.8203661,"(-0.1200,0.9832,0.0560,-0.1255)",0,0,0,0,0,0,0
3,"Environment: 1, AimModifier: 1",38.99691,true,-1.432641,2.408259,1.118054,"(0.0127,0.9943,0.1054,0.0116)",false,0,0,0,NA,-1,-1,-1,-1,-1,-2,-2,true,-1.611298,2.1866,0.8204231,"(-0.1200,0.9831,0.0567,-0.1260)",0,0,0,0,0,0,0
3,"Environment: 1, AimModifier: 1",39.0106,true,-1.432496,2.408292,1.118087,"(0.0129,0.9942,0.1059,0.0124)",false,0,0,0,NA,-1,-1,-1,-1,-1,-2,-2,true,-1.611207,2.186633,0.8204384,"(-0.1200,0.9831,0.0568,-0.1258)",0,0,0,0,0,0,0
3,"Environment: 1, AimModifier: 1",39.02457,true,-1.432367,2.408388,1.118116,"(0.0132,0.9942,0.1062,0.0131)",false,0,0,0,NA,-1,-1,-1,-1,-1,-2,-2,true,-1.611006,2.186667,0.820457,"(-0.1195,0.9833,0.0570,-0.1251)",0,0,0,0,0,0,0
3,"Environment: 1, AimModifier: 1",39.03838,true,-1.432245,2.408468,1.118143,"(0.0132,0.9941,0.1064,0.0137)",false,0,0,0,NA,-1,-1,-1,-1,-1,-2,-2,true,-1.610842,2.186701,0.82047,"(-0.1190,0.9834,0.0572,-0.1244)",0,0,0,0,0,0,0
3,"Environment: 1, AimModifier: 1",39.05202,true,-1.432135,2.408469,1.118116,"(0.0133,0.9941,0.1066,0.0141)",false,0,0,0,NA,-1,-1,-1,-1,-1,-2,-2,true,-1.610689,2.186796,0.8205287,"(-0.1181,0.9835,0.0583,-0.1244)",0,0,0,0,0,0,0
3,"Environment: 1, AimModifier: 1",39.06593,true,-1.432052,2.408445,1.118084,"(0.0134,0.9941,0.1067,0.0144)",false,0,0,0,NA,-1,-1,-1,-1,-1,-2,-2,true,-1.610514,2.186856,0.8205757,"(-0.1172,0.9835,0.0591,-0.1245)",0,0,0,0,0,0,0
3,"Environment: 1, AimModifier: 1",39.08008,true,-1.432012,2.408445,1.118078,"(0.0135,0.9941,0.1068,0.0148)",false,0,0,0,NA,-1,-1,-1,-1,-1,-2,-2,true,-1.61039,2.186915,0.8206013,"(-0.1171,0.9834,0.0595,-0.1248)",0,0,0,0,0,0,0
3,"Environment: 1, AimModifier: 1",39.09386,true,-1.431982,2.408462,1.118087,"(0.0134,0.9941,0.1068,0.0147)",false,0,0,0,NA,-1,-1,-1,-1,-1,-2,-2,true,-1.610315,2.187003,0.8206447,"(-0.1174,0.9834,0.0599,-0.1248)",0,0,0,0,0,0,0
3,"Environment: 1, AimModifier: 1",39.10802,true,-1.431977,2.408471,1.11809,"(0.0135,0.9941,0.1069,0.0147)",false,0,0,0,NA,-1,-1,-1,-1,-1,-2,-2,true,-1.610284,2.187023,0.8206244,"(-0.1178,0.9834,0.0601,-0.1246)",0,0,0,0,0,0,0
3,"Environment: 1, AimModifier: 1",39.12194,true,-1.432005,2.408478,1.118118,"(0.0136,0.9941,0.1070,0.0147)",false,0,0,0,NA,-1,-1,-1,-1,-1,-2,-2,true,-1.610259,2.187035,0.8205889,"(-0.1181,0.9833,0.0605,-0.1244)",0,0,0,0,0,0,0
3,"Environment: 1, AimModifier: 1",39.13575,true,-1.43202,2.408484,1.118147,"(0.0135,0.9941,0.1071,0.0145)",false,0,0,0,NA,-1,-1,-1,-1,-1,-2,-2,true,-1.61025,2.187032,0.8205482,"(-0.1183,0.9833,0.0608,-0.1243)",0,0,0,0,0,0,0
3,"Environment: 1, AimModifier: 1",39.14917,true,-1.432046,2.40847,1.118156,"(0.0135,0.9941,0.1070,0.0146)",false,0,0,0,NA,-1,-1,-1,-1,-1,-2,-2,true,-1.610201,2.187095,0.8205688,"(-0.1183,0.9833,0.0613,-0.1244)",0,0,0,0,0,0,0
3,"Environment: 1, AimModifier: 1",39.16327,true,-1.432071,2.408458,1.118148,"(0.0136,0.9941,0.1069,0.0145)",false,0,0,0,NA,-1,-1,-1,-1,-1,-2,-2,true,-1.610147,2.187142,0.8205792,"(-0.1182,0.9832,0.0616,-0.1247)",0,0,0,0,0,0,0
3,"Environment: 1, AimModifier: 1",39.17726,true,-1.43209,2.408425,1.118123,"(0.0136,0.9941,0.1069,0.0143)",false,0,0,0,NA,-1,-1,-1,-1,-1,-2,-2,true,-1.610078,2.18713,0.8205745,"(-0.1181,0.9832,0.0618,-0.1249)",0,0,0,0,0,0,0
3,"Environment: 1, AimModifier: 1",39.19097,true,-1.432109,2.408391,1.118085,"(0.0137,0.9941,0.1071,0.0143)",false,0,0,0,NA,-1,-1,-1,-1,-1,-2,-2,true,-1.610043,2.187095,0.8205632,"(-0.1181,0.9832,0.0618,-0.1248)",0,0,0,0,0,0,0
3,"Environment: 1, AimModifier: 1",39.20502,true,-1.432106,2.408364,1.11805,"(0.0137,0.9941,0.1071,0.0143)",false,0,0,0,NA,-1,-1,-1,-1,-1,-2,-2,true,-1.609939,2.187052,0.8205467,"(-0.1181,0.9832,0.0617,-0.1247)",0,0,0,0,0,0,0
3,"Environment: 1, AimModifier: 1",39.21906,true,-1.432092,2.408372,1.118041,"(0.0137,0.9941,0.1070,0.0142)",false,0,0,0,NA,-1,-1,-1,-1,-1,-2,-2,true,-1.609801,2.187039,0.8205411,"(-0.1182,0.9832,0.0616,-0.1246)",0,0,0,0,0,0,0
3,"Environment: 1, AimModifier: 1",39.23272,true,-1.432071,2.408369,1.118022,"(0.0139,0.9940,0.1071,0.0143)",false,0,0,0,NA,-1,-1,-1,-1,-1,-2,-2,true,-1.609631,2.187045,0.8205478,"(-0.1182,0.9832,0.0616,-0.1246)",0,0,0,0,0,0,0
3,"Environment: 1, AimModifier: 1",39.24694,true,-1.432033,2.408392,1.11801,"(0.0142,0.9941,0.1070,0.0144)",false,0,0,0,NA,-1,-1,-1,-1,-1,-2,-2,true,-1.609364,2.187031,0.820518,"(-0.1180,0.9832,0.0616,-0.1246)",0,0,0,0,0,0,0
3,"Environment: 1, AimModifier: 1",39.2608,true,-1.431983,2.408414,1.11801,"(0.0148,0.9940,0.1070,0.0148)",false,0,0,0,NA,-1,-1,-1,-1,-1,-2,-2,true,-1.608727,2.187043,0.82048,"(-0.1177,0.9833,0.0614,-0.1244)",0,0,0,0,0,0,0
3,"Environment: 1, AimModifier: 1",39.27449,true,-1.431916,2.408425,1.118009,"(0.0152,0.9940,0.1070,0.0151)",false,0,0,0,NA,-1,-1,-1,-1,-1,-2,-2,true,-1.607764,2.1871,0.8204576,"(-0.1174,0.9835,0.0609,-0.1236)",0,0,0,0,0,0,0
3,"Environment: 1, AimModifier: 1",39.28862,true,-1.431823,2.408442,1.118,"(0.0154,0.9940,0.1070,0.0156)",false,0,0,0,NA,-1,-1,-1,-1,-1,-2,-2,true,-1.605907,2.187259,0.8204407,"(-0.1172,0.9838,0.0601,-0.1220)",0,0,0,0,0,0,0
3,"Environment: 1, AimModifier: 1",39.30232,true,-1.431746,2.408466,1.117978,"(0.0157,0.9940,0.1070,0.0160)",false,0,0,0,NA,-1,-1,-1,-1,-1,-2,-2,true,-1.604561,2.187355,0.8204316,"(-0.1172,0.9839,0.0597,-0.1211)",0,0,0,0,0,0,0
3,"Environment: 1, AimModifier: 1",39.31636,true,-1.431688,2.408483,1.117967,"(0.0160,0.9940,0.1070,0.0163)",false,0,0,0,NA,-1,-1,-1,-1,-1,-2,-2,true,-1.604561,2.187355,0.8204316,"(-0.1172,0.9839,0.0597,-0.1211)",0,0,0,0,0,0,0
3,"Environment: 1, AimModifier: 1",39.33008,true,-1.431632,2.408529,1.117959,"(0.0166,0.9940,0.1072,0.0171)",false,0,0,0,NA,-1,-1,-1,-1,-1,-2,-2,true,-1.602629,2.18746,0.8204479,"(-0.1167,0.9840,0.0593,-0.1205)",0,0,0,0,0,0,0
3,"Environment: 1, AimModifier: 1",39.34427,true,-1.431572,2.408552,1.117945,"(0.0170,0.9939,0.1072,0.0176)",false,0,0,0,NA,-1,-1,-1,-1,-1,-2,-2,true,-1.602629,2.18746,0.8204479,"(-0.1167,0.9840,0.0593,-0.1205)",0,0,0,0,0,0,0
3,"Environment: 1, AimModifier: 1",39.35807,true,-1.431377,2.408792,1.118012,"(0.0172,0.9938,0.1082,0.0205)",false,0,0,0,NA,-1,-1,-1,-1,-1,-2,-2,true,-1.583141,2.186654,0.8212255,"(-0.1121,0.9868,0.0536,-0.1042)",0,0,0,0,0,0,0
3,"Environment: 1, AimModifier: 1",39.37222,true,-1.431273,2.408862,1.117996,"(0.0176,0.9937,0.1084,0.0216)",false,0,0,0,NA,-1,-1,-1,-1,-1,-2,-2,true,-1.578568,2.186434,0.8214405,"(-0.1115,0.9874,0.0520,-0.0994)",0,0,0,0,0,0,0
3,"Environment: 1, AimModifier: 1",39.38594,true,-1.431051,2.40892,1.118004,"(0.0176,0.9937,0.1082,0.0243)",false,0,0,0,NA,-1,-1,-1,-1,-1,-2,-2,true,-1.56523,2.185465,0.8228406,"(-0.1070,0.9905,0.0470,-0.0725)",0,0,0,0,0,0,0
3,"Environment: 1, AimModifier: 1",39.39926,true,-1.430849,2.408921,1.11801,"(0.0176,0.9936,0.1083,0.0266)",false,0,0,0,NA,-1,-1,-1,-1,-1,-2,-2,true,-1.555178,2.184828,0.8241138,"(-0.1034,0.9922,0.0437,-0.0540)",0,0,0,0,0,0,0
3,"Environment: 1, AimModifier: 1",39.41295,true,-1.430601,2.408917,1.118043,"(0.0173,0.9936,0.1081,0.0291)",false,0,0,0,NA,-1,-1,-1,-1,-1,-2,-2,true,-1.54373,2.184078,0.8259767,"(-0.0989,0.9937,0.0401,-0.0339)",0,0,0,0,0,0,0
3,"Environment: 1, AimModifier: 1",39.42697,true,-1.430324,2.408916,1.118075,"(0.0171,0.9935,0.1081,0.0322)",false,0,0,0,NA,-1,-1,-1,-1,-1,-2,-2,true,-1.532012,2.183266,0.8281088,"(-0.0949,0.9947,0.0367,-0.0146)",0,0,0,0,0,0,0
3,"Environment: 1, AimModifier: 1",39.4406,true,-1.429968,2.408916,1.1181,"(0.0169,0.9933,0.1083,0.0356)",false,0,0,0,NA,-1,-1,-1,-1,-1,-2,-2,true,-1.518368,2.182309,0.830911,"(-0.0896,0.9954,0.0319,0.0084)",0,0,0,0,0,0,0
3,"Environment: 1, AimModifier: 1",39.45444,true,-1.429326,2.408898,1.118096,"(0.0170,0.9931,0.1088,0.0393)",false,0,0,0,NA,-1,-1,-1,-1,-1,-2,-2,true,-1.504859,2.181544,0.8337702,"(-0.0811,0.9957,0.0278,0.0342)",0,0,0,0,0,0,0
3,"Environment: 1, AimModifier: 1",39.46846,true,-1.42876,2.408881,1.118164,"(0.0165,0.9929,0.1089,0.0440)",false,0,0,0,NA,-1,-1,-1,-1,-1,-2,-2,true,-1.489836,2.18098,0.8379893,"(-0.0692,0.9951,0.0252,0.0658)",0,0,0,0,0,0,0
3,"Environment: 1, AimModifier: 1",39.48288,true,-1.428263,2.408854,1.118198,"(0.0162,0.9927,0.1087,0.0496)",false,0,0,0,NA,-1,-1,-1,-1,-1,-2,-2,true,-1.476235,2.180559,0.842144,"(-0.0615,0.9934,0.0230,0.0938)",0,0,0,0,0,0,0
3,"Environment: 1, AimModifier: 1",39.49654,true,-1.427466,2.408783,1.118306,"(0.0154,0.9925,0.1083,0.0548)",false,0,0,0,NA,-1,-1,-1,-1,-1,-2,-2,true,-1.463286,2.180351,0.8465399,"(-0.0557,0.9913,0.0228,0.1175)",0,0,0,0,0,0,0
3,"Environment: 1, AimModifier: 1",39.51033,true,-1.42661,2.408708,1.118453,"(0.0136,0.9922,0.1076,0.0609)",false,0,0,0,NA,-1,-1,-1,-1,-1,-2,-2,true,-1.450943,2.180662,0.851599,"(-0.0557,0.9889,0.0247,0.1357)",0,0,0,0,0,0,0
3,"Environment: 1, AimModifier: 1",39.52428,true,-1.425806,2.408472,1.118658,"(0.0124,0.9918,0.1075,0.0676)",false,0,0,0,NA,-1,-1,-1,-1,-1,-2,-2,true,-1.438945,2.180809,0.8561453,"(-0.0533,0.9859,0.0219,0.1572)",0,0,0,0,0,0,0
3,"Environment: 1, AimModifier: 1",39.53807,true,-1.424808,2.408466,1.118954,"(0.0109,0.9915,0.1064,0.0745)",false,0,0,0,NA,-1,-1,-1,-1,-1,-2,-2,true,-1.427445,2.180848,0.8608273,"(-0.0464,0.9823,0.0186,0.1805)",0,0,0,0,0,0,0
3,"Environment: 1, AimModifier: 1",39.55199,true,-1.423817,2.408546,1.119098,"(0.0105,0.9909,0.1058,0.0825)",false,0,0,0,NA,-1,-1,-1,-1,-1,-2,-2,true,-1.41691,2.180966,0.86563,"(-0.0379,0.9783,0.0159,0.2033)",0,0,0,0,0,0,0
3,"Environment: 1, AimModifier: 1",39.56618,true,-1.422608,2.408414,1.119341,"(0.0091,0.9901,0.1062,0.0912)",false,0,0,0,NA,-1,-1,-1,-1,-1,-2,-2,true,-1.407241,2.181327,0.8700603,"(-0.0329,0.9742,0.0142,0.2227)",0,0,0,0,0,0,0
3,"Environment: 1, AimModifier: 1",39.58021,true,-1.421251,2.408581,1.119514,"(0.0080,0.9891,0.1064,0.1014)",false,0,0,0,NA,-1,-1,-1,-1,-1,-2,-2,true,-1.399359,2.182219,0.8731831,"(-0.0372,0.9710,0.0095,0.2358)",0,0,0,0,0,0,0
3,"Environment: 1, AimModifier: 1",39.5939,true,-1.419772,2.408614,1.11986,"(0.0059,0.9881,0.1063,0.1109)",false,0,0,0,NA,-1,-1,-1,-1,-1,-2,-2,true,-1.391452,2.183183,0.8757185,"(-0.0432,0.9678,0.0041,0.2480)",0,0,0,0,0,0,0
3,"Environment: 1, AimModifier: 1",39.60777,true,-1.418346,2.408557,1.120229,"(0.0039,0.9870,0.1060,0.1209)",false,0,0,0,NA,-1,-1,-1,-1,-1,-2,-2,true,-1.384371,2.184326,0.8778501,"(-0.0465,0.9648,-0.0001,0.2587)",0,0,0,0,0,0,0
3,"Environment: 1, AimModifier: 1",39.62196,true,-1.416811,2.408456,1.120647,"(0.0011,0.9858,0.1053,0.1308)",false,0,0,0,NA,-1,-1,-1,-1,-1,-2,-2,true,-1.378227,2.185545,0.8800118,"(-0.0437,0.9626,-0.0006,0.2674)",0,0,0,0,0,0,0
3,"Environment: 1, AimModifier: 1",39.63561,true,-1.415326,2.408464,1.120964,"(-0.0011,0.9845,0.1048,0.1407)",false,0,0,0,NA,-1,-1,-1,-1,-1,-2,-2,true,-1.372001,2.18661,0.882135,"(-0.0388,0.9606,-0.0011,0.2754)",0,0,0,0,0,0,0
3,"Environment: 1, AimModifier: 1",39.6495,true,-1.413593,2.408456,1.121428,"(-0.0018,0.9831,0.1047,0.1505)",false,0,0,0,NA,-1,-1,-1,-1,-1,-2,-2,true,-1.36658,2.187918,0.8835437,"(-0.0339,0.9591,-0.0005,0.2811)",0,0,0,0,0,0,0
3,"Environment: 1, AimModifier: 1",39.66383,true,-1.412103,2.408486,1.12181,"(-0.0026,0.9815,0.1040,0.1608)",false,0,0,0,NA,-1,-1,-1,-1,-1,-2,-2,true,-1.361769,2.189553,0.8846462,"(-0.0321,0.9579,0.0009,0.2853)",0,0,0,0,0,0,0
3,"Environment: 1, AimModifier: 1",39.67723,true,-1.410396,2.408292,1.122319,"(-0.0033,0.9799,0.1037,0.1703)",false,0,0,0,NA,-1,-1,-1,-1,-1,-2,-2,true,-1.357498,2.191235,0.8857299,"(-0.0308,0.9568,0.0022,0.2890)",0,0,0,0,0,0,0
3,"Environment: 1, AimModifier: 1",39.69102,true,-1.408846,2.408258,1.122701,"(-0.0041,0.9783,0.1028,0.1799)",false,0,0,0,NA,-1,-1,-1,-1,-1,-2,-2,true,-1.353797,2.192891,0.8867261,"(-0.0281,0.9560,0.0035,0.2920)",0,0,0,0,0,0,0
3,"Environment: 1, AimModifier: 1",39.70517,true,-1.407359,2.408172,1.123079,"(-0.0048,0.9767,0.1021,0.1888)",false,0,0,0,NA,-1,-1,-1,-1,-1,-2,-2,true,-1.350041,2.194446,0.8877818,"(-0.0254,0.9546,0.0039,0.2967)",0,0,0,0,0,0,0
3,"Environment: 1, AimModifier: 1",39.71899,true,-1.405858,2.408134,1.123343,"(-0.0046,0.9750,0.1017,0.1974)",false,0,0,0,NA,-1,-1,-1,-1,-1,-2,-2,true,-1.346377,2.195938,0.8888159,"(-0.0236,0.9530,0.0042,0.3019)",0,0,0,0,0,0,0
3,"Environment: 1, AimModifier: 1",39.73288,true,-1.404423,2.408102,1.12361,"(-0.0045,0.9735,0.1012,0.2050)",false,0,0,0,NA,-1,-1,-1,-1,-1,-2,-2,true,-1.343296,2.197367,0.8897095,"(-0.0226,0.9515,0.0039,0.3066)",0,0,0,0,0,0,0
3,"Environment: 1, AimModifier: 1",39.74699,true,-1.402995,2.408197,1.123798,"(-0.0044,0.9722,0.1003,0.2116)",false,0,0,0,NA,-1,-1,-1,-1,-1,-2,-2,true,-1.340547,2.198758,0.8905773,"(-0.0223,0.9502,0.0035,0.3108)",0,0,0,0,0,0,0
3,"Environment: 1, AimModifier: 1",39.76085,true,-1.401635,2.408034,1.12406,"(-0.0037,0.9709,0.1001,0.2175)",false,0,0,0,NA,-1,-1,-1,-1,-1,-2,-2,true,-1.338129,2.200145,0.891477,"(-0.0212,0.9491,0.0044,0.3142)",0,0,0,0,0,0,0
3,"Environment: 1, AimModifier: 1",39.77484,true,-1.400442,2.407956,1.124253,"(-0.0028,0.9697,0.0994,0.2232)",false,0,0,0,NA,-1,-1,-1,-1,-1,-2,-2,true,-1.336063,2.201431,0.892342,"(-0.0185,0.9483,0.0067,0.3168)",0,0,0,0,0,0,0
3,"Environment: 1, AimModifier: 1",39.7884,true,-1.399303,2.407801,1.124461,"(-0.0019,0.9688,0.0987,0.2275)",false,0,0,0,NA,-1,-1,-1,-1,-1,-2,-2,true,-1.33444,2.202616,0.8929384,"(-0.0147,0.9481,0.0099,0.3175)",0,0,0,0,0,0,0
3,"Environment: 1, AimModifier: 1",39.80246,true,-1.398221,2.407604,1.124639,"(-0.0008,0.9678,0.0984,0.2319)",false,0,0,0,NA,-1,-1,-1,-1,-1,-2,-2,true,-1.333014,2.203673,0.8932557,"(-0.0114,0.9484,0.0125,0.3165)",0,0,0,0,0,0,0
3,"Environment: 1, AimModifier: 1",39.81651,true,-1.397275,2.407518,1.124745,"(0.0002,0.9670,0.0974,0.2355)",false,0,0,0,NA,-1,-1,-1,-1,-1,-2,-2,true,-1.332245,2.20439,0.8930197,"(-0.0085,0.9494,0.0135,0.3138)",0,0,0,0,0,0,0
3,"Environment: 1, AimModifier: 1",39.83009,true,-1.396388,2.407423,1.124734,"(0.0019,0.9662,0.0969,0.2391)",false,0,0,0,NA,-1,-1,-1,-1,-1,-2,-2,true,-1.331456,2.20504,0.8928013,"(-0.0067,0.9499,0.0138,0.3122)",0,0,0,0,0,0,0
3,"Environment: 1, AimModifier: 1",39.84441,true,-1.395562,2.407166,1.124801,"(0.0031,0.9655,0.0965,0.2418)",false,0,0,0,NA,-1,-1,-1,-1,-1,-2,-2,true,-1.33082,2.205602,0.8927032,"(-0.0060,0.9502,0.0137,0.3112)",0,0,0,0,0,0,0
3,"Environment: 1, AimModifier: 1",39.85809,true,-1.394756,2.406996,1.12473,"(0.0044,0.9649,0.0957,0.2445)",false,0,0,0,NA,-1,-1,-1,-1,-1,-2,-2,true,-1.330171,2.206075,0.8927832,"(-0.0051,0.9501,0.0132,0.3116)",0,0,0,0,0,0,0
3,"Environment: 1, AimModifier: 1",39.87172,true,-1.393933,2.406632,1.124797,"(0.0054,0.9645,0.0955,0.2462)",false,0,0,0,NA,-1,-1,-1,-1,-1,-2,-2,true,-1.329823,2.20627,0.8929054,"(-0.0039,0.9498,0.0119,0.3125)",0,0,0,0,0,0,0
3,"Environment: 1, AimModifier: 1",39.88589,true,-1.393215,2.406512,1.124857,"(0.0061,0.9641,0.0948,0.2479)",false,0,0,0,NA,-1,-1,-1,-1,-1,-2,-2,true,-1.329365,2.206578,0.8929946,"(-0.0021,0.9496,0.0124,0.3132)",0,0,0,0,0,0,0
3,"Environment: 1, AimModifier: 1",39.89977,true,-1.392645,2.40644,1.124813,"(0.0069,0.9638,0.0941,0.2495)",false,0,0,0,NA,-1,-1,-1,-1,-1,-2,-2,true,-1.329048,2.206791,0.8929808,"(-0.0008,0.9497,0.0131,0.3130)",0,0,0,0,0,0,0
3,"Environment: 1, AimModifier: 1",39.91364,true,-1.392104,2.406197,1.124824,"(0.0077,0.9634,0.0935,0.2510)",false,0,0,0,NA,-1,-1,-1,-1,-1,-2,-2,true,-1.329256,2.206529,0.8929098,"(-0.0010,0.9500,0.0124,0.3121)",0,0,0,0,0,0,0
3,"Environment: 1, AimModifier: 1",39.92755,true,-1.391549,2.406015,1.124908,"(0.0088,0.9633,0.0929,0.2518)",false,0,0,0,NA,-1,-1,-1,-1,-1,-2,-2,true,-1.328928,2.206047,0.8928388,"(0.0012,0.9501,0.0095,0.3118)",0,0,0,0,0,0,0
3,"Environment: 1, AimModifier: 1",39.94144,true,-1.391145,2.405822,1.124926,"(0.0097,0.9630,0.0926,0.2528)",false,0,0,0,NA,-1,-1,-1,-1,-1,-2,-2,true,-1.328666,2.205429,0.8926836,"(0.0037,0.9501,0.0068,0.3119)",0,0,0,0,0,0,0
3,"Environment: 1, AimModifier: 1",39.95517,true,-1.390781,2.405722,1.124923,"(0.0107,0.9628,0.0921,0.2536)",false,0,0,0,NA,-1,-1,-1,-1,-1,-2,-2,true,-1.328448,2.20468,0.8923379,"(0.0066,0.9502,0.0041,0.3117)",0,0,0,0,0,0,0
3,"Environment: 1, AimModifier: 1",39.96919,true,-1.390415,2.405628,1.124926,"(0.0115,0.9627,0.0918,0.2542)",false,0,0,0,NA,-1,-1,-1,-1,-1,-2,-2,true,-1.328323,2.20366,0.8917058,"(0.0092,0.9507,0.0001,0.3100)",0,0,0,0,0,0,0
3,"Environment: 1, AimModifier: 1",39.98312,true,-1.390122,2.405492,1.12494,"(0.0118,0.9626,0.0917,0.2545)",false,0,0,0,NA,-1,-1,-1,-1,-1,-2,-2,true,-1.328341,2.202658,0.8912655,"(0.0106,0.9512,-0.0025,0.3083)",0,0,0,0,0,0,0
3,"Environment: 1, AimModifier: 1",39.99671,true,-1.389857,2.405388,1.125004,"(0.0122,0.9626,0.0919,0.2546)",false,0,0,0,NA,-1,-1,-1,-1,-1,-2,-2,true,-1.328518,2.201805,0.891126,"(0.0122,0.9515,-0.0028,0.3074)",0,0,0,0,0,0,0
3,"Environment: 1, AimModifier: 1",40.0105,true,-1.389656,2.405353,1.125041,"(0.0126,0.9626,0.0918,0.2545)",false,0,0,0,NA,-1,-1,-1,-1,-1,-2,-2,true,-1.328743,2.201106,0.8911046,"(0.0135,0.9515,-0.0014,0.3073)",0,0,0,0,0,0,0
3,"Environment: 1, AimModifier: 1",40.02451,true,-1.389439,2.405403,1.125048,"(0.0128,0.9626,0.0919,0.2545)",false,0,0,0,NA,-1,-1,-1,-1,-1,-2,-2,true,-1.329074,2.200491,0.8909711,"(0.0148,0.9519,0.0008,0.3061)",0,0,0,0,0,0,0
3,"Environment: 1, AimModifier: 1",40.03837,true,-1.389103,2.405331,1.125042,"(0.0127,0.9626,0.0923,0.2543)",false,0,0,0,NA,-1,-1,-1,-1,-1,-2,-2,true,-1.329524,2.199895,0.8907136,"(0.0156,0.9525,0.0017,0.3041)",0,0,0,0,0,0,0
3,"Environment: 1, AimModifier: 1",40.05214,true,-1.388959,2.405432,1.125033,"(0.0129,0.9627,0.0925,0.2540)",false,0,0,0,NA,-1,-1,-1,-1,-1,-2,-2,true,-1.33,2.199339,0.8905233,"(0.0162,0.9531,0.0025,0.3023)",0,0,0,0,0,0,0
3,"Environment: 1, AimModifier: 1",40.06623,true,-1.388903,2.405511,1.125013,"(0.0132,0.9627,0.0926,0.2540)",false,0,0,0,NA,-1,-1,-1,-1,-1,-2,-2,true,-1.330767,2.19885,0.8904132,"(0.0168,0.9537,0.0033,0.3002)",0,0,0,0,0,0,0
3,"Environment: 1, AimModifier: 1",40.08025,true,-1.388841,2.405553,1.125002,"(0.0134,0.9628,0.0927,0.2535)",false,0,0,0,NA,-1,-1,-1,-1,-1,-2,-2,true,-1.331624,2.198472,0.8902522,"(0.0170,0.9542,0.0043,0.2988)",0,0,0,0,0,0,0
3,"Environment: 1, AimModifier: 1",40.09367,true,-1.388834,2.405594,1.124955,"(0.0132,0.9630,0.0931,0.2527)",false,0,0,0,NA,-1,-1,-1,-1,-1,-2,-2,true,-1.33313,2.198369,0.8900394,"(0.0162,0.9547,0.0060,0.2969)",0,0,0,0,0,0,0
3,"Environment: 1, AimModifier: 1",40.10783,true,-1.388813,2.405716,1.124903,"(0.0129,0.9632,0.0933,0.2518)",false,0,0,0,NA,-1,-1,-1,-1,-1,-2,-2,true,-1.33494,2.198385,0.8897751,"(0.0158,0.9557,0.0084,0.2938)",0,0,0,0,0,0,0
3,"Environment: 1, AimModifier: 1",40.12174,true,-1.388847,2.405889,1.124787,"(0.0125,0.9635,0.0937,0.2503)",false,0,0,0,NA,-1,-1,-1,-1,-1,-2,-2,true,-1.33791,2.19889,0.8896051,"(0.0151,0.9575,0.0149,0.2878)",0,0,0,0,0,0,0
3,"Environment: 1, AimModifier: 1",40.13533,true,-1.388922,2.406045,1.124575,"(0.0120,0.9640,0.0939,0.2485)",false,0,0,0,NA,-1,-1,-1,-1,-1,-2,-2,true,-1.341377,2.199658,0.8894284,"(0.0139,0.9596,0.0248,0.2800)",0,0,0,0,0,0,0
3,"Environment: 1, AimModifier: 1",40.14959,true,-1.389051,2.406224,1.124284,"(0.0111,0.9647,0.0942,0.2456)",false,0,0,0,NA,-1,-1,-1,-1,-1,-2,-2,true,-1.346753,2.201427,0.8890486,"(0.0076,0.9630,0.0430,0.2660)",0,0,0,0,0,0,0
3,"Environment: 1, AimModifier: 1",40.16315,true,-1.389243,2.406418,1.123868,"(0.0103,0.9657,0.0946,0.2417)",false,0,0,0,NA,-1,-1,-1,-1,-1,-2,-2,true,-1.35458,2.204398,0.8882096,"(-0.0057,0.9670,0.0693,0.2452)",0,0,0,0,0,0,0
3,"Environment: 1, AimModifier: 1",40.17712,true,-1.389708,2.406726,1.122924,"(0.0094,0.9667,0.0954,0.2374)",false,0,0,0,NA,-1,-1,-1,-1,-1,-2,-2,true,-1.362379,2.206941,0.887599,"(-0.0130,0.9691,0.0948,0.2274)",0,0,0,0,0,0,0
3,"Environment: 1, AimModifier: 1",40.19098,true,-1.390046,2.407088,1.122163,"(0.0089,0.9678,0.0963,0.2322)",false,0,0,0,NA,-1,-1,-1,-1,-1,-2,-2,true,-1.37164,2.209201,0.8872769,"(-0.0146,0.9698,0.1251,0.2090)",0,0,0,0,0,0,0
3,"Environment: 1, AimModifier: 1",40.20525,true,-1.390578,2.407331,1.121341,"(0.0095,0.9692,0.0977,0.2259)",false,0,0,0,NA,-1,-1,-1,-1,-1,-2,-2,true,-1.38232,2.210803,0.8871086,"(-0.0121,0.9690,0.1582,0.1893)",0,0,0,0,0,0,0
3,"Environment: 1, AimModifier: 1",40.21905,true,-1.391103,2.407501,1.120458,"(0.0099,0.9706,0.0991,0.2190)",false,0,0,0,NA,-1,-1,-1,-1,-1,-2,-2,true,-1.393422,2.212472,0.8868824,"(-0.0147,0.9666,0.1943,0.1662)",0,0,0,0,0,0,0
3,"Environment: 1, AimModifier: 1",40.23226,true,-1.391881,2.407638,1.119375,"(0.0119,0.9722,0.1009,0.2111)",false,0,0,0,NA,-1,-1,-1,-1,-1,-2,-2,true,-1.407228,2.21456,0.8867875,"(-0.0266,0.9612,0.2416,0.1304)",0,0,0,0,0,0,0
3,"Environment: 1, AimModifier: 1",40.24656,true,-1.392761,2.407985,1.118268,"(0.0146,0.9738,0.1026,0.2025)",false,0,0,0,NA,-1,-1,-1,-1,-1,-2,-2,true,-1.421948,2.21513,0.8868504,"(-0.0343,0.9539,0.2854,0.0862)",0,0,0,0,0,0,0
3,"Environment: 1, AimModifier: 1",40.26056,true,-1.393681,2.40802,1.117169,"(0.0172,0.9754,0.1050,0.1932)",false,0,0,0,NA,-1,-1,-1,-1,-1,-2,-2,true,-1.435804,2.213423,0.8869436,"(-0.0291,0.9463,0.3193,0.0426)",0,0,0,0,0,0,0
3,"Environment: 1, AimModifier: 1",40.27429,true,-1.394691,2.408127,1.115918,"(0.0195,0.9770,0.1069,0.1832)",false,0,0,0,NA,-1,-1,-1,-1,-1,-2,-2,true,-1.449023,2.208277,0.8872193,"(-0.0033,0.9381,0.3463,0.0024)",0,0,0,0,0,0,0
3,"Environment: 1, AimModifier: 1",40.2884,true,-1.395707,2.408266,1.114692,"(0.0214,0.9788,0.1085,0.1725)",false,0,0,0,NA,-1,-1,-1,-1,-1,-2,-2,true,-1.461155,2.201266,0.8872349,"(0.0321,0.9279,0.3697,-0.0362)",0,0,0,0,0,0,0
3,"Environment: 1, AimModifier: 1",40.30234,true,-1.396916,2.408388,1.11334,"(0.0237,0.9803,0.1103,0.1621)",false,0,0,0,NA,-1,-1,-1,-1,-1,-2,-2,true,-1.473349,2.194617,0.8871799,"(0.0584,0.9159,0.3905,-0.0717)",0,0,0,0,0,0,0
3,"Environment: 1, AimModifier: 1",40.31617,true,-1.398087,2.408519,1.112026,"(0.0255,0.9816,0.1117,0.1525)",false,0,0,0,NA,-1,-1,-1,-1,-1,-2,-2,true,-1.485284,2.191299,0.8871081,"(0.0731,0.9004,0.4154,-0.1062)",0,0,0,0,0,0,0
3,"Environment: 1, AimModifier: 1",40.33003,true,-1.399541,2.408318,1.110567,"(0.0302,0.9829,0.1143,0.1413)",false,0,0,0,NA,-1,-1,-1,-1,-1,-2,-2,true,-1.500417,2.178451,0.8858546,"(0.0624,0.9086,0.3922,-0.1289)",0,0,0,0,0,0,0
3,"Environment: 1, AimModifier: 1",40.34416,true,-1.400843,2.408302,1.109192,"(0.0328,0.9840,0.1162,0.1314)",false,0,0,0,NA,-1,-1,-1,-1,-1,-2,-2,true,-1.513033,2.173083,0.8854541,"(0.0711,0.8969,0.4059,-0.1605)",0,0,0,0,0,0,0
3,"Environment: 1, AimModifier: 1",40.35807,true,-1.402229,2.408028,1.107872,"(0.0351,0.9849,0.1184,0.1213)",false,0,0,0,NA,-1,-1,-1,-1,-1,-2,-2,true,-1.525648,2.167715,0.8850536,"(0.0797,0.8839,0.4190,-0.1918)",0,0,0,0,0,0,0
3,"Environment: 1, AimModifier: 1",40.37185,true,-1.40395,2.407841,1.106657,"(0.0395,0.9861,0.1171,0.1107)",false,0,0,0,NA,-1,-1,-1,-1,-1,-2,-2,true,-1.540368,2.152452,0.8828901,"(0.0125,0.9205,0.3522,-0.1685)",0,0,0,0,0,0,0
3,"Environment: 1, AimModifier: 1",40.38605,true,-1.40544,2.407866,1.10553,"(0.0412,0.9875,0.1158,0.0986)",false,0,0,0,NA,-1,-1,-1,-1,-1,-2,-2,true,-1.55197,2.137676,0.8837959,"(-0.0217,0.9324,0.3180,-0.1706)",0,0,0,0,0,0,0
3,"Environment: 1, AimModifier: 1",40.39974,true,-1.407106,2.407578,1.10439,"(0.0432,0.9885,0.1155,0.0874)",false,0,0,0,NA,-1,-1,-1,-1,-1,-2,-2,true,-1.561304,2.124722,0.8845493,"(-0.0139,0.9354,0.2966,-0.1922)",0,0,0,0,0,0,0
3,"Environment: 1, AimModifier: 1",40.41315,true,-1.40889,2.407576,1.103244,"(0.0468,0.9893,0.1145,0.0772)",false,0,0,0,NA,-1,-1,-1,-1,-1,-2,-2,true,-1.569687,2.112307,0.8851948,"(-0.0012,0.9372,0.2762,-0.2129)",0,0,0,0,0,0,0
3,"Environment: 1, AimModifier: 1",40.42716,true,-1.41071,2.407732,1.102159,"(0.0511,0.9900,0.1138,0.0665)",false,0,0,0,NA,-1,-1,-1,-1,-1,-2,-2,true,-1.576743,2.099654,0.8864383,"(0.0109,0.9380,0.2579,-0.2315)",0,0,0,0,0,0,0
3,"Environment: 1, AimModifier: 1",40.44086,true,-1.412622,2.407778,1.101016,"(0.0548,0.9904,0.1145,0.0554)",false,0,0,0,NA,-1,-1,-1,-1,-1,-2,-2,true,-1.581017,2.086332,0.8889599,"(0.0241,0.9398,0.2410,-0.2411)",0,0,0,0,0,0,0
3,"Environment: 1, AimModifier: 1",40.4547,true,-1.414579,2.407513,1.100388,"(0.0590,0.9907,0.1139,0.0444)",false,0,0,0,NA,-1,-1,-1,-1,-1,-2,-2,true,-1.584993,2.073272,0.8912959,"(0.0341,0.9429,0.2230,-0.2450)",0,0,0,0,0,0,0
3,"Environment: 1, AimModifier: 1",40.46869,true,-1.416587,2.407036,1.100231,"(0.0629,0.9913,0.1103,0.0334)",false,0,0,0,NA,-1,-1,-1,-1,-1,-2,-2,true,-1.585763,2.059078,0.89355,"(0.0495,0.9495,0.2013,-0.2357)",0,0,0,0,0,0,0
3,"Environment: 1, AimModifier: 1",40.48287,true,-1.418459,2.406458,1.099898,"(0.0665,0.9916,0.1086,0.0221)",false,0,0,0,NA,-1,-1,-1,-1,-1,-2,-2,true,-1.586625,2.04459,0.8946191,"(0.0669,0.9569,0.1720,-0.2243)",0,0,0,0,0,0,0
3,"Environment: 1, AimModifier: 1",40.4969,true,-1.420275,2.406363,1.099684,"(0.0700,0.9917,0.1069,0.0113)",false,0,0,0,NA,-1,-1,-1,-1,-1,-2,-2,true,-1.586056,2.029128,0.8948269,"(0.0850,0.9663,0.1312,-0.2045)",0,0,0,0,0,0,0
3,"Environment: 1, AimModifier: 1",40.51068,true,-1.42199,2.406166,1.09946,"(0.0735,0.9916,0.1068,0.0010)",false,0,0,0,NA,-1,-1,-1,-1,-1,-2,-2,true,-1.584608,2.012717,0.8947465,"(0.1061,0.9730,0.0878,-0.1851)",0,0,0,0,0,0,0
3,"Environment: 1, AimModifier: 1",40.5248,true,-1.423794,2.40608,1.099356,"(0.0766,0.9914,0.1060,-0.0084)",false,0,0,0,NA,-1,-1,-1,-1,-1,-2,-2,true,-1.583999,1.996581,0.895094,"(0.1277,0.9759,0.0479,-0.1706)",0,0,0,0,0,0,0
3,"Environment: 1, AimModifier: 1",40.53843,true,-1.425489,2.405977,1.099557,"(0.0800,0.9911,0.1048,-0.0170)",false,0,0,0,NA,-1,-1,-1,-1,-1,-2,-2,true,-1.583409,1.980566,0.8962811,"(0.1472,0.9766,0.0075,-0.1565)",0,0,0,0,0,0,0
3,"Environment: 1, AimModifier: 1",40.55213,true,-1.42707,2.405844,1.099813,"(0.0827,0.9908,0.1039,-0.0253)",false,0,0,0,NA,-1,-1,-1,-1,-1,-2,-2,true,-1.583963,1.966143,0.8988651,"(0.1563,0.9758,-0.0251,-0.1506)",0,0,0,0,0,0,0
3,"Environment: 1, AimModifier: 1",40.56625,true,-1.428672,2.405773,1.100083,"(0.0846,0.9905,0.1029,-0.0330)",false,0,0,0,NA,-1,-1,-1,-1,-1,-2,-2,true,-1.585398,1.954207,0.9020948,"(0.1546,0.9757,-0.0473,-0.1481)",0,0,0,0,0,0,0
3,"Environment: 1, AimModifier: 1",40.58047,true,-1.430113,2.406054,1.100264,"(0.0858,0.9902,0.1025,-0.0406)",false,0,0,0,NA,-1,-1,-1,-1,-1,-2,-2,true,-1.587309,1.945358,0.9056561,"(0.1434,0.9765,-0.0536,-0.1520)",0,0,0,0,0,0,0
3,"Environment: 1, AimModifier: 1",40.5938,true,-1.431577,2.406432,1.100317,"(0.0870,0.9896,0.1045,-0.0474)",false,0,0,0,NA,-1,-1,-1,-1,-1,-2,-2,true,-1.588885,1.938036,0.9083053,"(0.1345,0.9766,-0.0598,-0.1569)",0,0,0,0,0,0,0
3,"Environment: 1, AimModifier: 1",40.60789,true,-1.432801,2.406988,1.100693,"(0.0873,0.9890,0.1064,-0.0537)",false,0,0,0,NA,-1,-1,-1,-1,-1,-2,-2,true,-1.589164,1.931077,0.9101228,"(0.1386,0.9756,-0.0661,-0.1569)",0,0,0,0,0,0,0
3,"Environment: 1, AimModifier: 1",40.62194,true,-1.434145,2.407233,1.100929,"(0.0872,0.9885,0.1079,-0.0596)",false,0,0,0,NA,-1,-1,-1,-1,-1,-2,-2,true,-1.588579,1.92362,0.9116972,"(0.1491,0.9743,-0.0747,-0.1513)",0,0,0,0,0,0,0
3,"Environment: 1, AimModifier: 1",40.63564,true,-1.435426,2.40743,1.101373,"(0.0866,0.9881,0.1092,-0.0652)",false,0,0,0,NA,-1,-1,-1,-1,-1,-2,-2,true,-1.587243,1.917324,0.9126222,"(0.1553,0.9739,-0.0856,-0.1414)",0,0,0,0,0,0,0
3,"Environment: 1, AimModifier: 1",40.64995,true,-1.436665,2.407768,1.101737,"(0.0854,0.9876,0.1106,-0.0711)",false,0,0,0,NA,-1,-1,-1,-1,-1,-2,-2,true,-1.587087,1.913278,0.9140624,"(0.1442,0.9754,-0.0850,-0.1434)",0,0,0,0,0,0,0
3,"Environment: 1, AimModifier: 1",40.66381,true,-1.437995,2.408211,1.102079,"(0.0841,0.9871,0.1127,-0.0765)",false,0,0,0,NA,-1,-1,-1,-1,-1,-2,-2,true,-1.58776,1.910249,0.915312,"(0.1198,0.9772,-0.0884,-0.1513)",0,0,0,0,0,0,0
3,"Environment: 1, AimModifier: 1",40.6776,true,-1.439202,2.4085,1.102555,"(0.0825,0.9866,0.1146,-0.0819)",false,0,0,0,NA,-1,-1,-1,-1,-1,-2,-2,true,-1.588035,1.908703,0.91614,"(0.0889,0.9785,-0.0930,-0.1614)",0,0,0,0,0,0,0
3,"Environment: 1, AimModifier: 1",40.6912,true,-1.44018,2.408929,1.103048,"(0.0812,0.9861,0.1154,-0.0875)",false,0,0,0,NA,-1,-1,-1,-1,-1,-2,-2,true,-1.587183,1.906327,0.9166361,"(0.0729,0.9777,-0.1152,-0.1596)",0,0,0,0,0,0,0
3,"Environment: 1, AimModifier: 1",40.70534,true,-1.441405,2.409121,1.103433,"(0.0802,0.9855,0.1170,-0.0928)",false,0,0,0,NA,-1,-1,-1,-1,-1,-2,-2,true,-1.585003,1.912598,0.914754,"(0.0771,0.9766,-0.1324,-0.1509)",0,0,0,0,0,0,0
3,"Environment: 1, AimModifier: 1",40.71924,true,-1.442766,2.409264,1.104023,"(0.0801,0.9849,0.1183,-0.0980)",false,0,0,0,NA,-1,-1,-1,-1,-1,-2,-2,true,-1.58072,1.919154,0.9190977,"(0.0618,0.9851,-0.0263,-0.1583)",0,0,0,0,0,0,0
3,"Environment: 1, AimModifier: 1",40.73281,true,-1.443892,2.409608,1.104673,"(0.0802,0.9843,0.1181,-0.1036)",false,0,0,0,NA,-1,-1,-1,-1,-1,-2,-2,true,-1.575156,1.921215,0.9158331,"(0.1357,0.9789,-0.0528,-0.1437)",0,0,0,0,0,0,0
3,"Environment: 1, AimModifier: 1",40.74689,true,-1.444925,2.409484,1.105368,"(0.0799,0.9837,0.1185,-0.1091)",false,0,0,0,NA,-1,-1,-1,-1,-1,-2,-2,true,-1.570297,1.923975,0.9160148,"(0.1596,0.9786,-0.0241,-0.1273)",0,0,0,0,0,0,0
3,"Environment: 1, AimModifier: 1",40.76069,true,-1.445676,2.409435,1.106228,"(0.0799,0.9833,0.1167,-0.1143)",false,0,0,0,NA,-1,-1,-1,-1,-1,-2,-2,true,-1.567318,1.92533,0.9164351,"(0.1591,0.9793,-0.0107,-0.1247)",0,0,0,0,0,0,0
3,"Environment: 1, AimModifier: 1",40.77448,true,-1.446383,2.409421,1.107042,"(0.0793,0.9830,0.1148,-0.1193)",false,0,0,0,NA,-1,-1,-1,-1,-1,-2,-2,true,-1.563832,1.924895,0.9160355,"(0.1620,0.9806,-0.0076,-0.1098)",0,0,0,0,0,0,0
3,"Environment: 1, AimModifier: 1",40.78862,true,-1.447101,2.409505,1.107737,"(0.0787,0.9826,0.1143,-0.1238)",false,0,0,0,NA,-1,-1,-1,-1,-1,-2,-2,true,-1.560867,1.923177,0.9157697,"(0.1687,0.9804,-0.0070,-0.1016)",0,0,0,0,0,0,0
3,"Environment: 1, AimModifier: 1",40.80245,true,-1.447623,2.409819,1.10849,"(0.0776,0.9821,0.1145,-0.1279)",false,0,0,0,NA,-1,-1,-1,-1,-1,-2,-2,true,-1.558478,1.921038,0.9150966,"(0.1743,0.9804,-0.0144,-0.0910)",0,0,0,0,0,0,0
3,"Environment: 1, AimModifier: 1",40.81649,true,-1.447858,2.410006,1.109263,"(0.0768,0.9816,0.1144,-0.1323)",false,0,0,0,NA,-1,-1,-1,-1,-1,-2,-2,true,-1.55696,1.919274,0.9145878,"(0.1831,0.9791,-0.0209,-0.0866)",0,0,0,0,0,0,0
3,"Environment: 1, AimModifier: 1",40.83028,true,-1.448239,2.409984,1.110024,"(0.0756,0.9813,0.1141,-0.1352)",false,0,0,0,NA,-1,-1,-1,-1,-1,-2,-2,true,-1.556072,1.918366,0.9140842,"(0.1920,0.9773,-0.0258,-0.0852)",0,0,0,0,0,0,0
3,"Environment: 1, AimModifier: 1",40.84432,true,-1.44856,2.409895,1.110776,"(0.0750,0.9810,0.1138,-0.1379)",false,0,0,0,NA,-1,-1,-1,-1,-1,-2,-2,true,-1.55549,1.918211,0.9137143,"(0.1977,0.9761,-0.0280,-0.0853)",0,0,0,0,0,0,0
3,"Environment: 1, AimModifier: 1",40.85826,true,-1.448725,2.409995,1.111412,"(0.0749,0.9808,0.1132,-0.1398)",false,0,0,0,NA,-1,-1,-1,-1,-1,-2,-2,true,-1.555832,1.918858,0.9135774,"(0.1956,0.9763,-0.0270,-0.0884)",0,0,0,0,0,0,0
3,"Environment: 1, AimModifier: 1",40.87172,true,-1.448886,2.410084,1.112058,"(0.0747,0.9807,0.1133,-0.1409)",false,0,0,0,NA,-1,-1,-1,-1,-1,-2,-2,true,-1.556346,1.919386,0.9134432,"(0.1922,0.9768,-0.0262,-0.0912)",0,0,0,0,0,0,0
3,"Environment: 1, AimModifier: 1",40.88579,true,-1.448759,2.410266,1.112667,"(0.0750,0.9805,0.1132,-0.1422)",false,0,0,0,NA,-1,-1,-1,-1,-1,-2,-2,true,-1.557147,1.919605,0.9133363,"(0.1882,0.9773,-0.0267,-0.0938)",0,0,0,0,0,0,0
3,"Environment: 1, AimModifier: 1",40.89984,true,-1.448661,2.410209,1.113278,"(0.0750,0.9805,0.1130,-0.1423)",false,0,0,0,NA,-1,-1,-1,-1,-1,-2,-2,true,-1.558307,1.919693,0.9134305,"(0.1836,0.9779,-0.0277,-0.0958)",0,0,0,0,0,0,0
3,"Environment: 1, AimModifier: 1",40.91378,true,-1.448463,2.410237,1.113876,"(0.0747,0.9806,0.1123,-0.1422)",false,0,0,0,NA,-1,-1,-1,-1,-1,-2,-2,true,-1.559541,1.919606,0.9126768,"(0.1774,0.9786,-0.0316,-0.0997)",0,0,0,0,0,0,0
3,"Environment: 1, AimModifier: 1",40.92775,true,-1.44818,2.410153,1.114421,"(0.0741,0.9807,0.1119,-0.1419)",false,0,0,0,NA,-1,-1,-1,-1,-1,-2,-2,true,-1.560943,1.919779,0.9124061,"(0.1705,0.9794,-0.0339,-0.1029)",0,0,0,0,0,0,0
3,"Environment: 1, AimModifier: 1",40.94149,true,-1.447695,2.410259,1.114878,"(0.0733,0.9809,0.1114,-0.1416)",false,0,0,0,NA,-1,-1,-1,-1,-1,-2,-2,true,-1.562149,1.919883,0.9121095,"(0.1652,0.9799,-0.0361,-0.1058)",0,0,0,0,0,0,0
3,"Environment: 1, AimModifier: 1",40.95525,true,-1.447296,2.410495,1.115182,"(0.0737,0.9810,0.1116,-0.1405)",false,0,0,0,NA,-1,-1,-1,-1,-1,-2,-2,true,-1.563254,1.919832,0.9117423,"(0.1611,0.9802,-0.0389,-0.1083)",0,0,0,0,0,0,0
3,"Environment: 1, AimModifier: 1",40.96923,true,-1.446898,2.410661,1.115456,"(0.0748,0.9811,0.1123,-0.1389)",false,0,0,0,NA,-1,-1,-1,-1,-1,-2,-2,true,-1.564026,1.919689,0.9113489,"(0.1585,0.9803,-0.0417,-0.1101)",0,0,0,0,0,0,0
3,"Environment: 1, AimModifier: 1",40.98317,true,-1.446432,2.410741,1.115746,"(0.0759,0.9812,0.1125,-0.1374)",false,0,0,0,NA,-1,-1,-1,-1,-1,-2,-2,true,-1.564409,1.919587,0.9110878,"(0.1575,0.9803,-0.0443,-0.1103)",0,0,0,0,0,0,0
3,"Environment: 1, AimModifier: 1",40.99707,true,-1.445966,2.4108,1.115992,"(0.0768,0.9814,0.1124,-0.1356)",false,0,0,0,NA,-1,-1,-1,-1,-1,-2,-2,true,-1.564406,1.919395,0.9109262,"(0.1582,0.9803,-0.0464,-0.1091)",0,0,0,0,0,0,0
3,"Environment: 1, AimModifier: 1",41.0109,true,-1.445507,2.410923,1.116104,"(0.0775,0.9816,0.1124,-0.1338)",false,0,0,0,NA,-1,-1,-1,-1,-1,-2,-2,true,-1.564103,1.919049,0.9108151,"(0.1599,0.9801,-0.0482,-0.1069)",0,0,0,0,0,0,0
3,"Environment: 1, AimModifier: 1",41.02492,true,-1.445046,2.410946,1.116139,"(0.0780,0.9817,0.1129,-0.1321)",false,0,0,0,NA,-1,-1,-1,-1,-1,-2,-2,true,-1.563669,1.918759,0.9107955,"(0.1622,0.9799,-0.0486,-0.1050)",0,0,0,0,0,0,0
3,"Environment: 1, AimModifier: 1",41.03893,true,-1.444599,2.41111,1.116182,"(0.0788,0.9818,0.1134,-0.1302)",false,0,0,0,NA,-1,-1,-1,-1,-1,-2,-2,true,-1.563219,1.918766,0.9109762,"(0.1647,0.9797,-0.0476,-0.1038)",0,0,0,0,0,0,0
3,"Environment: 1, AimModifier: 1",41.05264,true,-1.444248,2.411263,1.116226,"(0.0807,0.9819,0.1142,-0.1281)",false,0,0,0,NA,-1,-1,-1,-1,-1,-2,-2,true,-1.562935,1.91888,0.9111617,"(0.1664,0.9795,-0.0473,-0.1028)",0,0,0,0,0,0,0
3,"Environment: 1, AimModifier: 1",41.06675,true,-1.443858,2.411296,1.1163,"(0.0826,0.9820,0.1143,-0.1258)",false,0,0,0,NA,-1,-1,-1,-1,-1,-2,-2,true,-1.562754,1.919072,0.911325,"(0.1678,0.9794,-0.0468,-0.1024)",0,0,0,0,0,0,0
3,"Environment: 1, AimModifier: 1",41.08064,true,-1.443398,2.411255,1.116326,"(0.0842,0.9822,0.1139,-0.1234)",false,0,0,0,NA,-1,-1,-1,-1,-1,-2,-2,true,-1.562733,1.919175,0.9113766,"(0.1677,0.9794,-0.0466,-0.1022)",0,0,0,0,0,0,0
3,"Environment: 1, AimModifier: 1",41.0943,true,-1.44305,2.411524,1.116228,"(0.0864,0.9824,0.1133,-0.1207)",false,0,0,0,NA,-1,-1,-1,-1,-1,-2,-2,true,-1.562763,1.919243,0.9113767,"(0.1675,0.9795,-0.0466,-0.1021)",0,0,0,0,0,0,0
3,"Environment: 1, AimModifier: 1",41.10837,true,-1.442811,2.411762,1.116119,"(0.0884,0.9825,0.1141,-0.1178)",false,0,0,0,NA,-1,-1,-1,-1,-1,-2,-2,true,-1.562791,1.91933,0.9114293,"(0.1674,0.9795,-0.0466,-0.1019)",0,0,0,0,0,0,0
3,"Environment: 1, AimModifier: 1",41.12209,true,-1.44241,2.411808,1.116035,"(0.0894,0.9826,0.1149,-0.1152)",false,0,0,0,NA,-1,-1,-1,-1,-1,-2,-2,true,-1.562831,1.919482,0.9115389,"(0.1672,0.9796,-0.0469,-0.1013)",0,0,0,0,0,0,0
3,"Environment: 1, AimModifier: 1",41.13586,true,-1.44224,2.411811,1.116051,"(0.0901,0.9829,0.1144,-0.1128)",false,0,0,0,NA,-1,-1,-1,-1,-1,-2,-2,true,-1.562898,1.919633,0.9116369,"(0.1669,0.9797,-0.0470,-0.1011)",0,0,0,0,0,0,0
3,"Environment: 1, AimModifier: 1",41.14963,true,-1.442307,2.412072,1.116015,"(0.0917,0.9830,0.1142,-0.1108)",false,0,0,0,NA,-1,-1,-1,-1,-1,-2,-2,true,-1.563042,1.91972,0.9116539,"(0.1664,0.9797,-0.0471,-0.1012)",0,0,0,0,0,0,0
3,"Environment: 1, AimModifier: 1",41.16367,true,-1.441951,2.412258,1.115821,"(0.0943,0.9827,0.1166,-0.1088)",false,0,0,0,NA,-1,-1,-1,-1,-1,-2,-2,true,-1.563244,1.919782,0.9116249,"(0.1658,0.9798,-0.0472,-0.1015)",0,0,0,0,0,0,0
3,"Environment: 1, AimModifier: 1",41.17768,true,-1.44218,2.412646,1.115613,"(0.0958,0.9824,0.1185,-0.1083)",false,0,0,0,NA,-1,-1,-1,-1,-1,-2,-2,true,-1.563504,1.919906,0.9116732,"(0.1652,0.9798,-0.0476,-0.1022)",0,0,0,0,0,0,0
3,"Environment: 1, AimModifier: 1",41.19112,true,-1.442437,2.413008,1.115503,"(0.0956,0.9822,0.1197,-0.1083)",false,0,0,0,NA,-1,-1,-1,-1,-1,-2,-2,true,-1.563717,1.920066,0.911784,"(0.1646,0.9798,-0.0481,-0.1027)",0,0,0,0,0,0,0
3,"Environment: 1, AimModifier: 1",41.20512,true,-1.442598,2.413238,1.115392,"(0.0926,0.9823,0.1213,-0.1090)",false,0,0,0,NA,-1,-1,-1,-1,-1,-2,-2,true,-1.564028,1.920312,0.9118599,"(0.1633,0.9800,-0.0493,-0.1023)",0,0,0,0,0,0,0
3,"Environment: 1, AimModifier: 1",41.21908,true,-1.442787,2.413352,1.115199,"(0.0903,0.9822,0.1230,-0.1094)",false,0,0,0,NA,-1,-1,-1,-1,-1,-2,-2,true,-1.564776,1.920729,0.9116435,"(0.1582,0.9810,-0.0527,-0.0995)",0,0,0,0,0,0,0
3,"Environment: 1, AimModifier: 1",41.2327,true,-1.443436,2.413547,1.115178,"(0.0900,0.9820,0.1242,-0.1104)",false,0,0,0,NA,-1,-1,-1,-1,-1,-2,-2,true,-1.565612,1.921056,0.9113157,"(0.1537,0.9815,-0.0557,-0.0995)",0,0,0,0,0,0,0
3,"Environment: 1, AimModifier: 1",41.24703,true,-1.443635,2.413453,1.115167,"(0.0908,0.9818,0.1245,-0.1109)",false,0,0,0,NA,-1,-1,-1,-1,-1,-2,-2,true,-1.566724,1.92139,0.9108838,"(0.1486,0.9821,-0.0615,-0.0980)",0,0,0,0,0,0,0
3,"Environment: 1, AimModifier: 1",41.26086,true,-1.443751,2.413618,1.114995,"(0.0920,0.9818,0.1240,-0.1106)",false,0,0,0,NA,-1,-1,-1,-1,-1,-2,-2,true,-1.568206,1.921974,0.9101166,"(0.1402,0.9833,-0.0719,-0.0905)",0,0,0,0,0,0,0
3,"Environment: 1, AimModifier: 1",41.27459,true,-1.443483,2.413383,1.115043,"(0.0871,0.9828,0.1194,-0.1109)",false,0,0,0,NA,-1,-1,-1,-1,-1,-2,-2,true,-1.570752,1.923242,0.9089974,"(0.1260,0.9847,-0.0823,-0.0873)",0,0,0,0,0,0,0
3,"Environment: 1, AimModifier: 1",41.28876,true,-1.44263,2.412581,1.114696,"(0.0827,0.9836,0.1210,-0.1048)",false,0,0,0,NA,-1,-1,-1,-1,-1,-2,-2,true,-1.575119,1.925091,0.9073325,"(0.1050,0.9852,-0.0924,-0.0988)",0,0,0,0,0,0,0
3,"Environment: 1, AimModifier: 1",41.30265,true,-1.441629,2.41188,1.113781,"(0.0840,0.9838,0.1220,-0.1012)",false,0,0,0,NA,-1,-1,-1,-1,-1,-2,-2,true,-1.579485,1.926297,0.9055437,"(0.0877,0.9842,-0.1056,-0.1115)",0,0,0,0,0,0,0
3,"Environment: 1, AimModifier: 1",41.31628,true,-1.441133,2.411656,1.113408,"(0.0833,0.9841,0.1220,-0.0988)",false,0,0,0,NA,-1,-1,-1,-1,-1,-2,-2,true,-1.58237,1.92726,0.9043088,"(0.0760,0.9834,-0.1155,-0.1172)",0,0,0,0,0,0,0
3,"Environment: 1, AimModifier: 1",41.33011,true,-1.441133,2.412065,1.113157,"(0.0862,0.9842,0.1219,-0.0951)",false,0,0,0,NA,-1,-1,-1,-1,-1,-2,-2,true,-1.585224,1.928213,0.902149,"(0.0840,0.9791,-0.1306,-0.1311)",0,0,0,0,0,0,0
3,"Environment: 1, AimModifier: 1",41.34417,true,-1.440782,2.411949,1.11277,"(0.0860,0.9845,0.1220,-0.0925)",false,0,0,0,NA,-1,-1,-1,-1,-1,-2,-2,true,-1.587899,1.929141,0.9008152,"(0.0760,0.9776,-0.1406,-0.1371)",0,0,0,0,0,0,0
3,"Environment: 1, AimModifier: 1",41.35851,true,-1.439345,2.410506,1.111843,"(0.0846,0.9852,0.1206,-0.0873)",false,0,0,0,NA,-1,-1,-1,-1,-1,-2,-2,true,-1.593751,1.935925,0.8982669,"(0.0520,0.9786,-0.1552,-0.1249)",0,0,0,0,0,0,0
3,"Environment: 1, AimModifier: 1",41.372,true,-1.43886,2.410189,1.111165,"(0.0814,0.9859,0.1195,-0.0847)",false,0,0,0,NA,-1,-1,-1,-1,-1,-2,-2,true,-1.596983,1.939643,0.8962523,"(0.0485,0.9765,-0.1699,-0.1231)",0,0,0,0,0,0,0
3,"Environment: 1, AimModifier: 1",41.38588,true,-1.439043,2.410868,1.110344,"(0.0799,0.9859,0.1220,-0.0823)",false,0,0,0,NA,-1,-1,-1,-1,-1,-2,-2,true,-1.601061,1.944209,0.8948426,"(0.0408,0.9744,-0.1793,-0.1292)",0,0,0,0,0,0,0
3,"Environment: 1, AimModifier: 1",41.39961,true,-1.439026,2.410814,1.110176,"(0.0812,0.9856,0.1235,-0.0817)",false,0,0,0,NA,-1,-1,-1,-1,-1,-2,-2,true,-1.605893,1.950184,0.893747,"(0.0311,0.9726,-0.1820,-0.1414)",0,0,0,0,0,0,0
3,"Environment: 1, AimModifier: 1",41.41346,true,-1.438529,2.410292,1.10997,"(0.0791,0.9859,0.1228,-0.0812)",false,0,0,0,NA,-1,-1,-1,-1,-1,-2,-2,true,-1.610733,1.956633,0.8925959,"(0.0217,0.9712,-0.1811,-0.1535)",0,0,0,0,0,0,0
3,"Environment: 1, AimModifier: 1",41.4274,true,-1.438431,2.409774,1.109165,"(0.0759,0.9861,0.1244,-0.0802)",false,0,0,0,NA,-1,-1,-1,-1,-1,-2,-2,true,-1.615383,1.964428,0.8917377,"(0.0158,0.9706,-0.1731,-0.1664)",0,0,0,0,0,0,0
3,"Environment: 1, AimModifier: 1",41.44141,true,-1.438426,2.409806,1.108909,"(0.0743,0.9861,0.1257,-0.0795)",false,0,0,0,NA,-1,-1,-1,-1,-1,-2,-2,true,-1.619294,1.972692,0.8908556,"(0.0236,0.9696,-0.1605,-0.1830)",0,0,0,0,0,0,0
3,"Environment: 1, AimModifier: 1",41.45508,true,-1.438543,2.409963,1.108719,"(0.0751,0.9860,0.1261,-0.0793)",false,0,0,0,NA,-1,-1,-1,-1,-1,-2,-2,true,-1.621589,1.980672,0.8891629,"(0.0732,0.9612,-0.1489,-0.2203)",0,0,0,0,0,0,0
3,"Environment: 1, AimModifier: 1",41.46917,true,-1.438485,2.409834,1.10853,"(0.0757,0.9860,0.1259,-0.0789)",false,0,0,0,NA,-1,-1,-1,-1,-1,-2,-2,true,-1.625704,1.98777,0.8880341,"(0.0848,0.9592,-0.1393,-0.2309)",0,0,0,0,0,0,0
3,"Environment: 1, AimModifier: 1",41.48313,true,-1.438364,2.409611,1.108189,"(0.0749,0.9861,0.1258,-0.0785)",false,0,0,0,NA,-1,-1,-1,-1,-1,-2,-2,true,-1.630739,1.994323,0.8874996,"(0.0858,0.9578,-0.1363,-0.2380)",0,0,0,0,0,0,0
3,"Environment: 1, AimModifier: 1",41.49686,true,-1.438251,2.409407,1.107995,"(0.0732,0.9863,0.1255,-0.0783)",false,0,0,0,NA,-1,-1,-1,-1,-1,-2,-2,true,-1.63598,2.000508,0.88714,"(0.0829,0.9562,-0.1396,-0.2434)",0,0,0,0,0,0,0
3,"Environment: 1, AimModifier: 1",41.51033,true,-1.438123,2.409183,1.107944,"(0.0724,0.9865,0.1244,-0.0778)",false,0,0,0,NA,-1,-1,-1,-1,-1,-2,-2,true,-1.640306,2.007027,0.8869251,"(0.0854,0.9547,-0.1386,-0.2491)",0,0,0,0,0,0,0
3,"Environment: 1, AimModifier: 1",41.52451,true,-1.438019,2.409034,1.10786,"(0.0719,0.9869,0.1225,-0.0771)",false,0,0,0,NA,-1,-1,-1,-1,-1,-2,-2,true,-1.643802,2.013632,0.8877194,"(0.0857,0.9556,-0.1354,-0.2474)",0,0,0,0,0,0,0
3,"Environment: 1, AimModifier: 1",41.53849,true,-1.437915,2.408711,1.107656,"(0.0707,0.9872,0.1207,-0.0763)",false,0,0,0,NA,-1,-1,-1,-1,-1,-2,-2,true,-1.647206,2.020239,0.88864,"(0.0780,0.9588,-0.1309,-0.2399)",0,0,0,0,0,0,0
3,"Environment: 1, AimModifier: 1",41.55224,true,-1.437664,2.408513,1.107618,"(0.0689,0.9877,0.1186,-0.0755)",false,0,0,0,NA,-1,-1,-1,-1,-1,-2,-2,true,-1.649972,2.026768,0.8909441,"(0.0594,0.9652,-0.1236,-0.2226)",0,0,0,0,0,0,0
3,"Environment: 1, AimModifier: 1",41.56627,true,-1.437586,2.408408,1.107454,"(0.0681,0.9880,0.1167,-0.0745)",false,0,0,0,NA,-1,-1,-1,-1,-1,-2,-2,true,-1.65239,2.033402,0.893262,"(0.0503,0.9689,-0.1120,-0.2149)",0,0,0,0,0,0,0
3,"Environment: 1, AimModifier: 1",41.58052,true,-1.437511,2.408165,1.107317,"(0.0671,0.9883,0.1154,-0.0736)",false,0,0,0,NA,-1,-1,-1,-1,-1,-2,-2,true,-1.65459,2.039671,0.8957532,"(0.0433,0.9720,-0.0986,-0.2091)",0,0,0,0,0,0,0
3,"Environment: 1, AimModifier: 1",41.59394,true,-1.437442,2.407935,1.107274,"(0.0661,0.9886,0.1135,-0.0731)",false,0,0,0,NA,-1,-1,-1,-1,-1,-2,-2,true,-1.656526,2.045903,0.8984916,"(0.0363,0.9752,-0.0837,-0.2014)",0,0,0,0,0,0,0
3,"Environment: 1, AimModifier: 1",41.608,true,-1.437402,2.407576,1.107232,"(0.0650,0.9890,0.1112,-0.0720)",false,0,0,0,NA,-1,-1,-1,-1,-1,-2,-2,true,-1.658019,2.052173,0.9019398,"(0.0257,0.9798,-0.0662,-0.1871)",0,0,0,0,0,0,0
3,"Environment: 1, AimModifier: 1",41.62213,true,-1.437452,2.406834,1.107453,"(0.0635,0.9896,0.1081,-0.0711)",false,0,0,0,NA,-1,-1,-1,-1,-1,-2,-2,true,-1.65897,2.058329,0.9057552,"(0.0189,0.9841,-0.0493,-0.1696)",0,0,0,0,0,0,0
3,"Environment: 1, AimModifier: 1",41.63594,true,-1.437572,2.406227,1.107437,"(0.0623,0.9900,0.1054,-0.0701)",false,0,0,0,NA,-1,-1,-1,-1,-1,-2,-2,true,-1.659752,2.064081,0.9087132,"(0.0199,0.9869,-0.0401,-0.1549)",0,0,0,0,0,0,0
3,"Environment: 1, AimModifier: 1",41.6498,true,-1.437811,2.405686,1.107649,"(0.0614,0.9905,0.1018,-0.0690)",false,0,0,0,NA,-1,-1,-1,-1,-1,-2,-2,true,-1.660956,2.069486,0.9112656,"(0.0177,0.9888,-0.0339,-0.1445)",0,0,0,0,0,0,0
3,"Environment: 1, AimModifier: 1",41.66393,true,-1.43785,2.404853,1.108046,"(0.0600,0.9911,0.0972,-0.0684)",false,0,0,0,NA,-1,-1,-1,-1,-1,-2,-2,true,-1.662441,2.07421,0.913913,"(0.0137,0.9894,-0.0293,-0.1414)",0,0,0,0,0,0,0
3,"Environment: 1, AimModifier: 1",41.67781,true,-1.43801,2.404073,1.108433,"(0.0590,0.9918,0.0914,-0.0670)",false,0,0,0,NA,-1,-1,-1,-1,-1,-2,-2,true,-1.664086,2.078871,0.9166635,"(0.0083,0.9901,-0.0231,-0.1380)",0,0,0,0,0,0,0
3,"Environment: 1, AimModifier: 1",41.69143,true,-1.43818,2.403134,1.10894,"(0.0572,0.9926,0.0844,-0.0655)",false,0,0,0,NA,-1,-1,-1,-1,-1,-2,-2,true,-1.66542,2.082942,0.919538,"(0.0038,0.9912,-0.0174,-0.1313)",0,0,0,0,0,0,0
3,"Environment: 1, AimModifier: 1",41.70546,true,-1.438343,2.402234,1.109354,"(0.0553,0.9934,0.0780,-0.0639)",false,0,0,0,NA,-1,-1,-1,-1,-1,-2,-2,true,-1.666386,2.085957,0.9223385,"(-0.0069,0.9936,-0.0135,-0.1115)",0,0,0,0,0,0,0
3,"Environment: 1, AimModifier: 1",41.71947,true,-1.438488,2.401274,1.109736,"(0.0524,0.9940,0.0726,-0.0626)",false,0,0,0,NA,-1,-1,-1,-1,-1,-2,-2,true,-1.667028,2.08904,0.9252512,"(-0.0129,0.9957,-0.0090,-0.0907)",0,0,0,0,0,0,0
3,"Environment: 1, AimModifier: 1",41.7332,true,-1.438566,2.40036,1.110152,"(0.0490,0.9946,0.0672,-0.0616)",false,0,0,0,NA,-1,-1,-1,-1,-1,-2,-2,true,-1.667109,2.091938,0.9281941,"(-0.0138,0.9977,-0.0031,-0.0657)",0,0,0,0,0,0,0
3,"Environment: 1, AimModifier: 1",41.74738,true,-1.438994,2.399851,1.11031,"(0.0466,0.9952,0.0620,-0.0604)",false,0,0,0,NA,-1,-1,-1,-1,-1,-2,-2,true,-1.667588,2.09491,0.9310547,"(-0.0189,0.9990,0.0027,-0.0404)",0,0,0,0,0,0,0
3,"Environment: 1, AimModifier: 1",41.76114,true,-1.439356,2.399452,1.110376,"(0.0445,0.9955,0.0584,-0.0599)",false,0,0,0,NA,-1,-1,-1,-1,-1,-2,-2,true,-1.668701,2.097692,0.9336675,"(-0.0275,0.9994,0.0079,-0.0219)",0,0,0,0,0,0,0
3,"Environment: 1, AimModifier: 1",41.77505,true,-1.439394,2.399217,1.110476,"(0.0431,0.9957,0.0565,-0.0599)",false,0,0,0,NA,-1,-1,-1,-1,-1,-2,-2,true,-1.670057,2.099777,0.9357685,"(-0.0344,0.9993,0.0131,-0.0118)",0,0,0,0,0,0,0
3,"Environment: 1, AimModifier: 1",41.79063,true,-1.439645,2.398927,1.110499,"(0.0423,0.9958,0.0554,-0.0587)",false,0,0,0,NA,-1,-1,-1,-1,-1,-2,-2,true,-1.671409,2.101421,0.9374043,"(-0.0384,0.9990,0.0187,-0.0103)",0,0,0,0,0,0,0
3,"Environment: 1, AimModifier: 1",41.80457,true,-1.439808,2.398473,1.110675,"(0.0408,0.9960,0.0541,-0.0579)",false,0,0,0,NA,-1,-1,-1,-1,-1,-2,-2,true,-1.672561,2.102772,0.9385284,"(-0.0371,0.9989,0.0233,-0.0147)",0,0,0,0,0,0,0
3,"Environment: 1, AimModifier: 1",41.81816,true,-1.43982,2.398053,1.110935,"(0.0392,0.9962,0.0522,-0.0573)",false,0,0,0,NA,-1,-1,-1,-1,-1,-2,-2,true,-1.673293,2.103456,0.9389357,"(-0.0273,0.9991,0.0237,-0.0200)",0,0,0,0,0,0,0
3,"Environment: 1, AimModifier: 1",41.83145,true,-1.439853,2.397518,1.111161,"(0.0373,0.9965,0.0497,-0.0565)",false,0,0,0,NA,-1,-1,-1,-1,-1,-2,-2,true,-1.67386,2.103739,0.9393497,"(-0.0175,0.9994,0.0236,-0.0174)",0,0,0,0,0,0,0
3,"Environment: 1, AimModifier: 1",41.84533,true,-1.440004,2.397157,1.111346,"(0.0354,0.9967,0.0474,-0.0555)",false,0,0,0,NA,-1,-1,-1,-1,-1,-2,-2,true,-1.674819,2.103908,0.9399721,"(-0.0115,0.9995,0.0267,-0.0153)",0,0,0,0,0,0,0
3,"Environment: 1, AimModifier: 1",41.85899,true,-1.440162,2.396927,1.111532,"(0.0341,0.9969,0.0461,-0.0546)",false,0,0,0,NA,-1,-1,-1,-1,-1,-2,-2,true,-1.676157,2.104277,0.9406281,"(-0.0089,0.9993,0.0319,-0.0159)",0,0,0,0,0,0,0
3,"Environment: 1, AimModifier: 1",41.87258,true,-1.440259,2.396798,1.111652,"(0.0326,0.9970,0.0453,-0.0540)",false,0,0,0,NA,-1,-1,-1,-1,-1,-2,-2,true,-1.677799,2.104567,0.941087,"(-0.0103,0.9991,0.0365,-0.0170)",0,0,0,0,0,0,0
3,"Environment: 1, AimModifier: 1",41.88639,true,-1.440499,2.396829,1.111689,"(0.0318,0.9970,0.0453,-0.0532)",false,0,0,0,NA,-1,-1,-1,-1,-1,-2,-2,true,-1.679888,2.104646,0.9409199,"(-0.0165,0.9989,0.0373,-0.0210)",0,0,0,0,0,0,0
3,"Environment: 1, AimModifier: 1",41.90013,true,-1.44078,2.396785,1.111904,"(0.0308,0.9971,0.0453,-0.0525)",false,0,0,0,NA,-1,-1,-1,-1,-1,-2,-2,true,-1.682132,2.104316,0.9401819,"(-0.0250,0.9987,0.0337,-0.0276)",0,0,0,0,0,0,0
3,"Environment: 1, AimModifier: 1",41.9142,true,-1.440916,2.396503,1.112148,"(0.0300,0.9972,0.0452,-0.0521)",false,0,0,0,NA,-1,-1,-1,-1,-1,-2,-2,true,-1.683917,2.103898,0.9397801,"(-0.0318,0.9986,0.0312,-0.0301)",0,0,0,0,0,0,0
3,"Environment: 1, AimModifier: 1",41.92785,true,-1.44115,2.396592,1.112313,"(0.0289,0.9972,0.0457,-0.0517)",false,0,0,0,NA,-1,-1,-1,-1,-1,-2,-2,true,-1.685318,2.103094,0.9394205,"(-0.0356,0.9985,0.0286,-0.0305)",0,0,0,0,0,0,0
3,"Environment: 1, AimModifier: 1",41.94167,true,-1.441272,2.396648,1.112378,"(0.0277,0.9972,0.0461,-0.0514)",false,0,0,0,NA,-1,-1,-1,-1,-1,-2,-2,true,-1.686267,2.102078,0.9391795,"(-0.0326,0.9986,0.0271,-0.0304)",0,0,0,0,0,0,0
3,"Environment: 1, AimModifier: 1",41.95557,true,-1.441372,2.39671,1.112459,"(0.0267,0.9973,0.0458,-0.0509)",false,0,0,0,NA,-1,-1,-1,-1,-1,-2,-2,true,-1.687157,2.10135,0.9391308,"(-0.0278,0.9987,0.0276,-0.0315)",0,0,0,0,0,0,0
3,"Environment: 1, AimModifier: 1",41.96938,true,-1.441464,2.396753,1.112522,"(0.0260,0.9973,0.0458,-0.0505)",false,0,0,0,NA,-1,-1,-1,-1,-1,-2,-2,true,-1.688635,2.100821,0.9390643,"(-0.0244,0.9987,0.0288,-0.0345)",0,0,0,0,0,0,0
3,"Environment: 1, AimModifier: 1",41.98321,true,-1.441605,2.396832,1.112534,"(0.0260,0.9973,0.0460,-0.0503)",false,0,0,0,NA,-1,-1,-1,-1,-1,-2,-2,true,-1.69046,2.100367,0.9389325,"(-0.0249,0.9985,0.0296,-0.0399)",0,0,0,0,0,0,0
3,"Environment: 1, AimModifier: 1",41.99722,true,-1.441772,2.396904,1.112533,"(0.0256,0.9974,0.0461,-0.0501)",false,0,0,0,NA,-1,-1,-1,-1,-1,-2,-2,true,-1.692251,2.100016,0.9388519,"(-0.0280,0.9981,0.0303,-0.0448)",0,0,0,0,0,0,0
3,"Environment: 1, AimModifier: 1",42.01061,true,-1.441938,2.396971,1.112485,"(0.0251,0.9974,0.0461,-0.0498)",false,0,0,0,NA,-1,-1,-1,-1,-1,-2,-2,true,-1.6941,2.099796,0.9387353,"(-0.0356,0.9977,0.0301,-0.0495)",0,0,0,0,0,0,0
3,"Environment: 1, AimModifier: 1",42.02451,true,-1.442097,2.397022,1.11241,"(0.0246,0.9974,0.0466,-0.0496)",false,0,0,0,NA,-1,-1,-1,-1,-1,-2,-2,true,-1.695662,2.099688,0.938632,"(-0.0431,0.9973,0.0282,-0.0530)",0,0,0,0,0,0,0
3,"Environment: 1, AimModifier: 1",42.03846,true,-1.442237,2.3971,1.112337,"(0.0244,0.9974,0.0468,-0.0493)",false,0,0,0,NA,-1,-1,-1,-1,-1,-2,-2,true,-1.696751,2.099644,0.9386488,"(-0.0470,0.9970,0.0268,-0.0545)",0,0,0,0,0,0,0
3,"Environment: 1, AimModifier: 1",42.05221,true,-1.442403,2.397156,1.11223,"(0.0242,0.9974,0.0473,-0.0492)",false,0,0,0,NA,-1,-1,-1,-1,-1,-2,-2,true,-1.697565,2.09962,0.9388442,"(-0.0479,0.9970,0.0255,-0.0550)",0,0,0,0,0,0,0
3,"Environment: 1, AimModifier: 1",42.0661,true,-1.442567,2.397187,1.112122,"(0.0241,0.9974,0.0472,-0.0490)",false,0,0,0,NA,-1,-1,-1,-1,-1,-2,-2,true,-1.698029,2.099698,0.9391504,"(-0.0468,0.9971,0.0255,-0.0549)",0,0,0,0,0,0,0
3,"Environment: 1, AimModifier: 1",42.0802,true,-1.442716,2.397178,1.112023,"(0.0240,0.9974,0.0472,-0.0489)",false,0,0,0,NA,-1,-1,-1,-1,-1,-2,-2,true,-1.698163,2.099934,0.9395218,"(-0.0450,0.9972,0.0261,-0.0539)",0,0,0,0,0,0,0
3,"Environment: 1, AimModifier: 1",42.09395,true,-1.442863,2.397169,1.11192,"(0.0236,0.9974,0.0471,-0.0484)",false,0,0,0,NA,-1,-1,-1,-1,-1,-2,-2,true,-1.697197,2.100081,0.9396103,"(-0.0432,0.9974,0.0271,-0.0515)",0,0,0,0,0,0,0
3,"Environment: 1, AimModifier: 1",42.10799,true,-1.443001,2.397165,1.111848,"(0.0230,0.9975,0.0471,-0.0482)",false,0,0,0,NA,-1,-1,-1,-1,-1,-2,-2,true,-1.696895,2.100102,0.9396376,"(-0.0427,0.9974,0.0272,-0.0506)",0,0,0,0,0,0,0
3,"Environment: 1, AimModifier: 1",42.122,true,-1.443109,2.39713,1.111783,"(0.0221,0.9975,0.0468,-0.0478)",false,0,0,0,NA,-1,-1,-1,-1,-1,-2,-2,true,-1.697286,2.100171,0.9400169,"(-0.0428,0.9975,0.0273,-0.0496)",0,0,0,0,0,0,0
3,"Environment: 1, AimModifier: 1",42.13578,true,-1.443171,2.397041,1.11167,"(0.0218,0.9976,0.0460,-0.0474)",false,0,0,0,NA,-1,-1,-1,-1,-1,-2,-2,true,-1.697586,2.100283,0.9406003,"(-0.0440,0.9975,0.0271,-0.0475)",0,0,0,0,0,0,0
3,"Environment: 1, AimModifier: 1",42.14989,true,-1.44322,2.396953,1.111564,"(0.0217,0.9976,0.0451,-0.0468)",false,0,0,0,NA,-1,-1,-1,-1,-1,-2,-2,true,-1.697435,2.10027,0.9409376,"(-0.0458,0.9976,0.0252,-0.0458)",0,0,0,0,0,0,0
3,"Environment: 1, AimModifier: 1",42.1636,true,-1.443239,2.396857,1.111419,"(0.0218,0.9977,0.0444,-0.0462)",false,0,0,0,NA,-1,-1,-1,-1,-1,-2,-2,true,-1.696996,2.100037,0.940999,"(-0.0459,0.9976,0.0231,-0.0460)",0,0,0,0,0,0,0
3,"Environment: 1, AimModifier: 1",42.17748,true,-1.443198,2.396709,1.11129,"(0.0214,0.9978,0.0434,-0.0453)",false,0,0,0,NA,-1,-1,-1,-1,-1,-2,-2,true,-1.695722,2.099042,0.940963,"(-0.0487,0.9979,0.0174,-0.0400)",0,0,0,0,0,0,0
3,"Environment: 1, AimModifier: 1",42.19103,true,-1.443119,2.396576,1.111181,"(0.0212,0.9979,0.0422,-0.0445)",false,0,0,0,NA,-1,-1,-1,-1,-1,-2,-2,true,-1.694312,2.097921,0.9406278,"(-0.0462,0.9981,0.0120,-0.0382)",0,0,0,0,0,0,0
3,"Environment: 1, AimModifier: 1",42.20501,true,-1.443073,2.396476,1.111045,"(0.0209,0.9980,0.0413,-0.0435)",false,0,0,0,NA,-1,-1,-1,-1,-1,-2,-2,true,-1.692192,2.096007,0.9401409,"(-0.0445,0.9984,0.0045,-0.0340)",0,0,0,0,0,0,0
3,"Environment: 1, AimModifier: 1",42.21901,true,-1.443042,2.396411,1.110905,"(0.0211,0.9980,0.0404,-0.0428)",false,0,0,0,NA,-1,-1,-1,-1,-1,-2,-2,true,-1.689747,2.09376,0.9395873,"(-0.0437,0.9986,-0.0036,-0.0305)",0,0,0,0,0,0,0
3,"Environment: 1, AimModifier: 1",42.23272,true,-1.442987,2.396314,1.110809,"(0.0213,0.9981,0.0396,-0.0420)",false,0,0,0,NA,-1,-1,-1,-1,-1,-2,-2,true,-1.686997,2.09111,0.9387797,"(-0.0441,0.9986,-0.0138,-0.0272)",0,0,0,0,0,0,0
3,"Environment: 1, AimModifier: 1",42.24685,true,-1.442883,2.396193,1.110747,"(0.0213,0.9982,0.0387,-0.0415)",false,0,0,0,NA,-1,-1,-1,-1,-1,-2,-2,true,-1.683337,2.087423,0.937651,"(-0.0449,0.9983,-0.0284,-0.0224)",0,0,0,0,0,0,0
3,"Environment: 1, AimModifier: 1",42.26088,true,-1.442754,2.396051,1.110691,"(0.0210,0.9982,0.0378,-0.0408)",false,0,0,0,NA,-1,-1,-1,-1,-1,-2,-2,true,-1.678513,2.082742,0.9364316,"(-0.0394,0.9980,-0.0473,-0.0147)",0,0,0,0,0,0,0
3,"Environment: 1, AimModifier: 1",42.27457,true,-1.442612,2.395919,1.110666,"(0.0207,0.9983,0.0364,-0.0402)",false,0,0,0,NA,-1,-1,-1,-1,-1,-2,-2,true,-1.672322,2.077249,0.9353895,"(-0.0215,0.9972,-0.0716,-0.0014)",0,0,0,0,0,0,0
3,"Environment: 1, AimModifier: 1",42.28864,true,-1.442447,2.395799,1.110655,"(0.0204,0.9984,0.0352,-0.0399)",false,0,0,0,NA,-1,-1,-1,-1,-1,-2,-2,true,-1.665419,2.071374,0.9347659,"(0.0008,0.9956,-0.0920,0.0151)",0,0,0,0,0,0,0
3,"Environment: 1, AimModifier: 1",42.30246,true,-1.442352,2.395695,1.110654,"(0.0202,0.9985,0.0340,-0.0390)",false,0,0,0,NA,-1,-1,-1,-1,-1,-2,-2,true,-1.658475,2.065404,0.9343123,"(0.0246,0.9926,-0.1150,0.0308)",0,0,0,0,0,0,0
3,"Environment: 1, AimModifier: 1",42.31636,true,-1.442252,2.395582,1.110643,"(0.0201,0.9985,0.0329,-0.0382)",false,0,0,0,NA,-1,-1,-1,-1,-1,-2,-2,true,-1.651649,2.059417,0.9339261,"(0.0465,0.9883,-0.1375,0.0458)",0,0,0,0,0,0,0
3,"Environment: 1, AimModifier: 1",42.33007,true,-1.442127,2.395459,1.110601,"(0.0199,0.9986,0.0317,-0.0375)",false,0,0,0,NA,-1,-1,-1,-1,-1,-2,-2,true,-1.645848,2.054338,0.9334095,"(0.0631,0.9839,-0.1565,0.0581)",0,0,0,0,0,0,0
3,"Environment: 1, AimModifier: 1",42.34413,true,-1.442024,2.39524,1.110665,"(0.0194,0.9987,0.0296,-0.0362)",false,0,0,0,NA,-1,-1,-1,-1,-1,-2,-2,true,-1.637468,2.048521,0.9337709,"(0.0895,0.9797,-0.1665,0.0674)",0,0,0,0,0,0,0
3,"Environment: 1, AimModifier: 1",42.35795,true,-1.441887,2.395082,1.110637,"(0.0191,0.9988,0.0283,-0.0354)",false,0,0,0,NA,-1,-1,-1,-1,-1,-2,-2,true,-1.631394,2.043543,0.9333872,"(0.1067,0.9742,-0.1827,0.0784)",0,0,0,0,0,0,0
3,"Environment: 1, AimModifier: 1",42.37158,true,-1.441765,2.394895,1.110634,"(0.0189,0.9989,0.0266,-0.0345)",false,0,0,0,NA,-1,-1,-1,-1,-1,-2,-2,true,-1.625278,2.039112,0.9330365,"(0.1225,0.9693,-0.1945,0.0869)",0,0,0,0,0,0,0
3,"Environment: 1, AimModifier: 1",42.38558,true,-1.441812,2.394329,1.110838,"(0.0179,0.9990,0.0231,-0.0345)",false,0,0,0,NA,-1,-1,-1,-1,-1,-2,-2,true,-1.620207,2.040194,0.9318888,"(0.1194,0.9719,-0.1855,0.0821)",0,0,0,0,0,0,0
3,"Environment: 1, AimModifier: 1",42.39951,true,-1.442254,2.393663,1.110866,"(0.0166,0.9990,0.0200,-0.0350)",false,0,0,0,NA,-1,-1,-1,-1,-1,-2,-2,true,-1.616109,2.045202,0.9309554,"(0.1012,0.9739,-0.1799,0.0944)",0,0,0,0,0,0,0
3,"Environment: 1, AimModifier: 1",42.41335,true,-1.442494,2.393482,1.110738,"(0.0164,0.9991,0.0169,-0.0351)",false,0,0,0,NA,-1,-1,-1,-1,-1,-2,-2,true,-1.612308,2.049755,0.9300981,"(0.0878,0.9757,-0.1717,0.1046)",0,0,0,0,0,0,0
3,"Environment: 1, AimModifier: 1",42.42712,true,-1.44276,2.393026,1.110711,"(0.0157,0.9992,0.0138,-0.0350)",false,0,0,0,NA,-1,-1,-1,-1,-1,-2,-2,true,-1.609787,2.057105,0.9286302,"(0.0691,0.9802,-0.1510,0.1079)",0,0,0,0,0,0,0
3,"Environment: 1, AimModifier: 1",42.44141,true,-1.442944,2.392471,1.110638,"(0.0147,0.9992,0.0104,-0.0351)",false,0,0,0,NA,-1,-1,-1,-1,-1,-2,-2,true,-1.609951,2.069528,0.926141,"(0.0333,0.9881,-0.1113,0.1010)",0,0,0,0,0,0,0
3,"Environment: 1, AimModifier: 1",42.45472,true,-1.443068,2.392005,1.110503,"(0.0134,0.9993,0.0067,-0.0354)",false,0,0,0,NA,-1,-1,-1,-1,-1,-2,-2,true,-1.612367,2.085359,0.9237879,"(-0.0214,0.9934,-0.0611,0.0942)",0,0,0,0,0,0,0
3,"Environment: 1, AimModifier: 1",42.4687,true,-1.443184,2.391438,1.110423,"(0.0120,0.9993,0.0031,-0.0359)",false,0,0,0,NA,-1,-1,-1,-1,-1,-2,-2,true,-1.617287,2.103184,0.9234001,"(-0.0985,0.9901,-0.0069,0.0997)",0,0,0,0,0,0,0
3,"Environment: 1, AimModifier: 1",42.48278,true,-1.443227,2.390926,1.110286,"(0.0098,0.9993,-0.0005,-0.0364)",false,0,0,0,NA,-1,-1,-1,-1,-1,-2,-2,true,-1.625301,2.119949,0.9245284,"(-0.1929,0.9744,0.0331,0.1110)",0,0,0,0,0,0,0
3,"Environment: 1, AimModifier: 1",42.49672,true,-1.443284,2.390368,1.110206,"(0.0079,0.9993,-0.0042,-0.0364)",false,0,0,0,NA,-1,-1,-1,-1,-1,-2,-2,true,-1.635637,2.133502,0.9249886,"(-0.2895,0.9479,0.0469,0.1245)",0,0,0,0,0,0,0
3,"Environment: 1, AimModifier: 1",42.51037,true,-1.443155,2.389921,1.110191,"(0.0057,0.9993,-0.0084,-0.0367)",false,0,0,0,NA,-1,-1,-1,-1,-1,-2,-2,true,-1.647539,2.145246,0.9250532,"(-0.3699,0.9179,0.0645,0.1286)",0,0,0,0,0,0,0
3,"Environment: 1, AimModifier: 1",42.52443,true,-1.443073,2.389536,1.110092,"(0.0039,0.9992,-0.0124,-0.0365)",false,0,0,0,NA,-1,-1,-1,-1,-1,-2,-2,true,-1.660096,2.155252,0.925529,"(-0.4314,0.8886,0.0915,0.1262)",0,0,0,0,0,0,0
3,"Environment: 1, AimModifier: 1",42.53845,true,-1.443007,2.388856,1.110063,"(0.0018,0.9992,-0.0156,-0.0358)",false,0,0,0,NA,-1,-1,-1,-1,-1,-2,-2,true,-1.672755,2.162732,0.9259121,"(-0.4807,0.8609,0.1154,0.1204)",0,0,0,0,0,0,0
3,"Environment: 1, AimModifier: 1",42.55208,true,-1.442766,2.38825,1.110138,"(0.0000,0.9992,-0.0192,-0.0352)",false,0,0,0,NA,-1,-1,-1,-1,-1,-2,-2,true,-1.684485,2.168753,0.9258796,"(-0.5232,0.8333,0.1362,0.1150)",0,0,0,0,0,0,0
3,"Environment: 1, AimModifier: 1",42.56614,true,-1.442452,2.387849,1.110136,"(-0.0012,0.9992,-0.0225,-0.0338)",false,0,0,0,NA,-1,-1,-1,-1,-1,-2,-2,true,-1.69552,2.171805,0.9253635,"(-0.5523,0.8124,0.1526,0.1082)",0,0,0,0,0,0,0
3,"Environment: 1, AimModifier: 1",42.58024,true,-1.44223,2.387717,1.109912,"(-0.0023,0.9992,-0.0245,-0.0319)",false,0,0,0,NA,-1,-1,-1,-1,-1,-2,-2,true,-1.705198,2.174754,0.9248412,"(-0.5778,0.7930,0.1678,0.0953)",0,0,0,0,0,0,0
3,"Environment: 1, AimModifier: 1",42.59386,true,-1.441978,2.387861,1.109444,"(-0.0032,0.9993,-0.0237,-0.0294)",false,0,0,0,NA,-1,-1,-1,-1,-1,-2,-2,true,-1.7135,2.174582,0.923889,"(-0.6003,0.7757,0.1773,0.0807)",0,0,0,0,0,0,0
3,"Environment: 1, AimModifier: 1",42.60798,true,-1.441447,2.388122,1.10895,"(-0.0031,0.9994,-0.0220,-0.0274)",false,0,0,0,NA,-1,-1,-1,-1,-1,-2,-2,true,-1.719618,2.174396,0.9232076,"(-0.6120,0.7653,0.1885,0.0643)",0,0,0,0,0,0,0
3,"Environment: 1, AimModifier: 1",42.62201,true,-1.441267,2.388586,1.1083,"(-0.0034,0.9995,-0.0203,-0.0248)",false,0,0,0,NA,-1,-1,-1,-1,-1,-2,-2,true,-1.722322,2.174156,0.9226969,"(-0.6066,0.7686,0.1965,0.0515)",0,0,0,0,0,0,0
3,"Environment: 1, AimModifier: 1",42.63569,true,-1.440891,2.38943,1.107436,"(-0.0027,0.9996,-0.0157,-0.0232)",false,0,0,0,NA,-1,-1,-1,-1,-1,-2,-2,true,-1.721631,2.174139,0.9219609,"(-0.5865,0.7838,0.1989,0.0444)",0,0,0,0,0,0,0
3,"Environment: 1, AimModifier: 1",42.64962,true,-1.440526,2.390561,1.106547,"(-0.0017,0.9997,-0.0086,-0.0219)",false,0,0,0,NA,-1,-1,-1,-1,-1,-2,-2,true,-1.717979,2.17424,0.9208373,"(-0.5528,0.8086,0.1973,0.0398)",0,0,0,0,0,0,0
3,"Environment: 1, AimModifier: 1",42.66365,true,-1.440266,2.391882,1.105571,"(0.0006,0.9998,0.0004,-0.0209)",false,0,0,0,NA,-1,-1,-1,-1,-1,-2,-2,true,-1.712722,2.174515,0.9198626,"(-0.5092,0.8376,0.1948,0.0340)",0,0,0,0,0,0,0
3,"Environment: 1, AimModifier: 1",42.67757,true,-1.439869,2.393396,1.104711,"(0.0038,0.9997,0.0095,-0.0202)",false,0,0,0,NA,-1,-1,-1,-1,-1,-2,-2,true,-1.702874,2.17339,0.9188219,"(-0.4448,0.8757,0.1859,0.0267)",0,0,0,0,0,0,0
3,"Environment: 1, AimModifier: 1",42.6911,true,-1.439344,2.394662,1.103828,"(0.0063,0.9996,0.0176,-0.0198)",false,0,0,0,NA,-1,-1,-1,-1,-1,-2,-2,true,-1.693508,2.171671,0.9175701,"(-0.3825,0.9070,0.1753,0.0164)",0,0,0,0,0,0,0
3,"Environment: 1, AimModifier: 1",42.70516,true,-1.438784,2.395716,1.10267,"(0.0079,0.9994,0.0278,-0.0205)",false,0,0,0,NA,-1,-1,-1,-1,-1,-2,-2,true,-1.682066,2.168736,0.9157714,"(-0.3053,0.9388,0.1592,0.0046)",0,0,0,0,0,0,0
3,"Environment: 1, AimModifier: 1",42.71919,true,-1.438624,2.397032,1.101437,"(0.0114,0.9990,0.0380,-0.0207)",false,0,0,0,NA,-1,-1,-1,-1,-1,-2,-2,true,-1.666315,2.162995,0.9136194,"(-0.1905,0.9720,0.1369,-0.0118)",0,0,0,0,0,0,0
3,"Environment: 1, AimModifier: 1",42.73293,true,-1.438388,2.398054,1.100377,"(0.0139,0.9985,0.0477,-0.0211)",false,0,0,0,NA,-1,-1,-1,-1,-1,-2,-2,true,-1.650765,2.155539,0.9123638,"(-0.0600,0.9899,0.1258,-0.0268)",0,0,0,0,0,0,0
3,"Environment: 1, AimModifier: 1",42.74711,true,-1.437893,2.399041,1.099533,"(0.0159,0.9981,0.0551,-0.0218)",false,0,0,0,NA,-1,-1,-1,-1,-1,-2,-2,true,-1.63615,2.145105,0.9117885,"(0.0797,0.9884,0.1220,-0.0432)",0,0,0,0,0,0,0
3,"Environment: 1, AimModifier: 1",42.76089,true,-1.4379,2.399888,1.098628,"(0.0180,0.9977,0.0612,-0.0217)",false,0,0,0,NA,-1,-1,-1,-1,-1,-2,-2,true,-1.625592,2.131733,0.910724,"(0.1938,0.9727,0.1157,-0.0534)",0,0,0,0,0,0,0
3,"Environment: 1, AimModifier: 1",42.77458,true,-1.43767,2.400547,1.098156,"(0.0210,0.9974,0.0652,-0.0229)",false,0,0,0,NA,-1,-1,-1,-1,-1,-2,-2,true,-1.618854,2.121914,0.9098374,"(0.2733,0.9529,0.1111,-0.0699)",0,0,0,0,0,0,0
3,"Environment: 1, AimModifier: 1",42.7887,true,-1.437511,2.400938,1.09754,"(0.0228,0.9972,0.0667,-0.0241)",false,0,0,0,NA,-1,-1,-1,-1,-1,-2,-2,true,-1.623404,2.115838,0.9097979,"(0.2370,0.9611,0.1122,-0.0867)",0,0,0,0,0,0,0
3,"Environment: 1, AimModifier: 1",42.8028,true,-1.43723,2.401109,1.096422,"(0.0214,0.9969,0.0710,-0.0254)",false,0,0,0,NA,-1,-1,-1,-1,-1,-2,-2,true,-1.625834,2.112415,0.9095098,"(0.1944,0.9727,0.0986,-0.0801)",0,0,0,0,0,0,0
3,"Environment: 1, AimModifier: 1",42.81657,true,-1.437106,2.401623,1.095104,"(0.0194,0.9965,0.0773,-0.0258)",false,0,0,0,NA,-1,-1,-1,-1,-1,-2,-2,true,-1.63035,2.111956,0.9097363,"(0.1225,0.9868,0.0816,-0.0669)",0,0,0,0,0,0,0
3,"Environment: 1, AimModifier: 1",42.83019,true,-1.437706,2.402769,1.093839,"(0.0201,0.9960,0.0835,-0.0256)",false,0,0,0,NA,-1,-1,-1,-1,-1,-2,-2,true,-1.635536,2.114183,0.9107623,"(0.0457,0.9954,0.0693,-0.0481)",0,0,0,0,0,0,0
3,"Environment: 1, AimModifier: 1",42.84419,true,-1.438315,2.403878,1.093209,"(0.0231,0.9956,0.0870,-0.0263)",false,0,0,0,NA,-1,-1,-1,-1,-1,-2,-2,true,-1.639222,2.115317,0.9111569,"(0.0007,0.9975,0.0601,-0.0359)",0,0,0,0,0,0,0
3,"Environment: 1, AimModifier: 1",42.8581,true,-1.438852,2.404482,1.092769,"(0.0273,0.9954,0.0880,-0.0274)",false,0,0,0,NA,-1,-1,-1,-1,-1,-2,-2,true,-1.643064,2.116145,0.9107661,"(-0.0234,0.9977,0.0522,-0.0370)",0,0,0,0,0,0,0
3,"Environment: 1, AimModifier: 1",42.87189,true,-1.439185,2.404764,1.092063,"(0.0295,0.9953,0.0880,-0.0281)",false,0,0,0,NA,-1,-1,-1,-1,-1,-2,-2,true,-1.646708,2.116441,0.9100984,"(-0.0283,0.9972,0.0480,-0.0506)",0,0,0,0,0,0,0
3,"Environment: 1, AimModifier: 1",42.88596,true,-1.439169,2.40427,1.091453,"(0.0294,0.9953,0.0879,-0.0291)",false,0,0,0,NA,-1,-1,-1,-1,-1,-2,-2,true,-1.650789,2.116883,0.9091665,"(-0.0076,0.9955,0.0496,-0.0808)",0,0,0,0,0,0,0
3,"Environment: 1, AimModifier: 1",42.89985,true,-1.439458,2.403722,1.091248,"(0.0281,0.9955,0.0851,-0.0294)",false,0,0,0,NA,-1,-1,-1,-1,-1,-2,-2,true,-1.653787,2.116832,0.908677,"(0.0125,0.9933,0.0498,-0.1032)",0,0,0,0,0,0,0
3,"Environment: 1, AimModifier: 1",42.91404,true,-1.439884,2.402852,1.091113,"(0.0275,0.9960,0.0795,-0.0304)",false,0,0,0,NA,-1,-1,-1,-1,-1,-2,-2,true,-1.656137,2.11681,0.9087115,"(0.0307,0.9913,0.0495,-0.1179)",0,0,0,0,0,0,0
3,"Environment: 1, AimModifier: 1",42.92771,true,-1.44038,2.401896,1.091229,"(0.0268,0.9964,0.0735,-0.0317)",false,0,0,0,NA,-1,-1,-1,-1,-1,-2,-2,true,-1.657786,2.116696,0.9093083,"(0.0350,0.9913,0.0476,-0.1180)",0,0,0,0,0,0,0
3,"Environment: 1, AimModifier: 1",42.94137,true,-1.440802,2.400569,1.090761,"(0.0249,0.9969,0.0675,-0.0329)",false,0,0,0,NA,-1,-1,-1,-1,-1,-2,-2,true,-1.658902,2.11686,0.9101855,"(0.0304,0.9921,0.0463,-0.1122)",0,0,0,0,0,0,0
3,"Environment: 1, AimModifier: 1",42.95506,true,-1.441092,2.399592,1.090539,"(0.0240,0.9973,0.0612,-0.0336)",false,0,0,0,NA,-1,-1,-1,-1,-1,-2,-2,true,-1.660595,2.116561,0.910659,"(0.0085,0.9938,0.0380,-0.1040)",0,0,0,0,0,0,0
3,"Environment: 1, AimModifier: 1",42.96907,true,-1.441419,2.398335,1.09062,"(0.0225,0.9977,0.0537,-0.0351)",false,0,0,0,NA,-1,-1,-1,-1,-1,-2,-2,true,-1.661997,2.115302,0.9102399,"(-0.0120,0.9948,0.0214,-0.0984)",0,0,0,0,0,0,0
3,"Environment: 1, AimModifier: 1",42.98305,true,-1.442228,2.396755,1.090024,"(0.0207,0.9979,0.0489,-0.0365)",false,0,0,0,NA,-1,-1,-1,-1,-1,-2,-2,true,-1.662801,2.113134,0.909916,"(-0.0294,0.9955,0.0046,-0.0903)",0,0,0,0,0,0,0
3,"Environment: 1, AimModifier: 1",42.997,true,-1.442977,2.395753,1.089575,"(0.0197,0.9981,0.0435,-0.0390)",false,0,0,0,NA,-1,-1,-1,-1,-1,-2,-2,true,-1.661856,2.110548,0.9097296,"(-0.0334,0.9967,-0.0084,-0.0742)",0,0,0,0,0,0,0
3,"Environment: 1, AimModifier: 1",43.01078,true,-1.443774,2.394727,1.08936,"(0.0196,0.9982,0.0372,-0.0425)",false,0,0,0,NA,-1,-1,-1,-1,-1,-2,-2,true,-1.660678,2.10819,0.9096025,"(-0.0317,0.9975,-0.0195,-0.0598)",0,0,0,0,0,0,0
3,"Environment: 1, AimModifier: 1",43.02505,true,-1.444987,2.393131,1.088732,"(0.0197,0.9983,0.0315,-0.0452)",false,0,0,0,NA,-1,-1,-1,-1,-1,-2,-2,true,-1.659282,2.106128,0.9095618,"(-0.0277,0.9981,-0.0258,-0.0480)",0,0,0,0,0,0,0
3,"Environment: 1, AimModifier: 1",43.03902,true,-1.446023,2.391642,1.088334,"(0.0210,0.9983,0.0248,-0.0485)",false,0,0,0,NA,-1,-1,-1,-1,-1,-2,-2,true,-1.6591,2.104686,0.9096929,"(-0.0299,0.9982,-0.0259,-0.0448)",0,0,0,0,0,0,0
3,"Environment: 1, AimModifier: 1",43.05262,true,-1.446886,2.390338,1.088263,"(0.0232,0.9983,0.0156,-0.0517)",false,0,0,0,NA,-1,-1,-1,-1,-1,-2,-2,true,-1.659876,2.103416,0.9093232,"(-0.0347,0.9977,-0.0261,-0.0522)",0,0,0,0,0,0,0
3,"Environment: 1, AimModifier: 1",43.06659,true,-1.447633,2.38861,1.088127,"(0.0253,0.9982,0.0061,-0.0547)",false,0,0,0,NA,-1,-1,-1,-1,-1,-2,-2,true,-1.660542,2.101762,0.9084644,"(-0.0368,0.9971,-0.0311,-0.0594)",0,0,0,0,0,0,0
3,"Environment: 1, AimModifier: 1",43.08057,true,-1.448689,2.386592,1.087785,"(0.0253,0.9980,-0.0026,-0.0574)",false,0,0,0,NA,-1,-1,-1,-1,-1,-2,-2,true,-1.660778,2.099954,0.9076553,"(-0.0342,0.9967,-0.0360,-0.0648)",0,0,0,0,0,0,0
3,"Environment: 1, AimModifier: 1",43.09404,true,-1.449258,2.384665,1.087414,"(0.0245,0.9978,-0.0106,-0.0612)",false,0,0,0,NA,-1,-1,-1,-1,-1,-2,-2,true,-1.660643,2.098629,0.9073207,"(-0.0265,0.9967,-0.0348,-0.0680)",0,0,0,0,0,0,0
3,"Environment: 1, AimModifier: 1",43.1081,true,-1.450094,2.383025,1.086843,"(0.0246,0.9975,-0.0197,-0.0635)",false,0,0,0,NA,-1,-1,-1,-1,-1,-2,-2,true,-1.660385,2.09799,0.9071434,"(-0.0168,0.9969,-0.0305,-0.0702)",0,0,0,0,0,0,0
3,"Environment: 1, AimModifier: 1",43.1219,true,-1.4509,2.381277,1.086221,"(0.0250,0.9971,-0.0280,-0.0659)",false,0,0,0,NA,-1,-1,-1,-1,-1,-2,-2,true,-1.660325,2.097748,0.9068021,"(-0.0083,0.9969,-0.0270,-0.0735)",0,0,0,0,0,0,0
3,"Environment: 1, AimModifier: 1",43.13564,true,-1.451484,2.379681,1.085112,"(0.0247,0.9968,-0.0347,-0.0683)",false,0,0,0,NA,-1,-1,-1,-1,-1,-2,-2,true,-1.660371,2.097441,0.9062982,"(-0.0008,0.9966,-0.0265,-0.0775)",0,0,0,0,0,0,0
3,"Environment: 1, AimModifier: 1",43.14953,true,-1.452014,2.378244,1.083907,"(0.0236,0.9965,-0.0388,-0.0696)",false,0,0,0,NA,-1,-1,-1,-1,-1,-2,-2,true,-1.660314,2.09697,0.905567,"(0.0094,0.9962,-0.0286,-0.0818)",0,0,0,0,0,0,0
3,"Environment: 1, AimModifier: 1",43.16356,true,-1.452178,2.377354,1.082715,"(0.0231,0.9963,-0.0431,-0.0708)",false,0,0,0,NA,-1,-1,-1,-1,-1,-2,-2,true,-1.660048,2.096304,0.9050611,"(0.0185,0.9960,-0.0287,-0.0823)",0,0,0,0,0,0,0
3,"Environment: 1, AimModifier: 1",43.17695,true,-1.452668,2.376667,1.081061,"(0.0236,0.9963,-0.0449,-0.0698)",false,0,0,0,NA,-1,-1,-1,-1,-1,-2,-2,true,-1.659444,2.095756,0.9049358,"(0.0272,0.9962,-0.0270,-0.0785)",0,0,0,0,0,0,0
3,"Environment: 1, AimModifier: 1",43.19036,true,-1.45313,2.375871,1.079578,"(0.0237,0.9963,-0.0449,-0.0691)",false,0,0,0,NA,-1,-1,-1,-1,-1,-2,-2,true,-1.658665,2.095428,0.9047787,"(0.0366,0.9963,-0.0267,-0.0725)",0,0,0,0,0,0,0
3,"Environment: 1, AimModifier: 1",43.20447,true,-1.453413,2.375126,1.077996,"(0.0242,0.9963,-0.0452,-0.0685)",false,0,0,0,NA,-1,-1,-1,-1,-1,-2,-2,true,-1.658602,2.095634,0.9046726,"(0.0405,0.9965,-0.0218,-0.0695)",0,0,0,0,0,0,0
3,"Environment: 1, AimModifier: 1",43.21852,true,-1.453793,2.374053,1.076371,"(0.0244,0.9964,-0.0458,-0.0669)",false,0,0,0,NA,-1,-1,-1,-1,-1,-2,-2,true,-1.659377,2.095858,0.9041796,"(0.0412,0.9964,-0.0181,-0.0722)",0,0,0,0,0,0,0
3,"Environment: 1, AimModifier: 1",43.23227,true,-1.453984,2.373246,1.074794,"(0.0241,0.9965,-0.0467,-0.0655)",false,0,0,0,NA,-1,-1,-1,-1,-1,-2,-2,true,-1.661055,2.096255,0.9032968,"(0.0363,0.9961,-0.0160,-0.0793)",0,0,0,0,0,0,0
3,"Environment: 1, AimModifier: 1",43.24634,true,-1.454211,2.372302,1.073015,"(0.0236,0.9965,-0.0473,-0.0645)",false,0,0,0,NA,-1,-1,-1,-1,-1,-2,-2,true,-1.662683,2.096515,0.9021481,"(0.0322,0.9957,-0.0162,-0.0858)",0,0,0,0,0,0,0
3,"Environment: 1, AimModifier: 1",43.26022,true,-1.454349,2.371312,1.071331,"(0.0218,0.9966,-0.0476,-0.0637)",false,0,0,0,NA,-1,-1,-1,-1,-1,-2,-2,true,-1.663837,2.096422,0.9004692,"(0.0342,0.9953,-0.0197,-0.0880)",0,0,0,0,0,0,0
3,"Environment: 1, AimModifier: 1",43.27393,true,-1.454858,2.370334,1.06956,"(0.0202,0.9967,-0.0476,-0.0631)",false,0,0,0,NA,-1,-1,-1,-1,-1,-2,-2,true,-1.664682,2.096012,0.8985617,"(0.0398,0.9951,-0.0237,-0.0872)",0,0,0,0,0,0,0
3,"Environment: 1, AimModifier: 1",43.28823,true,-1.455399,2.36982,1.068083,"(0.0202,0.9966,-0.0487,-0.0629)",false,0,0,0,NA,-1,-1,-1,-1,-1,-2,-2,true,-1.665707,2.095376,0.8959844,"(0.0496,0.9946,-0.0280,-0.0866)",0,0,0,0,0,0,0
3,"Environment: 1, AimModifier: 1",43.30215,true,-1.455846,2.369057,1.066567,"(0.0206,0.9965,-0.0506,-0.0635)",false,0,0,0,NA,-1,-1,-1,-1,-1,-2,-2,true,-1.667114,2.095031,0.8932355,"(0.0592,0.9939,-0.0296,-0.0883)",0,0,0,0,0,0,0
3,"Environment: 1, AimModifier: 1",43.3159,true,-1.456218,2.368019,1.064962,"(0.0198,0.9964,-0.0523,-0.0636)",false,0,0,0,NA,-1,-1,-1,-1,-1,-2,-2,true,-1.669324,2.095218,0.8900384,"(0.0694,0.9925,-0.0312,-0.0952)",0,0,0,0,0,0,0
3,"Environment: 1, AimModifier: 1",43.32941,true,-1.45651,2.367216,1.063155,"(0.0183,0.9964,-0.0532,-0.0632)",false,0,0,0,NA,-1,-1,-1,-1,-1,-2,-2,true,-1.672025,2.095542,0.8866785,"(0.0750,0.9914,-0.0334,-0.1021)",0,0,0,0,0,0,0
3,"Environment: 1, AimModifier: 1",43.34343,true,-1.456957,2.366895,1.061152,"(0.0187,0.9966,-0.0522,-0.0617)",false,0,0,0,NA,-1,-1,-1,-1,-1,-2,-2,true,-1.6759,2.096401,0.8822719,"(0.0784,0.9901,-0.0336,-0.1114)",0,0,0,0,0,0,0
3,"Environment: 1, AimModifier: 1",43.35737,true,-1.457417,2.366388,1.059133,"(0.0199,0.9967,-0.0505,-0.0606)",false,0,0,0,NA,-1,-1,-1,-1,-1,-2,-2,true,-1.67978,2.097308,0.8776294,"(0.0813,0.9889,-0.0339,-0.1193)",0,0,0,0,0,0,0
3,"Environment: 1, AimModifier: 1",43.37093,true,-1.457797,2.365693,1.057373,"(0.0204,0.9968,-0.0493,-0.0599)",false,0,0,0,NA,-1,-1,-1,-1,-1,-2,-2,true,-1.684318,2.098351,0.8721184,"(0.0854,0.9875,-0.0344,-0.1276)",0,0,0,0,0,0,0
3,"Environment: 1, AimModifier: 1",43.38496,true,-1.458142,2.36504,1.055547,"(0.0199,0.9968,-0.0492,-0.0594)",false,0,0,0,NA,-1,-1,-1,-1,-1,-2,-2,true,-1.689217,2.099219,0.8660864,"(0.0936,0.9858,-0.0344,-0.1349)",0,0,0,0,0,0,0
3,"Environment: 1, AimModifier: 1",43.3994,true,-1.458515,2.364364,1.05361,"(0.0186,0.9969,-0.0491,-0.0591)",false,0,0,0,NA,-1,-1,-1,-1,-1,-2,-2,true,-1.5,1.235,1,"(0.0000,1.0000,0.0000,0.0000)",-1,-1,-1,-1,-1,-2,-2
3,"Environment: 1, AimModifier: 1",43.41214,true,-1.459051,2.363642,1.051544,"(0.0179,0.9969,-0.0492,-0.0587)",false,0,0,0,NA,-1,-1,-1,-1,-1,-2,-2,true,-1.5,1.235,1,"(0.0000,1.0000,0.0000,0.0000)",-1,-1,-1,-1,-1,-2,-2
3,"Environment: 1, AimModifier: 1",43.42622,true,-1.459622,2.362855,1.049586,"(0.0173,0.9969,-0.0497,-0.0586)",false,0,0,0,NA,-1,-1,-1,-1,-1,-2,-2,true,-1.5,1.235,1,"(0.0000,1.0000,0.0000,0.0000)",-1,-1,-1,-1,-1,-2,-2
3,"Environment: 1, AimModifier: 1",43.44036,true,-1.460193,2.361914,1.047624,"(0.0166,0.9968,-0.0508,-0.0588)",false,0,0,0,NA,-1,-1,-1,-1,-1,-2,-2,true,-1.5,1.235,1,"(0.0000,1.0000,0.0000,0.0000)",-1,-1,-1,-1,-1,-2,-2
3,"Environment: 1, AimModifier: 1",43.45412,true,-1.460891,2.361034,1.045636,"(0.0159,0.9967,-0.0522,-0.0593)",false,0,0,0,NA,-1,-1,-1,-1,-1,-2,-2,true,-1.5,1.235,1,"(0.0000,1.0000,0.0000,0.0000)",-1,-1,-1,-1,-1,-2,-2
3,"Environment: 1, AimModifier: 1",43.46808,true,-1.461556,2.359981,1.043667,"(0.0155,0.9966,-0.0537,-0.0607)",false,0,0,0,NA,-1,-1,-1,-1,-1,-2,-2,true,-1.5,1.235,1,"(0.0000,1.0000,0.0000,0.0000)",-1,-1,-1,-1,-1,-2,-2
3,"Environment: 1, AimModifier: 1",43.48191,true,-1.462456,2.358963,1.041859,"(0.0158,0.9964,-0.0557,-0.0618)",false,0,0,0,NA,-1,-1,-1,-1,-1,-2,-2,false,0,0,0,NA,-1,-1,-1,-1,-1,-2,-2
3,"Environment: 1, AimModifier: 1",43.4959,true,-1.463431,2.358098,1.040048,"(0.0168,0.9962,-0.0586,-0.0628)",false,0,0,0,NA,-1,-1,-1,-1,-1,-2,-2,false,0,0,0,NA,-1,-1,-1,-1,-1,-2,-2
3,"Environment: 1, AimModifier: 1",43.50986,true,-1.464243,2.357379,1.038218,"(0.0174,0.9959,-0.0617,-0.0642)",false,0,0,0,NA,-1,-1,-1,-1,-1,-2,-2,false,0,0,0,NA,-1,-1,-1,-1,-1,-2,-2
3,"Environment: 1, AimModifier: 1",43.52375,true,-1.465143,2.356531,1.036165,"(0.0173,0.9957,-0.0639,-0.0654)",false,0,0,0,NA,-1,-1,-1,-1,-1,-2,-2,false,0,0,0,NA,-1,-1,-1,-1,-1,-2,-2
3,"Environment: 1, AimModifier: 1",43.53771,true,-1.46596,2.355997,1.034264,"(0.0174,0.9954,-0.0660,-0.0667)",false,0,0,0,NA,-1,-1,-1,-1,-1,-2,-2,false,0,0,0,NA,-1,-1,-1,-1,-1,-2,-2
3,"Environment: 1, AimModifier: 1",43.55117,true,-1.46659,2.355693,1.032218,"(0.0172,0.9952,-0.0682,-0.0683)",false,0,0,0,NA,-1,-1,-1,-1,-1,-2,-2,false,0,0,0,NA,-1,-1,-1,-1,-1,-2,-2
3,"Environment: 1, AimModifier: 1",43.56519,true,-1.467384,2.355362,1.030033,"(0.0168,0.9951,-0.0684,-0.0691)",false,0,0,0,NA,-1,-1,-1,-1,-1,-2,-2,false,0,0,0,NA,-1,-1,-1,-1,-1,-2,-2
3,"Environment: 1, AimModifier: 1",43.5792,true,-1.468017,2.35527,1.027752,"(0.0160,0.9951,-0.0674,-0.0699)",false,0,0,0,NA,-1,-1,-1,-1,-1,-2,-2,false,0,0,0,NA,-1,-1,-1,-1,-1,-2,-2
3,"Environment: 1, AimModifier: 1",43.59302,true,-1.468563,2.355278,1.025656,"(0.0155,0.9952,-0.0663,-0.0706)",false,0,0,0,NA,-1,-1,-1,-1,-1,-2,-2,false,0,0,0,NA,-1,-1,-1,-1,-1,-2,-2
3,"Environment: 1, AimModifier: 1",43.60661,true,-1.469324,2.355635,1.023319,"(0.0147,0.9953,-0.0640,-0.0705)",false,0,0,0,NA,-1,-1,-1,-1,-1,-2,-2,false,0,0,0,NA,-1,-1,-1,-1,-1,-2,-2
3,"Environment: 1, AimModifier: 1",43.62014,true,-1.470054,2.35607,1.020952,"(0.0145,0.9956,-0.0603,-0.0705)",false,0,0,0,NA,-1,-1,-1,-1,-1,-2,-2,false,0,0,0,NA,-1,-1,-1,-1,-1,-2,-2
3,"Environment: 1, AimModifier: 1",43.63443,true,-1.470243,2.356239,1.021099,"(0.0155,0.9957,-0.0587,-0.0703)",false,0,0,0,NA,-1,-1,-1,-1,-1,-2,-2,false,0,0,0,NA,-1,-1,-1,-1,-1,-2,-2
3,"Environment: 1, AimModifier: 1",43.64809,true,-1.472003,2.357245,1.016664,"(0.0168,0.9959,-0.0533,-0.0711)",false,0,0,0,NA,-1,-1,-1,-1,-1,-2,-2,false,0,0,0,NA,-1,-1,-1,-1,-1,-2,-2
3,"Environment: 1, AimModifier: 1",43.6633,true,-1.472644,2.357996,1.01413,"(0.0162,0.9961,-0.0476,-0.0719)",false,0,0,0,NA,-1,-1,-1,-1,-1,-2,-2,false,0,0,0,NA,-1,-1,-1,-1,-1,-2,-2
3,"Environment: 1, AimModifier: 1",43.67692,true,-1.473294,2.358967,1.011561,"(0.0154,0.9964,-0.0407,-0.0729)",false,0,0,0,NA,-1,-1,-1,-1,-1,-2,-2,false,0,0,0,NA,-1,-1,-1,-1,-1,-2,-2
3,"Environment: 1, AimModifier: 1",43.69055,true,-1.474102,2.36034,1.008992,"(0.0154,0.9966,-0.0334,-0.0735)",false,0,0,0,NA,-1,-1,-1,-1,-1,-2,-2,false,0,0,0,NA,-1,-1,-1,-1,-1,-2,-2
3,"Environment: 1, AimModifier: 1",43.70479,true,-1.475019,2.361817,1.006356,"(0.0174,0.9968,-0.0250,-0.0742)",false,0,0,0,NA,-1,-1,-1,-1,-1,-2,-2,false,0,0,0,NA,-1,-1,-1,-1,-1,-2,-2
3,"Environment: 1, AimModifier: 1",43.71846,true,-1.476155,2.363528,1.003744,"(0.0197,0.9968,-0.0159,-0.0753)",false,0,0,0,NA,-1,-1,-1,-1,-1,-2,-2,false,0,0,0,NA,-1,-1,-1,-1,-1,-2,-2
3,"Environment: 1, AimModifier: 1",43.73245,true,-1.476279,2.366205,1.000531,"(0.0223,0.9966,-0.0077,-0.0785)",false,0,0,0,NA,-1,-1,-1,-1,-1,-2,-2,false,0,0,0,NA,-1,-1,-1,-1,-1,-2,-2
3,"Environment: 1, AimModifier: 1",43.74604,true,-1.477452,2.366769,0.9980876,"(0.0225,0.9967,0.0079,-0.0779)",false,0,0,0,NA,-1,-1,-1,-1,-1,-2,-2,false,0,0,0,NA,-1,-1,-1,-1,-1,-2,-2
3,"Environment: 1, AimModifier: 1",43.7609,true,-1.477804,2.368864,0.9953293,"(0.0247,0.9966,0.0168,-0.0774)",false,0,0,0,NA,-1,-1,-1,-1,-1,-2,-2,false,0,0,0,NA,-1,-1,-1,-1,-1,-2,-2
3,"Environment: 1, AimModifier: 1",43.77411,true,-1.478219,2.370217,0.993003,"(0.0261,0.9964,0.0246,-0.0762)",false,0,0,0,NA,-1,-1,-1,-1,-1,-2,-2,false,0,0,0,NA,-1,-1,-1,-1,-1,-2,-2
3,"Environment: 1, AimModifier: 1",43.78841,true,-1.478453,2.371283,0.990467,"(0.0259,0.9963,0.0318,-0.0759)",false,0,0,0,NA,-1,-1,-1,-1,-1,-2,-2,false,0,0,0,NA,-1,-1,-1,-1,-1,-2,-2
3,"Environment: 1, AimModifier: 1",43.80262,true,-1.478838,2.372279,0.987651,"(0.0235,0.9961,0.0380,-0.0762)",false,0,0,0,NA,-1,-1,-1,-1,-1,-2,-2,false,0,0,0,NA,-1,-1,-1,-1,-1,-2,-2
3,"Environment: 1, AimModifier: 1",43.81646,true,-1.479282,2.373395,0.9854373,"(0.0219,0.9959,0.0427,-0.0767)",false,0,0,0,NA,-1,-1,-1,-1,-1,-2,-2,false,0,0,0,NA,-1,-1,-1,-1,-1,-2,-2
3,"Environment: 1, AimModifier: 1",43.83032,true,-1.479617,2.374368,0.9834484,"(0.0220,0.9956,0.0467,-0.0777)",false,0,0,0,NA,-1,-1,-1,-1,-1,-2,-2,false,0,0,0,NA,-1,-1,-1,-1,-1,-2,-2
3,"Environment: 1, AimModifier: 1",43.84418,true,-1.480332,2.37564,0.9813136,"(0.0220,0.9955,0.0479,-0.0782)",false,0,0,0,NA,-1,-1,-1,-1,-1,-2,-2,false,0,0,0,NA,-1,-1,-1,-1,-1,-2,-2
3,"Environment: 1, AimModifier: 1",43.85828,true,-1.480525,2.37685,0.9787863,"(0.0205,0.9952,0.0531,-0.0791)",false,0,0,0,NA,-1,-1,-1,-1,-1,-2,-2,false,0,0,0,NA,-1,-1,-1,-1,-1,-2,-2
3,"Environment: 1, AimModifier: 1",43.87185,true,-1.48055,2.378471,0.9761078,"(0.0177,0.9949,0.0606,-0.0792)",false,0,0,0,NA,-1,-1,-1,-1,-1,-2,-2,false,0,0,0,NA,-1,-1,-1,-1,-1,-2,-2
3,"Environment: 1, AimModifier: 1",43.88601,true,-1.480503,2.380465,0.9736423,"(0.0158,0.9943,0.0699,-0.0794)",false,0,0,0,NA,-1,-1,-1,-1,-1,-2,-2,false,0,0,0,NA,-1,-1,-1,-1,-1,-2,-2
3,"Environment: 1, AimModifier: 1",43.8998,true,-1.480743,2.382728,0.9713867,"(0.0166,0.9936,0.0795,-0.0782)",false,0,0,0,NA,-1,-1,-1,-1,-1,-2,-2,false,0,0,0,NA,-1,-1,-1,-1,-1,-2,-2
3,"Environment: 1, AimModifier: 1",43.9141,true,-1.48082,2.38517,0.9694669,"(0.0185,0.9931,0.0865,-0.0769)",false,0,0,0,NA,-1,-1,-1,-1,-1,-2,-2,false,0,0,0,NA,-1,-1,-1,-1,-1,-2,-2
3,"Environment: 1, AimModifier: 1",43.92753,true,-1.480905,2.387415,0.9677322,"(0.0209,0.9925,0.0943,-0.0752)",false,0,0,0,NA,-1,-1,-1,-1,-1,-2,-2,false,0,0,0,NA,-1,-1,-1,-1,-1,-2,-2
3,"Environment: 1, AimModifier: 1",43.94151,true,-1.48097,2.389755,0.9657166,"(0.0228,0.9919,0.1008,-0.0736)",false,0,0,0,NA,-1,-1,-1,-1,-1,-2,-2,false,0,0,0,NA,-1,-1,-1,-1,-1,-2,-2
3,"Environment: 1, AimModifier: 1",43.95521,true,-1.480755,2.392276,0.9641364,"(0.0237,0.9911,0.1093,-0.0727)",false,0,0,0,NA,-1,-1,-1,-1,-1,-2,-2,false,0,0,0,NA,-1,-1,-1,-1,-1,-2,-2
3,"Environment: 1, AimModifier: 1",43.9694,true,-1.480577,2.394981,0.9624314,"(0.0235,0.9901,0.1186,-0.0716)",false,0,0,0,NA,-1,-1,-1,-1,-1,-2,-2,false,0,0,0,NA,-1,-1,-1,-1,-1,-2,-2
3,"Environment: 1, AimModifier: 1",43.98311,true,-1.480277,2.39792,0.9608391,"(0.0241,0.9887,0.1300,-0.0705)",false,0,0,0,NA,-1,-1,-1,-1,-1,-2,-2,false,0,0,0,NA,-1,-1,-1,-1,-1,-2,-2
3,"Environment: 1, AimModifier: 1",43.99734,true,-1.479849,2.400899,0.9598129,"(0.0260,0.9870,0.1420,-0.0699)",false,0,0,0,NA,-1,-1,-1,-1,-1,-2,-2,false,0,0,0,NA,-1,-1,-1,-1,-1,-2,-2
3,"Environment: 1, AimModifier: 1",44.01085,true,-1.480068,2.404291,0.9584895,"(0.0295,0.9858,0.1510,-0.0679)",false,0,0,0,NA,-1,-1,-1,-1,-1,-2,-2,false,0,0,0,NA,-1,-1,-1,-1,-1,-2,-2
3,"Environment: 1, AimModifier: 1",44.02507,true,-1.479892,2.407104,0.957468,"(0.0323,0.9841,0.1612,-0.0666)",false,0,0,0,NA,-1,-1,-1,-1,-1,-2,-2,false,0,0,0,NA,-1,-1,-1,-1,-1,-2,-2
3,"Environment: 1, AimModifier: 1",44.03884,true,-1.479408,2.409391,0.9563372,"(0.0349,0.9822,0.1725,-0.0662)",false,0,0,0,NA,-1,-1,-1,-1,-1,-2,-2,false,0,0,0,NA,-1,-1,-1,-1,-1,-2,-2
3,"Environment: 1, AimModifier: 1",44.05283,true,-1.479069,2.412222,0.955463,"(0.0360,0.9805,0.1819,-0.0648)",false,0,0,0,NA,-1,-1,-1,-1,-1,-2,-2,false,0,0,0,NA,-1,-1,-1,-1,-1,-2,-2
3,"Environment: 1, AimModifier: 1",44.06668,true,-1.478779,2.414868,0.954949,"(0.0389,0.9786,0.1918,-0.0638)",false,0,0,0,NA,-1,-1,-1,-1,-1,-2,-2,false,0,0,0,NA,-1,-1,-1,-1,-1,-2,-2
3,"Environment: 1, AimModifier: 1",44.08073,true,-1.478684,2.417273,0.9545697,"(0.0414,0.9767,0.2007,-0.0635)",false,0,0,0,NA,-1,-1,-1,-1,-1,-2,-2,false,0,0,0,NA,-1,-1,-1,-1,-1,-2,-2
3,"Environment: 1, AimModifier: 1",44.09423,true,-1.478645,2.419777,0.9539871,"(0.0456,0.9748,0.2091,-0.0629)",false,0,0,0,NA,-1,-1,-1,-1,-1,-2,-2,false,0,0,0,NA,-1,-1,-1,-1,-1,-2,-2
3,"Environment: 1, AimModifier: 1",44.10836,true,-1.478534,2.421893,0.9536561,"(0.0475,0.9734,0.2152,-0.0627)",false,0,0,0,NA,-1,-1,-1,-1,-1,-2,-2,false,0,0,0,NA,-1,-1,-1,-1,-1,-2,-2
3,"Environment: 1, AimModifier: 1",44.12198,true,-1.47861,2.423782,0.9530651,"(0.0504,0.9720,0.2213,-0.0611)",false,0,0,0,NA,-1,-1,-1,-1,-1,-2,-2,false,0,0,0,NA,-1,-1,-1,-1,-1,-2,-2
3,"Environment: 1, AimModifier: 1",44.13584,true,-1.478292,2.425219,0.9528489,"(0.0516,0.9703,0.2283,-0.0611)",false,0,0,0,NA,-1,-1,-1,-1,-1,-2,-2,false,0,0,0,NA,-1,-1,-1,-1,-1,-2,-2
3,"Environment: 1, AimModifier: 1",44.14957,true,-1.478369,2.427114,0.9524815,"(0.0518,0.9687,0.2355,-0.0599)",false,0,0,0,NA,-1,-1,-1,-1,-1,-2,-2,false,0,0,0,NA,-1,-1,-1,-1,-1,-2,-2
3,"Environment: 1, AimModifier: 1",44.16385,true,-1.478213,2.428809,0.9523469,"(0.0530,0.9670,0.2422,-0.0590)",false,0,0,0,NA,-1,-1,-1,-1,-1,-2,-2,false,0,0,0,NA,-1,-1,-1,-1,-1,-2,-2
3,"Environment: 1, AimModifier: 1",44.17754,true,-1.477932,2.430407,0.9525428,"(0.0549,0.9658,0.2469,-0.0579)",false,0,0,0,NA,-1,-1,-1,-1,-1,-2,-2,false,0,0,0,NA,-1,-1,-1,-1,-1,-2,-2
3,"Environment: 1, AimModifier: 1",44.19148,true,-1.478103,2.431871,0.9526972,"(0.0557,0.9648,0.2506,-0.0560)",false,0,0,0,NA,-1,-1,-1,-1,-1,-2,-2,false,0,0,0,NA,-1,-1,-1,-1,-1,-2,-2
3,"Environment: 1, AimModifier: 1",44.2053,true,-1.477916,2.433042,0.9529141,"(0.0574,0.9636,0.2553,-0.0550)",false,0,0,0,NA,-1,-1,-1,-1,-1,-2,-2,false,0,0,0,NA,-1,-1,-1,-1,-1,-2,-2
3,"Environment: 1, AimModifier: 1",44.21941,true,-1.4776,2.434315,0.952943,"(0.0589,0.9625,0.2592,-0.0549)",false,0,0,0,NA,-1,-1,-1,-1,-1,-2,-2,false,0,0,0,NA,-1,-1,-1,-1,-1,-2,-2
3,"Environment: 1, AimModifier: 1",44.23306,true,-1.477668,2.435374,0.9533914,"(0.0604,0.9614,0.2631,-0.0539)",false,0,0,0,NA,-1,-1,-1,-1,-1,-2,-2,false,0,0,0,NA,-1,-1,-1,-1,-1,-2,-2
3,"Environment: 1, AimModifier: 1",44.24727,true,-1.477579,2.436553,0.9536893,"(0.0610,0.9603,0.2670,-0.0530)",false,0,0,0,NA,-1,-1,-1,-1,-1,-2,-2,false,0,0,0,NA,-1,-1,-1,-1,-1,-2,-2
3,"Environment: 1, AimModifier: 1",44.26097,true,-1.477426,2.437517,0.9540892,"(0.0614,0.9589,0.2720,-0.0521)",false,0,0,0,NA,-1,-1,-1,-1,-1,-2,-2,false,0,0,0,NA,-1,-1,-1,-1,-1,-2,-2
3,"Environment: 1, AimModifier: 1",44.2748,true,-1.477312,2.438719,0.9543741,"(0.0602,0.9573,0.2780,-0.0511)",false,0,0,0,NA,-1,-1,-1,-1,-1,-2,-2,false,0,0,0,NA,-1,-1,-1,-1,-1,-2,-2
3,"Environment: 1, AimModifier: 1",44.28874,true,-1.477136,2.439942,0.9549938,"(0.0605,0.9557,0.2836,-0.0496)",false,0,0,0,NA,-1,-1,-1,-1,-1,-2,-2,false,0,0,0,NA,-1,-1,-1,-1,-1,-2,-2
3,"Environment: 1, AimModifier: 1",44.30273,true,-1.476807,2.441043,0.955696,"(0.0611,0.9546,0.2874,-0.0485)",false,0,0,0,NA,-1,-1,-1,-1,-1,-2,-2,false,0,0,0,NA,-1,-1,-1,-1,-1,-2,-2
3,"Environment: 1, AimModifier: 1",44.3164,true,-1.476616,2.442099,0.9564106,"(0.0619,0.9534,0.2914,-0.0471)",false,0,0,0,NA,-1,-1,-1,-1,-1,-2,-2,false,0,0,0,NA,-1,-1,-1,-1,-1,-2,-2
3,"Environment: 1, AimModifier: 1",44.33031,true,-1.476383,2.442947,0.9570728,"(0.0611,0.9518,0.2972,-0.0456)",false,0,0,0,NA,-1,-1,-1,-1,-1,-2,-2,false,0,0,0,NA,-1,-1,-1,-1,-1,-2,-2
3,"Environment: 1, AimModifier: 1",44.34403,true,-1.476281,2.444193,0.9581116,"(0.0610,0.9499,0.3034,-0.0439)",false,0,0,0,NA,-1,-1,-1,-1,-1,-2,-2,false,0,0,0,NA,-1,-1,-1,-1,-1,-2,-2
3,"Environment: 1, AimModifier: 1",44.35807,true,-1.476168,2.445248,0.9590301,"(0.0607,0.9481,0.3092,-0.0423)",false,0,0,0,NA,-1,-1,-1,-1,-1,-2,-2,false,0,0,0,NA,-1,-1,-1,-1,-1,-2,-2
3,"Environment: 1, AimModifier: 1",44.37161,true,-1.475989,2.446299,0.9599465,"(0.0606,0.9464,0.3146,-0.0409)",false,0,0,0,NA,-1,-1,-1,-1,-1,-2,-2,false,0,0,0,NA,-1,-1,-1,-1,-1,-2,-2
3,"Environment: 1, AimModifier: 1",44.38583,true,-1.47581,2.447351,0.9608645,"(0.0606,0.9446,0.3200,-0.0395)",false,0,0,0,NA,-1,-1,-1,-1,-1,-2,-2,false,0,0,0,NA,-1,-1,-1,-1,-1,-2,-2
3,"Environment: 1, AimModifier: 1",44.39951,true,-1.475316,2.449852,0.9636198,"(0.0641,0.9419,0.3273,-0.0405)",false,0,0,0,NA,-1,-1,-1,-1,-1,-2,-2,false,0,0,0,NA,-1,-1,-1,-1,-1,-2,-2
3,"Environment: 1, AimModifier: 1",44.41358,true,-1.474938,2.451058,0.9651472,"(0.0661,0.9399,0.3325,-0.0405)",false,0,0,0,NA,-1,-1,-1,-1,-1,-2,-2,false,0,0,0,NA,-1,-1,-1,-1,-1,-2,-2
3,"Environment: 1, AimModifier: 1",44.42734,true,-1.474752,2.452171,0.9667097,"(0.0676,0.9381,0.3372,-0.0399)",false,0,0,0,NA,-1,-1,-1,-1,-1,-2,-2,false,0,0,0,NA,-1,-1,-1,-1,-1,-2,-2
3,"Environment: 1, AimModifier: 1",44.44134,true,-1.474528,2.453251,0.9683998,"(0.0697,0.9361,0.3425,-0.0395)",false,0,0,0,NA,-1,-1,-1,-1,-1,-2,-2,false,0,0,0,NA,-1,-1,-1,-1,-1,-2,-2
3,"Environment: 1, AimModifier: 1",44.45474,true,-1.474155,2.45446,0.970041,"(0.0710,0.9338,0.3486,-0.0387)",false,0,0,0,NA,-1,-1,-1,-1,-1,-2,-2,false,0,0,0,NA,-1,-1,-1,-1,-1,-2,-2
3,"Environment: 1, AimModifier: 1",44.46895,true,-1.473806,2.455624,0.9716647,"(0.0726,0.9307,0.3566,-0.0378)",false,0,0,0,NA,-1,-1,-1,-1,-1,-2,-2,false,0,0,0,NA,-1,-1,-1,-1,-1,-2,-2
3,"Environment: 1, AimModifier: 1",44.48253,true,-1.473199,2.456921,0.9734392,"(0.0745,0.9278,0.3636,-0.0367)",false,0,0,0,NA,-1,-1,-1,-1,-1,-2,-2,false,0,0,0,NA,-1,-1,-1,-1,-1,-2,-2
3,"Environment: 1, AimModifier: 1",44.49656,true,-1.472661,2.457946,0.9751348,"(0.0757,0.9252,0.3704,-0.0340)",false,0,0,0,NA,-1,-1,-1,-1,-1,-2,-2,false,0,0,0,NA,-1,-1,-1,-1,-1,-2,-2
3,"Environment: 1, AimModifier: 1",44.51024,true,-1.47205,2.459386,0.9768965,"(0.0770,0.9230,0.3757,-0.0312)",false,0,0,0,NA,-1,-1,-1,-1,-1,-2,-2,false,0,0,0,NA,-1,-1,-1,-1,-1,-2,-2
3,"Environment: 1, AimModifier: 1",44.52456,true,-1.471679,2.460662,0.9789162,"(0.0784,0.9208,0.3810,-0.0287)",false,0,0,0,NA,-1,-1,-1,-1,-1,-2,-2,false,0,0,0,NA,-1,-1,-1,-1,-1,-2,-2
3,"Environment: 1, AimModifier: 1",44.53833,true,-1.471132,2.462071,0.9814386,"(0.0803,0.9186,0.3860,-0.0277)",false,0,0,0,NA,-1,-1,-1,-1,-1,-2,-2,false,0,0,0,NA,-1,-1,-1,-1,-1,-2,-2
3,"Environment: 1, AimModifier: 1",44.55231,true,-1.470382,2.46337,0.9839594,"(0.0817,0.9160,0.3918,-0.0270)",false,0,0,0,NA,-1,-1,-1,-1,-1,-2,-2,false,0,0,0,NA,-1,-1,-1,-1,-1,-2,-2
3,"Environment: 1, AimModifier: 1",44.56621,true,-1.469694,2.464607,0.9863625,"(0.0822,0.9131,0.3986,-0.0254)",false,0,0,0,NA,-1,-1,-1,-1,-1,-2,-2,false,0,0,0,NA,-1,-1,-1,-1,-1,-2,-2
3,"Environment: 1, AimModifier: 1",44.58041,true,-1.468924,2.466156,0.9889157,"(0.0826,0.9098,0.4060,-0.0232)",false,0,0,0,NA,-1,-1,-1,-1,-1,-2,-2,false,0,0,0,NA,-1,-1,-1,-1,-1,-2,-2
3,"Environment: 1, AimModifier: 1",44.59386,true,-1.468274,2.467432,0.991304,"(0.0837,0.9056,0.4154,-0.0204)",false,0,0,0,NA,-1,-1,-1,-1,-1,-2,-2,false,0,0,0,NA,-1,-1,-1,-1,-1,-2,-2
3,"Environment: 1, AimModifier: 1",44.60795,true,-1.467555,2.469091,0.9940433,"(0.0855,0.9016,0.4237,-0.0175)",false,0,0,0,NA,-1,-1,-1,-1,-1,-2,-2,false,0,0,0,NA,-1,-1,-1,-1,-1,-2,-2
3,"Environment: 1, AimModifier: 1",44.62196,true,-1.466697,2.47066,0.996898,"(0.0876,0.8974,0.4321,-0.0154)",false,0,0,0,NA,-1,-1,-1,-1,-1,-2,-2,false,0,0,0,NA,-1,-1,-1,-1,-1,-2,-2
3,"Environment: 1, AimModifier: 1",44.63581,true,-1.466076,2.472173,0.9997347,"(0.0902,0.8933,0.4402,-0.0129)",false,0,0,0,NA,-1,-1,-1,-1,-1,-2,-2,false,0,0,0,NA,-1,-1,-1,-1,-1,-2,-2
3,"Environment: 1, AimModifier: 1",44.64977,true,-1.465085,2.474138,1.003008,"(0.0928,0.8901,0.4462,-0.0119)",false,0,0,0,NA,-1,-1,-1,-1,-1,-2,-2,false,0,0,0,NA,-1,-1,-1,-1,-1,-2,-2
3,"Environment: 1, AimModifier: 1",44.66376,true,-1.464408,2.475666,1.006001,"(0.0954,0.8867,0.4524,-0.0099)",false,0,0,0,NA,-1,-1,-1,-1,-1,-2,-2,false,0,0,0,NA,-1,-1,-1,-1,-1,-2,-2
3,"Environment: 1, AimModifier: 1",44.67755,true,-1.463701,2.476965,1.008958,"(0.0979,0.8835,0.4581,-0.0078)",false,0,0,0,NA,-1,-1,-1,-1,-1,-2,-2,false,0,0,0,NA,-1,-1,-1,-1,-1,-2,-2
3,"Environment: 1, AimModifier: 1",44.69143,true,-1.46283,2.478337,1.01218,"(0.0993,0.8806,0.4633,-0.0059)",false,0,0,0,NA,-1,-1,-1,-1,-1,-2,-2,false,0,0,0,NA,-1,-1,-1,-1,-1,-2,-2
3,"Environment: 1, AimModifier: 1",44.7054,true,-1.461867,2.479729,1.015199,"(0.1013,0.8771,0.4694,-0.0042)",false,0,0,0,NA,-1,-1,-1,-1,-1,-2,-2,false,0,0,0,NA,-1,-1,-1,-1,-1,-2,-2
3,"Environment: 1, AimModifier: 1",44.71933,true,-1.461199,2.481048,1.017925,"(0.1035,0.8731,0.4765,-0.0020)",false,0,0,0,NA,-1,-1,-1,-1,-1,-2,-2,false,0,0,0,NA,-1,-1,-1,-1,-1,-2,-2
3,"Environment: 1, AimModifier: 1",44.73285,true,-1.460622,2.482307,1.020731,"(0.1060,0.8695,0.4824,-0.0012)",false,0,0,0,NA,-1,-1,-1,-1,-1,-2,-2,false,0,0,0,NA,-1,-1,-1,-1,-1,-2,-2
3,"Environment: 1, AimModifier: 1",44.74715,true,-1.4604,2.483482,1.023646,"(0.1089,0.8666,0.4869,0.0003)",false,0,0,0,NA,-1,-1,-1,-1,-1,-2,-2,false,0,0,0,NA,-1,-1,-1,-1,-1,-2,-2
3,"Environment: 1, AimModifier: 1",44.76084,true,-1.459522,2.484498,1.026693,"(0.1102,0.8645,0.4904,-0.0006)",false,0,0,0,NA,-1,-1,-1,-1,-1,-2,-2,false,0,0,0,NA,-1,-1,-1,-1,-1,-2,-2
3,"Environment: 1, AimModifier: 1",44.77473,true,-1.45902,2.485357,1.029533,"(0.1106,0.8627,0.4935,-0.0008)",false,0,0,0,NA,-1,-1,-1,-1,-1,-2,-2,false,0,0,0,NA,-1,-1,-1,-1,-1,-2,-2
3,"Environment: 1, AimModifier: 1",44.78865,true,-1.459203,2.486301,1.031968,"(0.1119,0.8603,0.4973,0.0005)",false,0,0,0,NA,-1,-1,-1,-1,-1,-2,-2,false,0,0,0,NA,-1,-1,-1,-1,-1,-2,-2
3,"Environment: 1, AimModifier: 1",44.80277,true,-1.458867,2.486971,1.034474,"(0.1125,0.8583,0.5007,-0.0004)",false,0,0,0,NA,-1,-1,-1,-1,-1,-2,-2,false,0,0,0,NA,-1,-1,-1,-1,-1,-2,-2
3,"Environment: 1, AimModifier: 1",44.81654,true,-1.458781,2.487605,1.036981,"(0.1134,0.8561,0.5042,-0.0007)",false,0,0,0,NA,-1,-1,-1,-1,-1,-2,-2,false,0,0,0,NA,-1,-1,-1,-1,-1,-2,-2
3,"Environment: 1, AimModifier: 1",44.83042,true,-1.458798,2.488099,1.039214,"(0.1141,0.8537,0.5081,-0.0021)",false,0,0,0,NA,-1,-1,-1,-1,-1,-2,-2,false,0,0,0,NA,-1,-1,-1,-1,-1,-2,-2
3,"Environment: 1, AimModifier: 1",44.8443,true,-1.459046,2.488497,1.04172,"(0.1163,0.8520,0.5103,-0.0043)",false,0,0,0,NA,-1,-1,-1,-1,-1,-2,-2,false,0,0,0,NA,-1,-1,-1,-1,-1,-2,-2
3,"Environment: 1, AimModifier: 1",44.85838,true,-1.459586,2.488665,1.043913,"(0.1185,0.8499,0.5134,-0.0056)",false,0,0,0,NA,-1,-1,-1,-1,-1,-2,-2,false,0,0,0,NA,-1,-1,-1,-1,-1,-2,-2
3,"Environment: 1, AimModifier: 1",44.87198,true,-1.459912,2.48906,1.046198,"(0.1197,0.8482,0.5159,-0.0074)",false,0,0,0,NA,-1,-1,-1,-1,-1,-2,-2,false,0,0,0,NA,-1,-1,-1,-1,-1,-2,-2
3,"Environment: 1, AimModifier: 1",44.88614,true,-1.460617,2.489154,1.048273,"(0.1213,0.8461,0.5190,-0.0089)",false,0,0,0,NA,-1,-1,-1,-1,-1,-2,-2,false,0,0,0,NA,-1,-1,-1,-1,-1,-2,-2
3,"Environment: 1, AimModifier: 1",44.8999,true,-1.461175,2.489471,1.050497,"(0.1223,0.8448,0.5209,-0.0108)",false,0,0,0,NA,-1,-1,-1,-1,-1,-2,-2,false,0,0,0,NA,-1,-1,-1,-1,-1,-2,-2
3,"Environment: 1, AimModifier: 1",44.91387,true,-1.461728,2.489846,1.052765,"(0.1247,0.8432,0.5227,-0.0134)",false,0,0,0,NA,-1,-1,-1,-1,-1,-2,-2,false,0,0,0,NA,-1,-1,-1,-1,-1,-2,-2
3,"Environment: 1, AimModifier: 1",44.92786,true,-1.462247,2.490193,1.055177,"(0.1285,0.8421,0.5235,-0.0168)",false,0,0,0,NA,-1,-1,-1,-1,-1,-2,-2,false,0,0,0,NA,-1,-1,-1,-1,-1,-2,-2
3,"Environment: 1, AimModifier: 1",44.94187,true,-1.462779,2.49024,1.057489,"(0.1351,0.8403,0.5246,-0.0204)",false,0,0,0,NA,-1,-1,-1,-1,-1,-2,-2,false,0,0,0,NA,-1,-1,-1,-1,-1,-2,-2
3,"Environment: 1, AimModifier: 1",44.95564,true,-1.46303,2.489799,1.059694,"(0.1418,0.8380,0.5264,-0.0225)",false,0,0,0,NA,-1,-1,-1,-1,-1,-2,-2,false,0,0,0,NA,-1,-1,-1,-1,-1,-2,-2
3,"Environment: 1, AimModifier: 1",44.9693,true,-1.462845,2.490167,1.061959,"(0.1478,0.8365,0.5271,-0.0238)",false,0,0,0,NA,-1,-1,-1,-1,-1,-2,-2,false,0,0,0,NA,-1,-1,-1,-1,-1,-2,-2
3,"Environment: 1, AimModifier: 1",44.98337,true,-1.462899,2.490465,1.064045,"(0.1523,0.8349,0.5284,-0.0233)",false,0,0,0,NA,-1,-1,-1,-1,-1,-2,-2,false,0,0,0,NA,-1,-1,-1,-1,-1,-2,-2
3,"Environment: 1, AimModifier: 1",44.99742,true,-1.462945,2.490603,1.066354,"(0.1561,0.8330,0.5303,-0.0230)",false,0,0,0,NA,-1,-1,-1,-1,-1,-2,-2,false,0,0,0,NA,-1,-1,-1,-1,-1,-2,-2
3,"Environment: 1, AimModifier: 1",45.01101,true,-1.46314,2.490849,1.068806,"(0.1578,0.8309,0.5331,-0.0225)",false,0,0,0,NA,-1,-1,-1,-1,-1,-2,-2,false,0,0,0,NA,-1,-1,-1,-1,-1,-2,-2
3,"Environment: 1, AimModifier: 1",45.02525,true,-1.463127,2.491075,1.071325,"(0.1589,0.8279,0.5375,-0.0228)",false,0,0,0,NA,-1,-1,-1,-1,-1,-2,-2,false,0,0,0,NA,-1,-1,-1,-1,-1,-2,-2
3,"Environment: 1, AimModifier: 1",45.03897,true,-1.463054,2.491305,1.074158,"(0.1594,0.8245,0.5425,-0.0231)",false,0,0,0,NA,-1,-1,-1,-1,-1,-2,-2,false,0,0,0,NA,-1,-1,-1,-1,-1,-2,-2
3,"Environment: 1, AimModifier: 1",45.05293,true,-1.463032,2.491819,1.077069,"(0.1601,0.8206,0.5481,-0.0225)",false,0,0,0,NA,-1,-1,-1,-1,-1,-2,-2,false,0,0,0,NA,-1,-1,-1,-1,-1,-2,-2
3,"Environment: 1, AimModifier: 1",45.06681,true,-1.462774,2.492006,1.07969,"(0.1600,0.8163,0.5545,-0.0225)",false,0,0,0,NA,-1,-1,-1,-1,-1,-2,-2,false,0,0,0,NA,-1,-1,-1,-1,-1,-2,-2
3,"Environment: 1, AimModifier: 1",45.08056,true,-1.462829,2.492363,1.082019,"(0.1593,0.8121,0.5609,-0.0214)",false,0,0,0,NA,-1,-1,-1,-1,-1,-2,-2,false,0,0,0,NA,-1,-1,-1,-1,-1,-2,-2
3,"Environment: 1, AimModifier: 1",45.09465,true,-1.462695,2.492889,1.084381,"(0.1581,0.8086,0.5664,-0.0211)",false,0,0,0,NA,-1,-1,-1,-1,-1,-2,-2,false,0,0,0,NA,-1,-1,-1,-1,-1,-2,-2
3,"Environment: 1, AimModifier: 1",45.10867,true,-1.462627,2.49364,1.086526,"(0.1568,0.8052,0.5716,-0.0207)",false,0,0,0,NA,-1,-1,-1,-1,-1,-2,-2,false,0,0,0,NA,-1,-1,-1,-1,-1,-2,-2
3,"Environment: 1, AimModifier: 1",45.12238,true,-1.462724,2.494776,1.088688,"(0.1524,0.8033,0.5754,-0.0198)",false,0,0,0,NA,-1,-1,-1,-1,-1,-2,-2,false,0,0,0,NA,-1,-1,-1,-1,-1,-2,-2
3,"Environment: 1, AimModifier: 1",45.13634,true,-1.462828,2.495365,1.090392,"(0.1485,0.8002,0.5807,-0.0196)",false,0,0,0,NA,-1,-1,-1,-1,-1,-2,-2,false,0,0,0,NA,-1,-1,-1,-1,-1,-2,-2
3,"Environment: 1, AimModifier: 1",45.15,true,-1.462744,2.49603,1.092256,"(0.1463,0.7978,0.5845,-0.0207)",false,0,0,0,NA,-1,-1,-1,-1,-1,-2,-2,false,0,0,0,NA,-1,-1,-1,-1,-1,-2,-2
3,"Environment: 1, AimModifier: 1",45.16417,true,-1.462808,2.497052,1.093935,"(0.1433,0.7967,0.5867,-0.0220)",false,0,0,0,NA,-1,-1,-1,-1,-1,-2,-2,false,0,0,0,NA,-1,-1,-1,-1,-1,-2,-2
3,"Environment: 1, AimModifier: 1",45.17772,true,-1.462958,2.498114,1.095442,"(0.1410,0.7957,0.5887,-0.0227)",false,0,0,0,NA,-1,-1,-1,-1,-1,-2,-2,false,0,0,0,NA,-1,-1,-1,-1,-1,-2,-2
3,"Environment: 1, AimModifier: 1",45.19164,true,-1.46286,2.498481,1.096715,"(0.1385,0.7937,0.5918,-0.0232)",false,0,0,0,NA,-1,-1,-1,-1,-1,-2,-2,false,0,0,0,NA,-1,-1,-1,-1,-1,-2,-2
3,"Environment: 1, AimModifier: 1",45.20552,true,-1.462651,2.498762,1.097897,"(0.1369,0.7924,0.5940,-0.0230)",false,0,0,0,NA,-1,-1,-1,-1,-1,-2,-2,false,0,0,0,NA,-1,-1,-1,-1,-1,-2,-2
3,"Environment: 1, AimModifier: 1",45.21969,true,-1.462759,2.499297,1.098707,"(0.1366,0.7903,0.5968,-0.0224)",false,0,0,0,NA,-1,-1,-1,-1,-1,-2,-2,false,0,0,0,NA,-1,-1,-1,-1,-1,-2,-2
3,"Environment: 1, AimModifier: 1",45.23336,true,-1.462674,2.499902,1.099563,"(0.1364,0.7885,0.5992,-0.0227)",false,0,0,0,NA,-1,-1,-1,-1,-1,-2,-2,false,0,0,0,NA,-1,-1,-1,-1,-1,-2,-2
3,"Environment: 1, AimModifier: 1",45.24758,true,-1.462587,2.500261,1.100259,"(0.1363,0.7869,0.6014,-0.0228)",false,0,0,0,NA,-1,-1,-1,-1,-1,-2,-2,false,0,0,0,NA,-1,-1,-1,-1,-1,-2,-2
3,"Environment: 1, AimModifier: 1",45.26115,true,-1.462336,2.500614,1.101162,"(0.1366,0.7864,0.6020,-0.0234)",false,0,0,0,NA,-1,-1,-1,-1,-1,-2,-2,false,0,0,0,NA,-1,-1,-1,-1,-1,-2,-2
3,"Environment: 1, AimModifier: 1",45.27502,true,-1.462088,2.500817,1.102093,"(0.1370,0.7865,0.6017,-0.0239)",false,0,0,0,NA,-1,-1,-1,-1,-1,-2,-2,false,0,0,0,NA,-1,-1,-1,-1,-1,-2,-2
3,"Environment: 1, AimModifier: 1",45.28883,true,-1.461849,2.501091,1.102833,"(0.1367,0.7851,0.6036,-0.0230)",false,0,0,0,NA,-1,-1,-1,-1,-1,-2,-2,false,0,0,0,NA,-1,-1,-1,-1,-1,-2,-2
3,"Environment: 1, AimModifier: 1",45.30291,true,-1.461451,2.501314,1.103511,"(0.1358,0.7825,0.6073,-0.0217)",false,0,0,0,NA,-1,-1,-1,-1,-1,-2,-2,false,0,0,0,NA,-1,-1,-1,-1,-1,-2,-2
3,"Environment: 1, AimModifier: 1",45.31662,true,-1.461148,2.501768,1.104594,"(0.1362,0.7803,0.6100,-0.0208)",false,0,0,0,NA,-1,-1,-1,-1,-1,-2,-2,false,0,0,0,NA,-1,-1,-1,-1,-1,-2,-2
3,"Environment: 1, AimModifier: 1",45.33046,true,-1.460812,2.502279,1.105769,"(0.1372,0.7774,0.6135,-0.0204)",false,0,0,0,NA,-1,-1,-1,-1,-1,-2,-2,false,0,0,0,NA,-1,-1,-1,-1,-1,-2,-2
3,"Environment: 1, AimModifier: 1",45.34436,true,-1.460391,2.502602,1.106972,"(0.1384,0.7744,0.6170,-0.0205)",false,0,0,0,NA,-1,-1,-1,-1,-1,-2,-2,false,0,0,0,NA,-1,-1,-1,-1,-1,-2,-2
3,"Environment: 1, AimModifier: 1",45.35823,true,-1.460108,2.502774,1.108295,"(0.1395,0.7715,0.6204,-0.0200)",false,0,0,0,NA,-1,-1,-1,-1,-1,-2,-2,false,0,0,0,NA,-1,-1,-1,-1,-1,-2,-2
3,"Environment: 1, AimModifier: 1",45.3718,true,-1.459661,2.503006,1.109517,"(0.1402,0.7689,0.6235,-0.0197)",false,0,0,0,NA,-1,-1,-1,-1,-1,-2,-2,false,0,0,0,NA,-1,-1,-1,-1,-1,-2,-2
3,"Environment: 1, AimModifier: 1",45.38602,true,-1.459457,2.503247,1.110839,"(0.1421,0.7659,0.6268,-0.0193)",false,0,0,0,NA,-1,-1,-1,-1,-1,-2,-2,false,0,0,0,NA,-1,-1,-1,-1,-1,-2,-2
3,"Environment: 1, AimModifier: 1",45.39984,true,-1.459114,2.503503,1.112112,"(0.1430,0.7632,0.6298,-0.0189)",false,0,0,0,NA,-1,-1,-1,-1,-1,-2,-2,false,0,0,0,NA,-1,-1,-1,-1,-1,-2,-2
3,"Environment: 1, AimModifier: 1",45.41373,true,-1.459204,2.504287,1.113624,"(0.1432,0.7580,0.6360,-0.0194)",false,0,0,0,NA,-1,-1,-1,-1,-1,-2,-2,false,0,0,0,NA,-1,-1,-1,-1,-1,-2,-2
3,"Environment: 1, AimModifier: 1",45.42747,true,-1.459117,2.504443,1.115025,"(0.1442,0.7547,0.6398,-0.0203)",false,0,0,0,NA,-1,-1,-1,-1,-1,-2,-2,false,0,0,0,NA,-1,-1,-1,-1,-1,-2,-2
3,"Environment: 1, AimModifier: 1",45.44151,true,-1.458604,2.504715,1.116675,"(0.1444,0.7526,0.6421,-0.0222)",false,0,0,0,NA,-1,-1,-1,-1,-1,-2,-2,false,0,0,0,NA,-1,-1,-1,-1,-1,-2,-2
3,"Environment: 1, AimModifier: 1",45.45514,true,-1.458742,2.505027,1.117874,"(0.1457,0.7499,0.6449,-0.0224)",false,0,0,0,NA,-1,-1,-1,-1,-1,-2,-2,false,0,0,0,NA,-1,-1,-1,-1,-1,-2,-2
3,"Environment: 1, AimModifier: 1",45.46898,true,-1.458529,2.505239,1.118979,"(0.1468,0.7477,0.6472,-0.0231)",false,0,0,0,NA,-1,-1,-1,-1,-1,-2,-2,false,0,0,0,NA,-1,-1,-1,-1,-1,-2,-2
3,"Environment: 1, AimModifier: 1",45.48318,true,-1.458588,2.50513,1.119657,"(0.1491,0.7458,0.6489,-0.0232)",false,0,0,0,NA,-1,-1,-1,-1,-1,-2,-2,false,0,0,0,NA,-1,-1,-1,-1,-1,-2,-2
3,"Environment: 1, AimModifier: 1",45.49685,true,-1.458541,2.504839,1.120441,"(0.1511,0.7464,0.6477,-0.0238)",false,0,0,0,NA,-1,-1,-1,-1,-1,-2,-2,false,0,0,0,NA,-1,-1,-1,-1,-1,-2,-2
3,"Environment: 1, AimModifier: 1",45.51059,true,-1.458734,2.504691,1.120897,"(0.1535,0.7477,0.6456,-0.0240)",false,0,0,0,NA,-1,-1,-1,-1,-1,-2,-2,false,0,0,0,NA,-1,-1,-1,-1,-1,-2,-2
3,"Environment: 1, AimModifier: 1",45.52485,true,-1.458996,2.504356,1.121035,"(0.1549,0.7506,0.6419,-0.0237)",false,0,0,0,NA,-1,-1,-1,-1,-1,-2,-2,false,0,0,0,NA,-1,-1,-1,-1,-1,-2,-2
3,"Environment: 1, AimModifier: 1",45.53879,true,-1.459302,2.504085,1.120798,"(0.1544,0.7530,0.6392,-0.0225)",false,0,0,0,NA,-1,-1,-1,-1,-1,-2,-2,false,0,0,0,NA,-1,-1,-1,-1,-1,-2,-2
3,"Environment: 1, AimModifier: 1",45.55254,true,-1.459842,2.50399,1.120664,"(0.1526,0.7567,0.6354,-0.0213)",false,0,0,0,NA,-1,-1,-1,-1,-1,-2,-2,false,0,0,0,NA,-1,-1,-1,-1,-1,-2,-2
3,"Environment: 1, AimModifier: 1",45.56642,true,-1.460342,2.503931,1.120897,"(0.1519,0.7607,0.6306,-0.0228)",false,0,0,0,NA,-1,-1,-1,-1,-1,-2,-2,false,0,0,0,NA,-1,-1,-1,-1,-1,-2,-2
3,"Environment: 1, AimModifier: 1",45.58073,true,-1.460999,2.503832,1.121097,"(0.1514,0.7642,0.6265,-0.0258)",false,0,0,0,NA,-1,-1,-1,-1,-1,-2,-2,false,0,0,0,NA,-1,-1,-1,-1,-1,-2,-2
3,"Environment: 1, AimModifier: 1",45.59406,true,-1.461568,2.503663,1.121215,"(0.1504,0.7666,0.6236,-0.0286)",false,0,0,0,NA,-1,-1,-1,-1,-1,-2,-2,false,0,0,0,NA,-1,-1,-1,-1,-1,-2,-2
3,"Environment: 1, AimModifier: 1",45.60828,true,-1.461998,2.503581,1.121343,"(0.1491,0.7687,0.6212,-0.0313)",false,0,0,0,NA,-1,-1,-1,-1,-1,-2,-2,false,0,0,0,NA,-1,-1,-1,-1,-1,-2,-2
3,"Environment: 1, AimModifier: 1",45.62202,true,-1.462638,2.503707,1.121532,"(0.1473,0.7707,0.6191,-0.0328)",false,0,0,0,NA,-1,-1,-1,-1,-1,-2,-2,false,0,0,0,NA,-1,-1,-1,-1,-1,-2,-2
3,"Environment: 1, AimModifier: 1",45.63615,true,-1.462857,2.50344,1.121561,"(0.1467,0.7725,0.6168,-0.0347)",false,0,0,0,NA,-1,-1,-1,-1,-1,-2,-2,false,0,0,0,NA,-1,-1,-1,-1,-1,-2,-2
3,"Environment: 1, AimModifier: 1",45.64971,true,-1.463184,2.503334,1.121436,"(0.1459,0.7742,0.6149,-0.0355)",false,0,0,0,NA,-1,-1,-1,-1,-1,-2,-2,false,0,0,0,NA,-1,-1,-1,-1,-1,-2,-2
3,"Environment: 1, AimModifier: 1",45.66396,true,-1.463438,2.503471,1.121546,"(0.1451,0.7760,0.6128,-0.0356)",false,0,0,0,NA,-1,-1,-1,-1,-1,-2,-2,false,0,0,0,NA,-1,-1,-1,-1,-1,-2,-2
3,"Environment: 1, AimModifier: 1",45.67758,true,-1.46367,2.503551,1.121549,"(0.1444,0.7773,0.6113,-0.0351)",false,0,0,0,NA,-1,-1,-1,-1,-1,-2,-2,false,0,0,0,NA,-1,-1,-1,-1,-1,-2,-2
3,"Environment: 1, AimModifier: 1",45.69157,true,-1.463708,2.503507,1.121633,"(0.1438,0.7783,0.6101,-0.0354)",false,0,0,0,NA,-1,-1,-1,-1,-1,-2,-2,false,0,0,0,NA,-1,-1,-1,-1,-1,-2,-2
3,"Environment: 1, AimModifier: 1",45.70545,true,-1.464069,2.503226,1.121707,"(0.1431,0.7790,0.6094,-0.0351)",false,0,0,0,NA,-1,-1,-1,-1,-1,-2,-2,false,0,0,0,NA,-1,-1,-1,-1,-1,-2,-2
3,"Environment: 1, AimModifier: 1",45.71959,true,-1.464132,2.503148,1.121942,"(0.1411,0.7801,0.6086,-0.0351)",false,0,0,0,NA,-1,-1,-1,-1,-1,-2,-2,false,0,0,0,NA,-1,-1,-1,-1,-1,-2,-2
3,"Environment: 1, AimModifier: 1",45.73307,true,-1.464222,2.503197,1.122123,"(0.1401,0.7797,0.6093,-0.0352)",false,0,0,0,NA,-1,-1,-1,-1,-1,-2,-2,false,0,0,0,NA,-1,-1,-1,-1,-1,-2,-2
3,"Environment: 1, AimModifier: 1",45.74729,true,-1.464233,2.503261,1.122323,"(0.1399,0.7794,0.6097,-0.0354)",false,0,0,0,NA,-1,-1,-1,-1,-1,-2,-2,false,0,0,0,NA,-1,-1,-1,-1,-1,-2,-2
3,"Environment: 1, AimModifier: 1",45.76082,true,-1.464162,2.503283,1.122574,"(0.1401,0.7794,0.6097,-0.0355)",false,0,0,0,NA,-1,-1,-1,-1,-1,-2,-2,false,0,0,0,NA,-1,-1,-1,-1,-1,-2,-2
3,"Environment: 1, AimModifier: 1",45.77568,true,-1.464017,2.503317,1.122876,"(0.1407,0.7794,0.6095,-0.0354)",false,0,0,0,NA,-1,-1,-1,-1,-1,-2,-2,false,0,0,0,NA,-1,-1,-1,-1,-1,-2,-2
3,"Environment: 1, AimModifier: 1",45.79009,true,-1.463841,2.503398,1.123146,"(0.1410,0.7792,0.6097,-0.0349)",false,0,0,0,NA,-1,-1,-1,-1,-1,-2,-2,false,0,0,0,NA,-1,-1,-1,-1,-1,-2,-2
3,"Environment: 1, AimModifier: 1",45.80384,true,-1.463618,2.503493,1.123718,"(0.1410,0.7793,0.6096,-0.0343)",false,0,0,0,NA,-1,-1,-1,-1,-1,-2,-2,false,0,0,0,NA,-1,-1,-1,-1,-1,-2,-2
3,"Environment: 1, AimModifier: 1",45.81749,true,-1.463531,2.503484,1.123827,"(0.1408,0.7795,0.6094,-0.0341)",false,0,0,0,NA,-1,-1,-1,-1,-1,-2,-2,false,0,0,0,NA,-1,-1,-1,-1,-1,-2,-2
3,"Environment: 1, AimModifier: 1",45.83116,true,-1.463452,2.503527,1.124027,"(0.1405,0.7801,0.6087,-0.0338)",false,0,0,0,NA,-1,-1,-1,-1,-1,-2,-2,false,0,0,0,NA,-1,-1,-1,-1,-1,-2,-2
3,"Environment: 1, AimModifier: 1",45.84488,true,-1.463409,2.503552,1.124154,"(0.1405,0.7809,0.6077,-0.0338)",false,0,0,0,NA,-1,-1,-1,-1,-1,-2,-2,false,0,0,0,NA,-1,-1,-1,-1,-1,-2,-2
3,"Environment: 1, AimModifier: 1",45.85851,true,-1.463398,2.503546,1.124213,"(0.1402,0.7817,0.6067,-0.0332)",false,0,0,0,NA,-1,-1,-1,-1,-1,-2,-2,false,0,0,0,NA,-1,-1,-1,-1,-1,-2,-2
3,"Environment: 1, AimModifier: 1",45.87145,true,-1.463344,2.503543,1.124236,"(0.1397,0.7825,0.6059,-0.0329)",false,0,0,0,NA,-1,-1,-1,-1,-1,-2,-2,false,0,0,0,NA,-1,-1,-1,-1,-1,-2,-2
3,"Environment: 1, AimModifier: 1",45.88608,true,-1.463317,2.503553,1.124249,"(0.1394,0.7833,0.6049,-0.0325)",false,0,0,0,NA,-1,-1,-1,-1,-1,-2,-2,false,0,0,0,NA,-1,-1,-1,-1,-1,-2,-2
3,"Environment: 1, AimModifier: 1",45.89965,true,-1.463308,2.503335,1.124283,"(0.1387,0.7846,0.6034,-0.0321)",false,0,0,0,NA,-1,-1,-1,-1,-1,-2,-2,false,0,0,0,NA,-1,-1,-1,-1,-1,-2,-2
3,"Environment: 1, AimModifier: 1",45.9136,true,-1.463313,2.50305,1.124291,"(0.1387,0.7854,0.6024,-0.0316)",false,0,0,0,NA,-1,-1,-1,-1,-1,-2,-2,false,0,0,0,NA,-1,-1,-1,-1,-1,-2,-2
3,"Environment: 1, AimModifier: 1",45.92736,true,-1.463291,2.502779,1.124201,"(0.1385,0.7866,0.6009,-0.0308)",false,0,0,0,NA,-1,-1,-1,-1,-1,-2,-2,false,0,0,0,NA,-1,-1,-1,-1,-1,-2,-2
3,"Environment: 1, AimModifier: 1",45.94138,true,-1.463246,2.502671,1.124019,"(0.1387,0.7873,0.6000,-0.0301)",false,0,0,0,NA,-1,-1,-1,-1,-1,-2,-2,false,0,0,0,NA,-1,-1,-1,-1,-1,-2,-2
3,"Environment: 1, AimModifier: 1",45.95502,true,-1.463232,2.502542,1.123796,"(0.1388,0.7881,0.5989,-0.0301)",false,0,0,0,NA,-1,-1,-1,-1,-1,-2,-2,false,0,0,0,NA,-1,-1,-1,-1,-1,-2,-2
3,"Environment: 1, AimModifier: 1",45.96916,true,-1.463261,2.502455,1.123677,"(0.1376,0.7897,0.5971,-0.0299)",false,0,0,0,NA,-1,-1,-1,-1,-1,-2,-2,false,0,0,0,NA,-1,-1,-1,-1,-1,-2,-2
3,"Environment: 1, AimModifier: 1",45.98294,true,-1.463421,2.502419,1.123547,"(0.1359,0.7901,0.5970,-0.0299)",false,0,0,0,NA,-1,-1,-1,-1,-1,-2,-2,false,0,0,0,NA,-1,-1,-1,-1,-1,-2,-2
3,"Environment: 1, AimModifier: 1",45.99691,true,-1.463626,2.502376,1.123447,"(0.1351,0.7901,0.5971,-0.0305)",false,0,0,0,NA,-1,-1,-1,-1,-1,-2,-2,false,0,0,0,NA,-1,-1,-1,-1,-1,-2,-2
3,"Environment: 1, AimModifier: 1",46.01051,true,-1.463844,2.502201,1.123515,"(0.1355,0.7899,0.5973,-0.0317)",false,0,0,0,NA,-1,-1,-1,-1,-1,-2,-2,false,0,0,0,NA,-1,-1,-1,-1,-1,-2,-2
3,"Environment: 1, AimModifier: 1",46.02472,true,-1.464003,2.501914,1.123618,"(0.1360,0.7900,0.5970,-0.0328)",false,0,0,0,NA,-1,-1,-1,-1,-1,-2,-2,false,0,0,0,NA,-1,-1,-1,-1,-1,-2,-2
3,"Environment: 1, AimModifier: 1",46.0385,true,-1.464137,2.501673,1.123638,"(0.1365,0.7895,0.5974,-0.0334)",false,0,0,0,NA,-1,-1,-1,-1,-1,-2,-2,false,0,0,0,NA,-1,-1,-1,-1,-1,-2,-2
3,"Environment: 1, AimModifier: 1",46.05243,true,-1.464235,2.501567,1.123608,"(0.1370,0.7892,0.5977,-0.0341)",false,0,0,0,NA,-1,-1,-1,-1,-1,-2,-2,false,0,0,0,NA,-1,-1,-1,-1,-1,-2,-2
3,"Environment: 1, AimModifier: 1",46.06624,true,-1.464347,2.501544,1.123565,"(0.1381,0.7887,0.5980,-0.0347)",false,0,0,0,NA,-1,-1,-1,-1,-1,-2,-2,false,0,0,0,NA,-1,-1,-1,-1,-1,-2,-2
3,"Environment: 1, AimModifier: 1",46.08007,true,-1.464436,2.501509,1.123561,"(0.1389,0.7884,0.5982,-0.0354)",false,0,0,0,NA,-1,-1,-1,-1,-1,-2,-2,false,0,0,0,NA,-1,-1,-1,-1,-1,-2,-2
3,"Environment: 1, AimModifier: 1",46.0941,true,-1.464476,2.501491,1.123555,"(0.1391,0.7882,0.5985,-0.0362)",false,0,0,0,NA,-1,-1,-1,-1,-1,-2,-2,false,0,0,0,NA,-1,-1,-1,-1,-1,-2,-2
3,"Environment: 1, AimModifier: 1",46.10954,true,-1.464555,2.50146,1.123581,"(0.1390,0.7878,0.5989,-0.0370)",false,0,0,0,NA,-1,-1,-1,-1,-1,-2,-2,false,0,0,0,NA,-1,-1,-1,-1,-1,-2,-2
3,"Environment: 1, AimModifier: 1",46.12135,true,-1.464612,2.501388,1.123656,"(0.1390,0.7879,0.5987,-0.0380)",false,0,0,0,NA,-1,-1,-1,-1,-1,-2,-2,false,0,0,0,NA,-1,-1,-1,-1,-1,-2,-2
3,"Environment: 1, AimModifier: 1",46.13516,true,-1.464595,2.501328,1.123644,"(0.1391,0.7880,0.5985,-0.0387)",false,0,0,0,NA,-1,-1,-1,-1,-1,-2,-2,false,0,0,0,NA,-1,-1,-1,-1,-1,-2,-2
3,"Environment: 1, AimModifier: 1",46.14914,true,-1.464432,2.50134,1.123509,"(0.1394,0.7880,0.5985,-0.0389)",false,0,0,0,NA,-1,-1,-1,-1,-1,-2,-2,false,0,0,0,NA,-1,-1,-1,-1,-1,-2,-2
3,"Environment: 1, AimModifier: 1",46.16307,true,-1.464226,2.501321,1.123363,"(0.1399,0.7879,0.5985,-0.0390)",false,0,0,0,NA,-1,-1,-1,-1,-1,-2,-2,false,0,0,0,NA,-1,-1,-1,-1,-1,-2,-2
3,"Environment: 1, AimModifier: 1",46.17686,true,-1.463939,2.501295,1.123229,"(0.1405,0.7879,0.5983,-0.0391)",false,0,0,0,NA,-1,-1,-1,-1,-1,-2,-2,false,0,0,0,NA,-1,-1,-1,-1,-1,-2,-2
3,"Environment: 1, AimModifier: 1",46.19081,true,-1.463642,2.501297,1.123108,"(0.1415,0.7874,0.5987,-0.0389)",false,0,0,0,NA,-1,-1,-1,-1,-1,-2,-2,false,0,0,0,NA,-1,-1,-1,-1,-1,-2,-2
3,"Environment: 1, AimModifier: 1",46.20472,true,-1.463419,2.501352,1.123143,"(0.1426,0.7870,0.5990,-0.0393)",false,0,0,0,NA,-1,-1,-1,-1,-1,-2,-2,false,0,0,0,NA,-1,-1,-1,-1,-1,-2,-2
3,"Environment: 1, AimModifier: 1",46.27151,true,-1.46342,2.501362,1.123163,"(0.1427,0.7870,0.5990,-0.0393)",false,0,0,0,NA,-1,-1,-1,-1,-1,-2,-2,false,0,0,0,NA,-1,-1,-1,-1,-1,-2,-2
