pID,conditions,ts,headsetDetected,headsetPosX,headsetPosY,headsetPosZ,headsetRot,leftDetected,leftControllerPosX,leftControllerPosY,leftControllerPosZ,leftControllerRot,leftTrigger,leftGrip,leftPrimaryButton,leftSecondaryButton,leftPrimary2DAxisClick,leftThumbstickX,leftThumbstickY,rightDetected,rightControllerPosX,rightControllerPosY,rightControllerPosZ,rightControllerRot,rightTrigger,rightGrip,rightPrimaryButton,rightSecondaryButton,rightPrimary2DAxisClick,rightThumbstickX,rightThumbstickY
2,"Environment: 1, AimModifier: 2",4.894726,false,0,0,0,NA,false,0,0,0,NA,-1,-1,-1,-1,-1,-2,-2,false,0,0,0,NA,-1,-1,-1,-1,-1,-2,-2
2,"Environment: 1, AimModifier: 2",4.8997,false,0,0,0,NA,false,0,0,0,NA,-1,-1,-1,-1,-1,-2,-2,false,0,0,0,NA,-1,-1,-1,-1,-1,-2,-2
2,"Environment: 1, AimModifier: 2",4.903971,false,0,0,0,NA,false,0,0,0,NA,-1,-1,-1,-1,-1,-2,-2,false,0,0,0,NA,-1,-1,-1,-1,-1,-2,-2
2,"Environment: 1, AimModifier: 2",4.908524,false,0,0,0,NA,false,0,0,0,NA,-1,-1,-1,-1,-1,-2,-2,false,0,0,0,NA,-1,-1,-1,-1,-1,-2,-2
2,"Environment: 1, AimModifier: 2",4.910461,false,0,0,0,NA,false,0,0,0,NA,-1,-1,-1,-1,-1,-2,-2,false,0,0,0,NA,-1,-1,-1,-1,-1,-2,-2
2,"Environment: 1, AimModifier: 2",4.91239,false,0,0,0,NA,false,0,0,0,NA,-1,-1,-1,-1,-1,-2,-2,false,0,0,0,NA,-1,-1,-1,-1,-1,-2,-2
2,"Environment: 1, AimModifier: 2",4.915269,false,0,0,0,NA,false,0,0,0,NA,-1,-1,-1,-1,-1,-2,-2,false,0,0,0,NA,-1,-1,-1,-1,-1,-2,-2
2,"Environment: 1, AimModifier: 2",4.918262,false,0,0,0,NA,false,0,0,0,NA,-1,-1,-1,-1,-1,-2,-2,false,0,0,0,NA,-1,-1,-1,-1,-1,-2,-2
2,"Environment: 1, AimModifier: 2",4.921016,false,0,0,0,NA,false,0,0,0,NA,-1,-1,-1,-1,-1,-2,-2,false,0,0,0,NA,-1,-1,-1,-1,-1,-2,-2
2,"Environment: 1, AimModifier: 2",4.924006,false,0,0,0,NA,false,0,0,0,NA,-1,-1,-1,-1,-1,-2,-2,false,0,0,0,NA,-1,-1,-1,-1,-1,-2,-2
2,"Environment: 1, AimModifier: 2",4.926474,false,0,0,0,NA,false,0,0,0,NA,-1,-1,-1,-1,-1,-2,-2,false,0,0,0,NA,-1,-1,-1,-1,-1,-2,-2
2,"Environment: 1, AimModifier: 2",4.928791,false,0,0,0,NA,false,0,0,0,NA,-1,-1,-1,-1,-1,-2,-2,false,0,0,0,NA,-1,-1,-1,-1,-1,-2,-2
2,"Environment: 1, AimModifier: 2",4.932186,false,0,0,0,NA,false,0,0,0,NA,-1,-1,-1,-1,-1,-2,-2,false,0,0,0,NA,-1,-1,-1,-1,-1,-2,-2
2,"Environment: 1, AimModifier: 2",4.934907,false,0,0,0,NA,false,0,0,0,NA,-1,-1,-1,-1,-1,-2,-2,false,0,0,0,NA,-1,-1,-1,-1,-1,-2,-2
2,"Environment: 1, AimModifier: 2",4.937667,false,0,0,0,NA,false,0,0,0,NA,-1,-1,-1,-1,-1,-2,-2,false,0,0,0,NA,-1,-1,-1,-1,-1,-2,-2
2,"Environment: 1, AimModifier: 2",4.940326,false,0,0,0,NA,false,0,0,0,NA,-1,-1,-1,-1,-1,-2,-2,false,0,0,0,NA,-1,-1,-1,-1,-1,-2,-2
2,"Environment: 1, AimModifier: 2",4.942442,false,0,0,0,NA,false,0,0,0,NA,-1,-1,-1,-1,-1,-2,-2,false,0,0,0,NA,-1,-1,-1,-1,-1,-2,-2
2,"Environment: 1, AimModifier: 2",4.944376,false,0,0,0,NA,false,0,0,0,NA,-1,-1,-1,-1,-1,-2,-2,false,0,0,0,NA,-1,-1,-1,-1,-1,-2,-2
2,"Environment: 1, AimModifier: 2",4.946572,false,0,0,0,NA,false,0,0,0,NA,-1,-1,-1,-1,-1,-2,-2,false,0,0,0,NA,-1,-1,-1,-1,-1,-2,-2
2,"Environment: 1, AimModifier: 2",4.948735,false,0,0,0,NA,false,0,0,0,NA,-1,-1,-1,-1,-1,-2,-2,false,0,0,0,NA,-1,-1,-1,-1,-1,-2,-2
2,"Environment: 1, AimModifier: 2",4.950923,false,0,0,0,NA,false,0,0,0,NA,-1,-1,-1,-1,-1,-2,-2,false,0,0,0,NA,-1,-1,-1,-1,-1,-2,-2
2,"Environment: 1, AimModifier: 2",4.952843,false,0,0,0,NA,false,0,0,0,NA,-1,-1,-1,-1,-1,-2,-2,false,0,0,0,NA,-1,-1,-1,-1,-1,-2,-2
2,"Environment: 1, AimModifier: 2",4.954995,false,0,0,0,NA,false,0,0,0,NA,-1,-1,-1,-1,-1,-2,-2,false,0,0,0,NA,-1,-1,-1,-1,-1,-2,-2
2,"Environment: 1, AimModifier: 2",4.957741,false,0,0,0,NA,false,0,0,0,NA,-1,-1,-1,-1,-1,-2,-2,false,0,0,0,NA,-1,-1,-1,-1,-1,-2,-2
2,"Environment: 1, AimModifier: 2",4.960331,false,0,0,0,NA,false,0,0,0,NA,-1,-1,-1,-1,-1,-2,-2,false,0,0,0,NA,-1,-1,-1,-1,-1,-2,-2
2,"Environment: 1, AimModifier: 2",4.963428,false,0,0,0,NA,false,0,0,0,NA,-1,-1,-1,-1,-1,-2,-2,false,0,0,0,NA,-1,-1,-1,-1,-1,-2,-2
2,"Environment: 1, AimModifier: 2",4.965655,false,0,0,0,NA,false,0,0,0,NA,-1,-1,-1,-1,-1,-2,-2,false,0,0,0,NA,-1,-1,-1,-1,-1,-2,-2
2,"Environment: 1, AimModifier: 2",4.967705,false,0,0,0,NA,false,0,0,0,NA,-1,-1,-1,-1,-1,-2,-2,false,0,0,0,NA,-1,-1,-1,-1,-1,-2,-2
2,"Environment: 1, AimModifier: 2",4.969558,false,0,0,0,NA,false,0,0,0,NA,-1,-1,-1,-1,-1,-2,-2,false,0,0,0,NA,-1,-1,-1,-1,-1,-2,-2
2,"Environment: 1, AimModifier: 2",4.971325,false,0,0,0,NA,false,0,0,0,NA,-1,-1,-1,-1,-1,-2,-2,false,0,0,0,NA,-1,-1,-1,-1,-1,-2,-2
2,"Environment: 1, AimModifier: 2",4.974402,false,0,0,0,NA,false,0,0,0,NA,-1,-1,-1,-1,-1,-2,-2,false,0,0,0,NA,-1,-1,-1,-1,-1,-2,-2
2,"Environment: 1, AimModifier: 2",4.976867,false,0,0,0,NA,false,0,0,0,NA,-1,-1,-1,-1,-1,-2,-2,false,0,0,0,NA,-1,-1,-1,-1,-1,-2,-2
2,"Environment: 1, AimModifier: 2",4.978844,false,0,0,0,NA,false,0,0,0,NA,-1,-1,-1,-1,-1,-2,-2,false,0,0,0,NA,-1,-1,-1,-1,-1,-2,-2
2,"Environment: 1, AimModifier: 2",4.980538,false,0,0,0,NA,false,0,0,0,NA,-1,-1,-1,-1,-1,-2,-2,false,0,0,0,NA,-1,-1,-1,-1,-1,-2,-2
2,"Environment: 1, AimModifier: 2",4.982316,false,0,0,0,NA,false,0,0,0,NA,-1,-1,-1,-1,-1,-2,-2,false,0,0,0,NA,-1,-1,-1,-1,-1,-2,-2
2,"Environment: 1, AimModifier: 2",4.984099,false,0,0,0,NA,false,0,0,0,NA,-1,-1,-1,-1,-1,-2,-2,false,0,0,0,NA,-1,-1,-1,-1,-1,-2,-2
2,"Environment: 1, AimModifier: 2",4.986883,false,0,0,0,NA,false,0,0,0,NA,-1,-1,-1,-1,-1,-2,-2,false,0,0,0,NA,-1,-1,-1,-1,-1,-2,-2
2,"Environment: 1, AimModifier: 2",4.988677,false,0,0,0,NA,false,0,0,0,NA,-1,-1,-1,-1,-1,-2,-2,false,0,0,0,NA,-1,-1,-1,-1,-1,-2,-2
2,"Environment: 1, AimModifier: 2",4.990641,false,0,0,0,NA,false,0,0,0,NA,-1,-1,-1,-1,-1,-2,-2,false,0,0,0,NA,-1,-1,-1,-1,-1,-2,-2
2,"Environment: 1, AimModifier: 2",4.99262,false,0,0,0,NA,false,0,0,0,NA,-1,-1,-1,-1,-1,-2,-2,false,0,0,0,NA,-1,-1,-1,-1,-1,-2,-2
2,"Environment: 1, AimModifier: 2",4.994602,false,0,0,0,NA,false,0,0,0,NA,-1,-1,-1,-1,-1,-2,-2,false,0,0,0,NA,-1,-1,-1,-1,-1,-2,-2
2,"Environment: 1, AimModifier: 2",4.997206,false,0,0,0,NA,false,0,0,0,NA,-1,-1,-1,-1,-1,-2,-2,false,0,0,0,NA,-1,-1,-1,-1,-1,-2,-2
2,"Environment: 1, AimModifier: 2",4.999438,false,0,0,0,NA,false,0,0,0,NA,-1,-1,-1,-1,-1,-2,-2,false,0,0,0,NA,-1,-1,-1,-1,-1,-2,-2
2,"Environment: 1, AimModifier: 2",5.001637,false,0,0,0,NA,false,0,0,0,NA,-1,-1,-1,-1,-1,-2,-2,false,0,0,0,NA,-1,-1,-1,-1,-1,-2,-2
2,"Environment: 1, AimModifier: 2",5.003625,false,0,0,0,NA,false,0,0,0,NA,-1,-1,-1,-1,-1,-2,-2,false,0,0,0,NA,-1,-1,-1,-1,-1,-2,-2
2,"Environment: 1, AimModifier: 2",5.005388,false,0,0,0,NA,false,0,0,0,NA,-1,-1,-1,-1,-1,-2,-2,false,0,0,0,NA,-1,-1,-1,-1,-1,-2,-2
2,"Environment: 1, AimModifier: 2",5.007583,false,0,0,0,NA,false,0,0,0,NA,-1,-1,-1,-1,-1,-2,-2,false,0,0,0,NA,-1,-1,-1,-1,-1,-2,-2
2,"Environment: 1, AimModifier: 2",5.010082,false,0,0,0,NA,false,0,0,0,NA,-1,-1,-1,-1,-1,-2,-2,false,0,0,0,NA,-1,-1,-1,-1,-1,-2,-2
2,"Environment: 1, AimModifier: 2",5.011856,false,0,0,0,NA,false,0,0,0,NA,-1,-1,-1,-1,-1,-2,-2,false,0,0,0,NA,-1,-1,-1,-1,-1,-2,-2
2,"Environment: 1, AimModifier: 2",5.0135,false,0,0,0,NA,false,0,0,0,NA,-1,-1,-1,-1,-1,-2,-2,false,0,0,0,NA,-1,-1,-1,-1,-1,-2,-2
2,"Environment: 1, AimModifier: 2",5.015215,false,0,0,0,NA,false,0,0,0,NA,-1,-1,-1,-1,-1,-2,-2,false,0,0,0,NA,-1,-1,-1,-1,-1,-2,-2
2,"Environment: 1, AimModifier: 2",5.01698,false,0,0,0,NA,false,0,0,0,NA,-1,-1,-1,-1,-1,-2,-2,false,0,0,0,NA,-1,-1,-1,-1,-1,-2,-2
2,"Environment: 1, AimModifier: 2",5.018556,false,0,0,0,NA,false,0,0,0,NA,-1,-1,-1,-1,-1,-2,-2,false,0,0,0,NA,-1,-1,-1,-1,-1,-2,-2
2,"Environment: 1, AimModifier: 2",5.019986,false,0,0,0,NA,false,0,0,0,NA,-1,-1,-1,-1,-1,-2,-2,false,0,0,0,NA,-1,-1,-1,-1,-1,-2,-2
2,"Environment: 1, AimModifier: 2",5.022001,false,0,0,0,NA,false,0,0,0,NA,-1,-1,-1,-1,-1,-2,-2,false,0,0,0,NA,-1,-1,-1,-1,-1,-2,-2
2,"Environment: 1, AimModifier: 2",5.023938,false,0,0,0,NA,false,0,0,0,NA,-1,-1,-1,-1,-1,-2,-2,false,0,0,0,NA,-1,-1,-1,-1,-1,-2,-2
2,"Environment: 1, AimModifier: 2",5.025939,false,0,0,0,NA,false,0,0,0,NA,-1,-1,-1,-1,-1,-2,-2,false,0,0,0,NA,-1,-1,-1,-1,-1,-2,-2
2,"Environment: 1, AimModifier: 2",5.028569,false,0,0,0,NA,false,0,0,0,NA,-1,-1,-1,-1,-1,-2,-2,false,0,0,0,NA,-1,-1,-1,-1,-1,-2,-2
2,"Environment: 1, AimModifier: 2",5.030607,false,0,0,0,NA,false,0,0,0,NA,-1,-1,-1,-1,-1,-2,-2,false,0,0,0,NA,-1,-1,-1,-1,-1,-2,-2
2,"Environment: 1, AimModifier: 2",5.032239,false,0,0,0,NA,false,0,0,0,NA,-1,-1,-1,-1,-1,-2,-2,false,0,0,0,NA,-1,-1,-1,-1,-1,-2,-2
2,"Environment: 1, AimModifier: 2",5.033806,false,0,0,0,NA,false,0,0,0,NA,-1,-1,-1,-1,-1,-2,-2,false,0,0,0,NA,-1,-1,-1,-1,-1,-2,-2
2,"Environment: 1, AimModifier: 2",5.035881,false,0,0,0,NA,false,0,0,0,NA,-1,-1,-1,-1,-1,-2,-2,false,0,0,0,NA,-1,-1,-1,-1,-1,-2,-2
2,"Environment: 1, AimModifier: 2",5.03764,false,0,0,0,NA,false,0,0,0,NA,-1,-1,-1,-1,-1,-2,-2,false,0,0,0,NA,-1,-1,-1,-1,-1,-2,-2
2,"Environment: 1, AimModifier: 2",5.03934,false,0,0,0,NA,false,0,0,0,NA,-1,-1,-1,-1,-1,-2,-2,false,0,0,0,NA,-1,-1,-1,-1,-1,-2,-2
2,"Environment: 1, AimModifier: 2",5.0416,false,0,0,0,NA,false,0,0,0,NA,-1,-1,-1,-1,-1,-2,-2,false,0,0,0,NA,-1,-1,-1,-1,-1,-2,-2
2,"Environment: 1, AimModifier: 2",5.04303,false,0,0,0,NA,false,0,0,0,NA,-1,-1,-1,-1,-1,-2,-2,false,0,0,0,NA,-1,-1,-1,-1,-1,-2,-2
2,"Environment: 1, AimModifier: 2",5.044518,false,0,0,0,NA,false,0,0,0,NA,-1,-1,-1,-1,-1,-2,-2,false,0,0,0,NA,-1,-1,-1,-1,-1,-2,-2
2,"Environment: 1, AimModifier: 2",5.046717,false,0,0,0,NA,false,0,0,0,NA,-1,-1,-1,-1,-1,-2,-2,false,0,0,0,NA,-1,-1,-1,-1,-1,-2,-2
2,"Environment: 1, AimModifier: 2",5.048507,false,0,0,0,NA,false,0,0,0,NA,-1,-1,-1,-1,-1,-2,-2,false,0,0,0,NA,-1,-1,-1,-1,-1,-2,-2
2,"Environment: 1, AimModifier: 2",5.050308,false,0,0,0,NA,false,0,0,0,NA,-1,-1,-1,-1,-1,-2,-2,false,0,0,0,NA,-1,-1,-1,-1,-1,-2,-2
2,"Environment: 1, AimModifier: 2",5.052055,false,0,0,0,NA,false,0,0,0,NA,-1,-1,-1,-1,-1,-2,-2,false,0,0,0,NA,-1,-1,-1,-1,-1,-2,-2
2,"Environment: 1, AimModifier: 2",5.05386,false,0,0,0,NA,false,0,0,0,NA,-1,-1,-1,-1,-1,-2,-2,false,0,0,0,NA,-1,-1,-1,-1,-1,-2,-2
2,"Environment: 1, AimModifier: 2",5.055433,false,0,0,0,NA,false,0,0,0,NA,-1,-1,-1,-1,-1,-2,-2,false,0,0,0,NA,-1,-1,-1,-1,-1,-2,-2
2,"Environment: 1, AimModifier: 2",5.057404,false,0,0,0,NA,false,0,0,0,NA,-1,-1,-1,-1,-1,-2,-2,false,0,0,0,NA,-1,-1,-1,-1,-1,-2,-2
2,"Environment: 1, AimModifier: 2",5.059283,false,0,0,0,NA,false,0,0,0,NA,-1,-1,-1,-1,-1,-2,-2,false,0,0,0,NA,-1,-1,-1,-1,-1,-2,-2
2,"Environment: 1, AimModifier: 2",5.061245,false,0,0,0,NA,false,0,0,0,NA,-1,-1,-1,-1,-1,-2,-2,false,0,0,0,NA,-1,-1,-1,-1,-1,-2,-2
2,"Environment: 1, AimModifier: 2",5.063245,false,0,0,0,NA,false,0,0,0,NA,-1,-1,-1,-1,-1,-2,-2,false,0,0,0,NA,-1,-1,-1,-1,-1,-2,-2
2,"Environment: 1, AimModifier: 2",5.065817,false,0,0,0,NA,false,0,0,0,NA,-1,-1,-1,-1,-1,-2,-2,false,0,0,0,NA,-1,-1,-1,-1,-1,-2,-2
2,"Environment: 1, AimModifier: 2",5.06776,false,0,0,0,NA,false,0,0,0,NA,-1,-1,-1,-1,-1,-2,-2,false,0,0,0,NA,-1,-1,-1,-1,-1,-2,-2
2,"Environment: 1, AimModifier: 2",5.069487,false,0,0,0,NA,false,0,0,0,NA,-1,-1,-1,-1,-1,-2,-2,false,0,0,0,NA,-1,-1,-1,-1,-1,-2,-2
2,"Environment: 1, AimModifier: 2",5.071451,false,0,0,0,NA,false,0,0,0,NA,-1,-1,-1,-1,-1,-2,-2,false,0,0,0,NA,-1,-1,-1,-1,-1,-2,-2
2,"Environment: 1, AimModifier: 2",5.073064,false,0,0,0,NA,false,0,0,0,NA,-1,-1,-1,-1,-1,-2,-2,false,0,0,0,NA,-1,-1,-1,-1,-1,-2,-2
2,"Environment: 1, AimModifier: 2",5.074751,false,0,0,0,NA,false,0,0,0,NA,-1,-1,-1,-1,-1,-2,-2,false,0,0,0,NA,-1,-1,-1,-1,-1,-2,-2
2,"Environment: 1, AimModifier: 2",5.076409,false,0,0,0,NA,false,0,0,0,NA,-1,-1,-1,-1,-1,-2,-2,false,0,0,0,NA,-1,-1,-1,-1,-1,-2,-2
2,"Environment: 1, AimModifier: 2",5.077803,false,0,0,0,NA,false,0,0,0,NA,-1,-1,-1,-1,-1,-2,-2,false,0,0,0,NA,-1,-1,-1,-1,-1,-2,-2
2,"Environment: 1, AimModifier: 2",5.079328,false,0,0,0,NA,false,0,0,0,NA,-1,-1,-1,-1,-1,-2,-2,false,0,0,0,NA,-1,-1,-1,-1,-1,-2,-2
2,"Environment: 1, AimModifier: 2",5.080698,false,0,0,0,NA,false,0,0,0,NA,-1,-1,-1,-1,-1,-2,-2,false,0,0,0,NA,-1,-1,-1,-1,-1,-2,-2
2,"Environment: 1, AimModifier: 2",5.083254,false,0,0,0,NA,false,0,0,0,NA,-1,-1,-1,-1,-1,-2,-2,false,0,0,0,NA,-1,-1,-1,-1,-1,-2,-2
2,"Environment: 1, AimModifier: 2",5.084739,false,0,0,0,NA,false,0,0,0,NA,-1,-1,-1,-1,-1,-2,-2,false,0,0,0,NA,-1,-1,-1,-1,-1,-2,-2
2,"Environment: 1, AimModifier: 2",5.086123,false,0,0,0,NA,false,0,0,0,NA,-1,-1,-1,-1,-1,-2,-2,false,0,0,0,NA,-1,-1,-1,-1,-1,-2,-2
2,"Environment: 1, AimModifier: 2",5.087531,false,0,0,0,NA,false,0,0,0,NA,-1,-1,-1,-1,-1,-2,-2,false,0,0,0,NA,-1,-1,-1,-1,-1,-2,-2
2,"Environment: 1, AimModifier: 2",5.088918,false,0,0,0,NA,false,0,0,0,NA,-1,-1,-1,-1,-1,-2,-2,false,0,0,0,NA,-1,-1,-1,-1,-1,-2,-2
2,"Environment: 1, AimModifier: 2",5.091119,false,0,0,0,NA,false,0,0,0,NA,-1,-1,-1,-1,-1,-2,-2,false,0,0,0,NA,-1,-1,-1,-1,-1,-2,-2
2,"Environment: 1, AimModifier: 2",5.092509,false,0,0,0,NA,false,0,0,0,NA,-1,-1,-1,-1,-1,-2,-2,false,0,0,0,NA,-1,-1,-1,-1,-1,-2,-2
2,"Environment: 1, AimModifier: 2",5.094009,false,0,0,0,NA,false,0,0,0,NA,-1,-1,-1,-1,-1,-2,-2,false,0,0,0,NA,-1,-1,-1,-1,-1,-2,-2
2,"Environment: 1, AimModifier: 2",5.095514,false,0,0,0,NA,false,0,0,0,NA,-1,-1,-1,-1,-1,-2,-2,false,0,0,0,NA,-1,-1,-1,-1,-1,-2,-2
2,"Environment: 1, AimModifier: 2",5.097821,false,0,0,0,NA,false,0,0,0,NA,-1,-1,-1,-1,-1,-2,-2,false,0,0,0,NA,-1,-1,-1,-1,-1,-2,-2
2,"Environment: 1, AimModifier: 2",5.099332,false,0,0,0,NA,false,0,0,0,NA,-1,-1,-1,-1,-1,-2,-2,false,0,0,0,NA,-1,-1,-1,-1,-1,-2,-2
2,"Environment: 1, AimModifier: 2",5.100875,false,0,0,0,NA,false,0,0,0,NA,-1,-1,-1,-1,-1,-2,-2,false,0,0,0,NA,-1,-1,-1,-1,-1,-2,-2
2,"Environment: 1, AimModifier: 2",5.102331,false,0,0,0,NA,false,0,0,0,NA,-1,-1,-1,-1,-1,-2,-2,false,0,0,0,NA,-1,-1,-1,-1,-1,-2,-2
2,"Environment: 1, AimModifier: 2",5.106122,false,0,0,0,NA,false,0,0,0,NA,-1,-1,-1,-1,-1,-2,-2,false,0,0,0,NA,-1,-1,-1,-1,-1,-2,-2
2,"Environment: 1, AimModifier: 2",5.10757,false,0,0,0,NA,false,0,0,0,NA,-1,-1,-1,-1,-1,-2,-2,false,0,0,0,NA,-1,-1,-1,-1,-1,-2,-2
2,"Environment: 1, AimModifier: 2",5.108957,false,0,0,0,NA,false,0,0,0,NA,-1,-1,-1,-1,-1,-2,-2,false,0,0,0,NA,-1,-1,-1,-1,-1,-2,-2
2,"Environment: 1, AimModifier: 2",5.111134,false,0,0,0,NA,false,0,0,0,NA,-1,-1,-1,-1,-1,-2,-2,false,0,0,0,NA,-1,-1,-1,-1,-1,-2,-2
2,"Environment: 1, AimModifier: 2",5.112737,false,0,0,0,NA,false,0,0,0,NA,-1,-1,-1,-1,-1,-2,-2,false,0,0,0,NA,-1,-1,-1,-1,-1,-2,-2
2,"Environment: 1, AimModifier: 2",5.114128,false,0,0,0,NA,false,0,0,0,NA,-1,-1,-1,-1,-1,-2,-2,false,0,0,0,NA,-1,-1,-1,-1,-1,-2,-2
2,"Environment: 1, AimModifier: 2",5.115795,false,0,0,0,NA,false,0,0,0,NA,-1,-1,-1,-1,-1,-2,-2,false,0,0,0,NA,-1,-1,-1,-1,-1,-2,-2
2,"Environment: 1, AimModifier: 2",5.117238,false,0,0,0,NA,false,0,0,0,NA,-1,-1,-1,-1,-1,-2,-2,false,0,0,0,NA,-1,-1,-1,-1,-1,-2,-2
2,"Environment: 1, AimModifier: 2",5.118772,false,0,0,0,NA,false,0,0,0,NA,-1,-1,-1,-1,-1,-2,-2,false,0,0,0,NA,-1,-1,-1,-1,-1,-2,-2
2,"Environment: 1, AimModifier: 2",5.120132,false,0,0,0,NA,false,0,0,0,NA,-1,-1,-1,-1,-1,-2,-2,false,0,0,0,NA,-1,-1,-1,-1,-1,-2,-2
2,"Environment: 1, AimModifier: 2",5.12146,false,0,0,0,NA,false,0,0,0,NA,-1,-1,-1,-1,-1,-2,-2,false,0,0,0,NA,-1,-1,-1,-1,-1,-2,-2
2,"Environment: 1, AimModifier: 2",5.122775,false,0,0,0,NA,false,0,0,0,NA,-1,-1,-1,-1,-1,-2,-2,false,0,0,0,NA,-1,-1,-1,-1,-1,-2,-2
2,"Environment: 1, AimModifier: 2",5.124093,false,0,0,0,NA,false,0,0,0,NA,-1,-1,-1,-1,-1,-2,-2,false,0,0,0,NA,-1,-1,-1,-1,-1,-2,-2
2,"Environment: 1, AimModifier: 2",5.146722,false,0,0,0,NA,false,0,0,0,NA,-1,-1,-1,-1,-1,-2,-2,false,0,0,0,NA,-1,-1,-1,-1,-1,-2,-2
2,"Environment: 1, AimModifier: 2",6.372792,false,0,0,0,NA,false,0,0,0,NA,-1,-1,-1,-1,-1,-2,-2,false,0,0,0,NA,-1,-1,-1,-1,-1,-2,-2
2,"Environment: 1, AimModifier: 2",7.122497,false,0,0,0,NA,false,0,0,0,NA,-1,-1,-1,-1,-1,-2,-2,false,0,0,0,NA,-1,-1,-1,-1,-1,-2,-2
2,"Environment: 1, AimModifier: 2",7.133666,false,0,0,0,NA,false,0,0,0,NA,-1,-1,-1,-1,-1,-2,-2,false,0,0,0,NA,-1,-1,-1,-1,-1,-2,-2
2,"Environment: 1, AimModifier: 2",7.13757,false,0,0,0,NA,false,0,0,0,NA,-1,-1,-1,-1,-1,-2,-2,false,0,0,0,NA,-1,-1,-1,-1,-1,-2,-2
2,"Environment: 1, AimModifier: 2",7.141514,false,0,0,0,NA,false,0,0,0,NA,-1,-1,-1,-1,-1,-2,-2,false,0,0,0,NA,-1,-1,-1,-1,-1,-2,-2
2,"Environment: 1, AimModifier: 2",7.143984,false,0,0,0,NA,false,0,0,0,NA,-1,-1,-1,-1,-1,-2,-2,false,0,0,0,NA,-1,-1,-1,-1,-1,-2,-2
2,"Environment: 1, AimModifier: 2",7.146368,false,0,0,0,NA,false,0,0,0,NA,-1,-1,-1,-1,-1,-2,-2,false,0,0,0,NA,-1,-1,-1,-1,-1,-2,-2
2,"Environment: 1, AimModifier: 2",7.149341,false,0,0,0,NA,false,0,0,0,NA,-1,-1,-1,-1,-1,-2,-2,false,0,0,0,NA,-1,-1,-1,-1,-1,-2,-2
2,"Environment: 1, AimModifier: 2",7.151574,false,0,0,0,NA,false,0,0,0,NA,-1,-1,-1,-1,-1,-2,-2,false,0,0,0,NA,-1,-1,-1,-1,-1,-2,-2
2,"Environment: 1, AimModifier: 2",7.15349,false,0,0,0,NA,false,0,0,0,NA,-1,-1,-1,-1,-1,-2,-2,false,0,0,0,NA,-1,-1,-1,-1,-1,-2,-2
2,"Environment: 1, AimModifier: 2",7.15603,false,0,0,0,NA,false,0,0,0,NA,-1,-1,-1,-1,-1,-2,-2,false,0,0,0,NA,-1,-1,-1,-1,-1,-2,-2
2,"Environment: 1, AimModifier: 2",7.15859,false,0,0,0,NA,false,0,0,0,NA,-1,-1,-1,-1,-1,-2,-2,false,0,0,0,NA,-1,-1,-1,-1,-1,-2,-2
2,"Environment: 1, AimModifier: 2",7.160708,false,0,0,0,NA,false,0,0,0,NA,-1,-1,-1,-1,-1,-2,-2,false,0,0,0,NA,-1,-1,-1,-1,-1,-2,-2
2,"Environment: 1, AimModifier: 2",7.163158,false,0,0,0,NA,false,0,0,0,NA,-1,-1,-1,-1,-1,-2,-2,false,0,0,0,NA,-1,-1,-1,-1,-1,-2,-2
2,"Environment: 1, AimModifier: 2",7.165932,false,0,0,0,NA,false,0,0,0,NA,-1,-1,-1,-1,-1,-2,-2,false,0,0,0,NA,-1,-1,-1,-1,-1,-2,-2
2,"Environment: 1, AimModifier: 2",7.168915,false,0,0,0,NA,false,0,0,0,NA,-1,-1,-1,-1,-1,-2,-2,false,0,0,0,NA,-1,-1,-1,-1,-1,-2,-2
2,"Environment: 1, AimModifier: 2",7.171248,false,0,0,0,NA,false,0,0,0,NA,-1,-1,-1,-1,-1,-2,-2,false,0,0,0,NA,-1,-1,-1,-1,-1,-2,-2
2,"Environment: 1, AimModifier: 2",7.173425,false,0,0,0,NA,false,0,0,0,NA,-1,-1,-1,-1,-1,-2,-2,false,0,0,0,NA,-1,-1,-1,-1,-1,-2,-2
2,"Environment: 1, AimModifier: 2",7.175329,false,0,0,0,NA,false,0,0,0,NA,-1,-1,-1,-1,-1,-2,-2,false,0,0,0,NA,-1,-1,-1,-1,-1,-2,-2
2,"Environment: 1, AimModifier: 2",7.177031,false,0,0,0,NA,false,0,0,0,NA,-1,-1,-1,-1,-1,-2,-2,false,0,0,0,NA,-1,-1,-1,-1,-1,-2,-2
2,"Environment: 1, AimModifier: 2",7.17947,false,0,0,0,NA,false,0,0,0,NA,-1,-1,-1,-1,-1,-2,-2,false,0,0,0,NA,-1,-1,-1,-1,-1,-2,-2
2,"Environment: 1, AimModifier: 2",7.181419,false,0,0,0,NA,false,0,0,0,NA,-1,-1,-1,-1,-1,-2,-2,false,0,0,0,NA,-1,-1,-1,-1,-1,-2,-2
2,"Environment: 1, AimModifier: 2",7.183215,false,0,0,0,NA,false,0,0,0,NA,-1,-1,-1,-1,-1,-2,-2,false,0,0,0,NA,-1,-1,-1,-1,-1,-2,-2
2,"Environment: 1, AimModifier: 2",7.185114,false,0,0,0,NA,false,0,0,0,NA,-1,-1,-1,-1,-1,-2,-2,false,0,0,0,NA,-1,-1,-1,-1,-1,-2,-2
2,"Environment: 1, AimModifier: 2",7.186833,false,0,0,0,NA,false,0,0,0,NA,-1,-1,-1,-1,-1,-2,-2,false,0,0,0,NA,-1,-1,-1,-1,-1,-2,-2
2,"Environment: 1, AimModifier: 2",7.188497,false,0,0,0,NA,false,0,0,0,NA,-1,-1,-1,-1,-1,-2,-2,false,0,0,0,NA,-1,-1,-1,-1,-1,-2,-2
2,"Environment: 1, AimModifier: 2",7.190481,false,0,0,0,NA,false,0,0,0,NA,-1,-1,-1,-1,-1,-2,-2,false,0,0,0,NA,-1,-1,-1,-1,-1,-2,-2
2,"Environment: 1, AimModifier: 2",7.192761,false,0,0,0,NA,false,0,0,0,NA,-1,-1,-1,-1,-1,-2,-2,false,0,0,0,NA,-1,-1,-1,-1,-1,-2,-2
2,"Environment: 1, AimModifier: 2",7.194684,false,0,0,0,NA,false,0,0,0,NA,-1,-1,-1,-1,-1,-2,-2,false,0,0,0,NA,-1,-1,-1,-1,-1,-2,-2
2,"Environment: 1, AimModifier: 2",7.196803,false,0,0,0,NA,false,0,0,0,NA,-1,-1,-1,-1,-1,-2,-2,false,0,0,0,NA,-1,-1,-1,-1,-1,-2,-2
2,"Environment: 1, AimModifier: 2",7.199422,false,0,0,0,NA,false,0,0,0,NA,-1,-1,-1,-1,-1,-2,-2,false,0,0,0,NA,-1,-1,-1,-1,-1,-2,-2
2,"Environment: 1, AimModifier: 2",7.203155,false,0,0,0,NA,false,0,0,0,NA,-1,-1,-1,-1,-1,-2,-2,false,0,0,0,NA,-1,-1,-1,-1,-1,-2,-2
2,"Environment: 1, AimModifier: 2",7.206364,false,0,0,0,NA,false,0,0,0,NA,-1,-1,-1,-1,-1,-2,-2,false,0,0,0,NA,-1,-1,-1,-1,-1,-2,-2
2,"Environment: 1, AimModifier: 2",7.208428,false,0,0,0,NA,false,0,0,0,NA,-1,-1,-1,-1,-1,-2,-2,false,0,0,0,NA,-1,-1,-1,-1,-1,-2,-2
2,"Environment: 1, AimModifier: 2",7.210769,false,0,0,0,NA,false,0,0,0,NA,-1,-1,-1,-1,-1,-2,-2,false,0,0,0,NA,-1,-1,-1,-1,-1,-2,-2
2,"Environment: 1, AimModifier: 2",7.213143,false,0,0,0,NA,false,0,0,0,NA,-1,-1,-1,-1,-1,-2,-2,false,0,0,0,NA,-1,-1,-1,-1,-1,-2,-2
2,"Environment: 1, AimModifier: 2",7.215307,false,0,0,0,NA,false,0,0,0,NA,-1,-1,-1,-1,-1,-2,-2,false,0,0,0,NA,-1,-1,-1,-1,-1,-2,-2
2,"Environment: 1, AimModifier: 2",7.217368,false,0,0,0,NA,false,0,0,0,NA,-1,-1,-1,-1,-1,-2,-2,false,0,0,0,NA,-1,-1,-1,-1,-1,-2,-2
2,"Environment: 1, AimModifier: 2",7.219542,false,0,0,0,NA,false,0,0,0,NA,-1,-1,-1,-1,-1,-2,-2,false,0,0,0,NA,-1,-1,-1,-1,-1,-2,-2
2,"Environment: 1, AimModifier: 2",7.222086,false,0,0,0,NA,false,0,0,0,NA,-1,-1,-1,-1,-1,-2,-2,false,0,0,0,NA,-1,-1,-1,-1,-1,-2,-2
2,"Environment: 1, AimModifier: 2",7.224399,false,0,0,0,NA,false,0,0,0,NA,-1,-1,-1,-1,-1,-2,-2,false,0,0,0,NA,-1,-1,-1,-1,-1,-2,-2
2,"Environment: 1, AimModifier: 2",7.227239,false,0,0,0,NA,false,0,0,0,NA,-1,-1,-1,-1,-1,-2,-2,false,0,0,0,NA,-1,-1,-1,-1,-1,-2,-2
2,"Environment: 1, AimModifier: 2",7.229629,false,0,0,0,NA,false,0,0,0,NA,-1,-1,-1,-1,-1,-2,-2,false,0,0,0,NA,-1,-1,-1,-1,-1,-2,-2
2,"Environment: 1, AimModifier: 2",7.231567,false,0,0,0,NA,false,0,0,0,NA,-1,-1,-1,-1,-1,-2,-2,false,0,0,0,NA,-1,-1,-1,-1,-1,-2,-2
2,"Environment: 1, AimModifier: 2",7.233621,false,0,0,0,NA,false,0,0,0,NA,-1,-1,-1,-1,-1,-2,-2,false,0,0,0,NA,-1,-1,-1,-1,-1,-2,-2
2,"Environment: 1, AimModifier: 2",7.235483,false,0,0,0,NA,false,0,0,0,NA,-1,-1,-1,-1,-1,-2,-2,false,0,0,0,NA,-1,-1,-1,-1,-1,-2,-2
2,"Environment: 1, AimModifier: 2",7.237391,false,0,0,0,NA,false,0,0,0,NA,-1,-1,-1,-1,-1,-2,-2,false,0,0,0,NA,-1,-1,-1,-1,-1,-2,-2
2,"Environment: 1, AimModifier: 2",7.239589,false,0,0,0,NA,false,0,0,0,NA,-1,-1,-1,-1,-1,-2,-2,false,0,0,0,NA,-1,-1,-1,-1,-1,-2,-2
2,"Environment: 1, AimModifier: 2",7.241925,false,0,0,0,NA,false,0,0,0,NA,-1,-1,-1,-1,-1,-2,-2,false,0,0,0,NA,-1,-1,-1,-1,-1,-2,-2
2,"Environment: 1, AimModifier: 2",7.243817,false,0,0,0,NA,false,0,0,0,NA,-1,-1,-1,-1,-1,-2,-2,false,0,0,0,NA,-1,-1,-1,-1,-1,-2,-2
2,"Environment: 1, AimModifier: 2",7.246197,false,0,0,0,NA,false,0,0,0,NA,-1,-1,-1,-1,-1,-2,-2,false,0,0,0,NA,-1,-1,-1,-1,-1,-2,-2
2,"Environment: 1, AimModifier: 2",7.248556,false,0,0,0,NA,false,0,0,0,NA,-1,-1,-1,-1,-1,-2,-2,false,0,0,0,NA,-1,-1,-1,-1,-1,-2,-2
2,"Environment: 1, AimModifier: 2",7.25073,false,0,0,0,NA,false,0,0,0,NA,-1,-1,-1,-1,-1,-2,-2,false,0,0,0,NA,-1,-1,-1,-1,-1,-2,-2
2,"Environment: 1, AimModifier: 2",7.25309,false,0,0,0,NA,false,0,0,0,NA,-1,-1,-1,-1,-1,-2,-2,false,0,0,0,NA,-1,-1,-1,-1,-1,-2,-2
2,"Environment: 1, AimModifier: 2",7.255317,false,0,0,0,NA,false,0,0,0,NA,-1,-1,-1,-1,-1,-2,-2,false,0,0,0,NA,-1,-1,-1,-1,-1,-2,-2
2,"Environment: 1, AimModifier: 2",7.257267,false,0,0,0,NA,false,0,0,0,NA,-1,-1,-1,-1,-1,-2,-2,false,0,0,0,NA,-1,-1,-1,-1,-1,-2,-2
2,"Environment: 1, AimModifier: 2",7.259098,false,0,0,0,NA,false,0,0,0,NA,-1,-1,-1,-1,-1,-2,-2,false,0,0,0,NA,-1,-1,-1,-1,-1,-2,-2
2,"Environment: 1, AimModifier: 2",7.260913,false,0,0,0,NA,false,0,0,0,NA,-1,-1,-1,-1,-1,-2,-2,false,0,0,0,NA,-1,-1,-1,-1,-1,-2,-2
2,"Environment: 1, AimModifier: 2",7.262644,false,0,0,0,NA,false,0,0,0,NA,-1,-1,-1,-1,-1,-2,-2,false,0,0,0,NA,-1,-1,-1,-1,-1,-2,-2
2,"Environment: 1, AimModifier: 2",7.264822,false,0,0,0,NA,false,0,0,0,NA,-1,-1,-1,-1,-1,-2,-2,false,0,0,0,NA,-1,-1,-1,-1,-1,-2,-2
2,"Environment: 1, AimModifier: 2",7.267237,false,0,0,0,NA,false,0,0,0,NA,-1,-1,-1,-1,-1,-2,-2,false,0,0,0,NA,-1,-1,-1,-1,-1,-2,-2
2,"Environment: 1, AimModifier: 2",7.269548,false,0,0,0,NA,false,0,0,0,NA,-1,-1,-1,-1,-1,-2,-2,false,0,0,0,NA,-1,-1,-1,-1,-1,-2,-2
2,"Environment: 1, AimModifier: 2",7.271833,false,0,0,0,NA,false,0,0,0,NA,-1,-1,-1,-1,-1,-2,-2,false,0,0,0,NA,-1,-1,-1,-1,-1,-2,-2
2,"Environment: 1, AimModifier: 2",7.27403,false,0,0,0,NA,false,0,0,0,NA,-1,-1,-1,-1,-1,-2,-2,false,0,0,0,NA,-1,-1,-1,-1,-1,-2,-2
2,"Environment: 1, AimModifier: 2",7.276332,false,0,0,0,NA,false,0,0,0,NA,-1,-1,-1,-1,-1,-2,-2,false,0,0,0,NA,-1,-1,-1,-1,-1,-2,-2
2,"Environment: 1, AimModifier: 2",7.278554,false,0,0,0,NA,false,0,0,0,NA,-1,-1,-1,-1,-1,-2,-2,false,0,0,0,NA,-1,-1,-1,-1,-1,-2,-2
2,"Environment: 1, AimModifier: 2",7.281426,false,0,0,0,NA,false,0,0,0,NA,-1,-1,-1,-1,-1,-2,-2,false,0,0,0,NA,-1,-1,-1,-1,-1,-2,-2
2,"Environment: 1, AimModifier: 2",7.283679,false,0,0,0,NA,false,0,0,0,NA,-1,-1,-1,-1,-1,-2,-2,false,0,0,0,NA,-1,-1,-1,-1,-1,-2,-2
2,"Environment: 1, AimModifier: 2",7.285794,false,0,0,0,NA,false,0,0,0,NA,-1,-1,-1,-1,-1,-2,-2,false,0,0,0,NA,-1,-1,-1,-1,-1,-2,-2
2,"Environment: 1, AimModifier: 2",7.288281,false,0,0,0,NA,false,0,0,0,NA,-1,-1,-1,-1,-1,-2,-2,false,0,0,0,NA,-1,-1,-1,-1,-1,-2,-2
2,"Environment: 1, AimModifier: 2",7.290449,false,0,0,0,NA,false,0,0,0,NA,-1,-1,-1,-1,-1,-2,-2,false,0,0,0,NA,-1,-1,-1,-1,-1,-2,-2
2,"Environment: 1, AimModifier: 2",7.292867,false,0,0,0,NA,false,0,0,0,NA,-1,-1,-1,-1,-1,-2,-2,false,0,0,0,NA,-1,-1,-1,-1,-1,-2,-2
2,"Environment: 1, AimModifier: 2",7.295038,false,0,0,0,NA,false,0,0,0,NA,-1,-1,-1,-1,-1,-2,-2,false,0,0,0,NA,-1,-1,-1,-1,-1,-2,-2
2,"Environment: 1, AimModifier: 2",7.2969,false,0,0,0,NA,false,0,0,0,NA,-1,-1,-1,-1,-1,-2,-2,false,0,0,0,NA,-1,-1,-1,-1,-1,-2,-2
2,"Environment: 1, AimModifier: 2",7.298697,false,0,0,0,NA,false,0,0,0,NA,-1,-1,-1,-1,-1,-2,-2,false,0,0,0,NA,-1,-1,-1,-1,-1,-2,-2
2,"Environment: 1, AimModifier: 2",7.300816,false,0,0,0,NA,false,0,0,0,NA,-1,-1,-1,-1,-1,-2,-2,false,0,0,0,NA,-1,-1,-1,-1,-1,-2,-2
2,"Environment: 1, AimModifier: 2",7.303383,false,0,0,0,NA,false,0,0,0,NA,-1,-1,-1,-1,-1,-2,-2,false,0,0,0,NA,-1,-1,-1,-1,-1,-2,-2
2,"Environment: 1, AimModifier: 2",7.305921,false,0,0,0,NA,false,0,0,0,NA,-1,-1,-1,-1,-1,-2,-2,false,0,0,0,NA,-1,-1,-1,-1,-1,-2,-2
2,"Environment: 1, AimModifier: 2",7.307921,false,0,0,0,NA,false,0,0,0,NA,-1,-1,-1,-1,-1,-2,-2,false,0,0,0,NA,-1,-1,-1,-1,-1,-2,-2
2,"Environment: 1, AimModifier: 2",7.309681,false,0,0,0,NA,false,0,0,0,NA,-1,-1,-1,-1,-1,-2,-2,false,0,0,0,NA,-1,-1,-1,-1,-1,-2,-2
2,"Environment: 1, AimModifier: 2",7.311946,false,0,0,0,NA,false,0,0,0,NA,-1,-1,-1,-1,-1,-2,-2,false,0,0,0,NA,-1,-1,-1,-1,-1,-2,-2
2,"Environment: 1, AimModifier: 2",7.314374,false,0,0,0,NA,false,0,0,0,NA,-1,-1,-1,-1,-1,-2,-2,false,0,0,0,NA,-1,-1,-1,-1,-1,-2,-2
2,"Environment: 1, AimModifier: 2",7.315981,false,0,0,0,NA,false,0,0,0,NA,-1,-1,-1,-1,-1,-2,-2,false,0,0,0,NA,-1,-1,-1,-1,-1,-2,-2
2,"Environment: 1, AimModifier: 2",7.317642,false,0,0,0,NA,false,0,0,0,NA,-1,-1,-1,-1,-1,-2,-2,false,0,0,0,NA,-1,-1,-1,-1,-1,-2,-2
2,"Environment: 1, AimModifier: 2",7.319755,false,0,0,0,NA,false,0,0,0,NA,-1,-1,-1,-1,-1,-2,-2,false,0,0,0,NA,-1,-1,-1,-1,-1,-2,-2
2,"Environment: 1, AimModifier: 2",7.322024,false,0,0,0,NA,false,0,0,0,NA,-1,-1,-1,-1,-1,-2,-2,false,0,0,0,NA,-1,-1,-1,-1,-1,-2,-2
2,"Environment: 1, AimModifier: 2",7.325712,false,0,0,0,NA,false,0,0,0,NA,-1,-1,-1,-1,-1,-2,-2,false,0,0,0,NA,-1,-1,-1,-1,-1,-2,-2
2,"Environment: 1, AimModifier: 2",7.328043,false,0,0,0,NA,false,0,0,0,NA,-1,-1,-1,-1,-1,-2,-2,false,0,0,0,NA,-1,-1,-1,-1,-1,-2,-2
2,"Environment: 1, AimModifier: 2",7.330069,false,0,0,0,NA,false,0,0,0,NA,-1,-1,-1,-1,-1,-2,-2,false,0,0,0,NA,-1,-1,-1,-1,-1,-2,-2
2,"Environment: 1, AimModifier: 2",7.332287,false,0,0,0,NA,false,0,0,0,NA,-1,-1,-1,-1,-1,-2,-2,false,0,0,0,NA,-1,-1,-1,-1,-1,-2,-2
2,"Environment: 1, AimModifier: 2",7.334281,false,0,0,0,NA,false,0,0,0,NA,-1,-1,-1,-1,-1,-2,-2,false,0,0,0,NA,-1,-1,-1,-1,-1,-2,-2
2,"Environment: 1, AimModifier: 2",7.336312,false,0,0,0,NA,false,0,0,0,NA,-1,-1,-1,-1,-1,-2,-2,false,0,0,0,NA,-1,-1,-1,-1,-1,-2,-2
2,"Environment: 1, AimModifier: 2",7.338325,false,0,0,0,NA,false,0,0,0,NA,-1,-1,-1,-1,-1,-2,-2,false,0,0,0,NA,-1,-1,-1,-1,-1,-2,-2
2,"Environment: 1, AimModifier: 2",7.340167,false,0,0,0,NA,false,0,0,0,NA,-1,-1,-1,-1,-1,-2,-2,false,0,0,0,NA,-1,-1,-1,-1,-1,-2,-2
2,"Environment: 1, AimModifier: 2",7.34261,false,0,0,0,NA,false,0,0,0,NA,-1,-1,-1,-1,-1,-2,-2,false,0,0,0,NA,-1,-1,-1,-1,-1,-2,-2
2,"Environment: 1, AimModifier: 2",7.344555,false,0,0,0,NA,false,0,0,0,NA,-1,-1,-1,-1,-1,-2,-2,false,0,0,0,NA,-1,-1,-1,-1,-1,-2,-2
2,"Environment: 1, AimModifier: 2",7.346415,false,0,0,0,NA,false,0,0,0,NA,-1,-1,-1,-1,-1,-2,-2,false,0,0,0,NA,-1,-1,-1,-1,-1,-2,-2
2,"Environment: 1, AimModifier: 2",7.348191,false,0,0,0,NA,false,0,0,0,NA,-1,-1,-1,-1,-1,-2,-2,false,0,0,0,NA,-1,-1,-1,-1,-1,-2,-2
2,"Environment: 1, AimModifier: 2",7.350603,false,0,0,0,NA,false,0,0,0,NA,-1,-1,-1,-1,-1,-2,-2,false,0,0,0,NA,-1,-1,-1,-1,-1,-2,-2
2,"Environment: 1, AimModifier: 2",7.352302,false,0,0,0,NA,false,0,0,0,NA,-1,-1,-1,-1,-1,-2,-2,false,0,0,0,NA,-1,-1,-1,-1,-1,-2,-2
2,"Environment: 1, AimModifier: 2",7.354012,false,0,0,0,NA,false,0,0,0,NA,-1,-1,-1,-1,-1,-2,-2,false,0,0,0,NA,-1,-1,-1,-1,-1,-2,-2
2,"Environment: 1, AimModifier: 2",7.355854,false,0,0,0,NA,false,0,0,0,NA,-1,-1,-1,-1,-1,-2,-2,false,0,0,0,NA,-1,-1,-1,-1,-1,-2,-2
2,"Environment: 1, AimModifier: 2",7.357648,false,0,0,0,NA,false,0,0,0,NA,-1,-1,-1,-1,-1,-2,-2,false,0,0,0,NA,-1,-1,-1,-1,-1,-2,-2
2,"Environment: 1, AimModifier: 2",7.359734,false,0,0,0,NA,false,0,0,0,NA,-1,-1,-1,-1,-1,-2,-2,false,0,0,0,NA,-1,-1,-1,-1,-1,-2,-2
2,"Environment: 1, AimModifier: 2",7.361606,false,0,0,0,NA,false,0,0,0,NA,-1,-1,-1,-1,-1,-2,-2,false,0,0,0,NA,-1,-1,-1,-1,-1,-2,-2
2,"Environment: 1, AimModifier: 2",7.36336,false,0,0,0,NA,false,0,0,0,NA,-1,-1,-1,-1,-1,-2,-2,false,0,0,0,NA,-1,-1,-1,-1,-1,-2,-2
2,"Environment: 1, AimModifier: 2",7.366854,false,0,0,0,NA,false,0,0,0,NA,-1,-1,-1,-1,-1,-2,-2,false,0,0,0,NA,-1,-1,-1,-1,-1,-2,-2
2,"Environment: 1, AimModifier: 2",7.369126,false,0,0,0,NA,false,0,0,0,NA,-1,-1,-1,-1,-1,-2,-2,false,0,0,0,NA,-1,-1,-1,-1,-1,-2,-2
2,"Environment: 1, AimModifier: 2",7.371038,false,0,0,0,NA,false,0,0,0,NA,-1,-1,-1,-1,-1,-2,-2,false,0,0,0,NA,-1,-1,-1,-1,-1,-2,-2
2,"Environment: 1, AimModifier: 2",7.373522,false,0,0,0,NA,false,0,0,0,NA,-1,-1,-1,-1,-1,-2,-2,false,0,0,0,NA,-1,-1,-1,-1,-1,-2,-2
2,"Environment: 1, AimModifier: 2",7.375606,false,0,0,0,NA,false,0,0,0,NA,-1,-1,-1,-1,-1,-2,-2,false,0,0,0,NA,-1,-1,-1,-1,-1,-2,-2
2,"Environment: 1, AimModifier: 2",7.377439,false,0,0,0,NA,false,0,0,0,NA,-1,-1,-1,-1,-1,-2,-2,false,0,0,0,NA,-1,-1,-1,-1,-1,-2,-2
2,"Environment: 1, AimModifier: 2",7.379569,false,0,0,0,NA,false,0,0,0,NA,-1,-1,-1,-1,-1,-2,-2,false,0,0,0,NA,-1,-1,-1,-1,-1,-2,-2
2,"Environment: 1, AimModifier: 2",7.381551,false,0,0,0,NA,false,0,0,0,NA,-1,-1,-1,-1,-1,-2,-2,false,0,0,0,NA,-1,-1,-1,-1,-1,-2,-2
2,"Environment: 1, AimModifier: 2",7.383528,false,0,0,0,NA,false,0,0,0,NA,-1,-1,-1,-1,-1,-2,-2,false,0,0,0,NA,-1,-1,-1,-1,-1,-2,-2
2,"Environment: 1, AimModifier: 2",7.385975,false,0,0,0,NA,false,0,0,0,NA,-1,-1,-1,-1,-1,-2,-2,false,0,0,0,NA,-1,-1,-1,-1,-1,-2,-2
2,"Environment: 1, AimModifier: 2",7.387757,false,0,0,0,NA,false,0,0,0,NA,-1,-1,-1,-1,-1,-2,-2,false,0,0,0,NA,-1,-1,-1,-1,-1,-2,-2
2,"Environment: 1, AimModifier: 2",7.389472,false,0,0,0,NA,false,0,0,0,NA,-1,-1,-1,-1,-1,-2,-2,false,0,0,0,NA,-1,-1,-1,-1,-1,-2,-2
2,"Environment: 1, AimModifier: 2",7.391272,false,0,0,0,NA,false,0,0,0,NA,-1,-1,-1,-1,-1,-2,-2,false,0,0,0,NA,-1,-1,-1,-1,-1,-2,-2
2,"Environment: 1, AimModifier: 2",7.393696,false,0,0,0,NA,false,0,0,0,NA,-1,-1,-1,-1,-1,-2,-2,false,0,0,0,NA,-1,-1,-1,-1,-1,-2,-2
2,"Environment: 1, AimModifier: 2",7.395621,false,0,0,0,NA,false,0,0,0,NA,-1,-1,-1,-1,-1,-2,-2,false,0,0,0,NA,-1,-1,-1,-1,-1,-2,-2
2,"Environment: 1, AimModifier: 2",7.397526,false,0,0,0,NA,false,0,0,0,NA,-1,-1,-1,-1,-1,-2,-2,false,0,0,0,NA,-1,-1,-1,-1,-1,-2,-2
2,"Environment: 1, AimModifier: 2",7.399448,false,0,0,0,NA,false,0,0,0,NA,-1,-1,-1,-1,-1,-2,-2,false,0,0,0,NA,-1,-1,-1,-1,-1,-2,-2
2,"Environment: 1, AimModifier: 2",7.401402,false,0,0,0,NA,false,0,0,0,NA,-1,-1,-1,-1,-1,-2,-2,false,0,0,0,NA,-1,-1,-1,-1,-1,-2,-2
2,"Environment: 1, AimModifier: 2",7.40332,false,0,0,0,NA,false,0,0,0,NA,-1,-1,-1,-1,-1,-2,-2,false,0,0,0,NA,-1,-1,-1,-1,-1,-2,-2
2,"Environment: 1, AimModifier: 2",7.405614,false,0,0,0,NA,false,0,0,0,NA,-1,-1,-1,-1,-1,-2,-2,false,0,0,0,NA,-1,-1,-1,-1,-1,-2,-2
2,"Environment: 1, AimModifier: 2",7.407569,false,0,0,0,NA,false,0,0,0,NA,-1,-1,-1,-1,-1,-2,-2,false,0,0,0,NA,-1,-1,-1,-1,-1,-2,-2
2,"Environment: 1, AimModifier: 2",7.409432,false,0,0,0,NA,false,0,0,0,NA,-1,-1,-1,-1,-1,-2,-2,false,0,0,0,NA,-1,-1,-1,-1,-1,-2,-2
2,"Environment: 1, AimModifier: 2",7.411275,false,0,0,0,NA,false,0,0,0,NA,-1,-1,-1,-1,-1,-2,-2,false,0,0,0,NA,-1,-1,-1,-1,-1,-2,-2
2,"Environment: 1, AimModifier: 2",7.412994,false,0,0,0,NA,false,0,0,0,NA,-1,-1,-1,-1,-1,-2,-2,false,0,0,0,NA,-1,-1,-1,-1,-1,-2,-2
2,"Environment: 1, AimModifier: 2",7.414892,false,0,0,0,NA,false,0,0,0,NA,-1,-1,-1,-1,-1,-2,-2,false,0,0,0,NA,-1,-1,-1,-1,-1,-2,-2
2,"Environment: 1, AimModifier: 2",7.417066,false,0,0,0,NA,false,0,0,0,NA,-1,-1,-1,-1,-1,-2,-2,false,0,0,0,NA,-1,-1,-1,-1,-1,-2,-2
2,"Environment: 1, AimModifier: 2",7.419422,false,0,0,0,NA,false,0,0,0,NA,-1,-1,-1,-1,-1,-2,-2,false,0,0,0,NA,-1,-1,-1,-1,-1,-2,-2
2,"Environment: 1, AimModifier: 2",7.421708,false,0,0,0,NA,false,0,0,0,NA,-1,-1,-1,-1,-1,-2,-2,false,0,0,0,NA,-1,-1,-1,-1,-1,-2,-2
2,"Environment: 1, AimModifier: 2",7.42356,false,0,0,0,NA,false,0,0,0,NA,-1,-1,-1,-1,-1,-2,-2,false,0,0,0,NA,-1,-1,-1,-1,-1,-2,-2
2,"Environment: 1, AimModifier: 2",7.425324,false,0,0,0,NA,false,0,0,0,NA,-1,-1,-1,-1,-1,-2,-2,false,0,0,0,NA,-1,-1,-1,-1,-1,-2,-2
2,"Environment: 1, AimModifier: 2",7.426992,false,0,0,0,NA,false,0,0,0,NA,-1,-1,-1,-1,-1,-2,-2,false,0,0,0,NA,-1,-1,-1,-1,-1,-2,-2
2,"Environment: 1, AimModifier: 2",7.4289,false,0,0,0,NA,false,0,0,0,NA,-1,-1,-1,-1,-1,-2,-2,false,0,0,0,NA,-1,-1,-1,-1,-1,-2,-2
2,"Environment: 1, AimModifier: 2",7.431073,false,0,0,0,NA,false,0,0,0,NA,-1,-1,-1,-1,-1,-2,-2,false,0,0,0,NA,-1,-1,-1,-1,-1,-2,-2
2,"Environment: 1, AimModifier: 2",7.433102,false,0,0,0,NA,false,0,0,0,NA,-1,-1,-1,-1,-1,-2,-2,false,0,0,0,NA,-1,-1,-1,-1,-1,-2,-2
2,"Environment: 1, AimModifier: 2",7.435251,false,0,0,0,NA,false,0,0,0,NA,-1,-1,-1,-1,-1,-2,-2,false,0,0,0,NA,-1,-1,-1,-1,-1,-2,-2
2,"Environment: 1, AimModifier: 2",7.437538,false,0,0,0,NA,false,0,0,0,NA,-1,-1,-1,-1,-1,-2,-2,false,0,0,0,NA,-1,-1,-1,-1,-1,-2,-2
2,"Environment: 1, AimModifier: 2",7.439717,false,0,0,0,NA,false,0,0,0,NA,-1,-1,-1,-1,-1,-2,-2,false,0,0,0,NA,-1,-1,-1,-1,-1,-2,-2
2,"Environment: 1, AimModifier: 2",7.441629,false,0,0,0,NA,false,0,0,0,NA,-1,-1,-1,-1,-1,-2,-2,false,0,0,0,NA,-1,-1,-1,-1,-1,-2,-2
2,"Environment: 1, AimModifier: 2",7.443443,false,0,0,0,NA,false,0,0,0,NA,-1,-1,-1,-1,-1,-2,-2,false,0,0,0,NA,-1,-1,-1,-1,-1,-2,-2
2,"Environment: 1, AimModifier: 2",7.445534,false,0,0,0,NA,false,0,0,0,NA,-1,-1,-1,-1,-1,-2,-2,false,0,0,0,NA,-1,-1,-1,-1,-1,-2,-2
2,"Environment: 1, AimModifier: 2",7.448129,false,0,0,0,NA,false,0,0,0,NA,-1,-1,-1,-1,-1,-2,-2,false,0,0,0,NA,-1,-1,-1,-1,-1,-2,-2
2,"Environment: 1, AimModifier: 2",7.450045,false,0,0,0,NA,false,0,0,0,NA,-1,-1,-1,-1,-1,-2,-2,false,0,0,0,NA,-1,-1,-1,-1,-1,-2,-2
2,"Environment: 1, AimModifier: 2",7.451984,false,0,0,0,NA,false,0,0,0,NA,-1,-1,-1,-1,-1,-2,-2,false,0,0,0,NA,-1,-1,-1,-1,-1,-2,-2
2,"Environment: 1, AimModifier: 2",7.453812,false,0,0,0,NA,false,0,0,0,NA,-1,-1,-1,-1,-1,-2,-2,false,0,0,0,NA,-1,-1,-1,-1,-1,-2,-2
2,"Environment: 1, AimModifier: 2",7.456238,false,0,0,0,NA,false,0,0,0,NA,-1,-1,-1,-1,-1,-2,-2,false,0,0,0,NA,-1,-1,-1,-1,-1,-2,-2
2,"Environment: 1, AimModifier: 2",7.458052,false,0,0,0,NA,false,0,0,0,NA,-1,-1,-1,-1,-1,-2,-2,false,0,0,0,NA,-1,-1,-1,-1,-1,-2,-2
2,"Environment: 1, AimModifier: 2",7.459847,false,0,0,0,NA,false,0,0,0,NA,-1,-1,-1,-1,-1,-2,-2,false,0,0,0,NA,-1,-1,-1,-1,-1,-2,-2
2,"Environment: 1, AimModifier: 2",7.46141,false,0,0,0,NA,false,0,0,0,NA,-1,-1,-1,-1,-1,-2,-2,false,0,0,0,NA,-1,-1,-1,-1,-1,-2,-2
2,"Environment: 1, AimModifier: 2",7.463111,false,0,0,0,NA,false,0,0,0,NA,-1,-1,-1,-1,-1,-2,-2,false,0,0,0,NA,-1,-1,-1,-1,-1,-2,-2
2,"Environment: 1, AimModifier: 2",7.465101,false,0,0,0,NA,false,0,0,0,NA,-1,-1,-1,-1,-1,-2,-2,false,0,0,0,NA,-1,-1,-1,-1,-1,-2,-2
2,"Environment: 1, AimModifier: 2",7.468207,false,0,0,0,NA,false,0,0,0,NA,-1,-1,-1,-1,-1,-2,-2,false,0,0,0,NA,-1,-1,-1,-1,-1,-2,-2
2,"Environment: 1, AimModifier: 2",7.470129,false,0,0,0,NA,false,0,0,0,NA,-1,-1,-1,-1,-1,-2,-2,false,0,0,0,NA,-1,-1,-1,-1,-1,-2,-2
2,"Environment: 1, AimModifier: 2",7.471951,false,0,0,0,NA,false,0,0,0,NA,-1,-1,-1,-1,-1,-2,-2,false,0,0,0,NA,-1,-1,-1,-1,-1,-2,-2
2,"Environment: 1, AimModifier: 2",7.473446,false,0,0,0,NA,false,0,0,0,NA,-1,-1,-1,-1,-1,-2,-2,false,0,0,0,NA,-1,-1,-1,-1,-1,-2,-2
2,"Environment: 1, AimModifier: 2",7.475198,false,0,0,0,NA,false,0,0,0,NA,-1,-1,-1,-1,-1,-2,-2,false,0,0,0,NA,-1,-1,-1,-1,-1,-2,-2
2,"Environment: 1, AimModifier: 2",7.476904,false,0,0,0,NA,false,0,0,0,NA,-1,-1,-1,-1,-1,-2,-2,false,0,0,0,NA,-1,-1,-1,-1,-1,-2,-2
2,"Environment: 1, AimModifier: 2",7.478431,false,0,0,0,NA,false,0,0,0,NA,-1,-1,-1,-1,-1,-2,-2,false,0,0,0,NA,-1,-1,-1,-1,-1,-2,-2
2,"Environment: 1, AimModifier: 2",7.479892,false,0,0,0,NA,false,0,0,0,NA,-1,-1,-1,-1,-1,-2,-2,false,0,0,0,NA,-1,-1,-1,-1,-1,-2,-2
2,"Environment: 1, AimModifier: 2",7.481366,false,0,0,0,NA,false,0,0,0,NA,-1,-1,-1,-1,-1,-2,-2,false,0,0,0,NA,-1,-1,-1,-1,-1,-2,-2
2,"Environment: 1, AimModifier: 2",7.483157,false,0,0,0,NA,false,0,0,0,NA,-1,-1,-1,-1,-1,-2,-2,false,0,0,0,NA,-1,-1,-1,-1,-1,-2,-2
2,"Environment: 1, AimModifier: 2",7.484754,false,0,0,0,NA,false,0,0,0,NA,-1,-1,-1,-1,-1,-2,-2,false,0,0,0,NA,-1,-1,-1,-1,-1,-2,-2
2,"Environment: 1, AimModifier: 2",7.486848,false,0,0,0,NA,false,0,0,0,NA,-1,-1,-1,-1,-1,-2,-2,false,0,0,0,NA,-1,-1,-1,-1,-1,-2,-2
2,"Environment: 1, AimModifier: 2",7.488771,false,0,0,0,NA,false,0,0,0,NA,-1,-1,-1,-1,-1,-2,-2,false,0,0,0,NA,-1,-1,-1,-1,-1,-2,-2
2,"Environment: 1, AimModifier: 2",7.490255,false,0,0,0,NA,false,0,0,0,NA,-1,-1,-1,-1,-1,-2,-2,false,0,0,0,NA,-1,-1,-1,-1,-1,-2,-2
2,"Environment: 1, AimModifier: 2",7.491715,false,0,0,0,NA,false,0,0,0,NA,-1,-1,-1,-1,-1,-2,-2,false,0,0,0,NA,-1,-1,-1,-1,-1,-2,-2
2,"Environment: 1, AimModifier: 2",7.49327,false,0,0,0,NA,false,0,0,0,NA,-1,-1,-1,-1,-1,-2,-2,false,0,0,0,NA,-1,-1,-1,-1,-1,-2,-2
2,"Environment: 1, AimModifier: 2",7.494836,false,0,0,0,NA,false,0,0,0,NA,-1,-1,-1,-1,-1,-2,-2,false,0,0,0,NA,-1,-1,-1,-1,-1,-2,-2
2,"Environment: 1, AimModifier: 2",7.496265,false,0,0,0,NA,false,0,0,0,NA,-1,-1,-1,-1,-1,-2,-2,false,0,0,0,NA,-1,-1,-1,-1,-1,-2,-2
2,"Environment: 1, AimModifier: 2",7.497683,false,0,0,0,NA,false,0,0,0,NA,-1,-1,-1,-1,-1,-2,-2,false,0,0,0,NA,-1,-1,-1,-1,-1,-2,-2
2,"Environment: 1, AimModifier: 2",7.499537,false,0,0,0,NA,false,0,0,0,NA,-1,-1,-1,-1,-1,-2,-2,false,0,0,0,NA,-1,-1,-1,-1,-1,-2,-2
2,"Environment: 1, AimModifier: 2",7.501943,false,0,0,0,NA,false,0,0,0,NA,-1,-1,-1,-1,-1,-2,-2,false,0,0,0,NA,-1,-1,-1,-1,-1,-2,-2
2,"Environment: 1, AimModifier: 2",7.505133,false,0,0,0,NA,false,0,0,0,NA,-1,-1,-1,-1,-1,-2,-2,false,0,0,0,NA,-1,-1,-1,-1,-1,-2,-2
2,"Environment: 1, AimModifier: 2",7.50687,false,0,0,0,NA,false,0,0,0,NA,-1,-1,-1,-1,-1,-2,-2,false,0,0,0,NA,-1,-1,-1,-1,-1,-2,-2
2,"Environment: 1, AimModifier: 2",7.508278,false,0,0,0,NA,false,0,0,0,NA,-1,-1,-1,-1,-1,-2,-2,false,0,0,0,NA,-1,-1,-1,-1,-1,-2,-2
2,"Environment: 1, AimModifier: 2",7.509631,false,0,0,0,NA,false,0,0,0,NA,-1,-1,-1,-1,-1,-2,-2,false,0,0,0,NA,-1,-1,-1,-1,-1,-2,-2
2,"Environment: 1, AimModifier: 2",7.51144,false,0,0,0,NA,false,0,0,0,NA,-1,-1,-1,-1,-1,-2,-2,false,0,0,0,NA,-1,-1,-1,-1,-1,-2,-2
2,"Environment: 1, AimModifier: 2",7.512848,false,0,0,0,NA,false,0,0,0,NA,-1,-1,-1,-1,-1,-2,-2,false,0,0,0,NA,-1,-1,-1,-1,-1,-2,-2
2,"Environment: 1, AimModifier: 2",7.514243,false,0,0,0,NA,false,0,0,0,NA,-1,-1,-1,-1,-1,-2,-2,false,0,0,0,NA,-1,-1,-1,-1,-1,-2,-2
2,"Environment: 1, AimModifier: 2",7.515786,false,0,0,0,NA,false,0,0,0,NA,-1,-1,-1,-1,-1,-2,-2,false,0,0,0,NA,-1,-1,-1,-1,-1,-2,-2
2,"Environment: 1, AimModifier: 2",7.517351,false,0,0,0,NA,false,0,0,0,NA,-1,-1,-1,-1,-1,-2,-2,false,0,0,0,NA,-1,-1,-1,-1,-1,-2,-2
2,"Environment: 1, AimModifier: 2",7.519689,false,0,0,0,NA,false,0,0,0,NA,-1,-1,-1,-1,-1,-2,-2,false,0,0,0,NA,-1,-1,-1,-1,-1,-2,-2
2,"Environment: 1, AimModifier: 2",7.521235,false,0,0,0,NA,false,0,0,0,NA,-1,-1,-1,-1,-1,-2,-2,false,0,0,0,NA,-1,-1,-1,-1,-1,-2,-2
2,"Environment: 1, AimModifier: 2",7.522635,false,0,0,0,NA,false,0,0,0,NA,-1,-1,-1,-1,-1,-2,-2,false,0,0,0,NA,-1,-1,-1,-1,-1,-2,-2
2,"Environment: 1, AimModifier: 2",7.524037,false,0,0,0,NA,false,0,0,0,NA,-1,-1,-1,-1,-1,-2,-2,false,0,0,0,NA,-1,-1,-1,-1,-1,-2,-2
2,"Environment: 1, AimModifier: 2",7.525671,false,0,0,0,NA,false,0,0,0,NA,-1,-1,-1,-1,-1,-2,-2,false,0,0,0,NA,-1,-1,-1,-1,-1,-2,-2
2,"Environment: 1, AimModifier: 2",7.527402,false,0,0,0,NA,false,0,0,0,NA,-1,-1,-1,-1,-1,-2,-2,false,0,0,0,NA,-1,-1,-1,-1,-1,-2,-2
2,"Environment: 1, AimModifier: 2",7.529241,false,0,0,0,NA,false,0,0,0,NA,-1,-1,-1,-1,-1,-2,-2,false,0,0,0,NA,-1,-1,-1,-1,-1,-2,-2
2,"Environment: 1, AimModifier: 2",7.531006,false,0,0,0,NA,false,0,0,0,NA,-1,-1,-1,-1,-1,-2,-2,false,0,0,0,NA,-1,-1,-1,-1,-1,-2,-2
2,"Environment: 1, AimModifier: 2",7.532549,false,0,0,0,NA,false,0,0,0,NA,-1,-1,-1,-1,-1,-2,-2,false,0,0,0,NA,-1,-1,-1,-1,-1,-2,-2
2,"Environment: 1, AimModifier: 2",7.533971,false,0,0,0,NA,false,0,0,0,NA,-1,-1,-1,-1,-1,-2,-2,false,0,0,0,NA,-1,-1,-1,-1,-1,-2,-2
2,"Environment: 1, AimModifier: 2",7.535406,false,0,0,0,NA,false,0,0,0,NA,-1,-1,-1,-1,-1,-2,-2,false,0,0,0,NA,-1,-1,-1,-1,-1,-2,-2
2,"Environment: 1, AimModifier: 2",7.536858,false,0,0,0,NA,false,0,0,0,NA,-1,-1,-1,-1,-1,-2,-2,false,0,0,0,NA,-1,-1,-1,-1,-1,-2,-2
2,"Environment: 1, AimModifier: 2",7.538228,false,0,0,0,NA,false,0,0,0,NA,-1,-1,-1,-1,-1,-2,-2,false,0,0,0,NA,-1,-1,-1,-1,-1,-2,-2
2,"Environment: 1, AimModifier: 2",7.539736,false,0,0,0,NA,false,0,0,0,NA,-1,-1,-1,-1,-1,-2,-2,false,0,0,0,NA,-1,-1,-1,-1,-1,-2,-2
2,"Environment: 1, AimModifier: 2",7.541275,false,0,0,0,NA,false,0,0,0,NA,-1,-1,-1,-1,-1,-2,-2,false,0,0,0,NA,-1,-1,-1,-1,-1,-2,-2
2,"Environment: 1, AimModifier: 2",7.542883,false,0,0,0,NA,false,0,0,0,NA,-1,-1,-1,-1,-1,-2,-2,false,0,0,0,NA,-1,-1,-1,-1,-1,-2,-2
2,"Environment: 1, AimModifier: 2",7.544383,false,0,0,0,NA,false,0,0,0,NA,-1,-1,-1,-1,-1,-2,-2,false,0,0,0,NA,-1,-1,-1,-1,-1,-2,-2
2,"Environment: 1, AimModifier: 2",7.546078,false,0,0,0,NA,false,0,0,0,NA,-1,-1,-1,-1,-1,-2,-2,false,0,0,0,NA,-1,-1,-1,-1,-1,-2,-2
2,"Environment: 1, AimModifier: 2",7.547584,false,0,0,0,NA,false,0,0,0,NA,-1,-1,-1,-1,-1,-2,-2,false,0,0,0,NA,-1,-1,-1,-1,-1,-2,-2
2,"Environment: 1, AimModifier: 2",7.549165,false,0,0,0,NA,false,0,0,0,NA,-1,-1,-1,-1,-1,-2,-2,false,0,0,0,NA,-1,-1,-1,-1,-1,-2,-2
2,"Environment: 1, AimModifier: 2",7.551451,false,0,0,0,NA,false,0,0,0,NA,-1,-1,-1,-1,-1,-2,-2,false,0,0,0,NA,-1,-1,-1,-1,-1,-2,-2
2,"Environment: 1, AimModifier: 2",7.552965,false,0,0,0,NA,false,0,0,0,NA,-1,-1,-1,-1,-1,-2,-2,false,0,0,0,NA,-1,-1,-1,-1,-1,-2,-2
2,"Environment: 1, AimModifier: 2",7.554454,false,0,0,0,NA,false,0,0,0,NA,-1,-1,-1,-1,-1,-2,-2,false,0,0,0,NA,-1,-1,-1,-1,-1,-2,-2
2,"Environment: 1, AimModifier: 2",7.555814,false,0,0,0,NA,false,0,0,0,NA,-1,-1,-1,-1,-1,-2,-2,false,0,0,0,NA,-1,-1,-1,-1,-1,-2,-2
2,"Environment: 1, AimModifier: 2",7.557303,false,0,0,0,NA,false,0,0,0,NA,-1,-1,-1,-1,-1,-2,-2,false,0,0,0,NA,-1,-1,-1,-1,-1,-2,-2
2,"Environment: 1, AimModifier: 2",7.55878,false,0,0,0,NA,false,0,0,0,NA,-1,-1,-1,-1,-1,-2,-2,false,0,0,0,NA,-1,-1,-1,-1,-1,-2,-2
2,"Environment: 1, AimModifier: 2",7.560353,false,0,0,0,NA,false,0,0,0,NA,-1,-1,-1,-1,-1,-2,-2,false,0,0,0,NA,-1,-1,-1,-1,-1,-2,-2
2,"Environment: 1, AimModifier: 2",7.561795,false,0,0,0,NA,false,0,0,0,NA,-1,-1,-1,-1,-1,-2,-2,false,0,0,0,NA,-1,-1,-1,-1,-1,-2,-2
2,"Environment: 1, AimModifier: 2",7.563151,false,0,0,0,NA,false,0,0,0,NA,-1,-1,-1,-1,-1,-2,-2,false,0,0,0,NA,-1,-1,-1,-1,-1,-2,-2
2,"Environment: 1, AimModifier: 2",7.564547,false,0,0,0,NA,false,0,0,0,NA,-1,-1,-1,-1,-1,-2,-2,false,0,0,0,NA,-1,-1,-1,-1,-1,-2,-2
2,"Environment: 1, AimModifier: 2",7.566031,false,0,0,0,NA,false,0,0,0,NA,-1,-1,-1,-1,-1,-2,-2,false,0,0,0,NA,-1,-1,-1,-1,-1,-2,-2
2,"Environment: 1, AimModifier: 2",7.567484,false,0,0,0,NA,false,0,0,0,NA,-1,-1,-1,-1,-1,-2,-2,false,0,0,0,NA,-1,-1,-1,-1,-1,-2,-2
2,"Environment: 1, AimModifier: 2",7.56904,false,0,0,0,NA,false,0,0,0,NA,-1,-1,-1,-1,-1,-2,-2,false,0,0,0,NA,-1,-1,-1,-1,-1,-2,-2
2,"Environment: 1, AimModifier: 2",7.570808,false,0,0,0,NA,false,0,0,0,NA,-1,-1,-1,-1,-1,-2,-2,false,0,0,0,NA,-1,-1,-1,-1,-1,-2,-2
2,"Environment: 1, AimModifier: 2",7.572396,false,0,0,0,NA,false,0,0,0,NA,-1,-1,-1,-1,-1,-2,-2,false,0,0,0,NA,-1,-1,-1,-1,-1,-2,-2
2,"Environment: 1, AimModifier: 2",7.573925,false,0,0,0,NA,false,0,0,0,NA,-1,-1,-1,-1,-1,-2,-2,false,0,0,0,NA,-1,-1,-1,-1,-1,-2,-2
2,"Environment: 1, AimModifier: 2",7.575274,false,0,0,0,NA,false,0,0,0,NA,-1,-1,-1,-1,-1,-2,-2,false,0,0,0,NA,-1,-1,-1,-1,-1,-2,-2
2,"Environment: 1, AimModifier: 2",7.576808,false,0,0,0,NA,false,0,0,0,NA,-1,-1,-1,-1,-1,-2,-2,false,0,0,0,NA,-1,-1,-1,-1,-1,-2,-2
2,"Environment: 1, AimModifier: 2",7.578205,false,0,0,0,NA,false,0,0,0,NA,-1,-1,-1,-1,-1,-2,-2,false,0,0,0,NA,-1,-1,-1,-1,-1,-2,-2
2,"Environment: 1, AimModifier: 2",7.579761,false,0,0,0,NA,false,0,0,0,NA,-1,-1,-1,-1,-1,-2,-2,false,0,0,0,NA,-1,-1,-1,-1,-1,-2,-2
2,"Environment: 1, AimModifier: 2",7.581225,false,0,0,0,NA,false,0,0,0,NA,-1,-1,-1,-1,-1,-2,-2,false,0,0,0,NA,-1,-1,-1,-1,-1,-2,-2
2,"Environment: 1, AimModifier: 2",7.582621,false,0,0,0,NA,false,0,0,0,NA,-1,-1,-1,-1,-1,-2,-2,false,0,0,0,NA,-1,-1,-1,-1,-1,-2,-2
2,"Environment: 1, AimModifier: 2",7.583982,false,0,0,0,NA,false,0,0,0,NA,-1,-1,-1,-1,-1,-2,-2,false,0,0,0,NA,-1,-1,-1,-1,-1,-2,-2
2,"Environment: 1, AimModifier: 2",7.585853,false,0,0,0,NA,false,0,0,0,NA,-1,-1,-1,-1,-1,-2,-2,false,0,0,0,NA,-1,-1,-1,-1,-1,-2,-2
2,"Environment: 1, AimModifier: 2",7.587309,false,0,0,0,NA,false,0,0,0,NA,-1,-1,-1,-1,-1,-2,-2,false,0,0,0,NA,-1,-1,-1,-1,-1,-2,-2
2,"Environment: 1, AimModifier: 2",7.588744,false,0,0,0,NA,false,0,0,0,NA,-1,-1,-1,-1,-1,-2,-2,false,0,0,0,NA,-1,-1,-1,-1,-1,-2,-2
2,"Environment: 1, AimModifier: 2",7.590059,false,0,0,0,NA,false,0,0,0,NA,-1,-1,-1,-1,-1,-2,-2,false,0,0,0,NA,-1,-1,-1,-1,-1,-2,-2
2,"Environment: 1, AimModifier: 2",7.591553,false,0,0,0,NA,false,0,0,0,NA,-1,-1,-1,-1,-1,-2,-2,false,0,0,0,NA,-1,-1,-1,-1,-1,-2,-2
2,"Environment: 1, AimModifier: 2",7.592832,false,0,0,0,NA,false,0,0,0,NA,-1,-1,-1,-1,-1,-2,-2,false,0,0,0,NA,-1,-1,-1,-1,-1,-2,-2
2,"Environment: 1, AimModifier: 2",7.594221,false,0,0,0,NA,false,0,0,0,NA,-1,-1,-1,-1,-1,-2,-2,false,0,0,0,NA,-1,-1,-1,-1,-1,-2,-2
2,"Environment: 1, AimModifier: 2",7.59555,false,0,0,0,NA,false,0,0,0,NA,-1,-1,-1,-1,-1,-2,-2,false,0,0,0,NA,-1,-1,-1,-1,-1,-2,-2
2,"Environment: 1, AimModifier: 2",7.597054,false,0,0,0,NA,false,0,0,0,NA,-1,-1,-1,-1,-1,-2,-2,false,0,0,0,NA,-1,-1,-1,-1,-1,-2,-2
2,"Environment: 1, AimModifier: 2",7.59856,false,0,0,0,NA,false,0,0,0,NA,-1,-1,-1,-1,-1,-2,-2,false,0,0,0,NA,-1,-1,-1,-1,-1,-2,-2
2,"Environment: 1, AimModifier: 2",7.600172,false,0,0,0,NA,false,0,0,0,NA,-1,-1,-1,-1,-1,-2,-2,false,0,0,0,NA,-1,-1,-1,-1,-1,-2,-2
2,"Environment: 1, AimModifier: 2",7.601632,false,0,0,0,NA,false,0,0,0,NA,-1,-1,-1,-1,-1,-2,-2,false,0,0,0,NA,-1,-1,-1,-1,-1,-2,-2
2,"Environment: 1, AimModifier: 2",7.602973,false,0,0,0,NA,false,0,0,0,NA,-1,-1,-1,-1,-1,-2,-2,false,0,0,0,NA,-1,-1,-1,-1,-1,-2,-2
2,"Environment: 1, AimModifier: 2",7.604332,false,0,0,0,NA,false,0,0,0,NA,-1,-1,-1,-1,-1,-2,-2,false,0,0,0,NA,-1,-1,-1,-1,-1,-2,-2
2,"Environment: 1, AimModifier: 2",7.605772,false,0,0,0,NA,false,0,0,0,NA,-1,-1,-1,-1,-1,-2,-2,false,0,0,0,NA,-1,-1,-1,-1,-1,-2,-2
2,"Environment: 1, AimModifier: 2",7.607062,false,0,0,0,NA,false,0,0,0,NA,-1,-1,-1,-1,-1,-2,-2,false,0,0,0,NA,-1,-1,-1,-1,-1,-2,-2
2,"Environment: 1, AimModifier: 2",7.608451,false,0,0,0,NA,false,0,0,0,NA,-1,-1,-1,-1,-1,-2,-2,false,0,0,0,NA,-1,-1,-1,-1,-1,-2,-2
2,"Environment: 1, AimModifier: 2",7.609819,false,0,0,0,NA,false,0,0,0,NA,-1,-1,-1,-1,-1,-2,-2,false,0,0,0,NA,-1,-1,-1,-1,-1,-2,-2
2,"Environment: 1, AimModifier: 2",7.611159,false,0,0,0,NA,false,0,0,0,NA,-1,-1,-1,-1,-1,-2,-2,false,0,0,0,NA,-1,-1,-1,-1,-1,-2,-2
2,"Environment: 1, AimModifier: 2",7.612637,false,0,0,0,NA,false,0,0,0,NA,-1,-1,-1,-1,-1,-2,-2,false,0,0,0,NA,-1,-1,-1,-1,-1,-2,-2
2,"Environment: 1, AimModifier: 2",7.614024,false,0,0,0,NA,false,0,0,0,NA,-1,-1,-1,-1,-1,-2,-2,false,0,0,0,NA,-1,-1,-1,-1,-1,-2,-2
2,"Environment: 1, AimModifier: 2",7.615714,false,0,0,0,NA,false,0,0,0,NA,-1,-1,-1,-1,-1,-2,-2,false,0,0,0,NA,-1,-1,-1,-1,-1,-2,-2
2,"Environment: 1, AimModifier: 2",7.617254,false,0,0,0,NA,false,0,0,0,NA,-1,-1,-1,-1,-1,-2,-2,false,0,0,0,NA,-1,-1,-1,-1,-1,-2,-2
2,"Environment: 1, AimModifier: 2",7.618944,false,0,0,0,NA,false,0,0,0,NA,-1,-1,-1,-1,-1,-2,-2,false,0,0,0,NA,-1,-1,-1,-1,-1,-2,-2
2,"Environment: 1, AimModifier: 2",7.620295,false,0,0,0,NA,false,0,0,0,NA,-1,-1,-1,-1,-1,-2,-2,false,0,0,0,NA,-1,-1,-1,-1,-1,-2,-2
2,"Environment: 1, AimModifier: 2",7.621717,false,0,0,0,NA,false,0,0,0,NA,-1,-1,-1,-1,-1,-2,-2,false,0,0,0,NA,-1,-1,-1,-1,-1,-2,-2
2,"Environment: 1, AimModifier: 2",7.62309,false,0,0,0,NA,false,0,0,0,NA,-1,-1,-1,-1,-1,-2,-2,false,0,0,0,NA,-1,-1,-1,-1,-1,-2,-2
2,"Environment: 1, AimModifier: 2",7.624556,false,0,0,0,NA,false,0,0,0,NA,-1,-1,-1,-1,-1,-2,-2,false,0,0,0,NA,-1,-1,-1,-1,-1,-2,-2
2,"Environment: 1, AimModifier: 2",7.626107,false,0,0,0,NA,false,0,0,0,NA,-1,-1,-1,-1,-1,-2,-2,false,0,0,0,NA,-1,-1,-1,-1,-1,-2,-2
2,"Environment: 1, AimModifier: 2",7.627658,false,0,0,0,NA,false,0,0,0,NA,-1,-1,-1,-1,-1,-2,-2,false,0,0,0,NA,-1,-1,-1,-1,-1,-2,-2
2,"Environment: 1, AimModifier: 2",7.629007,false,0,0,0,NA,false,0,0,0,NA,-1,-1,-1,-1,-1,-2,-2,false,0,0,0,NA,-1,-1,-1,-1,-1,-2,-2
2,"Environment: 1, AimModifier: 2",7.630358,false,0,0,0,NA,false,0,0,0,NA,-1,-1,-1,-1,-1,-2,-2,false,0,0,0,NA,-1,-1,-1,-1,-1,-2,-2
2,"Environment: 1, AimModifier: 2",7.631682,false,0,0,0,NA,false,0,0,0,NA,-1,-1,-1,-1,-1,-2,-2,false,0,0,0,NA,-1,-1,-1,-1,-1,-2,-2
2,"Environment: 1, AimModifier: 2",7.633035,false,0,0,0,NA,false,0,0,0,NA,-1,-1,-1,-1,-1,-2,-2,false,0,0,0,NA,-1,-1,-1,-1,-1,-2,-2
2,"Environment: 1, AimModifier: 2",7.634545,false,0,0,0,NA,false,0,0,0,NA,-1,-1,-1,-1,-1,-2,-2,false,0,0,0,NA,-1,-1,-1,-1,-1,-2,-2
2,"Environment: 1, AimModifier: 2",7.636152,false,0,0,0,NA,false,0,0,0,NA,-1,-1,-1,-1,-1,-2,-2,false,0,0,0,NA,-1,-1,-1,-1,-1,-2,-2
2,"Environment: 1, AimModifier: 2",7.637809,false,0,0,0,NA,false,0,0,0,NA,-1,-1,-1,-1,-1,-2,-2,false,0,0,0,NA,-1,-1,-1,-1,-1,-2,-2
2,"Environment: 1, AimModifier: 2",7.639855,false,0,0,0,NA,false,0,0,0,NA,-1,-1,-1,-1,-1,-2,-2,false,0,0,0,NA,-1,-1,-1,-1,-1,-2,-2
2,"Environment: 1, AimModifier: 2",7.641378,false,0,0,0,NA,false,0,0,0,NA,-1,-1,-1,-1,-1,-2,-2,false,0,0,0,NA,-1,-1,-1,-1,-1,-2,-2
2,"Environment: 1, AimModifier: 2",7.642854,false,0,0,0,NA,false,0,0,0,NA,-1,-1,-1,-1,-1,-2,-2,false,0,0,0,NA,-1,-1,-1,-1,-1,-2,-2
2,"Environment: 1, AimModifier: 2",7.644145,false,0,0,0,NA,false,0,0,0,NA,-1,-1,-1,-1,-1,-2,-2,false,0,0,0,NA,-1,-1,-1,-1,-1,-2,-2
2,"Environment: 1, AimModifier: 2",7.64571,false,0,0,0,NA,false,0,0,0,NA,-1,-1,-1,-1,-1,-2,-2,false,0,0,0,NA,-1,-1,-1,-1,-1,-2,-2
2,"Environment: 1, AimModifier: 2",7.647026,false,0,0,0,NA,false,0,0,0,NA,-1,-1,-1,-1,-1,-2,-2,false,0,0,0,NA,-1,-1,-1,-1,-1,-2,-2
2,"Environment: 1, AimModifier: 2",7.64834,false,0,0,0,NA,false,0,0,0,NA,-1,-1,-1,-1,-1,-2,-2,false,0,0,0,NA,-1,-1,-1,-1,-1,-2,-2
2,"Environment: 1, AimModifier: 2",7.649644,false,0,0,0,NA,false,0,0,0,NA,-1,-1,-1,-1,-1,-2,-2,false,0,0,0,NA,-1,-1,-1,-1,-1,-2,-2
2,"Environment: 1, AimModifier: 2",7.651022,false,0,0,0,NA,false,0,0,0,NA,-1,-1,-1,-1,-1,-2,-2,false,0,0,0,NA,-1,-1,-1,-1,-1,-2,-2
2,"Environment: 1, AimModifier: 2",7.652716,false,0,0,0,NA,false,0,0,0,NA,-1,-1,-1,-1,-1,-2,-2,false,0,0,0,NA,-1,-1,-1,-1,-1,-2,-2
2,"Environment: 1, AimModifier: 2",7.654655,false,0,0,0,NA,false,0,0,0,NA,-1,-1,-1,-1,-1,-2,-2,false,0,0,0,NA,-1,-1,-1,-1,-1,-2,-2
2,"Environment: 1, AimModifier: 2",7.656371,false,0,0,0,NA,false,0,0,0,NA,-1,-1,-1,-1,-1,-2,-2,false,0,0,0,NA,-1,-1,-1,-1,-1,-2,-2
2,"Environment: 1, AimModifier: 2",7.65811,false,0,0,0,NA,false,0,0,0,NA,-1,-1,-1,-1,-1,-2,-2,false,0,0,0,NA,-1,-1,-1,-1,-1,-2,-2
2,"Environment: 1, AimModifier: 2",7.659539,false,0,0,0,NA,false,0,0,0,NA,-1,-1,-1,-1,-1,-2,-2,false,0,0,0,NA,-1,-1,-1,-1,-1,-2,-2
2,"Environment: 1, AimModifier: 2",7.660879,false,0,0,0,NA,false,0,0,0,NA,-1,-1,-1,-1,-1,-2,-2,false,0,0,0,NA,-1,-1,-1,-1,-1,-2,-2
2,"Environment: 1, AimModifier: 2",7.662247,false,0,0,0,NA,false,0,0,0,NA,-1,-1,-1,-1,-1,-2,-2,false,0,0,0,NA,-1,-1,-1,-1,-1,-2,-2
2,"Environment: 1, AimModifier: 2",7.663623,false,0,0,0,NA,false,0,0,0,NA,-1,-1,-1,-1,-1,-2,-2,false,0,0,0,NA,-1,-1,-1,-1,-1,-2,-2
2,"Environment: 1, AimModifier: 2",7.665219,false,0,0,0,NA,false,0,0,0,NA,-1,-1,-1,-1,-1,-2,-2,false,0,0,0,NA,-1,-1,-1,-1,-1,-2,-2
2,"Environment: 1, AimModifier: 2",7.666693,false,0,0,0,NA,false,0,0,0,NA,-1,-1,-1,-1,-1,-2,-2,false,0,0,0,NA,-1,-1,-1,-1,-1,-2,-2
2,"Environment: 1, AimModifier: 2",7.668239,false,0,0,0,NA,false,0,0,0,NA,-1,-1,-1,-1,-1,-2,-2,false,0,0,0,NA,-1,-1,-1,-1,-1,-2,-2
2,"Environment: 1, AimModifier: 2",7.670726,false,0,0,0,NA,false,0,0,0,NA,-1,-1,-1,-1,-1,-2,-2,false,0,0,0,NA,-1,-1,-1,-1,-1,-2,-2
2,"Environment: 1, AimModifier: 2",7.672355,false,0,0,0,NA,false,0,0,0,NA,-1,-1,-1,-1,-1,-2,-2,false,0,0,0,NA,-1,-1,-1,-1,-1,-2,-2
2,"Environment: 1, AimModifier: 2",7.673753,false,0,0,0,NA,false,0,0,0,NA,-1,-1,-1,-1,-1,-2,-2,false,0,0,0,NA,-1,-1,-1,-1,-1,-2,-2
2,"Environment: 1, AimModifier: 2",7.675436,false,0,0,0,NA,false,0,0,0,NA,-1,-1,-1,-1,-1,-2,-2,false,0,0,0,NA,-1,-1,-1,-1,-1,-2,-2
2,"Environment: 1, AimModifier: 2",7.677065,false,0,0,0,NA,false,0,0,0,NA,-1,-1,-1,-1,-1,-2,-2,false,0,0,0,NA,-1,-1,-1,-1,-1,-2,-2
2,"Environment: 1, AimModifier: 2",7.678506,false,0,0,0,NA,false,0,0,0,NA,-1,-1,-1,-1,-1,-2,-2,false,0,0,0,NA,-1,-1,-1,-1,-1,-2,-2
2,"Environment: 1, AimModifier: 2",7.679848,false,0,0,0,NA,false,0,0,0,NA,-1,-1,-1,-1,-1,-2,-2,false,0,0,0,NA,-1,-1,-1,-1,-1,-2,-2
2,"Environment: 1, AimModifier: 2",7.681283,false,0,0,0,NA,false,0,0,0,NA,-1,-1,-1,-1,-1,-2,-2,false,0,0,0,NA,-1,-1,-1,-1,-1,-2,-2
2,"Environment: 1, AimModifier: 2",7.682827,false,0,0,0,NA,false,0,0,0,NA,-1,-1,-1,-1,-1,-2,-2,false,0,0,0,NA,-1,-1,-1,-1,-1,-2,-2
2,"Environment: 1, AimModifier: 2",7.684185,false,0,0,0,NA,false,0,0,0,NA,-1,-1,-1,-1,-1,-2,-2,false,0,0,0,NA,-1,-1,-1,-1,-1,-2,-2
2,"Environment: 1, AimModifier: 2",7.685666,false,0,0,0,NA,false,0,0,0,NA,-1,-1,-1,-1,-1,-2,-2,false,0,0,0,NA,-1,-1,-1,-1,-1,-2,-2
2,"Environment: 1, AimModifier: 2",7.687038,false,0,0,0,NA,false,0,0,0,NA,-1,-1,-1,-1,-1,-2,-2,false,0,0,0,NA,-1,-1,-1,-1,-1,-2,-2
2,"Environment: 1, AimModifier: 2",7.688696,false,0,0,0,NA,false,0,0,0,NA,-1,-1,-1,-1,-1,-2,-2,false,0,0,0,NA,-1,-1,-1,-1,-1,-2,-2
2,"Environment: 1, AimModifier: 2",7.690176,false,0,0,0,NA,false,0,0,0,NA,-1,-1,-1,-1,-1,-2,-2,false,0,0,0,NA,-1,-1,-1,-1,-1,-2,-2
2,"Environment: 1, AimModifier: 2",7.691739,false,0,0,0,NA,false,0,0,0,NA,-1,-1,-1,-1,-1,-2,-2,false,0,0,0,NA,-1,-1,-1,-1,-1,-2,-2
2,"Environment: 1, AimModifier: 2",7.693268,false,0,0,0,NA,false,0,0,0,NA,-1,-1,-1,-1,-1,-2,-2,false,0,0,0,NA,-1,-1,-1,-1,-1,-2,-2
2,"Environment: 1, AimModifier: 2",7.69512,false,0,0,0,NA,false,0,0,0,NA,-1,-1,-1,-1,-1,-2,-2,false,0,0,0,NA,-1,-1,-1,-1,-1,-2,-2
2,"Environment: 1, AimModifier: 2",7.696593,false,0,0,0,NA,false,0,0,0,NA,-1,-1,-1,-1,-1,-2,-2,false,0,0,0,NA,-1,-1,-1,-1,-1,-2,-2
2,"Environment: 1, AimModifier: 2",7.698007,false,0,0,0,NA,false,0,0,0,NA,-1,-1,-1,-1,-1,-2,-2,false,0,0,0,NA,-1,-1,-1,-1,-1,-2,-2
2,"Environment: 1, AimModifier: 2",7.699399,false,0,0,0,NA,false,0,0,0,NA,-1,-1,-1,-1,-1,-2,-2,false,0,0,0,NA,-1,-1,-1,-1,-1,-2,-2
2,"Environment: 1, AimModifier: 2",7.700869,false,0,0,0,NA,false,0,0,0,NA,-1,-1,-1,-1,-1,-2,-2,false,0,0,0,NA,-1,-1,-1,-1,-1,-2,-2
2,"Environment: 1, AimModifier: 2",7.702269,false,0,0,0,NA,false,0,0,0,NA,-1,-1,-1,-1,-1,-2,-2,false,0,0,0,NA,-1,-1,-1,-1,-1,-2,-2
2,"Environment: 1, AimModifier: 2",7.703621,false,0,0,0,NA,false,0,0,0,NA,-1,-1,-1,-1,-1,-2,-2,false,0,0,0,NA,-1,-1,-1,-1,-1,-2,-2
2,"Environment: 1, AimModifier: 2",7.705033,false,0,0,0,NA,false,0,0,0,NA,-1,-1,-1,-1,-1,-2,-2,false,0,0,0,NA,-1,-1,-1,-1,-1,-2,-2
2,"Environment: 1, AimModifier: 2",7.706578,false,0,0,0,NA,false,0,0,0,NA,-1,-1,-1,-1,-1,-2,-2,false,0,0,0,NA,-1,-1,-1,-1,-1,-2,-2
2,"Environment: 1, AimModifier: 2",7.707972,false,0,0,0,NA,false,0,0,0,NA,-1,-1,-1,-1,-1,-2,-2,false,0,0,0,NA,-1,-1,-1,-1,-1,-2,-2
2,"Environment: 1, AimModifier: 2",7.709462,false,0,0,0,NA,false,0,0,0,NA,-1,-1,-1,-1,-1,-2,-2,false,0,0,0,NA,-1,-1,-1,-1,-1,-2,-2
2,"Environment: 1, AimModifier: 2",7.710845,false,0,0,0,NA,false,0,0,0,NA,-1,-1,-1,-1,-1,-2,-2,false,0,0,0,NA,-1,-1,-1,-1,-1,-2,-2
2,"Environment: 1, AimModifier: 2",7.712172,false,0,0,0,NA,false,0,0,0,NA,-1,-1,-1,-1,-1,-2,-2,false,0,0,0,NA,-1,-1,-1,-1,-1,-2,-2
2,"Environment: 1, AimModifier: 2",7.713516,false,0,0,0,NA,false,0,0,0,NA,-1,-1,-1,-1,-1,-2,-2,false,0,0,0,NA,-1,-1,-1,-1,-1,-2,-2
2,"Environment: 1, AimModifier: 2",7.714731,false,0,0,0,NA,false,0,0,0,NA,-1,-1,-1,-1,-1,-2,-2,false,0,0,0,NA,-1,-1,-1,-1,-1,-2,-2
2,"Environment: 1, AimModifier: 2",7.716028,false,0,0,0,NA,false,0,0,0,NA,-1,-1,-1,-1,-1,-2,-2,false,0,0,0,NA,-1,-1,-1,-1,-1,-2,-2
2,"Environment: 1, AimModifier: 2",7.717269,false,0,0,0,NA,false,0,0,0,NA,-1,-1,-1,-1,-1,-2,-2,false,0,0,0,NA,-1,-1,-1,-1,-1,-2,-2
2,"Environment: 1, AimModifier: 2",7.71863,false,0,0,0,NA,false,0,0,0,NA,-1,-1,-1,-1,-1,-2,-2,false,0,0,0,NA,-1,-1,-1,-1,-1,-2,-2
2,"Environment: 1, AimModifier: 2",7.720009,false,0,0,0,NA,false,0,0,0,NA,-1,-1,-1,-1,-1,-2,-2,false,0,0,0,NA,-1,-1,-1,-1,-1,-2,-2
2,"Environment: 1, AimModifier: 2",7.721375,false,0,0,0,NA,false,0,0,0,NA,-1,-1,-1,-1,-1,-2,-2,false,0,0,0,NA,-1,-1,-1,-1,-1,-2,-2
2,"Environment: 1, AimModifier: 2",7.722713,false,0,0,0,NA,false,0,0,0,NA,-1,-1,-1,-1,-1,-2,-2,false,0,0,0,NA,-1,-1,-1,-1,-1,-2,-2
2,"Environment: 1, AimModifier: 2",7.724466,false,0,0,0,NA,false,0,0,0,NA,-1,-1,-1,-1,-1,-2,-2,false,0,0,0,NA,-1,-1,-1,-1,-1,-2,-2
2,"Environment: 1, AimModifier: 2",7.726217,false,0,0,0,NA,false,0,0,0,NA,-1,-1,-1,-1,-1,-2,-2,false,0,0,0,NA,-1,-1,-1,-1,-1,-2,-2
2,"Environment: 1, AimModifier: 2",7.727717,false,0,0,0,NA,false,0,0,0,NA,-1,-1,-1,-1,-1,-2,-2,false,0,0,0,NA,-1,-1,-1,-1,-1,-2,-2
2,"Environment: 1, AimModifier: 2",7.729165,false,0,0,0,NA,false,0,0,0,NA,-1,-1,-1,-1,-1,-2,-2,false,0,0,0,NA,-1,-1,-1,-1,-1,-2,-2
2,"Environment: 1, AimModifier: 2",7.730971,false,0,0,0,NA,false,0,0,0,NA,-1,-1,-1,-1,-1,-2,-2,false,0,0,0,NA,-1,-1,-1,-1,-1,-2,-2
2,"Environment: 1, AimModifier: 2",7.732596,false,0,0,0,NA,false,0,0,0,NA,-1,-1,-1,-1,-1,-2,-2,false,0,0,0,NA,-1,-1,-1,-1,-1,-2,-2
2,"Environment: 1, AimModifier: 2",7.734443,false,0,0,0,NA,false,0,0,0,NA,-1,-1,-1,-1,-1,-2,-2,false,0,0,0,NA,-1,-1,-1,-1,-1,-2,-2
2,"Environment: 1, AimModifier: 2",7.736063,false,0,0,0,NA,false,0,0,0,NA,-1,-1,-1,-1,-1,-2,-2,false,0,0,0,NA,-1,-1,-1,-1,-1,-2,-2
2,"Environment: 1, AimModifier: 2",7.737587,false,0,0,0,NA,false,0,0,0,NA,-1,-1,-1,-1,-1,-2,-2,false,0,0,0,NA,-1,-1,-1,-1,-1,-2,-2
2,"Environment: 1, AimModifier: 2",7.738911,false,0,0,0,NA,false,0,0,0,NA,-1,-1,-1,-1,-1,-2,-2,false,0,0,0,NA,-1,-1,-1,-1,-1,-2,-2
2,"Environment: 1, AimModifier: 2",7.740231,false,0,0,0,NA,false,0,0,0,NA,-1,-1,-1,-1,-1,-2,-2,false,0,0,0,NA,-1,-1,-1,-1,-1,-2,-2
2,"Environment: 1, AimModifier: 2",7.741611,false,0,0,0,NA,false,0,0,0,NA,-1,-1,-1,-1,-1,-2,-2,false,0,0,0,NA,-1,-1,-1,-1,-1,-2,-2
2,"Environment: 1, AimModifier: 2",7.742957,false,0,0,0,NA,false,0,0,0,NA,-1,-1,-1,-1,-1,-2,-2,false,0,0,0,NA,-1,-1,-1,-1,-1,-2,-2
2,"Environment: 1, AimModifier: 2",7.744263,false,0,0,0,NA,false,0,0,0,NA,-1,-1,-1,-1,-1,-2,-2,false,0,0,0,NA,-1,-1,-1,-1,-1,-2,-2
2,"Environment: 1, AimModifier: 2",7.745681,false,0,0,0,NA,false,0,0,0,NA,-1,-1,-1,-1,-1,-2,-2,false,0,0,0,NA,-1,-1,-1,-1,-1,-2,-2
2,"Environment: 1, AimModifier: 2",7.746939,false,0,0,0,NA,false,0,0,0,NA,-1,-1,-1,-1,-1,-2,-2,false,0,0,0,NA,-1,-1,-1,-1,-1,-2,-2
2,"Environment: 1, AimModifier: 2",7.748298,false,0,0,0,NA,false,0,0,0,NA,-1,-1,-1,-1,-1,-2,-2,false,0,0,0,NA,-1,-1,-1,-1,-1,-2,-2
2,"Environment: 1, AimModifier: 2",7.749673,false,0,0,0,NA,false,0,0,0,NA,-1,-1,-1,-1,-1,-2,-2,false,0,0,0,NA,-1,-1,-1,-1,-1,-2,-2
2,"Environment: 1, AimModifier: 2",7.751606,false,0,0,0,NA,false,0,0,0,NA,-1,-1,-1,-1,-1,-2,-2,false,0,0,0,NA,-1,-1,-1,-1,-1,-2,-2
2,"Environment: 1, AimModifier: 2",7.75329,false,0,0,0,NA,false,0,0,0,NA,-1,-1,-1,-1,-1,-2,-2,false,0,0,0,NA,-1,-1,-1,-1,-1,-2,-2
2,"Environment: 1, AimModifier: 2",7.75528,false,0,0,0,NA,false,0,0,0,NA,-1,-1,-1,-1,-1,-2,-2,false,0,0,0,NA,-1,-1,-1,-1,-1,-2,-2
2,"Environment: 1, AimModifier: 2",7.757063,false,0,0,0,NA,false,0,0,0,NA,-1,-1,-1,-1,-1,-2,-2,false,0,0,0,NA,-1,-1,-1,-1,-1,-2,-2
2,"Environment: 1, AimModifier: 2",7.758654,false,0,0,0,NA,false,0,0,0,NA,-1,-1,-1,-1,-1,-2,-2,false,0,0,0,NA,-1,-1,-1,-1,-1,-2,-2
2,"Environment: 1, AimModifier: 2",7.760122,false,0,0,0,NA,false,0,0,0,NA,-1,-1,-1,-1,-1,-2,-2,false,0,0,0,NA,-1,-1,-1,-1,-1,-2,-2
2,"Environment: 1, AimModifier: 2",7.761763,false,0,0,0,NA,false,0,0,0,NA,-1,-1,-1,-1,-1,-2,-2,false,0,0,0,NA,-1,-1,-1,-1,-1,-2,-2
2,"Environment: 1, AimModifier: 2",7.763551,false,0,0,0,NA,false,0,0,0,NA,-1,-1,-1,-1,-1,-2,-2,false,0,0,0,NA,-1,-1,-1,-1,-1,-2,-2
2,"Environment: 1, AimModifier: 2",7.765303,false,0,0,0,NA,false,0,0,0,NA,-1,-1,-1,-1,-1,-2,-2,false,0,0,0,NA,-1,-1,-1,-1,-1,-2,-2
2,"Environment: 1, AimModifier: 2",7.767266,false,0,0,0,NA,false,0,0,0,NA,-1,-1,-1,-1,-1,-2,-2,false,0,0,0,NA,-1,-1,-1,-1,-1,-2,-2
2,"Environment: 1, AimModifier: 2",7.769217,false,0,0,0,NA,false,0,0,0,NA,-1,-1,-1,-1,-1,-2,-2,false,0,0,0,NA,-1,-1,-1,-1,-1,-2,-2
2,"Environment: 1, AimModifier: 2",7.771062,false,0,0,0,NA,false,0,0,0,NA,-1,-1,-1,-1,-1,-2,-2,false,0,0,0,NA,-1,-1,-1,-1,-1,-2,-2
2,"Environment: 1, AimModifier: 2",7.772813,false,0,0,0,NA,false,0,0,0,NA,-1,-1,-1,-1,-1,-2,-2,false,0,0,0,NA,-1,-1,-1,-1,-1,-2,-2
2,"Environment: 1, AimModifier: 2",7.774566,false,0,0,0,NA,false,0,0,0,NA,-1,-1,-1,-1,-1,-2,-2,false,0,0,0,NA,-1,-1,-1,-1,-1,-2,-2
2,"Environment: 1, AimModifier: 2",7.776058,false,0,0,0,NA,false,0,0,0,NA,-1,-1,-1,-1,-1,-2,-2,false,0,0,0,NA,-1,-1,-1,-1,-1,-2,-2
2,"Environment: 1, AimModifier: 2",7.777884,false,0,0,0,NA,false,0,0,0,NA,-1,-1,-1,-1,-1,-2,-2,false,0,0,0,NA,-1,-1,-1,-1,-1,-2,-2
2,"Environment: 1, AimModifier: 2",7.780719,false,0,0,0,NA,false,0,0,0,NA,-1,-1,-1,-1,-1,-2,-2,false,0,0,0,NA,-1,-1,-1,-1,-1,-2,-2
2,"Environment: 1, AimModifier: 2",7.783039,false,0,0,0,NA,false,0,0,0,NA,-1,-1,-1,-1,-1,-2,-2,false,0,0,0,NA,-1,-1,-1,-1,-1,-2,-2
2,"Environment: 1, AimModifier: 2",7.785427,false,0,0,0,NA,false,0,0,0,NA,-1,-1,-1,-1,-1,-2,-2,false,0,0,0,NA,-1,-1,-1,-1,-1,-2,-2
2,"Environment: 1, AimModifier: 2",7.78766,false,0,0,0,NA,false,0,0,0,NA,-1,-1,-1,-1,-1,-2,-2,false,0,0,0,NA,-1,-1,-1,-1,-1,-2,-2
2,"Environment: 1, AimModifier: 2",7.789668,false,0,0,0,NA,false,0,0,0,NA,-1,-1,-1,-1,-1,-2,-2,false,0,0,0,NA,-1,-1,-1,-1,-1,-2,-2
2,"Environment: 1, AimModifier: 2",7.791646,false,0,0,0,NA,false,0,0,0,NA,-1,-1,-1,-1,-1,-2,-2,false,0,0,0,NA,-1,-1,-1,-1,-1,-2,-2
2,"Environment: 1, AimModifier: 2",7.793402,false,0,0,0,NA,false,0,0,0,NA,-1,-1,-1,-1,-1,-2,-2,false,0,0,0,NA,-1,-1,-1,-1,-1,-2,-2
2,"Environment: 1, AimModifier: 2",7.794935,false,0,0,0,NA,false,0,0,0,NA,-1,-1,-1,-1,-1,-2,-2,false,0,0,0,NA,-1,-1,-1,-1,-1,-2,-2
2,"Environment: 1, AimModifier: 2",7.796691,false,0,0,0,NA,false,0,0,0,NA,-1,-1,-1,-1,-1,-2,-2,false,0,0,0,NA,-1,-1,-1,-1,-1,-2,-2
2,"Environment: 1, AimModifier: 2",7.798686,false,0,0,0,NA,false,0,0,0,NA,-1,-1,-1,-1,-1,-2,-2,false,0,0,0,NA,-1,-1,-1,-1,-1,-2,-2
2,"Environment: 1, AimModifier: 2",7.800487,false,0,0,0,NA,false,0,0,0,NA,-1,-1,-1,-1,-1,-2,-2,false,0,0,0,NA,-1,-1,-1,-1,-1,-2,-2
2,"Environment: 1, AimModifier: 2",7.802102,false,0,0,0,NA,false,0,0,0,NA,-1,-1,-1,-1,-1,-2,-2,false,0,0,0,NA,-1,-1,-1,-1,-1,-2,-2
2,"Environment: 1, AimModifier: 2",7.803946,false,0,0,0,NA,false,0,0,0,NA,-1,-1,-1,-1,-1,-2,-2,false,0,0,0,NA,-1,-1,-1,-1,-1,-2,-2
2,"Environment: 1, AimModifier: 2",7.805883,false,0,0,0,NA,false,0,0,0,NA,-1,-1,-1,-1,-1,-2,-2,false,0,0,0,NA,-1,-1,-1,-1,-1,-2,-2
2,"Environment: 1, AimModifier: 2",7.807674,false,0,0,0,NA,false,0,0,0,NA,-1,-1,-1,-1,-1,-2,-2,false,0,0,0,NA,-1,-1,-1,-1,-1,-2,-2
2,"Environment: 1, AimModifier: 2",7.809324,false,0,0,0,NA,false,0,0,0,NA,-1,-1,-1,-1,-1,-2,-2,false,0,0,0,NA,-1,-1,-1,-1,-1,-2,-2
2,"Environment: 1, AimModifier: 2",7.810913,false,0,0,0,NA,false,0,0,0,NA,-1,-1,-1,-1,-1,-2,-2,false,0,0,0,NA,-1,-1,-1,-1,-1,-2,-2
2,"Environment: 1, AimModifier: 2",7.81252,false,0,0,0,NA,false,0,0,0,NA,-1,-1,-1,-1,-1,-2,-2,false,0,0,0,NA,-1,-1,-1,-1,-1,-2,-2
2,"Environment: 1, AimModifier: 2",7.814266,false,0,0,0,NA,false,0,0,0,NA,-1,-1,-1,-1,-1,-2,-2,false,0,0,0,NA,-1,-1,-1,-1,-1,-2,-2
2,"Environment: 1, AimModifier: 2",7.815946,false,0,0,0,NA,false,0,0,0,NA,-1,-1,-1,-1,-1,-2,-2,false,0,0,0,NA,-1,-1,-1,-1,-1,-2,-2
2,"Environment: 1, AimModifier: 2",7.817745,false,0,0,0,NA,false,0,0,0,NA,-1,-1,-1,-1,-1,-2,-2,false,0,0,0,NA,-1,-1,-1,-1,-1,-2,-2
2,"Environment: 1, AimModifier: 2",7.819796,false,0,0,0,NA,false,0,0,0,NA,-1,-1,-1,-1,-1,-2,-2,false,0,0,0,NA,-1,-1,-1,-1,-1,-2,-2
2,"Environment: 1, AimModifier: 2",7.822372,false,0,0,0,NA,false,0,0,0,NA,-1,-1,-1,-1,-1,-2,-2,false,0,0,0,NA,-1,-1,-1,-1,-1,-2,-2
2,"Environment: 1, AimModifier: 2",7.824157,false,0,0,0,NA,false,0,0,0,NA,-1,-1,-1,-1,-1,-2,-2,false,0,0,0,NA,-1,-1,-1,-1,-1,-2,-2
2,"Environment: 1, AimModifier: 2",7.825926,false,0,0,0,NA,false,0,0,0,NA,-1,-1,-1,-1,-1,-2,-2,false,0,0,0,NA,-1,-1,-1,-1,-1,-2,-2
2,"Environment: 1, AimModifier: 2",7.827704,false,0,0,0,NA,false,0,0,0,NA,-1,-1,-1,-1,-1,-2,-2,false,0,0,0,NA,-1,-1,-1,-1,-1,-2,-2
2,"Environment: 1, AimModifier: 2",7.829501,false,0,0,0,NA,false,0,0,0,NA,-1,-1,-1,-1,-1,-2,-2,false,0,0,0,NA,-1,-1,-1,-1,-1,-2,-2
2,"Environment: 1, AimModifier: 2",7.831113,false,0,0,0,NA,false,0,0,0,NA,-1,-1,-1,-1,-1,-2,-2,false,0,0,0,NA,-1,-1,-1,-1,-1,-2,-2
2,"Environment: 1, AimModifier: 2",7.833069,false,0,0,0,NA,false,0,0,0,NA,-1,-1,-1,-1,-1,-2,-2,false,0,0,0,NA,-1,-1,-1,-1,-1,-2,-2
2,"Environment: 1, AimModifier: 2",7.836593,false,0,0,0,NA,false,0,0,0,NA,-1,-1,-1,-1,-1,-2,-2,false,0,0,0,NA,-1,-1,-1,-1,-1,-2,-2
2,"Environment: 1, AimModifier: 2",7.838704,false,0,0,0,NA,false,0,0,0,NA,-1,-1,-1,-1,-1,-2,-2,false,0,0,0,NA,-1,-1,-1,-1,-1,-2,-2
2,"Environment: 1, AimModifier: 2",7.840461,false,0,0,0,NA,false,0,0,0,NA,-1,-1,-1,-1,-1,-2,-2,false,0,0,0,NA,-1,-1,-1,-1,-1,-2,-2
2,"Environment: 1, AimModifier: 2",7.842091,false,0,0,0,NA,false,0,0,0,NA,-1,-1,-1,-1,-1,-2,-2,false,0,0,0,NA,-1,-1,-1,-1,-1,-2,-2
2,"Environment: 1, AimModifier: 2",7.843496,false,0,0,0,NA,false,0,0,0,NA,-1,-1,-1,-1,-1,-2,-2,false,0,0,0,NA,-1,-1,-1,-1,-1,-2,-2
2,"Environment: 1, AimModifier: 2",7.845041,false,0,0,0,NA,false,0,0,0,NA,-1,-1,-1,-1,-1,-2,-2,false,0,0,0,NA,-1,-1,-1,-1,-1,-2,-2
2,"Environment: 1, AimModifier: 2",7.846673,false,0,0,0,NA,false,0,0,0,NA,-1,-1,-1,-1,-1,-2,-2,false,0,0,0,NA,-1,-1,-1,-1,-1,-2,-2
2,"Environment: 1, AimModifier: 2",7.84818,false,0,0,0,NA,false,0,0,0,NA,-1,-1,-1,-1,-1,-2,-2,false,0,0,0,NA,-1,-1,-1,-1,-1,-2,-2
2,"Environment: 1, AimModifier: 2",7.849598,false,0,0,0,NA,false,0,0,0,NA,-1,-1,-1,-1,-1,-2,-2,false,0,0,0,NA,-1,-1,-1,-1,-1,-2,-2
2,"Environment: 1, AimModifier: 2",7.851482,false,0,0,0,NA,false,0,0,0,NA,-1,-1,-1,-1,-1,-2,-2,false,0,0,0,NA,-1,-1,-1,-1,-1,-2,-2
2,"Environment: 1, AimModifier: 2",7.85335,false,0,0,0,NA,false,0,0,0,NA,-1,-1,-1,-1,-1,-2,-2,false,0,0,0,NA,-1,-1,-1,-1,-1,-2,-2
2,"Environment: 1, AimModifier: 2",7.854851,false,0,0,0,NA,false,0,0,0,NA,-1,-1,-1,-1,-1,-2,-2,false,0,0,0,NA,-1,-1,-1,-1,-1,-2,-2
2,"Environment: 1, AimModifier: 2",7.857188,false,0,0,0,NA,false,0,0,0,NA,-1,-1,-1,-1,-1,-2,-2,false,0,0,0,NA,-1,-1,-1,-1,-1,-2,-2
2,"Environment: 1, AimModifier: 2",7.859074,false,0,0,0,NA,false,0,0,0,NA,-1,-1,-1,-1,-1,-2,-2,false,0,0,0,NA,-1,-1,-1,-1,-1,-2,-2
2,"Environment: 1, AimModifier: 2",7.861365,false,0,0,0,NA,false,0,0,0,NA,-1,-1,-1,-1,-1,-2,-2,false,0,0,0,NA,-1,-1,-1,-1,-1,-2,-2
2,"Environment: 1, AimModifier: 2",7.863255,false,0,0,0,NA,false,0,0,0,NA,-1,-1,-1,-1,-1,-2,-2,false,0,0,0,NA,-1,-1,-1,-1,-1,-2,-2
2,"Environment: 1, AimModifier: 2",7.865484,false,0,0,0,NA,false,0,0,0,NA,-1,-1,-1,-1,-1,-2,-2,false,0,0,0,NA,-1,-1,-1,-1,-1,-2,-2
2,"Environment: 1, AimModifier: 2",7.86723,false,0,0,0,NA,false,0,0,0,NA,-1,-1,-1,-1,-1,-2,-2,false,0,0,0,NA,-1,-1,-1,-1,-1,-2,-2
2,"Environment: 1, AimModifier: 2",7.869026,false,0,0,0,NA,false,0,0,0,NA,-1,-1,-1,-1,-1,-2,-2,false,0,0,0,NA,-1,-1,-1,-1,-1,-2,-2
2,"Environment: 1, AimModifier: 2",7.87074,false,0,0,0,NA,false,0,0,0,NA,-1,-1,-1,-1,-1,-2,-2,false,0,0,0,NA,-1,-1,-1,-1,-1,-2,-2
2,"Environment: 1, AimModifier: 2",7.872272,false,0,0,0,NA,false,0,0,0,NA,-1,-1,-1,-1,-1,-2,-2,false,0,0,0,NA,-1,-1,-1,-1,-1,-2,-2
2,"Environment: 1, AimModifier: 2",7.873752,false,0,0,0,NA,false,0,0,0,NA,-1,-1,-1,-1,-1,-2,-2,false,0,0,0,NA,-1,-1,-1,-1,-1,-2,-2
2,"Environment: 1, AimModifier: 2",7.875609,false,0,0,0,NA,false,0,0,0,NA,-1,-1,-1,-1,-1,-2,-2,false,0,0,0,NA,-1,-1,-1,-1,-1,-2,-2
2,"Environment: 1, AimModifier: 2",7.877266,false,0,0,0,NA,false,0,0,0,NA,-1,-1,-1,-1,-1,-2,-2,false,0,0,0,NA,-1,-1,-1,-1,-1,-2,-2
2,"Environment: 1, AimModifier: 2",7.878943,false,0,0,0,NA,false,0,0,0,NA,-1,-1,-1,-1,-1,-2,-2,false,0,0,0,NA,-1,-1,-1,-1,-1,-2,-2
2,"Environment: 1, AimModifier: 2",7.880508,false,0,0,0,NA,false,0,0,0,NA,-1,-1,-1,-1,-1,-2,-2,false,0,0,0,NA,-1,-1,-1,-1,-1,-2,-2
2,"Environment: 1, AimModifier: 2",7.882063,false,0,0,0,NA,false,0,0,0,NA,-1,-1,-1,-1,-1,-2,-2,false,0,0,0,NA,-1,-1,-1,-1,-1,-2,-2
2,"Environment: 1, AimModifier: 2",7.883508,false,0,0,0,NA,false,0,0,0,NA,-1,-1,-1,-1,-1,-2,-2,false,0,0,0,NA,-1,-1,-1,-1,-1,-2,-2
2,"Environment: 1, AimModifier: 2",7.885035,false,0,0,0,NA,false,0,0,0,NA,-1,-1,-1,-1,-1,-2,-2,false,0,0,0,NA,-1,-1,-1,-1,-1,-2,-2
2,"Environment: 1, AimModifier: 2",7.886398,false,0,0,0,NA,false,0,0,0,NA,-1,-1,-1,-1,-1,-2,-2,false,0,0,0,NA,-1,-1,-1,-1,-1,-2,-2
2,"Environment: 1, AimModifier: 2",7.888616,false,0,0,0,NA,false,0,0,0,NA,-1,-1,-1,-1,-1,-2,-2,false,0,0,0,NA,-1,-1,-1,-1,-1,-2,-2
2,"Environment: 1, AimModifier: 2",7.891018,false,0,0,0,NA,false,0,0,0,NA,-1,-1,-1,-1,-1,-2,-2,false,0,0,0,NA,-1,-1,-1,-1,-1,-2,-2
2,"Environment: 1, AimModifier: 2",7.892754,false,0,0,0,NA,false,0,0,0,NA,-1,-1,-1,-1,-1,-2,-2,false,0,0,0,NA,-1,-1,-1,-1,-1,-2,-2
2,"Environment: 1, AimModifier: 2",7.894784,false,0,0,0,NA,false,0,0,0,NA,-1,-1,-1,-1,-1,-2,-2,false,0,0,0,NA,-1,-1,-1,-1,-1,-2,-2
2,"Environment: 1, AimModifier: 2",7.896495,false,0,0,0,NA,false,0,0,0,NA,-1,-1,-1,-1,-1,-2,-2,false,0,0,0,NA,-1,-1,-1,-1,-1,-2,-2
2,"Environment: 1, AimModifier: 2",7.898089,false,0,0,0,NA,false,0,0,0,NA,-1,-1,-1,-1,-1,-2,-2,false,0,0,0,NA,-1,-1,-1,-1,-1,-2,-2
2,"Environment: 1, AimModifier: 2",7.899741,false,0,0,0,NA,false,0,0,0,NA,-1,-1,-1,-1,-1,-2,-2,false,0,0,0,NA,-1,-1,-1,-1,-1,-2,-2
2,"Environment: 1, AimModifier: 2",7.901595,false,0,0,0,NA,false,0,0,0,NA,-1,-1,-1,-1,-1,-2,-2,false,0,0,0,NA,-1,-1,-1,-1,-1,-2,-2
2,"Environment: 1, AimModifier: 2",7.903618,false,0,0,0,NA,false,0,0,0,NA,-1,-1,-1,-1,-1,-2,-2,false,0,0,0,NA,-1,-1,-1,-1,-1,-2,-2
2,"Environment: 1, AimModifier: 2",7.906189,false,0,0,0,NA,false,0,0,0,NA,-1,-1,-1,-1,-1,-2,-2,false,0,0,0,NA,-1,-1,-1,-1,-1,-2,-2
2,"Environment: 1, AimModifier: 2",7.908095,false,0,0,0,NA,false,0,0,0,NA,-1,-1,-1,-1,-1,-2,-2,false,0,0,0,NA,-1,-1,-1,-1,-1,-2,-2
2,"Environment: 1, AimModifier: 2",7.909873,false,0,0,0,NA,false,0,0,0,NA,-1,-1,-1,-1,-1,-2,-2,false,0,0,0,NA,-1,-1,-1,-1,-1,-2,-2
2,"Environment: 1, AimModifier: 2",7.911836,false,0,0,0,NA,false,0,0,0,NA,-1,-1,-1,-1,-1,-2,-2,false,0,0,0,NA,-1,-1,-1,-1,-1,-2,-2
2,"Environment: 1, AimModifier: 2",7.913854,false,0,0,0,NA,false,0,0,0,NA,-1,-1,-1,-1,-1,-2,-2,false,0,0,0,NA,-1,-1,-1,-1,-1,-2,-2
2,"Environment: 1, AimModifier: 2",7.915549,false,0,0,0,NA,false,0,0,0,NA,-1,-1,-1,-1,-1,-2,-2,false,0,0,0,NA,-1,-1,-1,-1,-1,-2,-2
2,"Environment: 1, AimModifier: 2",7.917233,false,0,0,0,NA,false,0,0,0,NA,-1,-1,-1,-1,-1,-2,-2,false,0,0,0,NA,-1,-1,-1,-1,-1,-2,-2
2,"Environment: 1, AimModifier: 2",7.919141,false,0,0,0,NA,false,0,0,0,NA,-1,-1,-1,-1,-1,-2,-2,false,0,0,0,NA,-1,-1,-1,-1,-1,-2,-2
2,"Environment: 1, AimModifier: 2",7.920796,false,0,0,0,NA,false,0,0,0,NA,-1,-1,-1,-1,-1,-2,-2,false,0,0,0,NA,-1,-1,-1,-1,-1,-2,-2
2,"Environment: 1, AimModifier: 2",7.922482,false,0,0,0,NA,false,0,0,0,NA,-1,-1,-1,-1,-1,-2,-2,false,0,0,0,NA,-1,-1,-1,-1,-1,-2,-2
2,"Environment: 1, AimModifier: 2",7.924175,false,0,0,0,NA,false,0,0,0,NA,-1,-1,-1,-1,-1,-2,-2,false,0,0,0,NA,-1,-1,-1,-1,-1,-2,-2
2,"Environment: 1, AimModifier: 2",7.926081,false,0,0,0,NA,false,0,0,0,NA,-1,-1,-1,-1,-1,-2,-2,false,0,0,0,NA,-1,-1,-1,-1,-1,-2,-2
2,"Environment: 1, AimModifier: 2",7.927637,false,0,0,0,NA,false,0,0,0,NA,-1,-1,-1,-1,-1,-2,-2,false,0,0,0,NA,-1,-1,-1,-1,-1,-2,-2
2,"Environment: 1, AimModifier: 2",7.929247,false,0,0,0,NA,false,0,0,0,NA,-1,-1,-1,-1,-1,-2,-2,false,0,0,0,NA,-1,-1,-1,-1,-1,-2,-2
2,"Environment: 1, AimModifier: 2",7.932065,false,0,0,0,NA,false,0,0,0,NA,-1,-1,-1,-1,-1,-2,-2,false,0,0,0,NA,-1,-1,-1,-1,-1,-2,-2
2,"Environment: 1, AimModifier: 2",7.934116,false,0,0,0,NA,false,0,0,0,NA,-1,-1,-1,-1,-1,-2,-2,false,0,0,0,NA,-1,-1,-1,-1,-1,-2,-2
2,"Environment: 1, AimModifier: 2",7.936107,false,0,0,0,NA,false,0,0,0,NA,-1,-1,-1,-1,-1,-2,-2,false,0,0,0,NA,-1,-1,-1,-1,-1,-2,-2
2,"Environment: 1, AimModifier: 2",7.938104,false,0,0,0,NA,false,0,0,0,NA,-1,-1,-1,-1,-1,-2,-2,false,0,0,0,NA,-1,-1,-1,-1,-1,-2,-2
2,"Environment: 1, AimModifier: 2",7.94006,false,0,0,0,NA,false,0,0,0,NA,-1,-1,-1,-1,-1,-2,-2,false,0,0,0,NA,-1,-1,-1,-1,-1,-2,-2
2,"Environment: 1, AimModifier: 2",7.941855,false,0,0,0,NA,false,0,0,0,NA,-1,-1,-1,-1,-1,-2,-2,false,0,0,0,NA,-1,-1,-1,-1,-1,-2,-2
2,"Environment: 1, AimModifier: 2",7.943624,false,0,0,0,NA,false,0,0,0,NA,-1,-1,-1,-1,-1,-2,-2,false,0,0,0,NA,-1,-1,-1,-1,-1,-2,-2
2,"Environment: 1, AimModifier: 2",7.945662,false,0,0,0,NA,false,0,0,0,NA,-1,-1,-1,-1,-1,-2,-2,false,0,0,0,NA,-1,-1,-1,-1,-1,-2,-2
2,"Environment: 1, AimModifier: 2",7.9473,false,0,0,0,NA,false,0,0,0,NA,-1,-1,-1,-1,-1,-2,-2,false,0,0,0,NA,-1,-1,-1,-1,-1,-2,-2
2,"Environment: 1, AimModifier: 2",7.949757,false,0,0,0,NA,false,0,0,0,NA,-1,-1,-1,-1,-1,-2,-2,false,0,0,0,NA,-1,-1,-1,-1,-1,-2,-2
2,"Environment: 1, AimModifier: 2",7.951993,false,0,0,0,NA,false,0,0,0,NA,-1,-1,-1,-1,-1,-2,-2,false,0,0,0,NA,-1,-1,-1,-1,-1,-2,-2
2,"Environment: 1, AimModifier: 2",7.954367,false,0,0,0,NA,false,0,0,0,NA,-1,-1,-1,-1,-1,-2,-2,false,0,0,0,NA,-1,-1,-1,-1,-1,-2,-2
2,"Environment: 1, AimModifier: 2",7.956492,false,0,0,0,NA,false,0,0,0,NA,-1,-1,-1,-1,-1,-2,-2,false,0,0,0,NA,-1,-1,-1,-1,-1,-2,-2
2,"Environment: 1, AimModifier: 2",7.958286,false,0,0,0,NA,false,0,0,0,NA,-1,-1,-1,-1,-1,-2,-2,false,0,0,0,NA,-1,-1,-1,-1,-1,-2,-2
2,"Environment: 1, AimModifier: 2",7.96032,false,0,0,0,NA,false,0,0,0,NA,-1,-1,-1,-1,-1,-2,-2,false,0,0,0,NA,-1,-1,-1,-1,-1,-2,-2
2,"Environment: 1, AimModifier: 2",7.962204,false,0,0,0,NA,false,0,0,0,NA,-1,-1,-1,-1,-1,-2,-2,false,0,0,0,NA,-1,-1,-1,-1,-1,-2,-2
2,"Environment: 1, AimModifier: 2",7.963778,false,0,0,0,NA,false,0,0,0,NA,-1,-1,-1,-1,-1,-2,-2,false,0,0,0,NA,-1,-1,-1,-1,-1,-2,-2
2,"Environment: 1, AimModifier: 2",7.965631,false,0,0,0,NA,false,0,0,0,NA,-1,-1,-1,-1,-1,-2,-2,false,0,0,0,NA,-1,-1,-1,-1,-1,-2,-2
2,"Environment: 1, AimModifier: 2",7.967484,false,0,0,0,NA,false,0,0,0,NA,-1,-1,-1,-1,-1,-2,-2,false,0,0,0,NA,-1,-1,-1,-1,-1,-2,-2
2,"Environment: 1, AimModifier: 2",7.96948,false,0,0,0,NA,false,0,0,0,NA,-1,-1,-1,-1,-1,-2,-2,false,0,0,0,NA,-1,-1,-1,-1,-1,-2,-2
2,"Environment: 1, AimModifier: 2",7.972593,false,0,0,0,NA,false,0,0,0,NA,-1,-1,-1,-1,-1,-2,-2,false,0,0,0,NA,-1,-1,-1,-1,-1,-2,-2
2,"Environment: 1, AimModifier: 2",7.974558,false,0,0,0,NA,false,0,0,0,NA,-1,-1,-1,-1,-1,-2,-2,false,0,0,0,NA,-1,-1,-1,-1,-1,-2,-2
2,"Environment: 1, AimModifier: 2",7.976532,false,0,0,0,NA,false,0,0,0,NA,-1,-1,-1,-1,-1,-2,-2,false,0,0,0,NA,-1,-1,-1,-1,-1,-2,-2
2,"Environment: 1, AimModifier: 2",7.978435,false,0,0,0,NA,false,0,0,0,NA,-1,-1,-1,-1,-1,-2,-2,false,0,0,0,NA,-1,-1,-1,-1,-1,-2,-2
2,"Environment: 1, AimModifier: 2",7.980943,false,0,0,0,NA,false,0,0,0,NA,-1,-1,-1,-1,-1,-2,-2,false,0,0,0,NA,-1,-1,-1,-1,-1,-2,-2
2,"Environment: 1, AimModifier: 2",7.982885,false,0,0,0,NA,false,0,0,0,NA,-1,-1,-1,-1,-1,-2,-2,false,0,0,0,NA,-1,-1,-1,-1,-1,-2,-2
2,"Environment: 1, AimModifier: 2",7.984848,false,0,0,0,NA,false,0,0,0,NA,-1,-1,-1,-1,-1,-2,-2,false,0,0,0,NA,-1,-1,-1,-1,-1,-2,-2
2,"Environment: 1, AimModifier: 2",7.987451,false,0,0,0,NA,false,0,0,0,NA,-1,-1,-1,-1,-1,-2,-2,false,0,0,0,NA,-1,-1,-1,-1,-1,-2,-2
2,"Environment: 1, AimModifier: 2",7.989136,false,0,0,0,NA,false,0,0,0,NA,-1,-1,-1,-1,-1,-2,-2,false,0,0,0,NA,-1,-1,-1,-1,-1,-2,-2
2,"Environment: 1, AimModifier: 2",7.990714,false,0,0,0,NA,false,0,0,0,NA,-1,-1,-1,-1,-1,-2,-2,false,0,0,0,NA,-1,-1,-1,-1,-1,-2,-2
2,"Environment: 1, AimModifier: 2",7.992231,false,0,0,0,NA,false,0,0,0,NA,-1,-1,-1,-1,-1,-2,-2,false,0,0,0,NA,-1,-1,-1,-1,-1,-2,-2
2,"Environment: 1, AimModifier: 2",7.993741,false,0,0,0,NA,false,0,0,0,NA,-1,-1,-1,-1,-1,-2,-2,false,0,0,0,NA,-1,-1,-1,-1,-1,-2,-2
2,"Environment: 1, AimModifier: 2",7.995205,false,0,0,0,NA,false,0,0,0,NA,-1,-1,-1,-1,-1,-2,-2,false,0,0,0,NA,-1,-1,-1,-1,-1,-2,-2
2,"Environment: 1, AimModifier: 2",7.996727,false,0,0,0,NA,false,0,0,0,NA,-1,-1,-1,-1,-1,-2,-2,false,0,0,0,NA,-1,-1,-1,-1,-1,-2,-2
2,"Environment: 1, AimModifier: 2",7.998803,false,0,0,0,NA,false,0,0,0,NA,-1,-1,-1,-1,-1,-2,-2,false,0,0,0,NA,-1,-1,-1,-1,-1,-2,-2
2,"Environment: 1, AimModifier: 2",8.000973,false,0,0,0,NA,false,0,0,0,NA,-1,-1,-1,-1,-1,-2,-2,false,0,0,0,NA,-1,-1,-1,-1,-1,-2,-2
2,"Environment: 1, AimModifier: 2",8.002878,false,0,0,0,NA,false,0,0,0,NA,-1,-1,-1,-1,-1,-2,-2,false,0,0,0,NA,-1,-1,-1,-1,-1,-2,-2
2,"Environment: 1, AimModifier: 2",8.004724,false,0,0,0,NA,false,0,0,0,NA,-1,-1,-1,-1,-1,-2,-2,false,0,0,0,NA,-1,-1,-1,-1,-1,-2,-2
2,"Environment: 1, AimModifier: 2",8.006516,false,0,0,0,NA,false,0,0,0,NA,-1,-1,-1,-1,-1,-2,-2,false,0,0,0,NA,-1,-1,-1,-1,-1,-2,-2
2,"Environment: 1, AimModifier: 2",8.008517,false,0,0,0,NA,false,0,0,0,NA,-1,-1,-1,-1,-1,-2,-2,false,0,0,0,NA,-1,-1,-1,-1,-1,-2,-2
2,"Environment: 1, AimModifier: 2",8.010848,false,0,0,0,NA,false,0,0,0,NA,-1,-1,-1,-1,-1,-2,-2,false,0,0,0,NA,-1,-1,-1,-1,-1,-2,-2
2,"Environment: 1, AimModifier: 2",8.012931,false,0,0,0,NA,false,0,0,0,NA,-1,-1,-1,-1,-1,-2,-2,false,0,0,0,NA,-1,-1,-1,-1,-1,-2,-2
2,"Environment: 1, AimModifier: 2",8.015093,false,0,0,0,NA,false,0,0,0,NA,-1,-1,-1,-1,-1,-2,-2,false,0,0,0,NA,-1,-1,-1,-1,-1,-2,-2
2,"Environment: 1, AimModifier: 2",8.016912,false,0,0,0,NA,false,0,0,0,NA,-1,-1,-1,-1,-1,-2,-2,false,0,0,0,NA,-1,-1,-1,-1,-1,-2,-2
2,"Environment: 1, AimModifier: 2",8.01836,false,0,0,0,NA,false,0,0,0,NA,-1,-1,-1,-1,-1,-2,-2,false,0,0,0,NA,-1,-1,-1,-1,-1,-2,-2
2,"Environment: 1, AimModifier: 2",8.019704,false,0,0,0,NA,false,0,0,0,NA,-1,-1,-1,-1,-1,-2,-2,false,0,0,0,NA,-1,-1,-1,-1,-1,-2,-2
2,"Environment: 1, AimModifier: 2",8.021171,false,0,0,0,NA,false,0,0,0,NA,-1,-1,-1,-1,-1,-2,-2,false,0,0,0,NA,-1,-1,-1,-1,-1,-2,-2
2,"Environment: 1, AimModifier: 2",8.023172,false,0,0,0,NA,false,0,0,0,NA,-1,-1,-1,-1,-1,-2,-2,false,0,0,0,NA,-1,-1,-1,-1,-1,-2,-2
2,"Environment: 1, AimModifier: 2",8.024663,false,0,0,0,NA,false,0,0,0,NA,-1,-1,-1,-1,-1,-2,-2,false,0,0,0,NA,-1,-1,-1,-1,-1,-2,-2
2,"Environment: 1, AimModifier: 2",8.026408,false,0,0,0,NA,false,0,0,0,NA,-1,-1,-1,-1,-1,-2,-2,false,0,0,0,NA,-1,-1,-1,-1,-1,-2,-2
2,"Environment: 1, AimModifier: 2",8.028008,false,0,0,0,NA,false,0,0,0,NA,-1,-1,-1,-1,-1,-2,-2,false,0,0,0,NA,-1,-1,-1,-1,-1,-2,-2
2,"Environment: 1, AimModifier: 2",8.029593,false,0,0,0,NA,false,0,0,0,NA,-1,-1,-1,-1,-1,-2,-2,false,0,0,0,NA,-1,-1,-1,-1,-1,-2,-2
2,"Environment: 1, AimModifier: 2",8.031023,false,0,0,0,NA,false,0,0,0,NA,-1,-1,-1,-1,-1,-2,-2,false,0,0,0,NA,-1,-1,-1,-1,-1,-2,-2
2,"Environment: 1, AimModifier: 2",8.032533,false,0,0,0,NA,false,0,0,0,NA,-1,-1,-1,-1,-1,-2,-2,false,0,0,0,NA,-1,-1,-1,-1,-1,-2,-2
2,"Environment: 1, AimModifier: 2",8.034267,false,0,0,0,NA,false,0,0,0,NA,-1,-1,-1,-1,-1,-2,-2,false,0,0,0,NA,-1,-1,-1,-1,-1,-2,-2
2,"Environment: 1, AimModifier: 2",8.036132,false,0,0,0,NA,false,0,0,0,NA,-1,-1,-1,-1,-1,-2,-2,false,0,0,0,NA,-1,-1,-1,-1,-1,-2,-2
2,"Environment: 1, AimModifier: 2",8.038034,false,0,0,0,NA,false,0,0,0,NA,-1,-1,-1,-1,-1,-2,-2,false,0,0,0,NA,-1,-1,-1,-1,-1,-2,-2
2,"Environment: 1, AimModifier: 2",8.039733,false,0,0,0,NA,false,0,0,0,NA,-1,-1,-1,-1,-1,-2,-2,false,0,0,0,NA,-1,-1,-1,-1,-1,-2,-2
2,"Environment: 1, AimModifier: 2",8.041424,false,0,0,0,NA,false,0,0,0,NA,-1,-1,-1,-1,-1,-2,-2,false,0,0,0,NA,-1,-1,-1,-1,-1,-2,-2
2,"Environment: 1, AimModifier: 2",8.042798,false,0,0,0,NA,false,0,0,0,NA,-1,-1,-1,-1,-1,-2,-2,false,0,0,0,NA,-1,-1,-1,-1,-1,-2,-2
2,"Environment: 1, AimModifier: 2",8.04412,false,0,0,0,NA,false,0,0,0,NA,-1,-1,-1,-1,-1,-2,-2,false,0,0,0,NA,-1,-1,-1,-1,-1,-2,-2
2,"Environment: 1, AimModifier: 2",8.04608,false,0,0,0,NA,false,0,0,0,NA,-1,-1,-1,-1,-1,-2,-2,false,0,0,0,NA,-1,-1,-1,-1,-1,-2,-2
2,"Environment: 1, AimModifier: 2",8.047504,false,0,0,0,NA,false,0,0,0,NA,-1,-1,-1,-1,-1,-2,-2,false,0,0,0,NA,-1,-1,-1,-1,-1,-2,-2
2,"Environment: 1, AimModifier: 2",8.048873,false,0,0,0,NA,false,0,0,0,NA,-1,-1,-1,-1,-1,-2,-2,false,0,0,0,NA,-1,-1,-1,-1,-1,-2,-2
2,"Environment: 1, AimModifier: 2",8.050194,false,0,0,0,NA,false,0,0,0,NA,-1,-1,-1,-1,-1,-2,-2,false,0,0,0,NA,-1,-1,-1,-1,-1,-2,-2
2,"Environment: 1, AimModifier: 2",8.0517,false,0,0,0,NA,false,0,0,0,NA,-1,-1,-1,-1,-1,-2,-2,false,0,0,0,NA,-1,-1,-1,-1,-1,-2,-2
2,"Environment: 1, AimModifier: 2",8.053124,false,0,0,0,NA,false,0,0,0,NA,-1,-1,-1,-1,-1,-2,-2,false,0,0,0,NA,-1,-1,-1,-1,-1,-2,-2
2,"Environment: 1, AimModifier: 2",8.054544,false,0,0,0,NA,false,0,0,0,NA,-1,-1,-1,-1,-1,-2,-2,false,0,0,0,NA,-1,-1,-1,-1,-1,-2,-2
2,"Environment: 1, AimModifier: 2",8.056,false,0,0,0,NA,false,0,0,0,NA,-1,-1,-1,-1,-1,-2,-2,false,0,0,0,NA,-1,-1,-1,-1,-1,-2,-2
2,"Environment: 1, AimModifier: 2",8.057332,false,0,0,0,NA,false,0,0,0,NA,-1,-1,-1,-1,-1,-2,-2,false,0,0,0,NA,-1,-1,-1,-1,-1,-2,-2
2,"Environment: 1, AimModifier: 2",8.05874,false,0,0,0,NA,false,0,0,0,NA,-1,-1,-1,-1,-1,-2,-2,false,0,0,0,NA,-1,-1,-1,-1,-1,-2,-2
2,"Environment: 1, AimModifier: 2",8.060247,false,0,0,0,NA,false,0,0,0,NA,-1,-1,-1,-1,-1,-2,-2,false,0,0,0,NA,-1,-1,-1,-1,-1,-2,-2
2,"Environment: 1, AimModifier: 2",8.061831,false,0,0,0,NA,false,0,0,0,NA,-1,-1,-1,-1,-1,-2,-2,false,0,0,0,NA,-1,-1,-1,-1,-1,-2,-2
2,"Environment: 1, AimModifier: 2",8.063253,false,0,0,0,NA,false,0,0,0,NA,-1,-1,-1,-1,-1,-2,-2,false,0,0,0,NA,-1,-1,-1,-1,-1,-2,-2
2,"Environment: 1, AimModifier: 2",8.064741,false,0,0,0,NA,false,0,0,0,NA,-1,-1,-1,-1,-1,-2,-2,false,0,0,0,NA,-1,-1,-1,-1,-1,-2,-2
2,"Environment: 1, AimModifier: 2",8.066512,false,0,0,0,NA,false,0,0,0,NA,-1,-1,-1,-1,-1,-2,-2,false,0,0,0,NA,-1,-1,-1,-1,-1,-2,-2
2,"Environment: 1, AimModifier: 2",8.068066,false,0,0,0,NA,false,0,0,0,NA,-1,-1,-1,-1,-1,-2,-2,false,0,0,0,NA,-1,-1,-1,-1,-1,-2,-2
2,"Environment: 1, AimModifier: 2",8.06965,false,0,0,0,NA,false,0,0,0,NA,-1,-1,-1,-1,-1,-2,-2,false,0,0,0,NA,-1,-1,-1,-1,-1,-2,-2
2,"Environment: 1, AimModifier: 2",8.071239,false,0,0,0,NA,false,0,0,0,NA,-1,-1,-1,-1,-1,-2,-2,false,0,0,0,NA,-1,-1,-1,-1,-1,-2,-2
2,"Environment: 1, AimModifier: 2",8.072623,false,0,0,0,NA,false,0,0,0,NA,-1,-1,-1,-1,-1,-2,-2,false,0,0,0,NA,-1,-1,-1,-1,-1,-2,-2
2,"Environment: 1, AimModifier: 2",8.073924,false,0,0,0,NA,false,0,0,0,NA,-1,-1,-1,-1,-1,-2,-2,false,0,0,0,NA,-1,-1,-1,-1,-1,-2,-2
2,"Environment: 1, AimModifier: 2",8.075261,false,0,0,0,NA,false,0,0,0,NA,-1,-1,-1,-1,-1,-2,-2,false,0,0,0,NA,-1,-1,-1,-1,-1,-2,-2
2,"Environment: 1, AimModifier: 2",8.076622,false,0,0,0,NA,false,0,0,0,NA,-1,-1,-1,-1,-1,-2,-2,false,0,0,0,NA,-1,-1,-1,-1,-1,-2,-2
2,"Environment: 1, AimModifier: 2",8.077986,false,0,0,0,NA,false,0,0,0,NA,-1,-1,-1,-1,-1,-2,-2,false,0,0,0,NA,-1,-1,-1,-1,-1,-2,-2
2,"Environment: 1, AimModifier: 2",8.07949,false,0,0,0,NA,false,0,0,0,NA,-1,-1,-1,-1,-1,-2,-2,false,0,0,0,NA,-1,-1,-1,-1,-1,-2,-2
2,"Environment: 1, AimModifier: 2",8.08113,false,0,0,0,NA,false,0,0,0,NA,-1,-1,-1,-1,-1,-2,-2,false,0,0,0,NA,-1,-1,-1,-1,-1,-2,-2
2,"Environment: 1, AimModifier: 2",8.08291,false,0,0,0,NA,false,0,0,0,NA,-1,-1,-1,-1,-1,-2,-2,false,0,0,0,NA,-1,-1,-1,-1,-1,-2,-2
2,"Environment: 1, AimModifier: 2",8.084369,false,0,0,0,NA,false,0,0,0,NA,-1,-1,-1,-1,-1,-2,-2,false,0,0,0,NA,-1,-1,-1,-1,-1,-2,-2
2,"Environment: 1, AimModifier: 2",8.085826,false,0,0,0,NA,false,0,0,0,NA,-1,-1,-1,-1,-1,-2,-2,false,0,0,0,NA,-1,-1,-1,-1,-1,-2,-2
2,"Environment: 1, AimModifier: 2",8.08736,false,0,0,0,NA,false,0,0,0,NA,-1,-1,-1,-1,-1,-2,-2,false,0,0,0,NA,-1,-1,-1,-1,-1,-2,-2
2,"Environment: 1, AimModifier: 2",8.088779,false,0,0,0,NA,false,0,0,0,NA,-1,-1,-1,-1,-1,-2,-2,false,0,0,0,NA,-1,-1,-1,-1,-1,-2,-2
2,"Environment: 1, AimModifier: 2",8.090046,false,0,0,0,NA,false,0,0,0,NA,-1,-1,-1,-1,-1,-2,-2,false,0,0,0,NA,-1,-1,-1,-1,-1,-2,-2
2,"Environment: 1, AimModifier: 2",8.091558,false,0,0,0,NA,false,0,0,0,NA,-1,-1,-1,-1,-1,-2,-2,false,0,0,0,NA,-1,-1,-1,-1,-1,-2,-2
2,"Environment: 1, AimModifier: 2",8.092983,false,0,0,0,NA,false,0,0,0,NA,-1,-1,-1,-1,-1,-2,-2,false,0,0,0,NA,-1,-1,-1,-1,-1,-2,-2
2,"Environment: 1, AimModifier: 2",8.094399,false,0,0,0,NA,false,0,0,0,NA,-1,-1,-1,-1,-1,-2,-2,false,0,0,0,NA,-1,-1,-1,-1,-1,-2,-2
2,"Environment: 1, AimModifier: 2",8.095837,false,0,0,0,NA,false,0,0,0,NA,-1,-1,-1,-1,-1,-2,-2,false,0,0,0,NA,-1,-1,-1,-1,-1,-2,-2
2,"Environment: 1, AimModifier: 2",8.097169,false,0,0,0,NA,false,0,0,0,NA,-1,-1,-1,-1,-1,-2,-2,false,0,0,0,NA,-1,-1,-1,-1,-1,-2,-2
2,"Environment: 1, AimModifier: 2",8.098539,false,0,0,0,NA,false,0,0,0,NA,-1,-1,-1,-1,-1,-2,-2,false,0,0,0,NA,-1,-1,-1,-1,-1,-2,-2
2,"Environment: 1, AimModifier: 2",8.100017,false,0,0,0,NA,false,0,0,0,NA,-1,-1,-1,-1,-1,-2,-2,false,0,0,0,NA,-1,-1,-1,-1,-1,-2,-2
2,"Environment: 1, AimModifier: 2",8.101423,false,0,0,0,NA,false,0,0,0,NA,-1,-1,-1,-1,-1,-2,-2,false,0,0,0,NA,-1,-1,-1,-1,-1,-2,-2
2,"Environment: 1, AimModifier: 2",8.102945,false,0,0,0,NA,false,0,0,0,NA,-1,-1,-1,-1,-1,-2,-2,false,0,0,0,NA,-1,-1,-1,-1,-1,-2,-2
2,"Environment: 1, AimModifier: 2",8.104518,false,0,0,0,NA,false,0,0,0,NA,-1,-1,-1,-1,-1,-2,-2,false,0,0,0,NA,-1,-1,-1,-1,-1,-2,-2
2,"Environment: 1, AimModifier: 2",8.106089,false,0,0,0,NA,false,0,0,0,NA,-1,-1,-1,-1,-1,-2,-2,false,0,0,0,NA,-1,-1,-1,-1,-1,-2,-2
2,"Environment: 1, AimModifier: 2",8.107444,false,0,0,0,NA,false,0,0,0,NA,-1,-1,-1,-1,-1,-2,-2,false,0,0,0,NA,-1,-1,-1,-1,-1,-2,-2
2,"Environment: 1, AimModifier: 2",8.108889,false,0,0,0,NA,false,0,0,0,NA,-1,-1,-1,-1,-1,-2,-2,false,0,0,0,NA,-1,-1,-1,-1,-1,-2,-2
2,"Environment: 1, AimModifier: 2",8.113515,false,0,0,0,NA,false,0,0,0,NA,-1,-1,-1,-1,-1,-2,-2,false,0,0,0,NA,-1,-1,-1,-1,-1,-2,-2
2,"Environment: 1, AimModifier: 2",8.116964,false,0,0,0,NA,false,0,0,0,NA,-1,-1,-1,-1,-1,-2,-2,false,0,0,0,NA,-1,-1,-1,-1,-1,-2,-2
2,"Environment: 1, AimModifier: 2",8.119416,false,0,0,0,NA,false,0,0,0,NA,-1,-1,-1,-1,-1,-2,-2,false,0,0,0,NA,-1,-1,-1,-1,-1,-2,-2
2,"Environment: 1, AimModifier: 2",8.121464,false,0,0,0,NA,false,0,0,0,NA,-1,-1,-1,-1,-1,-2,-2,false,0,0,0,NA,-1,-1,-1,-1,-1,-2,-2
2,"Environment: 1, AimModifier: 2",8.123535,false,0,0,0,NA,false,0,0,0,NA,-1,-1,-1,-1,-1,-2,-2,false,0,0,0,NA,-1,-1,-1,-1,-1,-2,-2
2,"Environment: 1, AimModifier: 2",8.125526,false,0,0,0,NA,false,0,0,0,NA,-1,-1,-1,-1,-1,-2,-2,false,0,0,0,NA,-1,-1,-1,-1,-1,-2,-2
2,"Environment: 1, AimModifier: 2",8.127404,false,0,0,0,NA,false,0,0,0,NA,-1,-1,-1,-1,-1,-2,-2,false,0,0,0,NA,-1,-1,-1,-1,-1,-2,-2
2,"Environment: 1, AimModifier: 2",8.12895,false,0,0,0,NA,false,0,0,0,NA,-1,-1,-1,-1,-1,-2,-2,false,0,0,0,NA,-1,-1,-1,-1,-1,-2,-2
2,"Environment: 1, AimModifier: 2",8.130866,false,0,0,0,NA,false,0,0,0,NA,-1,-1,-1,-1,-1,-2,-2,false,0,0,0,NA,-1,-1,-1,-1,-1,-2,-2
2,"Environment: 1, AimModifier: 2",8.132504,false,0,0,0,NA,false,0,0,0,NA,-1,-1,-1,-1,-1,-2,-2,false,0,0,0,NA,-1,-1,-1,-1,-1,-2,-2
2,"Environment: 1, AimModifier: 2",8.134925,false,0,0,0,NA,false,0,0,0,NA,-1,-1,-1,-1,-1,-2,-2,false,0,0,0,NA,-1,-1,-1,-1,-1,-2,-2
2,"Environment: 1, AimModifier: 2",8.138187,false,0,0,0,NA,false,0,0,0,NA,-1,-1,-1,-1,-1,-2,-2,false,0,0,0,NA,-1,-1,-1,-1,-1,-2,-2
2,"Environment: 1, AimModifier: 2",8.140302,false,0,0,0,NA,false,0,0,0,NA,-1,-1,-1,-1,-1,-2,-2,false,0,0,0,NA,-1,-1,-1,-1,-1,-2,-2
2,"Environment: 1, AimModifier: 2",8.142103,false,0,0,0,NA,false,0,0,0,NA,-1,-1,-1,-1,-1,-2,-2,false,0,0,0,NA,-1,-1,-1,-1,-1,-2,-2
2,"Environment: 1, AimModifier: 2",8.144378,false,0,0,0,NA,false,0,0,0,NA,-1,-1,-1,-1,-1,-2,-2,false,0,0,0,NA,-1,-1,-1,-1,-1,-2,-2
2,"Environment: 1, AimModifier: 2",8.146258,false,0,0,0,NA,false,0,0,0,NA,-1,-1,-1,-1,-1,-2,-2,false,0,0,0,NA,-1,-1,-1,-1,-1,-2,-2
2,"Environment: 1, AimModifier: 2",8.14784,false,0,0,0,NA,false,0,0,0,NA,-1,-1,-1,-1,-1,-2,-2,false,0,0,0,NA,-1,-1,-1,-1,-1,-2,-2
2,"Environment: 1, AimModifier: 2",8.149691,false,0,0,0,NA,false,0,0,0,NA,-1,-1,-1,-1,-1,-2,-2,false,0,0,0,NA,-1,-1,-1,-1,-1,-2,-2
2,"Environment: 1, AimModifier: 2",8.151288,false,0,0,0,NA,false,0,0,0,NA,-1,-1,-1,-1,-1,-2,-2,false,0,0,0,NA,-1,-1,-1,-1,-1,-2,-2
2,"Environment: 1, AimModifier: 2",8.152688,false,0,0,0,NA,false,0,0,0,NA,-1,-1,-1,-1,-1,-2,-2,false,0,0,0,NA,-1,-1,-1,-1,-1,-2,-2
2,"Environment: 1, AimModifier: 2",8.154318,false,0,0,0,NA,false,0,0,0,NA,-1,-1,-1,-1,-1,-2,-2,false,0,0,0,NA,-1,-1,-1,-1,-1,-2,-2
2,"Environment: 1, AimModifier: 2",8.15629,false,0,0,0,NA,false,0,0,0,NA,-1,-1,-1,-1,-1,-2,-2,false,0,0,0,NA,-1,-1,-1,-1,-1,-2,-2
2,"Environment: 1, AimModifier: 2",8.157957,false,0,0,0,NA,false,0,0,0,NA,-1,-1,-1,-1,-1,-2,-2,false,0,0,0,NA,-1,-1,-1,-1,-1,-2,-2
2,"Environment: 1, AimModifier: 2",8.159665,false,0,0,0,NA,false,0,0,0,NA,-1,-1,-1,-1,-1,-2,-2,false,0,0,0,NA,-1,-1,-1,-1,-1,-2,-2
2,"Environment: 1, AimModifier: 2",8.161414,false,0,0,0,NA,false,0,0,0,NA,-1,-1,-1,-1,-1,-2,-2,false,0,0,0,NA,-1,-1,-1,-1,-1,-2,-2
2,"Environment: 1, AimModifier: 2",8.163077,false,0,0,0,NA,false,0,0,0,NA,-1,-1,-1,-1,-1,-2,-2,false,0,0,0,NA,-1,-1,-1,-1,-1,-2,-2
2,"Environment: 1, AimModifier: 2",8.16508,false,0,0,0,NA,false,0,0,0,NA,-1,-1,-1,-1,-1,-2,-2,false,0,0,0,NA,-1,-1,-1,-1,-1,-2,-2
2,"Environment: 1, AimModifier: 2",8.166931,false,0,0,0,NA,false,0,0,0,NA,-1,-1,-1,-1,-1,-2,-2,false,0,0,0,NA,-1,-1,-1,-1,-1,-2,-2
2,"Environment: 1, AimModifier: 2",8.168587,false,0,0,0,NA,false,0,0,0,NA,-1,-1,-1,-1,-1,-2,-2,false,0,0,0,NA,-1,-1,-1,-1,-1,-2,-2
2,"Environment: 1, AimModifier: 2",8.170243,false,0,0,0,NA,false,0,0,0,NA,-1,-1,-1,-1,-1,-2,-2,false,0,0,0,NA,-1,-1,-1,-1,-1,-2,-2
2,"Environment: 1, AimModifier: 2",8.171914,false,0,0,0,NA,false,0,0,0,NA,-1,-1,-1,-1,-1,-2,-2,false,0,0,0,NA,-1,-1,-1,-1,-1,-2,-2
2,"Environment: 1, AimModifier: 2",8.173602,false,0,0,0,NA,false,0,0,0,NA,-1,-1,-1,-1,-1,-2,-2,false,0,0,0,NA,-1,-1,-1,-1,-1,-2,-2
2,"Environment: 1, AimModifier: 2",8.175159,false,0,0,0,NA,false,0,0,0,NA,-1,-1,-1,-1,-1,-2,-2,false,0,0,0,NA,-1,-1,-1,-1,-1,-2,-2
2,"Environment: 1, AimModifier: 2",8.176743,false,0,0,0,NA,false,0,0,0,NA,-1,-1,-1,-1,-1,-2,-2,false,0,0,0,NA,-1,-1,-1,-1,-1,-2,-2
2,"Environment: 1, AimModifier: 2",8.178545,false,0,0,0,NA,false,0,0,0,NA,-1,-1,-1,-1,-1,-2,-2,false,0,0,0,NA,-1,-1,-1,-1,-1,-2,-2
2,"Environment: 1, AimModifier: 2",8.180665,false,0,0,0,NA,false,0,0,0,NA,-1,-1,-1,-1,-1,-2,-2,false,0,0,0,NA,-1,-1,-1,-1,-1,-2,-2
2,"Environment: 1, AimModifier: 2",8.182616,false,0,0,0,NA,false,0,0,0,NA,-1,-1,-1,-1,-1,-2,-2,false,0,0,0,NA,-1,-1,-1,-1,-1,-2,-2
2,"Environment: 1, AimModifier: 2",8.184391,false,0,0,0,NA,false,0,0,0,NA,-1,-1,-1,-1,-1,-2,-2,false,0,0,0,NA,-1,-1,-1,-1,-1,-2,-2
2,"Environment: 1, AimModifier: 2",8.186259,false,0,0,0,NA,false,0,0,0,NA,-1,-1,-1,-1,-1,-2,-2,false,0,0,0,NA,-1,-1,-1,-1,-1,-2,-2
2,"Environment: 1, AimModifier: 2",8.187752,false,0,0,0,NA,false,0,0,0,NA,-1,-1,-1,-1,-1,-2,-2,false,0,0,0,NA,-1,-1,-1,-1,-1,-2,-2
2,"Environment: 1, AimModifier: 2",8.189417,false,0,0,0,NA,false,0,0,0,NA,-1,-1,-1,-1,-1,-2,-2,false,0,0,0,NA,-1,-1,-1,-1,-1,-2,-2
2,"Environment: 1, AimModifier: 2",8.191216,false,0,0,0,NA,false,0,0,0,NA,-1,-1,-1,-1,-1,-2,-2,false,0,0,0,NA,-1,-1,-1,-1,-1,-2,-2
2,"Environment: 1, AimModifier: 2",8.193107,false,0,0,0,NA,false,0,0,0,NA,-1,-1,-1,-1,-1,-2,-2,false,0,0,0,NA,-1,-1,-1,-1,-1,-2,-2
2,"Environment: 1, AimModifier: 2",8.195004,false,0,0,0,NA,false,0,0,0,NA,-1,-1,-1,-1,-1,-2,-2,false,0,0,0,NA,-1,-1,-1,-1,-1,-2,-2
2,"Environment: 1, AimModifier: 2",8.196997,false,0,0,0,NA,false,0,0,0,NA,-1,-1,-1,-1,-1,-2,-2,false,0,0,0,NA,-1,-1,-1,-1,-1,-2,-2
2,"Environment: 1, AimModifier: 2",8.199677,false,0,0,0,NA,false,0,0,0,NA,-1,-1,-1,-1,-1,-2,-2,false,0,0,0,NA,-1,-1,-1,-1,-1,-2,-2
2,"Environment: 1, AimModifier: 2",8.201889,false,0,0,0,NA,false,0,0,0,NA,-1,-1,-1,-1,-1,-2,-2,false,0,0,0,NA,-1,-1,-1,-1,-1,-2,-2
2,"Environment: 1, AimModifier: 2",8.203939,false,0,0,0,NA,false,0,0,0,NA,-1,-1,-1,-1,-1,-2,-2,false,0,0,0,NA,-1,-1,-1,-1,-1,-2,-2
2,"Environment: 1, AimModifier: 2",8.205935,false,0,0,0,NA,false,0,0,0,NA,-1,-1,-1,-1,-1,-2,-2,false,0,0,0,NA,-1,-1,-1,-1,-1,-2,-2
2,"Environment: 1, AimModifier: 2",8.207556,false,0,0,0,NA,false,0,0,0,NA,-1,-1,-1,-1,-1,-2,-2,false,0,0,0,NA,-1,-1,-1,-1,-1,-2,-2
2,"Environment: 1, AimModifier: 2",8.209006,false,0,0,0,NA,false,0,0,0,NA,-1,-1,-1,-1,-1,-2,-2,false,0,0,0,NA,-1,-1,-1,-1,-1,-2,-2
2,"Environment: 1, AimModifier: 2",8.210464,false,0,0,0,NA,false,0,0,0,NA,-1,-1,-1,-1,-1,-2,-2,false,0,0,0,NA,-1,-1,-1,-1,-1,-2,-2
2,"Environment: 1, AimModifier: 2",8.211925,false,0,0,0,NA,false,0,0,0,NA,-1,-1,-1,-1,-1,-2,-2,false,0,0,0,NA,-1,-1,-1,-1,-1,-2,-2
2,"Environment: 1, AimModifier: 2",8.213333,false,0,0,0,NA,false,0,0,0,NA,-1,-1,-1,-1,-1,-2,-2,false,0,0,0,NA,-1,-1,-1,-1,-1,-2,-2
2,"Environment: 1, AimModifier: 2",8.214711,false,0,0,0,NA,false,0,0,0,NA,-1,-1,-1,-1,-1,-2,-2,false,0,0,0,NA,-1,-1,-1,-1,-1,-2,-2
2,"Environment: 1, AimModifier: 2",8.216117,false,0,0,0,NA,false,0,0,0,NA,-1,-1,-1,-1,-1,-2,-2,false,0,0,0,NA,-1,-1,-1,-1,-1,-2,-2
2,"Environment: 1, AimModifier: 2",8.217458,false,0,0,0,NA,false,0,0,0,NA,-1,-1,-1,-1,-1,-2,-2,false,0,0,0,NA,-1,-1,-1,-1,-1,-2,-2
2,"Environment: 1, AimModifier: 2",8.218815,false,0,0,0,NA,false,0,0,0,NA,-1,-1,-1,-1,-1,-2,-2,false,0,0,0,NA,-1,-1,-1,-1,-1,-2,-2
2,"Environment: 1, AimModifier: 2",8.220294,false,0,0,0,NA,false,0,0,0,NA,-1,-1,-1,-1,-1,-2,-2,false,0,0,0,NA,-1,-1,-1,-1,-1,-2,-2
2,"Environment: 1, AimModifier: 2",8.221949,false,0,0,0,NA,false,0,0,0,NA,-1,-1,-1,-1,-1,-2,-2,false,0,0,0,NA,-1,-1,-1,-1,-1,-2,-2
2,"Environment: 1, AimModifier: 2",8.22337,false,0,0,0,NA,false,0,0,0,NA,-1,-1,-1,-1,-1,-2,-2,false,0,0,0,NA,-1,-1,-1,-1,-1,-2,-2
2,"Environment: 1, AimModifier: 2",8.224759,false,0,0,0,NA,false,0,0,0,NA,-1,-1,-1,-1,-1,-2,-2,false,0,0,0,NA,-1,-1,-1,-1,-1,-2,-2
2,"Environment: 1, AimModifier: 2",8.226309,false,0,0,0,NA,false,0,0,0,NA,-1,-1,-1,-1,-1,-2,-2,false,0,0,0,NA,-1,-1,-1,-1,-1,-2,-2
2,"Environment: 1, AimModifier: 2",8.227695,false,0,0,0,NA,false,0,0,0,NA,-1,-1,-1,-1,-1,-2,-2,false,0,0,0,NA,-1,-1,-1,-1,-1,-2,-2
2,"Environment: 1, AimModifier: 2",8.229261,false,0,0,0,NA,false,0,0,0,NA,-1,-1,-1,-1,-1,-2,-2,false,0,0,0,NA,-1,-1,-1,-1,-1,-2,-2
2,"Environment: 1, AimModifier: 2",8.230754,false,0,0,0,NA,false,0,0,0,NA,-1,-1,-1,-1,-1,-2,-2,false,0,0,0,NA,-1,-1,-1,-1,-1,-2,-2
2,"Environment: 1, AimModifier: 2",8.232308,false,0,0,0,NA,false,0,0,0,NA,-1,-1,-1,-1,-1,-2,-2,false,0,0,0,NA,-1,-1,-1,-1,-1,-2,-2
2,"Environment: 1, AimModifier: 2",8.23397,false,0,0,0,NA,false,0,0,0,NA,-1,-1,-1,-1,-1,-2,-2,false,0,0,0,NA,-1,-1,-1,-1,-1,-2,-2
2,"Environment: 1, AimModifier: 2",8.235785,false,0,0,0,NA,false,0,0,0,NA,-1,-1,-1,-1,-1,-2,-2,false,0,0,0,NA,-1,-1,-1,-1,-1,-2,-2
2,"Environment: 1, AimModifier: 2",8.237369,false,0,0,0,NA,false,0,0,0,NA,-1,-1,-1,-1,-1,-2,-2,false,0,0,0,NA,-1,-1,-1,-1,-1,-2,-2
2,"Environment: 1, AimModifier: 2",8.238822,false,0,0,0,NA,false,0,0,0,NA,-1,-1,-1,-1,-1,-2,-2,false,0,0,0,NA,-1,-1,-1,-1,-1,-2,-2
2,"Environment: 1, AimModifier: 2",8.240302,false,0,0,0,NA,false,0,0,0,NA,-1,-1,-1,-1,-1,-2,-2,false,0,0,0,NA,-1,-1,-1,-1,-1,-2,-2
2,"Environment: 1, AimModifier: 2",8.24177,false,0,0,0,NA,false,0,0,0,NA,-1,-1,-1,-1,-1,-2,-2,false,0,0,0,NA,-1,-1,-1,-1,-1,-2,-2
2,"Environment: 1, AimModifier: 2",8.243203,false,0,0,0,NA,false,0,0,0,NA,-1,-1,-1,-1,-1,-2,-2,false,0,0,0,NA,-1,-1,-1,-1,-1,-2,-2
2,"Environment: 1, AimModifier: 2",8.244759,false,0,0,0,NA,false,0,0,0,NA,-1,-1,-1,-1,-1,-2,-2,false,0,0,0,NA,-1,-1,-1,-1,-1,-2,-2
2,"Environment: 1, AimModifier: 2",8.246822,false,0,0,0,NA,false,0,0,0,NA,-1,-1,-1,-1,-1,-2,-2,false,0,0,0,NA,-1,-1,-1,-1,-1,-2,-2
2,"Environment: 1, AimModifier: 2",8.248704,false,0,0,0,NA,false,0,0,0,NA,-1,-1,-1,-1,-1,-2,-2,false,0,0,0,NA,-1,-1,-1,-1,-1,-2,-2
2,"Environment: 1, AimModifier: 2",8.250443,false,0,0,0,NA,false,0,0,0,NA,-1,-1,-1,-1,-1,-2,-2,false,0,0,0,NA,-1,-1,-1,-1,-1,-2,-2
2,"Environment: 1, AimModifier: 2",8.252508,false,0,0,0,NA,false,0,0,0,NA,-1,-1,-1,-1,-1,-2,-2,false,0,0,0,NA,-1,-1,-1,-1,-1,-2,-2
2,"Environment: 1, AimModifier: 2",8.25413,false,0,0,0,NA,false,0,0,0,NA,-1,-1,-1,-1,-1,-2,-2,false,0,0,0,NA,-1,-1,-1,-1,-1,-2,-2
2,"Environment: 1, AimModifier: 2",8.255506,false,0,0,0,NA,false,0,0,0,NA,-1,-1,-1,-1,-1,-2,-2,false,0,0,0,NA,-1,-1,-1,-1,-1,-2,-2
2,"Environment: 1, AimModifier: 2",8.256929,false,0,0,0,NA,false,0,0,0,NA,-1,-1,-1,-1,-1,-2,-2,false,0,0,0,NA,-1,-1,-1,-1,-1,-2,-2
2,"Environment: 1, AimModifier: 2",8.258354,false,0,0,0,NA,false,0,0,0,NA,-1,-1,-1,-1,-1,-2,-2,false,0,0,0,NA,-1,-1,-1,-1,-1,-2,-2
2,"Environment: 1, AimModifier: 2",8.259727,false,0,0,0,NA,false,0,0,0,NA,-1,-1,-1,-1,-1,-2,-2,false,0,0,0,NA,-1,-1,-1,-1,-1,-2,-2
2,"Environment: 1, AimModifier: 2",8.261155,false,0,0,0,NA,false,0,0,0,NA,-1,-1,-1,-1,-1,-2,-2,false,0,0,0,NA,-1,-1,-1,-1,-1,-2,-2
2,"Environment: 1, AimModifier: 2",8.26261,false,0,0,0,NA,false,0,0,0,NA,-1,-1,-1,-1,-1,-2,-2,false,0,0,0,NA,-1,-1,-1,-1,-1,-2,-2
2,"Environment: 1, AimModifier: 2",8.264462,false,0,0,0,NA,false,0,0,0,NA,-1,-1,-1,-1,-1,-2,-2,false,0,0,0,NA,-1,-1,-1,-1,-1,-2,-2
2,"Environment: 1, AimModifier: 2",8.266498,false,0,0,0,NA,false,0,0,0,NA,-1,-1,-1,-1,-1,-2,-2,false,0,0,0,NA,-1,-1,-1,-1,-1,-2,-2
2,"Environment: 1, AimModifier: 2",8.268369,false,0,0,0,NA,false,0,0,0,NA,-1,-1,-1,-1,-1,-2,-2,false,0,0,0,NA,-1,-1,-1,-1,-1,-2,-2
2,"Environment: 1, AimModifier: 2",8.270622,false,0,0,0,NA,false,0,0,0,NA,-1,-1,-1,-1,-1,-2,-2,false,0,0,0,NA,-1,-1,-1,-1,-1,-2,-2
2,"Environment: 1, AimModifier: 2",8.272176,false,0,0,0,NA,false,0,0,0,NA,-1,-1,-1,-1,-1,-2,-2,false,0,0,0,NA,-1,-1,-1,-1,-1,-2,-2
2,"Environment: 1, AimModifier: 2",8.273863,false,0,0,0,NA,false,0,0,0,NA,-1,-1,-1,-1,-1,-2,-2,false,0,0,0,NA,-1,-1,-1,-1,-1,-2,-2
2,"Environment: 1, AimModifier: 2",8.275932,false,0,0,0,NA,false,0,0,0,NA,-1,-1,-1,-1,-1,-2,-2,false,0,0,0,NA,-1,-1,-1,-1,-1,-2,-2
2,"Environment: 1, AimModifier: 2",8.277745,false,0,0,0,NA,false,0,0,0,NA,-1,-1,-1,-1,-1,-2,-2,false,0,0,0,NA,-1,-1,-1,-1,-1,-2,-2
2,"Environment: 1, AimModifier: 2",8.279591,false,0,0,0,NA,false,0,0,0,NA,-1,-1,-1,-1,-1,-2,-2,false,0,0,0,NA,-1,-1,-1,-1,-1,-2,-2
2,"Environment: 1, AimModifier: 2",8.281931,false,0,0,0,NA,false,0,0,0,NA,-1,-1,-1,-1,-1,-2,-2,false,0,0,0,NA,-1,-1,-1,-1,-1,-2,-2
2,"Environment: 1, AimModifier: 2",8.283612,false,0,0,0,NA,false,0,0,0,NA,-1,-1,-1,-1,-1,-2,-2,false,0,0,0,NA,-1,-1,-1,-1,-1,-2,-2
2,"Environment: 1, AimModifier: 2",8.285389,false,0,0,0,NA,false,0,0,0,NA,-1,-1,-1,-1,-1,-2,-2,false,0,0,0,NA,-1,-1,-1,-1,-1,-2,-2
2,"Environment: 1, AimModifier: 2",8.286974,false,0,0,0,NA,false,0,0,0,NA,-1,-1,-1,-1,-1,-2,-2,false,0,0,0,NA,-1,-1,-1,-1,-1,-2,-2
2,"Environment: 1, AimModifier: 2",8.28861,false,0,0,0,NA,false,0,0,0,NA,-1,-1,-1,-1,-1,-2,-2,false,0,0,0,NA,-1,-1,-1,-1,-1,-2,-2
2,"Environment: 1, AimModifier: 2",8.29016,false,0,0,0,NA,false,0,0,0,NA,-1,-1,-1,-1,-1,-2,-2,false,0,0,0,NA,-1,-1,-1,-1,-1,-2,-2
2,"Environment: 1, AimModifier: 2",8.291621,false,0,0,0,NA,false,0,0,0,NA,-1,-1,-1,-1,-1,-2,-2,false,0,0,0,NA,-1,-1,-1,-1,-1,-2,-2
2,"Environment: 1, AimModifier: 2",8.292935,false,0,0,0,NA,false,0,0,0,NA,-1,-1,-1,-1,-1,-2,-2,false,0,0,0,NA,-1,-1,-1,-1,-1,-2,-2
2,"Environment: 1, AimModifier: 2",8.294456,false,0,0,0,NA,false,0,0,0,NA,-1,-1,-1,-1,-1,-2,-2,false,0,0,0,NA,-1,-1,-1,-1,-1,-2,-2
2,"Environment: 1, AimModifier: 2",8.295915,false,0,0,0,NA,false,0,0,0,NA,-1,-1,-1,-1,-1,-2,-2,false,0,0,0,NA,-1,-1,-1,-1,-1,-2,-2
2,"Environment: 1, AimModifier: 2",8.297293,false,0,0,0,NA,false,0,0,0,NA,-1,-1,-1,-1,-1,-2,-2,false,0,0,0,NA,-1,-1,-1,-1,-1,-2,-2
2,"Environment: 1, AimModifier: 2",8.298624,false,0,0,0,NA,false,0,0,0,NA,-1,-1,-1,-1,-1,-2,-2,false,0,0,0,NA,-1,-1,-1,-1,-1,-2,-2
2,"Environment: 1, AimModifier: 2",8.300153,false,0,0,0,NA,false,0,0,0,NA,-1,-1,-1,-1,-1,-2,-2,false,0,0,0,NA,-1,-1,-1,-1,-1,-2,-2
2,"Environment: 1, AimModifier: 2",8.302574,false,0,0,0,NA,false,0,0,0,NA,-1,-1,-1,-1,-1,-2,-2,false,0,0,0,NA,-1,-1,-1,-1,-1,-2,-2
2,"Environment: 1, AimModifier: 2",8.304335,false,0,0,0,NA,false,0,0,0,NA,-1,-1,-1,-1,-1,-2,-2,false,0,0,0,NA,-1,-1,-1,-1,-1,-2,-2
2,"Environment: 1, AimModifier: 2",8.306179,false,0,0,0,NA,false,0,0,0,NA,-1,-1,-1,-1,-1,-2,-2,false,0,0,0,NA,-1,-1,-1,-1,-1,-2,-2
2,"Environment: 1, AimModifier: 2",8.30777,false,0,0,0,NA,false,0,0,0,NA,-1,-1,-1,-1,-1,-2,-2,false,0,0,0,NA,-1,-1,-1,-1,-1,-2,-2
2,"Environment: 1, AimModifier: 2",8.309121,false,0,0,0,NA,false,0,0,0,NA,-1,-1,-1,-1,-1,-2,-2,false,0,0,0,NA,-1,-1,-1,-1,-1,-2,-2
2,"Environment: 1, AimModifier: 2",8.310461,false,0,0,0,NA,false,0,0,0,NA,-1,-1,-1,-1,-1,-2,-2,false,0,0,0,NA,-1,-1,-1,-1,-1,-2,-2
2,"Environment: 1, AimModifier: 2",8.311872,false,0,0,0,NA,false,0,0,0,NA,-1,-1,-1,-1,-1,-2,-2,false,0,0,0,NA,-1,-1,-1,-1,-1,-2,-2
2,"Environment: 1, AimModifier: 2",8.313323,false,0,0,0,NA,false,0,0,0,NA,-1,-1,-1,-1,-1,-2,-2,false,0,0,0,NA,-1,-1,-1,-1,-1,-2,-2
2,"Environment: 1, AimModifier: 2",8.314795,false,0,0,0,NA,false,0,0,0,NA,-1,-1,-1,-1,-1,-2,-2,false,0,0,0,NA,-1,-1,-1,-1,-1,-2,-2
2,"Environment: 1, AimModifier: 2",8.316481,false,0,0,0,NA,false,0,0,0,NA,-1,-1,-1,-1,-1,-2,-2,false,0,0,0,NA,-1,-1,-1,-1,-1,-2,-2
2,"Environment: 1, AimModifier: 2",8.318076,false,0,0,0,NA,false,0,0,0,NA,-1,-1,-1,-1,-1,-2,-2,false,0,0,0,NA,-1,-1,-1,-1,-1,-2,-2
2,"Environment: 1, AimModifier: 2",8.319612,false,0,0,0,NA,false,0,0,0,NA,-1,-1,-1,-1,-1,-2,-2,false,0,0,0,NA,-1,-1,-1,-1,-1,-2,-2
2,"Environment: 1, AimModifier: 2",8.320964,false,0,0,0,NA,false,0,0,0,NA,-1,-1,-1,-1,-1,-2,-2,false,0,0,0,NA,-1,-1,-1,-1,-1,-2,-2
2,"Environment: 1, AimModifier: 2",8.322433,false,0,0,0,NA,false,0,0,0,NA,-1,-1,-1,-1,-1,-2,-2,false,0,0,0,NA,-1,-1,-1,-1,-1,-2,-2
2,"Environment: 1, AimModifier: 2",8.323893,false,0,0,0,NA,false,0,0,0,NA,-1,-1,-1,-1,-1,-2,-2,false,0,0,0,NA,-1,-1,-1,-1,-1,-2,-2
2,"Environment: 1, AimModifier: 2",8.325509,false,0,0,0,NA,false,0,0,0,NA,-1,-1,-1,-1,-1,-2,-2,false,0,0,0,NA,-1,-1,-1,-1,-1,-2,-2
2,"Environment: 1, AimModifier: 2",8.327008,false,0,0,0,NA,false,0,0,0,NA,-1,-1,-1,-1,-1,-2,-2,false,0,0,0,NA,-1,-1,-1,-1,-1,-2,-2
2,"Environment: 1, AimModifier: 2",8.328862,false,0,0,0,NA,false,0,0,0,NA,-1,-1,-1,-1,-1,-2,-2,false,0,0,0,NA,-1,-1,-1,-1,-1,-2,-2
2,"Environment: 1, AimModifier: 2",8.330505,false,0,0,0,NA,false,0,0,0,NA,-1,-1,-1,-1,-1,-2,-2,false,0,0,0,NA,-1,-1,-1,-1,-1,-2,-2
2,"Environment: 1, AimModifier: 2",8.332262,false,0,0,0,NA,false,0,0,0,NA,-1,-1,-1,-1,-1,-2,-2,false,0,0,0,NA,-1,-1,-1,-1,-1,-2,-2
2,"Environment: 1, AimModifier: 2",8.333767,false,0,0,0,NA,false,0,0,0,NA,-1,-1,-1,-1,-1,-2,-2,false,0,0,0,NA,-1,-1,-1,-1,-1,-2,-2
2,"Environment: 1, AimModifier: 2",8.335324,false,0,0,0,NA,false,0,0,0,NA,-1,-1,-1,-1,-1,-2,-2,false,0,0,0,NA,-1,-1,-1,-1,-1,-2,-2
2,"Environment: 1, AimModifier: 2",8.336873,false,0,0,0,NA,false,0,0,0,NA,-1,-1,-1,-1,-1,-2,-2,false,0,0,0,NA,-1,-1,-1,-1,-1,-2,-2
2,"Environment: 1, AimModifier: 2",8.338274,false,0,0,0,NA,false,0,0,0,NA,-1,-1,-1,-1,-1,-2,-2,false,0,0,0,NA,-1,-1,-1,-1,-1,-2,-2
2,"Environment: 1, AimModifier: 2",8.339586,false,0,0,0,NA,false,0,0,0,NA,-1,-1,-1,-1,-1,-2,-2,false,0,0,0,NA,-1,-1,-1,-1,-1,-2,-2
2,"Environment: 1, AimModifier: 2",8.340896,false,0,0,0,NA,false,0,0,0,NA,-1,-1,-1,-1,-1,-2,-2,false,0,0,0,NA,-1,-1,-1,-1,-1,-2,-2
2,"Environment: 1, AimModifier: 2",8.342225,false,0,0,0,NA,false,0,0,0,NA,-1,-1,-1,-1,-1,-2,-2,false,0,0,0,NA,-1,-1,-1,-1,-1,-2,-2
2,"Environment: 1, AimModifier: 2",8.343596,false,0,0,0,NA,false,0,0,0,NA,-1,-1,-1,-1,-1,-2,-2,false,0,0,0,NA,-1,-1,-1,-1,-1,-2,-2
2,"Environment: 1, AimModifier: 2",8.345115,false,0,0,0,NA,false,0,0,0,NA,-1,-1,-1,-1,-1,-2,-2,false,0,0,0,NA,-1,-1,-1,-1,-1,-2,-2
2,"Environment: 1, AimModifier: 2",8.346529,false,0,0,0,NA,false,0,0,0,NA,-1,-1,-1,-1,-1,-2,-2,false,0,0,0,NA,-1,-1,-1,-1,-1,-2,-2
2,"Environment: 1, AimModifier: 2",8.348094,false,0,0,0,NA,false,0,0,0,NA,-1,-1,-1,-1,-1,-2,-2,false,0,0,0,NA,-1,-1,-1,-1,-1,-2,-2
2,"Environment: 1, AimModifier: 2",8.349675,false,0,0,0,NA,false,0,0,0,NA,-1,-1,-1,-1,-1,-2,-2,false,0,0,0,NA,-1,-1,-1,-1,-1,-2,-2
2,"Environment: 1, AimModifier: 2",8.351103,false,0,0,0,NA,false,0,0,0,NA,-1,-1,-1,-1,-1,-2,-2,false,0,0,0,NA,-1,-1,-1,-1,-1,-2,-2
2,"Environment: 1, AimModifier: 2",8.352515,false,0,0,0,NA,false,0,0,0,NA,-1,-1,-1,-1,-1,-2,-2,false,0,0,0,NA,-1,-1,-1,-1,-1,-2,-2
2,"Environment: 1, AimModifier: 2",8.354097,false,0,0,0,NA,false,0,0,0,NA,-1,-1,-1,-1,-1,-2,-2,false,0,0,0,NA,-1,-1,-1,-1,-1,-2,-2
2,"Environment: 1, AimModifier: 2",8.355869,false,0,0,0,NA,false,0,0,0,NA,-1,-1,-1,-1,-1,-2,-2,false,0,0,0,NA,-1,-1,-1,-1,-1,-2,-2
2,"Environment: 1, AimModifier: 2",8.357996,false,0,0,0,NA,false,0,0,0,NA,-1,-1,-1,-1,-1,-2,-2,false,0,0,0,NA,-1,-1,-1,-1,-1,-2,-2
2,"Environment: 1, AimModifier: 2",8.360273,false,0,0,0,NA,false,0,0,0,NA,-1,-1,-1,-1,-1,-2,-2,false,0,0,0,NA,-1,-1,-1,-1,-1,-2,-2
2,"Environment: 1, AimModifier: 2",8.362152,false,0,0,0,NA,false,0,0,0,NA,-1,-1,-1,-1,-1,-2,-2,false,0,0,0,NA,-1,-1,-1,-1,-1,-2,-2
2,"Environment: 1, AimModifier: 2",8.363753,false,0,0,0,NA,false,0,0,0,NA,-1,-1,-1,-1,-1,-2,-2,false,0,0,0,NA,-1,-1,-1,-1,-1,-2,-2
2,"Environment: 1, AimModifier: 2",8.365297,false,0,0,0,NA,false,0,0,0,NA,-1,-1,-1,-1,-1,-2,-2,false,0,0,0,NA,-1,-1,-1,-1,-1,-2,-2
2,"Environment: 1, AimModifier: 2",8.366761,false,0,0,0,NA,false,0,0,0,NA,-1,-1,-1,-1,-1,-2,-2,false,0,0,0,NA,-1,-1,-1,-1,-1,-2,-2
2,"Environment: 1, AimModifier: 2",8.368633,false,0,0,0,NA,false,0,0,0,NA,-1,-1,-1,-1,-1,-2,-2,false,0,0,0,NA,-1,-1,-1,-1,-1,-2,-2
2,"Environment: 1, AimModifier: 2",8.370442,false,0,0,0,NA,false,0,0,0,NA,-1,-1,-1,-1,-1,-2,-2,false,0,0,0,NA,-1,-1,-1,-1,-1,-2,-2
2,"Environment: 1, AimModifier: 2",8.372314,false,0,0,0,NA,false,0,0,0,NA,-1,-1,-1,-1,-1,-2,-2,false,0,0,0,NA,-1,-1,-1,-1,-1,-2,-2
2,"Environment: 1, AimModifier: 2",8.374033,false,0,0,0,NA,false,0,0,0,NA,-1,-1,-1,-1,-1,-2,-2,false,0,0,0,NA,-1,-1,-1,-1,-1,-2,-2
2,"Environment: 1, AimModifier: 2",8.375462,false,0,0,0,NA,false,0,0,0,NA,-1,-1,-1,-1,-1,-2,-2,false,0,0,0,NA,-1,-1,-1,-1,-1,-2,-2
2,"Environment: 1, AimModifier: 2",8.378575,false,0,0,0,NA,false,0,0,0,NA,-1,-1,-1,-1,-1,-2,-2,false,0,0,0,NA,-1,-1,-1,-1,-1,-2,-2
2,"Environment: 1, AimModifier: 2",8.380203,false,0,0,0,NA,false,0,0,0,NA,-1,-1,-1,-1,-1,-2,-2,false,0,0,0,NA,-1,-1,-1,-1,-1,-2,-2
2,"Environment: 1, AimModifier: 2",8.381734,false,0,0,0,NA,false,0,0,0,NA,-1,-1,-1,-1,-1,-2,-2,false,0,0,0,NA,-1,-1,-1,-1,-1,-2,-2
2,"Environment: 1, AimModifier: 2",8.383164,false,0,0,0,NA,false,0,0,0,NA,-1,-1,-1,-1,-1,-2,-2,false,0,0,0,NA,-1,-1,-1,-1,-1,-2,-2
2,"Environment: 1, AimModifier: 2",8.385271,false,0,0,0,NA,false,0,0,0,NA,-1,-1,-1,-1,-1,-2,-2,false,0,0,0,NA,-1,-1,-1,-1,-1,-2,-2
2,"Environment: 1, AimModifier: 2",8.387336,false,0,0,0,NA,false,0,0,0,NA,-1,-1,-1,-1,-1,-2,-2,false,0,0,0,NA,-1,-1,-1,-1,-1,-2,-2
2,"Environment: 1, AimModifier: 2",8.388989,false,0,0,0,NA,false,0,0,0,NA,-1,-1,-1,-1,-1,-2,-2,false,0,0,0,NA,-1,-1,-1,-1,-1,-2,-2
2,"Environment: 1, AimModifier: 2",8.390484,false,0,0,0,NA,false,0,0,0,NA,-1,-1,-1,-1,-1,-2,-2,false,0,0,0,NA,-1,-1,-1,-1,-1,-2,-2
2,"Environment: 1, AimModifier: 2",8.392136,false,0,0,0,NA,false,0,0,0,NA,-1,-1,-1,-1,-1,-2,-2,false,0,0,0,NA,-1,-1,-1,-1,-1,-2,-2
2,"Environment: 1, AimModifier: 2",8.393588,false,0,0,0,NA,false,0,0,0,NA,-1,-1,-1,-1,-1,-2,-2,false,0,0,0,NA,-1,-1,-1,-1,-1,-2,-2
2,"Environment: 1, AimModifier: 2",8.395016,false,0,0,0,NA,false,0,0,0,NA,-1,-1,-1,-1,-1,-2,-2,false,0,0,0,NA,-1,-1,-1,-1,-1,-2,-2
2,"Environment: 1, AimModifier: 2",8.396527,false,0,0,0,NA,false,0,0,0,NA,-1,-1,-1,-1,-1,-2,-2,false,0,0,0,NA,-1,-1,-1,-1,-1,-2,-2
2,"Environment: 1, AimModifier: 2",8.398327,false,0,0,0,NA,false,0,0,0,NA,-1,-1,-1,-1,-1,-2,-2,false,0,0,0,NA,-1,-1,-1,-1,-1,-2,-2
2,"Environment: 1, AimModifier: 2",8.40136,false,0,0,0,NA,false,0,0,0,NA,-1,-1,-1,-1,-1,-2,-2,false,0,0,0,NA,-1,-1,-1,-1,-1,-2,-2
2,"Environment: 1, AimModifier: 2",8.403276,false,0,0,0,NA,false,0,0,0,NA,-1,-1,-1,-1,-1,-2,-2,false,0,0,0,NA,-1,-1,-1,-1,-1,-2,-2
2,"Environment: 1, AimModifier: 2",8.404996,false,0,0,0,NA,false,0,0,0,NA,-1,-1,-1,-1,-1,-2,-2,false,0,0,0,NA,-1,-1,-1,-1,-1,-2,-2
2,"Environment: 1, AimModifier: 2",8.406512,false,0,0,0,NA,false,0,0,0,NA,-1,-1,-1,-1,-1,-2,-2,false,0,0,0,NA,-1,-1,-1,-1,-1,-2,-2
2,"Environment: 1, AimModifier: 2",8.407912,false,0,0,0,NA,false,0,0,0,NA,-1,-1,-1,-1,-1,-2,-2,false,0,0,0,NA,-1,-1,-1,-1,-1,-2,-2
2,"Environment: 1, AimModifier: 2",8.409522,false,0,0,0,NA,false,0,0,0,NA,-1,-1,-1,-1,-1,-2,-2,false,0,0,0,NA,-1,-1,-1,-1,-1,-2,-2
2,"Environment: 1, AimModifier: 2",8.411238,false,0,0,0,NA,false,0,0,0,NA,-1,-1,-1,-1,-1,-2,-2,false,0,0,0,NA,-1,-1,-1,-1,-1,-2,-2
2,"Environment: 1, AimModifier: 2",8.413023,false,0,0,0,NA,false,0,0,0,NA,-1,-1,-1,-1,-1,-2,-2,false,0,0,0,NA,-1,-1,-1,-1,-1,-2,-2
2,"Environment: 1, AimModifier: 2",8.41468,false,0,0,0,NA,false,0,0,0,NA,-1,-1,-1,-1,-1,-2,-2,false,0,0,0,NA,-1,-1,-1,-1,-1,-2,-2
2,"Environment: 1, AimModifier: 2",8.416702,false,0,0,0,NA,false,0,0,0,NA,-1,-1,-1,-1,-1,-2,-2,false,0,0,0,NA,-1,-1,-1,-1,-1,-2,-2
2,"Environment: 1, AimModifier: 2",8.418862,false,0,0,0,NA,false,0,0,0,NA,-1,-1,-1,-1,-1,-2,-2,false,0,0,0,NA,-1,-1,-1,-1,-1,-2,-2
2,"Environment: 1, AimModifier: 2",8.420581,false,0,0,0,NA,false,0,0,0,NA,-1,-1,-1,-1,-1,-2,-2,false,0,0,0,NA,-1,-1,-1,-1,-1,-2,-2
2,"Environment: 1, AimModifier: 2",8.422154,false,0,0,0,NA,false,0,0,0,NA,-1,-1,-1,-1,-1,-2,-2,false,0,0,0,NA,-1,-1,-1,-1,-1,-2,-2
2,"Environment: 1, AimModifier: 2",8.423609,false,0,0,0,NA,false,0,0,0,NA,-1,-1,-1,-1,-1,-2,-2,false,0,0,0,NA,-1,-1,-1,-1,-1,-2,-2
2,"Environment: 1, AimModifier: 2",8.425284,false,0,0,0,NA,false,0,0,0,NA,-1,-1,-1,-1,-1,-2,-2,false,0,0,0,NA,-1,-1,-1,-1,-1,-2,-2
2,"Environment: 1, AimModifier: 2",8.426986,false,0,0,0,NA,false,0,0,0,NA,-1,-1,-1,-1,-1,-2,-2,false,0,0,0,NA,-1,-1,-1,-1,-1,-2,-2
2,"Environment: 1, AimModifier: 2",8.428652,false,0,0,0,NA,false,0,0,0,NA,-1,-1,-1,-1,-1,-2,-2,false,0,0,0,NA,-1,-1,-1,-1,-1,-2,-2
2,"Environment: 1, AimModifier: 2",8.430196,false,0,0,0,NA,false,0,0,0,NA,-1,-1,-1,-1,-1,-2,-2,false,0,0,0,NA,-1,-1,-1,-1,-1,-2,-2
2,"Environment: 1, AimModifier: 2",8.431609,false,0,0,0,NA,false,0,0,0,NA,-1,-1,-1,-1,-1,-2,-2,false,0,0,0,NA,-1,-1,-1,-1,-1,-2,-2
2,"Environment: 1, AimModifier: 2",8.43312,false,0,0,0,NA,false,0,0,0,NA,-1,-1,-1,-1,-1,-2,-2,false,0,0,0,NA,-1,-1,-1,-1,-1,-2,-2
2,"Environment: 1, AimModifier: 2",8.434669,false,0,0,0,NA,false,0,0,0,NA,-1,-1,-1,-1,-1,-2,-2,false,0,0,0,NA,-1,-1,-1,-1,-1,-2,-2
2,"Environment: 1, AimModifier: 2",8.436286,false,0,0,0,NA,false,0,0,0,NA,-1,-1,-1,-1,-1,-2,-2,false,0,0,0,NA,-1,-1,-1,-1,-1,-2,-2
2,"Environment: 1, AimModifier: 2",8.438032,false,0,0,0,NA,false,0,0,0,NA,-1,-1,-1,-1,-1,-2,-2,false,0,0,0,NA,-1,-1,-1,-1,-1,-2,-2
2,"Environment: 1, AimModifier: 2",8.44006,false,0,0,0,NA,false,0,0,0,NA,-1,-1,-1,-1,-1,-2,-2,false,0,0,0,NA,-1,-1,-1,-1,-1,-2,-2
2,"Environment: 1, AimModifier: 2",8.442135,false,0,0,0,NA,false,0,0,0,NA,-1,-1,-1,-1,-1,-2,-2,false,0,0,0,NA,-1,-1,-1,-1,-1,-2,-2
2,"Environment: 1, AimModifier: 2",8.444096,false,0,0,0,NA,false,0,0,0,NA,-1,-1,-1,-1,-1,-2,-2,false,0,0,0,NA,-1,-1,-1,-1,-1,-2,-2
2,"Environment: 1, AimModifier: 2",8.446218,false,0,0,0,NA,false,0,0,0,NA,-1,-1,-1,-1,-1,-2,-2,false,0,0,0,NA,-1,-1,-1,-1,-1,-2,-2
2,"Environment: 1, AimModifier: 2",8.448089,false,0,0,0,NA,false,0,0,0,NA,-1,-1,-1,-1,-1,-2,-2,false,0,0,0,NA,-1,-1,-1,-1,-1,-2,-2
2,"Environment: 1, AimModifier: 2",8.449612,false,0,0,0,NA,false,0,0,0,NA,-1,-1,-1,-1,-1,-2,-2,false,0,0,0,NA,-1,-1,-1,-1,-1,-2,-2
2,"Environment: 1, AimModifier: 2",8.451168,false,0,0,0,NA,false,0,0,0,NA,-1,-1,-1,-1,-1,-2,-2,false,0,0,0,NA,-1,-1,-1,-1,-1,-2,-2
2,"Environment: 1, AimModifier: 2",8.453663,false,0,0,0,NA,false,0,0,0,NA,-1,-1,-1,-1,-1,-2,-2,false,0,0,0,NA,-1,-1,-1,-1,-1,-2,-2
2,"Environment: 1, AimModifier: 2",8.45599,false,0,0,0,NA,false,0,0,0,NA,-1,-1,-1,-1,-1,-2,-2,false,0,0,0,NA,-1,-1,-1,-1,-1,-2,-2
2,"Environment: 1, AimModifier: 2",8.457798,false,0,0,0,NA,false,0,0,0,NA,-1,-1,-1,-1,-1,-2,-2,false,0,0,0,NA,-1,-1,-1,-1,-1,-2,-2
2,"Environment: 1, AimModifier: 2",8.459397,false,0,0,0,NA,false,0,0,0,NA,-1,-1,-1,-1,-1,-2,-2,false,0,0,0,NA,-1,-1,-1,-1,-1,-2,-2
2,"Environment: 1, AimModifier: 2",8.460805,false,0,0,0,NA,false,0,0,0,NA,-1,-1,-1,-1,-1,-2,-2,false,0,0,0,NA,-1,-1,-1,-1,-1,-2,-2
2,"Environment: 1, AimModifier: 2",8.462218,false,0,0,0,NA,false,0,0,0,NA,-1,-1,-1,-1,-1,-2,-2,false,0,0,0,NA,-1,-1,-1,-1,-1,-2,-2
2,"Environment: 1, AimModifier: 2",8.463693,false,0,0,0,NA,false,0,0,0,NA,-1,-1,-1,-1,-1,-2,-2,false,0,0,0,NA,-1,-1,-1,-1,-1,-2,-2
2,"Environment: 1, AimModifier: 2",8.465391,false,0,0,0,NA,false,0,0,0,NA,-1,-1,-1,-1,-1,-2,-2,false,0,0,0,NA,-1,-1,-1,-1,-1,-2,-2
2,"Environment: 1, AimModifier: 2",8.467048,false,0,0,0,NA,false,0,0,0,NA,-1,-1,-1,-1,-1,-2,-2,false,0,0,0,NA,-1,-1,-1,-1,-1,-2,-2
2,"Environment: 1, AimModifier: 2",8.468938,false,0,0,0,NA,false,0,0,0,NA,-1,-1,-1,-1,-1,-2,-2,false,0,0,0,NA,-1,-1,-1,-1,-1,-2,-2
2,"Environment: 1, AimModifier: 2",8.470935,false,0,0,0,NA,false,0,0,0,NA,-1,-1,-1,-1,-1,-2,-2,false,0,0,0,NA,-1,-1,-1,-1,-1,-2,-2
2,"Environment: 1, AimModifier: 2",8.47248,false,0,0,0,NA,false,0,0,0,NA,-1,-1,-1,-1,-1,-2,-2,false,0,0,0,NA,-1,-1,-1,-1,-1,-2,-2
2,"Environment: 1, AimModifier: 2",8.473967,false,0,0,0,NA,false,0,0,0,NA,-1,-1,-1,-1,-1,-2,-2,false,0,0,0,NA,-1,-1,-1,-1,-1,-2,-2
2,"Environment: 1, AimModifier: 2",8.47541,false,0,0,0,NA,false,0,0,0,NA,-1,-1,-1,-1,-1,-2,-2,false,0,0,0,NA,-1,-1,-1,-1,-1,-2,-2
2,"Environment: 1, AimModifier: 2",8.476884,false,0,0,0,NA,false,0,0,0,NA,-1,-1,-1,-1,-1,-2,-2,false,0,0,0,NA,-1,-1,-1,-1,-1,-2,-2
2,"Environment: 1, AimModifier: 2",8.478404,false,0,0,0,NA,false,0,0,0,NA,-1,-1,-1,-1,-1,-2,-2,false,0,0,0,NA,-1,-1,-1,-1,-1,-2,-2
2,"Environment: 1, AimModifier: 2",8.479938,false,0,0,0,NA,false,0,0,0,NA,-1,-1,-1,-1,-1,-2,-2,false,0,0,0,NA,-1,-1,-1,-1,-1,-2,-2
2,"Environment: 1, AimModifier: 2",8.481546,false,0,0,0,NA,false,0,0,0,NA,-1,-1,-1,-1,-1,-2,-2,false,0,0,0,NA,-1,-1,-1,-1,-1,-2,-2
2,"Environment: 1, AimModifier: 2",8.483152,false,0,0,0,NA,false,0,0,0,NA,-1,-1,-1,-1,-1,-2,-2,false,0,0,0,NA,-1,-1,-1,-1,-1,-2,-2
2,"Environment: 1, AimModifier: 2",8.484519,false,0,0,0,NA,false,0,0,0,NA,-1,-1,-1,-1,-1,-2,-2,false,0,0,0,NA,-1,-1,-1,-1,-1,-2,-2
2,"Environment: 1, AimModifier: 2",8.486056,false,0,0,0,NA,false,0,0,0,NA,-1,-1,-1,-1,-1,-2,-2,false,0,0,0,NA,-1,-1,-1,-1,-1,-2,-2
2,"Environment: 1, AimModifier: 2",8.487631,false,0,0,0,NA,false,0,0,0,NA,-1,-1,-1,-1,-1,-2,-2,false,0,0,0,NA,-1,-1,-1,-1,-1,-2,-2
2,"Environment: 1, AimModifier: 2",8.489137,false,0,0,0,NA,false,0,0,0,NA,-1,-1,-1,-1,-1,-2,-2,false,0,0,0,NA,-1,-1,-1,-1,-1,-2,-2
2,"Environment: 1, AimModifier: 2",8.490715,false,0,0,0,NA,false,0,0,0,NA,-1,-1,-1,-1,-1,-2,-2,false,0,0,0,NA,-1,-1,-1,-1,-1,-2,-2
2,"Environment: 1, AimModifier: 2",8.492262,false,0,0,0,NA,false,0,0,0,NA,-1,-1,-1,-1,-1,-2,-2,false,0,0,0,NA,-1,-1,-1,-1,-1,-2,-2
2,"Environment: 1, AimModifier: 2",8.493806,false,0,0,0,NA,false,0,0,0,NA,-1,-1,-1,-1,-1,-2,-2,false,0,0,0,NA,-1,-1,-1,-1,-1,-2,-2
2,"Environment: 1, AimModifier: 2",8.495509,false,0,0,0,NA,false,0,0,0,NA,-1,-1,-1,-1,-1,-2,-2,false,0,0,0,NA,-1,-1,-1,-1,-1,-2,-2
2,"Environment: 1, AimModifier: 2",8.497258,false,0,0,0,NA,false,0,0,0,NA,-1,-1,-1,-1,-1,-2,-2,false,0,0,0,NA,-1,-1,-1,-1,-1,-2,-2
2,"Environment: 1, AimModifier: 2",8.498715,false,0,0,0,NA,false,0,0,0,NA,-1,-1,-1,-1,-1,-2,-2,false,0,0,0,NA,-1,-1,-1,-1,-1,-2,-2
2,"Environment: 1, AimModifier: 2",8.500134,false,0,0,0,NA,false,0,0,0,NA,-1,-1,-1,-1,-1,-2,-2,false,0,0,0,NA,-1,-1,-1,-1,-1,-2,-2
2,"Environment: 1, AimModifier: 2",8.501676,false,0,0,0,NA,false,0,0,0,NA,-1,-1,-1,-1,-1,-2,-2,false,0,0,0,NA,-1,-1,-1,-1,-1,-2,-2
2,"Environment: 1, AimModifier: 2",8.503273,false,0,0,0,NA,false,0,0,0,NA,-1,-1,-1,-1,-1,-2,-2,false,0,0,0,NA,-1,-1,-1,-1,-1,-2,-2
2,"Environment: 1, AimModifier: 2",8.505219,false,0,0,0,NA,false,0,0,0,NA,-1,-1,-1,-1,-1,-2,-2,false,0,0,0,NA,-1,-1,-1,-1,-1,-2,-2
2,"Environment: 1, AimModifier: 2",8.506932,false,0,0,0,NA,false,0,0,0,NA,-1,-1,-1,-1,-1,-2,-2,false,0,0,0,NA,-1,-1,-1,-1,-1,-2,-2
2,"Environment: 1, AimModifier: 2",8.508374,false,0,0,0,NA,false,0,0,0,NA,-1,-1,-1,-1,-1,-2,-2,false,0,0,0,NA,-1,-1,-1,-1,-1,-2,-2
2,"Environment: 1, AimModifier: 2",8.510015,false,0,0,0,NA,false,0,0,0,NA,-1,-1,-1,-1,-1,-2,-2,false,0,0,0,NA,-1,-1,-1,-1,-1,-2,-2
2,"Environment: 1, AimModifier: 2",8.512218,false,0,0,0,NA,false,0,0,0,NA,-1,-1,-1,-1,-1,-2,-2,false,0,0,0,NA,-1,-1,-1,-1,-1,-2,-2
2,"Environment: 1, AimModifier: 2",8.514331,false,0,0,0,NA,false,0,0,0,NA,-1,-1,-1,-1,-1,-2,-2,false,0,0,0,NA,-1,-1,-1,-1,-1,-2,-2
2,"Environment: 1, AimModifier: 2",8.515965,false,0,0,0,NA,false,0,0,0,NA,-1,-1,-1,-1,-1,-2,-2,false,0,0,0,NA,-1,-1,-1,-1,-1,-2,-2
2,"Environment: 1, AimModifier: 2",8.517691,false,0,0,0,NA,false,0,0,0,NA,-1,-1,-1,-1,-1,-2,-2,false,0,0,0,NA,-1,-1,-1,-1,-1,-2,-2
2,"Environment: 1, AimModifier: 2",8.519403,false,0,0,0,NA,false,0,0,0,NA,-1,-1,-1,-1,-1,-2,-2,false,0,0,0,NA,-1,-1,-1,-1,-1,-2,-2
2,"Environment: 1, AimModifier: 2",8.520941,false,0,0,0,NA,false,0,0,0,NA,-1,-1,-1,-1,-1,-2,-2,false,0,0,0,NA,-1,-1,-1,-1,-1,-2,-2
2,"Environment: 1, AimModifier: 2",8.522732,false,0,0,0,NA,false,0,0,0,NA,-1,-1,-1,-1,-1,-2,-2,false,0,0,0,NA,-1,-1,-1,-1,-1,-2,-2
2,"Environment: 1, AimModifier: 2",8.524579,false,0,0,0,NA,false,0,0,0,NA,-1,-1,-1,-1,-1,-2,-2,false,0,0,0,NA,-1,-1,-1,-1,-1,-2,-2
2,"Environment: 1, AimModifier: 2",8.526547,false,0,0,0,NA,false,0,0,0,NA,-1,-1,-1,-1,-1,-2,-2,false,0,0,0,NA,-1,-1,-1,-1,-1,-2,-2
2,"Environment: 1, AimModifier: 2",8.527918,false,0,0,0,NA,false,0,0,0,NA,-1,-1,-1,-1,-1,-2,-2,false,0,0,0,NA,-1,-1,-1,-1,-1,-2,-2
2,"Environment: 1, AimModifier: 2",8.529529,false,0,0,0,NA,false,0,0,0,NA,-1,-1,-1,-1,-1,-2,-2,false,0,0,0,NA,-1,-1,-1,-1,-1,-2,-2
2,"Environment: 1, AimModifier: 2",8.531147,false,0,0,0,NA,false,0,0,0,NA,-1,-1,-1,-1,-1,-2,-2,false,0,0,0,NA,-1,-1,-1,-1,-1,-2,-2
2,"Environment: 1, AimModifier: 2",8.532665,false,0,0,0,NA,false,0,0,0,NA,-1,-1,-1,-1,-1,-2,-2,false,0,0,0,NA,-1,-1,-1,-1,-1,-2,-2
2,"Environment: 1, AimModifier: 2",8.534243,false,0,0,0,NA,false,0,0,0,NA,-1,-1,-1,-1,-1,-2,-2,false,0,0,0,NA,-1,-1,-1,-1,-1,-2,-2
2,"Environment: 1, AimModifier: 2",8.536415,false,0,0,0,NA,false,0,0,0,NA,-1,-1,-1,-1,-1,-2,-2,false,0,0,0,NA,-1,-1,-1,-1,-1,-2,-2
2,"Environment: 1, AimModifier: 2",8.538545,false,0,0,0,NA,false,0,0,0,NA,-1,-1,-1,-1,-1,-2,-2,false,0,0,0,NA,-1,-1,-1,-1,-1,-2,-2
2,"Environment: 1, AimModifier: 2",8.540137,false,0,0,0,NA,false,0,0,0,NA,-1,-1,-1,-1,-1,-2,-2,false,0,0,0,NA,-1,-1,-1,-1,-1,-2,-2
2,"Environment: 1, AimModifier: 2",8.54154,false,0,0,0,NA,false,0,0,0,NA,-1,-1,-1,-1,-1,-2,-2,false,0,0,0,NA,-1,-1,-1,-1,-1,-2,-2
2,"Environment: 1, AimModifier: 2",8.543728,false,0,0,0,NA,false,0,0,0,NA,-1,-1,-1,-1,-1,-2,-2,false,0,0,0,NA,-1,-1,-1,-1,-1,-2,-2
2,"Environment: 1, AimModifier: 2",8.5456,false,0,0,0,NA,false,0,0,0,NA,-1,-1,-1,-1,-1,-2,-2,false,0,0,0,NA,-1,-1,-1,-1,-1,-2,-2
2,"Environment: 1, AimModifier: 2",8.547222,false,0,0,0,NA,false,0,0,0,NA,-1,-1,-1,-1,-1,-2,-2,false,0,0,0,NA,-1,-1,-1,-1,-1,-2,-2
2,"Environment: 1, AimModifier: 2",8.549374,false,0,0,0,NA,false,0,0,0,NA,-1,-1,-1,-1,-1,-2,-2,false,0,0,0,NA,-1,-1,-1,-1,-1,-2,-2
2,"Environment: 1, AimModifier: 2",8.554291,false,0,0,0,NA,false,0,0,0,NA,-1,-1,-1,-1,-1,-2,-2,false,0,0,0,NA,-1,-1,-1,-1,-1,-2,-2
2,"Environment: 1, AimModifier: 2",8.556588,false,0,0,0,NA,false,0,0,0,NA,-1,-1,-1,-1,-1,-2,-2,false,0,0,0,NA,-1,-1,-1,-1,-1,-2,-2
2,"Environment: 1, AimModifier: 2",8.558249,false,0,0,0,NA,false,0,0,0,NA,-1,-1,-1,-1,-1,-2,-2,false,0,0,0,NA,-1,-1,-1,-1,-1,-2,-2
2,"Environment: 1, AimModifier: 2",8.559637,false,0,0,0,NA,false,0,0,0,NA,-1,-1,-1,-1,-1,-2,-2,false,0,0,0,NA,-1,-1,-1,-1,-1,-2,-2
2,"Environment: 1, AimModifier: 2",8.561049,false,0,0,0,NA,false,0,0,0,NA,-1,-1,-1,-1,-1,-2,-2,false,0,0,0,NA,-1,-1,-1,-1,-1,-2,-2
2,"Environment: 1, AimModifier: 2",8.562364,false,0,0,0,NA,false,0,0,0,NA,-1,-1,-1,-1,-1,-2,-2,false,0,0,0,NA,-1,-1,-1,-1,-1,-2,-2
2,"Environment: 1, AimModifier: 2",8.563745,false,0,0,0,NA,false,0,0,0,NA,-1,-1,-1,-1,-1,-2,-2,false,0,0,0,NA,-1,-1,-1,-1,-1,-2,-2
2,"Environment: 1, AimModifier: 2",8.565392,false,0,0,0,NA,false,0,0,0,NA,-1,-1,-1,-1,-1,-2,-2,false,0,0,0,NA,-1,-1,-1,-1,-1,-2,-2
2,"Environment: 1, AimModifier: 2",8.567043,false,0,0,0,NA,false,0,0,0,NA,-1,-1,-1,-1,-1,-2,-2,false,0,0,0,NA,-1,-1,-1,-1,-1,-2,-2
2,"Environment: 1, AimModifier: 2",8.568652,false,0,0,0,NA,false,0,0,0,NA,-1,-1,-1,-1,-1,-2,-2,false,0,0,0,NA,-1,-1,-1,-1,-1,-2,-2
2,"Environment: 1, AimModifier: 2",8.570127,false,0,0,0,NA,false,0,0,0,NA,-1,-1,-1,-1,-1,-2,-2,false,0,0,0,NA,-1,-1,-1,-1,-1,-2,-2
2,"Environment: 1, AimModifier: 2",8.571692,false,0,0,0,NA,false,0,0,0,NA,-1,-1,-1,-1,-1,-2,-2,false,0,0,0,NA,-1,-1,-1,-1,-1,-2,-2
2,"Environment: 1, AimModifier: 2",8.573169,false,0,0,0,NA,false,0,0,0,NA,-1,-1,-1,-1,-1,-2,-2,false,0,0,0,NA,-1,-1,-1,-1,-1,-2,-2
2,"Environment: 1, AimModifier: 2",8.574551,false,0,0,0,NA,false,0,0,0,NA,-1,-1,-1,-1,-1,-2,-2,false,0,0,0,NA,-1,-1,-1,-1,-1,-2,-2
2,"Environment: 1, AimModifier: 2",8.575884,false,0,0,0,NA,false,0,0,0,NA,-1,-1,-1,-1,-1,-2,-2,false,0,0,0,NA,-1,-1,-1,-1,-1,-2,-2
2,"Environment: 1, AimModifier: 2",8.577302,false,0,0,0,NA,false,0,0,0,NA,-1,-1,-1,-1,-1,-2,-2,false,0,0,0,NA,-1,-1,-1,-1,-1,-2,-2
2,"Environment: 1, AimModifier: 2",8.57905,false,0,0,0,NA,false,0,0,0,NA,-1,-1,-1,-1,-1,-2,-2,false,0,0,0,NA,-1,-1,-1,-1,-1,-2,-2
2,"Environment: 1, AimModifier: 2",8.580696,false,0,0,0,NA,false,0,0,0,NA,-1,-1,-1,-1,-1,-2,-2,false,0,0,0,NA,-1,-1,-1,-1,-1,-2,-2
2,"Environment: 1, AimModifier: 2",8.58215,false,0,0,0,NA,false,0,0,0,NA,-1,-1,-1,-1,-1,-2,-2,false,0,0,0,NA,-1,-1,-1,-1,-1,-2,-2
2,"Environment: 1, AimModifier: 2",8.583435,false,0,0,0,NA,false,0,0,0,NA,-1,-1,-1,-1,-1,-2,-2,false,0,0,0,NA,-1,-1,-1,-1,-1,-2,-2
2,"Environment: 1, AimModifier: 2",8.585221,false,0,0,0,NA,false,0,0,0,NA,-1,-1,-1,-1,-1,-2,-2,false,0,0,0,NA,-1,-1,-1,-1,-1,-2,-2
2,"Environment: 1, AimModifier: 2",8.586532,false,0,0,0,NA,false,0,0,0,NA,-1,-1,-1,-1,-1,-2,-2,false,0,0,0,NA,-1,-1,-1,-1,-1,-2,-2
2,"Environment: 1, AimModifier: 2",8.587872,false,0,0,0,NA,false,0,0,0,NA,-1,-1,-1,-1,-1,-2,-2,false,0,0,0,NA,-1,-1,-1,-1,-1,-2,-2
2,"Environment: 1, AimModifier: 2",8.589348,false,0,0,0,NA,false,0,0,0,NA,-1,-1,-1,-1,-1,-2,-2,false,0,0,0,NA,-1,-1,-1,-1,-1,-2,-2
2,"Environment: 1, AimModifier: 2",8.591035,false,0,0,0,NA,false,0,0,0,NA,-1,-1,-1,-1,-1,-2,-2,false,0,0,0,NA,-1,-1,-1,-1,-1,-2,-2
2,"Environment: 1, AimModifier: 2",8.592912,false,0,0,0,NA,false,0,0,0,NA,-1,-1,-1,-1,-1,-2,-2,false,0,0,0,NA,-1,-1,-1,-1,-1,-2,-2
2,"Environment: 1, AimModifier: 2",8.594396,false,0,0,0,NA,false,0,0,0,NA,-1,-1,-1,-1,-1,-2,-2,false,0,0,0,NA,-1,-1,-1,-1,-1,-2,-2
2,"Environment: 1, AimModifier: 2",8.595913,false,0,0,0,NA,false,0,0,0,NA,-1,-1,-1,-1,-1,-2,-2,false,0,0,0,NA,-1,-1,-1,-1,-1,-2,-2
2,"Environment: 1, AimModifier: 2",8.597632,false,0,0,0,NA,false,0,0,0,NA,-1,-1,-1,-1,-1,-2,-2,false,0,0,0,NA,-1,-1,-1,-1,-1,-2,-2
2,"Environment: 1, AimModifier: 2",8.59964,false,0,0,0,NA,false,0,0,0,NA,-1,-1,-1,-1,-1,-2,-2,false,0,0,0,NA,-1,-1,-1,-1,-1,-2,-2
2,"Environment: 1, AimModifier: 2",8.601299,false,0,0,0,NA,false,0,0,0,NA,-1,-1,-1,-1,-1,-2,-2,false,0,0,0,NA,-1,-1,-1,-1,-1,-2,-2
2,"Environment: 1, AimModifier: 2",8.602802,false,0,0,0,NA,false,0,0,0,NA,-1,-1,-1,-1,-1,-2,-2,false,0,0,0,NA,-1,-1,-1,-1,-1,-2,-2
2,"Environment: 1, AimModifier: 2",8.604247,false,0,0,0,NA,false,0,0,0,NA,-1,-1,-1,-1,-1,-2,-2,false,0,0,0,NA,-1,-1,-1,-1,-1,-2,-2
2,"Environment: 1, AimModifier: 2",8.606351,false,0,0,0,NA,false,0,0,0,NA,-1,-1,-1,-1,-1,-2,-2,false,0,0,0,NA,-1,-1,-1,-1,-1,-2,-2
2,"Environment: 1, AimModifier: 2",8.607891,false,0,0,0,NA,false,0,0,0,NA,-1,-1,-1,-1,-1,-2,-2,false,0,0,0,NA,-1,-1,-1,-1,-1,-2,-2
2,"Environment: 1, AimModifier: 2",8.609781,false,0,0,0,NA,false,0,0,0,NA,-1,-1,-1,-1,-1,-2,-2,false,0,0,0,NA,-1,-1,-1,-1,-1,-2,-2
2,"Environment: 1, AimModifier: 2",8.611341,false,0,0,0,NA,false,0,0,0,NA,-1,-1,-1,-1,-1,-2,-2,false,0,0,0,NA,-1,-1,-1,-1,-1,-2,-2
2,"Environment: 1, AimModifier: 2",8.612954,false,0,0,0,NA,false,0,0,0,NA,-1,-1,-1,-1,-1,-2,-2,false,0,0,0,NA,-1,-1,-1,-1,-1,-2,-2
2,"Environment: 1, AimModifier: 2",8.614386,false,0,0,0,NA,false,0,0,0,NA,-1,-1,-1,-1,-1,-2,-2,false,0,0,0,NA,-1,-1,-1,-1,-1,-2,-2
2,"Environment: 1, AimModifier: 2",8.615926,false,0,0,0,NA,false,0,0,0,NA,-1,-1,-1,-1,-1,-2,-2,false,0,0,0,NA,-1,-1,-1,-1,-1,-2,-2
2,"Environment: 1, AimModifier: 2",8.617465,false,0,0,0,NA,false,0,0,0,NA,-1,-1,-1,-1,-1,-2,-2,false,0,0,0,NA,-1,-1,-1,-1,-1,-2,-2
2,"Environment: 1, AimModifier: 2",8.618961,false,0,0,0,NA,false,0,0,0,NA,-1,-1,-1,-1,-1,-2,-2,false,0,0,0,NA,-1,-1,-1,-1,-1,-2,-2
2,"Environment: 1, AimModifier: 2",8.620522,false,0,0,0,NA,false,0,0,0,NA,-1,-1,-1,-1,-1,-2,-2,false,0,0,0,NA,-1,-1,-1,-1,-1,-2,-2
2,"Environment: 1, AimModifier: 2",8.621965,false,0,0,0,NA,false,0,0,0,NA,-1,-1,-1,-1,-1,-2,-2,false,0,0,0,NA,-1,-1,-1,-1,-1,-2,-2
2,"Environment: 1, AimModifier: 2",8.62332,false,0,0,0,NA,false,0,0,0,NA,-1,-1,-1,-1,-1,-2,-2,false,0,0,0,NA,-1,-1,-1,-1,-1,-2,-2
2,"Environment: 1, AimModifier: 2",8.624642,false,0,0,0,NA,false,0,0,0,NA,-1,-1,-1,-1,-1,-2,-2,false,0,0,0,NA,-1,-1,-1,-1,-1,-2,-2
2,"Environment: 1, AimModifier: 2",8.626135,false,0,0,0,NA,false,0,0,0,NA,-1,-1,-1,-1,-1,-2,-2,false,0,0,0,NA,-1,-1,-1,-1,-1,-2,-2
2,"Environment: 1, AimModifier: 2",8.628196,false,0,0,0,NA,false,0,0,0,NA,-1,-1,-1,-1,-1,-2,-2,false,0,0,0,NA,-1,-1,-1,-1,-1,-2,-2
2,"Environment: 1, AimModifier: 2",8.629736,false,0,0,0,NA,false,0,0,0,NA,-1,-1,-1,-1,-1,-2,-2,false,0,0,0,NA,-1,-1,-1,-1,-1,-2,-2
2,"Environment: 1, AimModifier: 2",8.631164,false,0,0,0,NA,false,0,0,0,NA,-1,-1,-1,-1,-1,-2,-2,false,0,0,0,NA,-1,-1,-1,-1,-1,-2,-2
2,"Environment: 1, AimModifier: 2",8.632583,false,0,0,0,NA,false,0,0,0,NA,-1,-1,-1,-1,-1,-2,-2,false,0,0,0,NA,-1,-1,-1,-1,-1,-2,-2
2,"Environment: 1, AimModifier: 2",8.634164,false,0,0,0,NA,false,0,0,0,NA,-1,-1,-1,-1,-1,-2,-2,false,0,0,0,NA,-1,-1,-1,-1,-1,-2,-2
2,"Environment: 1, AimModifier: 2",8.635752,false,0,0,0,NA,false,0,0,0,NA,-1,-1,-1,-1,-1,-2,-2,false,0,0,0,NA,-1,-1,-1,-1,-1,-2,-2
2,"Environment: 1, AimModifier: 2",8.637248,false,0,0,0,NA,false,0,0,0,NA,-1,-1,-1,-1,-1,-2,-2,false,0,0,0,NA,-1,-1,-1,-1,-1,-2,-2
2,"Environment: 1, AimModifier: 2",8.638871,false,0,0,0,NA,false,0,0,0,NA,-1,-1,-1,-1,-1,-2,-2,false,0,0,0,NA,-1,-1,-1,-1,-1,-2,-2
2,"Environment: 1, AimModifier: 2",8.640405,false,0,0,0,NA,false,0,0,0,NA,-1,-1,-1,-1,-1,-2,-2,false,0,0,0,NA,-1,-1,-1,-1,-1,-2,-2
2,"Environment: 1, AimModifier: 2",8.641801,false,0,0,0,NA,false,0,0,0,NA,-1,-1,-1,-1,-1,-2,-2,false,0,0,0,NA,-1,-1,-1,-1,-1,-2,-2
2,"Environment: 1, AimModifier: 2",8.643147,false,0,0,0,NA,false,0,0,0,NA,-1,-1,-1,-1,-1,-2,-2,false,0,0,0,NA,-1,-1,-1,-1,-1,-2,-2
2,"Environment: 1, AimModifier: 2",8.644521,false,0,0,0,NA,false,0,0,0,NA,-1,-1,-1,-1,-1,-2,-2,false,0,0,0,NA,-1,-1,-1,-1,-1,-2,-2
2,"Environment: 1, AimModifier: 2",8.646372,false,0,0,0,NA,false,0,0,0,NA,-1,-1,-1,-1,-1,-2,-2,false,0,0,0,NA,-1,-1,-1,-1,-1,-2,-2
2,"Environment: 1, AimModifier: 2",8.647909,false,0,0,0,NA,false,0,0,0,NA,-1,-1,-1,-1,-1,-2,-2,false,0,0,0,NA,-1,-1,-1,-1,-1,-2,-2
2,"Environment: 1, AimModifier: 2",8.649343,false,0,0,0,NA,false,0,0,0,NA,-1,-1,-1,-1,-1,-2,-2,false,0,0,0,NA,-1,-1,-1,-1,-1,-2,-2
2,"Environment: 1, AimModifier: 2",8.650803,false,0,0,0,NA,false,0,0,0,NA,-1,-1,-1,-1,-1,-2,-2,false,0,0,0,NA,-1,-1,-1,-1,-1,-2,-2
2,"Environment: 1, AimModifier: 2",8.652312,false,0,0,0,NA,false,0,0,0,NA,-1,-1,-1,-1,-1,-2,-2,false,0,0,0,NA,-1,-1,-1,-1,-1,-2,-2
2,"Environment: 1, AimModifier: 2",8.653756,false,0,0,0,NA,false,0,0,0,NA,-1,-1,-1,-1,-1,-2,-2,false,0,0,0,NA,-1,-1,-1,-1,-1,-2,-2
2,"Environment: 1, AimModifier: 2",8.65528,false,0,0,0,NA,false,0,0,0,NA,-1,-1,-1,-1,-1,-2,-2,false,0,0,0,NA,-1,-1,-1,-1,-1,-2,-2
2,"Environment: 1, AimModifier: 2",8.656679,false,0,0,0,NA,false,0,0,0,NA,-1,-1,-1,-1,-1,-2,-2,false,0,0,0,NA,-1,-1,-1,-1,-1,-2,-2
2,"Environment: 1, AimModifier: 2",8.658424,false,0,0,0,NA,false,0,0,0,NA,-1,-1,-1,-1,-1,-2,-2,false,0,0,0,NA,-1,-1,-1,-1,-1,-2,-2
2,"Environment: 1, AimModifier: 2",8.660145,false,0,0,0,NA,false,0,0,0,NA,-1,-1,-1,-1,-1,-2,-2,false,0,0,0,NA,-1,-1,-1,-1,-1,-2,-2
2,"Environment: 1, AimModifier: 2",8.662141,false,0,0,0,NA,false,0,0,0,NA,-1,-1,-1,-1,-1,-2,-2,false,0,0,0,NA,-1,-1,-1,-1,-1,-2,-2
2,"Environment: 1, AimModifier: 2",8.663598,false,0,0,0,NA,false,0,0,0,NA,-1,-1,-1,-1,-1,-2,-2,false,0,0,0,NA,-1,-1,-1,-1,-1,-2,-2
2,"Environment: 1, AimModifier: 2",8.665343,false,0,0,0,NA,false,0,0,0,NA,-1,-1,-1,-1,-1,-2,-2,false,0,0,0,NA,-1,-1,-1,-1,-1,-2,-2
2,"Environment: 1, AimModifier: 2",8.666948,false,0,0,0,NA,false,0,0,0,NA,-1,-1,-1,-1,-1,-2,-2,false,0,0,0,NA,-1,-1,-1,-1,-1,-2,-2
2,"Environment: 1, AimModifier: 2",8.668406,false,0,0,0,NA,false,0,0,0,NA,-1,-1,-1,-1,-1,-2,-2,false,0,0,0,NA,-1,-1,-1,-1,-1,-2,-2
2,"Environment: 1, AimModifier: 2",8.670082,false,0,0,0,NA,false,0,0,0,NA,-1,-1,-1,-1,-1,-2,-2,false,0,0,0,NA,-1,-1,-1,-1,-1,-2,-2
2,"Environment: 1, AimModifier: 2",8.671629,false,0,0,0,NA,false,0,0,0,NA,-1,-1,-1,-1,-1,-2,-2,false,0,0,0,NA,-1,-1,-1,-1,-1,-2,-2
2,"Environment: 1, AimModifier: 2",8.672991,false,0,0,0,NA,false,0,0,0,NA,-1,-1,-1,-1,-1,-2,-2,false,0,0,0,NA,-1,-1,-1,-1,-1,-2,-2
2,"Environment: 1, AimModifier: 2",8.67438,false,0,0,0,NA,false,0,0,0,NA,-1,-1,-1,-1,-1,-2,-2,false,0,0,0,NA,-1,-1,-1,-1,-1,-2,-2
2,"Environment: 1, AimModifier: 2",8.676025,false,0,0,0,NA,false,0,0,0,NA,-1,-1,-1,-1,-1,-2,-2,false,0,0,0,NA,-1,-1,-1,-1,-1,-2,-2
2,"Environment: 1, AimModifier: 2",8.677509,false,0,0,0,NA,false,0,0,0,NA,-1,-1,-1,-1,-1,-2,-2,false,0,0,0,NA,-1,-1,-1,-1,-1,-2,-2
2,"Environment: 1, AimModifier: 2",8.678929,false,0,0,0,NA,false,0,0,0,NA,-1,-1,-1,-1,-1,-2,-2,false,0,0,0,NA,-1,-1,-1,-1,-1,-2,-2
2,"Environment: 1, AimModifier: 2",8.680242,false,0,0,0,NA,false,0,0,0,NA,-1,-1,-1,-1,-1,-2,-2,false,0,0,0,NA,-1,-1,-1,-1,-1,-2,-2
2,"Environment: 1, AimModifier: 2",8.681643,false,0,0,0,NA,false,0,0,0,NA,-1,-1,-1,-1,-1,-2,-2,false,0,0,0,NA,-1,-1,-1,-1,-1,-2,-2
2,"Environment: 1, AimModifier: 2",8.683043,false,0,0,0,NA,false,0,0,0,NA,-1,-1,-1,-1,-1,-2,-2,false,0,0,0,NA,-1,-1,-1,-1,-1,-2,-2
2,"Environment: 1, AimModifier: 2",8.684505,false,0,0,0,NA,false,0,0,0,NA,-1,-1,-1,-1,-1,-2,-2,false,0,0,0,NA,-1,-1,-1,-1,-1,-2,-2
2,"Environment: 1, AimModifier: 2",8.686081,false,0,0,0,NA,false,0,0,0,NA,-1,-1,-1,-1,-1,-2,-2,false,0,0,0,NA,-1,-1,-1,-1,-1,-2,-2
2,"Environment: 1, AimModifier: 2",8.687903,false,0,0,0,NA,false,0,0,0,NA,-1,-1,-1,-1,-1,-2,-2,false,0,0,0,NA,-1,-1,-1,-1,-1,-2,-2
2,"Environment: 1, AimModifier: 2",8.689714,false,0,0,0,NA,false,0,0,0,NA,-1,-1,-1,-1,-1,-2,-2,false,0,0,0,NA,-1,-1,-1,-1,-1,-2,-2
2,"Environment: 1, AimModifier: 2",8.691184,false,0,0,0,NA,false,0,0,0,NA,-1,-1,-1,-1,-1,-2,-2,false,0,0,0,NA,-1,-1,-1,-1,-1,-2,-2
2,"Environment: 1, AimModifier: 2",8.692698,false,0,0,0,NA,false,0,0,0,NA,-1,-1,-1,-1,-1,-2,-2,false,0,0,0,NA,-1,-1,-1,-1,-1,-2,-2
2,"Environment: 1, AimModifier: 2",8.69424,false,0,0,0,NA,false,0,0,0,NA,-1,-1,-1,-1,-1,-2,-2,false,0,0,0,NA,-1,-1,-1,-1,-1,-2,-2
2,"Environment: 1, AimModifier: 2",8.695838,false,0,0,0,NA,false,0,0,0,NA,-1,-1,-1,-1,-1,-2,-2,false,0,0,0,NA,-1,-1,-1,-1,-1,-2,-2
2,"Environment: 1, AimModifier: 2",8.697375,false,0,0,0,NA,false,0,0,0,NA,-1,-1,-1,-1,-1,-2,-2,false,0,0,0,NA,-1,-1,-1,-1,-1,-2,-2
2,"Environment: 1, AimModifier: 2",8.6988,false,0,0,0,NA,false,0,0,0,NA,-1,-1,-1,-1,-1,-2,-2,false,0,0,0,NA,-1,-1,-1,-1,-1,-2,-2
2,"Environment: 1, AimModifier: 2",8.700342,false,0,0,0,NA,false,0,0,0,NA,-1,-1,-1,-1,-1,-2,-2,false,0,0,0,NA,-1,-1,-1,-1,-1,-2,-2
2,"Environment: 1, AimModifier: 2",8.702102,false,0,0,0,NA,false,0,0,0,NA,-1,-1,-1,-1,-1,-2,-2,false,0,0,0,NA,-1,-1,-1,-1,-1,-2,-2
2,"Environment: 1, AimModifier: 2",8.703942,false,0,0,0,NA,false,0,0,0,NA,-1,-1,-1,-1,-1,-2,-2,false,0,0,0,NA,-1,-1,-1,-1,-1,-2,-2
2,"Environment: 1, AimModifier: 2",8.705753,false,0,0,0,NA,false,0,0,0,NA,-1,-1,-1,-1,-1,-2,-2,false,0,0,0,NA,-1,-1,-1,-1,-1,-2,-2
2,"Environment: 1, AimModifier: 2",8.707371,false,0,0,0,NA,false,0,0,0,NA,-1,-1,-1,-1,-1,-2,-2,false,0,0,0,NA,-1,-1,-1,-1,-1,-2,-2
2,"Environment: 1, AimModifier: 2",8.708774,false,0,0,0,NA,false,0,0,0,NA,-1,-1,-1,-1,-1,-2,-2,false,0,0,0,NA,-1,-1,-1,-1,-1,-2,-2
2,"Environment: 1, AimModifier: 2",8.711039,false,0,0,0,NA,false,0,0,0,NA,-1,-1,-1,-1,-1,-2,-2,false,0,0,0,NA,-1,-1,-1,-1,-1,-2,-2
2,"Environment: 1, AimModifier: 2",8.712495,false,0,0,0,NA,false,0,0,0,NA,-1,-1,-1,-1,-1,-2,-2,false,0,0,0,NA,-1,-1,-1,-1,-1,-2,-2
2,"Environment: 1, AimModifier: 2",8.713869,false,0,0,0,NA,false,0,0,0,NA,-1,-1,-1,-1,-1,-2,-2,false,0,0,0,NA,-1,-1,-1,-1,-1,-2,-2
2,"Environment: 1, AimModifier: 2",8.71531,false,0,0,0,NA,false,0,0,0,NA,-1,-1,-1,-1,-1,-2,-2,false,0,0,0,NA,-1,-1,-1,-1,-1,-2,-2
2,"Environment: 1, AimModifier: 2",8.716754,false,0,0,0,NA,false,0,0,0,NA,-1,-1,-1,-1,-1,-2,-2,false,0,0,0,NA,-1,-1,-1,-1,-1,-2,-2
2,"Environment: 1, AimModifier: 2",8.718715,false,0,0,0,NA,false,0,0,0,NA,-1,-1,-1,-1,-1,-2,-2,false,0,0,0,NA,-1,-1,-1,-1,-1,-2,-2
2,"Environment: 1, AimModifier: 2",8.720364,false,0,0,0,NA,false,0,0,0,NA,-1,-1,-1,-1,-1,-2,-2,false,0,0,0,NA,-1,-1,-1,-1,-1,-2,-2
2,"Environment: 1, AimModifier: 2",8.721816,false,0,0,0,NA,false,0,0,0,NA,-1,-1,-1,-1,-1,-2,-2,false,0,0,0,NA,-1,-1,-1,-1,-1,-2,-2
2,"Environment: 1, AimModifier: 2",8.723326,false,0,0,0,NA,false,0,0,0,NA,-1,-1,-1,-1,-1,-2,-2,false,0,0,0,NA,-1,-1,-1,-1,-1,-2,-2
2,"Environment: 1, AimModifier: 2",8.725063,false,0,0,0,NA,false,0,0,0,NA,-1,-1,-1,-1,-1,-2,-2,false,0,0,0,NA,-1,-1,-1,-1,-1,-2,-2
2,"Environment: 1, AimModifier: 2",8.726526,false,0,0,0,NA,false,0,0,0,NA,-1,-1,-1,-1,-1,-2,-2,false,0,0,0,NA,-1,-1,-1,-1,-1,-2,-2
2,"Environment: 1, AimModifier: 2",8.727937,false,0,0,0,NA,false,0,0,0,NA,-1,-1,-1,-1,-1,-2,-2,false,0,0,0,NA,-1,-1,-1,-1,-1,-2,-2
2,"Environment: 1, AimModifier: 2",8.729423,false,0,0,0,NA,false,0,0,0,NA,-1,-1,-1,-1,-1,-2,-2,false,0,0,0,NA,-1,-1,-1,-1,-1,-2,-2
2,"Environment: 1, AimModifier: 2",8.731156,false,0,0,0,NA,false,0,0,0,NA,-1,-1,-1,-1,-1,-2,-2,false,0,0,0,NA,-1,-1,-1,-1,-1,-2,-2
2,"Environment: 1, AimModifier: 2",8.73271,false,0,0,0,NA,false,0,0,0,NA,-1,-1,-1,-1,-1,-2,-2,false,0,0,0,NA,-1,-1,-1,-1,-1,-2,-2
2,"Environment: 1, AimModifier: 2",8.734136,false,0,0,0,NA,false,0,0,0,NA,-1,-1,-1,-1,-1,-2,-2,false,0,0,0,NA,-1,-1,-1,-1,-1,-2,-2
2,"Environment: 1, AimModifier: 2",8.735708,false,0,0,0,NA,false,0,0,0,NA,-1,-1,-1,-1,-1,-2,-2,false,0,0,0,NA,-1,-1,-1,-1,-1,-2,-2
2,"Environment: 1, AimModifier: 2",8.737346,false,0,0,0,NA,false,0,0,0,NA,-1,-1,-1,-1,-1,-2,-2,false,0,0,0,NA,-1,-1,-1,-1,-1,-2,-2
2,"Environment: 1, AimModifier: 2",8.73922,false,0,0,0,NA,false,0,0,0,NA,-1,-1,-1,-1,-1,-2,-2,false,0,0,0,NA,-1,-1,-1,-1,-1,-2,-2
2,"Environment: 1, AimModifier: 2",8.740783,false,0,0,0,NA,false,0,0,0,NA,-1,-1,-1,-1,-1,-2,-2,false,0,0,0,NA,-1,-1,-1,-1,-1,-2,-2
2,"Environment: 1, AimModifier: 2",8.742542,false,0,0,0,NA,false,0,0,0,NA,-1,-1,-1,-1,-1,-2,-2,false,0,0,0,NA,-1,-1,-1,-1,-1,-2,-2
2,"Environment: 1, AimModifier: 2",8.744531,false,0,0,0,NA,false,0,0,0,NA,-1,-1,-1,-1,-1,-2,-2,false,0,0,0,NA,-1,-1,-1,-1,-1,-2,-2
2,"Environment: 1, AimModifier: 2",8.74657,false,0,0,0,NA,false,0,0,0,NA,-1,-1,-1,-1,-1,-2,-2,false,0,0,0,NA,-1,-1,-1,-1,-1,-2,-2
2,"Environment: 1, AimModifier: 2",8.748205,false,0,0,0,NA,false,0,0,0,NA,-1,-1,-1,-1,-1,-2,-2,false,0,0,0,NA,-1,-1,-1,-1,-1,-2,-2
2,"Environment: 1, AimModifier: 2",8.749812,false,0,0,0,NA,false,0,0,0,NA,-1,-1,-1,-1,-1,-2,-2,false,0,0,0,NA,-1,-1,-1,-1,-1,-2,-2
2,"Environment: 1, AimModifier: 2",8.751345,false,0,0,0,NA,false,0,0,0,NA,-1,-1,-1,-1,-1,-2,-2,false,0,0,0,NA,-1,-1,-1,-1,-1,-2,-2
2,"Environment: 1, AimModifier: 2",8.752814,false,0,0,0,NA,false,0,0,0,NA,-1,-1,-1,-1,-1,-2,-2,false,0,0,0,NA,-1,-1,-1,-1,-1,-2,-2
2,"Environment: 1, AimModifier: 2",8.754244,false,0,0,0,NA,false,0,0,0,NA,-1,-1,-1,-1,-1,-2,-2,false,0,0,0,NA,-1,-1,-1,-1,-1,-2,-2
2,"Environment: 1, AimModifier: 2",8.755661,false,0,0,0,NA,false,0,0,0,NA,-1,-1,-1,-1,-1,-2,-2,false,0,0,0,NA,-1,-1,-1,-1,-1,-2,-2
2,"Environment: 1, AimModifier: 2",8.757096,false,0,0,0,NA,false,0,0,0,NA,-1,-1,-1,-1,-1,-2,-2,false,0,0,0,NA,-1,-1,-1,-1,-1,-2,-2
2,"Environment: 1, AimModifier: 2",8.758572,false,0,0,0,NA,false,0,0,0,NA,-1,-1,-1,-1,-1,-2,-2,false,0,0,0,NA,-1,-1,-1,-1,-1,-2,-2
2,"Environment: 1, AimModifier: 2",8.760073,false,0,0,0,NA,false,0,0,0,NA,-1,-1,-1,-1,-1,-2,-2,false,0,0,0,NA,-1,-1,-1,-1,-1,-2,-2
2,"Environment: 1, AimModifier: 2",8.761594,false,0,0,0,NA,false,0,0,0,NA,-1,-1,-1,-1,-1,-2,-2,false,0,0,0,NA,-1,-1,-1,-1,-1,-2,-2
2,"Environment: 1, AimModifier: 2",8.7629,false,0,0,0,NA,false,0,0,0,NA,-1,-1,-1,-1,-1,-2,-2,false,0,0,0,NA,-1,-1,-1,-1,-1,-2,-2
2,"Environment: 1, AimModifier: 2",8.764218,false,0,0,0,NA,false,0,0,0,NA,-1,-1,-1,-1,-1,-2,-2,false,0,0,0,NA,-1,-1,-1,-1,-1,-2,-2
2,"Environment: 1, AimModifier: 2",8.765735,false,0,0,0,NA,false,0,0,0,NA,-1,-1,-1,-1,-1,-2,-2,false,0,0,0,NA,-1,-1,-1,-1,-1,-2,-2
2,"Environment: 1, AimModifier: 2",8.767323,false,0,0,0,NA,false,0,0,0,NA,-1,-1,-1,-1,-1,-2,-2,false,0,0,0,NA,-1,-1,-1,-1,-1,-2,-2
2,"Environment: 1, AimModifier: 2",8.769063,false,0,0,0,NA,false,0,0,0,NA,-1,-1,-1,-1,-1,-2,-2,false,0,0,0,NA,-1,-1,-1,-1,-1,-2,-2
2,"Environment: 1, AimModifier: 2",8.770917,false,0,0,0,NA,false,0,0,0,NA,-1,-1,-1,-1,-1,-2,-2,false,0,0,0,NA,-1,-1,-1,-1,-1,-2,-2
2,"Environment: 1, AimModifier: 2",8.772636,false,0,0,0,NA,false,0,0,0,NA,-1,-1,-1,-1,-1,-2,-2,false,0,0,0,NA,-1,-1,-1,-1,-1,-2,-2
2,"Environment: 1, AimModifier: 2",8.774196,false,0,0,0,NA,false,0,0,0,NA,-1,-1,-1,-1,-1,-2,-2,false,0,0,0,NA,-1,-1,-1,-1,-1,-2,-2
2,"Environment: 1, AimModifier: 2",8.775602,false,0,0,0,NA,false,0,0,0,NA,-1,-1,-1,-1,-1,-2,-2,false,0,0,0,NA,-1,-1,-1,-1,-1,-2,-2
2,"Environment: 1, AimModifier: 2",8.777155,false,0,0,0,NA,false,0,0,0,NA,-1,-1,-1,-1,-1,-2,-2,false,0,0,0,NA,-1,-1,-1,-1,-1,-2,-2
2,"Environment: 1, AimModifier: 2",8.778579,false,0,0,0,NA,false,0,0,0,NA,-1,-1,-1,-1,-1,-2,-2,false,0,0,0,NA,-1,-1,-1,-1,-1,-2,-2
2,"Environment: 1, AimModifier: 2",8.780242,false,0,0,0,NA,false,0,0,0,NA,-1,-1,-1,-1,-1,-2,-2,false,0,0,0,NA,-1,-1,-1,-1,-1,-2,-2
2,"Environment: 1, AimModifier: 2",8.781729,false,0,0,0,NA,false,0,0,0,NA,-1,-1,-1,-1,-1,-2,-2,false,0,0,0,NA,-1,-1,-1,-1,-1,-2,-2
2,"Environment: 1, AimModifier: 2",8.783311,false,0,0,0,NA,false,0,0,0,NA,-1,-1,-1,-1,-1,-2,-2,false,0,0,0,NA,-1,-1,-1,-1,-1,-2,-2
2,"Environment: 1, AimModifier: 2",8.785272,false,0,0,0,NA,false,0,0,0,NA,-1,-1,-1,-1,-1,-2,-2,false,0,0,0,NA,-1,-1,-1,-1,-1,-2,-2
2,"Environment: 1, AimModifier: 2",8.787013,false,0,0,0,NA,false,0,0,0,NA,-1,-1,-1,-1,-1,-2,-2,false,0,0,0,NA,-1,-1,-1,-1,-1,-2,-2
2,"Environment: 1, AimModifier: 2",8.788836,false,0,0,0,NA,false,0,0,0,NA,-1,-1,-1,-1,-1,-2,-2,false,0,0,0,NA,-1,-1,-1,-1,-1,-2,-2
2,"Environment: 1, AimModifier: 2",8.790408,false,0,0,0,NA,false,0,0,0,NA,-1,-1,-1,-1,-1,-2,-2,false,0,0,0,NA,-1,-1,-1,-1,-1,-2,-2
2,"Environment: 1, AimModifier: 2",8.791957,false,0,0,0,NA,false,0,0,0,NA,-1,-1,-1,-1,-1,-2,-2,false,0,0,0,NA,-1,-1,-1,-1,-1,-2,-2
2,"Environment: 1, AimModifier: 2",8.79343,false,0,0,0,NA,false,0,0,0,NA,-1,-1,-1,-1,-1,-2,-2,false,0,0,0,NA,-1,-1,-1,-1,-1,-2,-2
2,"Environment: 1, AimModifier: 2",8.794939,false,0,0,0,NA,false,0,0,0,NA,-1,-1,-1,-1,-1,-2,-2,false,0,0,0,NA,-1,-1,-1,-1,-1,-2,-2
2,"Environment: 1, AimModifier: 2",8.79646,false,0,0,0,NA,false,0,0,0,NA,-1,-1,-1,-1,-1,-2,-2,false,0,0,0,NA,-1,-1,-1,-1,-1,-2,-2
2,"Environment: 1, AimModifier: 2",8.798199,false,0,0,0,NA,false,0,0,0,NA,-1,-1,-1,-1,-1,-2,-2,false,0,0,0,NA,-1,-1,-1,-1,-1,-2,-2
2,"Environment: 1, AimModifier: 2",8.799972,false,0,0,0,NA,false,0,0,0,NA,-1,-1,-1,-1,-1,-2,-2,false,0,0,0,NA,-1,-1,-1,-1,-1,-2,-2
2,"Environment: 1, AimModifier: 2",8.801695,false,0,0,0,NA,false,0,0,0,NA,-1,-1,-1,-1,-1,-2,-2,false,0,0,0,NA,-1,-1,-1,-1,-1,-2,-2
2,"Environment: 1, AimModifier: 2",8.803419,false,0,0,0,NA,false,0,0,0,NA,-1,-1,-1,-1,-1,-2,-2,false,0,0,0,NA,-1,-1,-1,-1,-1,-2,-2
2,"Environment: 1, AimModifier: 2",8.805178,false,0,0,0,NA,false,0,0,0,NA,-1,-1,-1,-1,-1,-2,-2,false,0,0,0,NA,-1,-1,-1,-1,-1,-2,-2
2,"Environment: 1, AimModifier: 2",8.80678,false,0,0,0,NA,false,0,0,0,NA,-1,-1,-1,-1,-1,-2,-2,false,0,0,0,NA,-1,-1,-1,-1,-1,-2,-2
2,"Environment: 1, AimModifier: 2",8.80827,false,0,0,0,NA,false,0,0,0,NA,-1,-1,-1,-1,-1,-2,-2,false,0,0,0,NA,-1,-1,-1,-1,-1,-2,-2
2,"Environment: 1, AimModifier: 2",8.809993,false,0,0,0,NA,false,0,0,0,NA,-1,-1,-1,-1,-1,-2,-2,false,0,0,0,NA,-1,-1,-1,-1,-1,-2,-2
2,"Environment: 1, AimModifier: 2",8.811619,false,0,0,0,NA,false,0,0,0,NA,-1,-1,-1,-1,-1,-2,-2,false,0,0,0,NA,-1,-1,-1,-1,-1,-2,-2
2,"Environment: 1, AimModifier: 2",8.813433,false,0,0,0,NA,false,0,0,0,NA,-1,-1,-1,-1,-1,-2,-2,false,0,0,0,NA,-1,-1,-1,-1,-1,-2,-2
2,"Environment: 1, AimModifier: 2",8.815267,false,0,0,0,NA,false,0,0,0,NA,-1,-1,-1,-1,-1,-2,-2,false,0,0,0,NA,-1,-1,-1,-1,-1,-2,-2
2,"Environment: 1, AimModifier: 2",8.816994,false,0,0,0,NA,false,0,0,0,NA,-1,-1,-1,-1,-1,-2,-2,false,0,0,0,NA,-1,-1,-1,-1,-1,-2,-2
2,"Environment: 1, AimModifier: 2",8.818532,false,0,0,0,NA,false,0,0,0,NA,-1,-1,-1,-1,-1,-2,-2,false,0,0,0,NA,-1,-1,-1,-1,-1,-2,-2
2,"Environment: 1, AimModifier: 2",8.820054,false,0,0,0,NA,false,0,0,0,NA,-1,-1,-1,-1,-1,-2,-2,false,0,0,0,NA,-1,-1,-1,-1,-1,-2,-2
2,"Environment: 1, AimModifier: 2",8.821681,false,0,0,0,NA,false,0,0,0,NA,-1,-1,-1,-1,-1,-2,-2,false,0,0,0,NA,-1,-1,-1,-1,-1,-2,-2
2,"Environment: 1, AimModifier: 2",8.823125,false,0,0,0,NA,false,0,0,0,NA,-1,-1,-1,-1,-1,-2,-2,false,0,0,0,NA,-1,-1,-1,-1,-1,-2,-2
2,"Environment: 1, AimModifier: 2",8.824555,false,0,0,0,NA,false,0,0,0,NA,-1,-1,-1,-1,-1,-2,-2,false,0,0,0,NA,-1,-1,-1,-1,-1,-2,-2
2,"Environment: 1, AimModifier: 2",8.826793,false,0,0,0,NA,false,0,0,0,NA,-1,-1,-1,-1,-1,-2,-2,false,0,0,0,NA,-1,-1,-1,-1,-1,-2,-2
2,"Environment: 1, AimModifier: 2",8.828634,false,0,0,0,NA,false,0,0,0,NA,-1,-1,-1,-1,-1,-2,-2,false,0,0,0,NA,-1,-1,-1,-1,-1,-2,-2
2,"Environment: 1, AimModifier: 2",8.830359,false,0,0,0,NA,false,0,0,0,NA,-1,-1,-1,-1,-1,-2,-2,false,0,0,0,NA,-1,-1,-1,-1,-1,-2,-2
2,"Environment: 1, AimModifier: 2",8.83182,false,0,0,0,NA,false,0,0,0,NA,-1,-1,-1,-1,-1,-2,-2,false,0,0,0,NA,-1,-1,-1,-1,-1,-2,-2
2,"Environment: 1, AimModifier: 2",8.833252,false,0,0,0,NA,false,0,0,0,NA,-1,-1,-1,-1,-1,-2,-2,false,0,0,0,NA,-1,-1,-1,-1,-1,-2,-2
2,"Environment: 1, AimModifier: 2",8.834852,false,0,0,0,NA,false,0,0,0,NA,-1,-1,-1,-1,-1,-2,-2,false,0,0,0,NA,-1,-1,-1,-1,-1,-2,-2
2,"Environment: 1, AimModifier: 2",8.836671,false,0,0,0,NA,false,0,0,0,NA,-1,-1,-1,-1,-1,-2,-2,false,0,0,0,NA,-1,-1,-1,-1,-1,-2,-2
2,"Environment: 1, AimModifier: 2",8.838136,false,0,0,0,NA,false,0,0,0,NA,-1,-1,-1,-1,-1,-2,-2,false,0,0,0,NA,-1,-1,-1,-1,-1,-2,-2
2,"Environment: 1, AimModifier: 2",8.839554,false,0,0,0,NA,false,0,0,0,NA,-1,-1,-1,-1,-1,-2,-2,false,0,0,0,NA,-1,-1,-1,-1,-1,-2,-2
2,"Environment: 1, AimModifier: 2",8.841032,false,0,0,0,NA,false,0,0,0,NA,-1,-1,-1,-1,-1,-2,-2,false,0,0,0,NA,-1,-1,-1,-1,-1,-2,-2
2,"Environment: 1, AimModifier: 2",8.843004,false,0,0,0,NA,false,0,0,0,NA,-1,-1,-1,-1,-1,-2,-2,false,0,0,0,NA,-1,-1,-1,-1,-1,-2,-2
2,"Environment: 1, AimModifier: 2",8.84514,false,0,0,0,NA,false,0,0,0,NA,-1,-1,-1,-1,-1,-2,-2,false,0,0,0,NA,-1,-1,-1,-1,-1,-2,-2
2,"Environment: 1, AimModifier: 2",8.84705,false,0,0,0,NA,false,0,0,0,NA,-1,-1,-1,-1,-1,-2,-2,false,0,0,0,NA,-1,-1,-1,-1,-1,-2,-2
2,"Environment: 1, AimModifier: 2",8.848525,false,0,0,0,NA,false,0,0,0,NA,-1,-1,-1,-1,-1,-2,-2,false,0,0,0,NA,-1,-1,-1,-1,-1,-2,-2
2,"Environment: 1, AimModifier: 2",8.849857,false,0,0,0,NA,false,0,0,0,NA,-1,-1,-1,-1,-1,-2,-2,false,0,0,0,NA,-1,-1,-1,-1,-1,-2,-2
2,"Environment: 1, AimModifier: 2",8.851232,false,0,0,0,NA,false,0,0,0,NA,-1,-1,-1,-1,-1,-2,-2,false,0,0,0,NA,-1,-1,-1,-1,-1,-2,-2
2,"Environment: 1, AimModifier: 2",8.852676,false,0,0,0,NA,false,0,0,0,NA,-1,-1,-1,-1,-1,-2,-2,false,0,0,0,NA,-1,-1,-1,-1,-1,-2,-2
2,"Environment: 1, AimModifier: 2",8.854141,false,0,0,0,NA,false,0,0,0,NA,-1,-1,-1,-1,-1,-2,-2,false,0,0,0,NA,-1,-1,-1,-1,-1,-2,-2
2,"Environment: 1, AimModifier: 2",8.855705,false,0,0,0,NA,false,0,0,0,NA,-1,-1,-1,-1,-1,-2,-2,false,0,0,0,NA,-1,-1,-1,-1,-1,-2,-2
2,"Environment: 1, AimModifier: 2",8.857634,false,0,0,0,NA,false,0,0,0,NA,-1,-1,-1,-1,-1,-2,-2,false,0,0,0,NA,-1,-1,-1,-1,-1,-2,-2
2,"Environment: 1, AimModifier: 2",8.859342,false,0,0,0,NA,false,0,0,0,NA,-1,-1,-1,-1,-1,-2,-2,false,0,0,0,NA,-1,-1,-1,-1,-1,-2,-2
2,"Environment: 1, AimModifier: 2",8.860695,false,0,0,0,NA,false,0,0,0,NA,-1,-1,-1,-1,-1,-2,-2,false,0,0,0,NA,-1,-1,-1,-1,-1,-2,-2
2,"Environment: 1, AimModifier: 2",8.862156,false,0,0,0,NA,false,0,0,0,NA,-1,-1,-1,-1,-1,-2,-2,false,0,0,0,NA,-1,-1,-1,-1,-1,-2,-2
2,"Environment: 1, AimModifier: 2",8.863602,false,0,0,0,NA,false,0,0,0,NA,-1,-1,-1,-1,-1,-2,-2,false,0,0,0,NA,-1,-1,-1,-1,-1,-2,-2
2,"Environment: 1, AimModifier: 2",8.865392,false,0,0,0,NA,false,0,0,0,NA,-1,-1,-1,-1,-1,-2,-2,false,0,0,0,NA,-1,-1,-1,-1,-1,-2,-2
2,"Environment: 1, AimModifier: 2",8.867016,false,0,0,0,NA,false,0,0,0,NA,-1,-1,-1,-1,-1,-2,-2,false,0,0,0,NA,-1,-1,-1,-1,-1,-2,-2
2,"Environment: 1, AimModifier: 2",8.868512,false,0,0,0,NA,false,0,0,0,NA,-1,-1,-1,-1,-1,-2,-2,false,0,0,0,NA,-1,-1,-1,-1,-1,-2,-2
2,"Environment: 1, AimModifier: 2",8.870052,false,0,0,0,NA,false,0,0,0,NA,-1,-1,-1,-1,-1,-2,-2,false,0,0,0,NA,-1,-1,-1,-1,-1,-2,-2
2,"Environment: 1, AimModifier: 2",8.872231,false,0,0,0,NA,false,0,0,0,NA,-1,-1,-1,-1,-1,-2,-2,false,0,0,0,NA,-1,-1,-1,-1,-1,-2,-2
2,"Environment: 1, AimModifier: 2",8.873865,false,0,0,0,NA,false,0,0,0,NA,-1,-1,-1,-1,-1,-2,-2,false,0,0,0,NA,-1,-1,-1,-1,-1,-2,-2
2,"Environment: 1, AimModifier: 2",8.875829,false,0,0,0,NA,false,0,0,0,NA,-1,-1,-1,-1,-1,-2,-2,false,0,0,0,NA,-1,-1,-1,-1,-1,-2,-2
2,"Environment: 1, AimModifier: 2",8.877381,false,0,0,0,NA,false,0,0,0,NA,-1,-1,-1,-1,-1,-2,-2,false,0,0,0,NA,-1,-1,-1,-1,-1,-2,-2
2,"Environment: 1, AimModifier: 2",8.879164,false,0,0,0,NA,false,0,0,0,NA,-1,-1,-1,-1,-1,-2,-2,false,0,0,0,NA,-1,-1,-1,-1,-1,-2,-2
2,"Environment: 1, AimModifier: 2",8.880937,false,0,0,0,NA,false,0,0,0,NA,-1,-1,-1,-1,-1,-2,-2,false,0,0,0,NA,-1,-1,-1,-1,-1,-2,-2
2,"Environment: 1, AimModifier: 2",8.882722,false,0,0,0,NA,false,0,0,0,NA,-1,-1,-1,-1,-1,-2,-2,false,0,0,0,NA,-1,-1,-1,-1,-1,-2,-2
2,"Environment: 1, AimModifier: 2",8.884459,false,0,0,0,NA,false,0,0,0,NA,-1,-1,-1,-1,-1,-2,-2,false,0,0,0,NA,-1,-1,-1,-1,-1,-2,-2
2,"Environment: 1, AimModifier: 2",8.886109,false,0,0,0,NA,false,0,0,0,NA,-1,-1,-1,-1,-1,-2,-2,false,0,0,0,NA,-1,-1,-1,-1,-1,-2,-2
2,"Environment: 1, AimModifier: 2",8.887696,false,0,0,0,NA,false,0,0,0,NA,-1,-1,-1,-1,-1,-2,-2,false,0,0,0,NA,-1,-1,-1,-1,-1,-2,-2
2,"Environment: 1, AimModifier: 2",8.889375,false,0,0,0,NA,false,0,0,0,NA,-1,-1,-1,-1,-1,-2,-2,false,0,0,0,NA,-1,-1,-1,-1,-1,-2,-2
2,"Environment: 1, AimModifier: 2",8.891265,false,0,0,0,NA,false,0,0,0,NA,-1,-1,-1,-1,-1,-2,-2,false,0,0,0,NA,-1,-1,-1,-1,-1,-2,-2
2,"Environment: 1, AimModifier: 2",8.892966,false,0,0,0,NA,false,0,0,0,NA,-1,-1,-1,-1,-1,-2,-2,false,0,0,0,NA,-1,-1,-1,-1,-1,-2,-2
2,"Environment: 1, AimModifier: 2",8.8949,false,0,0,0,NA,false,0,0,0,NA,-1,-1,-1,-1,-1,-2,-2,false,0,0,0,NA,-1,-1,-1,-1,-1,-2,-2
2,"Environment: 1, AimModifier: 2",8.896488,false,0,0,0,NA,false,0,0,0,NA,-1,-1,-1,-1,-1,-2,-2,false,0,0,0,NA,-1,-1,-1,-1,-1,-2,-2
2,"Environment: 1, AimModifier: 2",8.898149,false,0,0,0,NA,false,0,0,0,NA,-1,-1,-1,-1,-1,-2,-2,false,0,0,0,NA,-1,-1,-1,-1,-1,-2,-2
2,"Environment: 1, AimModifier: 2",8.899731,false,0,0,0,NA,false,0,0,0,NA,-1,-1,-1,-1,-1,-2,-2,false,0,0,0,NA,-1,-1,-1,-1,-1,-2,-2
2,"Environment: 1, AimModifier: 2",8.901361,false,0,0,0,NA,false,0,0,0,NA,-1,-1,-1,-1,-1,-2,-2,false,0,0,0,NA,-1,-1,-1,-1,-1,-2,-2
2,"Environment: 1, AimModifier: 2",8.90311,false,0,0,0,NA,false,0,0,0,NA,-1,-1,-1,-1,-1,-2,-2,false,0,0,0,NA,-1,-1,-1,-1,-1,-2,-2
2,"Environment: 1, AimModifier: 2",8.905078,false,0,0,0,NA,false,0,0,0,NA,-1,-1,-1,-1,-1,-2,-2,false,0,0,0,NA,-1,-1,-1,-1,-1,-2,-2
2,"Environment: 1, AimModifier: 2",8.906943,false,0,0,0,NA,false,0,0,0,NA,-1,-1,-1,-1,-1,-2,-2,false,0,0,0,NA,-1,-1,-1,-1,-1,-2,-2
2,"Environment: 1, AimModifier: 2",8.908873,false,0,0,0,NA,false,0,0,0,NA,-1,-1,-1,-1,-1,-2,-2,false,0,0,0,NA,-1,-1,-1,-1,-1,-2,-2
2,"Environment: 1, AimModifier: 2",8.912019,false,0,0,0,NA,false,0,0,0,NA,-1,-1,-1,-1,-1,-2,-2,false,0,0,0,NA,-1,-1,-1,-1,-1,-2,-2
2,"Environment: 1, AimModifier: 2",8.913971,false,0,0,0,NA,false,0,0,0,NA,-1,-1,-1,-1,-1,-2,-2,false,0,0,0,NA,-1,-1,-1,-1,-1,-2,-2
2,"Environment: 1, AimModifier: 2",8.915706,false,0,0,0,NA,false,0,0,0,NA,-1,-1,-1,-1,-1,-2,-2,false,0,0,0,NA,-1,-1,-1,-1,-1,-2,-2
2,"Environment: 1, AimModifier: 2",8.917464,false,0,0,0,NA,false,0,0,0,NA,-1,-1,-1,-1,-1,-2,-2,false,0,0,0,NA,-1,-1,-1,-1,-1,-2,-2
2,"Environment: 1, AimModifier: 2",8.919225,false,0,0,0,NA,false,0,0,0,NA,-1,-1,-1,-1,-1,-2,-2,false,0,0,0,NA,-1,-1,-1,-1,-1,-2,-2
2,"Environment: 1, AimModifier: 2",8.920932,false,0,0,0,NA,false,0,0,0,NA,-1,-1,-1,-1,-1,-2,-2,false,0,0,0,NA,-1,-1,-1,-1,-1,-2,-2
2,"Environment: 1, AimModifier: 2",8.922594,false,0,0,0,NA,false,0,0,0,NA,-1,-1,-1,-1,-1,-2,-2,false,0,0,0,NA,-1,-1,-1,-1,-1,-2,-2
2,"Environment: 1, AimModifier: 2",8.925198,false,0,0,0,NA,false,0,0,0,NA,-1,-1,-1,-1,-1,-2,-2,false,0,0,0,NA,-1,-1,-1,-1,-1,-2,-2
2,"Environment: 1, AimModifier: 2",8.926866,false,0,0,0,NA,false,0,0,0,NA,-1,-1,-1,-1,-1,-2,-2,false,0,0,0,NA,-1,-1,-1,-1,-1,-2,-2
2,"Environment: 1, AimModifier: 2",8.928224,false,0,0,0,NA,false,0,0,0,NA,-1,-1,-1,-1,-1,-2,-2,false,0,0,0,NA,-1,-1,-1,-1,-1,-2,-2
2,"Environment: 1, AimModifier: 2",8.929528,false,0,0,0,NA,false,0,0,0,NA,-1,-1,-1,-1,-1,-2,-2,false,0,0,0,NA,-1,-1,-1,-1,-1,-2,-2
2,"Environment: 1, AimModifier: 2",8.931302,false,0,0,0,NA,false,0,0,0,NA,-1,-1,-1,-1,-1,-2,-2,false,0,0,0,NA,-1,-1,-1,-1,-1,-2,-2
2,"Environment: 1, AimModifier: 2",8.932922,false,0,0,0,NA,false,0,0,0,NA,-1,-1,-1,-1,-1,-2,-2,false,0,0,0,NA,-1,-1,-1,-1,-1,-2,-2
2,"Environment: 1, AimModifier: 2",8.934449,false,0,0,0,NA,false,0,0,0,NA,-1,-1,-1,-1,-1,-2,-2,false,0,0,0,NA,-1,-1,-1,-1,-1,-2,-2
2,"Environment: 1, AimModifier: 2",8.935913,false,0,0,0,NA,false,0,0,0,NA,-1,-1,-1,-1,-1,-2,-2,false,0,0,0,NA,-1,-1,-1,-1,-1,-2,-2
2,"Environment: 1, AimModifier: 2",8.937428,false,0,0,0,NA,false,0,0,0,NA,-1,-1,-1,-1,-1,-2,-2,false,0,0,0,NA,-1,-1,-1,-1,-1,-2,-2
2,"Environment: 1, AimModifier: 2",8.93898,false,0,0,0,NA,false,0,0,0,NA,-1,-1,-1,-1,-1,-2,-2,false,0,0,0,NA,-1,-1,-1,-1,-1,-2,-2
2,"Environment: 1, AimModifier: 2",8.940569,false,0,0,0,NA,false,0,0,0,NA,-1,-1,-1,-1,-1,-2,-2,false,0,0,0,NA,-1,-1,-1,-1,-1,-2,-2
2,"Environment: 1, AimModifier: 2",8.942153,false,0,0,0,NA,false,0,0,0,NA,-1,-1,-1,-1,-1,-2,-2,false,0,0,0,NA,-1,-1,-1,-1,-1,-2,-2
2,"Environment: 1, AimModifier: 2",8.94389,false,0,0,0,NA,false,0,0,0,NA,-1,-1,-1,-1,-1,-2,-2,false,0,0,0,NA,-1,-1,-1,-1,-1,-2,-2
2,"Environment: 1, AimModifier: 2",8.945606,false,0,0,0,NA,false,0,0,0,NA,-1,-1,-1,-1,-1,-2,-2,false,0,0,0,NA,-1,-1,-1,-1,-1,-2,-2
2,"Environment: 1, AimModifier: 2",8.947226,false,0,0,0,NA,false,0,0,0,NA,-1,-1,-1,-1,-1,-2,-2,false,0,0,0,NA,-1,-1,-1,-1,-1,-2,-2
2,"Environment: 1, AimModifier: 2",8.949057,false,0,0,0,NA,false,0,0,0,NA,-1,-1,-1,-1,-1,-2,-2,false,0,0,0,NA,-1,-1,-1,-1,-1,-2,-2
2,"Environment: 1, AimModifier: 2",8.951074,false,0,0,0,NA,false,0,0,0,NA,-1,-1,-1,-1,-1,-2,-2,false,0,0,0,NA,-1,-1,-1,-1,-1,-2,-2
2,"Environment: 1, AimModifier: 2",8.953029,false,0,0,0,NA,false,0,0,0,NA,-1,-1,-1,-1,-1,-2,-2,false,0,0,0,NA,-1,-1,-1,-1,-1,-2,-2
2,"Environment: 1, AimModifier: 2",8.955149,false,0,0,0,NA,false,0,0,0,NA,-1,-1,-1,-1,-1,-2,-2,false,0,0,0,NA,-1,-1,-1,-1,-1,-2,-2
2,"Environment: 1, AimModifier: 2",8.956944,false,0,0,0,NA,false,0,0,0,NA,-1,-1,-1,-1,-1,-2,-2,false,0,0,0,NA,-1,-1,-1,-1,-1,-2,-2
2,"Environment: 1, AimModifier: 2",8.958705,false,0,0,0,NA,false,0,0,0,NA,-1,-1,-1,-1,-1,-2,-2,false,0,0,0,NA,-1,-1,-1,-1,-1,-2,-2
2,"Environment: 1, AimModifier: 2",8.960284,false,0,0,0,NA,false,0,0,0,NA,-1,-1,-1,-1,-1,-2,-2,false,0,0,0,NA,-1,-1,-1,-1,-1,-2,-2
2,"Environment: 1, AimModifier: 2",8.961879,false,0,0,0,NA,false,0,0,0,NA,-1,-1,-1,-1,-1,-2,-2,false,0,0,0,NA,-1,-1,-1,-1,-1,-2,-2
2,"Environment: 1, AimModifier: 2",8.963879,false,0,0,0,NA,false,0,0,0,NA,-1,-1,-1,-1,-1,-2,-2,false,0,0,0,NA,-1,-1,-1,-1,-1,-2,-2
2,"Environment: 1, AimModifier: 2",8.966249,false,0,0,0,NA,false,0,0,0,NA,-1,-1,-1,-1,-1,-2,-2,false,0,0,0,NA,-1,-1,-1,-1,-1,-2,-2
2,"Environment: 1, AimModifier: 2",8.968386,false,0,0,0,NA,false,0,0,0,NA,-1,-1,-1,-1,-1,-2,-2,false,0,0,0,NA,-1,-1,-1,-1,-1,-2,-2
2,"Environment: 1, AimModifier: 2",8.969988,false,0,0,0,NA,false,0,0,0,NA,-1,-1,-1,-1,-1,-2,-2,false,0,0,0,NA,-1,-1,-1,-1,-1,-2,-2
2,"Environment: 1, AimModifier: 2",8.971458,false,0,0,0,NA,false,0,0,0,NA,-1,-1,-1,-1,-1,-2,-2,false,0,0,0,NA,-1,-1,-1,-1,-1,-2,-2
2,"Environment: 1, AimModifier: 2",8.973022,false,0,0,0,NA,false,0,0,0,NA,-1,-1,-1,-1,-1,-2,-2,false,0,0,0,NA,-1,-1,-1,-1,-1,-2,-2
2,"Environment: 1, AimModifier: 2",8.974616,false,0,0,0,NA,false,0,0,0,NA,-1,-1,-1,-1,-1,-2,-2,false,0,0,0,NA,-1,-1,-1,-1,-1,-2,-2
2,"Environment: 1, AimModifier: 2",8.976113,false,0,0,0,NA,false,0,0,0,NA,-1,-1,-1,-1,-1,-2,-2,false,0,0,0,NA,-1,-1,-1,-1,-1,-2,-2
2,"Environment: 1, AimModifier: 2",8.977478,false,0,0,0,NA,false,0,0,0,NA,-1,-1,-1,-1,-1,-2,-2,false,0,0,0,NA,-1,-1,-1,-1,-1,-2,-2
2,"Environment: 1, AimModifier: 2",8.97938,false,0,0,0,NA,false,0,0,0,NA,-1,-1,-1,-1,-1,-2,-2,false,0,0,0,NA,-1,-1,-1,-1,-1,-2,-2
2,"Environment: 1, AimModifier: 2",8.981701,false,0,0,0,NA,false,0,0,0,NA,-1,-1,-1,-1,-1,-2,-2,false,0,0,0,NA,-1,-1,-1,-1,-1,-2,-2
2,"Environment: 1, AimModifier: 2",8.983424,false,0,0,0,NA,false,0,0,0,NA,-1,-1,-1,-1,-1,-2,-2,false,0,0,0,NA,-1,-1,-1,-1,-1,-2,-2
2,"Environment: 1, AimModifier: 2",8.985074,false,0,0,0,NA,false,0,0,0,NA,-1,-1,-1,-1,-1,-2,-2,false,0,0,0,NA,-1,-1,-1,-1,-1,-2,-2
2,"Environment: 1, AimModifier: 2",8.986435,false,0,0,0,NA,false,0,0,0,NA,-1,-1,-1,-1,-1,-2,-2,false,0,0,0,NA,-1,-1,-1,-1,-1,-2,-2
2,"Environment: 1, AimModifier: 2",8.987872,false,0,0,0,NA,false,0,0,0,NA,-1,-1,-1,-1,-1,-2,-2,false,0,0,0,NA,-1,-1,-1,-1,-1,-2,-2
2,"Environment: 1, AimModifier: 2",8.989223,false,0,0,0,NA,false,0,0,0,NA,-1,-1,-1,-1,-1,-2,-2,false,0,0,0,NA,-1,-1,-1,-1,-1,-2,-2
2,"Environment: 1, AimModifier: 2",8.990714,false,0,0,0,NA,false,0,0,0,NA,-1,-1,-1,-1,-1,-2,-2,false,0,0,0,NA,-1,-1,-1,-1,-1,-2,-2
2,"Environment: 1, AimModifier: 2",8.992138,false,0,0,0,NA,false,0,0,0,NA,-1,-1,-1,-1,-1,-2,-2,false,0,0,0,NA,-1,-1,-1,-1,-1,-2,-2
2,"Environment: 1, AimModifier: 2",8.99357,false,0,0,0,NA,false,0,0,0,NA,-1,-1,-1,-1,-1,-2,-2,false,0,0,0,NA,-1,-1,-1,-1,-1,-2,-2
2,"Environment: 1, AimModifier: 2",8.995128,false,0,0,0,NA,false,0,0,0,NA,-1,-1,-1,-1,-1,-2,-2,false,0,0,0,NA,-1,-1,-1,-1,-1,-2,-2
2,"Environment: 1, AimModifier: 2",8.996874,false,0,0,0,NA,false,0,0,0,NA,-1,-1,-1,-1,-1,-2,-2,false,0,0,0,NA,-1,-1,-1,-1,-1,-2,-2
2,"Environment: 1, AimModifier: 2",8.998811,false,0,0,0,NA,false,0,0,0,NA,-1,-1,-1,-1,-1,-2,-2,false,0,0,0,NA,-1,-1,-1,-1,-1,-2,-2
2,"Environment: 1, AimModifier: 2",9.000523,false,0,0,0,NA,false,0,0,0,NA,-1,-1,-1,-1,-1,-2,-2,false,0,0,0,NA,-1,-1,-1,-1,-1,-2,-2
2,"Environment: 1, AimModifier: 2",9.002134,false,0,0,0,NA,false,0,0,0,NA,-1,-1,-1,-1,-1,-2,-2,false,0,0,0,NA,-1,-1,-1,-1,-1,-2,-2
2,"Environment: 1, AimModifier: 2",9.004152,false,0,0,0,NA,false,0,0,0,NA,-1,-1,-1,-1,-1,-2,-2,false,0,0,0,NA,-1,-1,-1,-1,-1,-2,-2
2,"Environment: 1, AimModifier: 2",9.006048,false,0,0,0,NA,false,0,0,0,NA,-1,-1,-1,-1,-1,-2,-2,false,0,0,0,NA,-1,-1,-1,-1,-1,-2,-2
2,"Environment: 1, AimModifier: 2",9.007607,false,0,0,0,NA,false,0,0,0,NA,-1,-1,-1,-1,-1,-2,-2,false,0,0,0,NA,-1,-1,-1,-1,-1,-2,-2
2,"Environment: 1, AimModifier: 2",9.009293,false,0,0,0,NA,false,0,0,0,NA,-1,-1,-1,-1,-1,-2,-2,false,0,0,0,NA,-1,-1,-1,-1,-1,-2,-2
2,"Environment: 1, AimModifier: 2",9.010685,false,0,0,0,NA,false,0,0,0,NA,-1,-1,-1,-1,-1,-2,-2,false,0,0,0,NA,-1,-1,-1,-1,-1,-2,-2
2,"Environment: 1, AimModifier: 2",9.011994,false,0,0,0,NA,false,0,0,0,NA,-1,-1,-1,-1,-1,-2,-2,false,0,0,0,NA,-1,-1,-1,-1,-1,-2,-2
2,"Environment: 1, AimModifier: 2",9.013248,false,0,0,0,NA,false,0,0,0,NA,-1,-1,-1,-1,-1,-2,-2,false,0,0,0,NA,-1,-1,-1,-1,-1,-2,-2
2,"Environment: 1, AimModifier: 2",9.014788,false,0,0,0,NA,false,0,0,0,NA,-1,-1,-1,-1,-1,-2,-2,false,0,0,0,NA,-1,-1,-1,-1,-1,-2,-2
2,"Environment: 1, AimModifier: 2",9.016263,false,0,0,0,NA,false,0,0,0,NA,-1,-1,-1,-1,-1,-2,-2,false,0,0,0,NA,-1,-1,-1,-1,-1,-2,-2
2,"Environment: 1, AimModifier: 2",9.017669,false,0,0,0,NA,false,0,0,0,NA,-1,-1,-1,-1,-1,-2,-2,false,0,0,0,NA,-1,-1,-1,-1,-1,-2,-2
2,"Environment: 1, AimModifier: 2",9.01895,false,0,0,0,NA,false,0,0,0,NA,-1,-1,-1,-1,-1,-2,-2,false,0,0,0,NA,-1,-1,-1,-1,-1,-2,-2
2,"Environment: 1, AimModifier: 2",9.020305,false,0,0,0,NA,false,0,0,0,NA,-1,-1,-1,-1,-1,-2,-2,false,0,0,0,NA,-1,-1,-1,-1,-1,-2,-2
2,"Environment: 1, AimModifier: 2",9.021826,false,0,0,0,NA,false,0,0,0,NA,-1,-1,-1,-1,-1,-2,-2,false,0,0,0,NA,-1,-1,-1,-1,-1,-2,-2
2,"Environment: 1, AimModifier: 2",9.023384,false,0,0,0,NA,false,0,0,0,NA,-1,-1,-1,-1,-1,-2,-2,false,0,0,0,NA,-1,-1,-1,-1,-1,-2,-2
2,"Environment: 1, AimModifier: 2",9.024712,false,0,0,0,NA,false,0,0,0,NA,-1,-1,-1,-1,-1,-2,-2,false,0,0,0,NA,-1,-1,-1,-1,-1,-2,-2
2,"Environment: 1, AimModifier: 2",9.026261,false,0,0,0,NA,false,0,0,0,NA,-1,-1,-1,-1,-1,-2,-2,false,0,0,0,NA,-1,-1,-1,-1,-1,-2,-2
2,"Environment: 1, AimModifier: 2",9.027595,false,0,0,0,NA,false,0,0,0,NA,-1,-1,-1,-1,-1,-2,-2,false,0,0,0,NA,-1,-1,-1,-1,-1,-2,-2
2,"Environment: 1, AimModifier: 2",9.028989,false,0,0,0,NA,false,0,0,0,NA,-1,-1,-1,-1,-1,-2,-2,false,0,0,0,NA,-1,-1,-1,-1,-1,-2,-2
2,"Environment: 1, AimModifier: 2",9.030318,false,0,0,0,NA,false,0,0,0,NA,-1,-1,-1,-1,-1,-2,-2,false,0,0,0,NA,-1,-1,-1,-1,-1,-2,-2
2,"Environment: 1, AimModifier: 2",9.031613,false,0,0,0,NA,false,0,0,0,NA,-1,-1,-1,-1,-1,-2,-2,false,0,0,0,NA,-1,-1,-1,-1,-1,-2,-2
2,"Environment: 1, AimModifier: 2",9.032959,false,0,0,0,NA,false,0,0,0,NA,-1,-1,-1,-1,-1,-2,-2,false,0,0,0,NA,-1,-1,-1,-1,-1,-2,-2
2,"Environment: 1, AimModifier: 2",9.034606,false,0,0,0,NA,false,0,0,0,NA,-1,-1,-1,-1,-1,-2,-2,false,0,0,0,NA,-1,-1,-1,-1,-1,-2,-2
2,"Environment: 1, AimModifier: 2",9.036307,false,0,0,0,NA,false,0,0,0,NA,-1,-1,-1,-1,-1,-2,-2,false,0,0,0,NA,-1,-1,-1,-1,-1,-2,-2
2,"Environment: 1, AimModifier: 2",9.037819,false,0,0,0,NA,false,0,0,0,NA,-1,-1,-1,-1,-1,-2,-2,false,0,0,0,NA,-1,-1,-1,-1,-1,-2,-2
2,"Environment: 1, AimModifier: 2",9.03979,false,0,0,0,NA,false,0,0,0,NA,-1,-1,-1,-1,-1,-2,-2,false,0,0,0,NA,-1,-1,-1,-1,-1,-2,-2
2,"Environment: 1, AimModifier: 2",9.041091,false,0,0,0,NA,false,0,0,0,NA,-1,-1,-1,-1,-1,-2,-2,false,0,0,0,NA,-1,-1,-1,-1,-1,-2,-2
2,"Environment: 1, AimModifier: 2",9.04242,false,0,0,0,NA,false,0,0,0,NA,-1,-1,-1,-1,-1,-2,-2,false,0,0,0,NA,-1,-1,-1,-1,-1,-2,-2
2,"Environment: 1, AimModifier: 2",9.043706,false,0,0,0,NA,false,0,0,0,NA,-1,-1,-1,-1,-1,-2,-2,false,0,0,0,NA,-1,-1,-1,-1,-1,-2,-2
2,"Environment: 1, AimModifier: 2",9.045168,false,0,0,0,NA,false,0,0,0,NA,-1,-1,-1,-1,-1,-2,-2,false,0,0,0,NA,-1,-1,-1,-1,-1,-2,-2
2,"Environment: 1, AimModifier: 2",9.04653,false,0,0,0,NA,false,0,0,0,NA,-1,-1,-1,-1,-1,-2,-2,false,0,0,0,NA,-1,-1,-1,-1,-1,-2,-2
2,"Environment: 1, AimModifier: 2",9.047826,false,0,0,0,NA,false,0,0,0,NA,-1,-1,-1,-1,-1,-2,-2,false,0,0,0,NA,-1,-1,-1,-1,-1,-2,-2
2,"Environment: 1, AimModifier: 2",9.04905,false,0,0,0,NA,false,0,0,0,NA,-1,-1,-1,-1,-1,-2,-2,false,0,0,0,NA,-1,-1,-1,-1,-1,-2,-2
2,"Environment: 1, AimModifier: 2",9.050396,false,0,0,0,NA,false,0,0,0,NA,-1,-1,-1,-1,-1,-2,-2,false,0,0,0,NA,-1,-1,-1,-1,-1,-2,-2
2,"Environment: 1, AimModifier: 2",9.051882,false,0,0,0,NA,false,0,0,0,NA,-1,-1,-1,-1,-1,-2,-2,false,0,0,0,NA,-1,-1,-1,-1,-1,-2,-2
2,"Environment: 1, AimModifier: 2",9.053342,false,0,0,0,NA,false,0,0,0,NA,-1,-1,-1,-1,-1,-2,-2,false,0,0,0,NA,-1,-1,-1,-1,-1,-2,-2
2,"Environment: 1, AimModifier: 2",9.054807,false,0,0,0,NA,false,0,0,0,NA,-1,-1,-1,-1,-1,-2,-2,false,0,0,0,NA,-1,-1,-1,-1,-1,-2,-2
2,"Environment: 1, AimModifier: 2",9.056187,false,0,0,0,NA,false,0,0,0,NA,-1,-1,-1,-1,-1,-2,-2,false,0,0,0,NA,-1,-1,-1,-1,-1,-2,-2
2,"Environment: 1, AimModifier: 2",9.057598,false,0,0,0,NA,false,0,0,0,NA,-1,-1,-1,-1,-1,-2,-2,false,0,0,0,NA,-1,-1,-1,-1,-1,-2,-2
2,"Environment: 1, AimModifier: 2",9.058959,false,0,0,0,NA,false,0,0,0,NA,-1,-1,-1,-1,-1,-2,-2,false,0,0,0,NA,-1,-1,-1,-1,-1,-2,-2
2,"Environment: 1, AimModifier: 2",9.06028,false,0,0,0,NA,false,0,0,0,NA,-1,-1,-1,-1,-1,-2,-2,false,0,0,0,NA,-1,-1,-1,-1,-1,-2,-2
2,"Environment: 1, AimModifier: 2",9.061606,false,0,0,0,NA,false,0,0,0,NA,-1,-1,-1,-1,-1,-2,-2,false,0,0,0,NA,-1,-1,-1,-1,-1,-2,-2
2,"Environment: 1, AimModifier: 2",9.063004,false,0,0,0,NA,false,0,0,0,NA,-1,-1,-1,-1,-1,-2,-2,false,0,0,0,NA,-1,-1,-1,-1,-1,-2,-2
2,"Environment: 1, AimModifier: 2",9.06462,false,0,0,0,NA,false,0,0,0,NA,-1,-1,-1,-1,-1,-2,-2,false,0,0,0,NA,-1,-1,-1,-1,-1,-2,-2
2,"Environment: 1, AimModifier: 2",9.066162,false,0,0,0,NA,false,0,0,0,NA,-1,-1,-1,-1,-1,-2,-2,false,0,0,0,NA,-1,-1,-1,-1,-1,-2,-2
2,"Environment: 1, AimModifier: 2",9.06767,false,0,0,0,NA,false,0,0,0,NA,-1,-1,-1,-1,-1,-2,-2,false,0,0,0,NA,-1,-1,-1,-1,-1,-2,-2
2,"Environment: 1, AimModifier: 2",9.0691,false,0,0,0,NA,false,0,0,0,NA,-1,-1,-1,-1,-1,-2,-2,false,0,0,0,NA,-1,-1,-1,-1,-1,-2,-2
2,"Environment: 1, AimModifier: 2",9.070459,false,0,0,0,NA,false,0,0,0,NA,-1,-1,-1,-1,-1,-2,-2,false,0,0,0,NA,-1,-1,-1,-1,-1,-2,-2
2,"Environment: 1, AimModifier: 2",9.071975,false,0,0,0,NA,false,0,0,0,NA,-1,-1,-1,-1,-1,-2,-2,false,0,0,0,NA,-1,-1,-1,-1,-1,-2,-2
2,"Environment: 1, AimModifier: 2",9.073378,false,0,0,0,NA,false,0,0,0,NA,-1,-1,-1,-1,-1,-2,-2,false,0,0,0,NA,-1,-1,-1,-1,-1,-2,-2
2,"Environment: 1, AimModifier: 2",9.074977,false,0,0,0,NA,false,0,0,0,NA,-1,-1,-1,-1,-1,-2,-2,false,0,0,0,NA,-1,-1,-1,-1,-1,-2,-2
2,"Environment: 1, AimModifier: 2",9.076646,false,0,0,0,NA,false,0,0,0,NA,-1,-1,-1,-1,-1,-2,-2,false,0,0,0,NA,-1,-1,-1,-1,-1,-2,-2
2,"Environment: 1, AimModifier: 2",9.078201,false,0,0,0,NA,false,0,0,0,NA,-1,-1,-1,-1,-1,-2,-2,false,0,0,0,NA,-1,-1,-1,-1,-1,-2,-2
2,"Environment: 1, AimModifier: 2",9.07966,false,0,0,0,NA,false,0,0,0,NA,-1,-1,-1,-1,-1,-2,-2,false,0,0,0,NA,-1,-1,-1,-1,-1,-2,-2
2,"Environment: 1, AimModifier: 2",9.080951,false,0,0,0,NA,false,0,0,0,NA,-1,-1,-1,-1,-1,-2,-2,false,0,0,0,NA,-1,-1,-1,-1,-1,-2,-2
2,"Environment: 1, AimModifier: 2",9.082395,false,0,0,0,NA,false,0,0,0,NA,-1,-1,-1,-1,-1,-2,-2,false,0,0,0,NA,-1,-1,-1,-1,-1,-2,-2
2,"Environment: 1, AimModifier: 2",9.083689,false,0,0,0,NA,false,0,0,0,NA,-1,-1,-1,-1,-1,-2,-2,false,0,0,0,NA,-1,-1,-1,-1,-1,-2,-2
2,"Environment: 1, AimModifier: 2",9.085126,false,0,0,0,NA,false,0,0,0,NA,-1,-1,-1,-1,-1,-2,-2,false,0,0,0,NA,-1,-1,-1,-1,-1,-2,-2
2,"Environment: 1, AimModifier: 2",9.086403,false,0,0,0,NA,false,0,0,0,NA,-1,-1,-1,-1,-1,-2,-2,false,0,0,0,NA,-1,-1,-1,-1,-1,-2,-2
2,"Environment: 1, AimModifier: 2",9.087814,false,0,0,0,NA,false,0,0,0,NA,-1,-1,-1,-1,-1,-2,-2,false,0,0,0,NA,-1,-1,-1,-1,-1,-2,-2
2,"Environment: 1, AimModifier: 2",9.089156,false,0,0,0,NA,false,0,0,0,NA,-1,-1,-1,-1,-1,-2,-2,false,0,0,0,NA,-1,-1,-1,-1,-1,-2,-2
2,"Environment: 1, AimModifier: 2",9.090532,false,0,0,0,NA,false,0,0,0,NA,-1,-1,-1,-1,-1,-2,-2,false,0,0,0,NA,-1,-1,-1,-1,-1,-2,-2
2,"Environment: 1, AimModifier: 2",9.091865,false,0,0,0,NA,false,0,0,0,NA,-1,-1,-1,-1,-1,-2,-2,false,0,0,0,NA,-1,-1,-1,-1,-1,-2,-2
2,"Environment: 1, AimModifier: 2",9.093421,false,0,0,0,NA,false,0,0,0,NA,-1,-1,-1,-1,-1,-2,-2,false,0,0,0,NA,-1,-1,-1,-1,-1,-2,-2
2,"Environment: 1, AimModifier: 2",9.094911,false,0,0,0,NA,false,0,0,0,NA,-1,-1,-1,-1,-1,-2,-2,false,0,0,0,NA,-1,-1,-1,-1,-1,-2,-2
2,"Environment: 1, AimModifier: 2",9.096312,false,0,0,0,NA,false,0,0,0,NA,-1,-1,-1,-1,-1,-2,-2,false,0,0,0,NA,-1,-1,-1,-1,-1,-2,-2
2,"Environment: 1, AimModifier: 2",9.097611,false,0,0,0,NA,false,0,0,0,NA,-1,-1,-1,-1,-1,-2,-2,false,0,0,0,NA,-1,-1,-1,-1,-1,-2,-2
2,"Environment: 1, AimModifier: 2",9.099049,false,0,0,0,NA,false,0,0,0,NA,-1,-1,-1,-1,-1,-2,-2,false,0,0,0,NA,-1,-1,-1,-1,-1,-2,-2
2,"Environment: 1, AimModifier: 2",9.100459,false,0,0,0,NA,false,0,0,0,NA,-1,-1,-1,-1,-1,-2,-2,false,0,0,0,NA,-1,-1,-1,-1,-1,-2,-2
2,"Environment: 1, AimModifier: 2",9.101874,false,0,0,0,NA,false,0,0,0,NA,-1,-1,-1,-1,-1,-2,-2,false,0,0,0,NA,-1,-1,-1,-1,-1,-2,-2
2,"Environment: 1, AimModifier: 2",9.10327,false,0,0,0,NA,false,0,0,0,NA,-1,-1,-1,-1,-1,-2,-2,false,0,0,0,NA,-1,-1,-1,-1,-1,-2,-2
2,"Environment: 1, AimModifier: 2",9.104628,false,0,0,0,NA,false,0,0,0,NA,-1,-1,-1,-1,-1,-2,-2,false,0,0,0,NA,-1,-1,-1,-1,-1,-2,-2
2,"Environment: 1, AimModifier: 2",9.106281,false,0,0,0,NA,false,0,0,0,NA,-1,-1,-1,-1,-1,-2,-2,false,0,0,0,NA,-1,-1,-1,-1,-1,-2,-2
2,"Environment: 1, AimModifier: 2",9.107669,false,0,0,0,NA,false,0,0,0,NA,-1,-1,-1,-1,-1,-2,-2,false,0,0,0,NA,-1,-1,-1,-1,-1,-2,-2
2,"Environment: 1, AimModifier: 2",9.108986,false,0,0,0,NA,false,0,0,0,NA,-1,-1,-1,-1,-1,-2,-2,false,0,0,0,NA,-1,-1,-1,-1,-1,-2,-2
2,"Environment: 1, AimModifier: 2",9.110291,false,0,0,0,NA,false,0,0,0,NA,-1,-1,-1,-1,-1,-2,-2,false,0,0,0,NA,-1,-1,-1,-1,-1,-2,-2
2,"Environment: 1, AimModifier: 2",9.111599,false,0,0,0,NA,false,0,0,0,NA,-1,-1,-1,-1,-1,-2,-2,false,0,0,0,NA,-1,-1,-1,-1,-1,-2,-2
2,"Environment: 1, AimModifier: 2",9.113014,false,0,0,0,NA,false,0,0,0,NA,-1,-1,-1,-1,-1,-2,-2,false,0,0,0,NA,-1,-1,-1,-1,-1,-2,-2
2,"Environment: 1, AimModifier: 2",9.114596,false,0,0,0,NA,false,0,0,0,NA,-1,-1,-1,-1,-1,-2,-2,false,0,0,0,NA,-1,-1,-1,-1,-1,-2,-2
2,"Environment: 1, AimModifier: 2",9.116349,false,0,0,0,NA,false,0,0,0,NA,-1,-1,-1,-1,-1,-2,-2,false,0,0,0,NA,-1,-1,-1,-1,-1,-2,-2
2,"Environment: 1, AimModifier: 2",9.118622,false,0,0,0,NA,false,0,0,0,NA,-1,-1,-1,-1,-1,-2,-2,false,0,0,0,NA,-1,-1,-1,-1,-1,-2,-2
2,"Environment: 1, AimModifier: 2",9.120646,false,0,0,0,NA,false,0,0,0,NA,-1,-1,-1,-1,-1,-2,-2,false,0,0,0,NA,-1,-1,-1,-1,-1,-2,-2
2,"Environment: 1, AimModifier: 2",9.122257,false,0,0,0,NA,false,0,0,0,NA,-1,-1,-1,-1,-1,-2,-2,false,0,0,0,NA,-1,-1,-1,-1,-1,-2,-2
2,"Environment: 1, AimModifier: 2",9.123696,false,0,0,0,NA,false,0,0,0,NA,-1,-1,-1,-1,-1,-2,-2,false,0,0,0,NA,-1,-1,-1,-1,-1,-2,-2
2,"Environment: 1, AimModifier: 2",9.125372,false,0,0,0,NA,false,0,0,0,NA,-1,-1,-1,-1,-1,-2,-2,false,0,0,0,NA,-1,-1,-1,-1,-1,-2,-2
2,"Environment: 1, AimModifier: 2",9.12674,false,0,0,0,NA,false,0,0,0,NA,-1,-1,-1,-1,-1,-2,-2,false,0,0,0,NA,-1,-1,-1,-1,-1,-2,-2
2,"Environment: 1, AimModifier: 2",9.128433,false,0,0,0,NA,false,0,0,0,NA,-1,-1,-1,-1,-1,-2,-2,false,0,0,0,NA,-1,-1,-1,-1,-1,-2,-2
2,"Environment: 1, AimModifier: 2",9.130197,false,0,0,0,NA,false,0,0,0,NA,-1,-1,-1,-1,-1,-2,-2,false,0,0,0,NA,-1,-1,-1,-1,-1,-2,-2
2,"Environment: 1, AimModifier: 2",9.131887,false,0,0,0,NA,false,0,0,0,NA,-1,-1,-1,-1,-1,-2,-2,false,0,0,0,NA,-1,-1,-1,-1,-1,-2,-2
2,"Environment: 1, AimModifier: 2",9.133595,false,0,0,0,NA,false,0,0,0,NA,-1,-1,-1,-1,-1,-2,-2,false,0,0,0,NA,-1,-1,-1,-1,-1,-2,-2
2,"Environment: 1, AimModifier: 2",9.135239,false,0,0,0,NA,false,0,0,0,NA,-1,-1,-1,-1,-1,-2,-2,false,0,0,0,NA,-1,-1,-1,-1,-1,-2,-2
2,"Environment: 1, AimModifier: 2",9.137105,false,0,0,0,NA,false,0,0,0,NA,-1,-1,-1,-1,-1,-2,-2,false,0,0,0,NA,-1,-1,-1,-1,-1,-2,-2
2,"Environment: 1, AimModifier: 2",9.138568,false,0,0,0,NA,false,0,0,0,NA,-1,-1,-1,-1,-1,-2,-2,false,0,0,0,NA,-1,-1,-1,-1,-1,-2,-2
2,"Environment: 1, AimModifier: 2",9.139898,false,0,0,0,NA,false,0,0,0,NA,-1,-1,-1,-1,-1,-2,-2,false,0,0,0,NA,-1,-1,-1,-1,-1,-2,-2
2,"Environment: 1, AimModifier: 2",9.141308,false,0,0,0,NA,false,0,0,0,NA,-1,-1,-1,-1,-1,-2,-2,false,0,0,0,NA,-1,-1,-1,-1,-1,-2,-2
2,"Environment: 1, AimModifier: 2",9.142787,false,0,0,0,NA,false,0,0,0,NA,-1,-1,-1,-1,-1,-2,-2,false,0,0,0,NA,-1,-1,-1,-1,-1,-2,-2
2,"Environment: 1, AimModifier: 2",9.144361,false,0,0,0,NA,false,0,0,0,NA,-1,-1,-1,-1,-1,-2,-2,false,0,0,0,NA,-1,-1,-1,-1,-1,-2,-2
2,"Environment: 1, AimModifier: 2",9.146039,false,0,0,0,NA,false,0,0,0,NA,-1,-1,-1,-1,-1,-2,-2,false,0,0,0,NA,-1,-1,-1,-1,-1,-2,-2
2,"Environment: 1, AimModifier: 2",9.147744,false,0,0,0,NA,false,0,0,0,NA,-1,-1,-1,-1,-1,-2,-2,false,0,0,0,NA,-1,-1,-1,-1,-1,-2,-2
2,"Environment: 1, AimModifier: 2",9.149236,false,0,0,0,NA,false,0,0,0,NA,-1,-1,-1,-1,-1,-2,-2,false,0,0,0,NA,-1,-1,-1,-1,-1,-2,-2
2,"Environment: 1, AimModifier: 2",9.150586,false,0,0,0,NA,false,0,0,0,NA,-1,-1,-1,-1,-1,-2,-2,false,0,0,0,NA,-1,-1,-1,-1,-1,-2,-2
2,"Environment: 1, AimModifier: 2",9.151905,false,0,0,0,NA,false,0,0,0,NA,-1,-1,-1,-1,-1,-2,-2,false,0,0,0,NA,-1,-1,-1,-1,-1,-2,-2
2,"Environment: 1, AimModifier: 2",9.153197,false,0,0,0,NA,false,0,0,0,NA,-1,-1,-1,-1,-1,-2,-2,false,0,0,0,NA,-1,-1,-1,-1,-1,-2,-2
2,"Environment: 1, AimModifier: 2",9.154873,false,0,0,0,NA,false,0,0,0,NA,-1,-1,-1,-1,-1,-2,-2,false,0,0,0,NA,-1,-1,-1,-1,-1,-2,-2
2,"Environment: 1, AimModifier: 2",9.156248,false,0,0,0,NA,false,0,0,0,NA,-1,-1,-1,-1,-1,-2,-2,false,0,0,0,NA,-1,-1,-1,-1,-1,-2,-2
2,"Environment: 1, AimModifier: 2",9.157624,false,0,0,0,NA,false,0,0,0,NA,-1,-1,-1,-1,-1,-2,-2,false,0,0,0,NA,-1,-1,-1,-1,-1,-2,-2
2,"Environment: 1, AimModifier: 2",9.15912,false,0,0,0,NA,false,0,0,0,NA,-1,-1,-1,-1,-1,-2,-2,false,0,0,0,NA,-1,-1,-1,-1,-1,-2,-2
2,"Environment: 1, AimModifier: 2",9.160608,false,0,0,0,NA,false,0,0,0,NA,-1,-1,-1,-1,-1,-2,-2,false,0,0,0,NA,-1,-1,-1,-1,-1,-2,-2
2,"Environment: 1, AimModifier: 2",9.162071,false,0,0,0,NA,false,0,0,0,NA,-1,-1,-1,-1,-1,-2,-2,false,0,0,0,NA,-1,-1,-1,-1,-1,-2,-2
2,"Environment: 1, AimModifier: 2",9.163381,false,0,0,0,NA,false,0,0,0,NA,-1,-1,-1,-1,-1,-2,-2,false,0,0,0,NA,-1,-1,-1,-1,-1,-2,-2
2,"Environment: 1, AimModifier: 2",9.164669,false,0,0,0,NA,false,0,0,0,NA,-1,-1,-1,-1,-1,-2,-2,false,0,0,0,NA,-1,-1,-1,-1,-1,-2,-2
2,"Environment: 1, AimModifier: 2",9.166084,false,0,0,0,NA,false,0,0,0,NA,-1,-1,-1,-1,-1,-2,-2,false,0,0,0,NA,-1,-1,-1,-1,-1,-2,-2
2,"Environment: 1, AimModifier: 2",9.167439,false,0,0,0,NA,false,0,0,0,NA,-1,-1,-1,-1,-1,-2,-2,false,0,0,0,NA,-1,-1,-1,-1,-1,-2,-2
2,"Environment: 1, AimModifier: 2",9.168759,false,0,0,0,NA,false,0,0,0,NA,-1,-1,-1,-1,-1,-2,-2,false,0,0,0,NA,-1,-1,-1,-1,-1,-2,-2
2,"Environment: 1, AimModifier: 2",9.170151,false,0,0,0,NA,false,0,0,0,NA,-1,-1,-1,-1,-1,-2,-2,false,0,0,0,NA,-1,-1,-1,-1,-1,-2,-2
2,"Environment: 1, AimModifier: 2",9.17154,false,0,0,0,NA,false,0,0,0,NA,-1,-1,-1,-1,-1,-2,-2,false,0,0,0,NA,-1,-1,-1,-1,-1,-2,-2
2,"Environment: 1, AimModifier: 2",9.172892,false,0,0,0,NA,false,0,0,0,NA,-1,-1,-1,-1,-1,-2,-2,false,0,0,0,NA,-1,-1,-1,-1,-1,-2,-2
2,"Environment: 1, AimModifier: 2",9.174242,false,0,0,0,NA,false,0,0,0,NA,-1,-1,-1,-1,-1,-2,-2,false,0,0,0,NA,-1,-1,-1,-1,-1,-2,-2
2,"Environment: 1, AimModifier: 2",9.17553,false,0,0,0,NA,false,0,0,0,NA,-1,-1,-1,-1,-1,-2,-2,false,0,0,0,NA,-1,-1,-1,-1,-1,-2,-2
2,"Environment: 1, AimModifier: 2",9.177091,false,0,0,0,NA,false,0,0,0,NA,-1,-1,-1,-1,-1,-2,-2,false,0,0,0,NA,-1,-1,-1,-1,-1,-2,-2
2,"Environment: 1, AimModifier: 2",9.178587,false,0,0,0,NA,false,0,0,0,NA,-1,-1,-1,-1,-1,-2,-2,false,0,0,0,NA,-1,-1,-1,-1,-1,-2,-2
2,"Environment: 1, AimModifier: 2",9.180293,false,0,0,0,NA,false,0,0,0,NA,-1,-1,-1,-1,-1,-2,-2,false,0,0,0,NA,-1,-1,-1,-1,-1,-2,-2
2,"Environment: 1, AimModifier: 2",9.181687,false,0,0,0,NA,false,0,0,0,NA,-1,-1,-1,-1,-1,-2,-2,false,0,0,0,NA,-1,-1,-1,-1,-1,-2,-2
2,"Environment: 1, AimModifier: 2",9.18314,false,0,0,0,NA,false,0,0,0,NA,-1,-1,-1,-1,-1,-2,-2,false,0,0,0,NA,-1,-1,-1,-1,-1,-2,-2
2,"Environment: 1, AimModifier: 2",9.1845,false,0,0,0,NA,false,0,0,0,NA,-1,-1,-1,-1,-1,-2,-2,false,0,0,0,NA,-1,-1,-1,-1,-1,-2,-2
2,"Environment: 1, AimModifier: 2",9.186548,false,0,0,0,NA,false,0,0,0,NA,-1,-1,-1,-1,-1,-2,-2,false,0,0,0,NA,-1,-1,-1,-1,-1,-2,-2
2,"Environment: 1, AimModifier: 2",9.187972,false,0,0,0,NA,false,0,0,0,NA,-1,-1,-1,-1,-1,-2,-2,false,0,0,0,NA,-1,-1,-1,-1,-1,-2,-2
2,"Environment: 1, AimModifier: 2",9.189386,false,0,0,0,NA,false,0,0,0,NA,-1,-1,-1,-1,-1,-2,-2,false,0,0,0,NA,-1,-1,-1,-1,-1,-2,-2
2,"Environment: 1, AimModifier: 2",9.190878,false,0,0,0,NA,false,0,0,0,NA,-1,-1,-1,-1,-1,-2,-2,false,0,0,0,NA,-1,-1,-1,-1,-1,-2,-2
2,"Environment: 1, AimModifier: 2",9.192305,false,0,0,0,NA,false,0,0,0,NA,-1,-1,-1,-1,-1,-2,-2,false,0,0,0,NA,-1,-1,-1,-1,-1,-2,-2
2,"Environment: 1, AimModifier: 2",9.193634,false,0,0,0,NA,false,0,0,0,NA,-1,-1,-1,-1,-1,-2,-2,false,0,0,0,NA,-1,-1,-1,-1,-1,-2,-2
2,"Environment: 1, AimModifier: 2",9.194987,false,0,0,0,NA,false,0,0,0,NA,-1,-1,-1,-1,-1,-2,-2,false,0,0,0,NA,-1,-1,-1,-1,-1,-2,-2
2,"Environment: 1, AimModifier: 2",9.196275,false,0,0,0,NA,false,0,0,0,NA,-1,-1,-1,-1,-1,-2,-2,false,0,0,0,NA,-1,-1,-1,-1,-1,-2,-2
2,"Environment: 1, AimModifier: 2",9.19765,false,0,0,0,NA,false,0,0,0,NA,-1,-1,-1,-1,-1,-2,-2,false,0,0,0,NA,-1,-1,-1,-1,-1,-2,-2
2,"Environment: 1, AimModifier: 2",9.199281,false,0,0,0,NA,false,0,0,0,NA,-1,-1,-1,-1,-1,-2,-2,false,0,0,0,NA,-1,-1,-1,-1,-1,-2,-2
2,"Environment: 1, AimModifier: 2",9.201541,false,0,0,0,NA,false,0,0,0,NA,-1,-1,-1,-1,-1,-2,-2,false,0,0,0,NA,-1,-1,-1,-1,-1,-2,-2
2,"Environment: 1, AimModifier: 2",9.203858,false,0,0,0,NA,false,0,0,0,NA,-1,-1,-1,-1,-1,-2,-2,false,0,0,0,NA,-1,-1,-1,-1,-1,-2,-2
2,"Environment: 1, AimModifier: 2",9.205451,false,0,0,0,NA,false,0,0,0,NA,-1,-1,-1,-1,-1,-2,-2,false,0,0,0,NA,-1,-1,-1,-1,-1,-2,-2
2,"Environment: 1, AimModifier: 2",9.206764,false,0,0,0,NA,false,0,0,0,NA,-1,-1,-1,-1,-1,-2,-2,false,0,0,0,NA,-1,-1,-1,-1,-1,-2,-2
2,"Environment: 1, AimModifier: 2",9.208015,false,0,0,0,NA,false,0,0,0,NA,-1,-1,-1,-1,-1,-2,-2,false,0,0,0,NA,-1,-1,-1,-1,-1,-2,-2
2,"Environment: 1, AimModifier: 2",9.209404,false,0,0,0,NA,false,0,0,0,NA,-1,-1,-1,-1,-1,-2,-2,false,0,0,0,NA,-1,-1,-1,-1,-1,-2,-2
2,"Environment: 1, AimModifier: 2",9.210752,false,0,0,0,NA,false,0,0,0,NA,-1,-1,-1,-1,-1,-2,-2,false,0,0,0,NA,-1,-1,-1,-1,-1,-2,-2
2,"Environment: 1, AimModifier: 2",9.212109,false,0,0,0,NA,false,0,0,0,NA,-1,-1,-1,-1,-1,-2,-2,false,0,0,0,NA,-1,-1,-1,-1,-1,-2,-2
2,"Environment: 1, AimModifier: 2",9.213408,false,0,0,0,NA,false,0,0,0,NA,-1,-1,-1,-1,-1,-2,-2,false,0,0,0,NA,-1,-1,-1,-1,-1,-2,-2
2,"Environment: 1, AimModifier: 2",9.214699,false,0,0,0,NA,false,0,0,0,NA,-1,-1,-1,-1,-1,-2,-2,false,0,0,0,NA,-1,-1,-1,-1,-1,-2,-2
2,"Environment: 1, AimModifier: 2",9.21613,false,0,0,0,NA,false,0,0,0,NA,-1,-1,-1,-1,-1,-2,-2,false,0,0,0,NA,-1,-1,-1,-1,-1,-2,-2
2,"Environment: 1, AimModifier: 2",9.217494,false,0,0,0,NA,false,0,0,0,NA,-1,-1,-1,-1,-1,-2,-2,false,0,0,0,NA,-1,-1,-1,-1,-1,-2,-2
2,"Environment: 1, AimModifier: 2",9.21881,false,0,0,0,NA,false,0,0,0,NA,-1,-1,-1,-1,-1,-2,-2,false,0,0,0,NA,-1,-1,-1,-1,-1,-2,-2
2,"Environment: 1, AimModifier: 2",9.220098,false,0,0,0,NA,false,0,0,0,NA,-1,-1,-1,-1,-1,-2,-2,false,0,0,0,NA,-1,-1,-1,-1,-1,-2,-2
2,"Environment: 1, AimModifier: 2",9.221426,false,0,0,0,NA,false,0,0,0,NA,-1,-1,-1,-1,-1,-2,-2,false,0,0,0,NA,-1,-1,-1,-1,-1,-2,-2
2,"Environment: 1, AimModifier: 2",9.222886,false,0,0,0,NA,false,0,0,0,NA,-1,-1,-1,-1,-1,-2,-2,false,0,0,0,NA,-1,-1,-1,-1,-1,-2,-2
2,"Environment: 1, AimModifier: 2",9.224174,false,0,0,0,NA,false,0,0,0,NA,-1,-1,-1,-1,-1,-2,-2,false,0,0,0,NA,-1,-1,-1,-1,-1,-2,-2
2,"Environment: 1, AimModifier: 2",9.225675,false,0,0,0,NA,false,0,0,0,NA,-1,-1,-1,-1,-1,-2,-2,false,0,0,0,NA,-1,-1,-1,-1,-1,-2,-2
2,"Environment: 1, AimModifier: 2",9.227412,false,0,0,0,NA,false,0,0,0,NA,-1,-1,-1,-1,-1,-2,-2,false,0,0,0,NA,-1,-1,-1,-1,-1,-2,-2
2,"Environment: 1, AimModifier: 2",9.229143,false,0,0,0,NA,false,0,0,0,NA,-1,-1,-1,-1,-1,-2,-2,false,0,0,0,NA,-1,-1,-1,-1,-1,-2,-2
2,"Environment: 1, AimModifier: 2",9.231056,false,0,0,0,NA,false,0,0,0,NA,-1,-1,-1,-1,-1,-2,-2,false,0,0,0,NA,-1,-1,-1,-1,-1,-2,-2
2,"Environment: 1, AimModifier: 2",9.232843,false,0,0,0,NA,false,0,0,0,NA,-1,-1,-1,-1,-1,-2,-2,false,0,0,0,NA,-1,-1,-1,-1,-1,-2,-2
2,"Environment: 1, AimModifier: 2",9.234632,false,0,0,0,NA,false,0,0,0,NA,-1,-1,-1,-1,-1,-2,-2,false,0,0,0,NA,-1,-1,-1,-1,-1,-2,-2
2,"Environment: 1, AimModifier: 2",9.236407,false,0,0,0,NA,false,0,0,0,NA,-1,-1,-1,-1,-1,-2,-2,false,0,0,0,NA,-1,-1,-1,-1,-1,-2,-2
2,"Environment: 1, AimModifier: 2",9.237892,false,0,0,0,NA,false,0,0,0,NA,-1,-1,-1,-1,-1,-2,-2,false,0,0,0,NA,-1,-1,-1,-1,-1,-2,-2
2,"Environment: 1, AimModifier: 2",9.239607,false,0,0,0,NA,false,0,0,0,NA,-1,-1,-1,-1,-1,-2,-2,false,0,0,0,NA,-1,-1,-1,-1,-1,-2,-2
2,"Environment: 1, AimModifier: 2",9.241112,false,0,0,0,NA,false,0,0,0,NA,-1,-1,-1,-1,-1,-2,-2,false,0,0,0,NA,-1,-1,-1,-1,-1,-2,-2
2,"Environment: 1, AimModifier: 2",9.242521,false,0,0,0,NA,false,0,0,0,NA,-1,-1,-1,-1,-1,-2,-2,false,0,0,0,NA,-1,-1,-1,-1,-1,-2,-2
2,"Environment: 1, AimModifier: 2",9.24392,false,0,0,0,NA,false,0,0,0,NA,-1,-1,-1,-1,-1,-2,-2,false,0,0,0,NA,-1,-1,-1,-1,-1,-2,-2
2,"Environment: 1, AimModifier: 2",9.245735,false,0,0,0,NA,false,0,0,0,NA,-1,-1,-1,-1,-1,-2,-2,false,0,0,0,NA,-1,-1,-1,-1,-1,-2,-2
2,"Environment: 1, AimModifier: 2",9.247225,false,0,0,0,NA,false,0,0,0,NA,-1,-1,-1,-1,-1,-2,-2,false,0,0,0,NA,-1,-1,-1,-1,-1,-2,-2
2,"Environment: 1, AimModifier: 2",9.248545,false,0,0,0,NA,false,0,0,0,NA,-1,-1,-1,-1,-1,-2,-2,false,0,0,0,NA,-1,-1,-1,-1,-1,-2,-2
2,"Environment: 1, AimModifier: 2",9.249824,false,0,0,0,NA,false,0,0,0,NA,-1,-1,-1,-1,-1,-2,-2,false,0,0,0,NA,-1,-1,-1,-1,-1,-2,-2
2,"Environment: 1, AimModifier: 2",9.251099,false,0,0,0,NA,false,0,0,0,NA,-1,-1,-1,-1,-1,-2,-2,false,0,0,0,NA,-1,-1,-1,-1,-1,-2,-2
2,"Environment: 1, AimModifier: 2",9.252422,false,0,0,0,NA,false,0,0,0,NA,-1,-1,-1,-1,-1,-2,-2,false,0,0,0,NA,-1,-1,-1,-1,-1,-2,-2
2,"Environment: 1, AimModifier: 2",9.253749,false,0,0,0,NA,false,0,0,0,NA,-1,-1,-1,-1,-1,-2,-2,false,0,0,0,NA,-1,-1,-1,-1,-1,-2,-2
2,"Environment: 1, AimModifier: 2",9.255039,false,0,0,0,NA,false,0,0,0,NA,-1,-1,-1,-1,-1,-2,-2,false,0,0,0,NA,-1,-1,-1,-1,-1,-2,-2
2,"Environment: 1, AimModifier: 2",9.25655,false,0,0,0,NA,false,0,0,0,NA,-1,-1,-1,-1,-1,-2,-2,false,0,0,0,NA,-1,-1,-1,-1,-1,-2,-2
2,"Environment: 1, AimModifier: 2",9.258242,false,0,0,0,NA,false,0,0,0,NA,-1,-1,-1,-1,-1,-2,-2,false,0,0,0,NA,-1,-1,-1,-1,-1,-2,-2
2,"Environment: 1, AimModifier: 2",9.259616,false,0,0,0,NA,false,0,0,0,NA,-1,-1,-1,-1,-1,-2,-2,false,0,0,0,NA,-1,-1,-1,-1,-1,-2,-2
2,"Environment: 1, AimModifier: 2",9.261012,false,0,0,0,NA,false,0,0,0,NA,-1,-1,-1,-1,-1,-2,-2,false,0,0,0,NA,-1,-1,-1,-1,-1,-2,-2
2,"Environment: 1, AimModifier: 2",9.262547,false,0,0,0,NA,false,0,0,0,NA,-1,-1,-1,-1,-1,-2,-2,false,0,0,0,NA,-1,-1,-1,-1,-1,-2,-2
2,"Environment: 1, AimModifier: 2",9.264068,false,0,0,0,NA,false,0,0,0,NA,-1,-1,-1,-1,-1,-2,-2,false,0,0,0,NA,-1,-1,-1,-1,-1,-2,-2
2,"Environment: 1, AimModifier: 2",9.265653,false,0,0,0,NA,false,0,0,0,NA,-1,-1,-1,-1,-1,-2,-2,false,0,0,0,NA,-1,-1,-1,-1,-1,-2,-2
2,"Environment: 1, AimModifier: 2",9.267269,false,0,0,0,NA,false,0,0,0,NA,-1,-1,-1,-1,-1,-2,-2,false,0,0,0,NA,-1,-1,-1,-1,-1,-2,-2
2,"Environment: 1, AimModifier: 2",9.268609,false,0,0,0,NA,false,0,0,0,NA,-1,-1,-1,-1,-1,-2,-2,false,0,0,0,NA,-1,-1,-1,-1,-1,-2,-2
2,"Environment: 1, AimModifier: 2",9.269972,false,0,0,0,NA,false,0,0,0,NA,-1,-1,-1,-1,-1,-2,-2,false,0,0,0,NA,-1,-1,-1,-1,-1,-2,-2
2,"Environment: 1, AimModifier: 2",9.271396,false,0,0,0,NA,false,0,0,0,NA,-1,-1,-1,-1,-1,-2,-2,false,0,0,0,NA,-1,-1,-1,-1,-1,-2,-2
2,"Environment: 1, AimModifier: 2",9.27277,false,0,0,0,NA,false,0,0,0,NA,-1,-1,-1,-1,-1,-2,-2,false,0,0,0,NA,-1,-1,-1,-1,-1,-2,-2
2,"Environment: 1, AimModifier: 2",9.274174,false,0,0,0,NA,false,0,0,0,NA,-1,-1,-1,-1,-1,-2,-2,false,0,0,0,NA,-1,-1,-1,-1,-1,-2,-2
2,"Environment: 1, AimModifier: 2",9.275559,false,0,0,0,NA,false,0,0,0,NA,-1,-1,-1,-1,-1,-2,-2,false,0,0,0,NA,-1,-1,-1,-1,-1,-2,-2
2,"Environment: 1, AimModifier: 2",9.277141,false,0,0,0,NA,false,0,0,0,NA,-1,-1,-1,-1,-1,-2,-2,false,0,0,0,NA,-1,-1,-1,-1,-1,-2,-2
2,"Environment: 1, AimModifier: 2",9.27859,false,0,0,0,NA,false,0,0,0,NA,-1,-1,-1,-1,-1,-2,-2,false,0,0,0,NA,-1,-1,-1,-1,-1,-2,-2
2,"Environment: 1, AimModifier: 2",9.279981,false,0,0,0,NA,false,0,0,0,NA,-1,-1,-1,-1,-1,-2,-2,false,0,0,0,NA,-1,-1,-1,-1,-1,-2,-2
2,"Environment: 1, AimModifier: 2",9.281327,false,0,0,0,NA,false,0,0,0,NA,-1,-1,-1,-1,-1,-2,-2,false,0,0,0,NA,-1,-1,-1,-1,-1,-2,-2
2,"Environment: 1, AimModifier: 2",9.282774,false,0,0,0,NA,false,0,0,0,NA,-1,-1,-1,-1,-1,-2,-2,false,0,0,0,NA,-1,-1,-1,-1,-1,-2,-2
2,"Environment: 1, AimModifier: 2",9.284134,false,0,0,0,NA,false,0,0,0,NA,-1,-1,-1,-1,-1,-2,-2,false,0,0,0,NA,-1,-1,-1,-1,-1,-2,-2
2,"Environment: 1, AimModifier: 2",9.285979,false,0,0,0,NA,false,0,0,0,NA,-1,-1,-1,-1,-1,-2,-2,false,0,0,0,NA,-1,-1,-1,-1,-1,-2,-2
2,"Environment: 1, AimModifier: 2",9.287999,false,0,0,0,NA,false,0,0,0,NA,-1,-1,-1,-1,-1,-2,-2,false,0,0,0,NA,-1,-1,-1,-1,-1,-2,-2
2,"Environment: 1, AimModifier: 2",9.290194,false,0,0,0,NA,false,0,0,0,NA,-1,-1,-1,-1,-1,-2,-2,false,0,0,0,NA,-1,-1,-1,-1,-1,-2,-2
2,"Environment: 1, AimModifier: 2",9.29168,false,0,0,0,NA,false,0,0,0,NA,-1,-1,-1,-1,-1,-2,-2,false,0,0,0,NA,-1,-1,-1,-1,-1,-2,-2
2,"Environment: 1, AimModifier: 2",9.293309,false,0,0,0,NA,false,0,0,0,NA,-1,-1,-1,-1,-1,-2,-2,false,0,0,0,NA,-1,-1,-1,-1,-1,-2,-2
2,"Environment: 1, AimModifier: 2",9.294885,false,0,0,0,NA,false,0,0,0,NA,-1,-1,-1,-1,-1,-2,-2,false,0,0,0,NA,-1,-1,-1,-1,-1,-2,-2
2,"Environment: 1, AimModifier: 2",9.296394,false,0,0,0,NA,false,0,0,0,NA,-1,-1,-1,-1,-1,-2,-2,false,0,0,0,NA,-1,-1,-1,-1,-1,-2,-2
2,"Environment: 1, AimModifier: 2",9.297714,false,0,0,0,NA,false,0,0,0,NA,-1,-1,-1,-1,-1,-2,-2,false,0,0,0,NA,-1,-1,-1,-1,-1,-2,-2
2,"Environment: 1, AimModifier: 2",9.299035,false,0,0,0,NA,false,0,0,0,NA,-1,-1,-1,-1,-1,-2,-2,false,0,0,0,NA,-1,-1,-1,-1,-1,-2,-2
2,"Environment: 1, AimModifier: 2",9.30076,false,0,0,0,NA,false,0,0,0,NA,-1,-1,-1,-1,-1,-2,-2,false,0,0,0,NA,-1,-1,-1,-1,-1,-2,-2
2,"Environment: 1, AimModifier: 2",9.302164,false,0,0,0,NA,false,0,0,0,NA,-1,-1,-1,-1,-1,-2,-2,false,0,0,0,NA,-1,-1,-1,-1,-1,-2,-2
2,"Environment: 1, AimModifier: 2",9.303711,false,0,0,0,NA,false,0,0,0,NA,-1,-1,-1,-1,-1,-2,-2,false,0,0,0,NA,-1,-1,-1,-1,-1,-2,-2
2,"Environment: 1, AimModifier: 2",9.305243,false,0,0,0,NA,false,0,0,0,NA,-1,-1,-1,-1,-1,-2,-2,false,0,0,0,NA,-1,-1,-1,-1,-1,-2,-2
2,"Environment: 1, AimModifier: 2",9.306808,false,0,0,0,NA,false,0,0,0,NA,-1,-1,-1,-1,-1,-2,-2,false,0,0,0,NA,-1,-1,-1,-1,-1,-2,-2
2,"Environment: 1, AimModifier: 2",9.308445,false,0,0,0,NA,false,0,0,0,NA,-1,-1,-1,-1,-1,-2,-2,false,0,0,0,NA,-1,-1,-1,-1,-1,-2,-2
2,"Environment: 1, AimModifier: 2",9.309834,false,0,0,0,NA,false,0,0,0,NA,-1,-1,-1,-1,-1,-2,-2,false,0,0,0,NA,-1,-1,-1,-1,-1,-2,-2
2,"Environment: 1, AimModifier: 2",9.311232,false,0,0,0,NA,false,0,0,0,NA,-1,-1,-1,-1,-1,-2,-2,false,0,0,0,NA,-1,-1,-1,-1,-1,-2,-2
2,"Environment: 1, AimModifier: 2",9.31284,false,0,0,0,NA,false,0,0,0,NA,-1,-1,-1,-1,-1,-2,-2,false,0,0,0,NA,-1,-1,-1,-1,-1,-2,-2
2,"Environment: 1, AimModifier: 2",9.314223,false,0,0,0,NA,false,0,0,0,NA,-1,-1,-1,-1,-1,-2,-2,false,0,0,0,NA,-1,-1,-1,-1,-1,-2,-2
2,"Environment: 1, AimModifier: 2",9.315747,false,0,0,0,NA,false,0,0,0,NA,-1,-1,-1,-1,-1,-2,-2,false,0,0,0,NA,-1,-1,-1,-1,-1,-2,-2
2,"Environment: 1, AimModifier: 2",9.317079,false,0,0,0,NA,false,0,0,0,NA,-1,-1,-1,-1,-1,-2,-2,false,0,0,0,NA,-1,-1,-1,-1,-1,-2,-2
2,"Environment: 1, AimModifier: 2",9.318672,false,0,0,0,NA,false,0,0,0,NA,-1,-1,-1,-1,-1,-2,-2,false,0,0,0,NA,-1,-1,-1,-1,-1,-2,-2
2,"Environment: 1, AimModifier: 2",9.320007,false,0,0,0,NA,false,0,0,0,NA,-1,-1,-1,-1,-1,-2,-2,false,0,0,0,NA,-1,-1,-1,-1,-1,-2,-2
2,"Environment: 1, AimModifier: 2",9.321296,false,0,0,0,NA,false,0,0,0,NA,-1,-1,-1,-1,-1,-2,-2,false,0,0,0,NA,-1,-1,-1,-1,-1,-2,-2
2,"Environment: 1, AimModifier: 2",9.322536,false,0,0,0,NA,false,0,0,0,NA,-1,-1,-1,-1,-1,-2,-2,false,0,0,0,NA,-1,-1,-1,-1,-1,-2,-2
2,"Environment: 1, AimModifier: 2",9.323943,false,0,0,0,NA,false,0,0,0,NA,-1,-1,-1,-1,-1,-2,-2,false,0,0,0,NA,-1,-1,-1,-1,-1,-2,-2
2,"Environment: 1, AimModifier: 2",9.325469,false,0,0,0,NA,false,0,0,0,NA,-1,-1,-1,-1,-1,-2,-2,false,0,0,0,NA,-1,-1,-1,-1,-1,-2,-2
2,"Environment: 1, AimModifier: 2",9.326877,false,0,0,0,NA,false,0,0,0,NA,-1,-1,-1,-1,-1,-2,-2,false,0,0,0,NA,-1,-1,-1,-1,-1,-2,-2
2,"Environment: 1, AimModifier: 2",9.328407,false,0,0,0,NA,false,0,0,0,NA,-1,-1,-1,-1,-1,-2,-2,false,0,0,0,NA,-1,-1,-1,-1,-1,-2,-2
2,"Environment: 1, AimModifier: 2",9.329782,false,0,0,0,NA,false,0,0,0,NA,-1,-1,-1,-1,-1,-2,-2,false,0,0,0,NA,-1,-1,-1,-1,-1,-2,-2
2,"Environment: 1, AimModifier: 2",9.331328,false,0,0,0,NA,false,0,0,0,NA,-1,-1,-1,-1,-1,-2,-2,false,0,0,0,NA,-1,-1,-1,-1,-1,-2,-2
2,"Environment: 1, AimModifier: 2",9.332683,false,0,0,0,NA,false,0,0,0,NA,-1,-1,-1,-1,-1,-2,-2,false,0,0,0,NA,-1,-1,-1,-1,-1,-2,-2
2,"Environment: 1, AimModifier: 2",9.334039,false,0,0,0,NA,false,0,0,0,NA,-1,-1,-1,-1,-1,-2,-2,false,0,0,0,NA,-1,-1,-1,-1,-1,-2,-2
2,"Environment: 1, AimModifier: 2",9.335902,false,0,0,0,NA,false,0,0,0,NA,-1,-1,-1,-1,-1,-2,-2,false,0,0,0,NA,-1,-1,-1,-1,-1,-2,-2
2,"Environment: 1, AimModifier: 2",9.3372,false,0,0,0,NA,false,0,0,0,NA,-1,-1,-1,-1,-1,-2,-2,false,0,0,0,NA,-1,-1,-1,-1,-1,-2,-2
2,"Environment: 1, AimModifier: 2",9.338611,false,0,0,0,NA,false,0,0,0,NA,-1,-1,-1,-1,-1,-2,-2,false,0,0,0,NA,-1,-1,-1,-1,-1,-2,-2
2,"Environment: 1, AimModifier: 2",9.339945,false,0,0,0,NA,false,0,0,0,NA,-1,-1,-1,-1,-1,-2,-2,false,0,0,0,NA,-1,-1,-1,-1,-1,-2,-2
2,"Environment: 1, AimModifier: 2",9.341474,false,0,0,0,NA,false,0,0,0,NA,-1,-1,-1,-1,-1,-2,-2,false,0,0,0,NA,-1,-1,-1,-1,-1,-2,-2
2,"Environment: 1, AimModifier: 2",9.342901,false,0,0,0,NA,false,0,0,0,NA,-1,-1,-1,-1,-1,-2,-2,false,0,0,0,NA,-1,-1,-1,-1,-1,-2,-2
2,"Environment: 1, AimModifier: 2",9.34416,false,0,0,0,NA,false,0,0,0,NA,-1,-1,-1,-1,-1,-2,-2,false,0,0,0,NA,-1,-1,-1,-1,-1,-2,-2
2,"Environment: 1, AimModifier: 2",9.345791,false,0,0,0,NA,false,0,0,0,NA,-1,-1,-1,-1,-1,-2,-2,false,0,0,0,NA,-1,-1,-1,-1,-1,-2,-2
2,"Environment: 1, AimModifier: 2",9.347151,false,0,0,0,NA,false,0,0,0,NA,-1,-1,-1,-1,-1,-2,-2,false,0,0,0,NA,-1,-1,-1,-1,-1,-2,-2
2,"Environment: 1, AimModifier: 2",9.348627,false,0,0,0,NA,false,0,0,0,NA,-1,-1,-1,-1,-1,-2,-2,false,0,0,0,NA,-1,-1,-1,-1,-1,-2,-2
2,"Environment: 1, AimModifier: 2",9.349995,false,0,0,0,NA,false,0,0,0,NA,-1,-1,-1,-1,-1,-2,-2,false,0,0,0,NA,-1,-1,-1,-1,-1,-2,-2
2,"Environment: 1, AimModifier: 2",9.351262,false,0,0,0,NA,false,0,0,0,NA,-1,-1,-1,-1,-1,-2,-2,false,0,0,0,NA,-1,-1,-1,-1,-1,-2,-2
2,"Environment: 1, AimModifier: 2",9.352618,false,0,0,0,NA,false,0,0,0,NA,-1,-1,-1,-1,-1,-2,-2,false,0,0,0,NA,-1,-1,-1,-1,-1,-2,-2
2,"Environment: 1, AimModifier: 2",9.354283,false,0,0,0,NA,false,0,0,0,NA,-1,-1,-1,-1,-1,-2,-2,false,0,0,0,NA,-1,-1,-1,-1,-1,-2,-2
2,"Environment: 1, AimModifier: 2",9.355764,false,0,0,0,NA,false,0,0,0,NA,-1,-1,-1,-1,-1,-2,-2,false,0,0,0,NA,-1,-1,-1,-1,-1,-2,-2
2,"Environment: 1, AimModifier: 2",9.357222,false,0,0,0,NA,false,0,0,0,NA,-1,-1,-1,-1,-1,-2,-2,false,0,0,0,NA,-1,-1,-1,-1,-1,-2,-2
2,"Environment: 1, AimModifier: 2",9.358626,false,0,0,0,NA,false,0,0,0,NA,-1,-1,-1,-1,-1,-2,-2,false,0,0,0,NA,-1,-1,-1,-1,-1,-2,-2
2,"Environment: 1, AimModifier: 2",9.360041,false,0,0,0,NA,false,0,0,0,NA,-1,-1,-1,-1,-1,-2,-2,false,0,0,0,NA,-1,-1,-1,-1,-1,-2,-2
2,"Environment: 1, AimModifier: 2",9.361621,false,0,0,0,NA,false,0,0,0,NA,-1,-1,-1,-1,-1,-2,-2,false,0,0,0,NA,-1,-1,-1,-1,-1,-2,-2
2,"Environment: 1, AimModifier: 2",9.363182,false,0,0,0,NA,false,0,0,0,NA,-1,-1,-1,-1,-1,-2,-2,false,0,0,0,NA,-1,-1,-1,-1,-1,-2,-2
2,"Environment: 1, AimModifier: 2",9.364596,false,0,0,0,NA,false,0,0,0,NA,-1,-1,-1,-1,-1,-2,-2,false,0,0,0,NA,-1,-1,-1,-1,-1,-2,-2
2,"Environment: 1, AimModifier: 2",9.366281,false,0,0,0,NA,false,0,0,0,NA,-1,-1,-1,-1,-1,-2,-2,false,0,0,0,NA,-1,-1,-1,-1,-1,-2,-2
2,"Environment: 1, AimModifier: 2",9.368161,false,0,0,0,NA,false,0,0,0,NA,-1,-1,-1,-1,-1,-2,-2,false,0,0,0,NA,-1,-1,-1,-1,-1,-2,-2
2,"Environment: 1, AimModifier: 2",9.370042,false,0,0,0,NA,false,0,0,0,NA,-1,-1,-1,-1,-1,-2,-2,false,0,0,0,NA,-1,-1,-1,-1,-1,-2,-2
2,"Environment: 1, AimModifier: 2",9.371542,false,0,0,0,NA,false,0,0,0,NA,-1,-1,-1,-1,-1,-2,-2,false,0,0,0,NA,-1,-1,-1,-1,-1,-2,-2
2,"Environment: 1, AimModifier: 2",9.373793,false,0,0,0,NA,false,0,0,0,NA,-1,-1,-1,-1,-1,-2,-2,false,0,0,0,NA,-1,-1,-1,-1,-1,-2,-2
2,"Environment: 1, AimModifier: 2",9.375342,false,0,0,0,NA,false,0,0,0,NA,-1,-1,-1,-1,-1,-2,-2,false,0,0,0,NA,-1,-1,-1,-1,-1,-2,-2
2,"Environment: 1, AimModifier: 2",9.376941,false,0,0,0,NA,false,0,0,0,NA,-1,-1,-1,-1,-1,-2,-2,false,0,0,0,NA,-1,-1,-1,-1,-1,-2,-2
2,"Environment: 1, AimModifier: 2",9.378292,false,0,0,0,NA,false,0,0,0,NA,-1,-1,-1,-1,-1,-2,-2,false,0,0,0,NA,-1,-1,-1,-1,-1,-2,-2
2,"Environment: 1, AimModifier: 2",9.379715,false,0,0,0,NA,false,0,0,0,NA,-1,-1,-1,-1,-1,-2,-2,false,0,0,0,NA,-1,-1,-1,-1,-1,-2,-2
2,"Environment: 1, AimModifier: 2",9.380988,false,0,0,0,NA,false,0,0,0,NA,-1,-1,-1,-1,-1,-2,-2,false,0,0,0,NA,-1,-1,-1,-1,-1,-2,-2
2,"Environment: 1, AimModifier: 2",9.382278,false,0,0,0,NA,false,0,0,0,NA,-1,-1,-1,-1,-1,-2,-2,false,0,0,0,NA,-1,-1,-1,-1,-1,-2,-2
2,"Environment: 1, AimModifier: 2",9.383657,false,0,0,0,NA,false,0,0,0,NA,-1,-1,-1,-1,-1,-2,-2,false,0,0,0,NA,-1,-1,-1,-1,-1,-2,-2
2,"Environment: 1, AimModifier: 2",9.385237,false,0,0,0,NA,false,0,0,0,NA,-1,-1,-1,-1,-1,-2,-2,false,0,0,0,NA,-1,-1,-1,-1,-1,-2,-2
2,"Environment: 1, AimModifier: 2",9.386571,false,0,0,0,NA,false,0,0,0,NA,-1,-1,-1,-1,-1,-2,-2,false,0,0,0,NA,-1,-1,-1,-1,-1,-2,-2
2,"Environment: 1, AimModifier: 2",9.38788,false,0,0,0,NA,false,0,0,0,NA,-1,-1,-1,-1,-1,-2,-2,false,0,0,0,NA,-1,-1,-1,-1,-1,-2,-2
2,"Environment: 1, AimModifier: 2",9.389333,false,0,0,0,NA,false,0,0,0,NA,-1,-1,-1,-1,-1,-2,-2,false,0,0,0,NA,-1,-1,-1,-1,-1,-2,-2
2,"Environment: 1, AimModifier: 2",9.390691,false,0,0,0,NA,false,0,0,0,NA,-1,-1,-1,-1,-1,-2,-2,false,0,0,0,NA,-1,-1,-1,-1,-1,-2,-2
2,"Environment: 1, AimModifier: 2",9.392139,false,0,0,0,NA,false,0,0,0,NA,-1,-1,-1,-1,-1,-2,-2,false,0,0,0,NA,-1,-1,-1,-1,-1,-2,-2
2,"Environment: 1, AimModifier: 2",9.393461,false,0,0,0,NA,false,0,0,0,NA,-1,-1,-1,-1,-1,-2,-2,false,0,0,0,NA,-1,-1,-1,-1,-1,-2,-2
2,"Environment: 1, AimModifier: 2",9.394814,false,0,0,0,NA,false,0,0,0,NA,-1,-1,-1,-1,-1,-2,-2,false,0,0,0,NA,-1,-1,-1,-1,-1,-2,-2
2,"Environment: 1, AimModifier: 2",9.396191,false,0,0,0,NA,false,0,0,0,NA,-1,-1,-1,-1,-1,-2,-2,false,0,0,0,NA,-1,-1,-1,-1,-1,-2,-2
2,"Environment: 1, AimModifier: 2",9.397848,false,0,0,0,NA,false,0,0,0,NA,-1,-1,-1,-1,-1,-2,-2,false,0,0,0,NA,-1,-1,-1,-1,-1,-2,-2
2,"Environment: 1, AimModifier: 2",9.39944,false,0,0,0,NA,false,0,0,0,NA,-1,-1,-1,-1,-1,-2,-2,false,0,0,0,NA,-1,-1,-1,-1,-1,-2,-2
2,"Environment: 1, AimModifier: 2",9.400936,false,0,0,0,NA,false,0,0,0,NA,-1,-1,-1,-1,-1,-2,-2,false,0,0,0,NA,-1,-1,-1,-1,-1,-2,-2
2,"Environment: 1, AimModifier: 2",9.402313,false,0,0,0,NA,false,0,0,0,NA,-1,-1,-1,-1,-1,-2,-2,false,0,0,0,NA,-1,-1,-1,-1,-1,-2,-2
2,"Environment: 1, AimModifier: 2",9.403782,false,0,0,0,NA,false,0,0,0,NA,-1,-1,-1,-1,-1,-2,-2,false,0,0,0,NA,-1,-1,-1,-1,-1,-2,-2
2,"Environment: 1, AimModifier: 2",9.405388,false,0,0,0,NA,false,0,0,0,NA,-1,-1,-1,-1,-1,-2,-2,false,0,0,0,NA,-1,-1,-1,-1,-1,-2,-2
2,"Environment: 1, AimModifier: 2",9.406788,false,0,0,0,NA,false,0,0,0,NA,-1,-1,-1,-1,-1,-2,-2,false,0,0,0,NA,-1,-1,-1,-1,-1,-2,-2
2,"Environment: 1, AimModifier: 2",9.408183,false,0,0,0,NA,false,0,0,0,NA,-1,-1,-1,-1,-1,-2,-2,false,0,0,0,NA,-1,-1,-1,-1,-1,-2,-2
2,"Environment: 1, AimModifier: 2",9.410051,false,0,0,0,NA,false,0,0,0,NA,-1,-1,-1,-1,-1,-2,-2,false,0,0,0,NA,-1,-1,-1,-1,-1,-2,-2
2,"Environment: 1, AimModifier: 2",9.411806,false,0,0,0,NA,false,0,0,0,NA,-1,-1,-1,-1,-1,-2,-2,false,0,0,0,NA,-1,-1,-1,-1,-1,-2,-2
2,"Environment: 1, AimModifier: 2",9.414115,false,0,0,0,NA,false,0,0,0,NA,-1,-1,-1,-1,-1,-2,-2,false,0,0,0,NA,-1,-1,-1,-1,-1,-2,-2
2,"Environment: 1, AimModifier: 2",9.415718,false,0,0,0,NA,false,0,0,0,NA,-1,-1,-1,-1,-1,-2,-2,false,0,0,0,NA,-1,-1,-1,-1,-1,-2,-2
2,"Environment: 1, AimModifier: 2",9.417217,false,0,0,0,NA,false,0,0,0,NA,-1,-1,-1,-1,-1,-2,-2,false,0,0,0,NA,-1,-1,-1,-1,-1,-2,-2
2,"Environment: 1, AimModifier: 2",9.41864,false,0,0,0,NA,false,0,0,0,NA,-1,-1,-1,-1,-1,-2,-2,false,0,0,0,NA,-1,-1,-1,-1,-1,-2,-2
2,"Environment: 1, AimModifier: 2",9.420053,false,0,0,0,NA,false,0,0,0,NA,-1,-1,-1,-1,-1,-2,-2,false,0,0,0,NA,-1,-1,-1,-1,-1,-2,-2
2,"Environment: 1, AimModifier: 2",9.421656,false,0,0,0,NA,false,0,0,0,NA,-1,-1,-1,-1,-1,-2,-2,false,0,0,0,NA,-1,-1,-1,-1,-1,-2,-2
2,"Environment: 1, AimModifier: 2",9.423126,false,0,0,0,NA,false,0,0,0,NA,-1,-1,-1,-1,-1,-2,-2,false,0,0,0,NA,-1,-1,-1,-1,-1,-2,-2
2,"Environment: 1, AimModifier: 2",9.424547,false,0,0,0,NA,false,0,0,0,NA,-1,-1,-1,-1,-1,-2,-2,false,0,0,0,NA,-1,-1,-1,-1,-1,-2,-2
2,"Environment: 1, AimModifier: 2",9.426231,false,0,0,0,NA,false,0,0,0,NA,-1,-1,-1,-1,-1,-2,-2,false,0,0,0,NA,-1,-1,-1,-1,-1,-2,-2
2,"Environment: 1, AimModifier: 2",9.427974,false,0,0,0,NA,false,0,0,0,NA,-1,-1,-1,-1,-1,-2,-2,false,0,0,0,NA,-1,-1,-1,-1,-1,-2,-2
2,"Environment: 1, AimModifier: 2",9.429427,false,0,0,0,NA,false,0,0,0,NA,-1,-1,-1,-1,-1,-2,-2,false,0,0,0,NA,-1,-1,-1,-1,-1,-2,-2
2,"Environment: 1, AimModifier: 2",9.430801,false,0,0,0,NA,false,0,0,0,NA,-1,-1,-1,-1,-1,-2,-2,false,0,0,0,NA,-1,-1,-1,-1,-1,-2,-2
2,"Environment: 1, AimModifier: 2",9.432091,false,0,0,0,NA,false,0,0,0,NA,-1,-1,-1,-1,-1,-2,-2,false,0,0,0,NA,-1,-1,-1,-1,-1,-2,-2
2,"Environment: 1, AimModifier: 2",9.433637,false,0,0,0,NA,false,0,0,0,NA,-1,-1,-1,-1,-1,-2,-2,false,0,0,0,NA,-1,-1,-1,-1,-1,-2,-2
2,"Environment: 1, AimModifier: 2",9.435296,false,0,0,0,NA,false,0,0,0,NA,-1,-1,-1,-1,-1,-2,-2,false,0,0,0,NA,-1,-1,-1,-1,-1,-2,-2
2,"Environment: 1, AimModifier: 2",9.436846,false,0,0,0,NA,false,0,0,0,NA,-1,-1,-1,-1,-1,-2,-2,false,0,0,0,NA,-1,-1,-1,-1,-1,-2,-2
2,"Environment: 1, AimModifier: 2",9.438216,false,0,0,0,NA,false,0,0,0,NA,-1,-1,-1,-1,-1,-2,-2,false,0,0,0,NA,-1,-1,-1,-1,-1,-2,-2
2,"Environment: 1, AimModifier: 2",9.439709,false,0,0,0,NA,false,0,0,0,NA,-1,-1,-1,-1,-1,-2,-2,false,0,0,0,NA,-1,-1,-1,-1,-1,-2,-2
2,"Environment: 1, AimModifier: 2",9.441285,false,0,0,0,NA,false,0,0,0,NA,-1,-1,-1,-1,-1,-2,-2,false,0,0,0,NA,-1,-1,-1,-1,-1,-2,-2
2,"Environment: 1, AimModifier: 2",9.442646,false,0,0,0,NA,false,0,0,0,NA,-1,-1,-1,-1,-1,-2,-2,false,0,0,0,NA,-1,-1,-1,-1,-1,-2,-2
2,"Environment: 1, AimModifier: 2",9.444091,false,0,0,0,NA,false,0,0,0,NA,-1,-1,-1,-1,-1,-2,-2,false,0,0,0,NA,-1,-1,-1,-1,-1,-2,-2
2,"Environment: 1, AimModifier: 2",9.44558,false,0,0,0,NA,false,0,0,0,NA,-1,-1,-1,-1,-1,-2,-2,false,0,0,0,NA,-1,-1,-1,-1,-1,-2,-2
2,"Environment: 1, AimModifier: 2",9.446949,false,0,0,0,NA,false,0,0,0,NA,-1,-1,-1,-1,-1,-2,-2,false,0,0,0,NA,-1,-1,-1,-1,-1,-2,-2
2,"Environment: 1, AimModifier: 2",9.448239,false,0,0,0,NA,false,0,0,0,NA,-1,-1,-1,-1,-1,-2,-2,false,0,0,0,NA,-1,-1,-1,-1,-1,-2,-2
2,"Environment: 1, AimModifier: 2",9.449506,false,0,0,0,NA,false,0,0,0,NA,-1,-1,-1,-1,-1,-2,-2,false,0,0,0,NA,-1,-1,-1,-1,-1,-2,-2
2,"Environment: 1, AimModifier: 2",9.450859,false,0,0,0,NA,false,0,0,0,NA,-1,-1,-1,-1,-1,-2,-2,false,0,0,0,NA,-1,-1,-1,-1,-1,-2,-2
2,"Environment: 1, AimModifier: 2",9.452365,false,0,0,0,NA,false,0,0,0,NA,-1,-1,-1,-1,-1,-2,-2,false,0,0,0,NA,-1,-1,-1,-1,-1,-2,-2
2,"Environment: 1, AimModifier: 2",9.453799,false,0,0,0,NA,false,0,0,0,NA,-1,-1,-1,-1,-1,-2,-2,false,0,0,0,NA,-1,-1,-1,-1,-1,-2,-2
2,"Environment: 1, AimModifier: 2",9.455095,false,0,0,0,NA,false,0,0,0,NA,-1,-1,-1,-1,-1,-2,-2,false,0,0,0,NA,-1,-1,-1,-1,-1,-2,-2
2,"Environment: 1, AimModifier: 2",9.456473,false,0,0,0,NA,false,0,0,0,NA,-1,-1,-1,-1,-1,-2,-2,false,0,0,0,NA,-1,-1,-1,-1,-1,-2,-2
2,"Environment: 1, AimModifier: 2",9.457885,false,0,0,0,NA,false,0,0,0,NA,-1,-1,-1,-1,-1,-2,-2,false,0,0,0,NA,-1,-1,-1,-1,-1,-2,-2
2,"Environment: 1, AimModifier: 2",9.459137,false,0,0,0,NA,false,0,0,0,NA,-1,-1,-1,-1,-1,-2,-2,false,0,0,0,NA,-1,-1,-1,-1,-1,-2,-2
2,"Environment: 1, AimModifier: 2",9.460475,false,0,0,0,NA,false,0,0,0,NA,-1,-1,-1,-1,-1,-2,-2,false,0,0,0,NA,-1,-1,-1,-1,-1,-2,-2
2,"Environment: 1, AimModifier: 2",9.461847,false,0,0,0,NA,false,0,0,0,NA,-1,-1,-1,-1,-1,-2,-2,false,0,0,0,NA,-1,-1,-1,-1,-1,-2,-2
2,"Environment: 1, AimModifier: 2",9.463143,false,0,0,0,NA,false,0,0,0,NA,-1,-1,-1,-1,-1,-2,-2,false,0,0,0,NA,-1,-1,-1,-1,-1,-2,-2
2,"Environment: 1, AimModifier: 2",9.464692,false,0,0,0,NA,false,0,0,0,NA,-1,-1,-1,-1,-1,-2,-2,false,0,0,0,NA,-1,-1,-1,-1,-1,-2,-2
2,"Environment: 1, AimModifier: 2",9.466582,false,0,0,0,NA,false,0,0,0,NA,-1,-1,-1,-1,-1,-2,-2,false,0,0,0,NA,-1,-1,-1,-1,-1,-2,-2
2,"Environment: 1, AimModifier: 2",9.46816,false,0,0,0,NA,false,0,0,0,NA,-1,-1,-1,-1,-1,-2,-2,false,0,0,0,NA,-1,-1,-1,-1,-1,-2,-2
2,"Environment: 1, AimModifier: 2",9.469599,false,0,0,0,NA,false,0,0,0,NA,-1,-1,-1,-1,-1,-2,-2,false,0,0,0,NA,-1,-1,-1,-1,-1,-2,-2
2,"Environment: 1, AimModifier: 2",9.47089,false,0,0,0,NA,false,0,0,0,NA,-1,-1,-1,-1,-1,-2,-2,false,0,0,0,NA,-1,-1,-1,-1,-1,-2,-2
2,"Environment: 1, AimModifier: 2",9.472128,false,0,0,0,NA,false,0,0,0,NA,-1,-1,-1,-1,-1,-2,-2,false,0,0,0,NA,-1,-1,-1,-1,-1,-2,-2
2,"Environment: 1, AimModifier: 2",9.473411,false,0,0,0,NA,false,0,0,0,NA,-1,-1,-1,-1,-1,-2,-2,false,0,0,0,NA,-1,-1,-1,-1,-1,-2,-2
2,"Environment: 1, AimModifier: 2",9.474722,false,0,0,0,NA,false,0,0,0,NA,-1,-1,-1,-1,-1,-2,-2,false,0,0,0,NA,-1,-1,-1,-1,-1,-2,-2
2,"Environment: 1, AimModifier: 2",9.476092,false,0,0,0,NA,false,0,0,0,NA,-1,-1,-1,-1,-1,-2,-2,false,0,0,0,NA,-1,-1,-1,-1,-1,-2,-2
2,"Environment: 1, AimModifier: 2",9.47743,false,0,0,0,NA,false,0,0,0,NA,-1,-1,-1,-1,-1,-2,-2,false,0,0,0,NA,-1,-1,-1,-1,-1,-2,-2
2,"Environment: 1, AimModifier: 2",9.478724,false,0,0,0,NA,false,0,0,0,NA,-1,-1,-1,-1,-1,-2,-2,false,0,0,0,NA,-1,-1,-1,-1,-1,-2,-2
2,"Environment: 1, AimModifier: 2",9.48009,false,0,0,0,NA,false,0,0,0,NA,-1,-1,-1,-1,-1,-2,-2,false,0,0,0,NA,-1,-1,-1,-1,-1,-2,-2
2,"Environment: 1, AimModifier: 2",9.481562,false,0,0,0,NA,false,0,0,0,NA,-1,-1,-1,-1,-1,-2,-2,false,0,0,0,NA,-1,-1,-1,-1,-1,-2,-2
2,"Environment: 1, AimModifier: 2",9.48352,false,0,0,0,NA,false,0,0,0,NA,-1,-1,-1,-1,-1,-2,-2,false,0,0,0,NA,-1,-1,-1,-1,-1,-2,-2
2,"Environment: 1, AimModifier: 2",9.485309,false,0,0,0,NA,false,0,0,0,NA,-1,-1,-1,-1,-1,-2,-2,false,0,0,0,NA,-1,-1,-1,-1,-1,-2,-2
2,"Environment: 1, AimModifier: 2",9.486788,false,0,0,0,NA,false,0,0,0,NA,-1,-1,-1,-1,-1,-2,-2,false,0,0,0,NA,-1,-1,-1,-1,-1,-2,-2
2,"Environment: 1, AimModifier: 2",9.488279,false,0,0,0,NA,false,0,0,0,NA,-1,-1,-1,-1,-1,-2,-2,false,0,0,0,NA,-1,-1,-1,-1,-1,-2,-2
2,"Environment: 1, AimModifier: 2",9.489687,false,0,0,0,NA,false,0,0,0,NA,-1,-1,-1,-1,-1,-2,-2,false,0,0,0,NA,-1,-1,-1,-1,-1,-2,-2
2,"Environment: 1, AimModifier: 2",9.491055,false,0,0,0,NA,false,0,0,0,NA,-1,-1,-1,-1,-1,-2,-2,false,0,0,0,NA,-1,-1,-1,-1,-1,-2,-2
2,"Environment: 1, AimModifier: 2",9.492504,false,0,0,0,NA,false,0,0,0,NA,-1,-1,-1,-1,-1,-2,-2,false,0,0,0,NA,-1,-1,-1,-1,-1,-2,-2
2,"Environment: 1, AimModifier: 2",9.494022,false,0,0,0,NA,false,0,0,0,NA,-1,-1,-1,-1,-1,-2,-2,false,0,0,0,NA,-1,-1,-1,-1,-1,-2,-2
2,"Environment: 1, AimModifier: 2",9.49547,false,0,0,0,NA,false,0,0,0,NA,-1,-1,-1,-1,-1,-2,-2,false,0,0,0,NA,-1,-1,-1,-1,-1,-2,-2
2,"Environment: 1, AimModifier: 2",9.496744,false,0,0,0,NA,false,0,0,0,NA,-1,-1,-1,-1,-1,-2,-2,false,0,0,0,NA,-1,-1,-1,-1,-1,-2,-2
2,"Environment: 1, AimModifier: 2",9.498119,false,0,0,0,NA,false,0,0,0,NA,-1,-1,-1,-1,-1,-2,-2,false,0,0,0,NA,-1,-1,-1,-1,-1,-2,-2
2,"Environment: 1, AimModifier: 2",9.499443,false,0,0,0,NA,false,0,0,0,NA,-1,-1,-1,-1,-1,-2,-2,false,0,0,0,NA,-1,-1,-1,-1,-1,-2,-2
2,"Environment: 1, AimModifier: 2",9.500868,false,0,0,0,NA,false,0,0,0,NA,-1,-1,-1,-1,-1,-2,-2,false,0,0,0,NA,-1,-1,-1,-1,-1,-2,-2
2,"Environment: 1, AimModifier: 2",9.502146,false,0,0,0,NA,false,0,0,0,NA,-1,-1,-1,-1,-1,-2,-2,false,0,0,0,NA,-1,-1,-1,-1,-1,-2,-2
2,"Environment: 1, AimModifier: 2",9.503571,false,0,0,0,NA,false,0,0,0,NA,-1,-1,-1,-1,-1,-2,-2,false,0,0,0,NA,-1,-1,-1,-1,-1,-2,-2
2,"Environment: 1, AimModifier: 2",9.505054,false,0,0,0,NA,false,0,0,0,NA,-1,-1,-1,-1,-1,-2,-2,false,0,0,0,NA,-1,-1,-1,-1,-1,-2,-2
2,"Environment: 1, AimModifier: 2",9.506443,false,0,0,0,NA,false,0,0,0,NA,-1,-1,-1,-1,-1,-2,-2,false,0,0,0,NA,-1,-1,-1,-1,-1,-2,-2
2,"Environment: 1, AimModifier: 2",9.507859,false,0,0,0,NA,false,0,0,0,NA,-1,-1,-1,-1,-1,-2,-2,false,0,0,0,NA,-1,-1,-1,-1,-1,-2,-2
2,"Environment: 1, AimModifier: 2",9.509239,false,0,0,0,NA,false,0,0,0,NA,-1,-1,-1,-1,-1,-2,-2,false,0,0,0,NA,-1,-1,-1,-1,-1,-2,-2
2,"Environment: 1, AimModifier: 2",9.510666,false,0,0,0,NA,false,0,0,0,NA,-1,-1,-1,-1,-1,-2,-2,false,0,0,0,NA,-1,-1,-1,-1,-1,-2,-2
2,"Environment: 1, AimModifier: 2",9.51227,false,0,0,0,NA,false,0,0,0,NA,-1,-1,-1,-1,-1,-2,-2,false,0,0,0,NA,-1,-1,-1,-1,-1,-2,-2
2,"Environment: 1, AimModifier: 2",9.513753,false,0,0,0,NA,false,0,0,0,NA,-1,-1,-1,-1,-1,-2,-2,false,0,0,0,NA,-1,-1,-1,-1,-1,-2,-2
2,"Environment: 1, AimModifier: 2",9.515199,false,0,0,0,NA,false,0,0,0,NA,-1,-1,-1,-1,-1,-2,-2,false,0,0,0,NA,-1,-1,-1,-1,-1,-2,-2
2,"Environment: 1, AimModifier: 2",9.516589,false,0,0,0,NA,false,0,0,0,NA,-1,-1,-1,-1,-1,-2,-2,false,0,0,0,NA,-1,-1,-1,-1,-1,-2,-2
2,"Environment: 1, AimModifier: 2",9.518614,false,0,0,0,NA,false,0,0,0,NA,-1,-1,-1,-1,-1,-2,-2,false,0,0,0,NA,-1,-1,-1,-1,-1,-2,-2
2,"Environment: 1, AimModifier: 2",9.51997,false,0,0,0,NA,false,0,0,0,NA,-1,-1,-1,-1,-1,-2,-2,false,0,0,0,NA,-1,-1,-1,-1,-1,-2,-2
2,"Environment: 1, AimModifier: 2",9.52129,false,0,0,0,NA,false,0,0,0,NA,-1,-1,-1,-1,-1,-2,-2,false,0,0,0,NA,-1,-1,-1,-1,-1,-2,-2
2,"Environment: 1, AimModifier: 2",9.523021,false,0,0,0,NA,false,0,0,0,NA,-1,-1,-1,-1,-1,-2,-2,false,0,0,0,NA,-1,-1,-1,-1,-1,-2,-2
2,"Environment: 1, AimModifier: 2",9.524487,false,0,0,0,NA,false,0,0,0,NA,-1,-1,-1,-1,-1,-2,-2,false,0,0,0,NA,-1,-1,-1,-1,-1,-2,-2
2,"Environment: 1, AimModifier: 2",9.526038,false,0,0,0,NA,false,0,0,0,NA,-1,-1,-1,-1,-1,-2,-2,false,0,0,0,NA,-1,-1,-1,-1,-1,-2,-2
2,"Environment: 1, AimModifier: 2",9.527359,false,0,0,0,NA,false,0,0,0,NA,-1,-1,-1,-1,-1,-2,-2,false,0,0,0,NA,-1,-1,-1,-1,-1,-2,-2
2,"Environment: 1, AimModifier: 2",9.528632,false,0,0,0,NA,false,0,0,0,NA,-1,-1,-1,-1,-1,-2,-2,false,0,0,0,NA,-1,-1,-1,-1,-1,-2,-2
2,"Environment: 1, AimModifier: 2",9.530136,false,0,0,0,NA,false,0,0,0,NA,-1,-1,-1,-1,-1,-2,-2,false,0,0,0,NA,-1,-1,-1,-1,-1,-2,-2
2,"Environment: 1, AimModifier: 2",9.531529,false,0,0,0,NA,false,0,0,0,NA,-1,-1,-1,-1,-1,-2,-2,false,0,0,0,NA,-1,-1,-1,-1,-1,-2,-2
2,"Environment: 1, AimModifier: 2",9.532965,false,0,0,0,NA,false,0,0,0,NA,-1,-1,-1,-1,-1,-2,-2,false,0,0,0,NA,-1,-1,-1,-1,-1,-2,-2
2,"Environment: 1, AimModifier: 2",9.534434,false,0,0,0,NA,false,0,0,0,NA,-1,-1,-1,-1,-1,-2,-2,false,0,0,0,NA,-1,-1,-1,-1,-1,-2,-2
2,"Environment: 1, AimModifier: 2",9.53588,false,0,0,0,NA,false,0,0,0,NA,-1,-1,-1,-1,-1,-2,-2,false,0,0,0,NA,-1,-1,-1,-1,-1,-2,-2
2,"Environment: 1, AimModifier: 2",9.537271,false,0,0,0,NA,false,0,0,0,NA,-1,-1,-1,-1,-1,-2,-2,false,0,0,0,NA,-1,-1,-1,-1,-1,-2,-2
2,"Environment: 1, AimModifier: 2",9.5386,false,0,0,0,NA,false,0,0,0,NA,-1,-1,-1,-1,-1,-2,-2,false,0,0,0,NA,-1,-1,-1,-1,-1,-2,-2
2,"Environment: 1, AimModifier: 2",9.539876,false,0,0,0,NA,false,0,0,0,NA,-1,-1,-1,-1,-1,-2,-2,false,0,0,0,NA,-1,-1,-1,-1,-1,-2,-2
2,"Environment: 1, AimModifier: 2",9.541146,false,0,0,0,NA,false,0,0,0,NA,-1,-1,-1,-1,-1,-2,-2,false,0,0,0,NA,-1,-1,-1,-1,-1,-2,-2
2,"Environment: 1, AimModifier: 2",9.542493,false,0,0,0,NA,false,0,0,0,NA,-1,-1,-1,-1,-1,-2,-2,false,0,0,0,NA,-1,-1,-1,-1,-1,-2,-2
2,"Environment: 1, AimModifier: 2",9.543956,false,0,0,0,NA,false,0,0,0,NA,-1,-1,-1,-1,-1,-2,-2,false,0,0,0,NA,-1,-1,-1,-1,-1,-2,-2
2,"Environment: 1, AimModifier: 2",9.545413,false,0,0,0,NA,false,0,0,0,NA,-1,-1,-1,-1,-1,-2,-2,false,0,0,0,NA,-1,-1,-1,-1,-1,-2,-2
2,"Environment: 1, AimModifier: 2",9.546779,false,0,0,0,NA,false,0,0,0,NA,-1,-1,-1,-1,-1,-2,-2,false,0,0,0,NA,-1,-1,-1,-1,-1,-2,-2
2,"Environment: 1, AimModifier: 2",9.548196,false,0,0,0,NA,false,0,0,0,NA,-1,-1,-1,-1,-1,-2,-2,false,0,0,0,NA,-1,-1,-1,-1,-1,-2,-2
2,"Environment: 1, AimModifier: 2",9.54968,false,0,0,0,NA,false,0,0,0,NA,-1,-1,-1,-1,-1,-2,-2,false,0,0,0,NA,-1,-1,-1,-1,-1,-2,-2
2,"Environment: 1, AimModifier: 2",9.551088,false,0,0,0,NA,false,0,0,0,NA,-1,-1,-1,-1,-1,-2,-2,false,0,0,0,NA,-1,-1,-1,-1,-1,-2,-2
2,"Environment: 1, AimModifier: 2",9.552481,false,0,0,0,NA,false,0,0,0,NA,-1,-1,-1,-1,-1,-2,-2,false,0,0,0,NA,-1,-1,-1,-1,-1,-2,-2
2,"Environment: 1, AimModifier: 2",9.553857,false,0,0,0,NA,false,0,0,0,NA,-1,-1,-1,-1,-1,-2,-2,false,0,0,0,NA,-1,-1,-1,-1,-1,-2,-2
2,"Environment: 1, AimModifier: 2",9.555369,false,0,0,0,NA,false,0,0,0,NA,-1,-1,-1,-1,-1,-2,-2,false,0,0,0,NA,-1,-1,-1,-1,-1,-2,-2
2,"Environment: 1, AimModifier: 2",9.556885,false,0,0,0,NA,false,0,0,0,NA,-1,-1,-1,-1,-1,-2,-2,false,0,0,0,NA,-1,-1,-1,-1,-1,-2,-2
2,"Environment: 1, AimModifier: 2",9.558113,false,0,0,0,NA,false,0,0,0,NA,-1,-1,-1,-1,-1,-2,-2,false,0,0,0,NA,-1,-1,-1,-1,-1,-2,-2
2,"Environment: 1, AimModifier: 2",9.559448,false,0,0,0,NA,false,0,0,0,NA,-1,-1,-1,-1,-1,-2,-2,false,0,0,0,NA,-1,-1,-1,-1,-1,-2,-2
2,"Environment: 1, AimModifier: 2",9.561007,false,0,0,0,NA,false,0,0,0,NA,-1,-1,-1,-1,-1,-2,-2,false,0,0,0,NA,-1,-1,-1,-1,-1,-2,-2
2,"Environment: 1, AimModifier: 2",9.562407,false,0,0,0,NA,false,0,0,0,NA,-1,-1,-1,-1,-1,-2,-2,false,0,0,0,NA,-1,-1,-1,-1,-1,-2,-2
2,"Environment: 1, AimModifier: 2",9.563787,false,0,0,0,NA,false,0,0,0,NA,-1,-1,-1,-1,-1,-2,-2,false,0,0,0,NA,-1,-1,-1,-1,-1,-2,-2
2,"Environment: 1, AimModifier: 2",9.565178,false,0,0,0,NA,false,0,0,0,NA,-1,-1,-1,-1,-1,-2,-2,false,0,0,0,NA,-1,-1,-1,-1,-1,-2,-2
2,"Environment: 1, AimModifier: 2",9.566546,false,0,0,0,NA,false,0,0,0,NA,-1,-1,-1,-1,-1,-2,-2,false,0,0,0,NA,-1,-1,-1,-1,-1,-2,-2
2,"Environment: 1, AimModifier: 2",9.567863,false,0,0,0,NA,false,0,0,0,NA,-1,-1,-1,-1,-1,-2,-2,false,0,0,0,NA,-1,-1,-1,-1,-1,-2,-2
2,"Environment: 1, AimModifier: 2",9.569218,false,0,0,0,NA,false,0,0,0,NA,-1,-1,-1,-1,-1,-2,-2,false,0,0,0,NA,-1,-1,-1,-1,-1,-2,-2
2,"Environment: 1, AimModifier: 2",9.570528,false,0,0,0,NA,false,0,0,0,NA,-1,-1,-1,-1,-1,-2,-2,false,0,0,0,NA,-1,-1,-1,-1,-1,-2,-2
2,"Environment: 1, AimModifier: 2",9.571986,false,0,0,0,NA,false,0,0,0,NA,-1,-1,-1,-1,-1,-2,-2,false,0,0,0,NA,-1,-1,-1,-1,-1,-2,-2
2,"Environment: 1, AimModifier: 2",9.573425,false,0,0,0,NA,false,0,0,0,NA,-1,-1,-1,-1,-1,-2,-2,false,0,0,0,NA,-1,-1,-1,-1,-1,-2,-2
2,"Environment: 1, AimModifier: 2",9.575299,false,0,0,0,NA,false,0,0,0,NA,-1,-1,-1,-1,-1,-2,-2,false,0,0,0,NA,-1,-1,-1,-1,-1,-2,-2
2,"Environment: 1, AimModifier: 2",9.576846,false,0,0,0,NA,false,0,0,0,NA,-1,-1,-1,-1,-1,-2,-2,false,0,0,0,NA,-1,-1,-1,-1,-1,-2,-2
2,"Environment: 1, AimModifier: 2",9.578266,false,0,0,0,NA,false,0,0,0,NA,-1,-1,-1,-1,-1,-2,-2,false,0,0,0,NA,-1,-1,-1,-1,-1,-2,-2
2,"Environment: 1, AimModifier: 2",9.579661,false,0,0,0,NA,false,0,0,0,NA,-1,-1,-1,-1,-1,-2,-2,false,0,0,0,NA,-1,-1,-1,-1,-1,-2,-2
2,"Environment: 1, AimModifier: 2",9.580981,false,0,0,0,NA,false,0,0,0,NA,-1,-1,-1,-1,-1,-2,-2,false,0,0,0,NA,-1,-1,-1,-1,-1,-2,-2
2,"Environment: 1, AimModifier: 2",9.582254,false,0,0,0,NA,false,0,0,0,NA,-1,-1,-1,-1,-1,-2,-2,false,0,0,0,NA,-1,-1,-1,-1,-1,-2,-2
2,"Environment: 1, AimModifier: 2",9.583694,false,0,0,0,NA,false,0,0,0,NA,-1,-1,-1,-1,-1,-2,-2,false,0,0,0,NA,-1,-1,-1,-1,-1,-2,-2
2,"Environment: 1, AimModifier: 2",9.5853,false,0,0,0,NA,false,0,0,0,NA,-1,-1,-1,-1,-1,-2,-2,false,0,0,0,NA,-1,-1,-1,-1,-1,-2,-2
2,"Environment: 1, AimModifier: 2",9.586853,false,0,0,0,NA,false,0,0,0,NA,-1,-1,-1,-1,-1,-2,-2,false,0,0,0,NA,-1,-1,-1,-1,-1,-2,-2
2,"Environment: 1, AimModifier: 2",9.588389,false,0,0,0,NA,false,0,0,0,NA,-1,-1,-1,-1,-1,-2,-2,false,0,0,0,NA,-1,-1,-1,-1,-1,-2,-2
2,"Environment: 1, AimModifier: 2",9.590218,false,0,0,0,NA,false,0,0,0,NA,-1,-1,-1,-1,-1,-2,-2,false,0,0,0,NA,-1,-1,-1,-1,-1,-2,-2
2,"Environment: 1, AimModifier: 2",9.592137,false,0,0,0,NA,false,0,0,0,NA,-1,-1,-1,-1,-1,-2,-2,false,0,0,0,NA,-1,-1,-1,-1,-1,-2,-2
2,"Environment: 1, AimModifier: 2",9.593603,false,0,0,0,NA,false,0,0,0,NA,-1,-1,-1,-1,-1,-2,-2,false,0,0,0,NA,-1,-1,-1,-1,-1,-2,-2
2,"Environment: 1, AimModifier: 2",9.594881,false,0,0,0,NA,false,0,0,0,NA,-1,-1,-1,-1,-1,-2,-2,false,0,0,0,NA,-1,-1,-1,-1,-1,-2,-2
2,"Environment: 1, AimModifier: 2",9.59616,false,0,0,0,NA,false,0,0,0,NA,-1,-1,-1,-1,-1,-2,-2,false,0,0,0,NA,-1,-1,-1,-1,-1,-2,-2
2,"Environment: 1, AimModifier: 2",9.597554,false,0,0,0,NA,false,0,0,0,NA,-1,-1,-1,-1,-1,-2,-2,false,0,0,0,NA,-1,-1,-1,-1,-1,-2,-2
2,"Environment: 1, AimModifier: 2",9.598922,false,0,0,0,NA,false,0,0,0,NA,-1,-1,-1,-1,-1,-2,-2,false,0,0,0,NA,-1,-1,-1,-1,-1,-2,-2
2,"Environment: 1, AimModifier: 2",9.600324,false,0,0,0,NA,false,0,0,0,NA,-1,-1,-1,-1,-1,-2,-2,false,0,0,0,NA,-1,-1,-1,-1,-1,-2,-2
2,"Environment: 1, AimModifier: 2",9.6016,false,0,0,0,NA,false,0,0,0,NA,-1,-1,-1,-1,-1,-2,-2,false,0,0,0,NA,-1,-1,-1,-1,-1,-2,-2
2,"Environment: 1, AimModifier: 2",9.602916,false,0,0,0,NA,false,0,0,0,NA,-1,-1,-1,-1,-1,-2,-2,false,0,0,0,NA,-1,-1,-1,-1,-1,-2,-2
2,"Environment: 1, AimModifier: 2",9.604361,false,0,0,0,NA,false,0,0,0,NA,-1,-1,-1,-1,-1,-2,-2,false,0,0,0,NA,-1,-1,-1,-1,-1,-2,-2
2,"Environment: 1, AimModifier: 2",9.605796,false,0,0,0,NA,false,0,0,0,NA,-1,-1,-1,-1,-1,-2,-2,false,0,0,0,NA,-1,-1,-1,-1,-1,-2,-2
2,"Environment: 1, AimModifier: 2",9.607074,false,0,0,0,NA,false,0,0,0,NA,-1,-1,-1,-1,-1,-2,-2,false,0,0,0,NA,-1,-1,-1,-1,-1,-2,-2
2,"Environment: 1, AimModifier: 2",9.608358,false,0,0,0,NA,false,0,0,0,NA,-1,-1,-1,-1,-1,-2,-2,false,0,0,0,NA,-1,-1,-1,-1,-1,-2,-2
2,"Environment: 1, AimModifier: 2",9.609697,false,0,0,0,NA,false,0,0,0,NA,-1,-1,-1,-1,-1,-2,-2,false,0,0,0,NA,-1,-1,-1,-1,-1,-2,-2
2,"Environment: 1, AimModifier: 2",9.61091,false,0,0,0,NA,false,0,0,0,NA,-1,-1,-1,-1,-1,-2,-2,false,0,0,0,NA,-1,-1,-1,-1,-1,-2,-2
2,"Environment: 1, AimModifier: 2",9.612155,false,0,0,0,NA,false,0,0,0,NA,-1,-1,-1,-1,-1,-2,-2,false,0,0,0,NA,-1,-1,-1,-1,-1,-2,-2
2,"Environment: 1, AimModifier: 2",9.613393,false,0,0,0,NA,false,0,0,0,NA,-1,-1,-1,-1,-1,-2,-2,false,0,0,0,NA,-1,-1,-1,-1,-1,-2,-2
2,"Environment: 1, AimModifier: 2",9.61488,false,0,0,0,NA,false,0,0,0,NA,-1,-1,-1,-1,-1,-2,-2,false,0,0,0,NA,-1,-1,-1,-1,-1,-2,-2
2,"Environment: 1, AimModifier: 2",9.616398,false,0,0,0,NA,false,0,0,0,NA,-1,-1,-1,-1,-1,-2,-2,false,0,0,0,NA,-1,-1,-1,-1,-1,-2,-2
2,"Environment: 1, AimModifier: 2",9.617748,false,0,0,0,NA,false,0,0,0,NA,-1,-1,-1,-1,-1,-2,-2,false,0,0,0,NA,-1,-1,-1,-1,-1,-2,-2
2,"Environment: 1, AimModifier: 2",9.619315,false,0,0,0,NA,false,0,0,0,NA,-1,-1,-1,-1,-1,-2,-2,false,0,0,0,NA,-1,-1,-1,-1,-1,-2,-2
2,"Environment: 1, AimModifier: 2",9.620852,false,0,0,0,NA,false,0,0,0,NA,-1,-1,-1,-1,-1,-2,-2,false,0,0,0,NA,-1,-1,-1,-1,-1,-2,-2
2,"Environment: 1, AimModifier: 2",9.622272,false,0,0,0,NA,false,0,0,0,NA,-1,-1,-1,-1,-1,-2,-2,false,0,0,0,NA,-1,-1,-1,-1,-1,-2,-2
2,"Environment: 1, AimModifier: 2",9.623567,false,0,0,0,NA,false,0,0,0,NA,-1,-1,-1,-1,-1,-2,-2,false,0,0,0,NA,-1,-1,-1,-1,-1,-2,-2
2,"Environment: 1, AimModifier: 2",9.625078,false,0,0,0,NA,false,0,0,0,NA,-1,-1,-1,-1,-1,-2,-2,false,0,0,0,NA,-1,-1,-1,-1,-1,-2,-2
2,"Environment: 1, AimModifier: 2",9.627069,false,0,0,0,NA,false,0,0,0,NA,-1,-1,-1,-1,-1,-2,-2,false,0,0,0,NA,-1,-1,-1,-1,-1,-2,-2
2,"Environment: 1, AimModifier: 2",9.628418,false,0,0,0,NA,false,0,0,0,NA,-1,-1,-1,-1,-1,-2,-2,false,0,0,0,NA,-1,-1,-1,-1,-1,-2,-2
2,"Environment: 1, AimModifier: 2",9.629715,false,0,0,0,NA,false,0,0,0,NA,-1,-1,-1,-1,-1,-2,-2,false,0,0,0,NA,-1,-1,-1,-1,-1,-2,-2
2,"Environment: 1, AimModifier: 2",9.631067,false,0,0,0,NA,false,0,0,0,NA,-1,-1,-1,-1,-1,-2,-2,false,0,0,0,NA,-1,-1,-1,-1,-1,-2,-2
2,"Environment: 1, AimModifier: 2",9.632364,false,0,0,0,NA,false,0,0,0,NA,-1,-1,-1,-1,-1,-2,-2,false,0,0,0,NA,-1,-1,-1,-1,-1,-2,-2
2,"Environment: 1, AimModifier: 2",9.63377,false,0,0,0,NA,false,0,0,0,NA,-1,-1,-1,-1,-1,-2,-2,false,0,0,0,NA,-1,-1,-1,-1,-1,-2,-2
2,"Environment: 1, AimModifier: 2",9.635044,false,0,0,0,NA,false,0,0,0,NA,-1,-1,-1,-1,-1,-2,-2,false,0,0,0,NA,-1,-1,-1,-1,-1,-2,-2
2,"Environment: 1, AimModifier: 2",9.636358,false,0,0,0,NA,false,0,0,0,NA,-1,-1,-1,-1,-1,-2,-2,false,0,0,0,NA,-1,-1,-1,-1,-1,-2,-2
2,"Environment: 1, AimModifier: 2",9.63775,false,0,0,0,NA,false,0,0,0,NA,-1,-1,-1,-1,-1,-2,-2,false,0,0,0,NA,-1,-1,-1,-1,-1,-2,-2
2,"Environment: 1, AimModifier: 2",9.639112,false,0,0,0,NA,false,0,0,0,NA,-1,-1,-1,-1,-1,-2,-2,false,0,0,0,NA,-1,-1,-1,-1,-1,-2,-2
2,"Environment: 1, AimModifier: 2",9.640398,false,0,0,0,NA,false,0,0,0,NA,-1,-1,-1,-1,-1,-2,-2,false,0,0,0,NA,-1,-1,-1,-1,-1,-2,-2
2,"Environment: 1, AimModifier: 2",9.641621,false,0,0,0,NA,false,0,0,0,NA,-1,-1,-1,-1,-1,-2,-2,false,0,0,0,NA,-1,-1,-1,-1,-1,-2,-2
2,"Environment: 1, AimModifier: 2",9.642868,false,0,0,0,NA,false,0,0,0,NA,-1,-1,-1,-1,-1,-2,-2,false,0,0,0,NA,-1,-1,-1,-1,-1,-2,-2
2,"Environment: 1, AimModifier: 2",9.644149,false,0,0,0,NA,false,0,0,0,NA,-1,-1,-1,-1,-1,-2,-2,false,0,0,0,NA,-1,-1,-1,-1,-1,-2,-2
2,"Environment: 1, AimModifier: 2",9.645581,false,0,0,0,NA,false,0,0,0,NA,-1,-1,-1,-1,-1,-2,-2,false,0,0,0,NA,-1,-1,-1,-1,-1,-2,-2
2,"Environment: 1, AimModifier: 2",9.646981,false,0,0,0,NA,false,0,0,0,NA,-1,-1,-1,-1,-1,-2,-2,false,0,0,0,NA,-1,-1,-1,-1,-1,-2,-2
2,"Environment: 1, AimModifier: 2",9.64829,false,0,0,0,NA,false,0,0,0,NA,-1,-1,-1,-1,-1,-2,-2,false,0,0,0,NA,-1,-1,-1,-1,-1,-2,-2
2,"Environment: 1, AimModifier: 2",9.649582,false,0,0,0,NA,false,0,0,0,NA,-1,-1,-1,-1,-1,-2,-2,false,0,0,0,NA,-1,-1,-1,-1,-1,-2,-2
2,"Environment: 1, AimModifier: 2",9.650942,false,0,0,0,NA,false,0,0,0,NA,-1,-1,-1,-1,-1,-2,-2,false,0,0,0,NA,-1,-1,-1,-1,-1,-2,-2
2,"Environment: 1, AimModifier: 2",9.652301,false,0,0,0,NA,false,0,0,0,NA,-1,-1,-1,-1,-1,-2,-2,false,0,0,0,NA,-1,-1,-1,-1,-1,-2,-2
2,"Environment: 1, AimModifier: 2",9.65361,false,0,0,0,NA,false,0,0,0,NA,-1,-1,-1,-1,-1,-2,-2,false,0,0,0,NA,-1,-1,-1,-1,-1,-2,-2
2,"Environment: 1, AimModifier: 2",9.654964,false,0,0,0,NA,false,0,0,0,NA,-1,-1,-1,-1,-1,-2,-2,false,0,0,0,NA,-1,-1,-1,-1,-1,-2,-2
2,"Environment: 1, AimModifier: 2",9.656306,false,0,0,0,NA,false,0,0,0,NA,-1,-1,-1,-1,-1,-2,-2,false,0,0,0,NA,-1,-1,-1,-1,-1,-2,-2
2,"Environment: 1, AimModifier: 2",9.657688,false,0,0,0,NA,false,0,0,0,NA,-1,-1,-1,-1,-1,-2,-2,false,0,0,0,NA,-1,-1,-1,-1,-1,-2,-2
2,"Environment: 1, AimModifier: 2",9.659225,false,0,0,0,NA,false,0,0,0,NA,-1,-1,-1,-1,-1,-2,-2,false,0,0,0,NA,-1,-1,-1,-1,-1,-2,-2
2,"Environment: 1, AimModifier: 2",9.66086,false,0,0,0,NA,false,0,0,0,NA,-1,-1,-1,-1,-1,-2,-2,false,0,0,0,NA,-1,-1,-1,-1,-1,-2,-2
2,"Environment: 1, AimModifier: 2",9.662348,false,0,0,0,NA,false,0,0,0,NA,-1,-1,-1,-1,-1,-2,-2,false,0,0,0,NA,-1,-1,-1,-1,-1,-2,-2
2,"Environment: 1, AimModifier: 2",9.664224,false,0,0,0,NA,false,0,0,0,NA,-1,-1,-1,-1,-1,-2,-2,false,0,0,0,NA,-1,-1,-1,-1,-1,-2,-2
2,"Environment: 1, AimModifier: 2",9.665921,false,0,0,0,NA,false,0,0,0,NA,-1,-1,-1,-1,-1,-2,-2,false,0,0,0,NA,-1,-1,-1,-1,-1,-2,-2
2,"Environment: 1, AimModifier: 2",9.667302,false,0,0,0,NA,false,0,0,0,NA,-1,-1,-1,-1,-1,-2,-2,false,0,0,0,NA,-1,-1,-1,-1,-1,-2,-2
2,"Environment: 1, AimModifier: 2",9.668626,false,0,0,0,NA,false,0,0,0,NA,-1,-1,-1,-1,-1,-2,-2,false,0,0,0,NA,-1,-1,-1,-1,-1,-2,-2
2,"Environment: 1, AimModifier: 2",9.67006,false,0,0,0,NA,false,0,0,0,NA,-1,-1,-1,-1,-1,-2,-2,false,0,0,0,NA,-1,-1,-1,-1,-1,-2,-2
2,"Environment: 1, AimModifier: 2",9.6714,false,0,0,0,NA,false,0,0,0,NA,-1,-1,-1,-1,-1,-2,-2,false,0,0,0,NA,-1,-1,-1,-1,-1,-2,-2
2,"Environment: 1, AimModifier: 2",9.672729,false,0,0,0,NA,false,0,0,0,NA,-1,-1,-1,-1,-1,-2,-2,false,0,0,0,NA,-1,-1,-1,-1,-1,-2,-2
2,"Environment: 1, AimModifier: 2",9.673996,false,0,0,0,NA,false,0,0,0,NA,-1,-1,-1,-1,-1,-2,-2,false,0,0,0,NA,-1,-1,-1,-1,-1,-2,-2
2,"Environment: 1, AimModifier: 2",9.675697,false,0,0,0,NA,false,0,0,0,NA,-1,-1,-1,-1,-1,-2,-2,false,0,0,0,NA,-1,-1,-1,-1,-1,-2,-2
2,"Environment: 1, AimModifier: 2",9.677098,false,0,0,0,NA,false,0,0,0,NA,-1,-1,-1,-1,-1,-2,-2,false,0,0,0,NA,-1,-1,-1,-1,-1,-2,-2
2,"Environment: 1, AimModifier: 2",9.678368,false,0,0,0,NA,false,0,0,0,NA,-1,-1,-1,-1,-1,-2,-2,false,0,0,0,NA,-1,-1,-1,-1,-1,-2,-2
2,"Environment: 1, AimModifier: 2",9.679691,false,0,0,0,NA,false,0,0,0,NA,-1,-1,-1,-1,-1,-2,-2,false,0,0,0,NA,-1,-1,-1,-1,-1,-2,-2
2,"Environment: 1, AimModifier: 2",9.681004,false,0,0,0,NA,false,0,0,0,NA,-1,-1,-1,-1,-1,-2,-2,false,0,0,0,NA,-1,-1,-1,-1,-1,-2,-2
2,"Environment: 1, AimModifier: 2",9.682343,false,0,0,0,NA,false,0,0,0,NA,-1,-1,-1,-1,-1,-2,-2,false,0,0,0,NA,-1,-1,-1,-1,-1,-2,-2
2,"Environment: 1, AimModifier: 2",9.683696,false,0,0,0,NA,false,0,0,0,NA,-1,-1,-1,-1,-1,-2,-2,false,0,0,0,NA,-1,-1,-1,-1,-1,-2,-2
2,"Environment: 1, AimModifier: 2",9.6852,false,0,0,0,NA,false,0,0,0,NA,-1,-1,-1,-1,-1,-2,-2,false,0,0,0,NA,-1,-1,-1,-1,-1,-2,-2
2,"Environment: 1, AimModifier: 2",9.686556,false,0,0,0,NA,false,0,0,0,NA,-1,-1,-1,-1,-1,-2,-2,false,0,0,0,NA,-1,-1,-1,-1,-1,-2,-2
2,"Environment: 1, AimModifier: 2",9.687997,false,0,0,0,NA,false,0,0,0,NA,-1,-1,-1,-1,-1,-2,-2,false,0,0,0,NA,-1,-1,-1,-1,-1,-2,-2
2,"Environment: 1, AimModifier: 2",9.689333,false,0,0,0,NA,false,0,0,0,NA,-1,-1,-1,-1,-1,-2,-2,false,0,0,0,NA,-1,-1,-1,-1,-1,-2,-2
2,"Environment: 1, AimModifier: 2",9.690668,false,0,0,0,NA,false,0,0,0,NA,-1,-1,-1,-1,-1,-2,-2,false,0,0,0,NA,-1,-1,-1,-1,-1,-2,-2
2,"Environment: 1, AimModifier: 2",9.691922,false,0,0,0,NA,false,0,0,0,NA,-1,-1,-1,-1,-1,-2,-2,false,0,0,0,NA,-1,-1,-1,-1,-1,-2,-2
2,"Environment: 1, AimModifier: 2",9.693205,false,0,0,0,NA,false,0,0,0,NA,-1,-1,-1,-1,-1,-2,-2,false,0,0,0,NA,-1,-1,-1,-1,-1,-2,-2
2,"Environment: 1, AimModifier: 2",9.694615,false,0,0,0,NA,false,0,0,0,NA,-1,-1,-1,-1,-1,-2,-2,false,0,0,0,NA,-1,-1,-1,-1,-1,-2,-2
2,"Environment: 1, AimModifier: 2",9.695879,false,0,0,0,NA,false,0,0,0,NA,-1,-1,-1,-1,-1,-2,-2,false,0,0,0,NA,-1,-1,-1,-1,-1,-2,-2
2,"Environment: 1, AimModifier: 2",9.697121,false,0,0,0,NA,false,0,0,0,NA,-1,-1,-1,-1,-1,-2,-2,false,0,0,0,NA,-1,-1,-1,-1,-1,-2,-2
2,"Environment: 1, AimModifier: 2",9.698352,false,0,0,0,NA,false,0,0,0,NA,-1,-1,-1,-1,-1,-2,-2,false,0,0,0,NA,-1,-1,-1,-1,-1,-2,-2
2,"Environment: 1, AimModifier: 2",9.70018,false,0,0,0,NA,false,0,0,0,NA,-1,-1,-1,-1,-1,-2,-2,false,0,0,0,NA,-1,-1,-1,-1,-1,-2,-2
2,"Environment: 1, AimModifier: 2",9.702923,false,0,0,0,NA,false,0,0,0,NA,-1,-1,-1,-1,-1,-2,-2,false,0,0,0,NA,-1,-1,-1,-1,-1,-2,-2
2,"Environment: 1, AimModifier: 2",9.70545,false,0,0,0,NA,false,0,0,0,NA,-1,-1,-1,-1,-1,-2,-2,false,0,0,0,NA,-1,-1,-1,-1,-1,-2,-2
2,"Environment: 1, AimModifier: 2",9.707197,false,0,0,0,NA,false,0,0,0,NA,-1,-1,-1,-1,-1,-2,-2,false,0,0,0,NA,-1,-1,-1,-1,-1,-2,-2
2,"Environment: 1, AimModifier: 2",9.709025,false,0,0,0,NA,false,0,0,0,NA,-1,-1,-1,-1,-1,-2,-2,false,0,0,0,NA,-1,-1,-1,-1,-1,-2,-2
2,"Environment: 1, AimModifier: 2",9.710592,false,0,0,0,NA,false,0,0,0,NA,-1,-1,-1,-1,-1,-2,-2,false,0,0,0,NA,-1,-1,-1,-1,-1,-2,-2
2,"Environment: 1, AimModifier: 2",9.712124,false,0,0,0,NA,false,0,0,0,NA,-1,-1,-1,-1,-1,-2,-2,false,0,0,0,NA,-1,-1,-1,-1,-1,-2,-2
2,"Environment: 1, AimModifier: 2",9.713534,false,0,0,0,NA,false,0,0,0,NA,-1,-1,-1,-1,-1,-2,-2,false,0,0,0,NA,-1,-1,-1,-1,-1,-2,-2
2,"Environment: 1, AimModifier: 2",9.714817,false,0,0,0,NA,false,0,0,0,NA,-1,-1,-1,-1,-1,-2,-2,false,0,0,0,NA,-1,-1,-1,-1,-1,-2,-2
2,"Environment: 1, AimModifier: 2",9.716184,false,0,0,0,NA,false,0,0,0,NA,-1,-1,-1,-1,-1,-2,-2,false,0,0,0,NA,-1,-1,-1,-1,-1,-2,-2
2,"Environment: 1, AimModifier: 2",9.717603,false,0,0,0,NA,false,0,0,0,NA,-1,-1,-1,-1,-1,-2,-2,false,0,0,0,NA,-1,-1,-1,-1,-1,-2,-2
2,"Environment: 1, AimModifier: 2",9.718961,false,0,0,0,NA,false,0,0,0,NA,-1,-1,-1,-1,-1,-2,-2,false,0,0,0,NA,-1,-1,-1,-1,-1,-2,-2
2,"Environment: 1, AimModifier: 2",9.720252,false,0,0,0,NA,false,0,0,0,NA,-1,-1,-1,-1,-1,-2,-2,false,0,0,0,NA,-1,-1,-1,-1,-1,-2,-2
2,"Environment: 1, AimModifier: 2",9.721555,false,0,0,0,NA,false,0,0,0,NA,-1,-1,-1,-1,-1,-2,-2,false,0,0,0,NA,-1,-1,-1,-1,-1,-2,-2
2,"Environment: 1, AimModifier: 2",9.722799,false,0,0,0,NA,false,0,0,0,NA,-1,-1,-1,-1,-1,-2,-2,false,0,0,0,NA,-1,-1,-1,-1,-1,-2,-2
2,"Environment: 1, AimModifier: 2",9.724061,false,0,0,0,NA,false,0,0,0,NA,-1,-1,-1,-1,-1,-2,-2,false,0,0,0,NA,-1,-1,-1,-1,-1,-2,-2
2,"Environment: 1, AimModifier: 2",9.725469,false,0,0,0,NA,false,0,0,0,NA,-1,-1,-1,-1,-1,-2,-2,false,0,0,0,NA,-1,-1,-1,-1,-1,-2,-2
2,"Environment: 1, AimModifier: 2",9.726792,false,0,0,0,NA,false,0,0,0,NA,-1,-1,-1,-1,-1,-2,-2,false,0,0,0,NA,-1,-1,-1,-1,-1,-2,-2
2,"Environment: 1, AimModifier: 2",9.728094,false,0,0,0,NA,false,0,0,0,NA,-1,-1,-1,-1,-1,-2,-2,false,0,0,0,NA,-1,-1,-1,-1,-1,-2,-2
2,"Environment: 1, AimModifier: 2",9.729383,false,0,0,0,NA,false,0,0,0,NA,-1,-1,-1,-1,-1,-2,-2,false,0,0,0,NA,-1,-1,-1,-1,-1,-2,-2
2,"Environment: 1, AimModifier: 2",9.730821,false,0,0,0,NA,false,0,0,0,NA,-1,-1,-1,-1,-1,-2,-2,false,0,0,0,NA,-1,-1,-1,-1,-1,-2,-2
2,"Environment: 1, AimModifier: 2",9.732169,false,0,0,0,NA,false,0,0,0,NA,-1,-1,-1,-1,-1,-2,-2,false,0,0,0,NA,-1,-1,-1,-1,-1,-2,-2
2,"Environment: 1, AimModifier: 2",9.733467,false,0,0,0,NA,false,0,0,0,NA,-1,-1,-1,-1,-1,-2,-2,false,0,0,0,NA,-1,-1,-1,-1,-1,-2,-2
2,"Environment: 1, AimModifier: 2",9.734879,false,0,0,0,NA,false,0,0,0,NA,-1,-1,-1,-1,-1,-2,-2,false,0,0,0,NA,-1,-1,-1,-1,-1,-2,-2
2,"Environment: 1, AimModifier: 2",9.736689,false,0,0,0,NA,false,0,0,0,NA,-1,-1,-1,-1,-1,-2,-2,false,0,0,0,NA,-1,-1,-1,-1,-1,-2,-2
2,"Environment: 1, AimModifier: 2",9.738517,false,0,0,0,NA,false,0,0,0,NA,-1,-1,-1,-1,-1,-2,-2,false,0,0,0,NA,-1,-1,-1,-1,-1,-2,-2
2,"Environment: 1, AimModifier: 2",9.739912,false,0,0,0,NA,false,0,0,0,NA,-1,-1,-1,-1,-1,-2,-2,false,0,0,0,NA,-1,-1,-1,-1,-1,-2,-2
2,"Environment: 1, AimModifier: 2",9.741468,false,0,0,0,NA,false,0,0,0,NA,-1,-1,-1,-1,-1,-2,-2,false,0,0,0,NA,-1,-1,-1,-1,-1,-2,-2
2,"Environment: 1, AimModifier: 2",9.743771,false,0,0,0,NA,false,0,0,0,NA,-1,-1,-1,-1,-1,-2,-2,false,0,0,0,NA,-1,-1,-1,-1,-1,-2,-2
2,"Environment: 1, AimModifier: 2",9.745915,false,0,0,0,NA,false,0,0,0,NA,-1,-1,-1,-1,-1,-2,-2,false,0,0,0,NA,-1,-1,-1,-1,-1,-2,-2
2,"Environment: 1, AimModifier: 2",9.747387,false,0,0,0,NA,false,0,0,0,NA,-1,-1,-1,-1,-1,-2,-2,false,0,0,0,NA,-1,-1,-1,-1,-1,-2,-2
2,"Environment: 1, AimModifier: 2",9.748916,false,0,0,0,NA,false,0,0,0,NA,-1,-1,-1,-1,-1,-2,-2,false,0,0,0,NA,-1,-1,-1,-1,-1,-2,-2
2,"Environment: 1, AimModifier: 2",9.750321,false,0,0,0,NA,false,0,0,0,NA,-1,-1,-1,-1,-1,-2,-2,false,0,0,0,NA,-1,-1,-1,-1,-1,-2,-2
2,"Environment: 1, AimModifier: 2",9.751673,false,0,0,0,NA,false,0,0,0,NA,-1,-1,-1,-1,-1,-2,-2,false,0,0,0,NA,-1,-1,-1,-1,-1,-2,-2
2,"Environment: 1, AimModifier: 2",9.753049,false,0,0,0,NA,false,0,0,0,NA,-1,-1,-1,-1,-1,-2,-2,false,0,0,0,NA,-1,-1,-1,-1,-1,-2,-2
2,"Environment: 1, AimModifier: 2",9.754402,false,0,0,0,NA,false,0,0,0,NA,-1,-1,-1,-1,-1,-2,-2,false,0,0,0,NA,-1,-1,-1,-1,-1,-2,-2
2,"Environment: 1, AimModifier: 2",9.755831,false,0,0,0,NA,false,0,0,0,NA,-1,-1,-1,-1,-1,-2,-2,false,0,0,0,NA,-1,-1,-1,-1,-1,-2,-2
2,"Environment: 1, AimModifier: 2",9.757233,false,0,0,0,NA,false,0,0,0,NA,-1,-1,-1,-1,-1,-2,-2,false,0,0,0,NA,-1,-1,-1,-1,-1,-2,-2
2,"Environment: 1, AimModifier: 2",9.758821,false,0,0,0,NA,false,0,0,0,NA,-1,-1,-1,-1,-1,-2,-2,false,0,0,0,NA,-1,-1,-1,-1,-1,-2,-2
2,"Environment: 1, AimModifier: 2",9.760328,false,0,0,0,NA,false,0,0,0,NA,-1,-1,-1,-1,-1,-2,-2,false,0,0,0,NA,-1,-1,-1,-1,-1,-2,-2
2,"Environment: 1, AimModifier: 2",9.762022,false,0,0,0,NA,false,0,0,0,NA,-1,-1,-1,-1,-1,-2,-2,false,0,0,0,NA,-1,-1,-1,-1,-1,-2,-2
2,"Environment: 1, AimModifier: 2",9.763506,false,0,0,0,NA,false,0,0,0,NA,-1,-1,-1,-1,-1,-2,-2,false,0,0,0,NA,-1,-1,-1,-1,-1,-2,-2
2,"Environment: 1, AimModifier: 2",9.765055,false,0,0,0,NA,false,0,0,0,NA,-1,-1,-1,-1,-1,-2,-2,false,0,0,0,NA,-1,-1,-1,-1,-1,-2,-2
2,"Environment: 1, AimModifier: 2",9.766387,false,0,0,0,NA,false,0,0,0,NA,-1,-1,-1,-1,-1,-2,-2,false,0,0,0,NA,-1,-1,-1,-1,-1,-2,-2
2,"Environment: 1, AimModifier: 2",9.76788,false,0,0,0,NA,false,0,0,0,NA,-1,-1,-1,-1,-1,-2,-2,false,0,0,0,NA,-1,-1,-1,-1,-1,-2,-2
2,"Environment: 1, AimModifier: 2",9.769473,false,0,0,0,NA,false,0,0,0,NA,-1,-1,-1,-1,-1,-2,-2,false,0,0,0,NA,-1,-1,-1,-1,-1,-2,-2
2,"Environment: 1, AimModifier: 2",9.771201,false,0,0,0,NA,false,0,0,0,NA,-1,-1,-1,-1,-1,-2,-2,false,0,0,0,NA,-1,-1,-1,-1,-1,-2,-2
2,"Environment: 1, AimModifier: 2",9.773366,false,0,0,0,NA,false,0,0,0,NA,-1,-1,-1,-1,-1,-2,-2,false,0,0,0,NA,-1,-1,-1,-1,-1,-2,-2
2,"Environment: 1, AimModifier: 2",9.774733,false,0,0,0,NA,false,0,0,0,NA,-1,-1,-1,-1,-1,-2,-2,false,0,0,0,NA,-1,-1,-1,-1,-1,-2,-2
2,"Environment: 1, AimModifier: 2",9.77597,false,0,0,0,NA,false,0,0,0,NA,-1,-1,-1,-1,-1,-2,-2,false,0,0,0,NA,-1,-1,-1,-1,-1,-2,-2
2,"Environment: 1, AimModifier: 2",9.77726,false,0,0,0,NA,false,0,0,0,NA,-1,-1,-1,-1,-1,-2,-2,false,0,0,0,NA,-1,-1,-1,-1,-1,-2,-2
2,"Environment: 1, AimModifier: 2",9.778693,false,0,0,0,NA,false,0,0,0,NA,-1,-1,-1,-1,-1,-2,-2,false,0,0,0,NA,-1,-1,-1,-1,-1,-2,-2
2,"Environment: 1, AimModifier: 2",9.780213,false,0,0,0,NA,false,0,0,0,NA,-1,-1,-1,-1,-1,-2,-2,false,0,0,0,NA,-1,-1,-1,-1,-1,-2,-2
2,"Environment: 1, AimModifier: 2",9.781599,false,0,0,0,NA,false,0,0,0,NA,-1,-1,-1,-1,-1,-2,-2,false,0,0,0,NA,-1,-1,-1,-1,-1,-2,-2
2,"Environment: 1, AimModifier: 2",9.783004,false,0,0,0,NA,false,0,0,0,NA,-1,-1,-1,-1,-1,-2,-2,false,0,0,0,NA,-1,-1,-1,-1,-1,-2,-2
2,"Environment: 1, AimModifier: 2",9.784396,false,0,0,0,NA,false,0,0,0,NA,-1,-1,-1,-1,-1,-2,-2,false,0,0,0,NA,-1,-1,-1,-1,-1,-2,-2
2,"Environment: 1, AimModifier: 2",9.786074,false,0,0,0,NA,false,0,0,0,NA,-1,-1,-1,-1,-1,-2,-2,false,0,0,0,NA,-1,-1,-1,-1,-1,-2,-2
2,"Environment: 1, AimModifier: 2",9.787537,false,0,0,0,NA,false,0,0,0,NA,-1,-1,-1,-1,-1,-2,-2,false,0,0,0,NA,-1,-1,-1,-1,-1,-2,-2
2,"Environment: 1, AimModifier: 2",9.788905,false,0,0,0,NA,false,0,0,0,NA,-1,-1,-1,-1,-1,-2,-2,false,0,0,0,NA,-1,-1,-1,-1,-1,-2,-2
2,"Environment: 1, AimModifier: 2",9.790272,false,0,0,0,NA,false,0,0,0,NA,-1,-1,-1,-1,-1,-2,-2,false,0,0,0,NA,-1,-1,-1,-1,-1,-2,-2
2,"Environment: 1, AimModifier: 2",9.791705,false,0,0,0,NA,false,0,0,0,NA,-1,-1,-1,-1,-1,-2,-2,false,0,0,0,NA,-1,-1,-1,-1,-1,-2,-2
2,"Environment: 1, AimModifier: 2",9.793012,false,0,0,0,NA,false,0,0,0,NA,-1,-1,-1,-1,-1,-2,-2,false,0,0,0,NA,-1,-1,-1,-1,-1,-2,-2
2,"Environment: 1, AimModifier: 2",9.79443,false,0,0,0,NA,false,0,0,0,NA,-1,-1,-1,-1,-1,-2,-2,false,0,0,0,NA,-1,-1,-1,-1,-1,-2,-2
2,"Environment: 1, AimModifier: 2",9.795685,false,0,0,0,NA,false,0,0,0,NA,-1,-1,-1,-1,-1,-2,-2,false,0,0,0,NA,-1,-1,-1,-1,-1,-2,-2
2,"Environment: 1, AimModifier: 2",9.797581,false,0,0,0,NA,false,0,0,0,NA,-1,-1,-1,-1,-1,-2,-2,false,0,0,0,NA,-1,-1,-1,-1,-1,-2,-2
2,"Environment: 1, AimModifier: 2",9.799208,false,0,0,0,NA,false,0,0,0,NA,-1,-1,-1,-1,-1,-2,-2,false,0,0,0,NA,-1,-1,-1,-1,-1,-2,-2
2,"Environment: 1, AimModifier: 2",9.801073,false,0,0,0,NA,false,0,0,0,NA,-1,-1,-1,-1,-1,-2,-2,false,0,0,0,NA,-1,-1,-1,-1,-1,-2,-2
2,"Environment: 1, AimModifier: 2",9.802523,false,0,0,0,NA,false,0,0,0,NA,-1,-1,-1,-1,-1,-2,-2,false,0,0,0,NA,-1,-1,-1,-1,-1,-2,-2
2,"Environment: 1, AimModifier: 2",9.803967,false,0,0,0,NA,false,0,0,0,NA,-1,-1,-1,-1,-1,-2,-2,false,0,0,0,NA,-1,-1,-1,-1,-1,-2,-2
2,"Environment: 1, AimModifier: 2",9.805481,false,0,0,0,NA,false,0,0,0,NA,-1,-1,-1,-1,-1,-2,-2,false,0,0,0,NA,-1,-1,-1,-1,-1,-2,-2
2,"Environment: 1, AimModifier: 2",9.80687,false,0,0,0,NA,false,0,0,0,NA,-1,-1,-1,-1,-1,-2,-2,false,0,0,0,NA,-1,-1,-1,-1,-1,-2,-2
2,"Environment: 1, AimModifier: 2",9.808572,false,0,0,0,NA,false,0,0,0,NA,-1,-1,-1,-1,-1,-2,-2,false,0,0,0,NA,-1,-1,-1,-1,-1,-2,-2
2,"Environment: 1, AimModifier: 2",9.810271,false,0,0,0,NA,false,0,0,0,NA,-1,-1,-1,-1,-1,-2,-2,false,0,0,0,NA,-1,-1,-1,-1,-1,-2,-2
2,"Environment: 1, AimModifier: 2",9.811663,false,0,0,0,NA,false,0,0,0,NA,-1,-1,-1,-1,-1,-2,-2,false,0,0,0,NA,-1,-1,-1,-1,-1,-2,-2
2,"Environment: 1, AimModifier: 2",9.813053,false,0,0,0,NA,false,0,0,0,NA,-1,-1,-1,-1,-1,-2,-2,false,0,0,0,NA,-1,-1,-1,-1,-1,-2,-2
2,"Environment: 1, AimModifier: 2",9.814425,false,0,0,0,NA,false,0,0,0,NA,-1,-1,-1,-1,-1,-2,-2,false,0,0,0,NA,-1,-1,-1,-1,-1,-2,-2
2,"Environment: 1, AimModifier: 2",9.815875,false,0,0,0,NA,false,0,0,0,NA,-1,-1,-1,-1,-1,-2,-2,false,0,0,0,NA,-1,-1,-1,-1,-1,-2,-2
2,"Environment: 1, AimModifier: 2",9.817176,false,0,0,0,NA,false,0,0,0,NA,-1,-1,-1,-1,-1,-2,-2,false,0,0,0,NA,-1,-1,-1,-1,-1,-2,-2
2,"Environment: 1, AimModifier: 2",9.818686,false,0,0,0,NA,false,0,0,0,NA,-1,-1,-1,-1,-1,-2,-2,false,0,0,0,NA,-1,-1,-1,-1,-1,-2,-2
2,"Environment: 1, AimModifier: 2",9.820006,false,0,0,0,NA,false,0,0,0,NA,-1,-1,-1,-1,-1,-2,-2,false,0,0,0,NA,-1,-1,-1,-1,-1,-2,-2
2,"Environment: 1, AimModifier: 2",9.821413,false,0,0,0,NA,false,0,0,0,NA,-1,-1,-1,-1,-1,-2,-2,false,0,0,0,NA,-1,-1,-1,-1,-1,-2,-2
2,"Environment: 1, AimModifier: 2",9.822771,false,0,0,0,NA,false,0,0,0,NA,-1,-1,-1,-1,-1,-2,-2,false,0,0,0,NA,-1,-1,-1,-1,-1,-2,-2
2,"Environment: 1, AimModifier: 2",9.824182,false,0,0,0,NA,false,0,0,0,NA,-1,-1,-1,-1,-1,-2,-2,false,0,0,0,NA,-1,-1,-1,-1,-1,-2,-2
2,"Environment: 1, AimModifier: 2",9.825689,false,0,0,0,NA,false,0,0,0,NA,-1,-1,-1,-1,-1,-2,-2,false,0,0,0,NA,-1,-1,-1,-1,-1,-2,-2
2,"Environment: 1, AimModifier: 2",9.82717,false,0,0,0,NA,false,0,0,0,NA,-1,-1,-1,-1,-1,-2,-2,false,0,0,0,NA,-1,-1,-1,-1,-1,-2,-2
2,"Environment: 1, AimModifier: 2",9.829144,false,0,0,0,NA,false,0,0,0,NA,-1,-1,-1,-1,-1,-2,-2,false,0,0,0,NA,-1,-1,-1,-1,-1,-2,-2
2,"Environment: 1, AimModifier: 2",9.830731,false,0,0,0,NA,false,0,0,0,NA,-1,-1,-1,-1,-1,-2,-2,false,0,0,0,NA,-1,-1,-1,-1,-1,-2,-2
2,"Environment: 1, AimModifier: 2",9.832126,false,0,0,0,NA,false,0,0,0,NA,-1,-1,-1,-1,-1,-2,-2,false,0,0,0,NA,-1,-1,-1,-1,-1,-2,-2
2,"Environment: 1, AimModifier: 2",9.833626,false,0,0,0,NA,false,0,0,0,NA,-1,-1,-1,-1,-1,-2,-2,false,0,0,0,NA,-1,-1,-1,-1,-1,-2,-2
2,"Environment: 1, AimModifier: 2",9.835219,false,0,0,0,NA,false,0,0,0,NA,-1,-1,-1,-1,-1,-2,-2,false,0,0,0,NA,-1,-1,-1,-1,-1,-2,-2
2,"Environment: 1, AimModifier: 2",9.837026,false,0,0,0,NA,false,0,0,0,NA,-1,-1,-1,-1,-1,-2,-2,false,0,0,0,NA,-1,-1,-1,-1,-1,-2,-2
2,"Environment: 1, AimModifier: 2",9.838453,false,0,0,0,NA,false,0,0,0,NA,-1,-1,-1,-1,-1,-2,-2,false,0,0,0,NA,-1,-1,-1,-1,-1,-2,-2
2,"Environment: 1, AimModifier: 2",9.839872,false,0,0,0,NA,false,0,0,0,NA,-1,-1,-1,-1,-1,-2,-2,false,0,0,0,NA,-1,-1,-1,-1,-1,-2,-2
2,"Environment: 1, AimModifier: 2",9.842417,false,0,0,0,NA,false,0,0,0,NA,-1,-1,-1,-1,-1,-2,-2,false,0,0,0,NA,-1,-1,-1,-1,-1,-2,-2
2,"Environment: 1, AimModifier: 2",9.84384,false,0,0,0,NA,false,0,0,0,NA,-1,-1,-1,-1,-1,-2,-2,false,0,0,0,NA,-1,-1,-1,-1,-1,-2,-2
2,"Environment: 1, AimModifier: 2",9.84553,false,0,0,0,NA,false,0,0,0,NA,-1,-1,-1,-1,-1,-2,-2,false,0,0,0,NA,-1,-1,-1,-1,-1,-2,-2
2,"Environment: 1, AimModifier: 2",9.847027,false,0,0,0,NA,false,0,0,0,NA,-1,-1,-1,-1,-1,-2,-2,false,0,0,0,NA,-1,-1,-1,-1,-1,-2,-2
2,"Environment: 1, AimModifier: 2",9.848543,false,0,0,0,NA,false,0,0,0,NA,-1,-1,-1,-1,-1,-2,-2,false,0,0,0,NA,-1,-1,-1,-1,-1,-2,-2
2,"Environment: 1, AimModifier: 2",9.850045,false,0,0,0,NA,false,0,0,0,NA,-1,-1,-1,-1,-1,-2,-2,false,0,0,0,NA,-1,-1,-1,-1,-1,-2,-2
2,"Environment: 1, AimModifier: 2",9.851871,false,0,0,0,NA,false,0,0,0,NA,-1,-1,-1,-1,-1,-2,-2,false,0,0,0,NA,-1,-1,-1,-1,-1,-2,-2
2,"Environment: 1, AimModifier: 2",9.853484,false,0,0,0,NA,false,0,0,0,NA,-1,-1,-1,-1,-1,-2,-2,false,0,0,0,NA,-1,-1,-1,-1,-1,-2,-2
2,"Environment: 1, AimModifier: 2",9.855362,false,0,0,0,NA,false,0,0,0,NA,-1,-1,-1,-1,-1,-2,-2,false,0,0,0,NA,-1,-1,-1,-1,-1,-2,-2
2,"Environment: 1, AimModifier: 2",9.856925,false,0,0,0,NA,false,0,0,0,NA,-1,-1,-1,-1,-1,-2,-2,false,0,0,0,NA,-1,-1,-1,-1,-1,-2,-2
2,"Environment: 1, AimModifier: 2",9.858528,false,0,0,0,NA,false,0,0,0,NA,-1,-1,-1,-1,-1,-2,-2,false,0,0,0,NA,-1,-1,-1,-1,-1,-2,-2
2,"Environment: 1, AimModifier: 2",9.85996,false,0,0,0,NA,false,0,0,0,NA,-1,-1,-1,-1,-1,-2,-2,false,0,0,0,NA,-1,-1,-1,-1,-1,-2,-2
2,"Environment: 1, AimModifier: 2",9.8614,false,0,0,0,NA,false,0,0,0,NA,-1,-1,-1,-1,-1,-2,-2,false,0,0,0,NA,-1,-1,-1,-1,-1,-2,-2
2,"Environment: 1, AimModifier: 2",9.862926,false,0,0,0,NA,false,0,0,0,NA,-1,-1,-1,-1,-1,-2,-2,false,0,0,0,NA,-1,-1,-1,-1,-1,-2,-2
2,"Environment: 1, AimModifier: 2",9.86462,false,0,0,0,NA,false,0,0,0,NA,-1,-1,-1,-1,-1,-2,-2,false,0,0,0,NA,-1,-1,-1,-1,-1,-2,-2
2,"Environment: 1, AimModifier: 2",9.866558,false,0,0,0,NA,false,0,0,0,NA,-1,-1,-1,-1,-1,-2,-2,false,0,0,0,NA,-1,-1,-1,-1,-1,-2,-2
2,"Environment: 1, AimModifier: 2",9.868438,false,0,0,0,NA,false,0,0,0,NA,-1,-1,-1,-1,-1,-2,-2,false,0,0,0,NA,-1,-1,-1,-1,-1,-2,-2
2,"Environment: 1, AimModifier: 2",9.870372,false,0,0,0,NA,false,0,0,0,NA,-1,-1,-1,-1,-1,-2,-2,false,0,0,0,NA,-1,-1,-1,-1,-1,-2,-2
2,"Environment: 1, AimModifier: 2",9.872009,false,0,0,0,NA,false,0,0,0,NA,-1,-1,-1,-1,-1,-2,-2,false,0,0,0,NA,-1,-1,-1,-1,-1,-2,-2
2,"Environment: 1, AimModifier: 2",9.873376,false,0,0,0,NA,false,0,0,0,NA,-1,-1,-1,-1,-1,-2,-2,false,0,0,0,NA,-1,-1,-1,-1,-1,-2,-2
2,"Environment: 1, AimModifier: 2",9.874663,false,0,0,0,NA,false,0,0,0,NA,-1,-1,-1,-1,-1,-2,-2,false,0,0,0,NA,-1,-1,-1,-1,-1,-2,-2
2,"Environment: 1, AimModifier: 2",9.87603,false,0,0,0,NA,false,0,0,0,NA,-1,-1,-1,-1,-1,-2,-2,false,0,0,0,NA,-1,-1,-1,-1,-1,-2,-2
2,"Environment: 1, AimModifier: 2",9.877398,false,0,0,0,NA,false,0,0,0,NA,-1,-1,-1,-1,-1,-2,-2,false,0,0,0,NA,-1,-1,-1,-1,-1,-2,-2
2,"Environment: 1, AimModifier: 2",9.878885,false,0,0,0,NA,false,0,0,0,NA,-1,-1,-1,-1,-1,-2,-2,false,0,0,0,NA,-1,-1,-1,-1,-1,-2,-2
2,"Environment: 1, AimModifier: 2",9.880512,false,0,0,0,NA,false,0,0,0,NA,-1,-1,-1,-1,-1,-2,-2,false,0,0,0,NA,-1,-1,-1,-1,-1,-2,-2
2,"Environment: 1, AimModifier: 2",9.882177,false,0,0,0,NA,false,0,0,0,NA,-1,-1,-1,-1,-1,-2,-2,false,0,0,0,NA,-1,-1,-1,-1,-1,-2,-2
2,"Environment: 1, AimModifier: 2",9.88383,false,0,0,0,NA,false,0,0,0,NA,-1,-1,-1,-1,-1,-2,-2,false,0,0,0,NA,-1,-1,-1,-1,-1,-2,-2
2,"Environment: 1, AimModifier: 2",9.885746,false,0,0,0,NA,false,0,0,0,NA,-1,-1,-1,-1,-1,-2,-2,false,0,0,0,NA,-1,-1,-1,-1,-1,-2,-2
2,"Environment: 1, AimModifier: 2",9.887337,false,0,0,0,NA,false,0,0,0,NA,-1,-1,-1,-1,-1,-2,-2,false,0,0,0,NA,-1,-1,-1,-1,-1,-2,-2
2,"Environment: 1, AimModifier: 2",9.88899,false,0,0,0,NA,false,0,0,0,NA,-1,-1,-1,-1,-1,-2,-2,false,0,0,0,NA,-1,-1,-1,-1,-1,-2,-2
2,"Environment: 1, AimModifier: 2",9.890507,false,0,0,0,NA,false,0,0,0,NA,-1,-1,-1,-1,-1,-2,-2,false,0,0,0,NA,-1,-1,-1,-1,-1,-2,-2
2,"Environment: 1, AimModifier: 2",9.892086,false,0,0,0,NA,false,0,0,0,NA,-1,-1,-1,-1,-1,-2,-2,false,0,0,0,NA,-1,-1,-1,-1,-1,-2,-2
2,"Environment: 1, AimModifier: 2",9.8938,false,0,0,0,NA,false,0,0,0,NA,-1,-1,-1,-1,-1,-2,-2,false,0,0,0,NA,-1,-1,-1,-1,-1,-2,-2
2,"Environment: 1, AimModifier: 2",9.895366,false,0,0,0,NA,false,0,0,0,NA,-1,-1,-1,-1,-1,-2,-2,false,0,0,0,NA,-1,-1,-1,-1,-1,-2,-2
2,"Environment: 1, AimModifier: 2",9.896867,false,0,0,0,NA,false,0,0,0,NA,-1,-1,-1,-1,-1,-2,-2,false,0,0,0,NA,-1,-1,-1,-1,-1,-2,-2
2,"Environment: 1, AimModifier: 2",9.898375,false,0,0,0,NA,false,0,0,0,NA,-1,-1,-1,-1,-1,-2,-2,false,0,0,0,NA,-1,-1,-1,-1,-1,-2,-2
2,"Environment: 1, AimModifier: 2",9.900001,false,0,0,0,NA,false,0,0,0,NA,-1,-1,-1,-1,-1,-2,-2,false,0,0,0,NA,-1,-1,-1,-1,-1,-2,-2
2,"Environment: 1, AimModifier: 2",9.901734,false,0,0,0,NA,false,0,0,0,NA,-1,-1,-1,-1,-1,-2,-2,false,0,0,0,NA,-1,-1,-1,-1,-1,-2,-2
2,"Environment: 1, AimModifier: 2",9.903307,false,0,0,0,NA,false,0,0,0,NA,-1,-1,-1,-1,-1,-2,-2,false,0,0,0,NA,-1,-1,-1,-1,-1,-2,-2
2,"Environment: 1, AimModifier: 2",9.904736,false,0,0,0,NA,false,0,0,0,NA,-1,-1,-1,-1,-1,-2,-2,false,0,0,0,NA,-1,-1,-1,-1,-1,-2,-2
2,"Environment: 1, AimModifier: 2",9.906667,false,0,0,0,NA,false,0,0,0,NA,-1,-1,-1,-1,-1,-2,-2,false,0,0,0,NA,-1,-1,-1,-1,-1,-2,-2
2,"Environment: 1, AimModifier: 2",9.908148,false,0,0,0,NA,false,0,0,0,NA,-1,-1,-1,-1,-1,-2,-2,false,0,0,0,NA,-1,-1,-1,-1,-1,-2,-2
2,"Environment: 1, AimModifier: 2",9.909719,false,0,0,0,NA,false,0,0,0,NA,-1,-1,-1,-1,-1,-2,-2,false,0,0,0,NA,-1,-1,-1,-1,-1,-2,-2
2,"Environment: 1, AimModifier: 2",9.911678,false,0,0,0,NA,false,0,0,0,NA,-1,-1,-1,-1,-1,-2,-2,false,0,0,0,NA,-1,-1,-1,-1,-1,-2,-2
2,"Environment: 1, AimModifier: 2",9.913671,false,0,0,0,NA,false,0,0,0,NA,-1,-1,-1,-1,-1,-2,-2,false,0,0,0,NA,-1,-1,-1,-1,-1,-2,-2
2,"Environment: 1, AimModifier: 2",9.915286,false,0,0,0,NA,false,0,0,0,NA,-1,-1,-1,-1,-1,-2,-2,false,0,0,0,NA,-1,-1,-1,-1,-1,-2,-2
2,"Environment: 1, AimModifier: 2",9.917061,false,0,0,0,NA,false,0,0,0,NA,-1,-1,-1,-1,-1,-2,-2,false,0,0,0,NA,-1,-1,-1,-1,-1,-2,-2
2,"Environment: 1, AimModifier: 2",9.918758,false,0,0,0,NA,false,0,0,0,NA,-1,-1,-1,-1,-1,-2,-2,false,0,0,0,NA,-1,-1,-1,-1,-1,-2,-2
2,"Environment: 1, AimModifier: 2",9.920276,false,0,0,0,NA,false,0,0,0,NA,-1,-1,-1,-1,-1,-2,-2,false,0,0,0,NA,-1,-1,-1,-1,-1,-2,-2
2,"Environment: 1, AimModifier: 2",9.921736,false,0,0,0,NA,false,0,0,0,NA,-1,-1,-1,-1,-1,-2,-2,false,0,0,0,NA,-1,-1,-1,-1,-1,-2,-2
2,"Environment: 1, AimModifier: 2",9.923208,false,0,0,0,NA,false,0,0,0,NA,-1,-1,-1,-1,-1,-2,-2,false,0,0,0,NA,-1,-1,-1,-1,-1,-2,-2
2,"Environment: 1, AimModifier: 2",9.925081,false,0,0,0,NA,false,0,0,0,NA,-1,-1,-1,-1,-1,-2,-2,false,0,0,0,NA,-1,-1,-1,-1,-1,-2,-2
2,"Environment: 1, AimModifier: 2",9.92666,false,0,0,0,NA,false,0,0,0,NA,-1,-1,-1,-1,-1,-2,-2,false,0,0,0,NA,-1,-1,-1,-1,-1,-2,-2
2,"Environment: 1, AimModifier: 2",9.928109,false,0,0,0,NA,false,0,0,0,NA,-1,-1,-1,-1,-1,-2,-2,false,0,0,0,NA,-1,-1,-1,-1,-1,-2,-2
2,"Environment: 1, AimModifier: 2",9.93012,false,0,0,0,NA,false,0,0,0,NA,-1,-1,-1,-1,-1,-2,-2,false,0,0,0,NA,-1,-1,-1,-1,-1,-2,-2
2,"Environment: 1, AimModifier: 2",9.931658,false,0,0,0,NA,false,0,0,0,NA,-1,-1,-1,-1,-1,-2,-2,false,0,0,0,NA,-1,-1,-1,-1,-1,-2,-2
2,"Environment: 1, AimModifier: 2",9.933306,false,0,0,0,NA,false,0,0,0,NA,-1,-1,-1,-1,-1,-2,-2,false,0,0,0,NA,-1,-1,-1,-1,-1,-2,-2
2,"Environment: 1, AimModifier: 2",9.934839,false,0,0,0,NA,false,0,0,0,NA,-1,-1,-1,-1,-1,-2,-2,false,0,0,0,NA,-1,-1,-1,-1,-1,-2,-2
2,"Environment: 1, AimModifier: 2",9.936344,false,0,0,0,NA,false,0,0,0,NA,-1,-1,-1,-1,-1,-2,-2,false,0,0,0,NA,-1,-1,-1,-1,-1,-2,-2
2,"Environment: 1, AimModifier: 2",9.93786,false,0,0,0,NA,false,0,0,0,NA,-1,-1,-1,-1,-1,-2,-2,false,0,0,0,NA,-1,-1,-1,-1,-1,-2,-2
2,"Environment: 1, AimModifier: 2",9.939288,false,0,0,0,NA,false,0,0,0,NA,-1,-1,-1,-1,-1,-2,-2,false,0,0,0,NA,-1,-1,-1,-1,-1,-2,-2
2,"Environment: 1, AimModifier: 2",9.940745,false,0,0,0,NA,false,0,0,0,NA,-1,-1,-1,-1,-1,-2,-2,false,0,0,0,NA,-1,-1,-1,-1,-1,-2,-2
2,"Environment: 1, AimModifier: 2",9.942189,false,0,0,0,NA,false,0,0,0,NA,-1,-1,-1,-1,-1,-2,-2,false,0,0,0,NA,-1,-1,-1,-1,-1,-2,-2
2,"Environment: 1, AimModifier: 2",9.943933,false,0,0,0,NA,false,0,0,0,NA,-1,-1,-1,-1,-1,-2,-2,false,0,0,0,NA,-1,-1,-1,-1,-1,-2,-2
2,"Environment: 1, AimModifier: 2",9.945494,false,0,0,0,NA,false,0,0,0,NA,-1,-1,-1,-1,-1,-2,-2,false,0,0,0,NA,-1,-1,-1,-1,-1,-2,-2
2,"Environment: 1, AimModifier: 2",9.946876,false,0,0,0,NA,false,0,0,0,NA,-1,-1,-1,-1,-1,-2,-2,false,0,0,0,NA,-1,-1,-1,-1,-1,-2,-2
2,"Environment: 1, AimModifier: 2",9.948462,false,0,0,0,NA,false,0,0,0,NA,-1,-1,-1,-1,-1,-2,-2,false,0,0,0,NA,-1,-1,-1,-1,-1,-2,-2
2,"Environment: 1, AimModifier: 2",9.950071,false,0,0,0,NA,false,0,0,0,NA,-1,-1,-1,-1,-1,-2,-2,false,0,0,0,NA,-1,-1,-1,-1,-1,-2,-2
2,"Environment: 1, AimModifier: 2",9.951623,false,0,0,0,NA,false,0,0,0,NA,-1,-1,-1,-1,-1,-2,-2,false,0,0,0,NA,-1,-1,-1,-1,-1,-2,-2
2,"Environment: 1, AimModifier: 2",9.953657,false,0,0,0,NA,false,0,0,0,NA,-1,-1,-1,-1,-1,-2,-2,false,0,0,0,NA,-1,-1,-1,-1,-1,-2,-2
2,"Environment: 1, AimModifier: 2",9.955448,false,0,0,0,NA,false,0,0,0,NA,-1,-1,-1,-1,-1,-2,-2,false,0,0,0,NA,-1,-1,-1,-1,-1,-2,-2
2,"Environment: 1, AimModifier: 2",9.957441,false,0,0,0,NA,false,0,0,0,NA,-1,-1,-1,-1,-1,-2,-2,false,0,0,0,NA,-1,-1,-1,-1,-1,-2,-2
2,"Environment: 1, AimModifier: 2",9.959528,false,0,0,0,NA,false,0,0,0,NA,-1,-1,-1,-1,-1,-2,-2,false,0,0,0,NA,-1,-1,-1,-1,-1,-2,-2
2,"Environment: 1, AimModifier: 2",9.961172,false,0,0,0,NA,false,0,0,0,NA,-1,-1,-1,-1,-1,-2,-2,false,0,0,0,NA,-1,-1,-1,-1,-1,-2,-2
2,"Environment: 1, AimModifier: 2",9.962992,false,0,0,0,NA,false,0,0,0,NA,-1,-1,-1,-1,-1,-2,-2,false,0,0,0,NA,-1,-1,-1,-1,-1,-2,-2
2,"Environment: 1, AimModifier: 2",9.96436,false,0,0,0,NA,false,0,0,0,NA,-1,-1,-1,-1,-1,-2,-2,false,0,0,0,NA,-1,-1,-1,-1,-1,-2,-2
2,"Environment: 1, AimModifier: 2",9.96599,false,0,0,0,NA,false,0,0,0,NA,-1,-1,-1,-1,-1,-2,-2,false,0,0,0,NA,-1,-1,-1,-1,-1,-2,-2
2,"Environment: 1, AimModifier: 2",9.967944,false,0,0,0,NA,false,0,0,0,NA,-1,-1,-1,-1,-1,-2,-2,false,0,0,0,NA,-1,-1,-1,-1,-1,-2,-2
2,"Environment: 1, AimModifier: 2",9.969757,false,0,0,0,NA,false,0,0,0,NA,-1,-1,-1,-1,-1,-2,-2,false,0,0,0,NA,-1,-1,-1,-1,-1,-2,-2
2,"Environment: 1, AimModifier: 2",9.971397,false,0,0,0,NA,false,0,0,0,NA,-1,-1,-1,-1,-1,-2,-2,false,0,0,0,NA,-1,-1,-1,-1,-1,-2,-2
2,"Environment: 1, AimModifier: 2",9.972996,false,0,0,0,NA,false,0,0,0,NA,-1,-1,-1,-1,-1,-2,-2,false,0,0,0,NA,-1,-1,-1,-1,-1,-2,-2
2,"Environment: 1, AimModifier: 2",9.974785,false,0,0,0,NA,false,0,0,0,NA,-1,-1,-1,-1,-1,-2,-2,false,0,0,0,NA,-1,-1,-1,-1,-1,-2,-2
2,"Environment: 1, AimModifier: 2",9.976156,false,0,0,0,NA,false,0,0,0,NA,-1,-1,-1,-1,-1,-2,-2,false,0,0,0,NA,-1,-1,-1,-1,-1,-2,-2
2,"Environment: 1, AimModifier: 2",9.97762,false,0,0,0,NA,false,0,0,0,NA,-1,-1,-1,-1,-1,-2,-2,false,0,0,0,NA,-1,-1,-1,-1,-1,-2,-2
2,"Environment: 1, AimModifier: 2",9.980035,false,0,0,0,NA,false,0,0,0,NA,-1,-1,-1,-1,-1,-2,-2,false,0,0,0,NA,-1,-1,-1,-1,-1,-2,-2
2,"Environment: 1, AimModifier: 2",9.981561,false,0,0,0,NA,false,0,0,0,NA,-1,-1,-1,-1,-1,-2,-2,false,0,0,0,NA,-1,-1,-1,-1,-1,-2,-2
2,"Environment: 1, AimModifier: 2",9.982846,false,0,0,0,NA,false,0,0,0,NA,-1,-1,-1,-1,-1,-2,-2,false,0,0,0,NA,-1,-1,-1,-1,-1,-2,-2
2,"Environment: 1, AimModifier: 2",9.984125,false,0,0,0,NA,false,0,0,0,NA,-1,-1,-1,-1,-1,-2,-2,false,0,0,0,NA,-1,-1,-1,-1,-1,-2,-2
2,"Environment: 1, AimModifier: 2",9.986572,false,0,0,0,NA,false,0,0,0,NA,-1,-1,-1,-1,-1,-2,-2,false,0,0,0,NA,-1,-1,-1,-1,-1,-2,-2
2,"Environment: 1, AimModifier: 2",9.988124,false,0,0,0,NA,false,0,0,0,NA,-1,-1,-1,-1,-1,-2,-2,false,0,0,0,NA,-1,-1,-1,-1,-1,-2,-2
2,"Environment: 1, AimModifier: 2",9.989505,false,0,0,0,NA,false,0,0,0,NA,-1,-1,-1,-1,-1,-2,-2,false,0,0,0,NA,-1,-1,-1,-1,-1,-2,-2
2,"Environment: 1, AimModifier: 2",9.990867,false,0,0,0,NA,false,0,0,0,NA,-1,-1,-1,-1,-1,-2,-2,false,0,0,0,NA,-1,-1,-1,-1,-1,-2,-2
2,"Environment: 1, AimModifier: 2",9.99232,false,0,0,0,NA,false,0,0,0,NA,-1,-1,-1,-1,-1,-2,-2,false,0,0,0,NA,-1,-1,-1,-1,-1,-2,-2
2,"Environment: 1, AimModifier: 2",9.993629,false,0,0,0,NA,false,0,0,0,NA,-1,-1,-1,-1,-1,-2,-2,false,0,0,0,NA,-1,-1,-1,-1,-1,-2,-2
2,"Environment: 1, AimModifier: 2",9.995257,false,0,0,0,NA,false,0,0,0,NA,-1,-1,-1,-1,-1,-2,-2,false,0,0,0,NA,-1,-1,-1,-1,-1,-2,-2
2,"Environment: 1, AimModifier: 2",9.997962,false,0,0,0,NA,false,0,0,0,NA,-1,-1,-1,-1,-1,-2,-2,false,0,0,0,NA,-1,-1,-1,-1,-1,-2,-2
2,"Environment: 1, AimModifier: 2",10.00062,false,0,0,0,NA,false,0,0,0,NA,-1,-1,-1,-1,-1,-2,-2,false,0,0,0,NA,-1,-1,-1,-1,-1,-2,-2
2,"Environment: 1, AimModifier: 2",10.00214,false,0,0,0,NA,false,0,0,0,NA,-1,-1,-1,-1,-1,-2,-2,false,0,0,0,NA,-1,-1,-1,-1,-1,-2,-2
2,"Environment: 1, AimModifier: 2",10.00361,false,0,0,0,NA,false,0,0,0,NA,-1,-1,-1,-1,-1,-2,-2,false,0,0,0,NA,-1,-1,-1,-1,-1,-2,-2
2,"Environment: 1, AimModifier: 2",10.00554,false,0,0,0,NA,false,0,0,0,NA,-1,-1,-1,-1,-1,-2,-2,false,0,0,0,NA,-1,-1,-1,-1,-1,-2,-2
2,"Environment: 1, AimModifier: 2",10.00756,false,0,0,0,NA,false,0,0,0,NA,-1,-1,-1,-1,-1,-2,-2,false,0,0,0,NA,-1,-1,-1,-1,-1,-2,-2
2,"Environment: 1, AimModifier: 2",10.01043,false,0,0,0,NA,false,0,0,0,NA,-1,-1,-1,-1,-1,-2,-2,false,0,0,0,NA,-1,-1,-1,-1,-1,-2,-2
2,"Environment: 1, AimModifier: 2",10.0123,false,0,0,0,NA,false,0,0,0,NA,-1,-1,-1,-1,-1,-2,-2,false,0,0,0,NA,-1,-1,-1,-1,-1,-2,-2
2,"Environment: 1, AimModifier: 2",10.01382,false,0,0,0,NA,false,0,0,0,NA,-1,-1,-1,-1,-1,-2,-2,false,0,0,0,NA,-1,-1,-1,-1,-1,-2,-2
2,"Environment: 1, AimModifier: 2",10.01573,false,0,0,0,NA,false,0,0,0,NA,-1,-1,-1,-1,-1,-2,-2,false,0,0,0,NA,-1,-1,-1,-1,-1,-2,-2
2,"Environment: 1, AimModifier: 2",10.01743,false,0,0,0,NA,false,0,0,0,NA,-1,-1,-1,-1,-1,-2,-2,false,0,0,0,NA,-1,-1,-1,-1,-1,-2,-2
2,"Environment: 1, AimModifier: 2",10.01888,false,0,0,0,NA,false,0,0,0,NA,-1,-1,-1,-1,-1,-2,-2,false,0,0,0,NA,-1,-1,-1,-1,-1,-2,-2
2,"Environment: 1, AimModifier: 2",10.02048,false,0,0,0,NA,false,0,0,0,NA,-1,-1,-1,-1,-1,-2,-2,false,0,0,0,NA,-1,-1,-1,-1,-1,-2,-2
2,"Environment: 1, AimModifier: 2",10.02244,false,0,0,0,NA,false,0,0,0,NA,-1,-1,-1,-1,-1,-2,-2,false,0,0,0,NA,-1,-1,-1,-1,-1,-2,-2
2,"Environment: 1, AimModifier: 2",10.02397,false,0,0,0,NA,false,0,0,0,NA,-1,-1,-1,-1,-1,-2,-2,false,0,0,0,NA,-1,-1,-1,-1,-1,-2,-2
2,"Environment: 1, AimModifier: 2",10.02549,false,0,0,0,NA,false,0,0,0,NA,-1,-1,-1,-1,-1,-2,-2,false,0,0,0,NA,-1,-1,-1,-1,-1,-2,-2
2,"Environment: 1, AimModifier: 2",10.02688,false,0,0,0,NA,false,0,0,0,NA,-1,-1,-1,-1,-1,-2,-2,false,0,0,0,NA,-1,-1,-1,-1,-1,-2,-2
2,"Environment: 1, AimModifier: 2",10.02833,false,0,0,0,NA,false,0,0,0,NA,-1,-1,-1,-1,-1,-2,-2,false,0,0,0,NA,-1,-1,-1,-1,-1,-2,-2
2,"Environment: 1, AimModifier: 2",10.02966,false,0,0,0,NA,false,0,0,0,NA,-1,-1,-1,-1,-1,-2,-2,false,0,0,0,NA,-1,-1,-1,-1,-1,-2,-2
2,"Environment: 1, AimModifier: 2",10.03104,false,0,0,0,NA,false,0,0,0,NA,-1,-1,-1,-1,-1,-2,-2,false,0,0,0,NA,-1,-1,-1,-1,-1,-2,-2
2,"Environment: 1, AimModifier: 2",10.03235,false,0,0,0,NA,false,0,0,0,NA,-1,-1,-1,-1,-1,-2,-2,false,0,0,0,NA,-1,-1,-1,-1,-1,-2,-2
2,"Environment: 1, AimModifier: 2",10.03379,false,0,0,0,NA,false,0,0,0,NA,-1,-1,-1,-1,-1,-2,-2,false,0,0,0,NA,-1,-1,-1,-1,-1,-2,-2
2,"Environment: 1, AimModifier: 2",10.03527,false,0,0,0,NA,false,0,0,0,NA,-1,-1,-1,-1,-1,-2,-2,false,0,0,0,NA,-1,-1,-1,-1,-1,-2,-2
2,"Environment: 1, AimModifier: 2",10.03678,false,0,0,0,NA,false,0,0,0,NA,-1,-1,-1,-1,-1,-2,-2,false,0,0,0,NA,-1,-1,-1,-1,-1,-2,-2
2,"Environment: 1, AimModifier: 2",10.03807,false,0,0,0,NA,false,0,0,0,NA,-1,-1,-1,-1,-1,-2,-2,false,0,0,0,NA,-1,-1,-1,-1,-1,-2,-2
2,"Environment: 1, AimModifier: 2",10.03936,false,0,0,0,NA,false,0,0,0,NA,-1,-1,-1,-1,-1,-2,-2,false,0,0,0,NA,-1,-1,-1,-1,-1,-2,-2
2,"Environment: 1, AimModifier: 2",10.04074,false,0,0,0,NA,false,0,0,0,NA,-1,-1,-1,-1,-1,-2,-2,false,0,0,0,NA,-1,-1,-1,-1,-1,-2,-2
2,"Environment: 1, AimModifier: 2",10.04218,false,0,0,0,NA,false,0,0,0,NA,-1,-1,-1,-1,-1,-2,-2,false,0,0,0,NA,-1,-1,-1,-1,-1,-2,-2
2,"Environment: 1, AimModifier: 2",10.0435,false,0,0,0,NA,false,0,0,0,NA,-1,-1,-1,-1,-1,-2,-2,false,0,0,0,NA,-1,-1,-1,-1,-1,-2,-2
2,"Environment: 1, AimModifier: 2",10.04475,false,0,0,0,NA,false,0,0,0,NA,-1,-1,-1,-1,-1,-2,-2,false,0,0,0,NA,-1,-1,-1,-1,-1,-2,-2
2,"Environment: 1, AimModifier: 2",10.04635,false,0,0,0,NA,false,0,0,0,NA,-1,-1,-1,-1,-1,-2,-2,false,0,0,0,NA,-1,-1,-1,-1,-1,-2,-2
2,"Environment: 1, AimModifier: 2",10.04777,false,0,0,0,NA,false,0,0,0,NA,-1,-1,-1,-1,-1,-2,-2,false,0,0,0,NA,-1,-1,-1,-1,-1,-2,-2
2,"Environment: 1, AimModifier: 2",10.04933,false,0,0,0,NA,false,0,0,0,NA,-1,-1,-1,-1,-1,-2,-2,false,0,0,0,NA,-1,-1,-1,-1,-1,-2,-2
2,"Environment: 1, AimModifier: 2",10.0509,false,0,0,0,NA,false,0,0,0,NA,-1,-1,-1,-1,-1,-2,-2,false,0,0,0,NA,-1,-1,-1,-1,-1,-2,-2
2,"Environment: 1, AimModifier: 2",10.05262,false,0,0,0,NA,false,0,0,0,NA,-1,-1,-1,-1,-1,-2,-2,false,0,0,0,NA,-1,-1,-1,-1,-1,-2,-2
2,"Environment: 1, AimModifier: 2",10.05415,false,0,0,0,NA,false,0,0,0,NA,-1,-1,-1,-1,-1,-2,-2,false,0,0,0,NA,-1,-1,-1,-1,-1,-2,-2
2,"Environment: 1, AimModifier: 2",10.05551,false,0,0,0,NA,false,0,0,0,NA,-1,-1,-1,-1,-1,-2,-2,false,0,0,0,NA,-1,-1,-1,-1,-1,-2,-2
2,"Environment: 1, AimModifier: 2",10.05693,false,0,0,0,NA,false,0,0,0,NA,-1,-1,-1,-1,-1,-2,-2,false,0,0,0,NA,-1,-1,-1,-1,-1,-2,-2
2,"Environment: 1, AimModifier: 2",10.05895,false,0,0,0,NA,false,0,0,0,NA,-1,-1,-1,-1,-1,-2,-2,false,0,0,0,NA,-1,-1,-1,-1,-1,-2,-2
2,"Environment: 1, AimModifier: 2",10.06026,false,0,0,0,NA,false,0,0,0,NA,-1,-1,-1,-1,-1,-2,-2,false,0,0,0,NA,-1,-1,-1,-1,-1,-2,-2
2,"Environment: 1, AimModifier: 2",10.06184,false,0,0,0,NA,false,0,0,0,NA,-1,-1,-1,-1,-1,-2,-2,false,0,0,0,NA,-1,-1,-1,-1,-1,-2,-2
2,"Environment: 1, AimModifier: 2",10.06482,false,0,0,0,NA,false,0,0,0,NA,-1,-1,-1,-1,-1,-2,-2,false,0,0,0,NA,-1,-1,-1,-1,-1,-2,-2
2,"Environment: 1, AimModifier: 2",10.06651,false,0,0,0,NA,false,0,0,0,NA,-1,-1,-1,-1,-1,-2,-2,false,0,0,0,NA,-1,-1,-1,-1,-1,-2,-2
2,"Environment: 1, AimModifier: 2",10.06797,false,0,0,0,NA,false,0,0,0,NA,-1,-1,-1,-1,-1,-2,-2,false,0,0,0,NA,-1,-1,-1,-1,-1,-2,-2
2,"Environment: 1, AimModifier: 2",10.06932,false,0,0,0,NA,false,0,0,0,NA,-1,-1,-1,-1,-1,-2,-2,false,0,0,0,NA,-1,-1,-1,-1,-1,-2,-2
2,"Environment: 1, AimModifier: 2",10.07082,false,0,0,0,NA,false,0,0,0,NA,-1,-1,-1,-1,-1,-2,-2,false,0,0,0,NA,-1,-1,-1,-1,-1,-2,-2
2,"Environment: 1, AimModifier: 2",10.07301,false,0,0,0,NA,false,0,0,0,NA,-1,-1,-1,-1,-1,-2,-2,false,0,0,0,NA,-1,-1,-1,-1,-1,-2,-2
2,"Environment: 1, AimModifier: 2",10.0744,false,0,0,0,NA,false,0,0,0,NA,-1,-1,-1,-1,-1,-2,-2,false,0,0,0,NA,-1,-1,-1,-1,-1,-2,-2
2,"Environment: 1, AimModifier: 2",10.07683,false,0,0,0,NA,false,0,0,0,NA,-1,-1,-1,-1,-1,-2,-2,false,0,0,0,NA,-1,-1,-1,-1,-1,-2,-2
2,"Environment: 1, AimModifier: 2",10.07915,false,0,0,0,NA,false,0,0,0,NA,-1,-1,-1,-1,-1,-2,-2,false,0,0,0,NA,-1,-1,-1,-1,-1,-2,-2
2,"Environment: 1, AimModifier: 2",10.08078,false,0,0,0,NA,false,0,0,0,NA,-1,-1,-1,-1,-1,-2,-2,false,0,0,0,NA,-1,-1,-1,-1,-1,-2,-2
2,"Environment: 1, AimModifier: 2",10.08213,false,0,0,0,NA,false,0,0,0,NA,-1,-1,-1,-1,-1,-2,-2,false,0,0,0,NA,-1,-1,-1,-1,-1,-2,-2
2,"Environment: 1, AimModifier: 2",10.08425,false,0,0,0,NA,false,0,0,0,NA,-1,-1,-1,-1,-1,-2,-2,false,0,0,0,NA,-1,-1,-1,-1,-1,-2,-2
2,"Environment: 1, AimModifier: 2",10.08633,false,0,0,0,NA,false,0,0,0,NA,-1,-1,-1,-1,-1,-2,-2,false,0,0,0,NA,-1,-1,-1,-1,-1,-2,-2
2,"Environment: 1, AimModifier: 2",10.08867,false,0,0,0,NA,false,0,0,0,NA,-1,-1,-1,-1,-1,-2,-2,false,0,0,0,NA,-1,-1,-1,-1,-1,-2,-2
2,"Environment: 1, AimModifier: 2",10.09079,false,0,0,0,NA,false,0,0,0,NA,-1,-1,-1,-1,-1,-2,-2,false,0,0,0,NA,-1,-1,-1,-1,-1,-2,-2
2,"Environment: 1, AimModifier: 2",10.09275,false,0,0,0,NA,false,0,0,0,NA,-1,-1,-1,-1,-1,-2,-2,false,0,0,0,NA,-1,-1,-1,-1,-1,-2,-2
2,"Environment: 1, AimModifier: 2",10.09411,false,0,0,0,NA,false,0,0,0,NA,-1,-1,-1,-1,-1,-2,-2,false,0,0,0,NA,-1,-1,-1,-1,-1,-2,-2
2,"Environment: 1, AimModifier: 2",10.09542,false,0,0,0,NA,false,0,0,0,NA,-1,-1,-1,-1,-1,-2,-2,false,0,0,0,NA,-1,-1,-1,-1,-1,-2,-2
2,"Environment: 1, AimModifier: 2",10.09807,false,0,0,0,NA,false,0,0,0,NA,-1,-1,-1,-1,-1,-2,-2,false,0,0,0,NA,-1,-1,-1,-1,-1,-2,-2
2,"Environment: 1, AimModifier: 2",10.10033,false,0,0,0,NA,false,0,0,0,NA,-1,-1,-1,-1,-1,-2,-2,false,0,0,0,NA,-1,-1,-1,-1,-1,-2,-2
2,"Environment: 1, AimModifier: 2",10.10173,false,0,0,0,NA,false,0,0,0,NA,-1,-1,-1,-1,-1,-2,-2,false,0,0,0,NA,-1,-1,-1,-1,-1,-2,-2
2,"Environment: 1, AimModifier: 2",10.10307,false,0,0,0,NA,false,0,0,0,NA,-1,-1,-1,-1,-1,-2,-2,false,0,0,0,NA,-1,-1,-1,-1,-1,-2,-2
2,"Environment: 1, AimModifier: 2",10.10543,false,0,0,0,NA,false,0,0,0,NA,-1,-1,-1,-1,-1,-2,-2,false,0,0,0,NA,-1,-1,-1,-1,-1,-2,-2
2,"Environment: 1, AimModifier: 2",10.10765,false,0,0,0,NA,false,0,0,0,NA,-1,-1,-1,-1,-1,-2,-2,false,0,0,0,NA,-1,-1,-1,-1,-1,-2,-2
2,"Environment: 1, AimModifier: 2",10.1091,false,0,0,0,NA,false,0,0,0,NA,-1,-1,-1,-1,-1,-2,-2,false,0,0,0,NA,-1,-1,-1,-1,-1,-2,-2
2,"Environment: 1, AimModifier: 2",10.1107,false,0,0,0,NA,false,0,0,0,NA,-1,-1,-1,-1,-1,-2,-2,false,0,0,0,NA,-1,-1,-1,-1,-1,-2,-2
2,"Environment: 1, AimModifier: 2",10.1121,false,0,0,0,NA,false,0,0,0,NA,-1,-1,-1,-1,-1,-2,-2,false,0,0,0,NA,-1,-1,-1,-1,-1,-2,-2
2,"Environment: 1, AimModifier: 2",10.11419,false,0,0,0,NA,false,0,0,0,NA,-1,-1,-1,-1,-1,-2,-2,false,0,0,0,NA,-1,-1,-1,-1,-1,-2,-2
2,"Environment: 1, AimModifier: 2",10.11544,false,0,0,0,NA,false,0,0,0,NA,-1,-1,-1,-1,-1,-2,-2,false,0,0,0,NA,-1,-1,-1,-1,-1,-2,-2
2,"Environment: 1, AimModifier: 2",10.11678,false,0,0,0,NA,false,0,0,0,NA,-1,-1,-1,-1,-1,-2,-2,false,0,0,0,NA,-1,-1,-1,-1,-1,-2,-2
2,"Environment: 1, AimModifier: 2",10.11894,false,0,0,0,NA,false,0,0,0,NA,-1,-1,-1,-1,-1,-2,-2,false,0,0,0,NA,-1,-1,-1,-1,-1,-2,-2
2,"Environment: 1, AimModifier: 2",10.12122,false,0,0,0,NA,false,0,0,0,NA,-1,-1,-1,-1,-1,-2,-2,false,0,0,0,NA,-1,-1,-1,-1,-1,-2,-2
2,"Environment: 1, AimModifier: 2",10.1225,false,0,0,0,NA,false,0,0,0,NA,-1,-1,-1,-1,-1,-2,-2,false,0,0,0,NA,-1,-1,-1,-1,-1,-2,-2
2,"Environment: 1, AimModifier: 2",10.12393,false,0,0,0,NA,false,0,0,0,NA,-1,-1,-1,-1,-1,-2,-2,false,0,0,0,NA,-1,-1,-1,-1,-1,-2,-2
2,"Environment: 1, AimModifier: 2",10.12548,false,0,0,0,NA,false,0,0,0,NA,-1,-1,-1,-1,-1,-2,-2,false,0,0,0,NA,-1,-1,-1,-1,-1,-2,-2
2,"Environment: 1, AimModifier: 2",10.12803,false,0,0,0,NA,false,0,0,0,NA,-1,-1,-1,-1,-1,-2,-2,false,0,0,0,NA,-1,-1,-1,-1,-1,-2,-2
2,"Environment: 1, AimModifier: 2",10.12932,false,0,0,0,NA,false,0,0,0,NA,-1,-1,-1,-1,-1,-2,-2,false,0,0,0,NA,-1,-1,-1,-1,-1,-2,-2
2,"Environment: 1, AimModifier: 2",10.13069,false,0,0,0,NA,false,0,0,0,NA,-1,-1,-1,-1,-1,-2,-2,false,0,0,0,NA,-1,-1,-1,-1,-1,-2,-2
2,"Environment: 1, AimModifier: 2",10.1329,false,0,0,0,NA,false,0,0,0,NA,-1,-1,-1,-1,-1,-2,-2,false,0,0,0,NA,-1,-1,-1,-1,-1,-2,-2
2,"Environment: 1, AimModifier: 2",10.13513,false,0,0,0,NA,false,0,0,0,NA,-1,-1,-1,-1,-1,-2,-2,false,0,0,0,NA,-1,-1,-1,-1,-1,-2,-2
2,"Environment: 1, AimModifier: 2",10.13678,false,0,0,0,NA,false,0,0,0,NA,-1,-1,-1,-1,-1,-2,-2,false,0,0,0,NA,-1,-1,-1,-1,-1,-2,-2
2,"Environment: 1, AimModifier: 2",10.13823,false,0,0,0,NA,false,0,0,0,NA,-1,-1,-1,-1,-1,-2,-2,false,0,0,0,NA,-1,-1,-1,-1,-1,-2,-2
2,"Environment: 1, AimModifier: 2",10.13953,false,0,0,0,NA,false,0,0,0,NA,-1,-1,-1,-1,-1,-2,-2,false,0,0,0,NA,-1,-1,-1,-1,-1,-2,-2
2,"Environment: 1, AimModifier: 2",10.14094,false,0,0,0,NA,false,0,0,0,NA,-1,-1,-1,-1,-1,-2,-2,false,0,0,0,NA,-1,-1,-1,-1,-1,-2,-2
2,"Environment: 1, AimModifier: 2",10.14301,false,0,0,0,NA,false,0,0,0,NA,-1,-1,-1,-1,-1,-2,-2,false,0,0,0,NA,-1,-1,-1,-1,-1,-2,-2
2,"Environment: 1, AimModifier: 2",10.14428,false,0,0,0,NA,false,0,0,0,NA,-1,-1,-1,-1,-1,-2,-2,false,0,0,0,NA,-1,-1,-1,-1,-1,-2,-2
2,"Environment: 1, AimModifier: 2",10.14568,false,0,0,0,NA,false,0,0,0,NA,-1,-1,-1,-1,-1,-2,-2,false,0,0,0,NA,-1,-1,-1,-1,-1,-2,-2
2,"Environment: 1, AimModifier: 2",10.14713,false,0,0,0,NA,false,0,0,0,NA,-1,-1,-1,-1,-1,-2,-2,false,0,0,0,NA,-1,-1,-1,-1,-1,-2,-2
2,"Environment: 1, AimModifier: 2",10.14922,false,0,0,0,NA,false,0,0,0,NA,-1,-1,-1,-1,-1,-2,-2,false,0,0,0,NA,-1,-1,-1,-1,-1,-2,-2
2,"Environment: 1, AimModifier: 2",10.15052,false,0,0,0,NA,false,0,0,0,NA,-1,-1,-1,-1,-1,-2,-2,false,0,0,0,NA,-1,-1,-1,-1,-1,-2,-2
2,"Environment: 1, AimModifier: 2",10.15201,false,0,0,0,NA,false,0,0,0,NA,-1,-1,-1,-1,-1,-2,-2,false,0,0,0,NA,-1,-1,-1,-1,-1,-2,-2
2,"Environment: 1, AimModifier: 2",10.15382,false,0,0,0,NA,false,0,0,0,NA,-1,-1,-1,-1,-1,-2,-2,false,0,0,0,NA,-1,-1,-1,-1,-1,-2,-2
2,"Environment: 1, AimModifier: 2",10.15624,false,0,0,0,NA,false,0,0,0,NA,-1,-1,-1,-1,-1,-2,-2,false,0,0,0,NA,-1,-1,-1,-1,-1,-2,-2
2,"Environment: 1, AimModifier: 2",10.15782,false,0,0,0,NA,false,0,0,0,NA,-1,-1,-1,-1,-1,-2,-2,false,0,0,0,NA,-1,-1,-1,-1,-1,-2,-2
2,"Environment: 1, AimModifier: 2",10.15941,false,0,0,0,NA,false,0,0,0,NA,-1,-1,-1,-1,-1,-2,-2,false,0,0,0,NA,-1,-1,-1,-1,-1,-2,-2
2,"Environment: 1, AimModifier: 2",10.16109,false,0,0,0,NA,false,0,0,0,NA,-1,-1,-1,-1,-1,-2,-2,false,0,0,0,NA,-1,-1,-1,-1,-1,-2,-2
2,"Environment: 1, AimModifier: 2",10.1635,false,0,0,0,NA,false,0,0,0,NA,-1,-1,-1,-1,-1,-2,-2,false,0,0,0,NA,-1,-1,-1,-1,-1,-2,-2
2,"Environment: 1, AimModifier: 2",10.16496,false,0,0,0,NA,false,0,0,0,NA,-1,-1,-1,-1,-1,-2,-2,false,0,0,0,NA,-1,-1,-1,-1,-1,-2,-2
2,"Environment: 1, AimModifier: 2",10.16629,false,0,0,0,NA,false,0,0,0,NA,-1,-1,-1,-1,-1,-2,-2,false,0,0,0,NA,-1,-1,-1,-1,-1,-2,-2
2,"Environment: 1, AimModifier: 2",10.16758,false,0,0,0,NA,false,0,0,0,NA,-1,-1,-1,-1,-1,-2,-2,false,0,0,0,NA,-1,-1,-1,-1,-1,-2,-2
2,"Environment: 1, AimModifier: 2",10.16994,false,0,0,0,NA,false,0,0,0,NA,-1,-1,-1,-1,-1,-2,-2,false,0,0,0,NA,-1,-1,-1,-1,-1,-2,-2
2,"Environment: 1, AimModifier: 2",10.17151,false,0,0,0,NA,false,0,0,0,NA,-1,-1,-1,-1,-1,-2,-2,false,0,0,0,NA,-1,-1,-1,-1,-1,-2,-2
2,"Environment: 1, AimModifier: 2",10.17297,false,0,0,0,NA,false,0,0,0,NA,-1,-1,-1,-1,-1,-2,-2,false,0,0,0,NA,-1,-1,-1,-1,-1,-2,-2
2,"Environment: 1, AimModifier: 2",10.17515,false,0,0,0,NA,false,0,0,0,NA,-1,-1,-1,-1,-1,-2,-2,false,0,0,0,NA,-1,-1,-1,-1,-1,-2,-2
2,"Environment: 1, AimModifier: 2",10.17713,false,0,0,0,NA,false,0,0,0,NA,-1,-1,-1,-1,-1,-2,-2,false,0,0,0,NA,-1,-1,-1,-1,-1,-2,-2
2,"Environment: 1, AimModifier: 2",10.17847,false,0,0,0,NA,false,0,0,0,NA,-1,-1,-1,-1,-1,-2,-2,false,0,0,0,NA,-1,-1,-1,-1,-1,-2,-2
2,"Environment: 1, AimModifier: 2",10.1798,false,0,0,0,NA,false,0,0,0,NA,-1,-1,-1,-1,-1,-2,-2,false,0,0,0,NA,-1,-1,-1,-1,-1,-2,-2
2,"Environment: 1, AimModifier: 2",10.18111,false,0,0,0,NA,false,0,0,0,NA,-1,-1,-1,-1,-1,-2,-2,false,0,0,0,NA,-1,-1,-1,-1,-1,-2,-2
2,"Environment: 1, AimModifier: 2",10.18374,false,0,0,0,NA,false,0,0,0,NA,-1,-1,-1,-1,-1,-2,-2,false,0,0,0,NA,-1,-1,-1,-1,-1,-2,-2
2,"Environment: 1, AimModifier: 2",10.18528,false,0,0,0,NA,false,0,0,0,NA,-1,-1,-1,-1,-1,-2,-2,false,0,0,0,NA,-1,-1,-1,-1,-1,-2,-2
2,"Environment: 1, AimModifier: 2",10.18653,false,0,0,0,NA,false,0,0,0,NA,-1,-1,-1,-1,-1,-2,-2,false,0,0,0,NA,-1,-1,-1,-1,-1,-2,-2
2,"Environment: 1, AimModifier: 2",10.18798,false,0,0,0,NA,false,0,0,0,NA,-1,-1,-1,-1,-1,-2,-2,false,0,0,0,NA,-1,-1,-1,-1,-1,-2,-2
2,"Environment: 1, AimModifier: 2",10.18992,false,0,0,0,NA,false,0,0,0,NA,-1,-1,-1,-1,-1,-2,-2,false,0,0,0,NA,-1,-1,-1,-1,-1,-2,-2
2,"Environment: 1, AimModifier: 2",10.19219,false,0,0,0,NA,false,0,0,0,NA,-1,-1,-1,-1,-1,-2,-2,false,0,0,0,NA,-1,-1,-1,-1,-1,-2,-2
2,"Environment: 1, AimModifier: 2",10.19347,false,0,0,0,NA,false,0,0,0,NA,-1,-1,-1,-1,-1,-2,-2,false,0,0,0,NA,-1,-1,-1,-1,-1,-2,-2
2,"Environment: 1, AimModifier: 2",10.19474,false,0,0,0,NA,false,0,0,0,NA,-1,-1,-1,-1,-1,-2,-2,false,0,0,0,NA,-1,-1,-1,-1,-1,-2,-2
2,"Environment: 1, AimModifier: 2",10.19612,false,0,0,0,NA,false,0,0,0,NA,-1,-1,-1,-1,-1,-2,-2,false,0,0,0,NA,-1,-1,-1,-1,-1,-2,-2
2,"Environment: 1, AimModifier: 2",10.19836,false,0,0,0,NA,false,0,0,0,NA,-1,-1,-1,-1,-1,-2,-2,false,0,0,0,NA,-1,-1,-1,-1,-1,-2,-2
2,"Environment: 1, AimModifier: 2",10.1998,false,0,0,0,NA,false,0,0,0,NA,-1,-1,-1,-1,-1,-2,-2,false,0,0,0,NA,-1,-1,-1,-1,-1,-2,-2
2,"Environment: 1, AimModifier: 2",10.20125,false,0,0,0,NA,false,0,0,0,NA,-1,-1,-1,-1,-1,-2,-2,false,0,0,0,NA,-1,-1,-1,-1,-1,-2,-2
2,"Environment: 1, AimModifier: 2",10.20278,false,0,0,0,NA,false,0,0,0,NA,-1,-1,-1,-1,-1,-2,-2,false,0,0,0,NA,-1,-1,-1,-1,-1,-2,-2
2,"Environment: 1, AimModifier: 2",10.20475,false,0,0,0,NA,false,0,0,0,NA,-1,-1,-1,-1,-1,-2,-2,false,0,0,0,NA,-1,-1,-1,-1,-1,-2,-2
2,"Environment: 1, AimModifier: 2",10.20624,false,0,0,0,NA,false,0,0,0,NA,-1,-1,-1,-1,-1,-2,-2,false,0,0,0,NA,-1,-1,-1,-1,-1,-2,-2
2,"Environment: 1, AimModifier: 2",10.20749,false,0,0,0,NA,false,0,0,0,NA,-1,-1,-1,-1,-1,-2,-2,false,0,0,0,NA,-1,-1,-1,-1,-1,-2,-2
2,"Environment: 1, AimModifier: 2",10.20918,false,0,0,0,NA,false,0,0,0,NA,-1,-1,-1,-1,-1,-2,-2,false,0,0,0,NA,-1,-1,-1,-1,-1,-2,-2
2,"Environment: 1, AimModifier: 2",10.21081,false,0,0,0,NA,false,0,0,0,NA,-1,-1,-1,-1,-1,-2,-2,false,0,0,0,NA,-1,-1,-1,-1,-1,-2,-2
2,"Environment: 1, AimModifier: 2",10.21296,false,0,0,0,NA,false,0,0,0,NA,-1,-1,-1,-1,-1,-2,-2,false,0,0,0,NA,-1,-1,-1,-1,-1,-2,-2
2,"Environment: 1, AimModifier: 2",10.21445,false,0,0,0,NA,false,0,0,0,NA,-1,-1,-1,-1,-1,-2,-2,false,0,0,0,NA,-1,-1,-1,-1,-1,-2,-2
2,"Environment: 1, AimModifier: 2",10.21596,false,0,0,0,NA,false,0,0,0,NA,-1,-1,-1,-1,-1,-2,-2,false,0,0,0,NA,-1,-1,-1,-1,-1,-2,-2
2,"Environment: 1, AimModifier: 2",10.21788,false,0,0,0,NA,false,0,0,0,NA,-1,-1,-1,-1,-1,-2,-2,false,0,0,0,NA,-1,-1,-1,-1,-1,-2,-2
2,"Environment: 1, AimModifier: 2",10.22045,false,0,0,0,NA,false,0,0,0,NA,-1,-1,-1,-1,-1,-2,-2,false,0,0,0,NA,-1,-1,-1,-1,-1,-2,-2
2,"Environment: 1, AimModifier: 2",10.22185,false,0,0,0,NA,false,0,0,0,NA,-1,-1,-1,-1,-1,-2,-2,false,0,0,0,NA,-1,-1,-1,-1,-1,-2,-2
2,"Environment: 1, AimModifier: 2",10.22424,false,0,0,0,NA,false,0,0,0,NA,-1,-1,-1,-1,-1,-2,-2,false,0,0,0,NA,-1,-1,-1,-1,-1,-2,-2
2,"Environment: 1, AimModifier: 2",10.22571,false,0,0,0,NA,false,0,0,0,NA,-1,-1,-1,-1,-1,-2,-2,false,0,0,0,NA,-1,-1,-1,-1,-1,-2,-2
2,"Environment: 1, AimModifier: 2",10.22705,false,0,0,0,NA,false,0,0,0,NA,-1,-1,-1,-1,-1,-2,-2,false,0,0,0,NA,-1,-1,-1,-1,-1,-2,-2
2,"Environment: 1, AimModifier: 2",10.22862,false,0,0,0,NA,false,0,0,0,NA,-1,-1,-1,-1,-1,-2,-2,false,0,0,0,NA,-1,-1,-1,-1,-1,-2,-2
2,"Environment: 1, AimModifier: 2",10.23007,false,0,0,0,NA,false,0,0,0,NA,-1,-1,-1,-1,-1,-2,-2,false,0,0,0,NA,-1,-1,-1,-1,-1,-2,-2
2,"Environment: 1, AimModifier: 2",10.23221,false,0,0,0,NA,false,0,0,0,NA,-1,-1,-1,-1,-1,-2,-2,false,0,0,0,NA,-1,-1,-1,-1,-1,-2,-2
2,"Environment: 1, AimModifier: 2",10.23359,false,0,0,0,NA,false,0,0,0,NA,-1,-1,-1,-1,-1,-2,-2,false,0,0,0,NA,-1,-1,-1,-1,-1,-2,-2
2,"Environment: 1, AimModifier: 2",10.23504,false,0,0,0,NA,false,0,0,0,NA,-1,-1,-1,-1,-1,-2,-2,false,0,0,0,NA,-1,-1,-1,-1,-1,-2,-2
2,"Environment: 1, AimModifier: 2",10.23698,false,0,0,0,NA,false,0,0,0,NA,-1,-1,-1,-1,-1,-2,-2,false,0,0,0,NA,-1,-1,-1,-1,-1,-2,-2
2,"Environment: 1, AimModifier: 2",10.23852,false,0,0,0,NA,false,0,0,0,NA,-1,-1,-1,-1,-1,-2,-2,false,0,0,0,NA,-1,-1,-1,-1,-1,-2,-2
2,"Environment: 1, AimModifier: 2",10.23999,false,0,0,0,NA,false,0,0,0,NA,-1,-1,-1,-1,-1,-2,-2,false,0,0,0,NA,-1,-1,-1,-1,-1,-2,-2
2,"Environment: 1, AimModifier: 2",10.24141,false,0,0,0,NA,false,0,0,0,NA,-1,-1,-1,-1,-1,-2,-2,false,0,0,0,NA,-1,-1,-1,-1,-1,-2,-2
2,"Environment: 1, AimModifier: 2",10.24299,false,0,0,0,NA,false,0,0,0,NA,-1,-1,-1,-1,-1,-2,-2,false,0,0,0,NA,-1,-1,-1,-1,-1,-2,-2
2,"Environment: 1, AimModifier: 2",10.24454,false,0,0,0,NA,false,0,0,0,NA,-1,-1,-1,-1,-1,-2,-2,false,0,0,0,NA,-1,-1,-1,-1,-1,-2,-2
2,"Environment: 1, AimModifier: 2",10.24729,false,0,0,0,NA,false,0,0,0,NA,-1,-1,-1,-1,-1,-2,-2,false,0,0,0,NA,-1,-1,-1,-1,-1,-2,-2
2,"Environment: 1, AimModifier: 2",10.24858,false,0,0,0,NA,false,0,0,0,NA,-1,-1,-1,-1,-1,-2,-2,false,0,0,0,NA,-1,-1,-1,-1,-1,-2,-2
2,"Environment: 1, AimModifier: 2",10.24997,false,0,0,0,NA,false,0,0,0,NA,-1,-1,-1,-1,-1,-2,-2,false,0,0,0,NA,-1,-1,-1,-1,-1,-2,-2
2,"Environment: 1, AimModifier: 2",10.25213,false,0,0,0,NA,false,0,0,0,NA,-1,-1,-1,-1,-1,-2,-2,false,0,0,0,NA,-1,-1,-1,-1,-1,-2,-2
2,"Environment: 1, AimModifier: 2",10.25432,false,0,0,0,NA,false,0,0,0,NA,-1,-1,-1,-1,-1,-2,-2,false,0,0,0,NA,-1,-1,-1,-1,-1,-2,-2
2,"Environment: 1, AimModifier: 2",10.25567,false,0,0,0,NA,false,0,0,0,NA,-1,-1,-1,-1,-1,-2,-2,false,0,0,0,NA,-1,-1,-1,-1,-1,-2,-2
2,"Environment: 1, AimModifier: 2",10.25706,false,0,0,0,NA,false,0,0,0,NA,-1,-1,-1,-1,-1,-2,-2,false,0,0,0,NA,-1,-1,-1,-1,-1,-2,-2
2,"Environment: 1, AimModifier: 2",10.25856,false,0,0,0,NA,false,0,0,0,NA,-1,-1,-1,-1,-1,-2,-2,false,0,0,0,NA,-1,-1,-1,-1,-1,-2,-2
2,"Environment: 1, AimModifier: 2",10.25998,false,0,0,0,NA,false,0,0,0,NA,-1,-1,-1,-1,-1,-2,-2,false,0,0,0,NA,-1,-1,-1,-1,-1,-2,-2
2,"Environment: 1, AimModifier: 2",10.26133,false,0,0,0,NA,false,0,0,0,NA,-1,-1,-1,-1,-1,-2,-2,false,0,0,0,NA,-1,-1,-1,-1,-1,-2,-2
2,"Environment: 1, AimModifier: 2",10.2627,false,0,0,0,NA,false,0,0,0,NA,-1,-1,-1,-1,-1,-2,-2,false,0,0,0,NA,-1,-1,-1,-1,-1,-2,-2
2,"Environment: 1, AimModifier: 2",10.2642,false,0,0,0,NA,false,0,0,0,NA,-1,-1,-1,-1,-1,-2,-2,false,0,0,0,NA,-1,-1,-1,-1,-1,-2,-2
2,"Environment: 1, AimModifier: 2",10.2664,false,0,0,0,NA,false,0,0,0,NA,-1,-1,-1,-1,-1,-2,-2,false,0,0,0,NA,-1,-1,-1,-1,-1,-2,-2
2,"Environment: 1, AimModifier: 2",10.26812,false,0,0,0,NA,false,0,0,0,NA,-1,-1,-1,-1,-1,-2,-2,false,0,0,0,NA,-1,-1,-1,-1,-1,-2,-2
2,"Environment: 1, AimModifier: 2",10.26945,false,0,0,0,NA,false,0,0,0,NA,-1,-1,-1,-1,-1,-2,-2,false,0,0,0,NA,-1,-1,-1,-1,-1,-2,-2
2,"Environment: 1, AimModifier: 2",10.27087,false,0,0,0,NA,false,0,0,0,NA,-1,-1,-1,-1,-1,-2,-2,false,0,0,0,NA,-1,-1,-1,-1,-1,-2,-2
2,"Environment: 1, AimModifier: 2",10.27223,false,0,0,0,NA,false,0,0,0,NA,-1,-1,-1,-1,-1,-2,-2,false,0,0,0,NA,-1,-1,-1,-1,-1,-2,-2
2,"Environment: 1, AimModifier: 2",10.27355,false,0,0,0,NA,false,0,0,0,NA,-1,-1,-1,-1,-1,-2,-2,false,0,0,0,NA,-1,-1,-1,-1,-1,-2,-2
2,"Environment: 1, AimModifier: 2",10.275,false,0,0,0,NA,false,0,0,0,NA,-1,-1,-1,-1,-1,-2,-2,false,0,0,0,NA,-1,-1,-1,-1,-1,-2,-2
2,"Environment: 1, AimModifier: 2",10.27656,false,0,0,0,NA,false,0,0,0,NA,-1,-1,-1,-1,-1,-2,-2,false,0,0,0,NA,-1,-1,-1,-1,-1,-2,-2
2,"Environment: 1, AimModifier: 2",10.278,false,0,0,0,NA,false,0,0,0,NA,-1,-1,-1,-1,-1,-2,-2,false,0,0,0,NA,-1,-1,-1,-1,-1,-2,-2
2,"Environment: 1, AimModifier: 2",10.27939,false,0,0,0,NA,false,0,0,0,NA,-1,-1,-1,-1,-1,-2,-2,false,0,0,0,NA,-1,-1,-1,-1,-1,-2,-2
2,"Environment: 1, AimModifier: 2",10.28148,false,0,0,0,NA,false,0,0,0,NA,-1,-1,-1,-1,-1,-2,-2,false,0,0,0,NA,-1,-1,-1,-1,-1,-2,-2
2,"Environment: 1, AimModifier: 2",10.28294,false,0,0,0,NA,false,0,0,0,NA,-1,-1,-1,-1,-1,-2,-2,false,0,0,0,NA,-1,-1,-1,-1,-1,-2,-2
2,"Environment: 1, AimModifier: 2",10.28424,false,0,0,0,NA,false,0,0,0,NA,-1,-1,-1,-1,-1,-2,-2,false,0,0,0,NA,-1,-1,-1,-1,-1,-2,-2
2,"Environment: 1, AimModifier: 2",10.28574,false,0,0,0,NA,false,0,0,0,NA,-1,-1,-1,-1,-1,-2,-2,false,0,0,0,NA,-1,-1,-1,-1,-1,-2,-2
2,"Environment: 1, AimModifier: 2",10.28746,false,0,0,0,NA,false,0,0,0,NA,-1,-1,-1,-1,-1,-2,-2,false,0,0,0,NA,-1,-1,-1,-1,-1,-2,-2
2,"Environment: 1, AimModifier: 2",10.28917,false,0,0,0,NA,false,0,0,0,NA,-1,-1,-1,-1,-1,-2,-2,false,0,0,0,NA,-1,-1,-1,-1,-1,-2,-2
2,"Environment: 1, AimModifier: 2",10.29063,false,0,0,0,NA,false,0,0,0,NA,-1,-1,-1,-1,-1,-2,-2,false,0,0,0,NA,-1,-1,-1,-1,-1,-2,-2
2,"Environment: 1, AimModifier: 2",10.29202,false,0,0,0,NA,false,0,0,0,NA,-1,-1,-1,-1,-1,-2,-2,false,0,0,0,NA,-1,-1,-1,-1,-1,-2,-2
2,"Environment: 1, AimModifier: 2",10.29333,false,0,0,0,NA,false,0,0,0,NA,-1,-1,-1,-1,-1,-2,-2,false,0,0,0,NA,-1,-1,-1,-1,-1,-2,-2
2,"Environment: 1, AimModifier: 2",10.29592,false,0,0,0,NA,false,0,0,0,NA,-1,-1,-1,-1,-1,-2,-2,false,0,0,0,NA,-1,-1,-1,-1,-1,-2,-2
2,"Environment: 1, AimModifier: 2",10.2972,false,0,0,0,NA,false,0,0,0,NA,-1,-1,-1,-1,-1,-2,-2,false,0,0,0,NA,-1,-1,-1,-1,-1,-2,-2
2,"Environment: 1, AimModifier: 2",10.29846,false,0,0,0,NA,false,0,0,0,NA,-1,-1,-1,-1,-1,-2,-2,false,0,0,0,NA,-1,-1,-1,-1,-1,-2,-2
2,"Environment: 1, AimModifier: 2",10.30055,false,0,0,0,NA,false,0,0,0,NA,-1,-1,-1,-1,-1,-2,-2,false,0,0,0,NA,-1,-1,-1,-1,-1,-2,-2
2,"Environment: 1, AimModifier: 2",10.30337,false,0,0,0,NA,false,0,0,0,NA,-1,-1,-1,-1,-1,-2,-2,false,0,0,0,NA,-1,-1,-1,-1,-1,-2,-2
2,"Environment: 1, AimModifier: 2",10.30476,false,0,0,0,NA,false,0,0,0,NA,-1,-1,-1,-1,-1,-2,-2,false,0,0,0,NA,-1,-1,-1,-1,-1,-2,-2
2,"Environment: 1, AimModifier: 2",10.30626,false,0,0,0,NA,false,0,0,0,NA,-1,-1,-1,-1,-1,-2,-2,false,0,0,0,NA,-1,-1,-1,-1,-1,-2,-2
2,"Environment: 1, AimModifier: 2",10.3084,false,0,0,0,NA,false,0,0,0,NA,-1,-1,-1,-1,-1,-2,-2,false,0,0,0,NA,-1,-1,-1,-1,-1,-2,-2
2,"Environment: 1, AimModifier: 2",10.3103,false,0,0,0,NA,false,0,0,0,NA,-1,-1,-1,-1,-1,-2,-2,false,0,0,0,NA,-1,-1,-1,-1,-1,-2,-2
2,"Environment: 1, AimModifier: 2",10.31157,false,0,0,0,NA,false,0,0,0,NA,-1,-1,-1,-1,-1,-2,-2,false,0,0,0,NA,-1,-1,-1,-1,-1,-2,-2
2,"Environment: 1, AimModifier: 2",10.31305,false,0,0,0,NA,false,0,0,0,NA,-1,-1,-1,-1,-1,-2,-2,false,0,0,0,NA,-1,-1,-1,-1,-1,-2,-2
2,"Environment: 1, AimModifier: 2",10.31441,false,0,0,0,NA,false,0,0,0,NA,-1,-1,-1,-1,-1,-2,-2,false,0,0,0,NA,-1,-1,-1,-1,-1,-2,-2
2,"Environment: 1, AimModifier: 2",10.31572,false,0,0,0,NA,false,0,0,0,NA,-1,-1,-1,-1,-1,-2,-2,false,0,0,0,NA,-1,-1,-1,-1,-1,-2,-2
2,"Environment: 1, AimModifier: 2",10.31805,false,0,0,0,NA,false,0,0,0,NA,-1,-1,-1,-1,-1,-2,-2,false,0,0,0,NA,-1,-1,-1,-1,-1,-2,-2
2,"Environment: 1, AimModifier: 2",10.31944,false,0,0,0,NA,false,0,0,0,NA,-1,-1,-1,-1,-1,-2,-2,false,0,0,0,NA,-1,-1,-1,-1,-1,-2,-2
2,"Environment: 1, AimModifier: 2",10.32076,false,0,0,0,NA,false,0,0,0,NA,-1,-1,-1,-1,-1,-2,-2,false,0,0,0,NA,-1,-1,-1,-1,-1,-2,-2
2,"Environment: 1, AimModifier: 2",10.32206,false,0,0,0,NA,false,0,0,0,NA,-1,-1,-1,-1,-1,-2,-2,false,0,0,0,NA,-1,-1,-1,-1,-1,-2,-2
2,"Environment: 1, AimModifier: 2",10.324,false,0,0,0,NA,false,0,0,0,NA,-1,-1,-1,-1,-1,-2,-2,false,0,0,0,NA,-1,-1,-1,-1,-1,-2,-2
2,"Environment: 1, AimModifier: 2",10.32554,false,0,0,0,NA,false,0,0,0,NA,-1,-1,-1,-1,-1,-2,-2,false,0,0,0,NA,-1,-1,-1,-1,-1,-2,-2
2,"Environment: 1, AimModifier: 2",10.32692,false,0,0,0,NA,false,0,0,0,NA,-1,-1,-1,-1,-1,-2,-2,false,0,0,0,NA,-1,-1,-1,-1,-1,-2,-2
2,"Environment: 1, AimModifier: 2",10.32932,false,0,0,0,NA,false,0,0,0,NA,-1,-1,-1,-1,-1,-2,-2,false,0,0,0,NA,-1,-1,-1,-1,-1,-2,-2
2,"Environment: 1, AimModifier: 2",10.33156,false,0,0,0,NA,false,0,0,0,NA,-1,-1,-1,-1,-1,-2,-2,false,0,0,0,NA,-1,-1,-1,-1,-1,-2,-2
2,"Environment: 1, AimModifier: 2",10.33294,false,0,0,0,NA,false,0,0,0,NA,-1,-1,-1,-1,-1,-2,-2,false,0,0,0,NA,-1,-1,-1,-1,-1,-2,-2
2,"Environment: 1, AimModifier: 2",10.33427,false,0,0,0,NA,false,0,0,0,NA,-1,-1,-1,-1,-1,-2,-2,false,0,0,0,NA,-1,-1,-1,-1,-1,-2,-2
2,"Environment: 1, AimModifier: 2",10.33645,false,0,0,0,NA,false,0,0,0,NA,-1,-1,-1,-1,-1,-2,-2,false,0,0,0,NA,-1,-1,-1,-1,-1,-2,-2
2,"Environment: 1, AimModifier: 2",10.33833,false,0,0,0,NA,false,0,0,0,NA,-1,-1,-1,-1,-1,-2,-2,false,0,0,0,NA,-1,-1,-1,-1,-1,-2,-2
2,"Environment: 1, AimModifier: 2",10.33956,false,0,0,0,NA,false,0,0,0,NA,-1,-1,-1,-1,-1,-2,-2,false,0,0,0,NA,-1,-1,-1,-1,-1,-2,-2
2,"Environment: 1, AimModifier: 2",10.34091,false,0,0,0,NA,false,0,0,0,NA,-1,-1,-1,-1,-1,-2,-2,false,0,0,0,NA,-1,-1,-1,-1,-1,-2,-2
2,"Environment: 1, AimModifier: 2",10.343,false,0,0,0,NA,false,0,0,0,NA,-1,-1,-1,-1,-1,-2,-2,false,0,0,0,NA,-1,-1,-1,-1,-1,-2,-2
2,"Environment: 1, AimModifier: 2",10.34512,false,0,0,0,NA,false,0,0,0,NA,-1,-1,-1,-1,-1,-2,-2,false,0,0,0,NA,-1,-1,-1,-1,-1,-2,-2
2,"Environment: 1, AimModifier: 2",10.34653,false,0,0,0,NA,false,0,0,0,NA,-1,-1,-1,-1,-1,-2,-2,false,0,0,0,NA,-1,-1,-1,-1,-1,-2,-2
2,"Environment: 1, AimModifier: 2",10.3479,false,0,0,0,NA,false,0,0,0,NA,-1,-1,-1,-1,-1,-2,-2,false,0,0,0,NA,-1,-1,-1,-1,-1,-2,-2
2,"Environment: 1, AimModifier: 2",10.34923,false,0,0,0,NA,false,0,0,0,NA,-1,-1,-1,-1,-1,-2,-2,false,0,0,0,NA,-1,-1,-1,-1,-1,-2,-2
2,"Environment: 1, AimModifier: 2",10.35055,false,0,0,0,NA,false,0,0,0,NA,-1,-1,-1,-1,-1,-2,-2,false,0,0,0,NA,-1,-1,-1,-1,-1,-2,-2
2,"Environment: 1, AimModifier: 2",10.35246,false,0,0,0,NA,false,0,0,0,NA,-1,-1,-1,-1,-1,-2,-2,false,0,0,0,NA,-1,-1,-1,-1,-1,-2,-2
2,"Environment: 1, AimModifier: 2",10.35378,false,0,0,0,NA,false,0,0,0,NA,-1,-1,-1,-1,-1,-2,-2,false,0,0,0,NA,-1,-1,-1,-1,-1,-2,-2
2,"Environment: 1, AimModifier: 2",10.35532,false,0,0,0,NA,false,0,0,0,NA,-1,-1,-1,-1,-1,-2,-2,false,0,0,0,NA,-1,-1,-1,-1,-1,-2,-2
2,"Environment: 1, AimModifier: 2",10.35755,false,0,0,0,NA,false,0,0,0,NA,-1,-1,-1,-1,-1,-2,-2,false,0,0,0,NA,-1,-1,-1,-1,-1,-2,-2
2,"Environment: 1, AimModifier: 2",10.35999,false,0,0,0,NA,false,0,0,0,NA,-1,-1,-1,-1,-1,-2,-2,false,0,0,0,NA,-1,-1,-1,-1,-1,-2,-2
2,"Environment: 1, AimModifier: 2",10.36137,false,0,0,0,NA,false,0,0,0,NA,-1,-1,-1,-1,-1,-2,-2,false,0,0,0,NA,-1,-1,-1,-1,-1,-2,-2
2,"Environment: 1, AimModifier: 2",10.36266,false,0,0,0,NA,false,0,0,0,NA,-1,-1,-1,-1,-1,-2,-2,false,0,0,0,NA,-1,-1,-1,-1,-1,-2,-2
2,"Environment: 1, AimModifier: 2",10.36392,false,0,0,0,NA,false,0,0,0,NA,-1,-1,-1,-1,-1,-2,-2,false,0,0,0,NA,-1,-1,-1,-1,-1,-2,-2
2,"Environment: 1, AimModifier: 2",10.36586,false,0,0,0,NA,false,0,0,0,NA,-1,-1,-1,-1,-1,-2,-2,false,0,0,0,NA,-1,-1,-1,-1,-1,-2,-2
2,"Environment: 1, AimModifier: 2",10.36724,false,0,0,0,NA,false,0,0,0,NA,-1,-1,-1,-1,-1,-2,-2,false,0,0,0,NA,-1,-1,-1,-1,-1,-2,-2
2,"Environment: 1, AimModifier: 2",10.36929,false,0,0,0,NA,false,0,0,0,NA,-1,-1,-1,-1,-1,-2,-2,false,0,0,0,NA,-1,-1,-1,-1,-1,-2,-2
2,"Environment: 1, AimModifier: 2",10.37124,false,0,0,0,NA,false,0,0,0,NA,-1,-1,-1,-1,-1,-2,-2,false,0,0,0,NA,-1,-1,-1,-1,-1,-2,-2
2,"Environment: 1, AimModifier: 2",10.37369,false,0,0,0,NA,false,0,0,0,NA,-1,-1,-1,-1,-1,-2,-2,false,0,0,0,NA,-1,-1,-1,-1,-1,-2,-2
2,"Environment: 1, AimModifier: 2",10.37508,false,0,0,0,NA,false,0,0,0,NA,-1,-1,-1,-1,-1,-2,-2,false,0,0,0,NA,-1,-1,-1,-1,-1,-2,-2
2,"Environment: 1, AimModifier: 2",10.3764,false,0,0,0,NA,false,0,0,0,NA,-1,-1,-1,-1,-1,-2,-2,false,0,0,0,NA,-1,-1,-1,-1,-1,-2,-2
2,"Environment: 1, AimModifier: 2",10.37848,false,0,0,0,NA,false,0,0,0,NA,-1,-1,-1,-1,-1,-2,-2,false,0,0,0,NA,-1,-1,-1,-1,-1,-2,-2
2,"Environment: 1, AimModifier: 2",10.38044,false,0,0,0,NA,false,0,0,0,NA,-1,-1,-1,-1,-1,-2,-2,false,0,0,0,NA,-1,-1,-1,-1,-1,-2,-2
2,"Environment: 1, AimModifier: 2",10.38176,false,0,0,0,NA,false,0,0,0,NA,-1,-1,-1,-1,-1,-2,-2,false,0,0,0,NA,-1,-1,-1,-1,-1,-2,-2
2,"Environment: 1, AimModifier: 2",10.38314,false,0,0,0,NA,false,0,0,0,NA,-1,-1,-1,-1,-1,-2,-2,false,0,0,0,NA,-1,-1,-1,-1,-1,-2,-2
2,"Environment: 1, AimModifier: 2",10.38465,false,0,0,0,NA,false,0,0,0,NA,-1,-1,-1,-1,-1,-2,-2,false,0,0,0,NA,-1,-1,-1,-1,-1,-2,-2
2,"Environment: 1, AimModifier: 2",10.38639,false,0,0,0,NA,false,0,0,0,NA,-1,-1,-1,-1,-1,-2,-2,false,0,0,0,NA,-1,-1,-1,-1,-1,-2,-2
2,"Environment: 1, AimModifier: 2",10.38822,false,0,0,0,NA,false,0,0,0,NA,-1,-1,-1,-1,-1,-2,-2,false,0,0,0,NA,-1,-1,-1,-1,-1,-2,-2
2,"Environment: 1, AimModifier: 2",10.38945,false,0,0,0,NA,false,0,0,0,NA,-1,-1,-1,-1,-1,-2,-2,false,0,0,0,NA,-1,-1,-1,-1,-1,-2,-2
2,"Environment: 1, AimModifier: 2",10.39078,false,0,0,0,NA,false,0,0,0,NA,-1,-1,-1,-1,-1,-2,-2,false,0,0,0,NA,-1,-1,-1,-1,-1,-2,-2
2,"Environment: 1, AimModifier: 2",10.39206,false,0,0,0,NA,false,0,0,0,NA,-1,-1,-1,-1,-1,-2,-2,false,0,0,0,NA,-1,-1,-1,-1,-1,-2,-2
2,"Environment: 1, AimModifier: 2",10.39388,false,0,0,0,NA,false,0,0,0,NA,-1,-1,-1,-1,-1,-2,-2,false,0,0,0,NA,-1,-1,-1,-1,-1,-2,-2
2,"Environment: 1, AimModifier: 2",10.39527,false,0,0,0,NA,false,0,0,0,NA,-1,-1,-1,-1,-1,-2,-2,false,0,0,0,NA,-1,-1,-1,-1,-1,-2,-2
2,"Environment: 1, AimModifier: 2",10.39676,false,0,0,0,NA,false,0,0,0,NA,-1,-1,-1,-1,-1,-2,-2,false,0,0,0,NA,-1,-1,-1,-1,-1,-2,-2
2,"Environment: 1, AimModifier: 2",10.39825,false,0,0,0,NA,false,0,0,0,NA,-1,-1,-1,-1,-1,-2,-2,false,0,0,0,NA,-1,-1,-1,-1,-1,-2,-2
2,"Environment: 1, AimModifier: 2",10.40643,false,0,0,0,NA,false,0,0,0,NA,-1,-1,-1,-1,-1,-2,-2,false,0,0,0,NA,-1,-1,-1,-1,-1,-2,-2
2,"Environment: 1, AimModifier: 2",10.40982,false,0,0,0,NA,false,0,0,0,NA,-1,-1,-1,-1,-1,-2,-2,false,0,0,0,NA,-1,-1,-1,-1,-1,-2,-2
2,"Environment: 1, AimModifier: 2",10.41156,false,0,0,0,NA,false,0,0,0,NA,-1,-1,-1,-1,-1,-2,-2,false,0,0,0,NA,-1,-1,-1,-1,-1,-2,-2
2,"Environment: 1, AimModifier: 2",10.41306,false,0,0,0,NA,false,0,0,0,NA,-1,-1,-1,-1,-1,-2,-2,false,0,0,0,NA,-1,-1,-1,-1,-1,-2,-2
2,"Environment: 1, AimModifier: 2",10.41497,false,0,0,0,NA,false,0,0,0,NA,-1,-1,-1,-1,-1,-2,-2,false,0,0,0,NA,-1,-1,-1,-1,-1,-2,-2
2,"Environment: 1, AimModifier: 2",10.41645,false,0,0,0,NA,false,0,0,0,NA,-1,-1,-1,-1,-1,-2,-2,false,0,0,0,NA,-1,-1,-1,-1,-1,-2,-2
2,"Environment: 1, AimModifier: 2",10.41785,false,0,0,0,NA,false,0,0,0,NA,-1,-1,-1,-1,-1,-2,-2,false,0,0,0,NA,-1,-1,-1,-1,-1,-2,-2
2,"Environment: 1, AimModifier: 2",10.42014,false,0,0,0,NA,false,0,0,0,NA,-1,-1,-1,-1,-1,-2,-2,false,0,0,0,NA,-1,-1,-1,-1,-1,-2,-2
2,"Environment: 1, AimModifier: 2",10.42161,false,0,0,0,NA,false,0,0,0,NA,-1,-1,-1,-1,-1,-2,-2,false,0,0,0,NA,-1,-1,-1,-1,-1,-2,-2
2,"Environment: 1, AimModifier: 2",10.42305,false,0,0,0,NA,false,0,0,0,NA,-1,-1,-1,-1,-1,-2,-2,false,0,0,0,NA,-1,-1,-1,-1,-1,-2,-2
2,"Environment: 1, AimModifier: 2",10.42455,false,0,0,0,NA,false,0,0,0,NA,-1,-1,-1,-1,-1,-2,-2,false,0,0,0,NA,-1,-1,-1,-1,-1,-2,-2
2,"Environment: 1, AimModifier: 2",10.42608,false,0,0,0,NA,false,0,0,0,NA,-1,-1,-1,-1,-1,-2,-2,false,0,0,0,NA,-1,-1,-1,-1,-1,-2,-2
2,"Environment: 1, AimModifier: 2",10.42774,false,0,0,0,NA,false,0,0,0,NA,-1,-1,-1,-1,-1,-2,-2,false,0,0,0,NA,-1,-1,-1,-1,-1,-2,-2
2,"Environment: 1, AimModifier: 2",10.4293,false,0,0,0,NA,false,0,0,0,NA,-1,-1,-1,-1,-1,-2,-2,false,0,0,0,NA,-1,-1,-1,-1,-1,-2,-2
2,"Environment: 1, AimModifier: 2",10.43095,false,0,0,0,NA,false,0,0,0,NA,-1,-1,-1,-1,-1,-2,-2,false,0,0,0,NA,-1,-1,-1,-1,-1,-2,-2
2,"Environment: 1, AimModifier: 2",10.43243,false,0,0,0,NA,false,0,0,0,NA,-1,-1,-1,-1,-1,-2,-2,false,0,0,0,NA,-1,-1,-1,-1,-1,-2,-2
2,"Environment: 1, AimModifier: 2",10.43472,false,0,0,0,NA,false,0,0,0,NA,-1,-1,-1,-1,-1,-2,-2,false,0,0,0,NA,-1,-1,-1,-1,-1,-2,-2
2,"Environment: 1, AimModifier: 2",10.43633,false,0,0,0,NA,false,0,0,0,NA,-1,-1,-1,-1,-1,-2,-2,false,0,0,0,NA,-1,-1,-1,-1,-1,-2,-2
2,"Environment: 1, AimModifier: 2",10.43847,false,0,0,0,NA,false,0,0,0,NA,-1,-1,-1,-1,-1,-2,-2,false,0,0,0,NA,-1,-1,-1,-1,-1,-2,-2
2,"Environment: 1, AimModifier: 2",10.44003,false,0,0,0,NA,false,0,0,0,NA,-1,-1,-1,-1,-1,-2,-2,false,0,0,0,NA,-1,-1,-1,-1,-1,-2,-2
2,"Environment: 1, AimModifier: 2",10.44155,false,0,0,0,NA,false,0,0,0,NA,-1,-1,-1,-1,-1,-2,-2,false,0,0,0,NA,-1,-1,-1,-1,-1,-2,-2
2,"Environment: 1, AimModifier: 2",10.44303,false,0,0,0,NA,false,0,0,0,NA,-1,-1,-1,-1,-1,-2,-2,false,0,0,0,NA,-1,-1,-1,-1,-1,-2,-2
2,"Environment: 1, AimModifier: 2",10.44435,false,0,0,0,NA,false,0,0,0,NA,-1,-1,-1,-1,-1,-2,-2,false,0,0,0,NA,-1,-1,-1,-1,-1,-2,-2
2,"Environment: 1, AimModifier: 2",10.44594,false,0,0,0,NA,false,0,0,0,NA,-1,-1,-1,-1,-1,-2,-2,false,0,0,0,NA,-1,-1,-1,-1,-1,-2,-2
2,"Environment: 1, AimModifier: 2",10.44734,false,0,0,0,NA,false,0,0,0,NA,-1,-1,-1,-1,-1,-2,-2,false,0,0,0,NA,-1,-1,-1,-1,-1,-2,-2
2,"Environment: 1, AimModifier: 2",10.44882,false,0,0,0,NA,false,0,0,0,NA,-1,-1,-1,-1,-1,-2,-2,false,0,0,0,NA,-1,-1,-1,-1,-1,-2,-2
2,"Environment: 1, AimModifier: 2",10.45041,false,0,0,0,NA,false,0,0,0,NA,-1,-1,-1,-1,-1,-2,-2,false,0,0,0,NA,-1,-1,-1,-1,-1,-2,-2
2,"Environment: 1, AimModifier: 2",10.4521,false,0,0,0,NA,false,0,0,0,NA,-1,-1,-1,-1,-1,-2,-2,false,0,0,0,NA,-1,-1,-1,-1,-1,-2,-2
2,"Environment: 1, AimModifier: 2",10.45361,false,0,0,0,NA,false,0,0,0,NA,-1,-1,-1,-1,-1,-2,-2,false,0,0,0,NA,-1,-1,-1,-1,-1,-2,-2
2,"Environment: 1, AimModifier: 2",10.45504,false,0,0,0,NA,false,0,0,0,NA,-1,-1,-1,-1,-1,-2,-2,false,0,0,0,NA,-1,-1,-1,-1,-1,-2,-2
2,"Environment: 1, AimModifier: 2",10.45651,false,0,0,0,NA,false,0,0,0,NA,-1,-1,-1,-1,-1,-2,-2,false,0,0,0,NA,-1,-1,-1,-1,-1,-2,-2
2,"Environment: 1, AimModifier: 2",10.458,false,0,0,0,NA,false,0,0,0,NA,-1,-1,-1,-1,-1,-2,-2,false,0,0,0,NA,-1,-1,-1,-1,-1,-2,-2
2,"Environment: 1, AimModifier: 2",10.45939,false,0,0,0,NA,false,0,0,0,NA,-1,-1,-1,-1,-1,-2,-2,false,0,0,0,NA,-1,-1,-1,-1,-1,-2,-2
2,"Environment: 1, AimModifier: 2",10.46075,false,0,0,0,NA,false,0,0,0,NA,-1,-1,-1,-1,-1,-2,-2,false,0,0,0,NA,-1,-1,-1,-1,-1,-2,-2
2,"Environment: 1, AimModifier: 2",10.46217,false,0,0,0,NA,false,0,0,0,NA,-1,-1,-1,-1,-1,-2,-2,false,0,0,0,NA,-1,-1,-1,-1,-1,-2,-2
2,"Environment: 1, AimModifier: 2",10.46361,false,0,0,0,NA,false,0,0,0,NA,-1,-1,-1,-1,-1,-2,-2,false,0,0,0,NA,-1,-1,-1,-1,-1,-2,-2
2,"Environment: 1, AimModifier: 2",10.46537,false,0,0,0,NA,false,0,0,0,NA,-1,-1,-1,-1,-1,-2,-2,false,0,0,0,NA,-1,-1,-1,-1,-1,-2,-2
2,"Environment: 1, AimModifier: 2",10.46704,false,0,0,0,NA,false,0,0,0,NA,-1,-1,-1,-1,-1,-2,-2,false,0,0,0,NA,-1,-1,-1,-1,-1,-2,-2
2,"Environment: 1, AimModifier: 2",10.46937,false,0,0,0,NA,false,0,0,0,NA,-1,-1,-1,-1,-1,-2,-2,false,0,0,0,NA,-1,-1,-1,-1,-1,-2,-2
2,"Environment: 1, AimModifier: 2",10.47077,false,0,0,0,NA,false,0,0,0,NA,-1,-1,-1,-1,-1,-2,-2,false,0,0,0,NA,-1,-1,-1,-1,-1,-2,-2
2,"Environment: 1, AimModifier: 2",10.47211,false,0,0,0,NA,false,0,0,0,NA,-1,-1,-1,-1,-1,-2,-2,false,0,0,0,NA,-1,-1,-1,-1,-1,-2,-2
2,"Environment: 1, AimModifier: 2",10.47343,false,0,0,0,NA,false,0,0,0,NA,-1,-1,-1,-1,-1,-2,-2,false,0,0,0,NA,-1,-1,-1,-1,-1,-2,-2
2,"Environment: 1, AimModifier: 2",10.47481,false,0,0,0,NA,false,0,0,0,NA,-1,-1,-1,-1,-1,-2,-2,false,0,0,0,NA,-1,-1,-1,-1,-1,-2,-2
2,"Environment: 1, AimModifier: 2",10.47624,false,0,0,0,NA,false,0,0,0,NA,-1,-1,-1,-1,-1,-2,-2,false,0,0,0,NA,-1,-1,-1,-1,-1,-2,-2
2,"Environment: 1, AimModifier: 2",10.47779,false,0,0,0,NA,false,0,0,0,NA,-1,-1,-1,-1,-1,-2,-2,false,0,0,0,NA,-1,-1,-1,-1,-1,-2,-2
2,"Environment: 1, AimModifier: 2",10.4792,false,0,0,0,NA,false,0,0,0,NA,-1,-1,-1,-1,-1,-2,-2,false,0,0,0,NA,-1,-1,-1,-1,-1,-2,-2
2,"Environment: 1, AimModifier: 2",10.48058,false,0,0,0,NA,false,0,0,0,NA,-1,-1,-1,-1,-1,-2,-2,false,0,0,0,NA,-1,-1,-1,-1,-1,-2,-2
2,"Environment: 1, AimModifier: 2",10.48199,false,0,0,0,NA,false,0,0,0,NA,-1,-1,-1,-1,-1,-2,-2,false,0,0,0,NA,-1,-1,-1,-1,-1,-2,-2
2,"Environment: 1, AimModifier: 2",10.48414,false,0,0,0,NA,false,0,0,0,NA,-1,-1,-1,-1,-1,-2,-2,false,0,0,0,NA,-1,-1,-1,-1,-1,-2,-2
2,"Environment: 1, AimModifier: 2",10.48563,false,0,0,0,NA,false,0,0,0,NA,-1,-1,-1,-1,-1,-2,-2,false,0,0,0,NA,-1,-1,-1,-1,-1,-2,-2
2,"Environment: 1, AimModifier: 2",10.48701,false,0,0,0,NA,false,0,0,0,NA,-1,-1,-1,-1,-1,-2,-2,false,0,0,0,NA,-1,-1,-1,-1,-1,-2,-2
2,"Environment: 1, AimModifier: 2",10.48841,false,0,0,0,NA,false,0,0,0,NA,-1,-1,-1,-1,-1,-2,-2,false,0,0,0,NA,-1,-1,-1,-1,-1,-2,-2
2,"Environment: 1, AimModifier: 2",10.48979,false,0,0,0,NA,false,0,0,0,NA,-1,-1,-1,-1,-1,-2,-2,false,0,0,0,NA,-1,-1,-1,-1,-1,-2,-2
2,"Environment: 1, AimModifier: 2",10.49109,false,0,0,0,NA,false,0,0,0,NA,-1,-1,-1,-1,-1,-2,-2,false,0,0,0,NA,-1,-1,-1,-1,-1,-2,-2
2,"Environment: 1, AimModifier: 2",10.49248,false,0,0,0,NA,false,0,0,0,NA,-1,-1,-1,-1,-1,-2,-2,false,0,0,0,NA,-1,-1,-1,-1,-1,-2,-2
2,"Environment: 1, AimModifier: 2",10.49395,false,0,0,0,NA,false,0,0,0,NA,-1,-1,-1,-1,-1,-2,-2,false,0,0,0,NA,-1,-1,-1,-1,-1,-2,-2
2,"Environment: 1, AimModifier: 2",10.49533,false,0,0,0,NA,false,0,0,0,NA,-1,-1,-1,-1,-1,-2,-2,false,0,0,0,NA,-1,-1,-1,-1,-1,-2,-2
2,"Environment: 1, AimModifier: 2",10.49657,false,0,0,0,NA,false,0,0,0,NA,-1,-1,-1,-1,-1,-2,-2,false,0,0,0,NA,-1,-1,-1,-1,-1,-2,-2
2,"Environment: 1, AimModifier: 2",10.49971,false,0,0,0,NA,false,0,0,0,NA,-1,-1,-1,-1,-1,-2,-2,false,0,0,0,NA,-1,-1,-1,-1,-1,-2,-2
2,"Environment: 1, AimModifier: 2",10.50145,false,0,0,0,NA,false,0,0,0,NA,-1,-1,-1,-1,-1,-2,-2,false,0,0,0,NA,-1,-1,-1,-1,-1,-2,-2
2,"Environment: 1, AimModifier: 2",10.50291,false,0,0,0,NA,false,0,0,0,NA,-1,-1,-1,-1,-1,-2,-2,false,0,0,0,NA,-1,-1,-1,-1,-1,-2,-2
2,"Environment: 1, AimModifier: 2",10.50524,false,0,0,0,NA,false,0,0,0,NA,-1,-1,-1,-1,-1,-2,-2,false,0,0,0,NA,-1,-1,-1,-1,-1,-2,-2
2,"Environment: 1, AimModifier: 2",10.50678,false,0,0,0,NA,false,0,0,0,NA,-1,-1,-1,-1,-1,-2,-2,false,0,0,0,NA,-1,-1,-1,-1,-1,-2,-2
2,"Environment: 1, AimModifier: 2",10.50848,false,0,0,0,NA,false,0,0,0,NA,-1,-1,-1,-1,-1,-2,-2,false,0,0,0,NA,-1,-1,-1,-1,-1,-2,-2
2,"Environment: 1, AimModifier: 2",10.5102,false,0,0,0,NA,false,0,0,0,NA,-1,-1,-1,-1,-1,-2,-2,false,0,0,0,NA,-1,-1,-1,-1,-1,-2,-2
2,"Environment: 1, AimModifier: 2",10.51232,false,0,0,0,NA,false,0,0,0,NA,-1,-1,-1,-1,-1,-2,-2,false,0,0,0,NA,-1,-1,-1,-1,-1,-2,-2
2,"Environment: 1, AimModifier: 2",10.51371,false,0,0,0,NA,false,0,0,0,NA,-1,-1,-1,-1,-1,-2,-2,false,0,0,0,NA,-1,-1,-1,-1,-1,-2,-2
2,"Environment: 1, AimModifier: 2",10.51505,false,0,0,0,NA,false,0,0,0,NA,-1,-1,-1,-1,-1,-2,-2,false,0,0,0,NA,-1,-1,-1,-1,-1,-2,-2
2,"Environment: 1, AimModifier: 2",10.51633,false,0,0,0,NA,false,0,0,0,NA,-1,-1,-1,-1,-1,-2,-2,false,0,0,0,NA,-1,-1,-1,-1,-1,-2,-2
2,"Environment: 1, AimModifier: 2",10.51799,false,0,0,0,NA,false,0,0,0,NA,-1,-1,-1,-1,-1,-2,-2,false,0,0,0,NA,-1,-1,-1,-1,-1,-2,-2
2,"Environment: 1, AimModifier: 2",10.51946,false,0,0,0,NA,false,0,0,0,NA,-1,-1,-1,-1,-1,-2,-2,false,0,0,0,NA,-1,-1,-1,-1,-1,-2,-2
2,"Environment: 1, AimModifier: 2",10.52109,false,0,0,0,NA,false,0,0,0,NA,-1,-1,-1,-1,-1,-2,-2,false,0,0,0,NA,-1,-1,-1,-1,-1,-2,-2
2,"Environment: 1, AimModifier: 2",10.52308,false,0,0,0,NA,false,0,0,0,NA,-1,-1,-1,-1,-1,-2,-2,false,0,0,0,NA,-1,-1,-1,-1,-1,-2,-2
2,"Environment: 1, AimModifier: 2",10.5252,false,0,0,0,NA,false,0,0,0,NA,-1,-1,-1,-1,-1,-2,-2,false,0,0,0,NA,-1,-1,-1,-1,-1,-2,-2
2,"Environment: 1, AimModifier: 2",10.52655,false,0,0,0,NA,false,0,0,0,NA,-1,-1,-1,-1,-1,-2,-2,false,0,0,0,NA,-1,-1,-1,-1,-1,-2,-2
2,"Environment: 1, AimModifier: 2",10.52809,false,0,0,0,NA,false,0,0,0,NA,-1,-1,-1,-1,-1,-2,-2,false,0,0,0,NA,-1,-1,-1,-1,-1,-2,-2
2,"Environment: 1, AimModifier: 2",10.52963,false,0,0,0,NA,false,0,0,0,NA,-1,-1,-1,-1,-1,-2,-2,false,0,0,0,NA,-1,-1,-1,-1,-1,-2,-2
2,"Environment: 1, AimModifier: 2",10.53134,false,0,0,0,NA,false,0,0,0,NA,-1,-1,-1,-1,-1,-2,-2,false,0,0,0,NA,-1,-1,-1,-1,-1,-2,-2
2,"Environment: 1, AimModifier: 2",10.53293,false,0,0,0,NA,false,0,0,0,NA,-1,-1,-1,-1,-1,-2,-2,false,0,0,0,NA,-1,-1,-1,-1,-1,-2,-2
2,"Environment: 1, AimModifier: 2",10.53462,false,0,0,0,NA,false,0,0,0,NA,-1,-1,-1,-1,-1,-2,-2,false,0,0,0,NA,-1,-1,-1,-1,-1,-2,-2
2,"Environment: 1, AimModifier: 2",10.53642,false,0,0,0,NA,false,0,0,0,NA,-1,-1,-1,-1,-1,-2,-2,false,0,0,0,NA,-1,-1,-1,-1,-1,-2,-2
2,"Environment: 1, AimModifier: 2",10.53804,false,0,0,0,NA,false,0,0,0,NA,-1,-1,-1,-1,-1,-2,-2,false,0,0,0,NA,-1,-1,-1,-1,-1,-2,-2
2,"Environment: 1, AimModifier: 2",10.53957,false,0,0,0,NA,false,0,0,0,NA,-1,-1,-1,-1,-1,-2,-2,false,0,0,0,NA,-1,-1,-1,-1,-1,-2,-2
2,"Environment: 1, AimModifier: 2",10.54098,false,0,0,0,NA,false,0,0,0,NA,-1,-1,-1,-1,-1,-2,-2,false,0,0,0,NA,-1,-1,-1,-1,-1,-2,-2
2,"Environment: 1, AimModifier: 2",10.54237,false,0,0,0,NA,false,0,0,0,NA,-1,-1,-1,-1,-1,-2,-2,false,0,0,0,NA,-1,-1,-1,-1,-1,-2,-2
2,"Environment: 1, AimModifier: 2",10.54386,false,0,0,0,NA,false,0,0,0,NA,-1,-1,-1,-1,-1,-2,-2,false,0,0,0,NA,-1,-1,-1,-1,-1,-2,-2
2,"Environment: 1, AimModifier: 2",10.54535,false,0,0,0,NA,false,0,0,0,NA,-1,-1,-1,-1,-1,-2,-2,false,0,0,0,NA,-1,-1,-1,-1,-1,-2,-2
2,"Environment: 1, AimModifier: 2",10.54679,false,0,0,0,NA,false,0,0,0,NA,-1,-1,-1,-1,-1,-2,-2,false,0,0,0,NA,-1,-1,-1,-1,-1,-2,-2
2,"Environment: 1, AimModifier: 2",10.5481,false,0,0,0,NA,false,0,0,0,NA,-1,-1,-1,-1,-1,-2,-2,false,0,0,0,NA,-1,-1,-1,-1,-1,-2,-2
2,"Environment: 1, AimModifier: 2",10.54975,false,0,0,0,NA,false,0,0,0,NA,-1,-1,-1,-1,-1,-2,-2,false,0,0,0,NA,-1,-1,-1,-1,-1,-2,-2
2,"Environment: 1, AimModifier: 2",10.5512,false,0,0,0,NA,false,0,0,0,NA,-1,-1,-1,-1,-1,-2,-2,false,0,0,0,NA,-1,-1,-1,-1,-1,-2,-2
2,"Environment: 1, AimModifier: 2",10.55255,false,0,0,0,NA,false,0,0,0,NA,-1,-1,-1,-1,-1,-2,-2,false,0,0,0,NA,-1,-1,-1,-1,-1,-2,-2
2,"Environment: 1, AimModifier: 2",10.55388,false,0,0,0,NA,false,0,0,0,NA,-1,-1,-1,-1,-1,-2,-2,false,0,0,0,NA,-1,-1,-1,-1,-1,-2,-2
2,"Environment: 1, AimModifier: 2",10.55521,false,0,0,0,NA,false,0,0,0,NA,-1,-1,-1,-1,-1,-2,-2,false,0,0,0,NA,-1,-1,-1,-1,-1,-2,-2
2,"Environment: 1, AimModifier: 2",10.55654,false,0,0,0,NA,false,0,0,0,NA,-1,-1,-1,-1,-1,-2,-2,false,0,0,0,NA,-1,-1,-1,-1,-1,-2,-2
2,"Environment: 1, AimModifier: 2",10.55783,false,0,0,0,NA,false,0,0,0,NA,-1,-1,-1,-1,-1,-2,-2,false,0,0,0,NA,-1,-1,-1,-1,-1,-2,-2
2,"Environment: 1, AimModifier: 2",10.55909,false,0,0,0,NA,false,0,0,0,NA,-1,-1,-1,-1,-1,-2,-2,false,0,0,0,NA,-1,-1,-1,-1,-1,-2,-2
2,"Environment: 1, AimModifier: 2",10.56235,false,0,0,0,NA,false,0,0,0,NA,-1,-1,-1,-1,-1,-2,-2,false,0,0,0,NA,-1,-1,-1,-1,-1,-2,-2
2,"Environment: 1, AimModifier: 2",10.56496,false,0,0,0,NA,false,0,0,0,NA,-1,-1,-1,-1,-1,-2,-2,false,0,0,0,NA,-1,-1,-1,-1,-1,-2,-2
2,"Environment: 1, AimModifier: 2",10.56662,false,0,0,0,NA,false,0,0,0,NA,-1,-1,-1,-1,-1,-2,-2,false,0,0,0,NA,-1,-1,-1,-1,-1,-2,-2
2,"Environment: 1, AimModifier: 2",10.56805,false,0,0,0,NA,false,0,0,0,NA,-1,-1,-1,-1,-1,-2,-2,false,0,0,0,NA,-1,-1,-1,-1,-1,-2,-2
2,"Environment: 1, AimModifier: 2",10.56944,false,0,0,0,NA,false,0,0,0,NA,-1,-1,-1,-1,-1,-2,-2,false,0,0,0,NA,-1,-1,-1,-1,-1,-2,-2
2,"Environment: 1, AimModifier: 2",10.57099,false,0,0,0,NA,false,0,0,0,NA,-1,-1,-1,-1,-1,-2,-2,false,0,0,0,NA,-1,-1,-1,-1,-1,-2,-2
2,"Environment: 1, AimModifier: 2",10.57246,false,0,0,0,NA,false,0,0,0,NA,-1,-1,-1,-1,-1,-2,-2,false,0,0,0,NA,-1,-1,-1,-1,-1,-2,-2
2,"Environment: 1, AimModifier: 2",10.57382,false,0,0,0,NA,false,0,0,0,NA,-1,-1,-1,-1,-1,-2,-2,false,0,0,0,NA,-1,-1,-1,-1,-1,-2,-2
2,"Environment: 1, AimModifier: 2",10.57527,false,0,0,0,NA,false,0,0,0,NA,-1,-1,-1,-1,-1,-2,-2,false,0,0,0,NA,-1,-1,-1,-1,-1,-2,-2
2,"Environment: 1, AimModifier: 2",10.57675,false,0,0,0,NA,false,0,0,0,NA,-1,-1,-1,-1,-1,-2,-2,false,0,0,0,NA,-1,-1,-1,-1,-1,-2,-2
2,"Environment: 1, AimModifier: 2",10.57819,false,0,0,0,NA,false,0,0,0,NA,-1,-1,-1,-1,-1,-2,-2,false,0,0,0,NA,-1,-1,-1,-1,-1,-2,-2
2,"Environment: 1, AimModifier: 2",10.5797,false,0,0,0,NA,false,0,0,0,NA,-1,-1,-1,-1,-1,-2,-2,false,0,0,0,NA,-1,-1,-1,-1,-1,-2,-2
2,"Environment: 1, AimModifier: 2",10.58108,false,0,0,0,NA,false,0,0,0,NA,-1,-1,-1,-1,-1,-2,-2,false,0,0,0,NA,-1,-1,-1,-1,-1,-2,-2
2,"Environment: 1, AimModifier: 2",10.58243,false,0,0,0,NA,false,0,0,0,NA,-1,-1,-1,-1,-1,-2,-2,false,0,0,0,NA,-1,-1,-1,-1,-1,-2,-2
2,"Environment: 1, AimModifier: 2",10.58369,false,0,0,0,NA,false,0,0,0,NA,-1,-1,-1,-1,-1,-2,-2,false,0,0,0,NA,-1,-1,-1,-1,-1,-2,-2
2,"Environment: 1, AimModifier: 2",10.58525,false,0,0,0,NA,false,0,0,0,NA,-1,-1,-1,-1,-1,-2,-2,false,0,0,0,NA,-1,-1,-1,-1,-1,-2,-2
2,"Environment: 1, AimModifier: 2",10.58655,false,0,0,0,NA,false,0,0,0,NA,-1,-1,-1,-1,-1,-2,-2,false,0,0,0,NA,-1,-1,-1,-1,-1,-2,-2
2,"Environment: 1, AimModifier: 2",10.58787,false,0,0,0,NA,false,0,0,0,NA,-1,-1,-1,-1,-1,-2,-2,false,0,0,0,NA,-1,-1,-1,-1,-1,-2,-2
2,"Environment: 1, AimModifier: 2",10.58916,false,0,0,0,NA,false,0,0,0,NA,-1,-1,-1,-1,-1,-2,-2,false,0,0,0,NA,-1,-1,-1,-1,-1,-2,-2
2,"Environment: 1, AimModifier: 2",10.59082,false,0,0,0,NA,false,0,0,0,NA,-1,-1,-1,-1,-1,-2,-2,false,0,0,0,NA,-1,-1,-1,-1,-1,-2,-2
2,"Environment: 1, AimModifier: 2",10.59247,false,0,0,0,NA,false,0,0,0,NA,-1,-1,-1,-1,-1,-2,-2,false,0,0,0,NA,-1,-1,-1,-1,-1,-2,-2
2,"Environment: 1, AimModifier: 2",10.59384,false,0,0,0,NA,false,0,0,0,NA,-1,-1,-1,-1,-1,-2,-2,false,0,0,0,NA,-1,-1,-1,-1,-1,-2,-2
2,"Environment: 1, AimModifier: 2",10.59511,false,0,0,0,NA,false,0,0,0,NA,-1,-1,-1,-1,-1,-2,-2,false,0,0,0,NA,-1,-1,-1,-1,-1,-2,-2
2,"Environment: 1, AimModifier: 2",10.59645,false,0,0,0,NA,false,0,0,0,NA,-1,-1,-1,-1,-1,-2,-2,false,0,0,0,NA,-1,-1,-1,-1,-1,-2,-2
2,"Environment: 1, AimModifier: 2",10.59816,false,0,0,0,NA,false,0,0,0,NA,-1,-1,-1,-1,-1,-2,-2,false,0,0,0,NA,-1,-1,-1,-1,-1,-2,-2
2,"Environment: 1, AimModifier: 2",10.59974,false,0,0,0,NA,false,0,0,0,NA,-1,-1,-1,-1,-1,-2,-2,false,0,0,0,NA,-1,-1,-1,-1,-1,-2,-2
2,"Environment: 1, AimModifier: 2",10.60118,false,0,0,0,NA,false,0,0,0,NA,-1,-1,-1,-1,-1,-2,-2,false,0,0,0,NA,-1,-1,-1,-1,-1,-2,-2
2,"Environment: 1, AimModifier: 2",10.60255,false,0,0,0,NA,false,0,0,0,NA,-1,-1,-1,-1,-1,-2,-2,false,0,0,0,NA,-1,-1,-1,-1,-1,-2,-2
2,"Environment: 1, AimModifier: 2",10.604,false,0,0,0,NA,false,0,0,0,NA,-1,-1,-1,-1,-1,-2,-2,false,0,0,0,NA,-1,-1,-1,-1,-1,-2,-2
2,"Environment: 1, AimModifier: 2",10.60561,false,0,0,0,NA,false,0,0,0,NA,-1,-1,-1,-1,-1,-2,-2,false,0,0,0,NA,-1,-1,-1,-1,-1,-2,-2
2,"Environment: 1, AimModifier: 2",10.60707,false,0,0,0,NA,false,0,0,0,NA,-1,-1,-1,-1,-1,-2,-2,false,0,0,0,NA,-1,-1,-1,-1,-1,-2,-2
2,"Environment: 1, AimModifier: 2",10.60849,false,0,0,0,NA,false,0,0,0,NA,-1,-1,-1,-1,-1,-2,-2,false,0,0,0,NA,-1,-1,-1,-1,-1,-2,-2
2,"Environment: 1, AimModifier: 2",10.60995,false,0,0,0,NA,false,0,0,0,NA,-1,-1,-1,-1,-1,-2,-2,false,0,0,0,NA,-1,-1,-1,-1,-1,-2,-2
2,"Environment: 1, AimModifier: 2",10.6113,false,0,0,0,NA,false,0,0,0,NA,-1,-1,-1,-1,-1,-2,-2,false,0,0,0,NA,-1,-1,-1,-1,-1,-2,-2
2,"Environment: 1, AimModifier: 2",10.61263,false,0,0,0,NA,false,0,0,0,NA,-1,-1,-1,-1,-1,-2,-2,false,0,0,0,NA,-1,-1,-1,-1,-1,-2,-2
2,"Environment: 1, AimModifier: 2",10.61402,false,0,0,0,NA,false,0,0,0,NA,-1,-1,-1,-1,-1,-2,-2,false,0,0,0,NA,-1,-1,-1,-1,-1,-2,-2
2,"Environment: 1, AimModifier: 2",10.61562,false,0,0,0,NA,false,0,0,0,NA,-1,-1,-1,-1,-1,-2,-2,false,0,0,0,NA,-1,-1,-1,-1,-1,-2,-2
2,"Environment: 1, AimModifier: 2",10.61701,false,0,0,0,NA,false,0,0,0,NA,-1,-1,-1,-1,-1,-2,-2,false,0,0,0,NA,-1,-1,-1,-1,-1,-2,-2
2,"Environment: 1, AimModifier: 2",10.61904,false,0,0,0,NA,false,0,0,0,NA,-1,-1,-1,-1,-1,-2,-2,false,0,0,0,NA,-1,-1,-1,-1,-1,-2,-2
2,"Environment: 1, AimModifier: 2",10.62082,false,0,0,0,NA,false,0,0,0,NA,-1,-1,-1,-1,-1,-2,-2,false,0,0,0,NA,-1,-1,-1,-1,-1,-2,-2
2,"Environment: 1, AimModifier: 2",10.62224,false,0,0,0,NA,false,0,0,0,NA,-1,-1,-1,-1,-1,-2,-2,false,0,0,0,NA,-1,-1,-1,-1,-1,-2,-2
2,"Environment: 1, AimModifier: 2",10.62363,false,0,0,0,NA,false,0,0,0,NA,-1,-1,-1,-1,-1,-2,-2,false,0,0,0,NA,-1,-1,-1,-1,-1,-2,-2
2,"Environment: 1, AimModifier: 2",10.62507,false,0,0,0,NA,false,0,0,0,NA,-1,-1,-1,-1,-1,-2,-2,false,0,0,0,NA,-1,-1,-1,-1,-1,-2,-2
2,"Environment: 1, AimModifier: 2",10.62634,false,0,0,0,NA,false,0,0,0,NA,-1,-1,-1,-1,-1,-2,-2,false,0,0,0,NA,-1,-1,-1,-1,-1,-2,-2
2,"Environment: 1, AimModifier: 2",10.62761,false,0,0,0,NA,false,0,0,0,NA,-1,-1,-1,-1,-1,-2,-2,false,0,0,0,NA,-1,-1,-1,-1,-1,-2,-2
2,"Environment: 1, AimModifier: 2",10.62889,false,0,0,0,NA,false,0,0,0,NA,-1,-1,-1,-1,-1,-2,-2,false,0,0,0,NA,-1,-1,-1,-1,-1,-2,-2
2,"Environment: 1, AimModifier: 2",10.63012,false,0,0,0,NA,false,0,0,0,NA,-1,-1,-1,-1,-1,-2,-2,false,0,0,0,NA,-1,-1,-1,-1,-1,-2,-2
2,"Environment: 1, AimModifier: 2",10.63154,false,0,0,0,NA,false,0,0,0,NA,-1,-1,-1,-1,-1,-2,-2,false,0,0,0,NA,-1,-1,-1,-1,-1,-2,-2
2,"Environment: 1, AimModifier: 2",10.63301,false,0,0,0,NA,false,0,0,0,NA,-1,-1,-1,-1,-1,-2,-2,false,0,0,0,NA,-1,-1,-1,-1,-1,-2,-2
2,"Environment: 1, AimModifier: 2",10.63441,false,0,0,0,NA,false,0,0,0,NA,-1,-1,-1,-1,-1,-2,-2,false,0,0,0,NA,-1,-1,-1,-1,-1,-2,-2
2,"Environment: 1, AimModifier: 2",10.63577,false,0,0,0,NA,false,0,0,0,NA,-1,-1,-1,-1,-1,-2,-2,false,0,0,0,NA,-1,-1,-1,-1,-1,-2,-2
2,"Environment: 1, AimModifier: 2",10.63762,false,0,0,0,NA,false,0,0,0,NA,-1,-1,-1,-1,-1,-2,-2,false,0,0,0,NA,-1,-1,-1,-1,-1,-2,-2
2,"Environment: 1, AimModifier: 2",10.63933,false,0,0,0,NA,false,0,0,0,NA,-1,-1,-1,-1,-1,-2,-2,false,0,0,0,NA,-1,-1,-1,-1,-1,-2,-2
2,"Environment: 1, AimModifier: 2",10.64077,false,0,0,0,NA,false,0,0,0,NA,-1,-1,-1,-1,-1,-2,-2,false,0,0,0,NA,-1,-1,-1,-1,-1,-2,-2
2,"Environment: 1, AimModifier: 2",10.6424,false,0,0,0,NA,false,0,0,0,NA,-1,-1,-1,-1,-1,-2,-2,false,0,0,0,NA,-1,-1,-1,-1,-1,-2,-2
2,"Environment: 1, AimModifier: 2",10.64395,false,0,0,0,NA,false,0,0,0,NA,-1,-1,-1,-1,-1,-2,-2,false,0,0,0,NA,-1,-1,-1,-1,-1,-2,-2
2,"Environment: 1, AimModifier: 2",10.64627,false,0,0,0,NA,false,0,0,0,NA,-1,-1,-1,-1,-1,-2,-2,false,0,0,0,NA,-1,-1,-1,-1,-1,-2,-2
2,"Environment: 1, AimModifier: 2",10.64784,false,0,0,0,NA,false,0,0,0,NA,-1,-1,-1,-1,-1,-2,-2,false,0,0,0,NA,-1,-1,-1,-1,-1,-2,-2
2,"Environment: 1, AimModifier: 2",10.64918,false,0,0,0,NA,false,0,0,0,NA,-1,-1,-1,-1,-1,-2,-2,false,0,0,0,NA,-1,-1,-1,-1,-1,-2,-2
2,"Environment: 1, AimModifier: 2",10.6505,false,0,0,0,NA,false,0,0,0,NA,-1,-1,-1,-1,-1,-2,-2,false,0,0,0,NA,-1,-1,-1,-1,-1,-2,-2
2,"Environment: 1, AimModifier: 2",10.65194,false,0,0,0,NA,false,0,0,0,NA,-1,-1,-1,-1,-1,-2,-2,false,0,0,0,NA,-1,-1,-1,-1,-1,-2,-2
2,"Environment: 1, AimModifier: 2",10.65329,false,0,0,0,NA,false,0,0,0,NA,-1,-1,-1,-1,-1,-2,-2,false,0,0,0,NA,-1,-1,-1,-1,-1,-2,-2
2,"Environment: 1, AimModifier: 2",10.65456,false,0,0,0,NA,false,0,0,0,NA,-1,-1,-1,-1,-1,-2,-2,false,0,0,0,NA,-1,-1,-1,-1,-1,-2,-2
2,"Environment: 1, AimModifier: 2",10.65589,false,0,0,0,NA,false,0,0,0,NA,-1,-1,-1,-1,-1,-2,-2,false,0,0,0,NA,-1,-1,-1,-1,-1,-2,-2
2,"Environment: 1, AimModifier: 2",10.65729,false,0,0,0,NA,false,0,0,0,NA,-1,-1,-1,-1,-1,-2,-2,false,0,0,0,NA,-1,-1,-1,-1,-1,-2,-2
2,"Environment: 1, AimModifier: 2",10.65878,false,0,0,0,NA,false,0,0,0,NA,-1,-1,-1,-1,-1,-2,-2,false,0,0,0,NA,-1,-1,-1,-1,-1,-2,-2
2,"Environment: 1, AimModifier: 2",10.66019,false,0,0,0,NA,false,0,0,0,NA,-1,-1,-1,-1,-1,-2,-2,false,0,0,0,NA,-1,-1,-1,-1,-1,-2,-2
2,"Environment: 1, AimModifier: 2",10.66151,false,0,0,0,NA,false,0,0,0,NA,-1,-1,-1,-1,-1,-2,-2,false,0,0,0,NA,-1,-1,-1,-1,-1,-2,-2
2,"Environment: 1, AimModifier: 2",10.66302,false,0,0,0,NA,false,0,0,0,NA,-1,-1,-1,-1,-1,-2,-2,false,0,0,0,NA,-1,-1,-1,-1,-1,-2,-2
2,"Environment: 1, AimModifier: 2",10.66442,false,0,0,0,NA,false,0,0,0,NA,-1,-1,-1,-1,-1,-2,-2,false,0,0,0,NA,-1,-1,-1,-1,-1,-2,-2
2,"Environment: 1, AimModifier: 2",10.66599,false,0,0,0,NA,false,0,0,0,NA,-1,-1,-1,-1,-1,-2,-2,false,0,0,0,NA,-1,-1,-1,-1,-1,-2,-2
2,"Environment: 1, AimModifier: 2",10.66775,false,0,0,0,NA,false,0,0,0,NA,-1,-1,-1,-1,-1,-2,-2,false,0,0,0,NA,-1,-1,-1,-1,-1,-2,-2
2,"Environment: 1, AimModifier: 2",10.66909,false,0,0,0,NA,false,0,0,0,NA,-1,-1,-1,-1,-1,-2,-2,false,0,0,0,NA,-1,-1,-1,-1,-1,-2,-2
2,"Environment: 1, AimModifier: 2",10.6704,false,0,0,0,NA,false,0,0,0,NA,-1,-1,-1,-1,-1,-2,-2,false,0,0,0,NA,-1,-1,-1,-1,-1,-2,-2
2,"Environment: 1, AimModifier: 2",10.67181,false,0,0,0,NA,false,0,0,0,NA,-1,-1,-1,-1,-1,-2,-2,false,0,0,0,NA,-1,-1,-1,-1,-1,-2,-2
2,"Environment: 1, AimModifier: 2",10.67314,false,0,0,0,NA,false,0,0,0,NA,-1,-1,-1,-1,-1,-2,-2,false,0,0,0,NA,-1,-1,-1,-1,-1,-2,-2
2,"Environment: 1, AimModifier: 2",10.67454,false,0,0,0,NA,false,0,0,0,NA,-1,-1,-1,-1,-1,-2,-2,false,0,0,0,NA,-1,-1,-1,-1,-1,-2,-2
2,"Environment: 1, AimModifier: 2",10.67594,false,0,0,0,NA,false,0,0,0,NA,-1,-1,-1,-1,-1,-2,-2,false,0,0,0,NA,-1,-1,-1,-1,-1,-2,-2
2,"Environment: 1, AimModifier: 2",10.67733,false,0,0,0,NA,false,0,0,0,NA,-1,-1,-1,-1,-1,-2,-2,false,0,0,0,NA,-1,-1,-1,-1,-1,-2,-2
2,"Environment: 1, AimModifier: 2",10.67867,false,0,0,0,NA,false,0,0,0,NA,-1,-1,-1,-1,-1,-2,-2,false,0,0,0,NA,-1,-1,-1,-1,-1,-2,-2
2,"Environment: 1, AimModifier: 2",10.68004,false,0,0,0,NA,false,0,0,0,NA,-1,-1,-1,-1,-1,-2,-2,false,0,0,0,NA,-1,-1,-1,-1,-1,-2,-2
2,"Environment: 1, AimModifier: 2",10.68143,false,0,0,0,NA,false,0,0,0,NA,-1,-1,-1,-1,-1,-2,-2,false,0,0,0,NA,-1,-1,-1,-1,-1,-2,-2
2,"Environment: 1, AimModifier: 2",10.6828,false,0,0,0,NA,false,0,0,0,NA,-1,-1,-1,-1,-1,-2,-2,false,0,0,0,NA,-1,-1,-1,-1,-1,-2,-2
2,"Environment: 1, AimModifier: 2",10.68402,false,0,0,0,NA,false,0,0,0,NA,-1,-1,-1,-1,-1,-2,-2,false,0,0,0,NA,-1,-1,-1,-1,-1,-2,-2
2,"Environment: 1, AimModifier: 2",10.68547,false,0,0,0,NA,false,0,0,0,NA,-1,-1,-1,-1,-1,-2,-2,false,0,0,0,NA,-1,-1,-1,-1,-1,-2,-2
2,"Environment: 1, AimModifier: 2",10.68677,false,0,0,0,NA,false,0,0,0,NA,-1,-1,-1,-1,-1,-2,-2,false,0,0,0,NA,-1,-1,-1,-1,-1,-2,-2
2,"Environment: 1, AimModifier: 2",10.68849,false,0,0,0,NA,false,0,0,0,NA,-1,-1,-1,-1,-1,-2,-2,false,0,0,0,NA,-1,-1,-1,-1,-1,-2,-2
2,"Environment: 1, AimModifier: 2",10.68984,false,0,0,0,NA,false,0,0,0,NA,-1,-1,-1,-1,-1,-2,-2,false,0,0,0,NA,-1,-1,-1,-1,-1,-2,-2
2,"Environment: 1, AimModifier: 2",10.69113,false,0,0,0,NA,false,0,0,0,NA,-1,-1,-1,-1,-1,-2,-2,false,0,0,0,NA,-1,-1,-1,-1,-1,-2,-2
2,"Environment: 1, AimModifier: 2",10.69243,false,0,0,0,NA,false,0,0,0,NA,-1,-1,-1,-1,-1,-2,-2,false,0,0,0,NA,-1,-1,-1,-1,-1,-2,-2
2,"Environment: 1, AimModifier: 2",10.69377,false,0,0,0,NA,false,0,0,0,NA,-1,-1,-1,-1,-1,-2,-2,false,0,0,0,NA,-1,-1,-1,-1,-1,-2,-2
2,"Environment: 1, AimModifier: 2",10.69515,false,0,0,0,NA,false,0,0,0,NA,-1,-1,-1,-1,-1,-2,-2,false,0,0,0,NA,-1,-1,-1,-1,-1,-2,-2
2,"Environment: 1, AimModifier: 2",10.69641,false,0,0,0,NA,false,0,0,0,NA,-1,-1,-1,-1,-1,-2,-2,false,0,0,0,NA,-1,-1,-1,-1,-1,-2,-2
2,"Environment: 1, AimModifier: 2",10.69761,false,0,0,0,NA,false,0,0,0,NA,-1,-1,-1,-1,-1,-2,-2,false,0,0,0,NA,-1,-1,-1,-1,-1,-2,-2
2,"Environment: 1, AimModifier: 2",10.69915,false,0,0,0,NA,false,0,0,0,NA,-1,-1,-1,-1,-1,-2,-2,false,0,0,0,NA,-1,-1,-1,-1,-1,-2,-2
2,"Environment: 1, AimModifier: 2",10.70063,false,0,0,0,NA,false,0,0,0,NA,-1,-1,-1,-1,-1,-2,-2,false,0,0,0,NA,-1,-1,-1,-1,-1,-2,-2
2,"Environment: 1, AimModifier: 2",10.7022,false,0,0,0,NA,false,0,0,0,NA,-1,-1,-1,-1,-1,-2,-2,false,0,0,0,NA,-1,-1,-1,-1,-1,-2,-2
2,"Environment: 1, AimModifier: 2",10.7037,false,0,0,0,NA,false,0,0,0,NA,-1,-1,-1,-1,-1,-2,-2,false,0,0,0,NA,-1,-1,-1,-1,-1,-2,-2
2,"Environment: 1, AimModifier: 2",10.70516,false,0,0,0,NA,false,0,0,0,NA,-1,-1,-1,-1,-1,-2,-2,false,0,0,0,NA,-1,-1,-1,-1,-1,-2,-2
2,"Environment: 1, AimModifier: 2",10.70665,false,0,0,0,NA,false,0,0,0,NA,-1,-1,-1,-1,-1,-2,-2,false,0,0,0,NA,-1,-1,-1,-1,-1,-2,-2
2,"Environment: 1, AimModifier: 2",10.70822,false,0,0,0,NA,false,0,0,0,NA,-1,-1,-1,-1,-1,-2,-2,false,0,0,0,NA,-1,-1,-1,-1,-1,-2,-2
2,"Environment: 1, AimModifier: 2",10.70962,false,0,0,0,NA,false,0,0,0,NA,-1,-1,-1,-1,-1,-2,-2,false,0,0,0,NA,-1,-1,-1,-1,-1,-2,-2
2,"Environment: 1, AimModifier: 2",10.71089,false,0,0,0,NA,false,0,0,0,NA,-1,-1,-1,-1,-1,-2,-2,false,0,0,0,NA,-1,-1,-1,-1,-1,-2,-2
2,"Environment: 1, AimModifier: 2",10.71224,false,0,0,0,NA,false,0,0,0,NA,-1,-1,-1,-1,-1,-2,-2,false,0,0,0,NA,-1,-1,-1,-1,-1,-2,-2
2,"Environment: 1, AimModifier: 2",10.71355,false,0,0,0,NA,false,0,0,0,NA,-1,-1,-1,-1,-1,-2,-2,false,0,0,0,NA,-1,-1,-1,-1,-1,-2,-2
2,"Environment: 1, AimModifier: 2",10.71484,false,0,0,0,NA,false,0,0,0,NA,-1,-1,-1,-1,-1,-2,-2,false,0,0,0,NA,-1,-1,-1,-1,-1,-2,-2
2,"Environment: 1, AimModifier: 2",10.71616,false,0,0,0,NA,false,0,0,0,NA,-1,-1,-1,-1,-1,-2,-2,false,0,0,0,NA,-1,-1,-1,-1,-1,-2,-2
2,"Environment: 1, AimModifier: 2",10.71784,false,0,0,0,NA,false,0,0,0,NA,-1,-1,-1,-1,-1,-2,-2,false,0,0,0,NA,-1,-1,-1,-1,-1,-2,-2
2,"Environment: 1, AimModifier: 2",10.71934,false,0,0,0,NA,false,0,0,0,NA,-1,-1,-1,-1,-1,-2,-2,false,0,0,0,NA,-1,-1,-1,-1,-1,-2,-2
2,"Environment: 1, AimModifier: 2",10.72069,false,0,0,0,NA,false,0,0,0,NA,-1,-1,-1,-1,-1,-2,-2,false,0,0,0,NA,-1,-1,-1,-1,-1,-2,-2
2,"Environment: 1, AimModifier: 2",10.72205,false,0,0,0,NA,false,0,0,0,NA,-1,-1,-1,-1,-1,-2,-2,false,0,0,0,NA,-1,-1,-1,-1,-1,-2,-2
2,"Environment: 1, AimModifier: 2",10.72332,false,0,0,0,NA,false,0,0,0,NA,-1,-1,-1,-1,-1,-2,-2,false,0,0,0,NA,-1,-1,-1,-1,-1,-2,-2
2,"Environment: 1, AimModifier: 2",10.7248,false,0,0,0,NA,false,0,0,0,NA,-1,-1,-1,-1,-1,-2,-2,false,0,0,0,NA,-1,-1,-1,-1,-1,-2,-2
2,"Environment: 1, AimModifier: 2",10.72636,false,0,0,0,NA,false,0,0,0,NA,-1,-1,-1,-1,-1,-2,-2,false,0,0,0,NA,-1,-1,-1,-1,-1,-2,-2
2,"Environment: 1, AimModifier: 2",10.72761,false,0,0,0,NA,false,0,0,0,NA,-1,-1,-1,-1,-1,-2,-2,false,0,0,0,NA,-1,-1,-1,-1,-1,-2,-2
2,"Environment: 1, AimModifier: 2",10.72905,false,0,0,0,NA,false,0,0,0,NA,-1,-1,-1,-1,-1,-2,-2,false,0,0,0,NA,-1,-1,-1,-1,-1,-2,-2
2,"Environment: 1, AimModifier: 2",10.73071,false,0,0,0,NA,false,0,0,0,NA,-1,-1,-1,-1,-1,-2,-2,false,0,0,0,NA,-1,-1,-1,-1,-1,-2,-2
2,"Environment: 1, AimModifier: 2",10.73218,false,0,0,0,NA,false,0,0,0,NA,-1,-1,-1,-1,-1,-2,-2,false,0,0,0,NA,-1,-1,-1,-1,-1,-2,-2
2,"Environment: 1, AimModifier: 2",10.73356,false,0,0,0,NA,false,0,0,0,NA,-1,-1,-1,-1,-1,-2,-2,false,0,0,0,NA,-1,-1,-1,-1,-1,-2,-2
2,"Environment: 1, AimModifier: 2",10.73488,false,0,0,0,NA,false,0,0,0,NA,-1,-1,-1,-1,-1,-2,-2,false,0,0,0,NA,-1,-1,-1,-1,-1,-2,-2
2,"Environment: 1, AimModifier: 2",10.73626,false,0,0,0,NA,false,0,0,0,NA,-1,-1,-1,-1,-1,-2,-2,false,0,0,0,NA,-1,-1,-1,-1,-1,-2,-2
2,"Environment: 1, AimModifier: 2",10.7376,false,0,0,0,NA,false,0,0,0,NA,-1,-1,-1,-1,-1,-2,-2,false,0,0,0,NA,-1,-1,-1,-1,-1,-2,-2
2,"Environment: 1, AimModifier: 2",10.73896,false,0,0,0,NA,false,0,0,0,NA,-1,-1,-1,-1,-1,-2,-2,false,0,0,0,NA,-1,-1,-1,-1,-1,-2,-2
2,"Environment: 1, AimModifier: 2",10.74037,false,0,0,0,NA,false,0,0,0,NA,-1,-1,-1,-1,-1,-2,-2,false,0,0,0,NA,-1,-1,-1,-1,-1,-2,-2
2,"Environment: 1, AimModifier: 2",10.7418,false,0,0,0,NA,false,0,0,0,NA,-1,-1,-1,-1,-1,-2,-2,false,0,0,0,NA,-1,-1,-1,-1,-1,-2,-2
2,"Environment: 1, AimModifier: 2",10.74337,false,0,0,0,NA,false,0,0,0,NA,-1,-1,-1,-1,-1,-2,-2,false,0,0,0,NA,-1,-1,-1,-1,-1,-2,-2
2,"Environment: 1, AimModifier: 2",10.74475,false,0,0,0,NA,false,0,0,0,NA,-1,-1,-1,-1,-1,-2,-2,false,0,0,0,NA,-1,-1,-1,-1,-1,-2,-2
2,"Environment: 1, AimModifier: 2",10.74622,false,0,0,0,NA,false,0,0,0,NA,-1,-1,-1,-1,-1,-2,-2,false,0,0,0,NA,-1,-1,-1,-1,-1,-2,-2
2,"Environment: 1, AimModifier: 2",10.74756,false,0,0,0,NA,false,0,0,0,NA,-1,-1,-1,-1,-1,-2,-2,false,0,0,0,NA,-1,-1,-1,-1,-1,-2,-2
2,"Environment: 1, AimModifier: 2",10.74902,false,0,0,0,NA,false,0,0,0,NA,-1,-1,-1,-1,-1,-2,-2,false,0,0,0,NA,-1,-1,-1,-1,-1,-2,-2
2,"Environment: 1, AimModifier: 2",10.75048,false,0,0,0,NA,false,0,0,0,NA,-1,-1,-1,-1,-1,-2,-2,false,0,0,0,NA,-1,-1,-1,-1,-1,-2,-2
2,"Environment: 1, AimModifier: 2",10.75185,false,0,0,0,NA,false,0,0,0,NA,-1,-1,-1,-1,-1,-2,-2,false,0,0,0,NA,-1,-1,-1,-1,-1,-2,-2
2,"Environment: 1, AimModifier: 2",10.75322,false,0,0,0,NA,false,0,0,0,NA,-1,-1,-1,-1,-1,-2,-2,false,0,0,0,NA,-1,-1,-1,-1,-1,-2,-2
2,"Environment: 1, AimModifier: 2",10.75466,false,0,0,0,NA,false,0,0,0,NA,-1,-1,-1,-1,-1,-2,-2,false,0,0,0,NA,-1,-1,-1,-1,-1,-2,-2
2,"Environment: 1, AimModifier: 2",10.75611,false,0,0,0,NA,false,0,0,0,NA,-1,-1,-1,-1,-1,-2,-2,false,0,0,0,NA,-1,-1,-1,-1,-1,-2,-2
2,"Environment: 1, AimModifier: 2",10.75762,false,0,0,0,NA,false,0,0,0,NA,-1,-1,-1,-1,-1,-2,-2,false,0,0,0,NA,-1,-1,-1,-1,-1,-2,-2
2,"Environment: 1, AimModifier: 2",10.75912,false,0,0,0,NA,false,0,0,0,NA,-1,-1,-1,-1,-1,-2,-2,false,0,0,0,NA,-1,-1,-1,-1,-1,-2,-2
2,"Environment: 1, AimModifier: 2",10.76067,false,0,0,0,NA,false,0,0,0,NA,-1,-1,-1,-1,-1,-2,-2,false,0,0,0,NA,-1,-1,-1,-1,-1,-2,-2
2,"Environment: 1, AimModifier: 2",10.76246,false,0,0,0,NA,false,0,0,0,NA,-1,-1,-1,-1,-1,-2,-2,false,0,0,0,NA,-1,-1,-1,-1,-1,-2,-2
2,"Environment: 1, AimModifier: 2",10.76398,false,0,0,0,NA,false,0,0,0,NA,-1,-1,-1,-1,-1,-2,-2,false,0,0,0,NA,-1,-1,-1,-1,-1,-2,-2
2,"Environment: 1, AimModifier: 2",10.76563,false,0,0,0,NA,false,0,0,0,NA,-1,-1,-1,-1,-1,-2,-2,false,0,0,0,NA,-1,-1,-1,-1,-1,-2,-2
2,"Environment: 1, AimModifier: 2",10.7673,false,0,0,0,NA,false,0,0,0,NA,-1,-1,-1,-1,-1,-2,-2,false,0,0,0,NA,-1,-1,-1,-1,-1,-2,-2
2,"Environment: 1, AimModifier: 2",10.76882,false,0,0,0,NA,false,0,0,0,NA,-1,-1,-1,-1,-1,-2,-2,false,0,0,0,NA,-1,-1,-1,-1,-1,-2,-2
2,"Environment: 1, AimModifier: 2",10.77051,false,0,0,0,NA,false,0,0,0,NA,-1,-1,-1,-1,-1,-2,-2,false,0,0,0,NA,-1,-1,-1,-1,-1,-2,-2
2,"Environment: 1, AimModifier: 2",10.77214,false,0,0,0,NA,false,0,0,0,NA,-1,-1,-1,-1,-1,-2,-2,false,0,0,0,NA,-1,-1,-1,-1,-1,-2,-2
2,"Environment: 1, AimModifier: 2",10.77395,false,0,0,0,NA,false,0,0,0,NA,-1,-1,-1,-1,-1,-2,-2,false,0,0,0,NA,-1,-1,-1,-1,-1,-2,-2
2,"Environment: 1, AimModifier: 2",10.77534,false,0,0,0,NA,false,0,0,0,NA,-1,-1,-1,-1,-1,-2,-2,false,0,0,0,NA,-1,-1,-1,-1,-1,-2,-2
2,"Environment: 1, AimModifier: 2",10.7767,false,0,0,0,NA,false,0,0,0,NA,-1,-1,-1,-1,-1,-2,-2,false,0,0,0,NA,-1,-1,-1,-1,-1,-2,-2
2,"Environment: 1, AimModifier: 2",10.77824,false,0,0,0,NA,false,0,0,0,NA,-1,-1,-1,-1,-1,-2,-2,false,0,0,0,NA,-1,-1,-1,-1,-1,-2,-2
2,"Environment: 1, AimModifier: 2",10.77971,false,0,0,0,NA,false,0,0,0,NA,-1,-1,-1,-1,-1,-2,-2,false,0,0,0,NA,-1,-1,-1,-1,-1,-2,-2
2,"Environment: 1, AimModifier: 2",10.78122,false,0,0,0,NA,false,0,0,0,NA,-1,-1,-1,-1,-1,-2,-2,false,0,0,0,NA,-1,-1,-1,-1,-1,-2,-2
2,"Environment: 1, AimModifier: 2",10.78269,false,0,0,0,NA,false,0,0,0,NA,-1,-1,-1,-1,-1,-2,-2,false,0,0,0,NA,-1,-1,-1,-1,-1,-2,-2
2,"Environment: 1, AimModifier: 2",10.78465,false,0,0,0,NA,false,0,0,0,NA,-1,-1,-1,-1,-1,-2,-2,false,0,0,0,NA,-1,-1,-1,-1,-1,-2,-2
2,"Environment: 1, AimModifier: 2",10.78656,false,0,0,0,NA,false,0,0,0,NA,-1,-1,-1,-1,-1,-2,-2,false,0,0,0,NA,-1,-1,-1,-1,-1,-2,-2
2,"Environment: 1, AimModifier: 2",10.78812,false,0,0,0,NA,false,0,0,0,NA,-1,-1,-1,-1,-1,-2,-2,false,0,0,0,NA,-1,-1,-1,-1,-1,-2,-2
2,"Environment: 1, AimModifier: 2",10.78958,false,0,0,0,NA,false,0,0,0,NA,-1,-1,-1,-1,-1,-2,-2,false,0,0,0,NA,-1,-1,-1,-1,-1,-2,-2
2,"Environment: 1, AimModifier: 2",10.79113,false,0,0,0,NA,false,0,0,0,NA,-1,-1,-1,-1,-1,-2,-2,false,0,0,0,NA,-1,-1,-1,-1,-1,-2,-2
2,"Environment: 1, AimModifier: 2",10.79262,false,0,0,0,NA,false,0,0,0,NA,-1,-1,-1,-1,-1,-2,-2,false,0,0,0,NA,-1,-1,-1,-1,-1,-2,-2
2,"Environment: 1, AimModifier: 2",10.79403,false,0,0,0,NA,false,0,0,0,NA,-1,-1,-1,-1,-1,-2,-2,false,0,0,0,NA,-1,-1,-1,-1,-1,-2,-2
2,"Environment: 1, AimModifier: 2",10.79544,false,0,0,0,NA,false,0,0,0,NA,-1,-1,-1,-1,-1,-2,-2,false,0,0,0,NA,-1,-1,-1,-1,-1,-2,-2
2,"Environment: 1, AimModifier: 2",10.79682,false,0,0,0,NA,false,0,0,0,NA,-1,-1,-1,-1,-1,-2,-2,false,0,0,0,NA,-1,-1,-1,-1,-1,-2,-2
2,"Environment: 1, AimModifier: 2",10.79831,false,0,0,0,NA,false,0,0,0,NA,-1,-1,-1,-1,-1,-2,-2,false,0,0,0,NA,-1,-1,-1,-1,-1,-2,-2
2,"Environment: 1, AimModifier: 2",10.79994,false,0,0,0,NA,false,0,0,0,NA,-1,-1,-1,-1,-1,-2,-2,false,0,0,0,NA,-1,-1,-1,-1,-1,-2,-2
2,"Environment: 1, AimModifier: 2",10.80175,false,0,0,0,NA,false,0,0,0,NA,-1,-1,-1,-1,-1,-2,-2,false,0,0,0,NA,-1,-1,-1,-1,-1,-2,-2
2,"Environment: 1, AimModifier: 2",10.80361,false,0,0,0,NA,false,0,0,0,NA,-1,-1,-1,-1,-1,-2,-2,false,0,0,0,NA,-1,-1,-1,-1,-1,-2,-2
2,"Environment: 1, AimModifier: 2",10.80534,false,0,0,0,NA,false,0,0,0,NA,-1,-1,-1,-1,-1,-2,-2,false,0,0,0,NA,-1,-1,-1,-1,-1,-2,-2
2,"Environment: 1, AimModifier: 2",10.80684,false,0,0,0,NA,false,0,0,0,NA,-1,-1,-1,-1,-1,-2,-2,false,0,0,0,NA,-1,-1,-1,-1,-1,-2,-2
2,"Environment: 1, AimModifier: 2",10.80817,false,0,0,0,NA,false,0,0,0,NA,-1,-1,-1,-1,-1,-2,-2,false,0,0,0,NA,-1,-1,-1,-1,-1,-2,-2
2,"Environment: 1, AimModifier: 2",10.80959,false,0,0,0,NA,false,0,0,0,NA,-1,-1,-1,-1,-1,-2,-2,false,0,0,0,NA,-1,-1,-1,-1,-1,-2,-2
2,"Environment: 1, AimModifier: 2",10.81101,false,0,0,0,NA,false,0,0,0,NA,-1,-1,-1,-1,-1,-2,-2,false,0,0,0,NA,-1,-1,-1,-1,-1,-2,-2
2,"Environment: 1, AimModifier: 2",10.81242,false,0,0,0,NA,false,0,0,0,NA,-1,-1,-1,-1,-1,-2,-2,false,0,0,0,NA,-1,-1,-1,-1,-1,-2,-2
2,"Environment: 1, AimModifier: 2",10.81397,false,0,0,0,NA,false,0,0,0,NA,-1,-1,-1,-1,-1,-2,-2,false,0,0,0,NA,-1,-1,-1,-1,-1,-2,-2
2,"Environment: 1, AimModifier: 2",10.81563,false,0,0,0,NA,false,0,0,0,NA,-1,-1,-1,-1,-1,-2,-2,false,0,0,0,NA,-1,-1,-1,-1,-1,-2,-2
2,"Environment: 1, AimModifier: 2",10.81706,false,0,0,0,NA,false,0,0,0,NA,-1,-1,-1,-1,-1,-2,-2,false,0,0,0,NA,-1,-1,-1,-1,-1,-2,-2
2,"Environment: 1, AimModifier: 2",10.81847,false,0,0,0,NA,false,0,0,0,NA,-1,-1,-1,-1,-1,-2,-2,false,0,0,0,NA,-1,-1,-1,-1,-1,-2,-2
2,"Environment: 1, AimModifier: 2",10.81988,false,0,0,0,NA,false,0,0,0,NA,-1,-1,-1,-1,-1,-2,-2,false,0,0,0,NA,-1,-1,-1,-1,-1,-2,-2
2,"Environment: 1, AimModifier: 2",10.82132,false,0,0,0,NA,false,0,0,0,NA,-1,-1,-1,-1,-1,-2,-2,false,0,0,0,NA,-1,-1,-1,-1,-1,-2,-2
2,"Environment: 1, AimModifier: 2",10.82266,false,0,0,0,NA,false,0,0,0,NA,-1,-1,-1,-1,-1,-2,-2,false,0,0,0,NA,-1,-1,-1,-1,-1,-2,-2
2,"Environment: 1, AimModifier: 2",10.82403,false,0,0,0,NA,false,0,0,0,NA,-1,-1,-1,-1,-1,-2,-2,false,0,0,0,NA,-1,-1,-1,-1,-1,-2,-2
2,"Environment: 1, AimModifier: 2",10.82561,false,0,0,0,NA,false,0,0,0,NA,-1,-1,-1,-1,-1,-2,-2,false,0,0,0,NA,-1,-1,-1,-1,-1,-2,-2
2,"Environment: 1, AimModifier: 2",10.82723,false,0,0,0,NA,false,0,0,0,NA,-1,-1,-1,-1,-1,-2,-2,false,0,0,0,NA,-1,-1,-1,-1,-1,-2,-2
2,"Environment: 1, AimModifier: 2",10.82872,false,0,0,0,NA,false,0,0,0,NA,-1,-1,-1,-1,-1,-2,-2,false,0,0,0,NA,-1,-1,-1,-1,-1,-2,-2
2,"Environment: 1, AimModifier: 2",10.83011,false,0,0,0,NA,false,0,0,0,NA,-1,-1,-1,-1,-1,-2,-2,false,0,0,0,NA,-1,-1,-1,-1,-1,-2,-2
2,"Environment: 1, AimModifier: 2",10.83169,false,0,0,0,NA,false,0,0,0,NA,-1,-1,-1,-1,-1,-2,-2,false,0,0,0,NA,-1,-1,-1,-1,-1,-2,-2
2,"Environment: 1, AimModifier: 2",10.83319,false,0,0,0,NA,false,0,0,0,NA,-1,-1,-1,-1,-1,-2,-2,false,0,0,0,NA,-1,-1,-1,-1,-1,-2,-2
2,"Environment: 1, AimModifier: 2",10.83469,false,0,0,0,NA,false,0,0,0,NA,-1,-1,-1,-1,-1,-2,-2,false,0,0,0,NA,-1,-1,-1,-1,-1,-2,-2
2,"Environment: 1, AimModifier: 2",10.83626,false,0,0,0,NA,false,0,0,0,NA,-1,-1,-1,-1,-1,-2,-2,false,0,0,0,NA,-1,-1,-1,-1,-1,-2,-2
2,"Environment: 1, AimModifier: 2",10.83788,false,0,0,0,NA,false,0,0,0,NA,-1,-1,-1,-1,-1,-2,-2,false,0,0,0,NA,-1,-1,-1,-1,-1,-2,-2
2,"Environment: 1, AimModifier: 2",10.83968,false,0,0,0,NA,false,0,0,0,NA,-1,-1,-1,-1,-1,-2,-2,false,0,0,0,NA,-1,-1,-1,-1,-1,-2,-2
2,"Environment: 1, AimModifier: 2",10.84124,false,0,0,0,NA,false,0,0,0,NA,-1,-1,-1,-1,-1,-2,-2,false,0,0,0,NA,-1,-1,-1,-1,-1,-2,-2
2,"Environment: 1, AimModifier: 2",10.84272,false,0,0,0,NA,false,0,0,0,NA,-1,-1,-1,-1,-1,-2,-2,false,0,0,0,NA,-1,-1,-1,-1,-1,-2,-2
2,"Environment: 1, AimModifier: 2",10.84432,false,0,0,0,NA,false,0,0,0,NA,-1,-1,-1,-1,-1,-2,-2,false,0,0,0,NA,-1,-1,-1,-1,-1,-2,-2
2,"Environment: 1, AimModifier: 2",10.84612,false,0,0,0,NA,false,0,0,0,NA,-1,-1,-1,-1,-1,-2,-2,false,0,0,0,NA,-1,-1,-1,-1,-1,-2,-2
2,"Environment: 1, AimModifier: 2",10.84753,false,0,0,0,NA,false,0,0,0,NA,-1,-1,-1,-1,-1,-2,-2,false,0,0,0,NA,-1,-1,-1,-1,-1,-2,-2
2,"Environment: 1, AimModifier: 2",10.84896,false,0,0,0,NA,false,0,0,0,NA,-1,-1,-1,-1,-1,-2,-2,false,0,0,0,NA,-1,-1,-1,-1,-1,-2,-2
2,"Environment: 1, AimModifier: 2",10.85032,false,0,0,0,NA,false,0,0,0,NA,-1,-1,-1,-1,-1,-2,-2,false,0,0,0,NA,-1,-1,-1,-1,-1,-2,-2
2,"Environment: 1, AimModifier: 2",10.85175,false,0,0,0,NA,false,0,0,0,NA,-1,-1,-1,-1,-1,-2,-2,false,0,0,0,NA,-1,-1,-1,-1,-1,-2,-2
2,"Environment: 1, AimModifier: 2",10.85329,false,0,0,0,NA,false,0,0,0,NA,-1,-1,-1,-1,-1,-2,-2,false,0,0,0,NA,-1,-1,-1,-1,-1,-2,-2
2,"Environment: 1, AimModifier: 2",10.85479,false,0,0,0,NA,false,0,0,0,NA,-1,-1,-1,-1,-1,-2,-2,false,0,0,0,NA,-1,-1,-1,-1,-1,-2,-2
2,"Environment: 1, AimModifier: 2",10.85636,false,0,0,0,NA,false,0,0,0,NA,-1,-1,-1,-1,-1,-2,-2,false,0,0,0,NA,-1,-1,-1,-1,-1,-2,-2
2,"Environment: 1, AimModifier: 2",10.85805,false,0,0,0,NA,false,0,0,0,NA,-1,-1,-1,-1,-1,-2,-2,false,0,0,0,NA,-1,-1,-1,-1,-1,-2,-2
2,"Environment: 1, AimModifier: 2",10.85993,false,0,0,0,NA,false,0,0,0,NA,-1,-1,-1,-1,-1,-2,-2,false,0,0,0,NA,-1,-1,-1,-1,-1,-2,-2
2,"Environment: 1, AimModifier: 2",10.86152,false,0,0,0,NA,false,0,0,0,NA,-1,-1,-1,-1,-1,-2,-2,false,0,0,0,NA,-1,-1,-1,-1,-1,-2,-2
2,"Environment: 1, AimModifier: 2",10.86305,false,0,0,0,NA,false,0,0,0,NA,-1,-1,-1,-1,-1,-2,-2,false,0,0,0,NA,-1,-1,-1,-1,-1,-2,-2
2,"Environment: 1, AimModifier: 2",10.86479,false,0,0,0,NA,false,0,0,0,NA,-1,-1,-1,-1,-1,-2,-2,false,0,0,0,NA,-1,-1,-1,-1,-1,-2,-2
2,"Environment: 1, AimModifier: 2",10.86665,false,0,0,0,NA,false,0,0,0,NA,-1,-1,-1,-1,-1,-2,-2,false,0,0,0,NA,-1,-1,-1,-1,-1,-2,-2
2,"Environment: 1, AimModifier: 2",10.86918,false,0,0,0,NA,false,0,0,0,NA,-1,-1,-1,-1,-1,-2,-2,false,0,0,0,NA,-1,-1,-1,-1,-1,-2,-2
2,"Environment: 1, AimModifier: 2",10.87103,false,0,0,0,NA,false,0,0,0,NA,-1,-1,-1,-1,-1,-2,-2,false,0,0,0,NA,-1,-1,-1,-1,-1,-2,-2
2,"Environment: 1, AimModifier: 2",10.87243,false,0,0,0,NA,false,0,0,0,NA,-1,-1,-1,-1,-1,-2,-2,false,0,0,0,NA,-1,-1,-1,-1,-1,-2,-2
2,"Environment: 1, AimModifier: 2",10.87383,false,0,0,0,NA,false,0,0,0,NA,-1,-1,-1,-1,-1,-2,-2,false,0,0,0,NA,-1,-1,-1,-1,-1,-2,-2
2,"Environment: 1, AimModifier: 2",10.87549,false,0,0,0,NA,false,0,0,0,NA,-1,-1,-1,-1,-1,-2,-2,false,0,0,0,NA,-1,-1,-1,-1,-1,-2,-2
2,"Environment: 1, AimModifier: 2",10.8771,false,0,0,0,NA,false,0,0,0,NA,-1,-1,-1,-1,-1,-2,-2,false,0,0,0,NA,-1,-1,-1,-1,-1,-2,-2
2,"Environment: 1, AimModifier: 2",10.87868,false,0,0,0,NA,false,0,0,0,NA,-1,-1,-1,-1,-1,-2,-2,false,0,0,0,NA,-1,-1,-1,-1,-1,-2,-2
2,"Environment: 1, AimModifier: 2",10.88072,false,0,0,0,NA,false,0,0,0,NA,-1,-1,-1,-1,-1,-2,-2,false,0,0,0,NA,-1,-1,-1,-1,-1,-2,-2
2,"Environment: 1, AimModifier: 2",10.88327,false,0,0,0,NA,false,0,0,0,NA,-1,-1,-1,-1,-1,-2,-2,false,0,0,0,NA,-1,-1,-1,-1,-1,-2,-2
2,"Environment: 1, AimModifier: 2",10.88513,false,0,0,0,NA,false,0,0,0,NA,-1,-1,-1,-1,-1,-2,-2,false,0,0,0,NA,-1,-1,-1,-1,-1,-2,-2
2,"Environment: 1, AimModifier: 2",10.88684,false,0,0,0,NA,false,0,0,0,NA,-1,-1,-1,-1,-1,-2,-2,false,0,0,0,NA,-1,-1,-1,-1,-1,-2,-2
2,"Environment: 1, AimModifier: 2",10.88849,false,0,0,0,NA,false,0,0,0,NA,-1,-1,-1,-1,-1,-2,-2,false,0,0,0,NA,-1,-1,-1,-1,-1,-2,-2
2,"Environment: 1, AimModifier: 2",10.89016,false,0,0,0,NA,false,0,0,0,NA,-1,-1,-1,-1,-1,-2,-2,false,0,0,0,NA,-1,-1,-1,-1,-1,-2,-2
2,"Environment: 1, AimModifier: 2",10.89186,false,0,0,0,NA,false,0,0,0,NA,-1,-1,-1,-1,-1,-2,-2,false,0,0,0,NA,-1,-1,-1,-1,-1,-2,-2
2,"Environment: 1, AimModifier: 2",10.89366,false,0,0,0,NA,false,0,0,0,NA,-1,-1,-1,-1,-1,-2,-2,false,0,0,0,NA,-1,-1,-1,-1,-1,-2,-2
2,"Environment: 1, AimModifier: 2",10.89536,false,0,0,0,NA,false,0,0,0,NA,-1,-1,-1,-1,-1,-2,-2,false,0,0,0,NA,-1,-1,-1,-1,-1,-2,-2
2,"Environment: 1, AimModifier: 2",10.89739,false,0,0,0,NA,false,0,0,0,NA,-1,-1,-1,-1,-1,-2,-2,false,0,0,0,NA,-1,-1,-1,-1,-1,-2,-2
2,"Environment: 1, AimModifier: 2",10.8992,false,0,0,0,NA,false,0,0,0,NA,-1,-1,-1,-1,-1,-2,-2,false,0,0,0,NA,-1,-1,-1,-1,-1,-2,-2
2,"Environment: 1, AimModifier: 2",10.90113,false,0,0,0,NA,false,0,0,0,NA,-1,-1,-1,-1,-1,-2,-2,false,0,0,0,NA,-1,-1,-1,-1,-1,-2,-2
2,"Environment: 1, AimModifier: 2",10.90313,false,0,0,0,NA,false,0,0,0,NA,-1,-1,-1,-1,-1,-2,-2,false,0,0,0,NA,-1,-1,-1,-1,-1,-2,-2
2,"Environment: 1, AimModifier: 2",10.90549,false,0,0,0,NA,false,0,0,0,NA,-1,-1,-1,-1,-1,-2,-2,false,0,0,0,NA,-1,-1,-1,-1,-1,-2,-2
2,"Environment: 1, AimModifier: 2",10.90771,false,0,0,0,NA,false,0,0,0,NA,-1,-1,-1,-1,-1,-2,-2,false,0,0,0,NA,-1,-1,-1,-1,-1,-2,-2
2,"Environment: 1, AimModifier: 2",10.90966,false,0,0,0,NA,false,0,0,0,NA,-1,-1,-1,-1,-1,-2,-2,false,0,0,0,NA,-1,-1,-1,-1,-1,-2,-2
2,"Environment: 1, AimModifier: 2",10.91162,false,0,0,0,NA,false,0,0,0,NA,-1,-1,-1,-1,-1,-2,-2,false,0,0,0,NA,-1,-1,-1,-1,-1,-2,-2
2,"Environment: 1, AimModifier: 2",10.91358,false,0,0,0,NA,false,0,0,0,NA,-1,-1,-1,-1,-1,-2,-2,false,0,0,0,NA,-1,-1,-1,-1,-1,-2,-2
2,"Environment: 1, AimModifier: 2",10.91557,false,0,0,0,NA,false,0,0,0,NA,-1,-1,-1,-1,-1,-2,-2,false,0,0,0,NA,-1,-1,-1,-1,-1,-2,-2
2,"Environment: 1, AimModifier: 2",10.91897,false,0,0,0,NA,false,0,0,0,NA,-1,-1,-1,-1,-1,-2,-2,false,0,0,0,NA,-1,-1,-1,-1,-1,-2,-2
2,"Environment: 1, AimModifier: 2",10.92093,false,0,0,0,NA,false,0,0,0,NA,-1,-1,-1,-1,-1,-2,-2,false,0,0,0,NA,-1,-1,-1,-1,-1,-2,-2
2,"Environment: 1, AimModifier: 2",10.92269,false,0,0,0,NA,false,0,0,0,NA,-1,-1,-1,-1,-1,-2,-2,false,0,0,0,NA,-1,-1,-1,-1,-1,-2,-2
2,"Environment: 1, AimModifier: 2",10.92519,false,0,0,0,NA,false,0,0,0,NA,-1,-1,-1,-1,-1,-2,-2,false,0,0,0,NA,-1,-1,-1,-1,-1,-2,-2
2,"Environment: 1, AimModifier: 2",10.92741,false,0,0,0,NA,false,0,0,0,NA,-1,-1,-1,-1,-1,-2,-2,false,0,0,0,NA,-1,-1,-1,-1,-1,-2,-2
2,"Environment: 1, AimModifier: 2",10.92945,false,0,0,0,NA,false,0,0,0,NA,-1,-1,-1,-1,-1,-2,-2,false,0,0,0,NA,-1,-1,-1,-1,-1,-2,-2
2,"Environment: 1, AimModifier: 2",10.9311,false,0,0,0,NA,false,0,0,0,NA,-1,-1,-1,-1,-1,-2,-2,false,0,0,0,NA,-1,-1,-1,-1,-1,-2,-2
2,"Environment: 1, AimModifier: 2",10.93267,false,0,0,0,NA,false,0,0,0,NA,-1,-1,-1,-1,-1,-2,-2,false,0,0,0,NA,-1,-1,-1,-1,-1,-2,-2
2,"Environment: 1, AimModifier: 2",10.93422,false,0,0,0,NA,false,0,0,0,NA,-1,-1,-1,-1,-1,-2,-2,false,0,0,0,NA,-1,-1,-1,-1,-1,-2,-2
2,"Environment: 1, AimModifier: 2",10.93574,false,0,0,0,NA,false,0,0,0,NA,-1,-1,-1,-1,-1,-2,-2,false,0,0,0,NA,-1,-1,-1,-1,-1,-2,-2
2,"Environment: 1, AimModifier: 2",10.93733,false,0,0,0,NA,false,0,0,0,NA,-1,-1,-1,-1,-1,-2,-2,false,0,0,0,NA,-1,-1,-1,-1,-1,-2,-2
2,"Environment: 1, AimModifier: 2",10.93906,false,0,0,0,NA,false,0,0,0,NA,-1,-1,-1,-1,-1,-2,-2,false,0,0,0,NA,-1,-1,-1,-1,-1,-2,-2
2,"Environment: 1, AimModifier: 2",10.94071,false,0,0,0,NA,false,0,0,0,NA,-1,-1,-1,-1,-1,-2,-2,false,0,0,0,NA,-1,-1,-1,-1,-1,-2,-2
2,"Environment: 1, AimModifier: 2",10.94217,false,0,0,0,NA,false,0,0,0,NA,-1,-1,-1,-1,-1,-2,-2,false,0,0,0,NA,-1,-1,-1,-1,-1,-2,-2
2,"Environment: 1, AimModifier: 2",10.94413,false,0,0,0,NA,false,0,0,0,NA,-1,-1,-1,-1,-1,-2,-2,false,0,0,0,NA,-1,-1,-1,-1,-1,-2,-2
2,"Environment: 1, AimModifier: 2",10.94602,false,0,0,0,NA,false,0,0,0,NA,-1,-1,-1,-1,-1,-2,-2,false,0,0,0,NA,-1,-1,-1,-1,-1,-2,-2
2,"Environment: 1, AimModifier: 2",10.94782,false,0,0,0,NA,false,0,0,0,NA,-1,-1,-1,-1,-1,-2,-2,false,0,0,0,NA,-1,-1,-1,-1,-1,-2,-2
2,"Environment: 1, AimModifier: 2",10.94989,false,0,0,0,NA,false,0,0,0,NA,-1,-1,-1,-1,-1,-2,-2,false,0,0,0,NA,-1,-1,-1,-1,-1,-2,-2
2,"Environment: 1, AimModifier: 2",10.95269,false,0,0,0,NA,false,0,0,0,NA,-1,-1,-1,-1,-1,-2,-2,false,0,0,0,NA,-1,-1,-1,-1,-1,-2,-2
2,"Environment: 1, AimModifier: 2",10.95456,false,0,0,0,NA,false,0,0,0,NA,-1,-1,-1,-1,-1,-2,-2,false,0,0,0,NA,-1,-1,-1,-1,-1,-2,-2
2,"Environment: 1, AimModifier: 2",10.95667,false,0,0,0,NA,false,0,0,0,NA,-1,-1,-1,-1,-1,-2,-2,false,0,0,0,NA,-1,-1,-1,-1,-1,-2,-2
2,"Environment: 1, AimModifier: 2",10.95863,false,0,0,0,NA,false,0,0,0,NA,-1,-1,-1,-1,-1,-2,-2,false,0,0,0,NA,-1,-1,-1,-1,-1,-2,-2
2,"Environment: 1, AimModifier: 2",10.96047,false,0,0,0,NA,false,0,0,0,NA,-1,-1,-1,-1,-1,-2,-2,false,0,0,0,NA,-1,-1,-1,-1,-1,-2,-2
2,"Environment: 1, AimModifier: 2",10.9622,false,0,0,0,NA,false,0,0,0,NA,-1,-1,-1,-1,-1,-2,-2,false,0,0,0,NA,-1,-1,-1,-1,-1,-2,-2
2,"Environment: 1, AimModifier: 2",10.96375,false,0,0,0,NA,false,0,0,0,NA,-1,-1,-1,-1,-1,-2,-2,false,0,0,0,NA,-1,-1,-1,-1,-1,-2,-2
2,"Environment: 1, AimModifier: 2",10.96561,false,0,0,0,NA,false,0,0,0,NA,-1,-1,-1,-1,-1,-2,-2,false,0,0,0,NA,-1,-1,-1,-1,-1,-2,-2
2,"Environment: 1, AimModifier: 2",10.96745,false,0,0,0,NA,false,0,0,0,NA,-1,-1,-1,-1,-1,-2,-2,false,0,0,0,NA,-1,-1,-1,-1,-1,-2,-2
2,"Environment: 1, AimModifier: 2",10.96914,false,0,0,0,NA,false,0,0,0,NA,-1,-1,-1,-1,-1,-2,-2,false,0,0,0,NA,-1,-1,-1,-1,-1,-2,-2
2,"Environment: 1, AimModifier: 2",10.97073,false,0,0,0,NA,false,0,0,0,NA,-1,-1,-1,-1,-1,-2,-2,false,0,0,0,NA,-1,-1,-1,-1,-1,-2,-2
2,"Environment: 1, AimModifier: 2",10.97296,false,0,0,0,NA,false,0,0,0,NA,-1,-1,-1,-1,-1,-2,-2,false,0,0,0,NA,-1,-1,-1,-1,-1,-2,-2
2,"Environment: 1, AimModifier: 2",10.97472,false,0,0,0,NA,false,0,0,0,NA,-1,-1,-1,-1,-1,-2,-2,false,0,0,0,NA,-1,-1,-1,-1,-1,-2,-2
2,"Environment: 1, AimModifier: 2",10.97614,false,0,0,0,NA,false,0,0,0,NA,-1,-1,-1,-1,-1,-2,-2,false,0,0,0,NA,-1,-1,-1,-1,-1,-2,-2
2,"Environment: 1, AimModifier: 2",10.97751,false,0,0,0,NA,false,0,0,0,NA,-1,-1,-1,-1,-1,-2,-2,false,0,0,0,NA,-1,-1,-1,-1,-1,-2,-2
2,"Environment: 1, AimModifier: 2",10.97924,false,0,0,0,NA,false,0,0,0,NA,-1,-1,-1,-1,-1,-2,-2,false,0,0,0,NA,-1,-1,-1,-1,-1,-2,-2
2,"Environment: 1, AimModifier: 2",10.98094,false,0,0,0,NA,false,0,0,0,NA,-1,-1,-1,-1,-1,-2,-2,false,0,0,0,NA,-1,-1,-1,-1,-1,-2,-2
2,"Environment: 1, AimModifier: 2",10.9828,false,0,0,0,NA,false,0,0,0,NA,-1,-1,-1,-1,-1,-2,-2,false,0,0,0,NA,-1,-1,-1,-1,-1,-2,-2
2,"Environment: 1, AimModifier: 2",10.9844,false,0,0,0,NA,false,0,0,0,NA,-1,-1,-1,-1,-1,-2,-2,false,0,0,0,NA,-1,-1,-1,-1,-1,-2,-2
2,"Environment: 1, AimModifier: 2",10.98616,false,0,0,0,NA,false,0,0,0,NA,-1,-1,-1,-1,-1,-2,-2,false,0,0,0,NA,-1,-1,-1,-1,-1,-2,-2
2,"Environment: 1, AimModifier: 2",10.98779,false,0,0,0,NA,false,0,0,0,NA,-1,-1,-1,-1,-1,-2,-2,false,0,0,0,NA,-1,-1,-1,-1,-1,-2,-2
2,"Environment: 1, AimModifier: 2",10.9892,false,0,0,0,NA,false,0,0,0,NA,-1,-1,-1,-1,-1,-2,-2,false,0,0,0,NA,-1,-1,-1,-1,-1,-2,-2
2,"Environment: 1, AimModifier: 2",10.99064,false,0,0,0,NA,false,0,0,0,NA,-1,-1,-1,-1,-1,-2,-2,false,0,0,0,NA,-1,-1,-1,-1,-1,-2,-2
2,"Environment: 1, AimModifier: 2",10.99226,false,0,0,0,NA,false,0,0,0,NA,-1,-1,-1,-1,-1,-2,-2,false,0,0,0,NA,-1,-1,-1,-1,-1,-2,-2
2,"Environment: 1, AimModifier: 2",10.99374,false,0,0,0,NA,false,0,0,0,NA,-1,-1,-1,-1,-1,-2,-2,false,0,0,0,NA,-1,-1,-1,-1,-1,-2,-2
2,"Environment: 1, AimModifier: 2",10.9959,false,0,0,0,NA,false,0,0,0,NA,-1,-1,-1,-1,-1,-2,-2,false,0,0,0,NA,-1,-1,-1,-1,-1,-2,-2
2,"Environment: 1, AimModifier: 2",10.99778,false,0,0,0,NA,false,0,0,0,NA,-1,-1,-1,-1,-1,-2,-2,false,0,0,0,NA,-1,-1,-1,-1,-1,-2,-2
2,"Environment: 1, AimModifier: 2",10.99943,false,0,0,0,NA,false,0,0,0,NA,-1,-1,-1,-1,-1,-2,-2,false,0,0,0,NA,-1,-1,-1,-1,-1,-2,-2
2,"Environment: 1, AimModifier: 2",11.00092,false,0,0,0,NA,false,0,0,0,NA,-1,-1,-1,-1,-1,-2,-2,false,0,0,0,NA,-1,-1,-1,-1,-1,-2,-2
2,"Environment: 1, AimModifier: 2",11.00224,false,0,0,0,NA,false,0,0,0,NA,-1,-1,-1,-1,-1,-2,-2,false,0,0,0,NA,-1,-1,-1,-1,-1,-2,-2
2,"Environment: 1, AimModifier: 2",11.00361,false,0,0,0,NA,false,0,0,0,NA,-1,-1,-1,-1,-1,-2,-2,false,0,0,0,NA,-1,-1,-1,-1,-1,-2,-2
2,"Environment: 1, AimModifier: 2",11.00505,false,0,0,0,NA,false,0,0,0,NA,-1,-1,-1,-1,-1,-2,-2,false,0,0,0,NA,-1,-1,-1,-1,-1,-2,-2
2,"Environment: 1, AimModifier: 2",11.00645,false,0,0,0,NA,false,0,0,0,NA,-1,-1,-1,-1,-1,-2,-2,false,0,0,0,NA,-1,-1,-1,-1,-1,-2,-2
2,"Environment: 1, AimModifier: 2",11.00875,false,0,0,0,NA,false,0,0,0,NA,-1,-1,-1,-1,-1,-2,-2,false,0,0,0,NA,-1,-1,-1,-1,-1,-2,-2
2,"Environment: 1, AimModifier: 2",11.01122,false,0,0,0,NA,false,0,0,0,NA,-1,-1,-1,-1,-1,-2,-2,false,0,0,0,NA,-1,-1,-1,-1,-1,-2,-2
2,"Environment: 1, AimModifier: 2",11.01279,false,0,0,0,NA,false,0,0,0,NA,-1,-1,-1,-1,-1,-2,-2,false,0,0,0,NA,-1,-1,-1,-1,-1,-2,-2
2,"Environment: 1, AimModifier: 2",11.01425,false,0,0,0,NA,false,0,0,0,NA,-1,-1,-1,-1,-1,-2,-2,false,0,0,0,NA,-1,-1,-1,-1,-1,-2,-2
2,"Environment: 1, AimModifier: 2",11.01605,false,0,0,0,NA,false,0,0,0,NA,-1,-1,-1,-1,-1,-2,-2,false,0,0,0,NA,-1,-1,-1,-1,-1,-2,-2
2,"Environment: 1, AimModifier: 2",11.01762,false,0,0,0,NA,false,0,0,0,NA,-1,-1,-1,-1,-1,-2,-2,false,0,0,0,NA,-1,-1,-1,-1,-1,-2,-2
2,"Environment: 1, AimModifier: 2",11.01934,false,0,0,0,NA,false,0,0,0,NA,-1,-1,-1,-1,-1,-2,-2,false,0,0,0,NA,-1,-1,-1,-1,-1,-2,-2
2,"Environment: 1, AimModifier: 2",11.02089,false,0,0,0,NA,false,0,0,0,NA,-1,-1,-1,-1,-1,-2,-2,false,0,0,0,NA,-1,-1,-1,-1,-1,-2,-2
2,"Environment: 1, AimModifier: 2",11.02244,false,0,0,0,NA,false,0,0,0,NA,-1,-1,-1,-1,-1,-2,-2,false,0,0,0,NA,-1,-1,-1,-1,-1,-2,-2
2,"Environment: 1, AimModifier: 2",11.02382,false,0,0,0,NA,false,0,0,0,NA,-1,-1,-1,-1,-1,-2,-2,false,0,0,0,NA,-1,-1,-1,-1,-1,-2,-2
2,"Environment: 1, AimModifier: 2",11.02536,false,0,0,0,NA,false,0,0,0,NA,-1,-1,-1,-1,-1,-2,-2,false,0,0,0,NA,-1,-1,-1,-1,-1,-2,-2
2,"Environment: 1, AimModifier: 2",11.02676,false,0,0,0,NA,false,0,0,0,NA,-1,-1,-1,-1,-1,-2,-2,false,0,0,0,NA,-1,-1,-1,-1,-1,-2,-2
2,"Environment: 1, AimModifier: 2",11.02842,false,0,0,0,NA,false,0,0,0,NA,-1,-1,-1,-1,-1,-2,-2,false,0,0,0,NA,-1,-1,-1,-1,-1,-2,-2
2,"Environment: 1, AimModifier: 2",11.02993,false,0,0,0,NA,false,0,0,0,NA,-1,-1,-1,-1,-1,-2,-2,false,0,0,0,NA,-1,-1,-1,-1,-1,-2,-2
2,"Environment: 1, AimModifier: 2",11.03122,false,0,0,0,NA,false,0,0,0,NA,-1,-1,-1,-1,-1,-2,-2,false,0,0,0,NA,-1,-1,-1,-1,-1,-2,-2
2,"Environment: 1, AimModifier: 2",11.03269,false,0,0,0,NA,false,0,0,0,NA,-1,-1,-1,-1,-1,-2,-2,false,0,0,0,NA,-1,-1,-1,-1,-1,-2,-2
2,"Environment: 1, AimModifier: 2",11.03438,false,0,0,0,NA,false,0,0,0,NA,-1,-1,-1,-1,-1,-2,-2,false,0,0,0,NA,-1,-1,-1,-1,-1,-2,-2
2,"Environment: 1, AimModifier: 2",11.03586,false,0,0,0,NA,false,0,0,0,NA,-1,-1,-1,-1,-1,-2,-2,false,0,0,0,NA,-1,-1,-1,-1,-1,-2,-2
2,"Environment: 1, AimModifier: 2",11.03894,false,0,0,0,NA,false,0,0,0,NA,-1,-1,-1,-1,-1,-2,-2,false,0,0,0,NA,-1,-1,-1,-1,-1,-2,-2
2,"Environment: 1, AimModifier: 2",11.04067,false,0,0,0,NA,false,0,0,0,NA,-1,-1,-1,-1,-1,-2,-2,false,0,0,0,NA,-1,-1,-1,-1,-1,-2,-2
2,"Environment: 1, AimModifier: 2",11.04249,false,0,0,0,NA,false,0,0,0,NA,-1,-1,-1,-1,-1,-2,-2,false,0,0,0,NA,-1,-1,-1,-1,-1,-2,-2
2,"Environment: 1, AimModifier: 2",11.04449,false,0,0,0,NA,false,0,0,0,NA,-1,-1,-1,-1,-1,-2,-2,false,0,0,0,NA,-1,-1,-1,-1,-1,-2,-2
2,"Environment: 1, AimModifier: 2",11.04615,false,0,0,0,NA,false,0,0,0,NA,-1,-1,-1,-1,-1,-2,-2,false,0,0,0,NA,-1,-1,-1,-1,-1,-2,-2
2,"Environment: 1, AimModifier: 2",11.04744,false,0,0,0,NA,false,0,0,0,NA,-1,-1,-1,-1,-1,-2,-2,false,0,0,0,NA,-1,-1,-1,-1,-1,-2,-2
2,"Environment: 1, AimModifier: 2",11.04878,false,0,0,0,NA,false,0,0,0,NA,-1,-1,-1,-1,-1,-2,-2,false,0,0,0,NA,-1,-1,-1,-1,-1,-2,-2
2,"Environment: 1, AimModifier: 2",11.05021,false,0,0,0,NA,false,0,0,0,NA,-1,-1,-1,-1,-1,-2,-2,false,0,0,0,NA,-1,-1,-1,-1,-1,-2,-2
2,"Environment: 1, AimModifier: 2",11.05164,false,0,0,0,NA,false,0,0,0,NA,-1,-1,-1,-1,-1,-2,-2,false,0,0,0,NA,-1,-1,-1,-1,-1,-2,-2
2,"Environment: 1, AimModifier: 2",11.05297,false,0,0,0,NA,false,0,0,0,NA,-1,-1,-1,-1,-1,-2,-2,false,0,0,0,NA,-1,-1,-1,-1,-1,-2,-2
2,"Environment: 1, AimModifier: 2",11.05434,false,0,0,0,NA,false,0,0,0,NA,-1,-1,-1,-1,-1,-2,-2,false,0,0,0,NA,-1,-1,-1,-1,-1,-2,-2
2,"Environment: 1, AimModifier: 2",11.05567,false,0,0,0,NA,false,0,0,0,NA,-1,-1,-1,-1,-1,-2,-2,false,0,0,0,NA,-1,-1,-1,-1,-1,-2,-2
2,"Environment: 1, AimModifier: 2",11.05698,false,0,0,0,NA,false,0,0,0,NA,-1,-1,-1,-1,-1,-2,-2,false,0,0,0,NA,-1,-1,-1,-1,-1,-2,-2
2,"Environment: 1, AimModifier: 2",11.05831,false,0,0,0,NA,false,0,0,0,NA,-1,-1,-1,-1,-1,-2,-2,false,0,0,0,NA,-1,-1,-1,-1,-1,-2,-2
2,"Environment: 1, AimModifier: 2",11.0599,false,0,0,0,NA,false,0,0,0,NA,-1,-1,-1,-1,-1,-2,-2,false,0,0,0,NA,-1,-1,-1,-1,-1,-2,-2
2,"Environment: 1, AimModifier: 2",11.0612,false,0,0,0,NA,false,0,0,0,NA,-1,-1,-1,-1,-1,-2,-2,false,0,0,0,NA,-1,-1,-1,-1,-1,-2,-2
2,"Environment: 1, AimModifier: 2",11.06256,false,0,0,0,NA,false,0,0,0,NA,-1,-1,-1,-1,-1,-2,-2,false,0,0,0,NA,-1,-1,-1,-1,-1,-2,-2
2,"Environment: 1, AimModifier: 2",11.06553,false,0,0,0,NA,false,0,0,0,NA,-1,-1,-1,-1,-1,-2,-2,false,0,0,0,NA,-1,-1,-1,-1,-1,-2,-2
2,"Environment: 1, AimModifier: 2",11.06693,false,0,0,0,NA,false,0,0,0,NA,-1,-1,-1,-1,-1,-2,-2,false,0,0,0,NA,-1,-1,-1,-1,-1,-2,-2
2,"Environment: 1, AimModifier: 2",11.06853,false,0,0,0,NA,false,0,0,0,NA,-1,-1,-1,-1,-1,-2,-2,false,0,0,0,NA,-1,-1,-1,-1,-1,-2,-2
2,"Environment: 1, AimModifier: 2",11.07016,false,0,0,0,NA,false,0,0,0,NA,-1,-1,-1,-1,-1,-2,-2,false,0,0,0,NA,-1,-1,-1,-1,-1,-2,-2
2,"Environment: 1, AimModifier: 2",11.07156,false,0,0,0,NA,false,0,0,0,NA,-1,-1,-1,-1,-1,-2,-2,false,0,0,0,NA,-1,-1,-1,-1,-1,-2,-2
2,"Environment: 1, AimModifier: 2",11.07289,false,0,0,0,NA,false,0,0,0,NA,-1,-1,-1,-1,-1,-2,-2,false,0,0,0,NA,-1,-1,-1,-1,-1,-2,-2
2,"Environment: 1, AimModifier: 2",11.07427,false,0,0,0,NA,false,0,0,0,NA,-1,-1,-1,-1,-1,-2,-2,false,0,0,0,NA,-1,-1,-1,-1,-1,-2,-2
2,"Environment: 1, AimModifier: 2",11.0757,false,0,0,0,NA,false,0,0,0,NA,-1,-1,-1,-1,-1,-2,-2,false,0,0,0,NA,-1,-1,-1,-1,-1,-2,-2
2,"Environment: 1, AimModifier: 2",11.07714,false,0,0,0,NA,false,0,0,0,NA,-1,-1,-1,-1,-1,-2,-2,false,0,0,0,NA,-1,-1,-1,-1,-1,-2,-2
2,"Environment: 1, AimModifier: 2",11.07907,false,0,0,0,NA,false,0,0,0,NA,-1,-1,-1,-1,-1,-2,-2,false,0,0,0,NA,-1,-1,-1,-1,-1,-2,-2
2,"Environment: 1, AimModifier: 2",11.08053,false,0,0,0,NA,false,0,0,0,NA,-1,-1,-1,-1,-1,-2,-2,false,0,0,0,NA,-1,-1,-1,-1,-1,-2,-2
2,"Environment: 1, AimModifier: 2",11.08199,false,0,0,0,NA,false,0,0,0,NA,-1,-1,-1,-1,-1,-2,-2,false,0,0,0,NA,-1,-1,-1,-1,-1,-2,-2
2,"Environment: 1, AimModifier: 2",11.08341,false,0,0,0,NA,false,0,0,0,NA,-1,-1,-1,-1,-1,-2,-2,false,0,0,0,NA,-1,-1,-1,-1,-1,-2,-2
2,"Environment: 1, AimModifier: 2",11.08474,false,0,0,0,NA,false,0,0,0,NA,-1,-1,-1,-1,-1,-2,-2,false,0,0,0,NA,-1,-1,-1,-1,-1,-2,-2
2,"Environment: 1, AimModifier: 2",11.08668,false,0,0,0,NA,false,0,0,0,NA,-1,-1,-1,-1,-1,-2,-2,false,0,0,0,NA,-1,-1,-1,-1,-1,-2,-2
2,"Environment: 1, AimModifier: 2",11.08804,false,0,0,0,NA,false,0,0,0,NA,-1,-1,-1,-1,-1,-2,-2,false,0,0,0,NA,-1,-1,-1,-1,-1,-2,-2
2,"Environment: 1, AimModifier: 2",11.08934,false,0,0,0,NA,false,0,0,0,NA,-1,-1,-1,-1,-1,-2,-2,false,0,0,0,NA,-1,-1,-1,-1,-1,-2,-2
2,"Environment: 1, AimModifier: 2",11.09067,false,0,0,0,NA,false,0,0,0,NA,-1,-1,-1,-1,-1,-2,-2,false,0,0,0,NA,-1,-1,-1,-1,-1,-2,-2
2,"Environment: 1, AimModifier: 2",11.09197,false,0,0,0,NA,false,0,0,0,NA,-1,-1,-1,-1,-1,-2,-2,false,0,0,0,NA,-1,-1,-1,-1,-1,-2,-2
2,"Environment: 1, AimModifier: 2",11.09327,false,0,0,0,NA,false,0,0,0,NA,-1,-1,-1,-1,-1,-2,-2,false,0,0,0,NA,-1,-1,-1,-1,-1,-2,-2
2,"Environment: 1, AimModifier: 2",11.09457,false,0,0,0,NA,false,0,0,0,NA,-1,-1,-1,-1,-1,-2,-2,false,0,0,0,NA,-1,-1,-1,-1,-1,-2,-2
2,"Environment: 1, AimModifier: 2",11.09584,false,0,0,0,NA,false,0,0,0,NA,-1,-1,-1,-1,-1,-2,-2,false,0,0,0,NA,-1,-1,-1,-1,-1,-2,-2
2,"Environment: 1, AimModifier: 2",11.09716,false,0,0,0,NA,false,0,0,0,NA,-1,-1,-1,-1,-1,-2,-2,false,0,0,0,NA,-1,-1,-1,-1,-1,-2,-2
2,"Environment: 1, AimModifier: 2",11.09842,false,0,0,0,NA,false,0,0,0,NA,-1,-1,-1,-1,-1,-2,-2,false,0,0,0,NA,-1,-1,-1,-1,-1,-2,-2
2,"Environment: 1, AimModifier: 2",11.09972,false,0,0,0,NA,false,0,0,0,NA,-1,-1,-1,-1,-1,-2,-2,false,0,0,0,NA,-1,-1,-1,-1,-1,-2,-2
2,"Environment: 1, AimModifier: 2",11.10109,false,0,0,0,NA,false,0,0,0,NA,-1,-1,-1,-1,-1,-2,-2,false,0,0,0,NA,-1,-1,-1,-1,-1,-2,-2
2,"Environment: 1, AimModifier: 2",11.10257,false,0,0,0,NA,false,0,0,0,NA,-1,-1,-1,-1,-1,-2,-2,false,0,0,0,NA,-1,-1,-1,-1,-1,-2,-2
2,"Environment: 1, AimModifier: 2",11.10397,false,0,0,0,NA,false,0,0,0,NA,-1,-1,-1,-1,-1,-2,-2,false,0,0,0,NA,-1,-1,-1,-1,-1,-2,-2
2,"Environment: 1, AimModifier: 2",11.10546,false,0,0,0,NA,false,0,0,0,NA,-1,-1,-1,-1,-1,-2,-2,false,0,0,0,NA,-1,-1,-1,-1,-1,-2,-2
2,"Environment: 1, AimModifier: 2",11.10699,false,0,0,0,NA,false,0,0,0,NA,-1,-1,-1,-1,-1,-2,-2,false,0,0,0,NA,-1,-1,-1,-1,-1,-2,-2
2,"Environment: 1, AimModifier: 2",11.10832,false,0,0,0,NA,false,0,0,0,NA,-1,-1,-1,-1,-1,-2,-2,false,0,0,0,NA,-1,-1,-1,-1,-1,-2,-2
2,"Environment: 1, AimModifier: 2",11.10965,false,0,0,0,NA,false,0,0,0,NA,-1,-1,-1,-1,-1,-2,-2,false,0,0,0,NA,-1,-1,-1,-1,-1,-2,-2
2,"Environment: 1, AimModifier: 2",11.11109,false,0,0,0,NA,false,0,0,0,NA,-1,-1,-1,-1,-1,-2,-2,false,0,0,0,NA,-1,-1,-1,-1,-1,-2,-2
2,"Environment: 1, AimModifier: 2",11.11256,false,0,0,0,NA,false,0,0,0,NA,-1,-1,-1,-1,-1,-2,-2,false,0,0,0,NA,-1,-1,-1,-1,-1,-2,-2
2,"Environment: 1, AimModifier: 2",11.11394,false,0,0,0,NA,false,0,0,0,NA,-1,-1,-1,-1,-1,-2,-2,false,0,0,0,NA,-1,-1,-1,-1,-1,-2,-2
2,"Environment: 1, AimModifier: 2",11.11548,false,0,0,0,NA,false,0,0,0,NA,-1,-1,-1,-1,-1,-2,-2,false,0,0,0,NA,-1,-1,-1,-1,-1,-2,-2
2,"Environment: 1, AimModifier: 2",11.11686,false,0,0,0,NA,false,0,0,0,NA,-1,-1,-1,-1,-1,-2,-2,false,0,0,0,NA,-1,-1,-1,-1,-1,-2,-2
2,"Environment: 1, AimModifier: 2",11.11959,false,0,0,0,NA,false,0,0,0,NA,-1,-1,-1,-1,-1,-2,-2,false,0,0,0,NA,-1,-1,-1,-1,-1,-2,-2
2,"Environment: 1, AimModifier: 2",11.12107,false,0,0,0,NA,false,0,0,0,NA,-1,-1,-1,-1,-1,-2,-2,false,0,0,0,NA,-1,-1,-1,-1,-1,-2,-2
2,"Environment: 1, AimModifier: 2",11.12239,false,0,0,0,NA,false,0,0,0,NA,-1,-1,-1,-1,-1,-2,-2,false,0,0,0,NA,-1,-1,-1,-1,-1,-2,-2
2,"Environment: 1, AimModifier: 2",11.12367,false,0,0,0,NA,false,0,0,0,NA,-1,-1,-1,-1,-1,-2,-2,false,0,0,0,NA,-1,-1,-1,-1,-1,-2,-2
2,"Environment: 1, AimModifier: 2",11.12616,false,0,0,0,NA,false,0,0,0,NA,-1,-1,-1,-1,-1,-2,-2,false,0,0,0,NA,-1,-1,-1,-1,-1,-2,-2
2,"Environment: 1, AimModifier: 2",11.12746,false,0,0,0,NA,false,0,0,0,NA,-1,-1,-1,-1,-1,-2,-2,false,0,0,0,NA,-1,-1,-1,-1,-1,-2,-2
2,"Environment: 1, AimModifier: 2",11.12884,false,0,0,0,NA,false,0,0,0,NA,-1,-1,-1,-1,-1,-2,-2,false,0,0,0,NA,-1,-1,-1,-1,-1,-2,-2
2,"Environment: 1, AimModifier: 2",11.13034,false,0,0,0,NA,false,0,0,0,NA,-1,-1,-1,-1,-1,-2,-2,false,0,0,0,NA,-1,-1,-1,-1,-1,-2,-2
2,"Environment: 1, AimModifier: 2",11.1318,false,0,0,0,NA,false,0,0,0,NA,-1,-1,-1,-1,-1,-2,-2,false,0,0,0,NA,-1,-1,-1,-1,-1,-2,-2
2,"Environment: 1, AimModifier: 2",11.13416,false,0,0,0,NA,false,0,0,0,NA,-1,-1,-1,-1,-1,-2,-2,false,0,0,0,NA,-1,-1,-1,-1,-1,-2,-2
2,"Environment: 1, AimModifier: 2",11.13559,false,0,0,0,NA,false,0,0,0,NA,-1,-1,-1,-1,-1,-2,-2,false,0,0,0,NA,-1,-1,-1,-1,-1,-2,-2
2,"Environment: 1, AimModifier: 2",11.13696,false,0,0,0,NA,false,0,0,0,NA,-1,-1,-1,-1,-1,-2,-2,false,0,0,0,NA,-1,-1,-1,-1,-1,-2,-2
2,"Environment: 1, AimModifier: 2",11.13839,false,0,0,0,NA,false,0,0,0,NA,-1,-1,-1,-1,-1,-2,-2,false,0,0,0,NA,-1,-1,-1,-1,-1,-2,-2
2,"Environment: 1, AimModifier: 2",11.13965,false,0,0,0,NA,false,0,0,0,NA,-1,-1,-1,-1,-1,-2,-2,false,0,0,0,NA,-1,-1,-1,-1,-1,-2,-2
2,"Environment: 1, AimModifier: 2",11.14159,false,0,0,0,NA,false,0,0,0,NA,-1,-1,-1,-1,-1,-2,-2,false,0,0,0,NA,-1,-1,-1,-1,-1,-2,-2
2,"Environment: 1, AimModifier: 2",11.14302,false,0,0,0,NA,false,0,0,0,NA,-1,-1,-1,-1,-1,-2,-2,false,0,0,0,NA,-1,-1,-1,-1,-1,-2,-2
2,"Environment: 1, AimModifier: 2",11.14433,false,0,0,0,NA,false,0,0,0,NA,-1,-1,-1,-1,-1,-2,-2,false,0,0,0,NA,-1,-1,-1,-1,-1,-2,-2
2,"Environment: 1, AimModifier: 2",11.14579,false,0,0,0,NA,false,0,0,0,NA,-1,-1,-1,-1,-1,-2,-2,false,0,0,0,NA,-1,-1,-1,-1,-1,-2,-2
2,"Environment: 1, AimModifier: 2",11.14815,false,0,0,0,NA,false,0,0,0,NA,-1,-1,-1,-1,-1,-2,-2,false,0,0,0,NA,-1,-1,-1,-1,-1,-2,-2
2,"Environment: 1, AimModifier: 2",11.15047,false,0,0,0,NA,false,0,0,0,NA,-1,-1,-1,-1,-1,-2,-2,false,0,0,0,NA,-1,-1,-1,-1,-1,-2,-2
2,"Environment: 1, AimModifier: 2",11.15201,false,0,0,0,NA,false,0,0,0,NA,-1,-1,-1,-1,-1,-2,-2,false,0,0,0,NA,-1,-1,-1,-1,-1,-2,-2
2,"Environment: 1, AimModifier: 2",11.15335,false,0,0,0,NA,false,0,0,0,NA,-1,-1,-1,-1,-1,-2,-2,false,0,0,0,NA,-1,-1,-1,-1,-1,-2,-2
2,"Environment: 1, AimModifier: 2",11.15471,false,0,0,0,NA,false,0,0,0,NA,-1,-1,-1,-1,-1,-2,-2,false,0,0,0,NA,-1,-1,-1,-1,-1,-2,-2
2,"Environment: 1, AimModifier: 2",11.15681,false,0,0,0,NA,false,0,0,0,NA,-1,-1,-1,-1,-1,-2,-2,false,0,0,0,NA,-1,-1,-1,-1,-1,-2,-2
2,"Environment: 1, AimModifier: 2",11.15816,false,0,0,0,NA,false,0,0,0,NA,-1,-1,-1,-1,-1,-2,-2,false,0,0,0,NA,-1,-1,-1,-1,-1,-2,-2
2,"Environment: 1, AimModifier: 2",11.15955,false,0,0,0,NA,false,0,0,0,NA,-1,-1,-1,-1,-1,-2,-2,false,0,0,0,NA,-1,-1,-1,-1,-1,-2,-2
2,"Environment: 1, AimModifier: 2",11.16199,false,0,0,0,NA,false,0,0,0,NA,-1,-1,-1,-1,-1,-2,-2,false,0,0,0,NA,-1,-1,-1,-1,-1,-2,-2
2,"Environment: 1, AimModifier: 2",11.16444,false,0,0,0,NA,false,0,0,0,NA,-1,-1,-1,-1,-1,-2,-2,false,0,0,0,NA,-1,-1,-1,-1,-1,-2,-2
2,"Environment: 1, AimModifier: 2",11.16609,false,0,0,0,NA,false,0,0,0,NA,-1,-1,-1,-1,-1,-2,-2,false,0,0,0,NA,-1,-1,-1,-1,-1,-2,-2
2,"Environment: 1, AimModifier: 2",11.16751,false,0,0,0,NA,false,0,0,0,NA,-1,-1,-1,-1,-1,-2,-2,false,0,0,0,NA,-1,-1,-1,-1,-1,-2,-2
2,"Environment: 1, AimModifier: 2",11.1704,false,0,0,0,NA,false,0,0,0,NA,-1,-1,-1,-1,-1,-2,-2,false,0,0,0,NA,-1,-1,-1,-1,-1,-2,-2
2,"Environment: 1, AimModifier: 2",11.17182,false,0,0,0,NA,false,0,0,0,NA,-1,-1,-1,-1,-1,-2,-2,false,0,0,0,NA,-1,-1,-1,-1,-1,-2,-2
2,"Environment: 1, AimModifier: 2",11.17326,false,0,0,0,NA,false,0,0,0,NA,-1,-1,-1,-1,-1,-2,-2,false,0,0,0,NA,-1,-1,-1,-1,-1,-2,-2
2,"Environment: 1, AimModifier: 2",11.17474,false,0,0,0,NA,false,0,0,0,NA,-1,-1,-1,-1,-1,-2,-2,false,0,0,0,NA,-1,-1,-1,-1,-1,-2,-2
2,"Environment: 1, AimModifier: 2",11.1776,false,0,0,0,NA,false,0,0,0,NA,-1,-1,-1,-1,-1,-2,-2,false,0,0,0,NA,-1,-1,-1,-1,-1,-2,-2
2,"Environment: 1, AimModifier: 2",11.1791,false,0,0,0,NA,false,0,0,0,NA,-1,-1,-1,-1,-1,-2,-2,false,0,0,0,NA,-1,-1,-1,-1,-1,-2,-2
2,"Environment: 1, AimModifier: 2",11.18043,false,0,0,0,NA,false,0,0,0,NA,-1,-1,-1,-1,-1,-2,-2,false,0,0,0,NA,-1,-1,-1,-1,-1,-2,-2
2,"Environment: 1, AimModifier: 2",11.18257,false,0,0,0,NA,false,0,0,0,NA,-1,-1,-1,-1,-1,-2,-2,false,0,0,0,NA,-1,-1,-1,-1,-1,-2,-2
2,"Environment: 1, AimModifier: 2",11.18464,false,0,0,0,NA,false,0,0,0,NA,-1,-1,-1,-1,-1,-2,-2,false,0,0,0,NA,-1,-1,-1,-1,-1,-2,-2
2,"Environment: 1, AimModifier: 2",11.18637,false,0,0,0,NA,false,0,0,0,NA,-1,-1,-1,-1,-1,-2,-2,false,0,0,0,NA,-1,-1,-1,-1,-1,-2,-2
2,"Environment: 1, AimModifier: 2",11.18775,false,0,0,0,NA,false,0,0,0,NA,-1,-1,-1,-1,-1,-2,-2,false,0,0,0,NA,-1,-1,-1,-1,-1,-2,-2
2,"Environment: 1, AimModifier: 2",11.18998,false,0,0,0,NA,false,0,0,0,NA,-1,-1,-1,-1,-1,-2,-2,false,0,0,0,NA,-1,-1,-1,-1,-1,-2,-2
2,"Environment: 1, AimModifier: 2",11.19197,false,0,0,0,NA,false,0,0,0,NA,-1,-1,-1,-1,-1,-2,-2,false,0,0,0,NA,-1,-1,-1,-1,-1,-2,-2
2,"Environment: 1, AimModifier: 2",11.19329,false,0,0,0,NA,false,0,0,0,NA,-1,-1,-1,-1,-1,-2,-2,false,0,0,0,NA,-1,-1,-1,-1,-1,-2,-2
2,"Environment: 1, AimModifier: 2",11.19458,false,0,0,0,NA,false,0,0,0,NA,-1,-1,-1,-1,-1,-2,-2,false,0,0,0,NA,-1,-1,-1,-1,-1,-2,-2
2,"Environment: 1, AimModifier: 2",11.19594,false,0,0,0,NA,false,0,0,0,NA,-1,-1,-1,-1,-1,-2,-2,false,0,0,0,NA,-1,-1,-1,-1,-1,-2,-2
2,"Environment: 1, AimModifier: 2",11.19874,false,0,0,0,NA,false,0,0,0,NA,-1,-1,-1,-1,-1,-2,-2,false,0,0,0,NA,-1,-1,-1,-1,-1,-2,-2
2,"Environment: 1, AimModifier: 2",11.20061,false,0,0,0,NA,false,0,0,0,NA,-1,-1,-1,-1,-1,-2,-2,false,0,0,0,NA,-1,-1,-1,-1,-1,-2,-2
2,"Environment: 1, AimModifier: 2",11.20241,false,0,0,0,NA,false,0,0,0,NA,-1,-1,-1,-1,-1,-2,-2,false,0,0,0,NA,-1,-1,-1,-1,-1,-2,-2
2,"Environment: 1, AimModifier: 2",11.204,false,0,0,0,NA,false,0,0,0,NA,-1,-1,-1,-1,-1,-2,-2,false,0,0,0,NA,-1,-1,-1,-1,-1,-2,-2
2,"Environment: 1, AimModifier: 2",11.20642,false,0,0,0,NA,false,0,0,0,NA,-1,-1,-1,-1,-1,-2,-2,false,0,0,0,NA,-1,-1,-1,-1,-1,-2,-2
2,"Environment: 1, AimModifier: 2",11.20782,false,0,0,0,NA,false,0,0,0,NA,-1,-1,-1,-1,-1,-2,-2,false,0,0,0,NA,-1,-1,-1,-1,-1,-2,-2
2,"Environment: 1, AimModifier: 2",11.20942,false,0,0,0,NA,false,0,0,0,NA,-1,-1,-1,-1,-1,-2,-2,false,0,0,0,NA,-1,-1,-1,-1,-1,-2,-2
2,"Environment: 1, AimModifier: 2",11.21077,false,0,0,0,NA,false,0,0,0,NA,-1,-1,-1,-1,-1,-2,-2,false,0,0,0,NA,-1,-1,-1,-1,-1,-2,-2
2,"Environment: 1, AimModifier: 2",11.21278,false,0,0,0,NA,false,0,0,0,NA,-1,-1,-1,-1,-1,-2,-2,false,0,0,0,NA,-1,-1,-1,-1,-1,-2,-2
2,"Environment: 1, AimModifier: 2",11.21482,false,0,0,0,NA,false,0,0,0,NA,-1,-1,-1,-1,-1,-2,-2,false,0,0,0,NA,-1,-1,-1,-1,-1,-2,-2
2,"Environment: 1, AimModifier: 2",11.21647,false,0,0,0,NA,false,0,0,0,NA,-1,-1,-1,-1,-1,-2,-2,false,0,0,0,NA,-1,-1,-1,-1,-1,-2,-2
2,"Environment: 1, AimModifier: 2",11.21833,false,0,0,0,NA,false,0,0,0,NA,-1,-1,-1,-1,-1,-2,-2,false,0,0,0,NA,-1,-1,-1,-1,-1,-2,-2
2,"Environment: 1, AimModifier: 2",11.22069,false,0,0,0,NA,false,0,0,0,NA,-1,-1,-1,-1,-1,-2,-2,false,0,0,0,NA,-1,-1,-1,-1,-1,-2,-2
2,"Environment: 1, AimModifier: 2",11.22209,false,0,0,0,NA,false,0,0,0,NA,-1,-1,-1,-1,-1,-2,-2,false,0,0,0,NA,-1,-1,-1,-1,-1,-2,-2
2,"Environment: 1, AimModifier: 2",11.22346,false,0,0,0,NA,false,0,0,0,NA,-1,-1,-1,-1,-1,-2,-2,false,0,0,0,NA,-1,-1,-1,-1,-1,-2,-2
2,"Environment: 1, AimModifier: 2",11.22478,false,0,0,0,NA,false,0,0,0,NA,-1,-1,-1,-1,-1,-2,-2,false,0,0,0,NA,-1,-1,-1,-1,-1,-2,-2
2,"Environment: 1, AimModifier: 2",11.22725,false,0,0,0,NA,false,0,0,0,NA,-1,-1,-1,-1,-1,-2,-2,false,0,0,0,NA,-1,-1,-1,-1,-1,-2,-2
2,"Environment: 1, AimModifier: 2",11.22917,false,0,0,0,NA,false,0,0,0,NA,-1,-1,-1,-1,-1,-2,-2,false,0,0,0,NA,-1,-1,-1,-1,-1,-2,-2
2,"Environment: 1, AimModifier: 2",11.23068,false,0,0,0,NA,false,0,0,0,NA,-1,-1,-1,-1,-1,-2,-2,false,0,0,0,NA,-1,-1,-1,-1,-1,-2,-2
2,"Environment: 1, AimModifier: 2",11.23209,false,0,0,0,NA,false,0,0,0,NA,-1,-1,-1,-1,-1,-2,-2,false,0,0,0,NA,-1,-1,-1,-1,-1,-2,-2
2,"Environment: 1, AimModifier: 2",11.23482,false,0,0,0,NA,false,0,0,0,NA,-1,-1,-1,-1,-1,-2,-2,false,0,0,0,NA,-1,-1,-1,-1,-1,-2,-2
2,"Environment: 1, AimModifier: 2",11.23677,false,0,0,0,NA,false,0,0,0,NA,-1,-1,-1,-1,-1,-2,-2,false,0,0,0,NA,-1,-1,-1,-1,-1,-2,-2
2,"Environment: 1, AimModifier: 2",11.23845,false,0,0,0,NA,false,0,0,0,NA,-1,-1,-1,-1,-1,-2,-2,false,0,0,0,NA,-1,-1,-1,-1,-1,-2,-2
2,"Environment: 1, AimModifier: 2",11.24107,false,0,0,0,NA,false,0,0,0,NA,-1,-1,-1,-1,-1,-2,-2,false,0,0,0,NA,-1,-1,-1,-1,-1,-2,-2
2,"Environment: 1, AimModifier: 2",11.24285,false,0,0,0,NA,false,0,0,0,NA,-1,-1,-1,-1,-1,-2,-2,false,0,0,0,NA,-1,-1,-1,-1,-1,-2,-2
2,"Environment: 1, AimModifier: 2",11.24446,false,0,0,0,NA,false,0,0,0,NA,-1,-1,-1,-1,-1,-2,-2,false,0,0,0,NA,-1,-1,-1,-1,-1,-2,-2
2,"Environment: 1, AimModifier: 2",11.24604,false,0,0,0,NA,false,0,0,0,NA,-1,-1,-1,-1,-1,-2,-2,false,0,0,0,NA,-1,-1,-1,-1,-1,-2,-2
2,"Environment: 1, AimModifier: 2",11.24995,false,0,0,0,NA,false,0,0,0,NA,-1,-1,-1,-1,-1,-2,-2,false,0,0,0,NA,-1,-1,-1,-1,-1,-2,-2
2,"Environment: 1, AimModifier: 2",11.2523,false,0,0,0,NA,false,0,0,0,NA,-1,-1,-1,-1,-1,-2,-2,false,0,0,0,NA,-1,-1,-1,-1,-1,-2,-2
2,"Environment: 1, AimModifier: 2",11.25463,false,0,0,0,NA,false,0,0,0,NA,-1,-1,-1,-1,-1,-2,-2,false,0,0,0,NA,-1,-1,-1,-1,-1,-2,-2
2,"Environment: 1, AimModifier: 2",11.25618,false,0,0,0,NA,false,0,0,0,NA,-1,-1,-1,-1,-1,-2,-2,false,0,0,0,NA,-1,-1,-1,-1,-1,-2,-2
2,"Environment: 1, AimModifier: 2",11.25894,false,0,0,0,NA,false,0,0,0,NA,-1,-1,-1,-1,-1,-2,-2,false,0,0,0,NA,-1,-1,-1,-1,-1,-2,-2
2,"Environment: 1, AimModifier: 2",11.262,false,0,0,0,NA,false,0,0,0,NA,-1,-1,-1,-1,-1,-2,-2,false,0,0,0,NA,-1,-1,-1,-1,-1,-2,-2
2,"Environment: 1, AimModifier: 2",11.26436,false,0,0,0,NA,false,0,0,0,NA,-1,-1,-1,-1,-1,-2,-2,false,0,0,0,NA,-1,-1,-1,-1,-1,-2,-2
2,"Environment: 1, AimModifier: 2",11.26601,false,0,0,0,NA,false,0,0,0,NA,-1,-1,-1,-1,-1,-2,-2,false,0,0,0,NA,-1,-1,-1,-1,-1,-2,-2
2,"Environment: 1, AimModifier: 2",11.26806,false,0,0,0,NA,false,0,0,0,NA,-1,-1,-1,-1,-1,-2,-2,false,0,0,0,NA,-1,-1,-1,-1,-1,-2,-2
2,"Environment: 1, AimModifier: 2",11.26954,false,0,0,0,NA,false,0,0,0,NA,-1,-1,-1,-1,-1,-2,-2,false,0,0,0,NA,-1,-1,-1,-1,-1,-2,-2
2,"Environment: 1, AimModifier: 2",11.27105,false,0,0,0,NA,false,0,0,0,NA,-1,-1,-1,-1,-1,-2,-2,false,0,0,0,NA,-1,-1,-1,-1,-1,-2,-2
2,"Environment: 1, AimModifier: 2",11.27258,false,0,0,0,NA,false,0,0,0,NA,-1,-1,-1,-1,-1,-2,-2,false,0,0,0,NA,-1,-1,-1,-1,-1,-2,-2
2,"Environment: 1, AimModifier: 2",11.27395,false,0,0,0,NA,false,0,0,0,NA,-1,-1,-1,-1,-1,-2,-2,false,0,0,0,NA,-1,-1,-1,-1,-1,-2,-2
2,"Environment: 1, AimModifier: 2",11.27631,false,0,0,0,NA,false,0,0,0,NA,-1,-1,-1,-1,-1,-2,-2,false,0,0,0,NA,-1,-1,-1,-1,-1,-2,-2
2,"Environment: 1, AimModifier: 2",11.27772,false,0,0,0,NA,false,0,0,0,NA,-1,-1,-1,-1,-1,-2,-2,false,0,0,0,NA,-1,-1,-1,-1,-1,-2,-2
2,"Environment: 1, AimModifier: 2",11.27906,false,0,0,0,NA,false,0,0,0,NA,-1,-1,-1,-1,-1,-2,-2,false,0,0,0,NA,-1,-1,-1,-1,-1,-2,-2
2,"Environment: 1, AimModifier: 2",11.28183,false,0,0,0,NA,false,0,0,0,NA,-1,-1,-1,-1,-1,-2,-2,false,0,0,0,NA,-1,-1,-1,-1,-1,-2,-2
2,"Environment: 1, AimModifier: 2",11.28331,false,0,0,0,NA,false,0,0,0,NA,-1,-1,-1,-1,-1,-2,-2,false,0,0,0,NA,-1,-1,-1,-1,-1,-2,-2
2,"Environment: 1, AimModifier: 2",11.28482,false,0,0,0,NA,false,0,0,0,NA,-1,-1,-1,-1,-1,-2,-2,false,0,0,0,NA,-1,-1,-1,-1,-1,-2,-2
2,"Environment: 1, AimModifier: 2",11.28638,false,0,0,0,NA,false,0,0,0,NA,-1,-1,-1,-1,-1,-2,-2,false,0,0,0,NA,-1,-1,-1,-1,-1,-2,-2
2,"Environment: 1, AimModifier: 2",11.28914,false,0,0,0,NA,false,0,0,0,NA,-1,-1,-1,-1,-1,-2,-2,false,0,0,0,NA,-1,-1,-1,-1,-1,-2,-2
2,"Environment: 1, AimModifier: 2",11.29054,false,0,0,0,NA,false,0,0,0,NA,-1,-1,-1,-1,-1,-2,-2,false,0,0,0,NA,-1,-1,-1,-1,-1,-2,-2
2,"Environment: 1, AimModifier: 2",11.29191,false,0,0,0,NA,false,0,0,0,NA,-1,-1,-1,-1,-1,-2,-2,false,0,0,0,NA,-1,-1,-1,-1,-1,-2,-2
2,"Environment: 1, AimModifier: 2",11.29321,false,0,0,0,NA,false,0,0,0,NA,-1,-1,-1,-1,-1,-2,-2,false,0,0,0,NA,-1,-1,-1,-1,-1,-2,-2
2,"Environment: 1, AimModifier: 2",11.29455,false,0,0,0,NA,false,0,0,0,NA,-1,-1,-1,-1,-1,-2,-2,false,0,0,0,NA,-1,-1,-1,-1,-1,-2,-2
2,"Environment: 1, AimModifier: 2",11.29644,false,0,0,0,NA,false,0,0,0,NA,-1,-1,-1,-1,-1,-2,-2,false,0,0,0,NA,-1,-1,-1,-1,-1,-2,-2
2,"Environment: 1, AimModifier: 2",11.29784,false,0,0,0,NA,false,0,0,0,NA,-1,-1,-1,-1,-1,-2,-2,false,0,0,0,NA,-1,-1,-1,-1,-1,-2,-2
2,"Environment: 1, AimModifier: 2",11.29919,false,0,0,0,NA,false,0,0,0,NA,-1,-1,-1,-1,-1,-2,-2,false,0,0,0,NA,-1,-1,-1,-1,-1,-2,-2
2,"Environment: 1, AimModifier: 2",11.30171,false,0,0,0,NA,false,0,0,0,NA,-1,-1,-1,-1,-1,-2,-2,false,0,0,0,NA,-1,-1,-1,-1,-1,-2,-2
2,"Environment: 1, AimModifier: 2",11.30398,false,0,0,0,NA,false,0,0,0,NA,-1,-1,-1,-1,-1,-2,-2,false,0,0,0,NA,-1,-1,-1,-1,-1,-2,-2
2,"Environment: 1, AimModifier: 2",11.3057,false,0,0,0,NA,false,0,0,0,NA,-1,-1,-1,-1,-1,-2,-2,false,0,0,0,NA,-1,-1,-1,-1,-1,-2,-2
2,"Environment: 1, AimModifier: 2",11.30718,false,0,0,0,NA,false,0,0,0,NA,-1,-1,-1,-1,-1,-2,-2,false,0,0,0,NA,-1,-1,-1,-1,-1,-2,-2
2,"Environment: 1, AimModifier: 2",11.30967,false,0,0,0,NA,false,0,0,0,NA,-1,-1,-1,-1,-1,-2,-2,false,0,0,0,NA,-1,-1,-1,-1,-1,-2,-2
2,"Environment: 1, AimModifier: 2",11.31178,false,0,0,0,NA,false,0,0,0,NA,-1,-1,-1,-1,-1,-2,-2,false,0,0,0,NA,-1,-1,-1,-1,-1,-2,-2
2,"Environment: 1, AimModifier: 2",11.31353,false,0,0,0,NA,false,0,0,0,NA,-1,-1,-1,-1,-1,-2,-2,false,0,0,0,NA,-1,-1,-1,-1,-1,-2,-2
2,"Environment: 1, AimModifier: 2",11.31506,false,0,0,0,NA,false,0,0,0,NA,-1,-1,-1,-1,-1,-2,-2,false,0,0,0,NA,-1,-1,-1,-1,-1,-2,-2
2,"Environment: 1, AimModifier: 2",11.31724,false,0,0,0,NA,false,0,0,0,NA,-1,-1,-1,-1,-1,-2,-2,false,0,0,0,NA,-1,-1,-1,-1,-1,-2,-2
2,"Environment: 1, AimModifier: 2",11.31867,false,0,0,0,NA,false,0,0,0,NA,-1,-1,-1,-1,-1,-2,-2,false,0,0,0,NA,-1,-1,-1,-1,-1,-2,-2
2,"Environment: 1, AimModifier: 2",11.32001,false,0,0,0,NA,false,0,0,0,NA,-1,-1,-1,-1,-1,-2,-2,false,0,0,0,NA,-1,-1,-1,-1,-1,-2,-2
2,"Environment: 1, AimModifier: 2",11.3213,false,0,0,0,NA,false,0,0,0,NA,-1,-1,-1,-1,-1,-2,-2,false,0,0,0,NA,-1,-1,-1,-1,-1,-2,-2
2,"Environment: 1, AimModifier: 2",11.32401,false,0,0,0,NA,false,0,0,0,NA,-1,-1,-1,-1,-1,-2,-2,false,0,0,0,NA,-1,-1,-1,-1,-1,-2,-2
2,"Environment: 1, AimModifier: 2",11.32589,false,0,0,0,NA,false,0,0,0,NA,-1,-1,-1,-1,-1,-2,-2,false,0,0,0,NA,-1,-1,-1,-1,-1,-2,-2
2,"Environment: 1, AimModifier: 2",11.32748,false,0,0,0,NA,false,0,0,0,NA,-1,-1,-1,-1,-1,-2,-2,false,0,0,0,NA,-1,-1,-1,-1,-1,-2,-2
2,"Environment: 1, AimModifier: 2",11.32969,false,0,0,0,NA,false,0,0,0,NA,-1,-1,-1,-1,-1,-2,-2,false,0,0,0,NA,-1,-1,-1,-1,-1,-2,-2
2,"Environment: 1, AimModifier: 2",11.33203,false,0,0,0,NA,false,0,0,0,NA,-1,-1,-1,-1,-1,-2,-2,false,0,0,0,NA,-1,-1,-1,-1,-1,-2,-2
2,"Environment: 1, AimModifier: 2",11.33355,false,0,0,0,NA,false,0,0,0,NA,-1,-1,-1,-1,-1,-2,-2,false,0,0,0,NA,-1,-1,-1,-1,-1,-2,-2
2,"Environment: 1, AimModifier: 2",11.33486,false,0,0,0,NA,false,0,0,0,NA,-1,-1,-1,-1,-1,-2,-2,false,0,0,0,NA,-1,-1,-1,-1,-1,-2,-2
2,"Environment: 1, AimModifier: 2",11.33612,false,0,0,0,NA,false,0,0,0,NA,-1,-1,-1,-1,-1,-2,-2,false,0,0,0,NA,-1,-1,-1,-1,-1,-2,-2
2,"Environment: 1, AimModifier: 2",11.3382,false,0,0,0,NA,false,0,0,0,NA,-1,-1,-1,-1,-1,-2,-2,false,0,0,0,NA,-1,-1,-1,-1,-1,-2,-2
2,"Environment: 1, AimModifier: 2",11.33946,false,0,0,0,NA,false,0,0,0,NA,-1,-1,-1,-1,-1,-2,-2,false,0,0,0,NA,-1,-1,-1,-1,-1,-2,-2
2,"Environment: 1, AimModifier: 2",11.34085,false,0,0,0,NA,false,0,0,0,NA,-1,-1,-1,-1,-1,-2,-2,false,0,0,0,NA,-1,-1,-1,-1,-1,-2,-2
2,"Environment: 1, AimModifier: 2",11.34291,false,0,0,0,NA,false,0,0,0,NA,-1,-1,-1,-1,-1,-2,-2,false,0,0,0,NA,-1,-1,-1,-1,-1,-2,-2
2,"Environment: 1, AimModifier: 2",11.34526,false,0,0,0,NA,false,0,0,0,NA,-1,-1,-1,-1,-1,-2,-2,false,0,0,0,NA,-1,-1,-1,-1,-1,-2,-2
2,"Environment: 1, AimModifier: 2",11.34658,false,0,0,0,NA,false,0,0,0,NA,-1,-1,-1,-1,-1,-2,-2,false,0,0,0,NA,-1,-1,-1,-1,-1,-2,-2
2,"Environment: 1, AimModifier: 2",11.34793,false,0,0,0,NA,false,0,0,0,NA,-1,-1,-1,-1,-1,-2,-2,false,0,0,0,NA,-1,-1,-1,-1,-1,-2,-2
2,"Environment: 1, AimModifier: 2",11.35014,false,0,0,0,NA,false,0,0,0,NA,-1,-1,-1,-1,-1,-2,-2,false,0,0,0,NA,-1,-1,-1,-1,-1,-2,-2
2,"Environment: 1, AimModifier: 2",11.35202,false,0,0,0,NA,false,0,0,0,NA,-1,-1,-1,-1,-1,-2,-2,false,0,0,0,NA,-1,-1,-1,-1,-1,-2,-2
2,"Environment: 1, AimModifier: 2",11.35333,false,0,0,0,NA,false,0,0,0,NA,-1,-1,-1,-1,-1,-2,-2,false,0,0,0,NA,-1,-1,-1,-1,-1,-2,-2
2,"Environment: 1, AimModifier: 2",11.35483,false,0,0,0,NA,false,0,0,0,NA,-1,-1,-1,-1,-1,-2,-2,false,0,0,0,NA,-1,-1,-1,-1,-1,-2,-2
2,"Environment: 1, AimModifier: 2",11.3562,false,0,0,0,NA,false,0,0,0,NA,-1,-1,-1,-1,-1,-2,-2,false,0,0,0,NA,-1,-1,-1,-1,-1,-2,-2
2,"Environment: 1, AimModifier: 2",11.35879,false,0,0,0,NA,false,0,0,0,NA,-1,-1,-1,-1,-1,-2,-2,false,0,0,0,NA,-1,-1,-1,-1,-1,-2,-2
2,"Environment: 1, AimModifier: 2",11.36011,false,0,0,0,NA,false,0,0,0,NA,-1,-1,-1,-1,-1,-2,-2,false,0,0,0,NA,-1,-1,-1,-1,-1,-2,-2
2,"Environment: 1, AimModifier: 2",11.36148,false,0,0,0,NA,false,0,0,0,NA,-1,-1,-1,-1,-1,-2,-2,false,0,0,0,NA,-1,-1,-1,-1,-1,-2,-2
2,"Environment: 1, AimModifier: 2",11.36283,false,0,0,0,NA,false,0,0,0,NA,-1,-1,-1,-1,-1,-2,-2,false,0,0,0,NA,-1,-1,-1,-1,-1,-2,-2
2,"Environment: 1, AimModifier: 2",11.36415,false,0,0,0,NA,false,0,0,0,NA,-1,-1,-1,-1,-1,-2,-2,false,0,0,0,NA,-1,-1,-1,-1,-1,-2,-2
2,"Environment: 1, AimModifier: 2",11.36654,false,0,0,0,NA,false,0,0,0,NA,-1,-1,-1,-1,-1,-2,-2,false,0,0,0,NA,-1,-1,-1,-1,-1,-2,-2
2,"Environment: 1, AimModifier: 2",11.3684,false,0,0,0,NA,false,0,0,0,NA,-1,-1,-1,-1,-1,-2,-2,false,0,0,0,NA,-1,-1,-1,-1,-1,-2,-2
2,"Environment: 1, AimModifier: 2",11.37076,false,0,0,0,NA,false,0,0,0,NA,-1,-1,-1,-1,-1,-2,-2,false,0,0,0,NA,-1,-1,-1,-1,-1,-2,-2
2,"Environment: 1, AimModifier: 2",11.37307,false,0,0,0,NA,false,0,0,0,NA,-1,-1,-1,-1,-1,-2,-2,false,0,0,0,NA,-1,-1,-1,-1,-1,-2,-2
2,"Environment: 1, AimModifier: 2",11.37449,false,0,0,0,NA,false,0,0,0,NA,-1,-1,-1,-1,-1,-2,-2,false,0,0,0,NA,-1,-1,-1,-1,-1,-2,-2
2,"Environment: 1, AimModifier: 2",11.37576,false,0,0,0,NA,false,0,0,0,NA,-1,-1,-1,-1,-1,-2,-2,false,0,0,0,NA,-1,-1,-1,-1,-1,-2,-2
2,"Environment: 1, AimModifier: 2",11.37708,false,0,0,0,NA,false,0,0,0,NA,-1,-1,-1,-1,-1,-2,-2,false,0,0,0,NA,-1,-1,-1,-1,-1,-2,-2
2,"Environment: 1, AimModifier: 2",11.37934,false,0,0,0,NA,false,0,0,0,NA,-1,-1,-1,-1,-1,-2,-2,false,0,0,0,NA,-1,-1,-1,-1,-1,-2,-2
2,"Environment: 1, AimModifier: 2",11.38132,false,0,0,0,NA,false,0,0,0,NA,-1,-1,-1,-1,-1,-2,-2,false,0,0,0,NA,-1,-1,-1,-1,-1,-2,-2
2,"Environment: 1, AimModifier: 2",11.38275,false,0,0,0,NA,false,0,0,0,NA,-1,-1,-1,-1,-1,-2,-2,false,0,0,0,NA,-1,-1,-1,-1,-1,-2,-2
2,"Environment: 1, AimModifier: 2",11.38429,false,0,0,0,NA,false,0,0,0,NA,-1,-1,-1,-1,-1,-2,-2,false,0,0,0,NA,-1,-1,-1,-1,-1,-2,-2
2,"Environment: 1, AimModifier: 2",11.386,false,0,0,0,NA,false,0,0,0,NA,-1,-1,-1,-1,-1,-2,-2,false,0,0,0,NA,-1,-1,-1,-1,-1,-2,-2
2,"Environment: 1, AimModifier: 2",11.38824,false,0,0,0,NA,false,0,0,0,NA,-1,-1,-1,-1,-1,-2,-2,false,0,0,0,NA,-1,-1,-1,-1,-1,-2,-2
2,"Environment: 1, AimModifier: 2",11.38953,false,0,0,0,NA,false,0,0,0,NA,-1,-1,-1,-1,-1,-2,-2,false,0,0,0,NA,-1,-1,-1,-1,-1,-2,-2
2,"Environment: 1, AimModifier: 2",11.39092,false,0,0,0,NA,false,0,0,0,NA,-1,-1,-1,-1,-1,-2,-2,false,0,0,0,NA,-1,-1,-1,-1,-1,-2,-2
2,"Environment: 1, AimModifier: 2",11.39229,false,0,0,0,NA,false,0,0,0,NA,-1,-1,-1,-1,-1,-2,-2,false,0,0,0,NA,-1,-1,-1,-1,-1,-2,-2
2,"Environment: 1, AimModifier: 2",11.3942,false,0,0,0,NA,false,0,0,0,NA,-1,-1,-1,-1,-1,-2,-2,false,0,0,0,NA,-1,-1,-1,-1,-1,-2,-2
2,"Environment: 1, AimModifier: 2",11.39553,false,0,0,0,NA,false,0,0,0,NA,-1,-1,-1,-1,-1,-2,-2,false,0,0,0,NA,-1,-1,-1,-1,-1,-2,-2
2,"Environment: 1, AimModifier: 2",11.39712,false,0,0,0,NA,false,0,0,0,NA,-1,-1,-1,-1,-1,-2,-2,false,0,0,0,NA,-1,-1,-1,-1,-1,-2,-2
2,"Environment: 1, AimModifier: 2",11.39855,false,0,0,0,NA,false,0,0,0,NA,-1,-1,-1,-1,-1,-2,-2,false,0,0,0,NA,-1,-1,-1,-1,-1,-2,-2
2,"Environment: 1, AimModifier: 2",11.39987,false,0,0,0,NA,false,0,0,0,NA,-1,-1,-1,-1,-1,-2,-2,false,0,0,0,NA,-1,-1,-1,-1,-1,-2,-2
2,"Environment: 1, AimModifier: 2",11.40194,false,0,0,0,NA,false,0,0,0,NA,-1,-1,-1,-1,-1,-2,-2,false,0,0,0,NA,-1,-1,-1,-1,-1,-2,-2
2,"Environment: 1, AimModifier: 2",11.40362,false,0,0,0,NA,false,0,0,0,NA,-1,-1,-1,-1,-1,-2,-2,false,0,0,0,NA,-1,-1,-1,-1,-1,-2,-2
2,"Environment: 1, AimModifier: 2",11.40523,false,0,0,0,NA,false,0,0,0,NA,-1,-1,-1,-1,-1,-2,-2,false,0,0,0,NA,-1,-1,-1,-1,-1,-2,-2
2,"Environment: 1, AimModifier: 2",11.40666,false,0,0,0,NA,false,0,0,0,NA,-1,-1,-1,-1,-1,-2,-2,false,0,0,0,NA,-1,-1,-1,-1,-1,-2,-2
2,"Environment: 1, AimModifier: 2",11.40893,false,0,0,0,NA,false,0,0,0,NA,-1,-1,-1,-1,-1,-2,-2,false,0,0,0,NA,-1,-1,-1,-1,-1,-2,-2
2,"Environment: 1, AimModifier: 2",11.41058,false,0,0,0,NA,false,0,0,0,NA,-1,-1,-1,-1,-1,-2,-2,false,0,0,0,NA,-1,-1,-1,-1,-1,-2,-2
2,"Environment: 1, AimModifier: 2",11.41202,false,0,0,0,NA,false,0,0,0,NA,-1,-1,-1,-1,-1,-2,-2,false,0,0,0,NA,-1,-1,-1,-1,-1,-2,-2
2,"Environment: 1, AimModifier: 2",11.41408,false,0,0,0,NA,false,0,0,0,NA,-1,-1,-1,-1,-1,-2,-2,false,0,0,0,NA,-1,-1,-1,-1,-1,-2,-2
2,"Environment: 1, AimModifier: 2",11.41617,false,0,0,0,NA,false,0,0,0,NA,-1,-1,-1,-1,-1,-2,-2,false,0,0,0,NA,-1,-1,-1,-1,-1,-2,-2
2,"Environment: 1, AimModifier: 2",11.41753,false,0,0,0,NA,false,0,0,0,NA,-1,-1,-1,-1,-1,-2,-2,false,0,0,0,NA,-1,-1,-1,-1,-1,-2,-2
2,"Environment: 1, AimModifier: 2",11.41893,false,0,0,0,NA,false,0,0,0,NA,-1,-1,-1,-1,-1,-2,-2,false,0,0,0,NA,-1,-1,-1,-1,-1,-2,-2
2,"Environment: 1, AimModifier: 2",11.42027,false,0,0,0,NA,false,0,0,0,NA,-1,-1,-1,-1,-1,-2,-2,false,0,0,0,NA,-1,-1,-1,-1,-1,-2,-2
2,"Environment: 1, AimModifier: 2",11.42238,false,0,0,0,NA,false,0,0,0,NA,-1,-1,-1,-1,-1,-2,-2,false,0,0,0,NA,-1,-1,-1,-1,-1,-2,-2
2,"Environment: 1, AimModifier: 2",11.42379,false,0,0,0,NA,false,0,0,0,NA,-1,-1,-1,-1,-1,-2,-2,false,0,0,0,NA,-1,-1,-1,-1,-1,-2,-2
2,"Environment: 1, AimModifier: 2",11.42546,false,0,0,0,NA,false,0,0,0,NA,-1,-1,-1,-1,-1,-2,-2,false,0,0,0,NA,-1,-1,-1,-1,-1,-2,-2
2,"Environment: 1, AimModifier: 2",11.4277,false,0,0,0,NA,false,0,0,0,NA,-1,-1,-1,-1,-1,-2,-2,false,0,0,0,NA,-1,-1,-1,-1,-1,-2,-2
2,"Environment: 1, AimModifier: 2",11.42985,false,0,0,0,NA,false,0,0,0,NA,-1,-1,-1,-1,-1,-2,-2,false,0,0,0,NA,-1,-1,-1,-1,-1,-2,-2
2,"Environment: 1, AimModifier: 2",11.43121,false,0,0,0,NA,false,0,0,0,NA,-1,-1,-1,-1,-1,-2,-2,false,0,0,0,NA,-1,-1,-1,-1,-1,-2,-2
2,"Environment: 1, AimModifier: 2",11.43307,false,0,0,0,NA,false,0,0,0,NA,-1,-1,-1,-1,-1,-2,-2,false,0,0,0,NA,-1,-1,-1,-1,-1,-2,-2
2,"Environment: 1, AimModifier: 2",11.43443,false,0,0,0,NA,false,0,0,0,NA,-1,-1,-1,-1,-1,-2,-2,false,0,0,0,NA,-1,-1,-1,-1,-1,-2,-2
2,"Environment: 1, AimModifier: 2",11.43652,false,0,0,0,NA,false,0,0,0,NA,-1,-1,-1,-1,-1,-2,-2,false,0,0,0,NA,-1,-1,-1,-1,-1,-2,-2
2,"Environment: 1, AimModifier: 2",11.43799,false,0,0,0,NA,false,0,0,0,NA,-1,-1,-1,-1,-1,-2,-2,false,0,0,0,NA,-1,-1,-1,-1,-1,-2,-2
2,"Environment: 1, AimModifier: 2",11.43943,false,0,0,0,NA,false,0,0,0,NA,-1,-1,-1,-1,-1,-2,-2,false,0,0,0,NA,-1,-1,-1,-1,-1,-2,-2
2,"Environment: 1, AimModifier: 2",11.44089,false,0,0,0,NA,false,0,0,0,NA,-1,-1,-1,-1,-1,-2,-2,false,0,0,0,NA,-1,-1,-1,-1,-1,-2,-2
2,"Environment: 1, AimModifier: 2",11.44247,false,0,0,0,NA,false,0,0,0,NA,-1,-1,-1,-1,-1,-2,-2,false,0,0,0,NA,-1,-1,-1,-1,-1,-2,-2
2,"Environment: 1, AimModifier: 2",11.44439,false,0,0,0,NA,false,0,0,0,NA,-1,-1,-1,-1,-1,-2,-2,false,0,0,0,NA,-1,-1,-1,-1,-1,-2,-2
2,"Environment: 1, AimModifier: 2",11.44585,false,0,0,0,NA,false,0,0,0,NA,-1,-1,-1,-1,-1,-2,-2,false,0,0,0,NA,-1,-1,-1,-1,-1,-2,-2
2,"Environment: 1, AimModifier: 2",11.4472,false,0,0,0,NA,false,0,0,0,NA,-1,-1,-1,-1,-1,-2,-2,false,0,0,0,NA,-1,-1,-1,-1,-1,-2,-2
2,"Environment: 1, AimModifier: 2",11.44848,false,0,0,0,NA,false,0,0,0,NA,-1,-1,-1,-1,-1,-2,-2,false,0,0,0,NA,-1,-1,-1,-1,-1,-2,-2
2,"Environment: 1, AimModifier: 2",11.45045,false,0,0,0,NA,false,0,0,0,NA,-1,-1,-1,-1,-1,-2,-2,false,0,0,0,NA,-1,-1,-1,-1,-1,-2,-2
2,"Environment: 1, AimModifier: 2",11.45277,false,0,0,0,NA,false,0,0,0,NA,-1,-1,-1,-1,-1,-2,-2,false,0,0,0,NA,-1,-1,-1,-1,-1,-2,-2
2,"Environment: 1, AimModifier: 2",11.45445,false,0,0,0,NA,false,0,0,0,NA,-1,-1,-1,-1,-1,-2,-2,false,0,0,0,NA,-1,-1,-1,-1,-1,-2,-2
2,"Environment: 1, AimModifier: 2",11.45587,false,0,0,0,NA,false,0,0,0,NA,-1,-1,-1,-1,-1,-2,-2,false,0,0,0,NA,-1,-1,-1,-1,-1,-2,-2
2,"Environment: 1, AimModifier: 2",11.45764,false,0,0,0,NA,false,0,0,0,NA,-1,-1,-1,-1,-1,-2,-2,false,0,0,0,NA,-1,-1,-1,-1,-1,-2,-2
2,"Environment: 1, AimModifier: 2",11.45901,false,0,0,0,NA,false,0,0,0,NA,-1,-1,-1,-1,-1,-2,-2,false,0,0,0,NA,-1,-1,-1,-1,-1,-2,-2
2,"Environment: 1, AimModifier: 2",11.4603,false,0,0,0,NA,false,0,0,0,NA,-1,-1,-1,-1,-1,-2,-2,false,0,0,0,NA,-1,-1,-1,-1,-1,-2,-2
2,"Environment: 1, AimModifier: 2",11.46159,false,0,0,0,NA,false,0,0,0,NA,-1,-1,-1,-1,-1,-2,-2,false,0,0,0,NA,-1,-1,-1,-1,-1,-2,-2
2,"Environment: 1, AimModifier: 2",11.4635,false,0,0,0,NA,false,0,0,0,NA,-1,-1,-1,-1,-1,-2,-2,false,0,0,0,NA,-1,-1,-1,-1,-1,-2,-2
2,"Environment: 1, AimModifier: 2",11.46509,false,0,0,0,NA,false,0,0,0,NA,-1,-1,-1,-1,-1,-2,-2,false,0,0,0,NA,-1,-1,-1,-1,-1,-2,-2
2,"Environment: 1, AimModifier: 2",11.46667,false,0,0,0,NA,false,0,0,0,NA,-1,-1,-1,-1,-1,-2,-2,false,0,0,0,NA,-1,-1,-1,-1,-1,-2,-2
2,"Environment: 1, AimModifier: 2",11.46808,false,0,0,0,NA,false,0,0,0,NA,-1,-1,-1,-1,-1,-2,-2,false,0,0,0,NA,-1,-1,-1,-1,-1,-2,-2
2,"Environment: 1, AimModifier: 2",11.46942,false,0,0,0,NA,false,0,0,0,NA,-1,-1,-1,-1,-1,-2,-2,false,0,0,0,NA,-1,-1,-1,-1,-1,-2,-2
2,"Environment: 1, AimModifier: 2",11.47091,false,0,0,0,NA,false,0,0,0,NA,-1,-1,-1,-1,-1,-2,-2,false,0,0,0,NA,-1,-1,-1,-1,-1,-2,-2
2,"Environment: 1, AimModifier: 2",11.47226,false,0,0,0,NA,false,0,0,0,NA,-1,-1,-1,-1,-1,-2,-2,false,0,0,0,NA,-1,-1,-1,-1,-1,-2,-2
2,"Environment: 1, AimModifier: 2",11.47366,false,0,0,0,NA,false,0,0,0,NA,-1,-1,-1,-1,-1,-2,-2,false,0,0,0,NA,-1,-1,-1,-1,-1,-2,-2
2,"Environment: 1, AimModifier: 2",11.47512,false,0,0,0,NA,false,0,0,0,NA,-1,-1,-1,-1,-1,-2,-2,false,0,0,0,NA,-1,-1,-1,-1,-1,-2,-2
2,"Environment: 1, AimModifier: 2",11.47656,false,0,0,0,NA,false,0,0,0,NA,-1,-1,-1,-1,-1,-2,-2,false,0,0,0,NA,-1,-1,-1,-1,-1,-2,-2
2,"Environment: 1, AimModifier: 2",11.47787,false,0,0,0,NA,false,0,0,0,NA,-1,-1,-1,-1,-1,-2,-2,false,0,0,0,NA,-1,-1,-1,-1,-1,-2,-2
2,"Environment: 1, AimModifier: 2",11.47928,false,0,0,0,NA,false,0,0,0,NA,-1,-1,-1,-1,-1,-2,-2,false,0,0,0,NA,-1,-1,-1,-1,-1,-2,-2
2,"Environment: 1, AimModifier: 2",11.4807,false,0,0,0,NA,false,0,0,0,NA,-1,-1,-1,-1,-1,-2,-2,false,0,0,0,NA,-1,-1,-1,-1,-1,-2,-2
2,"Environment: 1, AimModifier: 2",11.48221,false,0,0,0,NA,false,0,0,0,NA,-1,-1,-1,-1,-1,-2,-2,false,0,0,0,NA,-1,-1,-1,-1,-1,-2,-2
2,"Environment: 1, AimModifier: 2",11.48428,false,0,0,0,NA,false,0,0,0,NA,-1,-1,-1,-1,-1,-2,-2,false,0,0,0,NA,-1,-1,-1,-1,-1,-2,-2
2,"Environment: 1, AimModifier: 2",11.48577,false,0,0,0,NA,false,0,0,0,NA,-1,-1,-1,-1,-1,-2,-2,false,0,0,0,NA,-1,-1,-1,-1,-1,-2,-2
2,"Environment: 1, AimModifier: 2",11.48705,false,0,0,0,NA,false,0,0,0,NA,-1,-1,-1,-1,-1,-2,-2,false,0,0,0,NA,-1,-1,-1,-1,-1,-2,-2
2,"Environment: 1, AimModifier: 2",11.4884,false,0,0,0,NA,false,0,0,0,NA,-1,-1,-1,-1,-1,-2,-2,false,0,0,0,NA,-1,-1,-1,-1,-1,-2,-2
2,"Environment: 1, AimModifier: 2",11.49054,false,0,0,0,NA,false,0,0,0,NA,-1,-1,-1,-1,-1,-2,-2,false,0,0,0,NA,-1,-1,-1,-1,-1,-2,-2
2,"Environment: 1, AimModifier: 2",11.49229,false,0,0,0,NA,false,0,0,0,NA,-1,-1,-1,-1,-1,-2,-2,false,0,0,0,NA,-1,-1,-1,-1,-1,-2,-2
2,"Environment: 1, AimModifier: 2",11.49465,false,0,0,0,NA,false,0,0,0,NA,-1,-1,-1,-1,-1,-2,-2,false,0,0,0,NA,-1,-1,-1,-1,-1,-2,-2
2,"Environment: 1, AimModifier: 2",11.4963,false,0,0,0,NA,false,0,0,0,NA,-1,-1,-1,-1,-1,-2,-2,false,0,0,0,NA,-1,-1,-1,-1,-1,-2,-2
2,"Environment: 1, AimModifier: 2",11.49818,false,0,0,0,NA,false,0,0,0,NA,-1,-1,-1,-1,-1,-2,-2,false,0,0,0,NA,-1,-1,-1,-1,-1,-2,-2
2,"Environment: 1, AimModifier: 2",11.49984,false,0,0,0,NA,false,0,0,0,NA,-1,-1,-1,-1,-1,-2,-2,false,0,0,0,NA,-1,-1,-1,-1,-1,-2,-2
2,"Environment: 1, AimModifier: 2",11.50147,false,0,0,0,NA,false,0,0,0,NA,-1,-1,-1,-1,-1,-2,-2,false,0,0,0,NA,-1,-1,-1,-1,-1,-2,-2
2,"Environment: 1, AimModifier: 2",11.50288,false,0,0,0,NA,false,0,0,0,NA,-1,-1,-1,-1,-1,-2,-2,false,0,0,0,NA,-1,-1,-1,-1,-1,-2,-2
2,"Environment: 1, AimModifier: 2",11.50429,false,0,0,0,NA,false,0,0,0,NA,-1,-1,-1,-1,-1,-2,-2,false,0,0,0,NA,-1,-1,-1,-1,-1,-2,-2
2,"Environment: 1, AimModifier: 2",11.50614,false,0,0,0,NA,false,0,0,0,NA,-1,-1,-1,-1,-1,-2,-2,false,0,0,0,NA,-1,-1,-1,-1,-1,-2,-2
2,"Environment: 1, AimModifier: 2",11.50754,false,0,0,0,NA,false,0,0,0,NA,-1,-1,-1,-1,-1,-2,-2,false,0,0,0,NA,-1,-1,-1,-1,-1,-2,-2
2,"Environment: 1, AimModifier: 2",11.50887,false,0,0,0,NA,false,0,0,0,NA,-1,-1,-1,-1,-1,-2,-2,false,0,0,0,NA,-1,-1,-1,-1,-1,-2,-2
2,"Environment: 1, AimModifier: 2",11.51016,false,0,0,0,NA,false,0,0,0,NA,-1,-1,-1,-1,-1,-2,-2,false,0,0,0,NA,-1,-1,-1,-1,-1,-2,-2
2,"Environment: 1, AimModifier: 2",11.51148,false,0,0,0,NA,false,0,0,0,NA,-1,-1,-1,-1,-1,-2,-2,false,0,0,0,NA,-1,-1,-1,-1,-1,-2,-2
2,"Environment: 1, AimModifier: 2",11.51297,false,0,0,0,NA,false,0,0,0,NA,-1,-1,-1,-1,-1,-2,-2,false,0,0,0,NA,-1,-1,-1,-1,-1,-2,-2
2,"Environment: 1, AimModifier: 2",11.51435,false,0,0,0,NA,false,0,0,0,NA,-1,-1,-1,-1,-1,-2,-2,false,0,0,0,NA,-1,-1,-1,-1,-1,-2,-2
2,"Environment: 1, AimModifier: 2",11.51566,false,0,0,0,NA,false,0,0,0,NA,-1,-1,-1,-1,-1,-2,-2,false,0,0,0,NA,-1,-1,-1,-1,-1,-2,-2
2,"Environment: 1, AimModifier: 2",11.5171,false,0,0,0,NA,false,0,0,0,NA,-1,-1,-1,-1,-1,-2,-2,false,0,0,0,NA,-1,-1,-1,-1,-1,-2,-2
2,"Environment: 1, AimModifier: 2",11.51854,false,0,0,0,NA,false,0,0,0,NA,-1,-1,-1,-1,-1,-2,-2,false,0,0,0,NA,-1,-1,-1,-1,-1,-2,-2
2,"Environment: 1, AimModifier: 2",11.51997,false,0,0,0,NA,false,0,0,0,NA,-1,-1,-1,-1,-1,-2,-2,false,0,0,0,NA,-1,-1,-1,-1,-1,-2,-2
2,"Environment: 1, AimModifier: 2",11.52132,false,0,0,0,NA,false,0,0,0,NA,-1,-1,-1,-1,-1,-2,-2,false,0,0,0,NA,-1,-1,-1,-1,-1,-2,-2
2,"Environment: 1, AimModifier: 2",11.52268,false,0,0,0,NA,false,0,0,0,NA,-1,-1,-1,-1,-1,-2,-2,false,0,0,0,NA,-1,-1,-1,-1,-1,-2,-2
2,"Environment: 1, AimModifier: 2",11.52413,false,0,0,0,NA,false,0,0,0,NA,-1,-1,-1,-1,-1,-2,-2,false,0,0,0,NA,-1,-1,-1,-1,-1,-2,-2
2,"Environment: 1, AimModifier: 2",11.52562,false,0,0,0,NA,false,0,0,0,NA,-1,-1,-1,-1,-1,-2,-2,false,0,0,0,NA,-1,-1,-1,-1,-1,-2,-2
2,"Environment: 1, AimModifier: 2",11.52689,false,0,0,0,NA,false,0,0,0,NA,-1,-1,-1,-1,-1,-2,-2,false,0,0,0,NA,-1,-1,-1,-1,-1,-2,-2
2,"Environment: 1, AimModifier: 2",11.52816,false,0,0,0,NA,false,0,0,0,NA,-1,-1,-1,-1,-1,-2,-2,false,0,0,0,NA,-1,-1,-1,-1,-1,-2,-2
2,"Environment: 1, AimModifier: 2",11.52957,false,0,0,0,NA,false,0,0,0,NA,-1,-1,-1,-1,-1,-2,-2,false,0,0,0,NA,-1,-1,-1,-1,-1,-2,-2
2,"Environment: 1, AimModifier: 2",11.53101,false,0,0,0,NA,false,0,0,0,NA,-1,-1,-1,-1,-1,-2,-2,false,0,0,0,NA,-1,-1,-1,-1,-1,-2,-2
2,"Environment: 1, AimModifier: 2",11.53328,false,0,0,0,NA,false,0,0,0,NA,-1,-1,-1,-1,-1,-2,-2,false,0,0,0,NA,-1,-1,-1,-1,-1,-2,-2
2,"Environment: 1, AimModifier: 2",11.53476,false,0,0,0,NA,false,0,0,0,NA,-1,-1,-1,-1,-1,-2,-2,false,0,0,0,NA,-1,-1,-1,-1,-1,-2,-2
2,"Environment: 1, AimModifier: 2",11.53642,false,0,0,0,NA,false,0,0,0,NA,-1,-1,-1,-1,-1,-2,-2,false,0,0,0,NA,-1,-1,-1,-1,-1,-2,-2
2,"Environment: 1, AimModifier: 2",11.53782,false,0,0,0,NA,false,0,0,0,NA,-1,-1,-1,-1,-1,-2,-2,false,0,0,0,NA,-1,-1,-1,-1,-1,-2,-2
2,"Environment: 1, AimModifier: 2",11.53913,false,0,0,0,NA,false,0,0,0,NA,-1,-1,-1,-1,-1,-2,-2,false,0,0,0,NA,-1,-1,-1,-1,-1,-2,-2
2,"Environment: 1, AimModifier: 2",11.54039,false,0,0,0,NA,false,0,0,0,NA,-1,-1,-1,-1,-1,-2,-2,false,0,0,0,NA,-1,-1,-1,-1,-1,-2,-2
2,"Environment: 1, AimModifier: 2",11.54183,false,0,0,0,NA,false,0,0,0,NA,-1,-1,-1,-1,-1,-2,-2,false,0,0,0,NA,-1,-1,-1,-1,-1,-2,-2
2,"Environment: 1, AimModifier: 2",11.54338,false,0,0,0,NA,false,0,0,0,NA,-1,-1,-1,-1,-1,-2,-2,false,0,0,0,NA,-1,-1,-1,-1,-1,-2,-2
2,"Environment: 1, AimModifier: 2",11.54467,false,0,0,0,NA,false,0,0,0,NA,-1,-1,-1,-1,-1,-2,-2,false,0,0,0,NA,-1,-1,-1,-1,-1,-2,-2
2,"Environment: 1, AimModifier: 2",11.54692,false,0,0,0,NA,false,0,0,0,NA,-1,-1,-1,-1,-1,-2,-2,false,0,0,0,NA,-1,-1,-1,-1,-1,-2,-2
2,"Environment: 1, AimModifier: 2",11.54824,false,0,0,0,NA,false,0,0,0,NA,-1,-1,-1,-1,-1,-2,-2,false,0,0,0,NA,-1,-1,-1,-1,-1,-2,-2
2,"Environment: 1, AimModifier: 2",11.54975,false,0,0,0,NA,false,0,0,0,NA,-1,-1,-1,-1,-1,-2,-2,false,0,0,0,NA,-1,-1,-1,-1,-1,-2,-2
2,"Environment: 1, AimModifier: 2",11.5511,false,0,0,0,NA,false,0,0,0,NA,-1,-1,-1,-1,-1,-2,-2,false,0,0,0,NA,-1,-1,-1,-1,-1,-2,-2
2,"Environment: 1, AimModifier: 2",11.55234,false,0,0,0,NA,false,0,0,0,NA,-1,-1,-1,-1,-1,-2,-2,false,0,0,0,NA,-1,-1,-1,-1,-1,-2,-2
2,"Environment: 1, AimModifier: 2",11.55449,false,0,0,0,NA,false,0,0,0,NA,-1,-1,-1,-1,-1,-2,-2,false,0,0,0,NA,-1,-1,-1,-1,-1,-2,-2
2,"Environment: 1, AimModifier: 2",11.55583,false,0,0,0,NA,false,0,0,0,NA,-1,-1,-1,-1,-1,-2,-2,false,0,0,0,NA,-1,-1,-1,-1,-1,-2,-2
2,"Environment: 1, AimModifier: 2",11.55713,false,0,0,0,NA,false,0,0,0,NA,-1,-1,-1,-1,-1,-2,-2,false,0,0,0,NA,-1,-1,-1,-1,-1,-2,-2
2,"Environment: 1, AimModifier: 2",11.5584,false,0,0,0,NA,false,0,0,0,NA,-1,-1,-1,-1,-1,-2,-2,false,0,0,0,NA,-1,-1,-1,-1,-1,-2,-2
2,"Environment: 1, AimModifier: 2",11.55968,false,0,0,0,NA,false,0,0,0,NA,-1,-1,-1,-1,-1,-2,-2,false,0,0,0,NA,-1,-1,-1,-1,-1,-2,-2
2,"Environment: 1, AimModifier: 2",11.56176,false,0,0,0,NA,false,0,0,0,NA,-1,-1,-1,-1,-1,-2,-2,false,0,0,0,NA,-1,-1,-1,-1,-1,-2,-2
2,"Environment: 1, AimModifier: 2",11.56308,false,0,0,0,NA,false,0,0,0,NA,-1,-1,-1,-1,-1,-2,-2,false,0,0,0,NA,-1,-1,-1,-1,-1,-2,-2
2,"Environment: 1, AimModifier: 2",11.56441,false,0,0,0,NA,false,0,0,0,NA,-1,-1,-1,-1,-1,-2,-2,false,0,0,0,NA,-1,-1,-1,-1,-1,-2,-2
2,"Environment: 1, AimModifier: 2",11.56588,false,0,0,0,NA,false,0,0,0,NA,-1,-1,-1,-1,-1,-2,-2,false,0,0,0,NA,-1,-1,-1,-1,-1,-2,-2
2,"Environment: 1, AimModifier: 2",11.56765,false,0,0,0,NA,false,0,0,0,NA,-1,-1,-1,-1,-1,-2,-2,false,0,0,0,NA,-1,-1,-1,-1,-1,-2,-2
2,"Environment: 1, AimModifier: 2",11.56921,false,0,0,0,NA,false,0,0,0,NA,-1,-1,-1,-1,-1,-2,-2,false,0,0,0,NA,-1,-1,-1,-1,-1,-2,-2
2,"Environment: 1, AimModifier: 2",11.57083,false,0,0,0,NA,false,0,0,0,NA,-1,-1,-1,-1,-1,-2,-2,false,0,0,0,NA,-1,-1,-1,-1,-1,-2,-2
2,"Environment: 1, AimModifier: 2",11.57224,false,0,0,0,NA,false,0,0,0,NA,-1,-1,-1,-1,-1,-2,-2,false,0,0,0,NA,-1,-1,-1,-1,-1,-2,-2
2,"Environment: 1, AimModifier: 2",11.57358,false,0,0,0,NA,false,0,0,0,NA,-1,-1,-1,-1,-1,-2,-2,false,0,0,0,NA,-1,-1,-1,-1,-1,-2,-2
2,"Environment: 1, AimModifier: 2",11.57492,false,0,0,0,NA,false,0,0,0,NA,-1,-1,-1,-1,-1,-2,-2,false,0,0,0,NA,-1,-1,-1,-1,-1,-2,-2
2,"Environment: 1, AimModifier: 2",11.57647,false,0,0,0,NA,false,0,0,0,NA,-1,-1,-1,-1,-1,-2,-2,false,0,0,0,NA,-1,-1,-1,-1,-1,-2,-2
2,"Environment: 1, AimModifier: 2",11.57788,false,0,0,0,NA,false,0,0,0,NA,-1,-1,-1,-1,-1,-2,-2,false,0,0,0,NA,-1,-1,-1,-1,-1,-2,-2
2,"Environment: 1, AimModifier: 2",11.57934,false,0,0,0,NA,false,0,0,0,NA,-1,-1,-1,-1,-1,-2,-2,false,0,0,0,NA,-1,-1,-1,-1,-1,-2,-2
2,"Environment: 1, AimModifier: 2",11.58065,false,0,0,0,NA,false,0,0,0,NA,-1,-1,-1,-1,-1,-2,-2,false,0,0,0,NA,-1,-1,-1,-1,-1,-2,-2
2,"Environment: 1, AimModifier: 2",11.58236,false,0,0,0,NA,false,0,0,0,NA,-1,-1,-1,-1,-1,-2,-2,false,0,0,0,NA,-1,-1,-1,-1,-1,-2,-2
2,"Environment: 1, AimModifier: 2",11.58396,false,0,0,0,NA,false,0,0,0,NA,-1,-1,-1,-1,-1,-2,-2,false,0,0,0,NA,-1,-1,-1,-1,-1,-2,-2
2,"Environment: 1, AimModifier: 2",11.58628,false,0,0,0,NA,false,0,0,0,NA,-1,-1,-1,-1,-1,-2,-2,false,0,0,0,NA,-1,-1,-1,-1,-1,-2,-2
2,"Environment: 1, AimModifier: 2",11.58842,false,0,0,0,NA,false,0,0,0,NA,-1,-1,-1,-1,-1,-2,-2,false,0,0,0,NA,-1,-1,-1,-1,-1,-2,-2
2,"Environment: 1, AimModifier: 2",11.58973,false,0,0,0,NA,false,0,0,0,NA,-1,-1,-1,-1,-1,-2,-2,false,0,0,0,NA,-1,-1,-1,-1,-1,-2,-2
2,"Environment: 1, AimModifier: 2",11.59128,false,0,0,0,NA,false,0,0,0,NA,-1,-1,-1,-1,-1,-2,-2,false,0,0,0,NA,-1,-1,-1,-1,-1,-2,-2
2,"Environment: 1, AimModifier: 2",11.5927,false,0,0,0,NA,false,0,0,0,NA,-1,-1,-1,-1,-1,-2,-2,false,0,0,0,NA,-1,-1,-1,-1,-1,-2,-2
2,"Environment: 1, AimModifier: 2",11.59406,false,0,0,0,NA,false,0,0,0,NA,-1,-1,-1,-1,-1,-2,-2,false,0,0,0,NA,-1,-1,-1,-1,-1,-2,-2
2,"Environment: 1, AimModifier: 2",11.59539,false,0,0,0,NA,false,0,0,0,NA,-1,-1,-1,-1,-1,-2,-2,false,0,0,0,NA,-1,-1,-1,-1,-1,-2,-2
2,"Environment: 1, AimModifier: 2",11.59675,false,0,0,0,NA,false,0,0,0,NA,-1,-1,-1,-1,-1,-2,-2,false,0,0,0,NA,-1,-1,-1,-1,-1,-2,-2
2,"Environment: 1, AimModifier: 2",11.59817,false,0,0,0,NA,false,0,0,0,NA,-1,-1,-1,-1,-1,-2,-2,false,0,0,0,NA,-1,-1,-1,-1,-1,-2,-2
2,"Environment: 1, AimModifier: 2",11.5998,false,0,0,0,NA,false,0,0,0,NA,-1,-1,-1,-1,-1,-2,-2,false,0,0,0,NA,-1,-1,-1,-1,-1,-2,-2
2,"Environment: 1, AimModifier: 2",11.6013,false,0,0,0,NA,false,0,0,0,NA,-1,-1,-1,-1,-1,-2,-2,false,0,0,0,NA,-1,-1,-1,-1,-1,-2,-2
2,"Environment: 1, AimModifier: 2",11.60342,false,0,0,0,NA,false,0,0,0,NA,-1,-1,-1,-1,-1,-2,-2,false,0,0,0,NA,-1,-1,-1,-1,-1,-2,-2
2,"Environment: 1, AimModifier: 2",11.60494,false,0,0,0,NA,false,0,0,0,NA,-1,-1,-1,-1,-1,-2,-2,false,0,0,0,NA,-1,-1,-1,-1,-1,-2,-2
2,"Environment: 1, AimModifier: 2",11.60633,false,0,0,0,NA,false,0,0,0,NA,-1,-1,-1,-1,-1,-2,-2,false,0,0,0,NA,-1,-1,-1,-1,-1,-2,-2
2,"Environment: 1, AimModifier: 2",11.60768,false,0,0,0,NA,false,0,0,0,NA,-1,-1,-1,-1,-1,-2,-2,false,0,0,0,NA,-1,-1,-1,-1,-1,-2,-2
2,"Environment: 1, AimModifier: 2",11.60905,false,0,0,0,NA,false,0,0,0,NA,-1,-1,-1,-1,-1,-2,-2,false,0,0,0,NA,-1,-1,-1,-1,-1,-2,-2
2,"Environment: 1, AimModifier: 2",11.61086,false,0,0,0,NA,false,0,0,0,NA,-1,-1,-1,-1,-1,-2,-2,false,0,0,0,NA,-1,-1,-1,-1,-1,-2,-2
2,"Environment: 1, AimModifier: 2",11.61243,false,0,0,0,NA,false,0,0,0,NA,-1,-1,-1,-1,-1,-2,-2,false,0,0,0,NA,-1,-1,-1,-1,-1,-2,-2
2,"Environment: 1, AimModifier: 2",11.61373,false,0,0,0,NA,false,0,0,0,NA,-1,-1,-1,-1,-1,-2,-2,false,0,0,0,NA,-1,-1,-1,-1,-1,-2,-2
2,"Environment: 1, AimModifier: 2",11.61516,false,0,0,0,NA,false,0,0,0,NA,-1,-1,-1,-1,-1,-2,-2,false,0,0,0,NA,-1,-1,-1,-1,-1,-2,-2
2,"Environment: 1, AimModifier: 2",11.61677,false,0,0,0,NA,false,0,0,0,NA,-1,-1,-1,-1,-1,-2,-2,false,0,0,0,NA,-1,-1,-1,-1,-1,-2,-2
2,"Environment: 1, AimModifier: 2",11.61819,false,0,0,0,NA,false,0,0,0,NA,-1,-1,-1,-1,-1,-2,-2,false,0,0,0,NA,-1,-1,-1,-1,-1,-2,-2
2,"Environment: 1, AimModifier: 2",11.61965,false,0,0,0,NA,false,0,0,0,NA,-1,-1,-1,-1,-1,-2,-2,false,0,0,0,NA,-1,-1,-1,-1,-1,-2,-2
2,"Environment: 1, AimModifier: 2",11.62105,false,0,0,0,NA,false,0,0,0,NA,-1,-1,-1,-1,-1,-2,-2,false,0,0,0,NA,-1,-1,-1,-1,-1,-2,-2
2,"Environment: 1, AimModifier: 2",11.62249,false,0,0,0,NA,false,0,0,0,NA,-1,-1,-1,-1,-1,-2,-2,false,0,0,0,NA,-1,-1,-1,-1,-1,-2,-2
2,"Environment: 1, AimModifier: 2",11.62419,false,0,0,0,NA,false,0,0,0,NA,-1,-1,-1,-1,-1,-2,-2,false,0,0,0,NA,-1,-1,-1,-1,-1,-2,-2
2,"Environment: 1, AimModifier: 2",11.62573,false,0,0,0,NA,false,0,0,0,NA,-1,-1,-1,-1,-1,-2,-2,false,0,0,0,NA,-1,-1,-1,-1,-1,-2,-2
2,"Environment: 1, AimModifier: 2",11.6272,false,0,0,0,NA,false,0,0,0,NA,-1,-1,-1,-1,-1,-2,-2,false,0,0,0,NA,-1,-1,-1,-1,-1,-2,-2
2,"Environment: 1, AimModifier: 2",11.62861,false,0,0,0,NA,false,0,0,0,NA,-1,-1,-1,-1,-1,-2,-2,false,0,0,0,NA,-1,-1,-1,-1,-1,-2,-2
2,"Environment: 1, AimModifier: 2",11.63069,false,0,0,0,NA,false,0,0,0,NA,-1,-1,-1,-1,-1,-2,-2,false,0,0,0,NA,-1,-1,-1,-1,-1,-2,-2
2,"Environment: 1, AimModifier: 2",11.63219,false,0,0,0,NA,false,0,0,0,NA,-1,-1,-1,-1,-1,-2,-2,false,0,0,0,NA,-1,-1,-1,-1,-1,-2,-2
2,"Environment: 1, AimModifier: 2",11.63383,false,0,0,0,NA,false,0,0,0,NA,-1,-1,-1,-1,-1,-2,-2,false,0,0,0,NA,-1,-1,-1,-1,-1,-2,-2
2,"Environment: 1, AimModifier: 2",11.63531,false,0,0,0,NA,false,0,0,0,NA,-1,-1,-1,-1,-1,-2,-2,false,0,0,0,NA,-1,-1,-1,-1,-1,-2,-2
2,"Environment: 1, AimModifier: 2",11.6367,false,0,0,0,NA,false,0,0,0,NA,-1,-1,-1,-1,-1,-2,-2,false,0,0,0,NA,-1,-1,-1,-1,-1,-2,-2
2,"Environment: 1, AimModifier: 2",11.638,false,0,0,0,NA,false,0,0,0,NA,-1,-1,-1,-1,-1,-2,-2,false,0,0,0,NA,-1,-1,-1,-1,-1,-2,-2
2,"Environment: 1, AimModifier: 2",11.63936,false,0,0,0,NA,false,0,0,0,NA,-1,-1,-1,-1,-1,-2,-2,false,0,0,0,NA,-1,-1,-1,-1,-1,-2,-2
2,"Environment: 1, AimModifier: 2",11.64058,false,0,0,0,NA,false,0,0,0,NA,-1,-1,-1,-1,-1,-2,-2,false,0,0,0,NA,-1,-1,-1,-1,-1,-2,-2
2,"Environment: 1, AimModifier: 2",11.64186,false,0,0,0,NA,false,0,0,0,NA,-1,-1,-1,-1,-1,-2,-2,false,0,0,0,NA,-1,-1,-1,-1,-1,-2,-2
2,"Environment: 1, AimModifier: 2",11.64314,false,0,0,0,NA,false,0,0,0,NA,-1,-1,-1,-1,-1,-2,-2,false,0,0,0,NA,-1,-1,-1,-1,-1,-2,-2
2,"Environment: 1, AimModifier: 2",11.64477,false,0,0,0,NA,false,0,0,0,NA,-1,-1,-1,-1,-1,-2,-2,false,0,0,0,NA,-1,-1,-1,-1,-1,-2,-2
2,"Environment: 1, AimModifier: 2",11.64664,false,0,0,0,NA,false,0,0,0,NA,-1,-1,-1,-1,-1,-2,-2,false,0,0,0,NA,-1,-1,-1,-1,-1,-2,-2
2,"Environment: 1, AimModifier: 2",11.64806,false,0,0,0,NA,false,0,0,0,NA,-1,-1,-1,-1,-1,-2,-2,false,0,0,0,NA,-1,-1,-1,-1,-1,-2,-2
2,"Environment: 1, AimModifier: 2",11.64942,false,0,0,0,NA,false,0,0,0,NA,-1,-1,-1,-1,-1,-2,-2,false,0,0,0,NA,-1,-1,-1,-1,-1,-2,-2
2,"Environment: 1, AimModifier: 2",11.65075,false,0,0,0,NA,false,0,0,0,NA,-1,-1,-1,-1,-1,-2,-2,false,0,0,0,NA,-1,-1,-1,-1,-1,-2,-2
2,"Environment: 1, AimModifier: 2",11.65217,false,0,0,0,NA,false,0,0,0,NA,-1,-1,-1,-1,-1,-2,-2,false,0,0,0,NA,-1,-1,-1,-1,-1,-2,-2
2,"Environment: 1, AimModifier: 2",11.65356,false,0,0,0,NA,false,0,0,0,NA,-1,-1,-1,-1,-1,-2,-2,false,0,0,0,NA,-1,-1,-1,-1,-1,-2,-2
2,"Environment: 1, AimModifier: 2",11.65503,false,0,0,0,NA,false,0,0,0,NA,-1,-1,-1,-1,-1,-2,-2,false,0,0,0,NA,-1,-1,-1,-1,-1,-2,-2
2,"Environment: 1, AimModifier: 2",11.65652,false,0,0,0,NA,false,0,0,0,NA,-1,-1,-1,-1,-1,-2,-2,false,0,0,0,NA,-1,-1,-1,-1,-1,-2,-2
2,"Environment: 1, AimModifier: 2",11.65816,false,0,0,0,NA,false,0,0,0,NA,-1,-1,-1,-1,-1,-2,-2,false,0,0,0,NA,-1,-1,-1,-1,-1,-2,-2
2,"Environment: 1, AimModifier: 2",11.66008,false,0,0,0,NA,false,0,0,0,NA,-1,-1,-1,-1,-1,-2,-2,false,0,0,0,NA,-1,-1,-1,-1,-1,-2,-2
2,"Environment: 1, AimModifier: 2",11.66164,false,0,0,0,NA,false,0,0,0,NA,-1,-1,-1,-1,-1,-2,-2,false,0,0,0,NA,-1,-1,-1,-1,-1,-2,-2
2,"Environment: 1, AimModifier: 2",11.66327,false,0,0,0,NA,false,0,0,0,NA,-1,-1,-1,-1,-1,-2,-2,false,0,0,0,NA,-1,-1,-1,-1,-1,-2,-2
2,"Environment: 1, AimModifier: 2",11.66477,false,0,0,0,NA,false,0,0,0,NA,-1,-1,-1,-1,-1,-2,-2,false,0,0,0,NA,-1,-1,-1,-1,-1,-2,-2
2,"Environment: 1, AimModifier: 2",11.66624,false,0,0,0,NA,false,0,0,0,NA,-1,-1,-1,-1,-1,-2,-2,false,0,0,0,NA,-1,-1,-1,-1,-1,-2,-2
2,"Environment: 1, AimModifier: 2",11.66754,false,0,0,0,NA,false,0,0,0,NA,-1,-1,-1,-1,-1,-2,-2,false,0,0,0,NA,-1,-1,-1,-1,-1,-2,-2
2,"Environment: 1, AimModifier: 2",11.6689,false,0,0,0,NA,false,0,0,0,NA,-1,-1,-1,-1,-1,-2,-2,false,0,0,0,NA,-1,-1,-1,-1,-1,-2,-2
2,"Environment: 1, AimModifier: 2",11.67039,false,0,0,0,NA,false,0,0,0,NA,-1,-1,-1,-1,-1,-2,-2,false,0,0,0,NA,-1,-1,-1,-1,-1,-2,-2
2,"Environment: 1, AimModifier: 2",11.67188,false,0,0,0,NA,false,0,0,0,NA,-1,-1,-1,-1,-1,-2,-2,false,0,0,0,NA,-1,-1,-1,-1,-1,-2,-2
2,"Environment: 1, AimModifier: 2",11.67334,false,0,0,0,NA,false,0,0,0,NA,-1,-1,-1,-1,-1,-2,-2,false,0,0,0,NA,-1,-1,-1,-1,-1,-2,-2
2,"Environment: 1, AimModifier: 2",11.6747,false,0,0,0,NA,false,0,0,0,NA,-1,-1,-1,-1,-1,-2,-2,false,0,0,0,NA,-1,-1,-1,-1,-1,-2,-2
2,"Environment: 1, AimModifier: 2",11.6761,false,0,0,0,NA,false,0,0,0,NA,-1,-1,-1,-1,-1,-2,-2,false,0,0,0,NA,-1,-1,-1,-1,-1,-2,-2
2,"Environment: 1, AimModifier: 2",11.67743,false,0,0,0,NA,false,0,0,0,NA,-1,-1,-1,-1,-1,-2,-2,false,0,0,0,NA,-1,-1,-1,-1,-1,-2,-2
2,"Environment: 1, AimModifier: 2",11.67887,false,0,0,0,NA,false,0,0,0,NA,-1,-1,-1,-1,-1,-2,-2,false,0,0,0,NA,-1,-1,-1,-1,-1,-2,-2
2,"Environment: 1, AimModifier: 2",11.68019,false,0,0,0,NA,false,0,0,0,NA,-1,-1,-1,-1,-1,-2,-2,false,0,0,0,NA,-1,-1,-1,-1,-1,-2,-2
2,"Environment: 1, AimModifier: 2",11.68151,false,0,0,0,NA,false,0,0,0,NA,-1,-1,-1,-1,-1,-2,-2,false,0,0,0,NA,-1,-1,-1,-1,-1,-2,-2
2,"Environment: 1, AimModifier: 2",11.68288,false,0,0,0,NA,false,0,0,0,NA,-1,-1,-1,-1,-1,-2,-2,false,0,0,0,NA,-1,-1,-1,-1,-1,-2,-2
2,"Environment: 1, AimModifier: 2",11.68419,false,0,0,0,NA,false,0,0,0,NA,-1,-1,-1,-1,-1,-2,-2,false,0,0,0,NA,-1,-1,-1,-1,-1,-2,-2
2,"Environment: 1, AimModifier: 2",11.68565,false,0,0,0,NA,false,0,0,0,NA,-1,-1,-1,-1,-1,-2,-2,false,0,0,0,NA,-1,-1,-1,-1,-1,-2,-2
2,"Environment: 1, AimModifier: 2",11.68749,false,0,0,0,NA,false,0,0,0,NA,-1,-1,-1,-1,-1,-2,-2,false,0,0,0,NA,-1,-1,-1,-1,-1,-2,-2
2,"Environment: 1, AimModifier: 2",11.68897,false,0,0,0,NA,false,0,0,0,NA,-1,-1,-1,-1,-1,-2,-2,false,0,0,0,NA,-1,-1,-1,-1,-1,-2,-2
2,"Environment: 1, AimModifier: 2",11.69034,false,0,0,0,NA,false,0,0,0,NA,-1,-1,-1,-1,-1,-2,-2,false,0,0,0,NA,-1,-1,-1,-1,-1,-2,-2
2,"Environment: 1, AimModifier: 2",11.69171,false,0,0,0,NA,false,0,0,0,NA,-1,-1,-1,-1,-1,-2,-2,false,0,0,0,NA,-1,-1,-1,-1,-1,-2,-2
2,"Environment: 1, AimModifier: 2",11.69299,false,0,0,0,NA,false,0,0,0,NA,-1,-1,-1,-1,-1,-2,-2,false,0,0,0,NA,-1,-1,-1,-1,-1,-2,-2
2,"Environment: 1, AimModifier: 2",11.69484,false,0,0,0,NA,false,0,0,0,NA,-1,-1,-1,-1,-1,-2,-2,false,0,0,0,NA,-1,-1,-1,-1,-1,-2,-2
2,"Environment: 1, AimModifier: 2",11.69628,false,0,0,0,NA,false,0,0,0,NA,-1,-1,-1,-1,-1,-2,-2,false,0,0,0,NA,-1,-1,-1,-1,-1,-2,-2
2,"Environment: 1, AimModifier: 2",11.69769,false,0,0,0,NA,false,0,0,0,NA,-1,-1,-1,-1,-1,-2,-2,false,0,0,0,NA,-1,-1,-1,-1,-1,-2,-2
2,"Environment: 1, AimModifier: 2",11.69901,false,0,0,0,NA,false,0,0,0,NA,-1,-1,-1,-1,-1,-2,-2,false,0,0,0,NA,-1,-1,-1,-1,-1,-2,-2
2,"Environment: 1, AimModifier: 2",11.70056,false,0,0,0,NA,false,0,0,0,NA,-1,-1,-1,-1,-1,-2,-2,false,0,0,0,NA,-1,-1,-1,-1,-1,-2,-2
2,"Environment: 1, AimModifier: 2",11.70267,false,0,0,0,NA,false,0,0,0,NA,-1,-1,-1,-1,-1,-2,-2,false,0,0,0,NA,-1,-1,-1,-1,-1,-2,-2
2,"Environment: 1, AimModifier: 2",11.70436,false,0,0,0,NA,false,0,0,0,NA,-1,-1,-1,-1,-1,-2,-2,false,0,0,0,NA,-1,-1,-1,-1,-1,-2,-2
2,"Environment: 1, AimModifier: 2",11.70617,false,0,0,0,NA,false,0,0,0,NA,-1,-1,-1,-1,-1,-2,-2,false,0,0,0,NA,-1,-1,-1,-1,-1,-2,-2
2,"Environment: 1, AimModifier: 2",11.70768,false,0,0,0,NA,false,0,0,0,NA,-1,-1,-1,-1,-1,-2,-2,false,0,0,0,NA,-1,-1,-1,-1,-1,-2,-2
2,"Environment: 1, AimModifier: 2",11.7091,false,0,0,0,NA,false,0,0,0,NA,-1,-1,-1,-1,-1,-2,-2,false,0,0,0,NA,-1,-1,-1,-1,-1,-2,-2
2,"Environment: 1, AimModifier: 2",11.71039,false,0,0,0,NA,false,0,0,0,NA,-1,-1,-1,-1,-1,-2,-2,false,0,0,0,NA,-1,-1,-1,-1,-1,-2,-2
2,"Environment: 1, AimModifier: 2",11.71175,false,0,0,0,NA,false,0,0,0,NA,-1,-1,-1,-1,-1,-2,-2,false,0,0,0,NA,-1,-1,-1,-1,-1,-2,-2
2,"Environment: 1, AimModifier: 2",11.71314,false,0,0,0,NA,false,0,0,0,NA,-1,-1,-1,-1,-1,-2,-2,false,0,0,0,NA,-1,-1,-1,-1,-1,-2,-2
2,"Environment: 1, AimModifier: 2",11.71451,false,0,0,0,NA,false,0,0,0,NA,-1,-1,-1,-1,-1,-2,-2,false,0,0,0,NA,-1,-1,-1,-1,-1,-2,-2
2,"Environment: 1, AimModifier: 2",11.71595,false,0,0,0,NA,false,0,0,0,NA,-1,-1,-1,-1,-1,-2,-2,false,0,0,0,NA,-1,-1,-1,-1,-1,-2,-2
2,"Environment: 1, AimModifier: 2",11.7173,false,0,0,0,NA,false,0,0,0,NA,-1,-1,-1,-1,-1,-2,-2,false,0,0,0,NA,-1,-1,-1,-1,-1,-2,-2
2,"Environment: 1, AimModifier: 2",11.71875,false,0,0,0,NA,false,0,0,0,NA,-1,-1,-1,-1,-1,-2,-2,false,0,0,0,NA,-1,-1,-1,-1,-1,-2,-2
2,"Environment: 1, AimModifier: 2",11.72015,false,0,0,0,NA,false,0,0,0,NA,-1,-1,-1,-1,-1,-2,-2,false,0,0,0,NA,-1,-1,-1,-1,-1,-2,-2
2,"Environment: 1, AimModifier: 2",11.7215,false,0,0,0,NA,false,0,0,0,NA,-1,-1,-1,-1,-1,-2,-2,false,0,0,0,NA,-1,-1,-1,-1,-1,-2,-2
2,"Environment: 1, AimModifier: 2",11.72292,false,0,0,0,NA,false,0,0,0,NA,-1,-1,-1,-1,-1,-2,-2,false,0,0,0,NA,-1,-1,-1,-1,-1,-2,-2
2,"Environment: 1, AimModifier: 2",11.72447,false,0,0,0,NA,false,0,0,0,NA,-1,-1,-1,-1,-1,-2,-2,false,0,0,0,NA,-1,-1,-1,-1,-1,-2,-2
2,"Environment: 1, AimModifier: 2",11.72617,false,0,0,0,NA,false,0,0,0,NA,-1,-1,-1,-1,-1,-2,-2,false,0,0,0,NA,-1,-1,-1,-1,-1,-2,-2
2,"Environment: 1, AimModifier: 2",11.72831,false,0,0,0,NA,false,0,0,0,NA,-1,-1,-1,-1,-1,-2,-2,false,0,0,0,NA,-1,-1,-1,-1,-1,-2,-2
2,"Environment: 1, AimModifier: 2",11.7307,false,0,0,0,NA,false,0,0,0,NA,-1,-1,-1,-1,-1,-2,-2,false,0,0,0,NA,-1,-1,-1,-1,-1,-2,-2
2,"Environment: 1, AimModifier: 2",11.7326,false,0,0,0,NA,false,0,0,0,NA,-1,-1,-1,-1,-1,-2,-2,false,0,0,0,NA,-1,-1,-1,-1,-1,-2,-2
2,"Environment: 1, AimModifier: 2",11.73496,false,0,0,0,NA,false,0,0,0,NA,-1,-1,-1,-1,-1,-2,-2,false,0,0,0,NA,-1,-1,-1,-1,-1,-2,-2
2,"Environment: 1, AimModifier: 2",11.73688,false,0,0,0,NA,false,0,0,0,NA,-1,-1,-1,-1,-1,-2,-2,false,0,0,0,NA,-1,-1,-1,-1,-1,-2,-2
2,"Environment: 1, AimModifier: 2",11.73888,false,0,0,0,NA,false,0,0,0,NA,-1,-1,-1,-1,-1,-2,-2,false,0,0,0,NA,-1,-1,-1,-1,-1,-2,-2
2,"Environment: 1, AimModifier: 2",11.74018,false,0,0,0,NA,false,0,0,0,NA,-1,-1,-1,-1,-1,-2,-2,false,0,0,0,NA,-1,-1,-1,-1,-1,-2,-2
2,"Environment: 1, AimModifier: 2",11.74258,false,0,0,0,NA,false,0,0,0,NA,-1,-1,-1,-1,-1,-2,-2,false,0,0,0,NA,-1,-1,-1,-1,-1,-2,-2
2,"Environment: 1, AimModifier: 2",11.74477,false,0,0,0,NA,false,0,0,0,NA,-1,-1,-1,-1,-1,-2,-2,false,0,0,0,NA,-1,-1,-1,-1,-1,-2,-2
2,"Environment: 1, AimModifier: 2",11.74629,false,0,0,0,NA,false,0,0,0,NA,-1,-1,-1,-1,-1,-2,-2,false,0,0,0,NA,-1,-1,-1,-1,-1,-2,-2
2,"Environment: 1, AimModifier: 2",11.74764,false,0,0,0,NA,false,0,0,0,NA,-1,-1,-1,-1,-1,-2,-2,false,0,0,0,NA,-1,-1,-1,-1,-1,-2,-2
2,"Environment: 1, AimModifier: 2",11.749,false,0,0,0,NA,false,0,0,0,NA,-1,-1,-1,-1,-1,-2,-2,false,0,0,0,NA,-1,-1,-1,-1,-1,-2,-2
2,"Environment: 1, AimModifier: 2",11.75095,false,0,0,0,NA,false,0,0,0,NA,-1,-1,-1,-1,-1,-2,-2,false,0,0,0,NA,-1,-1,-1,-1,-1,-2,-2
2,"Environment: 1, AimModifier: 2",11.7523,false,0,0,0,NA,false,0,0,0,NA,-1,-1,-1,-1,-1,-2,-2,false,0,0,0,NA,-1,-1,-1,-1,-1,-2,-2
2,"Environment: 1, AimModifier: 2",11.75392,false,0,0,0,NA,false,0,0,0,NA,-1,-1,-1,-1,-1,-2,-2,false,0,0,0,NA,-1,-1,-1,-1,-1,-2,-2
2,"Environment: 1, AimModifier: 2",11.75608,false,0,0,0,NA,false,0,0,0,NA,-1,-1,-1,-1,-1,-2,-2,false,0,0,0,NA,-1,-1,-1,-1,-1,-2,-2
2,"Environment: 1, AimModifier: 2",11.75807,false,0,0,0,NA,false,0,0,0,NA,-1,-1,-1,-1,-1,-2,-2,false,0,0,0,NA,-1,-1,-1,-1,-1,-2,-2
2,"Environment: 1, AimModifier: 2",11.75936,false,0,0,0,NA,false,0,0,0,NA,-1,-1,-1,-1,-1,-2,-2,false,0,0,0,NA,-1,-1,-1,-1,-1,-2,-2
2,"Environment: 1, AimModifier: 2",11.76087,false,0,0,0,NA,false,0,0,0,NA,-1,-1,-1,-1,-1,-2,-2,false,0,0,0,NA,-1,-1,-1,-1,-1,-2,-2
2,"Environment: 1, AimModifier: 2",11.7622,false,0,0,0,NA,false,0,0,0,NA,-1,-1,-1,-1,-1,-2,-2,false,0,0,0,NA,-1,-1,-1,-1,-1,-2,-2
2,"Environment: 1, AimModifier: 2",11.76504,false,0,0,0,NA,false,0,0,0,NA,-1,-1,-1,-1,-1,-2,-2,false,0,0,0,NA,-1,-1,-1,-1,-1,-2,-2
2,"Environment: 1, AimModifier: 2",11.76635,false,0,0,0,NA,false,0,0,0,NA,-1,-1,-1,-1,-1,-2,-2,false,0,0,0,NA,-1,-1,-1,-1,-1,-2,-2
2,"Environment: 1, AimModifier: 2",11.76771,false,0,0,0,NA,false,0,0,0,NA,-1,-1,-1,-1,-1,-2,-2,false,0,0,0,NA,-1,-1,-1,-1,-1,-2,-2
2,"Environment: 1, AimModifier: 2",11.76996,false,0,0,0,NA,false,0,0,0,NA,-1,-1,-1,-1,-1,-2,-2,false,0,0,0,NA,-1,-1,-1,-1,-1,-2,-2
2,"Environment: 1, AimModifier: 2",11.77247,false,0,0,0,NA,false,0,0,0,NA,-1,-1,-1,-1,-1,-2,-2,false,0,0,0,NA,-1,-1,-1,-1,-1,-2,-2
2,"Environment: 1, AimModifier: 2",11.77398,false,0,0,0,NA,false,0,0,0,NA,-1,-1,-1,-1,-1,-2,-2,false,0,0,0,NA,-1,-1,-1,-1,-1,-2,-2
2,"Environment: 1, AimModifier: 2",11.77534,false,0,0,0,NA,false,0,0,0,NA,-1,-1,-1,-1,-1,-2,-2,false,0,0,0,NA,-1,-1,-1,-1,-1,-2,-2
2,"Environment: 1, AimModifier: 2",11.77669,false,0,0,0,NA,false,0,0,0,NA,-1,-1,-1,-1,-1,-2,-2,false,0,0,0,NA,-1,-1,-1,-1,-1,-2,-2
2,"Environment: 1, AimModifier: 2",11.77821,false,0,0,0,NA,false,0,0,0,NA,-1,-1,-1,-1,-1,-2,-2,false,0,0,0,NA,-1,-1,-1,-1,-1,-2,-2
2,"Environment: 1, AimModifier: 2",11.78037,false,0,0,0,NA,false,0,0,0,NA,-1,-1,-1,-1,-1,-2,-2,false,0,0,0,NA,-1,-1,-1,-1,-1,-2,-2
2,"Environment: 1, AimModifier: 2",11.78174,false,0,0,0,NA,false,0,0,0,NA,-1,-1,-1,-1,-1,-2,-2,false,0,0,0,NA,-1,-1,-1,-1,-1,-2,-2
2,"Environment: 1, AimModifier: 2",11.78314,false,0,0,0,NA,false,0,0,0,NA,-1,-1,-1,-1,-1,-2,-2,false,0,0,0,NA,-1,-1,-1,-1,-1,-2,-2
2,"Environment: 1, AimModifier: 2",11.78672,false,0,0,0,NA,false,0,0,0,NA,-1,-1,-1,-1,-1,-2,-2,false,0,0,0,NA,-1,-1,-1,-1,-1,-2,-2
2,"Environment: 1, AimModifier: 2",11.7884,false,0,0,0,NA,false,0,0,0,NA,-1,-1,-1,-1,-1,-2,-2,false,0,0,0,NA,-1,-1,-1,-1,-1,-2,-2
2,"Environment: 1, AimModifier: 2",11.78981,false,0,0,0,NA,false,0,0,0,NA,-1,-1,-1,-1,-1,-2,-2,false,0,0,0,NA,-1,-1,-1,-1,-1,-2,-2
2,"Environment: 1, AimModifier: 2",11.79138,false,0,0,0,NA,false,0,0,0,NA,-1,-1,-1,-1,-1,-2,-2,false,0,0,0,NA,-1,-1,-1,-1,-1,-2,-2
2,"Environment: 1, AimModifier: 2",11.79367,false,0,0,0,NA,false,0,0,0,NA,-1,-1,-1,-1,-1,-2,-2,false,0,0,0,NA,-1,-1,-1,-1,-1,-2,-2
2,"Environment: 1, AimModifier: 2",11.79501,false,0,0,0,NA,false,0,0,0,NA,-1,-1,-1,-1,-1,-2,-2,false,0,0,0,NA,-1,-1,-1,-1,-1,-2,-2
2,"Environment: 1, AimModifier: 2",11.79631,false,0,0,0,NA,false,0,0,0,NA,-1,-1,-1,-1,-1,-2,-2,false,0,0,0,NA,-1,-1,-1,-1,-1,-2,-2
2,"Environment: 1, AimModifier: 2",11.79855,false,0,0,0,NA,false,0,0,0,NA,-1,-1,-1,-1,-1,-2,-2,false,0,0,0,NA,-1,-1,-1,-1,-1,-2,-2
2,"Environment: 1, AimModifier: 2",11.80001,false,0,0,0,NA,false,0,0,0,NA,-1,-1,-1,-1,-1,-2,-2,false,0,0,0,NA,-1,-1,-1,-1,-1,-2,-2
2,"Environment: 1, AimModifier: 2",11.80145,false,0,0,0,NA,false,0,0,0,NA,-1,-1,-1,-1,-1,-2,-2,false,0,0,0,NA,-1,-1,-1,-1,-1,-2,-2
2,"Environment: 1, AimModifier: 2",11.80286,false,0,0,0,NA,false,0,0,0,NA,-1,-1,-1,-1,-1,-2,-2,false,0,0,0,NA,-1,-1,-1,-1,-1,-2,-2
2,"Environment: 1, AimModifier: 2",11.80527,false,0,0,0,NA,false,0,0,0,NA,-1,-1,-1,-1,-1,-2,-2,false,0,0,0,NA,-1,-1,-1,-1,-1,-2,-2
2,"Environment: 1, AimModifier: 2",11.80752,false,0,0,0,NA,false,0,0,0,NA,-1,-1,-1,-1,-1,-2,-2,false,0,0,0,NA,-1,-1,-1,-1,-1,-2,-2
2,"Environment: 1, AimModifier: 2",11.80896,false,0,0,0,NA,false,0,0,0,NA,-1,-1,-1,-1,-1,-2,-2,false,0,0,0,NA,-1,-1,-1,-1,-1,-2,-2
2,"Environment: 1, AimModifier: 2",11.81032,false,0,0,0,NA,false,0,0,0,NA,-1,-1,-1,-1,-1,-2,-2,false,0,0,0,NA,-1,-1,-1,-1,-1,-2,-2
2,"Environment: 1, AimModifier: 2",11.81177,false,0,0,0,NA,false,0,0,0,NA,-1,-1,-1,-1,-1,-2,-2,false,0,0,0,NA,-1,-1,-1,-1,-1,-2,-2
2,"Environment: 1, AimModifier: 2",11.81338,false,0,0,0,NA,false,0,0,0,NA,-1,-1,-1,-1,-1,-2,-2,false,0,0,0,NA,-1,-1,-1,-1,-1,-2,-2
2,"Environment: 1, AimModifier: 2",11.81484,false,0,0,0,NA,false,0,0,0,NA,-1,-1,-1,-1,-1,-2,-2,false,0,0,0,NA,-1,-1,-1,-1,-1,-2,-2
2,"Environment: 1, AimModifier: 2",11.81656,false,0,0,0,NA,false,0,0,0,NA,-1,-1,-1,-1,-1,-2,-2,false,0,0,0,NA,-1,-1,-1,-1,-1,-2,-2
2,"Environment: 1, AimModifier: 2",11.81795,false,0,0,0,NA,false,0,0,0,NA,-1,-1,-1,-1,-1,-2,-2,false,0,0,0,NA,-1,-1,-1,-1,-1,-2,-2
2,"Environment: 1, AimModifier: 2",11.81928,false,0,0,0,NA,false,0,0,0,NA,-1,-1,-1,-1,-1,-2,-2,false,0,0,0,NA,-1,-1,-1,-1,-1,-2,-2
2,"Environment: 1, AimModifier: 2",11.82145,false,0,0,0,NA,false,0,0,0,NA,-1,-1,-1,-1,-1,-2,-2,false,0,0,0,NA,-1,-1,-1,-1,-1,-2,-2
2,"Environment: 1, AimModifier: 2",11.82293,false,0,0,0,NA,false,0,0,0,NA,-1,-1,-1,-1,-1,-2,-2,false,0,0,0,NA,-1,-1,-1,-1,-1,-2,-2
2,"Environment: 1, AimModifier: 2",11.82425,false,0,0,0,NA,false,0,0,0,NA,-1,-1,-1,-1,-1,-2,-2,false,0,0,0,NA,-1,-1,-1,-1,-1,-2,-2
2,"Environment: 1, AimModifier: 2",11.8267,false,0,0,0,NA,false,0,0,0,NA,-1,-1,-1,-1,-1,-2,-2,false,0,0,0,NA,-1,-1,-1,-1,-1,-2,-2
2,"Environment: 1, AimModifier: 2",11.82845,false,0,0,0,NA,false,0,0,0,NA,-1,-1,-1,-1,-1,-2,-2,false,0,0,0,NA,-1,-1,-1,-1,-1,-2,-2
2,"Environment: 1, AimModifier: 2",11.82985,false,0,0,0,NA,false,0,0,0,NA,-1,-1,-1,-1,-1,-2,-2,false,0,0,0,NA,-1,-1,-1,-1,-1,-2,-2
2,"Environment: 1, AimModifier: 2",11.83115,false,0,0,0,NA,false,0,0,0,NA,-1,-1,-1,-1,-1,-2,-2,false,0,0,0,NA,-1,-1,-1,-1,-1,-2,-2
2,"Environment: 1, AimModifier: 2",11.8333,false,0,0,0,NA,false,0,0,0,NA,-1,-1,-1,-1,-1,-2,-2,false,0,0,0,NA,-1,-1,-1,-1,-1,-2,-2
2,"Environment: 1, AimModifier: 2",11.83554,false,0,0,0,NA,false,0,0,0,NA,-1,-1,-1,-1,-1,-2,-2,false,0,0,0,NA,-1,-1,-1,-1,-1,-2,-2
2,"Environment: 1, AimModifier: 2",11.837,false,0,0,0,NA,false,0,0,0,NA,-1,-1,-1,-1,-1,-2,-2,false,0,0,0,NA,-1,-1,-1,-1,-1,-2,-2
2,"Environment: 1, AimModifier: 2",11.83832,false,0,0,0,NA,false,0,0,0,NA,-1,-1,-1,-1,-1,-2,-2,false,0,0,0,NA,-1,-1,-1,-1,-1,-2,-2
2,"Environment: 1, AimModifier: 2",11.84056,false,0,0,0,NA,false,0,0,0,NA,-1,-1,-1,-1,-1,-2,-2,false,0,0,0,NA,-1,-1,-1,-1,-1,-2,-2
2,"Environment: 1, AimModifier: 2",11.84196,false,0,0,0,NA,false,0,0,0,NA,-1,-1,-1,-1,-1,-2,-2,false,0,0,0,NA,-1,-1,-1,-1,-1,-2,-2
2,"Environment: 1, AimModifier: 2",11.84326,false,0,0,0,NA,false,0,0,0,NA,-1,-1,-1,-1,-1,-2,-2,false,0,0,0,NA,-1,-1,-1,-1,-1,-2,-2
2,"Environment: 1, AimModifier: 2",11.84479,false,0,0,0,NA,false,0,0,0,NA,-1,-1,-1,-1,-1,-2,-2,false,0,0,0,NA,-1,-1,-1,-1,-1,-2,-2
2,"Environment: 1, AimModifier: 2",11.84713,false,0,0,0,NA,false,0,0,0,NA,-1,-1,-1,-1,-1,-2,-2,false,0,0,0,NA,-1,-1,-1,-1,-1,-2,-2
2,"Environment: 1, AimModifier: 2",11.84909,false,0,0,0,NA,false,0,0,0,NA,-1,-1,-1,-1,-1,-2,-2,false,0,0,0,NA,-1,-1,-1,-1,-1,-2,-2
2,"Environment: 1, AimModifier: 2",11.85057,false,0,0,0,NA,false,0,0,0,NA,-1,-1,-1,-1,-1,-2,-2,false,0,0,0,NA,-1,-1,-1,-1,-1,-2,-2
2,"Environment: 1, AimModifier: 2",11.85192,false,0,0,0,NA,false,0,0,0,NA,-1,-1,-1,-1,-1,-2,-2,false,0,0,0,NA,-1,-1,-1,-1,-1,-2,-2
2,"Environment: 1, AimModifier: 2",11.85398,false,0,0,0,NA,false,0,0,0,NA,-1,-1,-1,-1,-1,-2,-2,false,0,0,0,NA,-1,-1,-1,-1,-1,-2,-2
2,"Environment: 1, AimModifier: 2",11.85537,false,0,0,0,NA,false,0,0,0,NA,-1,-1,-1,-1,-1,-2,-2,false,0,0,0,NA,-1,-1,-1,-1,-1,-2,-2
2,"Environment: 1, AimModifier: 2",11.85682,false,0,0,0,NA,false,0,0,0,NA,-1,-1,-1,-1,-1,-2,-2,false,0,0,0,NA,-1,-1,-1,-1,-1,-2,-2
2,"Environment: 1, AimModifier: 2",11.85856,false,0,0,0,NA,false,0,0,0,NA,-1,-1,-1,-1,-1,-2,-2,false,0,0,0,NA,-1,-1,-1,-1,-1,-2,-2
2,"Environment: 1, AimModifier: 2",11.85998,false,0,0,0,NA,false,0,0,0,NA,-1,-1,-1,-1,-1,-2,-2,false,0,0,0,NA,-1,-1,-1,-1,-1,-2,-2
2,"Environment: 1, AimModifier: 2",11.86147,false,0,0,0,NA,false,0,0,0,NA,-1,-1,-1,-1,-1,-2,-2,false,0,0,0,NA,-1,-1,-1,-1,-1,-2,-2
2,"Environment: 1, AimModifier: 2",11.86374,false,0,0,0,NA,false,0,0,0,NA,-1,-1,-1,-1,-1,-2,-2,false,0,0,0,NA,-1,-1,-1,-1,-1,-2,-2
2,"Environment: 1, AimModifier: 2",11.86554,false,0,0,0,NA,false,0,0,0,NA,-1,-1,-1,-1,-1,-2,-2,false,0,0,0,NA,-1,-1,-1,-1,-1,-2,-2
2,"Environment: 1, AimModifier: 2",11.86723,false,0,0,0,NA,false,0,0,0,NA,-1,-1,-1,-1,-1,-2,-2,false,0,0,0,NA,-1,-1,-1,-1,-1,-2,-2
2,"Environment: 1, AimModifier: 2",11.8687,false,0,0,0,NA,false,0,0,0,NA,-1,-1,-1,-1,-1,-2,-2,false,0,0,0,NA,-1,-1,-1,-1,-1,-2,-2
2,"Environment: 1, AimModifier: 2",11.8712,false,0,0,0,NA,false,0,0,0,NA,-1,-1,-1,-1,-1,-2,-2,false,0,0,0,NA,-1,-1,-1,-1,-1,-2,-2
2,"Environment: 1, AimModifier: 2",11.87281,false,0,0,0,NA,false,0,0,0,NA,-1,-1,-1,-1,-1,-2,-2,false,0,0,0,NA,-1,-1,-1,-1,-1,-2,-2
2,"Environment: 1, AimModifier: 2",11.87421,false,0,0,0,NA,false,0,0,0,NA,-1,-1,-1,-1,-1,-2,-2,false,0,0,0,NA,-1,-1,-1,-1,-1,-2,-2
2,"Environment: 1, AimModifier: 2",11.87692,false,0,0,0,NA,false,0,0,0,NA,-1,-1,-1,-1,-1,-2,-2,false,0,0,0,NA,-1,-1,-1,-1,-1,-2,-2
2,"Environment: 1, AimModifier: 2",11.87855,false,0,0,0,NA,false,0,0,0,NA,-1,-1,-1,-1,-1,-2,-2,false,0,0,0,NA,-1,-1,-1,-1,-1,-2,-2
2,"Environment: 1, AimModifier: 2",11.88008,false,0,0,0,NA,false,0,0,0,NA,-1,-1,-1,-1,-1,-2,-2,false,0,0,0,NA,-1,-1,-1,-1,-1,-2,-2
2,"Environment: 1, AimModifier: 2",11.88251,false,0,0,0,NA,false,0,0,0,NA,-1,-1,-1,-1,-1,-2,-2,false,0,0,0,NA,-1,-1,-1,-1,-1,-2,-2
2,"Environment: 1, AimModifier: 2",11.88474,false,0,0,0,NA,false,0,0,0,NA,-1,-1,-1,-1,-1,-2,-2,false,0,0,0,NA,-1,-1,-1,-1,-1,-2,-2
2,"Environment: 1, AimModifier: 2",11.88621,false,0,0,0,NA,false,0,0,0,NA,-1,-1,-1,-1,-1,-2,-2,false,0,0,0,NA,-1,-1,-1,-1,-1,-2,-2
2,"Environment: 1, AimModifier: 2",11.88784,false,0,0,0,NA,false,0,0,0,NA,-1,-1,-1,-1,-1,-2,-2,false,0,0,0,NA,-1,-1,-1,-1,-1,-2,-2
2,"Environment: 1, AimModifier: 2",11.88925,false,0,0,0,NA,false,0,0,0,NA,-1,-1,-1,-1,-1,-2,-2,false,0,0,0,NA,-1,-1,-1,-1,-1,-2,-2
2,"Environment: 1, AimModifier: 2",11.89134,false,0,0,0,NA,false,0,0,0,NA,-1,-1,-1,-1,-1,-2,-2,false,0,0,0,NA,-1,-1,-1,-1,-1,-2,-2
2,"Environment: 1, AimModifier: 2",11.89283,false,0,0,0,NA,false,0,0,0,NA,-1,-1,-1,-1,-1,-2,-2,false,0,0,0,NA,-1,-1,-1,-1,-1,-2,-2
2,"Environment: 1, AimModifier: 2",11.8943,false,0,0,0,NA,false,0,0,0,NA,-1,-1,-1,-1,-1,-2,-2,false,0,0,0,NA,-1,-1,-1,-1,-1,-2,-2
2,"Environment: 1, AimModifier: 2",11.89604,false,0,0,0,NA,false,0,0,0,NA,-1,-1,-1,-1,-1,-2,-2,false,0,0,0,NA,-1,-1,-1,-1,-1,-2,-2
2,"Environment: 1, AimModifier: 2",11.89836,false,0,0,0,NA,false,0,0,0,NA,-1,-1,-1,-1,-1,-2,-2,false,0,0,0,NA,-1,-1,-1,-1,-1,-2,-2
2,"Environment: 1, AimModifier: 2",11.9,false,0,0,0,NA,false,0,0,0,NA,-1,-1,-1,-1,-1,-2,-2,false,0,0,0,NA,-1,-1,-1,-1,-1,-2,-2
2,"Environment: 1, AimModifier: 2",11.90154,false,0,0,0,NA,false,0,0,0,NA,-1,-1,-1,-1,-1,-2,-2,false,0,0,0,NA,-1,-1,-1,-1,-1,-2,-2
2,"Environment: 1, AimModifier: 2",11.90303,false,0,0,0,NA,false,0,0,0,NA,-1,-1,-1,-1,-1,-2,-2,false,0,0,0,NA,-1,-1,-1,-1,-1,-2,-2
2,"Environment: 1, AimModifier: 2",11.90604,false,0,0,0,NA,false,0,0,0,NA,-1,-1,-1,-1,-1,-2,-2,false,0,0,0,NA,-1,-1,-1,-1,-1,-2,-2
2,"Environment: 1, AimModifier: 2",11.90759,false,0,0,0,NA,false,0,0,0,NA,-1,-1,-1,-1,-1,-2,-2,false,0,0,0,NA,-1,-1,-1,-1,-1,-2,-2
2,"Environment: 1, AimModifier: 2",11.90927,false,0,0,0,NA,false,0,0,0,NA,-1,-1,-1,-1,-1,-2,-2,false,0,0,0,NA,-1,-1,-1,-1,-1,-2,-2
2,"Environment: 1, AimModifier: 2",11.91187,false,0,0,0,NA,false,0,0,0,NA,-1,-1,-1,-1,-1,-2,-2,false,0,0,0,NA,-1,-1,-1,-1,-1,-2,-2
2,"Environment: 1, AimModifier: 2",11.91524,false,0,0,0,NA,false,0,0,0,NA,-1,-1,-1,-1,-1,-2,-2,false,0,0,0,NA,-1,-1,-1,-1,-1,-2,-2
2,"Environment: 1, AimModifier: 2",11.91678,false,0,0,0,NA,false,0,0,0,NA,-1,-1,-1,-1,-1,-2,-2,false,0,0,0,NA,-1,-1,-1,-1,-1,-2,-2
2,"Environment: 1, AimModifier: 2",11.91951,false,0,0,0,NA,false,0,0,0,NA,-1,-1,-1,-1,-1,-2,-2,false,0,0,0,NA,-1,-1,-1,-1,-1,-2,-2
2,"Environment: 1, AimModifier: 2",11.92118,false,0,0,0,NA,false,0,0,0,NA,-1,-1,-1,-1,-1,-2,-2,false,0,0,0,NA,-1,-1,-1,-1,-1,-2,-2
2,"Environment: 1, AimModifier: 2",11.92285,false,0,0,0,NA,false,0,0,0,NA,-1,-1,-1,-1,-1,-2,-2,false,0,0,0,NA,-1,-1,-1,-1,-1,-2,-2
2,"Environment: 1, AimModifier: 2",11.92486,false,0,0,0,NA,false,0,0,0,NA,-1,-1,-1,-1,-1,-2,-2,false,0,0,0,NA,-1,-1,-1,-1,-1,-2,-2
2,"Environment: 1, AimModifier: 2",11.92769,false,0,0,0,NA,false,0,0,0,NA,-1,-1,-1,-1,-1,-2,-2,false,0,0,0,NA,-1,-1,-1,-1,-1,-2,-2
2,"Environment: 1, AimModifier: 2",11.92948,false,0,0,0,NA,false,0,0,0,NA,-1,-1,-1,-1,-1,-2,-2,false,0,0,0,NA,-1,-1,-1,-1,-1,-2,-2
2,"Environment: 1, AimModifier: 2",11.93098,false,0,0,0,NA,false,0,0,0,NA,-1,-1,-1,-1,-1,-2,-2,false,0,0,0,NA,-1,-1,-1,-1,-1,-2,-2
2,"Environment: 1, AimModifier: 2",11.9342,false,0,0,0,NA,false,0,0,0,NA,-1,-1,-1,-1,-1,-2,-2,false,0,0,0,NA,-1,-1,-1,-1,-1,-2,-2
2,"Environment: 1, AimModifier: 2",11.93657,false,0,0,0,NA,false,0,0,0,NA,-1,-1,-1,-1,-1,-2,-2,false,0,0,0,NA,-1,-1,-1,-1,-1,-2,-2
2,"Environment: 1, AimModifier: 2",11.93825,false,0,0,0,NA,false,0,0,0,NA,-1,-1,-1,-1,-1,-2,-2,false,0,0,0,NA,-1,-1,-1,-1,-1,-2,-2
2,"Environment: 1, AimModifier: 2",11.94068,false,0,0,0,NA,false,0,0,0,NA,-1,-1,-1,-1,-1,-2,-2,false,0,0,0,NA,-1,-1,-1,-1,-1,-2,-2
2,"Environment: 1, AimModifier: 2",11.94233,false,0,0,0,NA,false,0,0,0,NA,-1,-1,-1,-1,-1,-2,-2,false,0,0,0,NA,-1,-1,-1,-1,-1,-2,-2
2,"Environment: 1, AimModifier: 2",11.94392,false,0,0,0,NA,false,0,0,0,NA,-1,-1,-1,-1,-1,-2,-2,false,0,0,0,NA,-1,-1,-1,-1,-1,-2,-2
2,"Environment: 1, AimModifier: 2",11.94751,false,0,0,0,NA,false,0,0,0,NA,-1,-1,-1,-1,-1,-2,-2,false,0,0,0,NA,-1,-1,-1,-1,-1,-2,-2
2,"Environment: 1, AimModifier: 2",11.95664,false,0,0,0,NA,false,0,0,0,NA,-1,-1,-1,-1,-1,-2,-2,false,0,0,0,NA,-1,-1,-1,-1,-1,-2,-2
2,"Environment: 1, AimModifier: 2",11.9586,false,0,0,0,NA,false,0,0,0,NA,-1,-1,-1,-1,-1,-2,-2,false,0,0,0,NA,-1,-1,-1,-1,-1,-2,-2
2,"Environment: 1, AimModifier: 2",11.96008,false,0,0,0,NA,false,0,0,0,NA,-1,-1,-1,-1,-1,-2,-2,false,0,0,0,NA,-1,-1,-1,-1,-1,-2,-2
2,"Environment: 1, AimModifier: 2",11.96247,false,0,0,0,NA,false,0,0,0,NA,-1,-1,-1,-1,-1,-2,-2,false,0,0,0,NA,-1,-1,-1,-1,-1,-2,-2
2,"Environment: 1, AimModifier: 2",11.96407,false,0,0,0,NA,false,0,0,0,NA,-1,-1,-1,-1,-1,-2,-2,false,0,0,0,NA,-1,-1,-1,-1,-1,-2,-2
2,"Environment: 1, AimModifier: 2",11.96674,false,0,0,0,NA,false,0,0,0,NA,-1,-1,-1,-1,-1,-2,-2,false,0,0,0,NA,-1,-1,-1,-1,-1,-2,-2
2,"Environment: 1, AimModifier: 2",11.96851,false,0,0,0,NA,false,0,0,0,NA,-1,-1,-1,-1,-1,-2,-2,false,0,0,0,NA,-1,-1,-1,-1,-1,-2,-2
2,"Environment: 1, AimModifier: 2",11.97008,false,0,0,0,NA,false,0,0,0,NA,-1,-1,-1,-1,-1,-2,-2,false,0,0,0,NA,-1,-1,-1,-1,-1,-2,-2
2,"Environment: 1, AimModifier: 2",11.97165,false,0,0,0,NA,false,0,0,0,NA,-1,-1,-1,-1,-1,-2,-2,false,0,0,0,NA,-1,-1,-1,-1,-1,-2,-2
2,"Environment: 1, AimModifier: 2",11.97494,false,0,0,0,NA,false,0,0,0,NA,-1,-1,-1,-1,-1,-2,-2,false,0,0,0,NA,-1,-1,-1,-1,-1,-2,-2
2,"Environment: 1, AimModifier: 2",11.97657,false,0,0,0,NA,false,0,0,0,NA,-1,-1,-1,-1,-1,-2,-2,false,0,0,0,NA,-1,-1,-1,-1,-1,-2,-2
2,"Environment: 1, AimModifier: 2",11.97814,false,0,0,0,NA,false,0,0,0,NA,-1,-1,-1,-1,-1,-2,-2,false,0,0,0,NA,-1,-1,-1,-1,-1,-2,-2
2,"Environment: 1, AimModifier: 2",11.97985,false,0,0,0,NA,false,0,0,0,NA,-1,-1,-1,-1,-1,-2,-2,false,0,0,0,NA,-1,-1,-1,-1,-1,-2,-2
2,"Environment: 1, AimModifier: 2",11.9818,false,0,0,0,NA,false,0,0,0,NA,-1,-1,-1,-1,-1,-2,-2,false,0,0,0,NA,-1,-1,-1,-1,-1,-2,-2
2,"Environment: 1, AimModifier: 2",11.98373,false,0,0,0,NA,false,0,0,0,NA,-1,-1,-1,-1,-1,-2,-2,false,0,0,0,NA,-1,-1,-1,-1,-1,-2,-2
2,"Environment: 1, AimModifier: 2",11.98576,false,0,0,0,NA,false,0,0,0,NA,-1,-1,-1,-1,-1,-2,-2,false,0,0,0,NA,-1,-1,-1,-1,-1,-2,-2
2,"Environment: 1, AimModifier: 2",11.98768,false,0,0,0,NA,false,0,0,0,NA,-1,-1,-1,-1,-1,-2,-2,false,0,0,0,NA,-1,-1,-1,-1,-1,-2,-2
2,"Environment: 1, AimModifier: 2",11.9894,false,0,0,0,NA,false,0,0,0,NA,-1,-1,-1,-1,-1,-2,-2,false,0,0,0,NA,-1,-1,-1,-1,-1,-2,-2
2,"Environment: 1, AimModifier: 2",11.99175,false,0,0,0,NA,false,0,0,0,NA,-1,-1,-1,-1,-1,-2,-2,false,0,0,0,NA,-1,-1,-1,-1,-1,-2,-2
2,"Environment: 1, AimModifier: 2",11.99351,false,0,0,0,NA,false,0,0,0,NA,-1,-1,-1,-1,-1,-2,-2,false,0,0,0,NA,-1,-1,-1,-1,-1,-2,-2
2,"Environment: 1, AimModifier: 2",11.99523,false,0,0,0,NA,false,0,0,0,NA,-1,-1,-1,-1,-1,-2,-2,false,0,0,0,NA,-1,-1,-1,-1,-1,-2,-2
2,"Environment: 1, AimModifier: 2",11.99678,false,0,0,0,NA,false,0,0,0,NA,-1,-1,-1,-1,-1,-2,-2,false,0,0,0,NA,-1,-1,-1,-1,-1,-2,-2
2,"Environment: 1, AimModifier: 2",11.99905,false,0,0,0,NA,false,0,0,0,NA,-1,-1,-1,-1,-1,-2,-2,false,0,0,0,NA,-1,-1,-1,-1,-1,-2,-2
2,"Environment: 1, AimModifier: 2",12.00088,false,0,0,0,NA,false,0,0,0,NA,-1,-1,-1,-1,-1,-2,-2,false,0,0,0,NA,-1,-1,-1,-1,-1,-2,-2
2,"Environment: 1, AimModifier: 2",12.00261,false,0,0,0,NA,false,0,0,0,NA,-1,-1,-1,-1,-1,-2,-2,false,0,0,0,NA,-1,-1,-1,-1,-1,-2,-2
2,"Environment: 1, AimModifier: 2",12.0043,false,0,0,0,NA,false,0,0,0,NA,-1,-1,-1,-1,-1,-2,-2,false,0,0,0,NA,-1,-1,-1,-1,-1,-2,-2
2,"Environment: 1, AimModifier: 2",12.00599,false,0,0,0,NA,false,0,0,0,NA,-1,-1,-1,-1,-1,-2,-2,false,0,0,0,NA,-1,-1,-1,-1,-1,-2,-2
2,"Environment: 1, AimModifier: 2",12.00743,false,0,0,0,NA,false,0,0,0,NA,-1,-1,-1,-1,-1,-2,-2,false,0,0,0,NA,-1,-1,-1,-1,-1,-2,-2
2,"Environment: 1, AimModifier: 2",12.01023,false,0,0,0,NA,false,0,0,0,NA,-1,-1,-1,-1,-1,-2,-2,false,0,0,0,NA,-1,-1,-1,-1,-1,-2,-2
2,"Environment: 1, AimModifier: 2",12.01206,false,0,0,0,NA,false,0,0,0,NA,-1,-1,-1,-1,-1,-2,-2,false,0,0,0,NA,-1,-1,-1,-1,-1,-2,-2
2,"Environment: 1, AimModifier: 2",12.01342,false,0,0,0,NA,false,0,0,0,NA,-1,-1,-1,-1,-1,-2,-2,false,0,0,0,NA,-1,-1,-1,-1,-1,-2,-2
2,"Environment: 1, AimModifier: 2",12.01564,false,0,0,0,NA,false,0,0,0,NA,-1,-1,-1,-1,-1,-2,-2,false,0,0,0,NA,-1,-1,-1,-1,-1,-2,-2
2,"Environment: 1, AimModifier: 2",12.01702,false,0,0,0,NA,false,0,0,0,NA,-1,-1,-1,-1,-1,-2,-2,false,0,0,0,NA,-1,-1,-1,-1,-1,-2,-2
2,"Environment: 1, AimModifier: 2",12.01865,false,0,0,0,NA,false,0,0,0,NA,-1,-1,-1,-1,-1,-2,-2,false,0,0,0,NA,-1,-1,-1,-1,-1,-2,-2
2,"Environment: 1, AimModifier: 2",12.02121,false,0,0,0,NA,false,0,0,0,NA,-1,-1,-1,-1,-1,-2,-2,false,0,0,0,NA,-1,-1,-1,-1,-1,-2,-2
2,"Environment: 1, AimModifier: 2",12.02361,false,0,0,0,NA,false,0,0,0,NA,-1,-1,-1,-1,-1,-2,-2,false,0,0,0,NA,-1,-1,-1,-1,-1,-2,-2
2,"Environment: 1, AimModifier: 2",12.0258,false,0,0,0,NA,false,0,0,0,NA,-1,-1,-1,-1,-1,-2,-2,false,0,0,0,NA,-1,-1,-1,-1,-1,-2,-2
2,"Environment: 1, AimModifier: 2",12.02787,false,0,0,0,NA,false,0,0,0,NA,-1,-1,-1,-1,-1,-2,-2,false,0,0,0,NA,-1,-1,-1,-1,-1,-2,-2
2,"Environment: 1, AimModifier: 2",12.02952,false,0,0,0,NA,false,0,0,0,NA,-1,-1,-1,-1,-1,-2,-2,false,0,0,0,NA,-1,-1,-1,-1,-1,-2,-2
2,"Environment: 1, AimModifier: 2",12.0315,false,0,0,0,NA,false,0,0,0,NA,-1,-1,-1,-1,-1,-2,-2,false,0,0,0,NA,-1,-1,-1,-1,-1,-2,-2
2,"Environment: 1, AimModifier: 2",12.03284,false,0,0,0,NA,false,0,0,0,NA,-1,-1,-1,-1,-1,-2,-2,false,0,0,0,NA,-1,-1,-1,-1,-1,-2,-2
2,"Environment: 1, AimModifier: 2",12.03448,false,0,0,0,NA,false,0,0,0,NA,-1,-1,-1,-1,-1,-2,-2,false,0,0,0,NA,-1,-1,-1,-1,-1,-2,-2
2,"Environment: 1, AimModifier: 2",12.03605,false,0,0,0,NA,false,0,0,0,NA,-1,-1,-1,-1,-1,-2,-2,false,0,0,0,NA,-1,-1,-1,-1,-1,-2,-2
2,"Environment: 1, AimModifier: 2",12.03837,false,0,0,0,NA,false,0,0,0,NA,-1,-1,-1,-1,-1,-2,-2,false,0,0,0,NA,-1,-1,-1,-1,-1,-2,-2
2,"Environment: 1, AimModifier: 2",12.03985,false,0,0,0,NA,false,0,0,0,NA,-1,-1,-1,-1,-1,-2,-2,false,0,0,0,NA,-1,-1,-1,-1,-1,-2,-2
2,"Environment: 1, AimModifier: 2",12.04116,false,0,0,0,NA,false,0,0,0,NA,-1,-1,-1,-1,-1,-2,-2,false,0,0,0,NA,-1,-1,-1,-1,-1,-2,-2
2,"Environment: 1, AimModifier: 2",12.04324,false,0,0,0,NA,false,0,0,0,NA,-1,-1,-1,-1,-1,-2,-2,false,0,0,0,NA,-1,-1,-1,-1,-1,-2,-2
2,"Environment: 1, AimModifier: 2",12.04449,false,0,0,0,NA,false,0,0,0,NA,-1,-1,-1,-1,-1,-2,-2,false,0,0,0,NA,-1,-1,-1,-1,-1,-2,-2
2,"Environment: 1, AimModifier: 2",12.04593,false,0,0,0,NA,false,0,0,0,NA,-1,-1,-1,-1,-1,-2,-2,false,0,0,0,NA,-1,-1,-1,-1,-1,-2,-2
2,"Environment: 1, AimModifier: 2",12.04725,false,0,0,0,NA,false,0,0,0,NA,-1,-1,-1,-1,-1,-2,-2,false,0,0,0,NA,-1,-1,-1,-1,-1,-2,-2
2,"Environment: 1, AimModifier: 2",12.04866,false,0,0,0,NA,false,0,0,0,NA,-1,-1,-1,-1,-1,-2,-2,false,0,0,0,NA,-1,-1,-1,-1,-1,-2,-2
2,"Environment: 1, AimModifier: 2",12.05007,false,0,0,0,NA,false,0,0,0,NA,-1,-1,-1,-1,-1,-2,-2,false,0,0,0,NA,-1,-1,-1,-1,-1,-2,-2
2,"Environment: 1, AimModifier: 2",12.05148,false,0,0,0,NA,false,0,0,0,NA,-1,-1,-1,-1,-1,-2,-2,false,0,0,0,NA,-1,-1,-1,-1,-1,-2,-2
2,"Environment: 1, AimModifier: 2",12.05277,false,0,0,0,NA,false,0,0,0,NA,-1,-1,-1,-1,-1,-2,-2,false,0,0,0,NA,-1,-1,-1,-1,-1,-2,-2
2,"Environment: 1, AimModifier: 2",12.05403,false,0,0,0,NA,false,0,0,0,NA,-1,-1,-1,-1,-1,-2,-2,false,0,0,0,NA,-1,-1,-1,-1,-1,-2,-2
2,"Environment: 1, AimModifier: 2",12.05521,false,0,0,0,NA,false,0,0,0,NA,-1,-1,-1,-1,-1,-2,-2,false,0,0,0,NA,-1,-1,-1,-1,-1,-2,-2
2,"Environment: 1, AimModifier: 2",12.05651,false,0,0,0,NA,false,0,0,0,NA,-1,-1,-1,-1,-1,-2,-2,false,0,0,0,NA,-1,-1,-1,-1,-1,-2,-2
2,"Environment: 1, AimModifier: 2",12.0586,false,0,0,0,NA,false,0,0,0,NA,-1,-1,-1,-1,-1,-2,-2,false,0,0,0,NA,-1,-1,-1,-1,-1,-2,-2
2,"Environment: 1, AimModifier: 2",12.05999,false,0,0,0,NA,false,0,0,0,NA,-1,-1,-1,-1,-1,-2,-2,false,0,0,0,NA,-1,-1,-1,-1,-1,-2,-2
2,"Environment: 1, AimModifier: 2",12.06134,false,0,0,0,NA,false,0,0,0,NA,-1,-1,-1,-1,-1,-2,-2,false,0,0,0,NA,-1,-1,-1,-1,-1,-2,-2
2,"Environment: 1, AimModifier: 2",12.06268,false,0,0,0,NA,false,0,0,0,NA,-1,-1,-1,-1,-1,-2,-2,false,0,0,0,NA,-1,-1,-1,-1,-1,-2,-2
2,"Environment: 1, AimModifier: 2",12.06519,false,0,0,0,NA,false,0,0,0,NA,-1,-1,-1,-1,-1,-2,-2,false,0,0,0,NA,-1,-1,-1,-1,-1,-2,-2
2,"Environment: 1, AimModifier: 2",12.06659,false,0,0,0,NA,false,0,0,0,NA,-1,-1,-1,-1,-1,-2,-2,false,0,0,0,NA,-1,-1,-1,-1,-1,-2,-2
2,"Environment: 1, AimModifier: 2",12.06813,false,0,0,0,NA,false,0,0,0,NA,-1,-1,-1,-1,-1,-2,-2,false,0,0,0,NA,-1,-1,-1,-1,-1,-2,-2
2,"Environment: 1, AimModifier: 2",12.06959,false,0,0,0,NA,false,0,0,0,NA,-1,-1,-1,-1,-1,-2,-2,false,0,0,0,NA,-1,-1,-1,-1,-1,-2,-2
2,"Environment: 1, AimModifier: 2",12.07096,false,0,0,0,NA,false,0,0,0,NA,-1,-1,-1,-1,-1,-2,-2,false,0,0,0,NA,-1,-1,-1,-1,-1,-2,-2
2,"Environment: 1, AimModifier: 2",12.07303,false,0,0,0,NA,false,0,0,0,NA,-1,-1,-1,-1,-1,-2,-2,false,0,0,0,NA,-1,-1,-1,-1,-1,-2,-2
2,"Environment: 1, AimModifier: 2",12.07437,false,0,0,0,NA,false,0,0,0,NA,-1,-1,-1,-1,-1,-2,-2,false,0,0,0,NA,-1,-1,-1,-1,-1,-2,-2
2,"Environment: 1, AimModifier: 2",12.07624,false,0,0,0,NA,false,0,0,0,NA,-1,-1,-1,-1,-1,-2,-2,false,0,0,0,NA,-1,-1,-1,-1,-1,-2,-2
2,"Environment: 1, AimModifier: 2",12.07781,false,0,0,0,NA,false,0,0,0,NA,-1,-1,-1,-1,-1,-2,-2,false,0,0,0,NA,-1,-1,-1,-1,-1,-2,-2
2,"Environment: 1, AimModifier: 2",12.07996,false,0,0,0,NA,false,0,0,0,NA,-1,-1,-1,-1,-1,-2,-2,false,0,0,0,NA,-1,-1,-1,-1,-1,-2,-2
2,"Environment: 1, AimModifier: 2",12.08153,false,0,0,0,NA,false,0,0,0,NA,-1,-1,-1,-1,-1,-2,-2,false,0,0,0,NA,-1,-1,-1,-1,-1,-2,-2
2,"Environment: 1, AimModifier: 2",12.08299,false,0,0,0,NA,false,0,0,0,NA,-1,-1,-1,-1,-1,-2,-2,false,0,0,0,NA,-1,-1,-1,-1,-1,-2,-2
2,"Environment: 1, AimModifier: 2",12.08442,false,0,0,0,NA,false,0,0,0,NA,-1,-1,-1,-1,-1,-2,-2,false,0,0,0,NA,-1,-1,-1,-1,-1,-2,-2
2,"Environment: 1, AimModifier: 2",12.08592,false,0,0,0,NA,false,0,0,0,NA,-1,-1,-1,-1,-1,-2,-2,false,0,0,0,NA,-1,-1,-1,-1,-1,-2,-2
2,"Environment: 1, AimModifier: 2",12.08719,false,0,0,0,NA,false,0,0,0,NA,-1,-1,-1,-1,-1,-2,-2,false,0,0,0,NA,-1,-1,-1,-1,-1,-2,-2
2,"Environment: 1, AimModifier: 2",12.08855,false,0,0,0,NA,false,0,0,0,NA,-1,-1,-1,-1,-1,-2,-2,false,0,0,0,NA,-1,-1,-1,-1,-1,-2,-2
2,"Environment: 1, AimModifier: 2",12.08985,false,0,0,0,NA,false,0,0,0,NA,-1,-1,-1,-1,-1,-2,-2,false,0,0,0,NA,-1,-1,-1,-1,-1,-2,-2
2,"Environment: 1, AimModifier: 2",12.09121,false,0,0,0,NA,false,0,0,0,NA,-1,-1,-1,-1,-1,-2,-2,false,0,0,0,NA,-1,-1,-1,-1,-1,-2,-2
2,"Environment: 1, AimModifier: 2",12.09248,false,0,0,0,NA,false,0,0,0,NA,-1,-1,-1,-1,-1,-2,-2,false,0,0,0,NA,-1,-1,-1,-1,-1,-2,-2
2,"Environment: 1, AimModifier: 2",12.09487,false,0,0,0,NA,false,0,0,0,NA,-1,-1,-1,-1,-1,-2,-2,false,0,0,0,NA,-1,-1,-1,-1,-1,-2,-2
2,"Environment: 1, AimModifier: 2",12.09637,false,0,0,0,NA,false,0,0,0,NA,-1,-1,-1,-1,-1,-2,-2,false,0,0,0,NA,-1,-1,-1,-1,-1,-2,-2
2,"Environment: 1, AimModifier: 2",12.09772,false,0,0,0,NA,false,0,0,0,NA,-1,-1,-1,-1,-1,-2,-2,false,0,0,0,NA,-1,-1,-1,-1,-1,-2,-2
2,"Environment: 1, AimModifier: 2",12.09915,false,0,0,0,NA,false,0,0,0,NA,-1,-1,-1,-1,-1,-2,-2,false,0,0,0,NA,-1,-1,-1,-1,-1,-2,-2
2,"Environment: 1, AimModifier: 2",12.10178,false,0,0,0,NA,false,0,0,0,NA,-1,-1,-1,-1,-1,-2,-2,false,0,0,0,NA,-1,-1,-1,-1,-1,-2,-2
2,"Environment: 1, AimModifier: 2",12.10371,false,0,0,0,NA,false,0,0,0,NA,-1,-1,-1,-1,-1,-2,-2,false,0,0,0,NA,-1,-1,-1,-1,-1,-2,-2
2,"Environment: 1, AimModifier: 2",12.1061,false,0,0,0,NA,false,0,0,0,NA,-1,-1,-1,-1,-1,-2,-2,false,0,0,0,NA,-1,-1,-1,-1,-1,-2,-2
2,"Environment: 1, AimModifier: 2",12.10753,false,0,0,0,NA,false,0,0,0,NA,-1,-1,-1,-1,-1,-2,-2,false,0,0,0,NA,-1,-1,-1,-1,-1,-2,-2
2,"Environment: 1, AimModifier: 2",12.10894,false,0,0,0,NA,false,0,0,0,NA,-1,-1,-1,-1,-1,-2,-2,false,0,0,0,NA,-1,-1,-1,-1,-1,-2,-2
2,"Environment: 1, AimModifier: 2",12.11026,false,0,0,0,NA,false,0,0,0,NA,-1,-1,-1,-1,-1,-2,-2,false,0,0,0,NA,-1,-1,-1,-1,-1,-2,-2
2,"Environment: 1, AimModifier: 2",12.11151,false,0,0,0,NA,false,0,0,0,NA,-1,-1,-1,-1,-1,-2,-2,false,0,0,0,NA,-1,-1,-1,-1,-1,-2,-2
2,"Environment: 1, AimModifier: 2",12.11316,false,0,0,0,NA,false,0,0,0,NA,-1,-1,-1,-1,-1,-2,-2,false,0,0,0,NA,-1,-1,-1,-1,-1,-2,-2
2,"Environment: 1, AimModifier: 2",12.11516,false,0,0,0,NA,false,0,0,0,NA,-1,-1,-1,-1,-1,-2,-2,false,0,0,0,NA,-1,-1,-1,-1,-1,-2,-2
2,"Environment: 1, AimModifier: 2",12.11718,false,0,0,0,NA,false,0,0,0,NA,-1,-1,-1,-1,-1,-2,-2,false,0,0,0,NA,-1,-1,-1,-1,-1,-2,-2
2,"Environment: 1, AimModifier: 2",12.1188,false,0,0,0,NA,false,0,0,0,NA,-1,-1,-1,-1,-1,-2,-2,false,0,0,0,NA,-1,-1,-1,-1,-1,-2,-2
2,"Environment: 1, AimModifier: 2",12.12024,false,0,0,0,NA,false,0,0,0,NA,-1,-1,-1,-1,-1,-2,-2,false,0,0,0,NA,-1,-1,-1,-1,-1,-2,-2
2,"Environment: 1, AimModifier: 2",12.12222,false,0,0,0,NA,false,0,0,0,NA,-1,-1,-1,-1,-1,-2,-2,false,0,0,0,NA,-1,-1,-1,-1,-1,-2,-2
2,"Environment: 1, AimModifier: 2",12.1235,false,0,0,0,NA,false,0,0,0,NA,-1,-1,-1,-1,-1,-2,-2,false,0,0,0,NA,-1,-1,-1,-1,-1,-2,-2
2,"Environment: 1, AimModifier: 2",12.12504,false,0,0,0,NA,false,0,0,0,NA,-1,-1,-1,-1,-1,-2,-2,false,0,0,0,NA,-1,-1,-1,-1,-1,-2,-2
2,"Environment: 1, AimModifier: 2",12.12688,false,0,0,0,NA,false,0,0,0,NA,-1,-1,-1,-1,-1,-2,-2,false,0,0,0,NA,-1,-1,-1,-1,-1,-2,-2
2,"Environment: 1, AimModifier: 2",12.12869,false,0,0,0,NA,false,0,0,0,NA,-1,-1,-1,-1,-1,-2,-2,false,0,0,0,NA,-1,-1,-1,-1,-1,-2,-2
2,"Environment: 1, AimModifier: 2",12.1301,false,0,0,0,NA,false,0,0,0,NA,-1,-1,-1,-1,-1,-2,-2,false,0,0,0,NA,-1,-1,-1,-1,-1,-2,-2
2,"Environment: 1, AimModifier: 2",12.13159,false,0,0,0,NA,false,0,0,0,NA,-1,-1,-1,-1,-1,-2,-2,false,0,0,0,NA,-1,-1,-1,-1,-1,-2,-2
2,"Environment: 1, AimModifier: 2",12.13302,false,0,0,0,NA,false,0,0,0,NA,-1,-1,-1,-1,-1,-2,-2,false,0,0,0,NA,-1,-1,-1,-1,-1,-2,-2
2,"Environment: 1, AimModifier: 2",12.13608,false,0,0,0,NA,false,0,0,0,NA,-1,-1,-1,-1,-1,-2,-2,false,0,0,0,NA,-1,-1,-1,-1,-1,-2,-2
2,"Environment: 1, AimModifier: 2",12.13762,false,0,0,0,NA,false,0,0,0,NA,-1,-1,-1,-1,-1,-2,-2,false,0,0,0,NA,-1,-1,-1,-1,-1,-2,-2
2,"Environment: 1, AimModifier: 2",12.13893,false,0,0,0,NA,false,0,0,0,NA,-1,-1,-1,-1,-1,-2,-2,false,0,0,0,NA,-1,-1,-1,-1,-1,-2,-2
2,"Environment: 1, AimModifier: 2",12.14024,false,0,0,0,NA,false,0,0,0,NA,-1,-1,-1,-1,-1,-2,-2,false,0,0,0,NA,-1,-1,-1,-1,-1,-2,-2
2,"Environment: 1, AimModifier: 2",12.14717,false,0,0,0,NA,false,0,0,0,NA,-1,-1,-1,-1,-1,-2,-2,false,0,0,0,NA,-1,-1,-1,-1,-1,-2,-2
2,"Environment: 1, AimModifier: 2",12.15041,false,0,0,0,NA,false,0,0,0,NA,-1,-1,-1,-1,-1,-2,-2,false,0,0,0,NA,-1,-1,-1,-1,-1,-2,-2
2,"Environment: 1, AimModifier: 2",12.15258,false,0,0,0,NA,false,0,0,0,NA,-1,-1,-1,-1,-1,-2,-2,false,0,0,0,NA,-1,-1,-1,-1,-1,-2,-2
2,"Environment: 1, AimModifier: 2",12.15393,false,0,0,0,NA,false,0,0,0,NA,-1,-1,-1,-1,-1,-2,-2,false,0,0,0,NA,-1,-1,-1,-1,-1,-2,-2
2,"Environment: 1, AimModifier: 2",12.15542,false,0,0,0,NA,false,0,0,0,NA,-1,-1,-1,-1,-1,-2,-2,false,0,0,0,NA,-1,-1,-1,-1,-1,-2,-2
2,"Environment: 1, AimModifier: 2",12.15705,false,0,0,0,NA,false,0,0,0,NA,-1,-1,-1,-1,-1,-2,-2,false,0,0,0,NA,-1,-1,-1,-1,-1,-2,-2
2,"Environment: 1, AimModifier: 2",12.15867,false,0,0,0,NA,false,0,0,0,NA,-1,-1,-1,-1,-1,-2,-2,false,0,0,0,NA,-1,-1,-1,-1,-1,-2,-2
2,"Environment: 1, AimModifier: 2",12.16062,false,0,0,0,NA,false,0,0,0,NA,-1,-1,-1,-1,-1,-2,-2,false,0,0,0,NA,-1,-1,-1,-1,-1,-2,-2
2,"Environment: 1, AimModifier: 2",12.16229,false,0,0,0,NA,false,0,0,0,NA,-1,-1,-1,-1,-1,-2,-2,false,0,0,0,NA,-1,-1,-1,-1,-1,-2,-2
2,"Environment: 1, AimModifier: 2",12.16376,false,0,0,0,NA,false,0,0,0,NA,-1,-1,-1,-1,-1,-2,-2,false,0,0,0,NA,-1,-1,-1,-1,-1,-2,-2
2,"Environment: 1, AimModifier: 2",12.16542,false,0,0,0,NA,false,0,0,0,NA,-1,-1,-1,-1,-1,-2,-2,false,0,0,0,NA,-1,-1,-1,-1,-1,-2,-2
2,"Environment: 1, AimModifier: 2",12.16683,false,0,0,0,NA,false,0,0,0,NA,-1,-1,-1,-1,-1,-2,-2,false,0,0,0,NA,-1,-1,-1,-1,-1,-2,-2
2,"Environment: 1, AimModifier: 2",12.16838,false,0,0,0,NA,false,0,0,0,NA,-1,-1,-1,-1,-1,-2,-2,false,0,0,0,NA,-1,-1,-1,-1,-1,-2,-2
2,"Environment: 1, AimModifier: 2",12.1698,false,0,0,0,NA,false,0,0,0,NA,-1,-1,-1,-1,-1,-2,-2,false,0,0,0,NA,-1,-1,-1,-1,-1,-2,-2
2,"Environment: 1, AimModifier: 2",12.17133,false,0,0,0,NA,false,0,0,0,NA,-1,-1,-1,-1,-1,-2,-2,false,0,0,0,NA,-1,-1,-1,-1,-1,-2,-2
2,"Environment: 1, AimModifier: 2",12.17288,false,0,0,0,NA,false,0,0,0,NA,-1,-1,-1,-1,-1,-2,-2,false,0,0,0,NA,-1,-1,-1,-1,-1,-2,-2
2,"Environment: 1, AimModifier: 2",12.17467,false,0,0,0,NA,false,0,0,0,NA,-1,-1,-1,-1,-1,-2,-2,false,0,0,0,NA,-1,-1,-1,-1,-1,-2,-2
2,"Environment: 1, AimModifier: 2",12.1769,false,0,0,0,NA,false,0,0,0,NA,-1,-1,-1,-1,-1,-2,-2,false,0,0,0,NA,-1,-1,-1,-1,-1,-2,-2
2,"Environment: 1, AimModifier: 2",12.17828,false,0,0,0,NA,false,0,0,0,NA,-1,-1,-1,-1,-1,-2,-2,false,0,0,0,NA,-1,-1,-1,-1,-1,-2,-2
2,"Environment: 1, AimModifier: 2",12.17966,false,0,0,0,NA,false,0,0,0,NA,-1,-1,-1,-1,-1,-2,-2,false,0,0,0,NA,-1,-1,-1,-1,-1,-2,-2
2,"Environment: 1, AimModifier: 2",12.18104,false,0,0,0,NA,false,0,0,0,NA,-1,-1,-1,-1,-1,-2,-2,false,0,0,0,NA,-1,-1,-1,-1,-1,-2,-2
2,"Environment: 1, AimModifier: 2",12.18232,false,0,0,0,NA,false,0,0,0,NA,-1,-1,-1,-1,-1,-2,-2,false,0,0,0,NA,-1,-1,-1,-1,-1,-2,-2
2,"Environment: 1, AimModifier: 2",12.18363,false,0,0,0,NA,false,0,0,0,NA,-1,-1,-1,-1,-1,-2,-2,false,0,0,0,NA,-1,-1,-1,-1,-1,-2,-2
2,"Environment: 1, AimModifier: 2",12.18529,false,0,0,0,NA,false,0,0,0,NA,-1,-1,-1,-1,-1,-2,-2,false,0,0,0,NA,-1,-1,-1,-1,-1,-2,-2
2,"Environment: 1, AimModifier: 2",12.18661,false,0,0,0,NA,false,0,0,0,NA,-1,-1,-1,-1,-1,-2,-2,false,0,0,0,NA,-1,-1,-1,-1,-1,-2,-2
2,"Environment: 1, AimModifier: 2",12.18852,false,0,0,0,NA,false,0,0,0,NA,-1,-1,-1,-1,-1,-2,-2,false,0,0,0,NA,-1,-1,-1,-1,-1,-2,-2
2,"Environment: 1, AimModifier: 2",12.19,false,0,0,0,NA,false,0,0,0,NA,-1,-1,-1,-1,-1,-2,-2,false,0,0,0,NA,-1,-1,-1,-1,-1,-2,-2
2,"Environment: 1, AimModifier: 2",12.1917,false,0,0,0,NA,false,0,0,0,NA,-1,-1,-1,-1,-1,-2,-2,false,0,0,0,NA,-1,-1,-1,-1,-1,-2,-2
2,"Environment: 1, AimModifier: 2",12.19304,false,0,0,0,NA,false,0,0,0,NA,-1,-1,-1,-1,-1,-2,-2,false,0,0,0,NA,-1,-1,-1,-1,-1,-2,-2
2,"Environment: 1, AimModifier: 2",12.19437,false,0,0,0,NA,false,0,0,0,NA,-1,-1,-1,-1,-1,-2,-2,false,0,0,0,NA,-1,-1,-1,-1,-1,-2,-2
2,"Environment: 1, AimModifier: 2",12.19572,false,0,0,0,NA,false,0,0,0,NA,-1,-1,-1,-1,-1,-2,-2,false,0,0,0,NA,-1,-1,-1,-1,-1,-2,-2
2,"Environment: 1, AimModifier: 2",12.19737,false,0,0,0,NA,false,0,0,0,NA,-1,-1,-1,-1,-1,-2,-2,false,0,0,0,NA,-1,-1,-1,-1,-1,-2,-2
2,"Environment: 1, AimModifier: 2",12.19894,false,0,0,0,NA,false,0,0,0,NA,-1,-1,-1,-1,-1,-2,-2,false,0,0,0,NA,-1,-1,-1,-1,-1,-2,-2
2,"Environment: 1, AimModifier: 2",12.20047,false,0,0,0,NA,false,0,0,0,NA,-1,-1,-1,-1,-1,-2,-2,false,0,0,0,NA,-1,-1,-1,-1,-1,-2,-2
2,"Environment: 1, AimModifier: 2",12.20191,false,0,0,0,NA,false,0,0,0,NA,-1,-1,-1,-1,-1,-2,-2,false,0,0,0,NA,-1,-1,-1,-1,-1,-2,-2
2,"Environment: 1, AimModifier: 2",12.20343,false,0,0,0,NA,false,0,0,0,NA,-1,-1,-1,-1,-1,-2,-2,false,0,0,0,NA,-1,-1,-1,-1,-1,-2,-2
2,"Environment: 1, AimModifier: 2",12.20553,false,0,0,0,NA,false,0,0,0,NA,-1,-1,-1,-1,-1,-2,-2,false,0,0,0,NA,-1,-1,-1,-1,-1,-2,-2
2,"Environment: 1, AimModifier: 2",12.20682,false,0,0,0,NA,false,0,0,0,NA,-1,-1,-1,-1,-1,-2,-2,false,0,0,0,NA,-1,-1,-1,-1,-1,-2,-2
2,"Environment: 1, AimModifier: 2",12.20825,false,0,0,0,NA,false,0,0,0,NA,-1,-1,-1,-1,-1,-2,-2,false,0,0,0,NA,-1,-1,-1,-1,-1,-2,-2
2,"Environment: 1, AimModifier: 2",12.20957,false,0,0,0,NA,false,0,0,0,NA,-1,-1,-1,-1,-1,-2,-2,false,0,0,0,NA,-1,-1,-1,-1,-1,-2,-2
2,"Environment: 1, AimModifier: 2",12.21091,false,0,0,0,NA,false,0,0,0,NA,-1,-1,-1,-1,-1,-2,-2,false,0,0,0,NA,-1,-1,-1,-1,-1,-2,-2
2,"Environment: 1, AimModifier: 2",12.21215,false,0,0,0,NA,false,0,0,0,NA,-1,-1,-1,-1,-1,-2,-2,false,0,0,0,NA,-1,-1,-1,-1,-1,-2,-2
2,"Environment: 1, AimModifier: 2",12.21346,false,0,0,0,NA,false,0,0,0,NA,-1,-1,-1,-1,-1,-2,-2,false,0,0,0,NA,-1,-1,-1,-1,-1,-2,-2
2,"Environment: 1, AimModifier: 2",12.21476,false,0,0,0,NA,false,0,0,0,NA,-1,-1,-1,-1,-1,-2,-2,false,0,0,0,NA,-1,-1,-1,-1,-1,-2,-2
2,"Environment: 1, AimModifier: 2",12.21634,false,0,0,0,NA,false,0,0,0,NA,-1,-1,-1,-1,-1,-2,-2,false,0,0,0,NA,-1,-1,-1,-1,-1,-2,-2
2,"Environment: 1, AimModifier: 2",12.21779,false,0,0,0,NA,false,0,0,0,NA,-1,-1,-1,-1,-1,-2,-2,false,0,0,0,NA,-1,-1,-1,-1,-1,-2,-2
2,"Environment: 1, AimModifier: 2",12.21928,false,0,0,0,NA,false,0,0,0,NA,-1,-1,-1,-1,-1,-2,-2,false,0,0,0,NA,-1,-1,-1,-1,-1,-2,-2
2,"Environment: 1, AimModifier: 2",12.22063,false,0,0,0,NA,false,0,0,0,NA,-1,-1,-1,-1,-1,-2,-2,false,0,0,0,NA,-1,-1,-1,-1,-1,-2,-2
2,"Environment: 1, AimModifier: 2",12.22204,false,0,0,0,NA,false,0,0,0,NA,-1,-1,-1,-1,-1,-2,-2,false,0,0,0,NA,-1,-1,-1,-1,-1,-2,-2
2,"Environment: 1, AimModifier: 2",12.22332,false,0,0,0,NA,false,0,0,0,NA,-1,-1,-1,-1,-1,-2,-2,false,0,0,0,NA,-1,-1,-1,-1,-1,-2,-2
2,"Environment: 1, AimModifier: 2",12.22562,false,0,0,0,NA,false,0,0,0,NA,-1,-1,-1,-1,-1,-2,-2,false,0,0,0,NA,-1,-1,-1,-1,-1,-2,-2
2,"Environment: 1, AimModifier: 2",12.22713,false,0,0,0,NA,false,0,0,0,NA,-1,-1,-1,-1,-1,-2,-2,false,0,0,0,NA,-1,-1,-1,-1,-1,-2,-2
2,"Environment: 1, AimModifier: 2",12.22867,false,0,0,0,NA,false,0,0,0,NA,-1,-1,-1,-1,-1,-2,-2,false,0,0,0,NA,-1,-1,-1,-1,-1,-2,-2
2,"Environment: 1, AimModifier: 2",12.23012,false,0,0,0,NA,false,0,0,0,NA,-1,-1,-1,-1,-1,-2,-2,false,0,0,0,NA,-1,-1,-1,-1,-1,-2,-2
2,"Environment: 1, AimModifier: 2",12.2315,false,0,0,0,NA,false,0,0,0,NA,-1,-1,-1,-1,-1,-2,-2,false,0,0,0,NA,-1,-1,-1,-1,-1,-2,-2
2,"Environment: 1, AimModifier: 2",12.23313,false,0,0,0,NA,false,0,0,0,NA,-1,-1,-1,-1,-1,-2,-2,false,0,0,0,NA,-1,-1,-1,-1,-1,-2,-2
2,"Environment: 1, AimModifier: 2",12.23462,false,0,0,0,NA,false,0,0,0,NA,-1,-1,-1,-1,-1,-2,-2,false,0,0,0,NA,-1,-1,-1,-1,-1,-2,-2
2,"Environment: 1, AimModifier: 2",12.23602,false,0,0,0,NA,false,0,0,0,NA,-1,-1,-1,-1,-1,-2,-2,false,0,0,0,NA,-1,-1,-1,-1,-1,-2,-2
2,"Environment: 1, AimModifier: 2",12.23745,false,0,0,0,NA,false,0,0,0,NA,-1,-1,-1,-1,-1,-2,-2,false,0,0,0,NA,-1,-1,-1,-1,-1,-2,-2
2,"Environment: 1, AimModifier: 2",12.23874,false,0,0,0,NA,false,0,0,0,NA,-1,-1,-1,-1,-1,-2,-2,false,0,0,0,NA,-1,-1,-1,-1,-1,-2,-2
2,"Environment: 1, AimModifier: 2",12.28138,false,0,0,0,NA,false,0,0,0,NA,-1,-1,-1,-1,-1,-2,-2,false,0,0,0,NA,-1,-1,-1,-1,-1,-2,-2
