pID,conditions,ts,headsetDetected,headsetPosX,headsetPosY,headsetPosZ,headsetRot,leftDetected,leftControllerPosX,leftControllerPosY,leftControllerPosZ,leftControllerRot,leftTrigger,leftGrip,leftPrimaryButton,leftSecondaryButton,leftPrimary2DAxisClick,leftThumbstickX,leftThumbstickY,rightDetected,rightControllerPosX,rightControllerPosY,rightControllerPosZ,rightControllerRot,rightTrigger,rightGrip,rightPrimaryButton,rightSecondaryButton,rightPrimary2DAxisClick,rightThumbstickX,rightThumbstickY
4,"Environment: 2, FiringMode: 2",4.960577,true,-1.499678,2.259064,1.000911,"(0.2289,0.9732,-0.0202,0.0065)",false,0,0,0,NA,-1,-1,-1,-1,-1,-2,-2,false,0,0,0,NA,-1,-1,-1,-1,-1,-2,-2
4,"Environment: 2, FiringMode: 2",4.972844,true,-1.499833,2.259019,1.001017,"(0.2282,0.9734,-0.0208,0.0070)",false,0,0,0,NA,-1,-1,-1,-1,-1,-2,-2,false,0,0,0,NA,-1,-1,-1,-1,-1,-2,-2
4,"Environment: 2, FiringMode: 2",4.98672,true,-1.500037,2.258962,1.001127,"(0.2275,0.9735,-0.0218,0.0076)",false,0,0,0,NA,-1,-1,-1,-1,-1,-2,-2,false,0,0,0,NA,-1,-1,-1,-1,-1,-2,-2
4,"Environment: 2, FiringMode: 2",5.000071,true,-1.50029,2.258902,1.00126,"(0.2269,0.9736,-0.0227,0.0082)",false,0,0,0,NA,-1,-1,-1,-1,-1,-2,-2,false,0,0,0,NA,-1,-1,-1,-1,-1,-2,-2
4,"Environment: 2, FiringMode: 2",5.014083,true,-1.500625,2.258852,1.001383,"(0.2255,0.9739,-0.0238,0.0086)",false,0,0,0,NA,-1,-1,-1,-1,-1,-2,-2,false,0,0,0,NA,-1,-1,-1,-1,-1,-2,-2
4,"Environment: 2, FiringMode: 2",5.028131,true,-1.501,2.258807,1.001486,"(0.2247,0.9741,-0.0250,0.0094)",false,0,0,0,NA,-1,-1,-1,-1,-1,-2,-2,false,0,0,0,NA,-1,-1,-1,-1,-1,-2,-2
4,"Environment: 2, FiringMode: 2",5.042127,true,-1.501556,2.258954,1.001521,"(0.2242,0.9741,-0.0262,0.0107)",false,0,0,0,NA,-1,-1,-1,-1,-1,-2,-2,false,0,0,0,NA,-1,-1,-1,-1,-1,-2,-2
4,"Environment: 2, FiringMode: 2",5.055906,true,-1.501805,2.259215,1.001536,"(0.2234,0.9743,-0.0269,0.0126)",false,0,0,0,NA,-1,-1,-1,-1,-1,-2,-2,false,0,0,0,NA,-1,-1,-1,-1,-1,-2,-2
4,"Environment: 2, FiringMode: 2",5.070026,true,-1.501847,2.259913,1.001275,"(0.2216,0.9746,-0.0277,0.0143)",false,0,0,0,NA,-1,-1,-1,-1,-1,-2,-2,false,0,0,0,NA,-1,-1,-1,-1,-1,-2,-2
4,"Environment: 2, FiringMode: 2",5.084031,true,-1.502085,2.260253,1.001663,"(0.2186,0.9753,-0.0246,0.0177)",false,0,0,0,NA,-1,-1,-1,-1,-1,-2,-2,false,0,0,0,NA,-1,-1,-1,-1,-1,-2,-2
4,"Environment: 2, FiringMode: 2",5.097863,true,-1.502354,2.260852,1.00196,"(0.2174,0.9755,-0.0229,0.0236)",false,0,0,0,NA,-1,-1,-1,-1,-1,-2,-2,false,0,0,0,NA,-1,-1,-1,-1,-1,-2,-2
4,"Environment: 2, FiringMode: 2",5.111369,true,-1.502618,2.261971,1.002433,"(0.2136,0.9762,-0.0197,0.0303)",false,0,0,0,NA,-1,-1,-1,-1,-1,-2,-2,false,0,0,0,NA,-1,-1,-1,-1,-1,-2,-2
4,"Environment: 2, FiringMode: 2",5.125418,true,-1.502028,2.264188,1.002955,"(0.2070,0.9776,-0.0165,0.0356)",false,0,0,0,NA,-1,-1,-1,-1,-1,-2,-2,false,0,0,0,NA,-1,-1,-1,-1,-1,-2,-2
4,"Environment: 2, FiringMode: 2",5.139311,true,-1.501172,2.266289,1.003872,"(0.1906,0.9808,-0.0092,0.0400)",false,0,0,0,NA,-1,-1,-1,-1,-1,-2,-2,false,0,0,0,NA,-1,-1,-1,-1,-1,-2,-2
4,"Environment: 2, FiringMode: 2",5.153029,true,-1.500975,2.268082,1.003879,"(0.1807,0.9822,-0.0003,0.0509)",false,0,0,0,NA,-1,-1,-1,-1,-1,-2,-2,false,0,0,0,NA,-1,-1,-1,-1,-1,-2,-2
4,"Environment: 2, FiringMode: 2",5.167097,true,-1.500967,2.2704,1.004995,"(0.1780,0.9819,0.0097,0.0646)",false,0,0,0,NA,-1,-1,-1,-1,-1,-2,-2,false,0,0,0,NA,-1,-1,-1,-1,-1,-2,-2
4,"Environment: 2, FiringMode: 2",5.181007,true,-1.500727,2.273416,1.00613,"(0.1762,0.9812,0.0191,0.0763)",false,0,0,0,NA,-1,-1,-1,-1,-1,-2,-2,false,0,0,0,NA,-1,-1,-1,-1,-1,-2,-2
4,"Environment: 2, FiringMode: 2",5.194777,true,-1.500527,2.275848,1.006868,"(0.1696,0.9811,0.0307,0.0875)",false,0,0,0,NA,-1,-1,-1,-1,-1,-2,-2,false,0,0,0,NA,-1,-1,-1,-1,-1,-2,-2
4,"Environment: 2, FiringMode: 2",5.208802,true,-1.500224,2.278684,1.008596,"(0.1602,0.9812,0.0425,0.0987)",false,0,0,0,NA,-1,-1,-1,-1,-1,-2,-2,false,0,0,0,NA,-1,-1,-1,-1,-1,-2,-2
4,"Environment: 2, FiringMode: 2",5.222691,true,-1.499836,2.281544,1.010191,"(0.1491,0.9813,0.0541,0.1093)",false,0,0,0,NA,-1,-1,-1,-1,-1,-2,-2,false,0,0,0,NA,-1,-1,-1,-1,-1,-2,-2
4,"Environment: 2, FiringMode: 2",5.236447,true,-1.499865,2.283949,1.011742,"(0.1396,0.9805,0.0676,0.1211)",false,0,0,0,NA,-1,-1,-1,-1,-1,-2,-2,false,0,0,0,NA,-1,-1,-1,-1,-1,-2,-2
4,"Environment: 2, FiringMode: 2",5.250663,true,-1.499869,2.286619,1.013712,"(0.1324,0.9792,0.0787,0.1320)",false,0,0,0,NA,-1,-1,-1,-1,-1,-2,-2,false,0,0,0,NA,-1,-1,-1,-1,-1,-2,-2
4,"Environment: 2, FiringMode: 2",5.264529,true,-1.500173,2.289043,1.015707,"(0.1248,0.9777,0.0888,0.1434)",false,0,0,0,NA,-1,-1,-1,-1,-1,-2,-2,false,0,0,0,NA,-1,-1,-1,-1,-1,-2,-2
4,"Environment: 2, FiringMode: 2",5.278413,true,-1.500462,2.290982,1.017578,"(0.1183,0.9758,0.0995,0.1544)",false,0,0,0,NA,-1,-1,-1,-1,-1,-2,-2,false,0,0,0,NA,-1,-1,-1,-1,-1,-2,-2
4,"Environment: 2, FiringMode: 2",5.29229,true,-1.500818,2.29299,1.019731,"(0.1116,0.9736,0.1103,0.1656)",false,0,0,0,NA,-1,-1,-1,-1,-1,-2,-2,false,0,0,0,NA,-1,-1,-1,-1,-1,-2,-2
4,"Environment: 2, FiringMode: 2",5.306278,true,-1.50094,2.294933,1.022171,"(0.1059,0.9714,0.1193,0.1759)",false,0,0,0,NA,-1,-1,-1,-1,-1,-2,-2,false,0,0,0,NA,-1,-1,-1,-1,-1,-2,-2
4,"Environment: 2, FiringMode: 2",5.320156,true,-1.50146,2.296561,1.024463,"(0.1009,0.9690,0.1265,0.1864)",false,0,0,0,NA,-1,-1,-1,-1,-1,-2,-2,false,0,0,0,NA,-1,-1,-1,-1,-1,-2,-2
4,"Environment: 2, FiringMode: 2",5.333841,true,-1.502138,2.297832,1.026647,"(0.0961,0.9670,0.1322,0.1956)",false,0,0,0,NA,-1,-1,-1,-1,-1,-2,-2,false,0,0,0,NA,-1,-1,-1,-1,-1,-2,-2
4,"Environment: 2, FiringMode: 2",5.347849,true,-1.502911,2.298906,1.028776,"(0.0922,0.9648,0.1380,0.2042)",false,0,0,0,NA,-1,-1,-1,-1,-1,-2,-2,false,0,0,0,NA,-1,-1,-1,-1,-1,-2,-2
4,"Environment: 2, FiringMode: 2",5.361657,true,-1.503861,2.299944,1.030728,"(0.0893,0.9627,0.1432,0.2117)",false,0,0,0,NA,-1,-1,-1,-1,-1,-2,-2,false,0,0,0,NA,-1,-1,-1,-1,-1,-2,-2
4,"Environment: 2, FiringMode: 2",5.375602,true,-1.504757,2.301017,1.032752,"(0.0866,0.9606,0.1484,0.2184)",false,0,0,0,NA,-1,-1,-1,-1,-1,-2,-2,false,0,0,0,NA,-1,-1,-1,-1,-1,-2,-2
4,"Environment: 2, FiringMode: 2",5.389689,true,-1.506272,2.301363,1.034569,"(0.0834,0.9582,0.1547,0.2258)",false,0,0,0,NA,-1,-1,-1,-1,-1,-2,-2,false,0,0,0,NA,-1,-1,-1,-1,-1,-2,-2
4,"Environment: 2, FiringMode: 2",5.403502,true,-1.507324,2.302679,1.036211,"(0.0827,0.9567,0.1568,0.2309)",false,0,0,0,NA,-1,-1,-1,-1,-1,-2,-2,false,0,0,0,NA,-1,-1,-1,-1,-1,-2,-2
4,"Environment: 2, FiringMode: 2",5.417261,true,-1.508696,2.303395,1.037893,"(0.0810,0.9556,0.1583,0.2348)",false,0,0,0,NA,-1,-1,-1,-1,-1,-2,-2,false,0,0,0,NA,-1,-1,-1,-1,-1,-2,-2
4,"Environment: 2, FiringMode: 2",5.431215,true,-1.510177,2.303974,1.039391,"(0.0794,0.9548,0.1592,0.2382)",false,0,0,0,NA,-1,-1,-1,-1,-1,-2,-2,false,0,0,0,NA,-1,-1,-1,-1,-1,-2,-2
4,"Environment: 2, FiringMode: 2",5.445142,true,-1.511603,2.304427,1.040781,"(0.0765,0.9544,0.1603,0.2401)",false,0,0,0,NA,-1,-1,-1,-1,-1,-2,-2,false,0,0,0,NA,-1,-1,-1,-1,-1,-2,-2
4,"Environment: 2, FiringMode: 2",5.459139,true,-1.512777,2.30499,1.04204,"(0.0728,0.9543,0.1607,0.2412)",false,0,0,0,NA,-1,-1,-1,-1,-1,-2,-2,false,0,0,0,NA,-1,-1,-1,-1,-1,-2,-2
4,"Environment: 2, FiringMode: 2",5.472905,true,-1.513628,2.30533,1.04317,"(0.0688,0.9545,0.1610,0.2415)",false,0,0,0,NA,-1,-1,-1,-1,-1,-2,-2,false,0,0,0,NA,-1,-1,-1,-1,-1,-2,-2
4,"Environment: 2, FiringMode: 2",5.486969,true,-1.514588,2.305902,1.043894,"(0.0648,0.9544,0.1611,0.2427)",false,0,0,0,NA,-1,-1,-1,-1,-1,-2,-2,false,0,0,0,NA,-1,-1,-1,-1,-1,-2,-2
4,"Environment: 2, FiringMode: 2",5.501023,true,-1.515141,2.306877,1.044782,"(0.0620,0.9545,0.1617,0.2426)",false,0,0,0,NA,-1,-1,-1,-1,-1,-2,-2,false,0,0,0,NA,-1,-1,-1,-1,-1,-2,-2
4,"Environment: 2, FiringMode: 2",5.514597,true,-1.51558,2.308233,1.04542,"(0.0605,0.9543,0.1635,0.2428)",false,0,0,0,NA,-1,-1,-1,-1,-1,-2,-2,false,0,0,0,NA,-1,-1,-1,-1,-1,-2,-2
4,"Environment: 2, FiringMode: 2",5.528597,true,-1.515804,2.309351,1.045931,"(0.0587,0.9539,0.1660,0.2430)",false,0,0,0,NA,-1,-1,-1,-1,-1,-2,-2,false,0,0,0,NA,-1,-1,-1,-1,-1,-2,-2
4,"Environment: 2, FiringMode: 2",5.542558,true,-1.515857,2.310514,1.046498,"(0.0570,0.9537,0.1676,0.2430)",false,0,0,0,NA,-1,-1,-1,-1,-1,-2,-2,false,0,0,0,NA,-1,-1,-1,-1,-1,-2,-2
4,"Environment: 2, FiringMode: 2",5.55633,true,-1.515921,2.311433,1.046884,"(0.0573,0.9531,0.1696,0.2438)",false,0,0,0,NA,-1,-1,-1,-1,-1,-2,-2,false,0,0,0,NA,-1,-1,-1,-1,-1,-2,-2
4,"Environment: 2, FiringMode: 2",5.570496,true,-1.515951,2.312248,1.047354,"(0.0582,0.9526,0.1712,0.2445)",false,0,0,0,NA,-1,-1,-1,-1,-1,-2,-2,false,0,0,0,NA,-1,-1,-1,-1,-1,-2,-2
4,"Environment: 2, FiringMode: 2",5.584394,true,-1.516015,2.312982,1.047644,"(0.0597,0.9522,0.1722,0.2452)",false,0,0,0,NA,-1,-1,-1,-1,-1,-2,-2,false,0,0,0,NA,-1,-1,-1,-1,-1,-2,-2
4,"Environment: 2, FiringMode: 2",5.598235,true,-1.515992,2.3136,1.047684,"(0.0615,0.9517,0.1739,0.2453)",false,0,0,0,NA,-1,-1,-1,-1,-1,-2,-2,false,0,0,0,NA,-1,-1,-1,-1,-1,-2,-2
4,"Environment: 2, FiringMode: 2",5.612017,true,-1.515961,2.314307,1.047701,"(0.0641,0.9512,0.1760,0.2451)",false,0,0,0,NA,-1,-1,-1,-1,-1,-2,-2,false,0,0,0,NA,-1,-1,-1,-1,-1,-2,-2
4,"Environment: 2, FiringMode: 2",5.626113,true,-1.515792,2.314924,1.047634,"(0.0657,0.9509,0.1782,0.2443)",false,0,0,0,NA,-1,-1,-1,-1,-1,-2,-2,false,0,0,0,NA,-1,-1,-1,-1,-1,-2,-2
4,"Environment: 2, FiringMode: 2",5.640059,true,-1.51543,2.315407,1.047497,"(0.0664,0.9509,0.1798,0.2432)",false,0,0,0,NA,-1,-1,-1,-1,-1,-2,-2,false,0,0,0,NA,-1,-1,-1,-1,-1,-2,-2
4,"Environment: 2, FiringMode: 2",5.653405,true,-1.514882,2.315724,1.047316,"(0.0664,0.9510,0.1808,0.2419)",false,0,0,0,NA,-1,-1,-1,-1,-1,-2,-2,false,0,0,0,NA,-1,-1,-1,-1,-1,-2,-2
4,"Environment: 2, FiringMode: 2",5.667399,true,-1.514256,2.315804,1.047208,"(0.0665,0.9512,0.1814,0.2407)",false,0,0,0,NA,-1,-1,-1,-1,-1,-2,-2,false,0,0,0,NA,-1,-1,-1,-1,-1,-2,-2
4,"Environment: 2, FiringMode: 2",5.681356,true,-1.513576,2.315801,1.046921,"(0.0662,0.9515,0.1807,0.2399)",false,0,0,0,NA,-1,-1,-1,-1,-1,-2,-2,false,0,0,0,NA,-1,-1,-1,-1,-1,-2,-2
4,"Environment: 2, FiringMode: 2",5.695234,true,-1.512889,2.315549,1.046554,"(0.0667,0.9518,0.1803,0.2391)",false,0,0,0,NA,-1,-1,-1,-1,-1,-2,-2,false,0,0,0,NA,-1,-1,-1,-1,-1,-2,-2
4,"Environment: 2, FiringMode: 2",5.709327,true,-1.51201,2.315371,1.046257,"(0.0681,0.9521,0.1790,0.2383)",false,0,0,0,NA,-1,-1,-1,-1,-1,-2,-2,false,0,0,0,NA,-1,-1,-1,-1,-1,-2,-2
4,"Environment: 2, FiringMode: 2",5.723211,true,-1.510908,2.315086,1.045867,"(0.0692,0.9525,0.1773,0.2379)",false,0,0,0,NA,-1,-1,-1,-1,-1,-2,-2,false,0,0,0,NA,-1,-1,-1,-1,-1,-2,-2
4,"Environment: 2, FiringMode: 2",5.737057,true,-1.50968,2.314827,1.045415,"(0.0697,0.9528,0.1756,0.2377)",false,0,0,0,NA,-1,-1,-1,-1,-1,-2,-2,false,0,0,0,NA,-1,-1,-1,-1,-1,-2,-2
4,"Environment: 2, FiringMode: 2",5.751214,true,-1.50829,2.314405,1.044823,"(0.0698,0.9531,0.1739,0.2378)",false,0,0,0,NA,-1,-1,-1,-1,-1,-2,-2,false,0,0,0,NA,-1,-1,-1,-1,-1,-2,-2
4,"Environment: 2, FiringMode: 2",5.765103,true,-1.506787,2.313878,1.044243,"(0.0702,0.9534,0.1717,0.2381)",false,0,0,0,NA,-1,-1,-1,-1,-1,-2,-2,false,0,0,0,NA,-1,-1,-1,-1,-1,-2,-2
4,"Environment: 2, FiringMode: 2",5.778989,true,-1.505167,2.313428,1.043664,"(0.0713,0.9537,0.1691,0.2385)",false,0,0,0,NA,-1,-1,-1,-1,-1,-2,-2,false,0,0,0,NA,-1,-1,-1,-1,-1,-2,-2
4,"Environment: 2, FiringMode: 2",5.792745,true,-1.503393,2.312984,1.042968,"(0.0730,0.9538,0.1664,0.2393)",false,0,0,0,NA,-1,-1,-1,-1,-1,-2,-2,false,0,0,0,NA,-1,-1,-1,-1,-1,-2,-2
4,"Environment: 2, FiringMode: 2",5.80673,true,-1.501448,2.312471,1.042251,"(0.0744,0.9539,0.1639,0.2403)",false,0,0,0,NA,-1,-1,-1,-1,-1,-2,-2,false,0,0,0,NA,-1,-1,-1,-1,-1,-2,-2
4,"Environment: 2, FiringMode: 2",5.820724,true,-1.499453,2.311858,1.041397,"(0.0750,0.9539,0.1612,0.2417)",false,0,0,0,NA,-1,-1,-1,-1,-1,-2,-2,false,0,0,0,NA,-1,-1,-1,-1,-1,-2,-2
4,"Environment: 2, FiringMode: 2",5.834353,true,-1.4974,2.31107,1.040445,"(0.0760,0.9539,0.1585,0.2432)",false,0,0,0,NA,-1,-1,-1,-1,-1,-2,-2,false,0,0,0,NA,-1,-1,-1,-1,-1,-2,-2
4,"Environment: 2, FiringMode: 2",5.848371,true,-1.495407,2.310347,1.039439,"(0.0778,0.9538,0.1557,0.2450)",false,0,0,0,NA,-1,-1,-1,-1,-1,-2,-2,false,0,0,0,NA,-1,-1,-1,-1,-1,-2,-2
4,"Environment: 2, FiringMode: 2",5.862352,true,-1.493245,2.309791,1.038508,"(0.0801,0.9537,0.1528,0.2464)",false,0,0,0,NA,-1,-1,-1,-1,-1,-2,-2,false,0,0,0,NA,-1,-1,-1,-1,-1,-2,-2
4,"Environment: 2, FiringMode: 2",5.876098,true,-1.491204,2.309141,1.037535,"(0.0814,0.9536,0.1505,0.2478)",false,0,0,0,NA,-1,-1,-1,-1,-1,-2,-2,false,0,0,0,NA,-1,-1,-1,-1,-1,-2,-2
4,"Environment: 2, FiringMode: 2",5.890122,true,-1.489172,2.308691,1.036557,"(0.0829,0.9535,0.1486,0.2489)",false,0,0,0,NA,-1,-1,-1,-1,-1,-2,-2,false,0,0,0,NA,-1,-1,-1,-1,-1,-2,-2
4,"Environment: 2, FiringMode: 2",5.903991,true,-1.487355,2.308253,1.035493,"(0.0836,0.9533,0.1473,0.2499)",false,0,0,0,NA,-1,-1,-1,-1,-1,-2,-2,false,0,0,0,NA,-1,-1,-1,-1,-1,-2,-2
4,"Environment: 2, FiringMode: 2",5.917803,true,-1.485337,2.308061,1.034455,"(0.0850,0.9532,0.1466,0.2503)",false,0,0,0,NA,-1,-1,-1,-1,-1,-2,-2,false,0,0,0,NA,-1,-1,-1,-1,-1,-2,-2
4,"Environment: 2, FiringMode: 2",5.931459,true,-1.483319,2.307852,1.033317,"(0.0862,0.9528,0.1466,0.2514)",false,0,0,0,NA,-1,-1,-1,-1,-1,-2,-2,false,0,0,0,NA,-1,-1,-1,-1,-1,-2,-2
4,"Environment: 2, FiringMode: 2",5.945451,true,-1.481301,2.307494,1.032291,"(0.0868,0.9525,0.1467,0.2524)",false,0,0,0,NA,-1,-1,-1,-1,-1,-2,-2,false,0,0,0,NA,-1,-1,-1,-1,-1,-2,-2
4,"Environment: 2, FiringMode: 2",5.959374,true,-1.479377,2.30708,1.031113,"(0.0874,0.9523,0.1461,0.2532)",false,0,0,0,NA,-1,-1,-1,-1,-1,-2,-2,false,0,0,0,NA,-1,-1,-1,-1,-1,-2,-2
4,"Environment: 2, FiringMode: 2",5.973194,true,-1.477518,2.306739,1.029879,"(0.0877,0.9524,0.1452,0.2534)",false,0,0,0,NA,-1,-1,-1,-1,-1,-2,-2,false,0,0,0,NA,-1,-1,-1,-1,-1,-2,-2
4,"Environment: 2, FiringMode: 2",5.987253,true,-1.475659,2.306533,1.028724,"(0.0877,0.9524,0.1452,0.2533)",false,0,0,0,NA,-1,-1,-1,-1,-1,-2,-2,false,0,0,0,NA,-1,-1,-1,-1,-1,-2,-2
4,"Environment: 2, FiringMode: 2",6.001157,true,-1.47375,2.306447,1.027675,"(0.0880,0.9524,0.1452,0.2532)",false,0,0,0,NA,-1,-1,-1,-1,-1,-2,-2,false,0,0,0,NA,-1,-1,-1,-1,-1,-2,-2
4,"Environment: 2, FiringMode: 2",6.014853,true,-1.471838,2.306293,1.02658,"(0.0887,0.9524,0.1446,0.2533)",false,0,0,0,NA,-1,-1,-1,-1,-1,-2,-2,false,0,0,0,NA,-1,-1,-1,-1,-1,-2,-2
4,"Environment: 2, FiringMode: 2",6.028907,true,-1.469899,2.306188,1.02548,"(0.0894,0.9525,0.1432,0.2534)",false,0,0,0,NA,-1,-1,-1,-1,-1,-2,-2,false,0,0,0,NA,-1,-1,-1,-1,-1,-2,-2
4,"Environment: 2, FiringMode: 2",6.042896,true,-1.468088,2.305803,1.024322,"(0.0897,0.9527,0.1419,0.2534)",false,0,0,0,NA,-1,-1,-1,-1,-1,-2,-2,false,0,0,0,NA,-1,-1,-1,-1,-1,-2,-2
4,"Environment: 2, FiringMode: 2",6.056631,true,-1.466386,2.305355,1.023124,"(0.0895,0.9531,0.1400,0.2528)",false,0,0,0,NA,-1,-1,-1,-1,-1,-2,-2,false,0,0,0,NA,-1,-1,-1,-1,-1,-2,-2
4,"Environment: 2, FiringMode: 2",6.070786,true,-1.4647,2.30497,1.021786,"(0.0900,0.9536,0.1383,0.2519)",false,0,0,0,NA,-1,-1,-1,-1,-1,-2,-2,false,0,0,0,NA,-1,-1,-1,-1,-1,-2,-2
4,"Environment: 2, FiringMode: 2",6.084768,true,-1.462791,2.30489,1.020463,"(0.0903,0.9541,0.1367,0.2509)",false,0,0,0,NA,-1,-1,-1,-1,-1,-2,-2,false,0,0,0,NA,-1,-1,-1,-1,-1,-2,-2
4,"Environment: 2, FiringMode: 2",6.098532,true,-1.460828,2.304924,1.019125,"(0.0905,0.9543,0.1360,0.2504)",false,0,0,0,NA,-1,-1,-1,-1,-1,-2,-2,false,0,0,0,NA,-1,-1,-1,-1,-1,-2,-2
4,"Environment: 2, FiringMode: 2",6.112264,true,-1.45879,2.304801,1.017757,"(0.0908,0.9544,0.1354,0.2500)",false,0,0,0,NA,-1,-1,-1,-1,-1,-2,-2,false,0,0,0,NA,-1,-1,-1,-1,-1,-2,-2
4,"Environment: 2, FiringMode: 2",6.126231,true,-1.456907,2.30441,1.01644,"(0.0916,0.9547,0.1341,0.2495)",false,0,0,0,NA,-1,-1,-1,-1,-1,-2,-2,false,0,0,0,NA,-1,-1,-1,-1,-1,-2,-2
4,"Environment: 2, FiringMode: 2",6.140166,true,-1.455141,2.3037,1.015175,"(0.0925,0.9551,0.1313,0.2489)",false,0,0,0,NA,-1,-1,-1,-1,-1,-2,-2,false,0,0,0,NA,-1,-1,-1,-1,-1,-2,-2
4,"Environment: 2, FiringMode: 2",6.153695,true,-1.453322,2.302906,1.013947,"(0.0939,0.9558,0.1278,0.2477)",false,0,0,0,NA,-1,-1,-1,-1,-1,-2,-2,false,0,0,0,NA,-1,-1,-1,-1,-1,-2,-2
4,"Environment: 2, FiringMode: 2",6.167736,true,-1.45151,2.302127,1.01266,"(0.0955,0.9564,0.1241,0.2466)",false,0,0,0,NA,-1,-1,-1,-1,-1,-2,-2,false,0,0,0,NA,-1,-1,-1,-1,-1,-2,-2
4,"Environment: 2, FiringMode: 2",6.18167,true,-1.449609,2.301237,1.011474,"(0.0964,0.9571,0.1205,0.2453)",false,0,0,0,NA,-1,-1,-1,-1,-1,-2,-2,false,0,0,0,NA,-1,-1,-1,-1,-1,-2,-2
4,"Environment: 2, FiringMode: 2",6.195446,true,-1.447672,2.300172,1.010331,"(0.0976,0.9576,0.1173,0.2443)",false,0,0,0,NA,-1,-1,-1,-1,-1,-2,-2,false,0,0,0,NA,-1,-1,-1,-1,-1,-2,-2
4,"Environment: 2, FiringMode: 2",6.209569,true,-1.445907,2.299042,1.00903,"(0.0990,0.9580,0.1134,0.2439)",false,0,0,0,NA,-1,-1,-1,-1,-1,-2,-2,false,0,0,0,NA,-1,-1,-1,-1,-1,-2,-2
4,"Environment: 2, FiringMode: 2",6.223586,true,-1.443998,2.297688,1.00794,"(0.1014,0.9584,0.1097,0.2433)",false,0,0,0,NA,-1,-1,-1,-1,-1,-2,-2,false,0,0,0,NA,-1,-1,-1,-1,-1,-2,-2
4,"Environment: 2, FiringMode: 2",6.23735,true,-1.442253,2.296239,1.006598,"(0.1036,0.9586,0.1050,0.2434)",false,0,0,0,NA,-1,-1,-1,-1,-1,-2,-2,false,0,0,0,NA,-1,-1,-1,-1,-1,-2,-2
4,"Environment: 2, FiringMode: 2",6.251329,true,-1.440514,2.294854,1.005355,"(0.1057,0.9590,0.0999,0.2433)",false,0,0,0,NA,-1,-1,-1,-1,-1,-2,-2,false,0,0,0,NA,-1,-1,-1,-1,-1,-2,-2
4,"Environment: 2, FiringMode: 2",6.265192,true,-1.438752,2.293668,1.004121,"(0.1081,0.9594,0.0943,0.2430)",false,0,0,0,NA,-1,-1,-1,-1,-1,-2,-2,false,0,0,0,NA,-1,-1,-1,-1,-1,-2,-2
4,"Environment: 2, FiringMode: 2",6.279198,true,-1.437086,2.292593,1.002981,"(0.1106,0.9597,0.0887,0.2424)",false,0,0,0,NA,-1,-1,-1,-1,-1,-2,-2,false,0,0,0,NA,-1,-1,-1,-1,-1,-2,-2
4,"Environment: 2, FiringMode: 2",6.292949,true,-1.43558,2.291341,1.001874,"(0.1133,0.9600,0.0837,0.2419)",false,0,0,0,NA,-1,-1,-1,-1,-1,-2,-2,false,0,0,0,NA,-1,-1,-1,-1,-1,-2,-2
4,"Environment: 2, FiringMode: 2",6.307015,true,-1.434244,2.290402,1.000588,"(0.1165,0.9601,0.0778,0.2419)",false,0,0,0,NA,-1,-1,-1,-1,-1,-2,-2,false,0,0,0,NA,-1,-1,-1,-1,-1,-2,-2
4,"Environment: 2, FiringMode: 2",6.320867,true,-1.433127,2.289224,0.9994711,"(0.1196,0.9602,0.0721,0.2421)",false,0,0,0,NA,-1,-1,-1,-1,-1,-2,-2,false,0,0,0,NA,-1,-1,-1,-1,-1,-2,-2
4,"Environment: 2, FiringMode: 2",6.334487,true,-1.431997,2.288105,0.9986106,"(0.1223,0.9603,0.0661,0.2418)",false,0,0,0,NA,-1,-1,-1,-1,-1,-2,-2,false,0,0,0,NA,-1,-1,-1,-1,-1,-2,-2
4,"Environment: 2, FiringMode: 2",6.348606,true,-1.431235,2.286685,0.9976184,"(0.1241,0.9605,0.0603,0.2418)",false,0,0,0,NA,-1,-1,-1,-1,-1,-2,-2,false,0,0,0,NA,-1,-1,-1,-1,-1,-2,-2
4,"Environment: 2, FiringMode: 2",6.362148,true,-1.430643,2.285596,0.9966111,"(0.1267,0.9606,0.0537,0.2415)",false,0,0,0,NA,-1,-1,-1,-1,-1,-2,-2,false,0,0,0,NA,-1,-1,-1,-1,-1,-2,-2
4,"Environment: 2, FiringMode: 2",6.37585,true,-1.430001,2.284575,0.9957313,"(0.1289,0.9609,0.0474,0.2405)",false,0,0,0,NA,-1,-1,-1,-1,-1,-2,-2,false,0,0,0,NA,-1,-1,-1,-1,-1,-2,-2
4,"Environment: 2, FiringMode: 2",6.390029,true,-1.429263,2.283555,0.9947618,"(0.1294,0.9614,0.0422,0.2391)",false,0,0,0,NA,-1,-1,-1,-1,-1,-2,-2,false,0,0,0,NA,-1,-1,-1,-1,-1,-2,-2
4,"Environment: 2, FiringMode: 2",6.404014,true,-1.428668,2.282799,0.9938841,"(0.1277,0.9622,0.0381,0.2374)",false,0,0,0,NA,-1,-1,-1,-1,-1,-2,-2,false,0,0,0,NA,-1,-1,-1,-1,-1,-2,-2
4,"Environment: 2, FiringMode: 2",6.417881,true,-1.428629,2.28193,0.9929962,"(0.1267,0.9630,0.0345,0.2354)",false,0,0,0,NA,-1,-1,-1,-1,-1,-2,-2,false,0,0,0,NA,-1,-1,-1,-1,-1,-2,-2
4,"Environment: 2, FiringMode: 2",6.431659,true,-1.428839,2.280955,0.9920152,"(0.1277,0.9637,0.0309,0.2325)",false,0,0,0,NA,-1,-1,-1,-1,-1,-2,-2,false,0,0,0,NA,-1,-1,-1,-1,-1,-2,-2
4,"Environment: 2, FiringMode: 2",6.445765,true,-1.42909,2.27992,0.9912987,"(0.1290,0.9645,0.0260,0.2289)",false,0,0,0,NA,-1,-1,-1,-1,-1,-2,-2,false,0,0,0,NA,-1,-1,-1,-1,-1,-2,-2
4,"Environment: 2, FiringMode: 2",6.459695,true,-1.429397,2.278598,0.9907573,"(0.1307,0.9653,0.0218,0.2250)",false,0,0,0,NA,-1,-1,-1,-1,-1,-2,-2,false,0,0,0,NA,-1,-1,-1,-1,-1,-2,-2
4,"Environment: 2, FiringMode: 2",6.473167,true,-1.429765,2.277589,0.9900717,"(0.1318,0.9658,0.0172,0.2225)",false,0,0,0,NA,-1,-1,-1,-1,-1,-2,-2,false,0,0,0,NA,-1,-1,-1,-1,-1,-2,-2
4,"Environment: 2, FiringMode: 2",6.487245,true,-1.430087,2.276687,0.9896225,"(0.1325,0.9664,0.0135,0.2199)",false,0,0,0,NA,-1,-1,-1,-1,-1,-2,-2,false,0,0,0,NA,-1,-1,-1,-1,-1,-2,-2
4,"Environment: 2, FiringMode: 2",6.501166,true,-1.430418,2.276149,0.9889892,"(0.1329,0.9668,0.0099,0.2182)",false,0,0,0,NA,-1,-1,-1,-1,-1,-2,-2,false,0,0,0,NA,-1,-1,-1,-1,-1,-2,-2
4,"Environment: 2, FiringMode: 2",6.514869,true,-1.430781,2.275539,0.9883778,"(0.1327,0.9671,0.0072,0.2170)",false,0,0,0,NA,-1,-1,-1,-1,-1,-2,-2,false,0,0,0,NA,-1,-1,-1,-1,-1,-2,-2
4,"Environment: 2, FiringMode: 2",6.528807,true,-1.430869,2.275143,0.9879504,"(0.1319,0.9676,0.0044,0.2152)",false,0,0,0,NA,-1,-1,-1,-1,-1,-2,-2,false,0,0,0,NA,-1,-1,-1,-1,-1,-2,-2
4,"Environment: 2, FiringMode: 2",6.542712,true,-1.431275,2.274656,0.9873723,"(0.1308,0.9679,0.0021,0.2146)",false,0,0,0,NA,-1,-1,-1,-1,-1,-2,-2,false,0,0,0,NA,-1,-1,-1,-1,-1,-2,-2
4,"Environment: 2, FiringMode: 2",6.556495,true,-1.431698,2.274324,0.9868864,"(0.1306,0.9681,-0.0007,0.2139)",false,0,0,0,NA,-1,-1,-1,-1,-1,-2,-2,false,0,0,0,NA,-1,-1,-1,-1,-1,-2,-2
4,"Environment: 2, FiringMode: 2",6.570678,true,-1.432209,2.273802,0.9865243,"(0.1296,0.9684,-0.0038,0.2130)",false,0,0,0,NA,-1,-1,-1,-1,-1,-2,-2,false,0,0,0,NA,-1,-1,-1,-1,-1,-2,-2
4,"Environment: 2, FiringMode: 2",6.584528,true,-1.432714,2.273294,0.9862669,"(0.1290,0.9687,-0.0063,0.2119)",false,0,0,0,NA,-1,-1,-1,-1,-1,-2,-2,false,0,0,0,NA,-1,-1,-1,-1,-1,-2,-2
4,"Environment: 2, FiringMode: 2",6.598372,true,-1.433077,2.273109,0.9860357,"(0.1278,0.9692,-0.0093,0.2105)",false,0,0,0,NA,-1,-1,-1,-1,-1,-2,-2,false,0,0,0,NA,-1,-1,-1,-1,-1,-2,-2
4,"Environment: 2, FiringMode: 2",6.612175,true,-1.433563,2.272843,0.9858121,"(0.1265,0.9696,-0.0113,0.2094)",false,0,0,0,NA,-1,-1,-1,-1,-1,-2,-2,false,0,0,0,NA,-1,-1,-1,-1,-1,-2,-2
4,"Environment: 2, FiringMode: 2",6.626206,true,-1.433996,2.272713,0.9855792,"(0.1254,0.9699,-0.0135,0.2083)",false,0,0,0,NA,-1,-1,-1,-1,-1,-2,-2,false,0,0,0,NA,-1,-1,-1,-1,-1,-2,-2
4,"Environment: 2, FiringMode: 2",6.640115,true,-1.434412,2.272461,0.9855061,"(0.1247,0.9703,-0.0153,0.2068)",false,0,0,0,NA,-1,-1,-1,-1,-1,-2,-2,false,0,0,0,NA,-1,-1,-1,-1,-1,-2,-2
4,"Environment: 2, FiringMode: 2",6.653584,true,-1.43502,2.272124,0.9853817,"(0.1246,0.9705,-0.0173,0.2059)",false,0,0,0,NA,-1,-1,-1,-1,-1,-2,-2,false,0,0,0,NA,-1,-1,-1,-1,-1,-2,-2
4,"Environment: 2, FiringMode: 2",6.667693,true,-1.435696,2.271668,0.9853507,"(0.1253,0.9705,-0.0198,0.2052)",false,0,0,0,NA,-1,-1,-1,-1,-1,-2,-2,false,0,0,0,NA,-1,-1,-1,-1,-1,-2,-2
4,"Environment: 2, FiringMode: 2",6.681657,true,-1.436352,2.271249,0.9853616,"(0.1259,0.9705,-0.0225,0.2044)",false,0,0,0,NA,-1,-1,-1,-1,-1,-2,-2,false,0,0,0,NA,-1,-1,-1,-1,-1,-2,-2
4,"Environment: 2, FiringMode: 2",6.6956,true,-1.436885,2.270861,0.9853008,"(0.1266,0.9706,-0.0253,0.2033)",false,0,0,0,NA,-1,-1,-1,-1,-1,-2,-2,false,0,0,0,NA,-1,-1,-1,-1,-1,-2,-2
4,"Environment: 2, FiringMode: 2",6.709688,true,-1.437334,2.270655,0.9850869,"(0.1262,0.9707,-0.0279,0.2025)",false,0,0,0,NA,-1,-1,-1,-1,-1,-2,-2,false,0,0,0,NA,-1,-1,-1,-1,-1,-2,-2
4,"Environment: 2, FiringMode: 2",6.723642,true,-1.437542,2.270494,0.9848551,"(0.1256,0.9709,-0.0297,0.2017)",false,0,0,0,NA,-1,-1,-1,-1,-1,-2,-2,false,0,0,0,NA,-1,-1,-1,-1,-1,-2,-2
4,"Environment: 2, FiringMode: 2",6.737524,true,-1.437932,2.270161,0.9846874,"(0.1250,0.9710,-0.0309,0.2014)",false,0,0,0,NA,-1,-1,-1,-1,-1,-2,-2,false,0,0,0,NA,-1,-1,-1,-1,-1,-2,-2
4,"Environment: 2, FiringMode: 2",6.751591,true,-1.438364,2.26981,0.9844659,"(0.1250,0.9710,-0.0326,0.2012)",false,0,0,0,NA,-1,-1,-1,-1,-1,-2,-2,false,0,0,0,NA,-1,-1,-1,-1,-1,-2,-2
4,"Environment: 2, FiringMode: 2",6.765471,true,-1.438754,2.269336,0.9843822,"(0.1259,0.9709,-0.0348,0.2005)",false,0,0,0,NA,-1,-1,-1,-1,-1,-2,-2,false,0,0,0,NA,-1,-1,-1,-1,-1,-2,-2
4,"Environment: 2, FiringMode: 2",6.779443,true,-1.43926,2.268778,0.9842818,"(0.1263,0.9709,-0.0384,0.1998)",false,0,0,0,NA,-1,-1,-1,-1,-1,-2,-2,false,0,0,0,NA,-1,-1,-1,-1,-1,-2,-2
4,"Environment: 2, FiringMode: 2",6.793097,true,-1.439558,2.268261,0.984144,"(0.1273,0.9707,-0.0425,0.1991)",false,0,0,0,NA,-1,-1,-1,-1,-1,-2,-2,false,0,0,0,NA,-1,-1,-1,-1,-1,-2,-2
4,"Environment: 2, FiringMode: 2",6.807132,true,-1.439624,2.267943,0.9837991,"(0.1273,0.9707,-0.0469,0.1985)",false,0,0,0,NA,-1,-1,-1,-1,-1,-2,-2,false,0,0,0,NA,-1,-1,-1,-1,-1,-2,-2
4,"Environment: 2, FiringMode: 2",6.821066,true,-1.439496,2.267545,0.9833723,"(0.1267,0.9707,-0.0493,0.1979)",false,0,0,0,NA,-1,-1,-1,-1,-1,-2,-2,false,0,0,0,NA,-1,-1,-1,-1,-1,-2,-2
4,"Environment: 2, FiringMode: 2",6.834736,true,-1.439414,2.26702,0.9829201,"(0.1257,0.9709,-0.0516,0.1973)",false,0,0,0,NA,-1,-1,-1,-1,-1,-2,-2,false,0,0,0,NA,-1,-1,-1,-1,-1,-2,-2
4,"Environment: 2, FiringMode: 2",6.84874,true,-1.439676,2.266364,0.9824986,"(0.1255,0.9709,-0.0541,0.1968)",false,0,0,0,NA,-1,-1,-1,-1,-1,-2,-2,false,0,0,0,NA,-1,-1,-1,-1,-1,-2,-2
4,"Environment: 2, FiringMode: 2",6.862736,true,-1.439642,2.265781,0.9819899,"(0.1263,0.9709,-0.0579,0.1951)",false,0,0,0,NA,-1,-1,-1,-1,-1,-2,-2,false,0,0,0,NA,-1,-1,-1,-1,-1,-2,-2
4,"Environment: 2, FiringMode: 2",6.876549,true,-1.439671,2.264911,0.9814755,"(0.1269,0.9708,-0.0612,0.1940)",false,0,0,0,NA,-1,-1,-1,-1,-1,-2,-2,false,0,0,0,NA,-1,-1,-1,-1,-1,-2,-2
4,"Environment: 2, FiringMode: 2",6.890594,true,-1.43952,2.2643,0.9811001,"(0.1277,0.9707,-0.0650,0.1928)",false,0,0,0,NA,-1,-1,-1,-1,-1,-2,-2,false,0,0,0,NA,-1,-1,-1,-1,-1,-2,-2
4,"Environment: 2, FiringMode: 2",6.904614,true,-1.439303,2.263807,0.9808093,"(0.1283,0.9706,-0.0684,0.1920)",false,0,0,0,NA,-1,-1,-1,-1,-1,-2,-2,false,0,0,0,NA,-1,-1,-1,-1,-1,-2,-2
4,"Environment: 2, FiringMode: 2",6.918448,true,-1.438761,2.263456,0.9803643,"(0.1282,0.9706,-0.0714,0.1910)",false,0,0,0,NA,-1,-1,-1,-1,-1,-2,-2,false,0,0,0,NA,-1,-1,-1,-1,-1,-2,-2
4,"Environment: 2, FiringMode: 2",6.93183,true,-1.438311,2.262911,0.979833,"(0.1287,0.9703,-0.0724,0.1916)",false,0,0,0,NA,-1,-1,-1,-1,-1,-2,-2,false,0,0,0,NA,-1,-1,-1,-1,-1,-2,-2
4,"Environment: 2, FiringMode: 2",6.945842,true,-1.437657,2.26241,0.9794155,"(0.1294,0.9701,-0.0737,0.1917)",false,0,0,0,NA,-1,-1,-1,-1,-1,-2,-2,false,0,0,0,NA,-1,-1,-1,-1,-1,-2,-2
4,"Environment: 2, FiringMode: 2",6.959762,true,-1.437023,2.261693,0.9790384,"(0.1295,0.9700,-0.0746,0.1918)",false,0,0,0,NA,-1,-1,-1,-1,-1,-2,-2,false,0,0,0,NA,-1,-1,-1,-1,-1,-2,-2
4,"Environment: 2, FiringMode: 2",6.973323,true,-1.436359,2.261185,0.9786419,"(0.1292,0.9700,-0.0762,0.1915)",false,0,0,0,NA,-1,-1,-1,-1,-1,-2,-2,false,0,0,0,NA,-1,-1,-1,-1,-1,-2,-2
4,"Environment: 2, FiringMode: 2",6.987525,true,-1.435605,2.260856,0.9781655,"(0.1298,0.9699,-0.0778,0.1908)",false,0,0,0,NA,-1,-1,-1,-1,-1,-2,-2,false,0,0,0,NA,-1,-1,-1,-1,-1,-2,-2
4,"Environment: 2, FiringMode: 2",7.001121,true,-1.434865,2.260496,0.9777089,"(0.1310,0.9697,-0.0790,0.1905)",false,0,0,0,NA,-1,-1,-1,-1,-1,-2,-2,false,0,0,0,NA,-1,-1,-1,-1,-1,-2,-2
4,"Environment: 2, FiringMode: 2",7.014775,true,-1.433921,2.260112,0.9772707,"(0.1323,0.9695,-0.0801,0.1902)",false,0,0,0,NA,-1,-1,-1,-1,-1,-2,-2,false,0,0,0,NA,-1,-1,-1,-1,-1,-2,-2
4,"Environment: 2, FiringMode: 2",7.028904,true,-1.433064,2.259566,0.9775285,"(0.1317,0.9696,-0.0820,0.1894)",false,0,0,0,NA,-1,-1,-1,-1,-1,-2,-2,false,0,0,0,NA,-1,-1,-1,-1,-1,-2,-2
4,"Environment: 2, FiringMode: 2",7.042782,true,-1.43255,2.258673,0.9778161,"(0.1308,0.9694,-0.0863,0.1889)",false,0,0,0,NA,-1,-1,-1,-1,-1,-2,-2,false,0,0,0,NA,-1,-1,-1,-1,-1,-2,-2
4,"Environment: 2, FiringMode: 2",7.056657,true,-1.432204,2.25778,0.9780582,"(0.1329,0.9684,-0.0929,0.1897)",false,0,0,0,NA,-1,-1,-1,-1,-1,-2,-2,false,0,0,0,NA,-1,-1,-1,-1,-1,-2,-2
4,"Environment: 2, FiringMode: 2",7.070789,true,-1.431802,2.257053,0.978328,"(0.1366,0.9671,-0.0981,0.1909)",false,0,0,0,NA,-1,-1,-1,-1,-1,-2,-2,false,0,0,0,NA,-1,-1,-1,-1,-1,-2,-2
4,"Environment: 2, FiringMode: 2",7.084779,true,-1.431311,2.256729,0.9782811,"(0.1391,0.9661,-0.1024,0.1918)",false,0,0,0,NA,-1,-1,-1,-1,-1,-2,-2,false,0,0,0,NA,-1,-1,-1,-1,-1,-2,-2
4,"Environment: 2, FiringMode: 2",7.098786,true,-1.430607,2.256467,0.978007,"(0.1395,0.9659,-0.1038,0.1919)",false,0,0,0,NA,-1,-1,-1,-1,-1,-2,-2,false,0,0,0,NA,-1,-1,-1,-1,-1,-2,-2
4,"Environment: 2, FiringMode: 2",7.112574,true,-1.430255,2.256289,0.9777806,"(0.1402,0.9657,-0.1047,0.1919)",false,0,0,0,NA,-1,-1,-1,-1,-1,-2,-2,false,0,0,0,NA,-1,-1,-1,-1,-1,-2,-2
4,"Environment: 2, FiringMode: 2",7.126584,true,-1.430125,2.255979,0.9776881,"(0.1417,0.9653,-0.1060,0.1920)",false,0,0,0,NA,-1,-1,-1,-1,-1,-2,-2,false,0,0,0,NA,-1,-1,-1,-1,-1,-2,-2
4,"Environment: 2, FiringMode: 2",7.140532,true,-1.430272,2.255068,0.9782061,"(0.1421,0.9650,-0.1088,0.1918)",false,0,0,0,NA,-1,-1,-1,-1,-1,-2,-2,false,0,0,0,NA,-1,-1,-1,-1,-1,-2,-2
4,"Environment: 2, FiringMode: 2",7.154366,true,-1.430359,2.254083,0.9789778,"(0.1427,0.9645,-0.1147,0.1905)",false,0,0,0,NA,-1,-1,-1,-1,-1,-2,-2,false,0,0,0,NA,-1,-1,-1,-1,-1,-2,-2
4,"Environment: 2, FiringMode: 2",7.168403,true,-1.43065,2.252791,0.9797148,"(0.1436,0.9639,-0.1204,0.1891)",false,0,0,0,NA,-1,-1,-1,-1,-1,-2,-2,false,0,0,0,NA,-1,-1,-1,-1,-1,-2,-2
4,"Environment: 2, FiringMode: 2",7.182264,true,-1.431079,2.252033,0.9799187,"(0.1452,0.9629,-0.1270,0.1885)",false,0,0,0,NA,-1,-1,-1,-1,-1,-2,-2,false,0,0,0,NA,-1,-1,-1,-1,-1,-2,-2
4,"Environment: 2, FiringMode: 2",7.196126,true,-1.43121,2.251439,0.9801292,"(0.1475,0.9622,-0.1298,0.1884)",false,0,0,0,NA,-1,-1,-1,-1,-1,-2,-2,false,0,0,0,NA,-1,-1,-1,-1,-1,-2,-2
4,"Environment: 2, FiringMode: 2",7.210142,true,-1.431418,2.251248,0.9804043,"(0.1503,0.9613,-0.1319,0.1893)",false,0,0,0,NA,-1,-1,-1,-1,-1,-2,-2,false,0,0,0,NA,-1,-1,-1,-1,-1,-2,-2
4,"Environment: 2, FiringMode: 2",7.224167,true,-1.431861,2.250616,0.9808076,"(0.1524,0.9605,-0.1351,0.1898)",false,0,0,0,NA,-1,-1,-1,-1,-1,-2,-2,false,0,0,0,NA,-1,-1,-1,-1,-1,-2,-2
4,"Environment: 2, FiringMode: 2",7.238059,true,-1.432504,2.249439,0.9815887,"(0.1545,0.9596,-0.1394,0.1896)",false,0,0,0,NA,-1,-1,-1,-1,-1,-2,-2,false,0,0,0,NA,-1,-1,-1,-1,-1,-2,-2
4,"Environment: 2, FiringMode: 2",7.251743,true,-1.433483,2.24824,0.9825333,"(0.1567,0.9582,-0.1454,0.1901)",false,0,0,0,NA,-1,-1,-1,-1,-1,-2,-2,false,0,0,0,NA,-1,-1,-1,-1,-1,-2,-2
4,"Environment: 2, FiringMode: 2",7.265942,true,-1.434114,2.247203,0.9833553,"(0.1582,0.9570,-0.1524,0.1897)",false,0,0,0,NA,-1,-1,-1,-1,-1,-2,-2,false,0,0,0,NA,-1,-1,-1,-1,-1,-2,-2
4,"Environment: 2, FiringMode: 2",7.279671,true,-1.434815,2.246392,0.9838787,"(0.1582,0.9559,-0.1589,0.1896)",false,0,0,0,NA,-1,-1,-1,-1,-1,-2,-2,false,0,0,0,NA,-1,-1,-1,-1,-1,-2,-2
4,"Environment: 2, FiringMode: 2",7.293467,true,-1.435446,2.245668,0.9841464,"(0.1581,0.9552,-0.1628,0.1899)",false,0,0,0,NA,-1,-1,-1,-1,-1,-2,-2,false,0,0,0,NA,-1,-1,-1,-1,-1,-2,-2
4,"Environment: 2, FiringMode: 2",7.307541,true,-1.435905,2.244944,0.984212,"(0.1581,0.9547,-0.1652,0.1905)",false,0,0,0,NA,-1,-1,-1,-1,-1,-2,-2,false,0,0,0,NA,-1,-1,-1,-1,-1,-2,-2
4,"Environment: 2, FiringMode: 2",7.321478,true,-1.436768,2.243946,0.9843495,"(0.1590,0.9539,-0.1671,0.1922)",false,0,0,0,NA,-1,-1,-1,-1,-1,-2,-2,false,0,0,0,NA,-1,-1,-1,-1,-1,-2,-2
4,"Environment: 2, FiringMode: 2",7.335145,true,-1.438127,2.242868,0.9852394,"(0.1603,0.9528,-0.1703,0.1937)",false,0,0,0,NA,-1,-1,-1,-1,-1,-2,-2,false,0,0,0,NA,-1,-1,-1,-1,-1,-2,-2
4,"Environment: 2, FiringMode: 2",7.349223,true,-1.43996,2.241934,0.986041,"(0.1614,0.9516,-0.1754,0.1941)",false,0,0,0,NA,-1,-1,-1,-1,-1,-2,-2,false,0,0,0,NA,-1,-1,-1,-1,-1,-2,-2
4,"Environment: 2, FiringMode: 2",7.363033,true,-1.441448,2.241697,0.9867602,"(0.1623,0.9507,-0.1805,0.1928)",false,0,0,0,NA,-1,-1,-1,-1,-1,-2,-2,false,0,0,0,NA,-1,-1,-1,-1,-1,-2,-2
4,"Environment: 2, FiringMode: 2",7.376552,true,-1.442747,2.242027,0.9866762,"(0.1629,0.9503,-0.1834,0.1916)",false,0,0,0,NA,-1,-1,-1,-1,-1,-2,-2,false,0,0,0,NA,-1,-1,-1,-1,-1,-2,-2
4,"Environment: 2, FiringMode: 2",7.390554,true,-1.444219,2.242145,0.986501,"(0.1628,0.9504,-0.1828,0.1917)",false,0,0,0,NA,-1,-1,-1,-1,-1,-2,-2,false,0,0,0,NA,-1,-1,-1,-1,-1,-2,-2
4,"Environment: 2, FiringMode: 2",7.404499,true,-1.446037,2.242235,0.9866541,"(0.1632,0.9507,-0.1796,0.1931)",false,0,0,0,NA,-1,-1,-1,-1,-1,-2,-2,false,0,0,0,NA,-1,-1,-1,-1,-1,-2,-2
4,"Environment: 2, FiringMode: 2",7.418473,true,-1.448304,2.242321,0.9870699,"(0.1630,0.9507,-0.1784,0.1942)",false,0,0,0,NA,-1,-1,-1,-1,-1,-2,-2,false,0,0,0,NA,-1,-1,-1,-1,-1,-2,-2
4,"Environment: 2, FiringMode: 2",7.432268,true,-1.450661,2.242813,0.9875088,"(0.1621,0.9508,-0.1789,0.1940)",false,0,0,0,NA,-1,-1,-1,-1,-1,-2,-2,false,0,0,0,NA,-1,-1,-1,-1,-1,-2,-2
4,"Environment: 2, FiringMode: 2",7.446368,true,-1.453155,2.243784,0.9878398,"(0.1600,0.9513,-0.1793,0.1930)",false,0,0,0,NA,-1,-1,-1,-1,-1,-2,-2,false,0,0,0,NA,-1,-1,-1,-1,-1,-2,-2
4,"Environment: 2, FiringMode: 2",7.460257,true,-1.45541,2.24469,0.9878966,"(0.1577,0.9522,-0.1781,0.1915)",false,0,0,0,NA,-1,-1,-1,-1,-1,-2,-2,false,0,0,0,NA,-1,-1,-1,-1,-1,-2,-2
4,"Environment: 2, FiringMode: 2",7.474246,true,-1.457555,2.245647,0.9878595,"(0.1545,0.9537,-0.1744,0.1902)",false,0,0,0,NA,-1,-1,-1,-1,-1,-2,-2,false,0,0,0,NA,-1,-1,-1,-1,-1,-2,-2
4,"Environment: 2, FiringMode: 2",7.488147,true,-1.459818,2.246803,0.9879711,"(0.1521,0.9548,-0.1706,0.1900)",false,0,0,0,NA,-1,-1,-1,-1,-1,-2,-2,false,0,0,0,NA,-1,-1,-1,-1,-1,-2,-2
4,"Environment: 2, FiringMode: 2",7.502053,true,-1.462322,2.247785,0.9883133,"(0.1505,0.9556,-0.1671,0.1902)",false,0,0,0,NA,-1,-1,-1,-1,-1,-2,-2,false,0,0,0,NA,-1,-1,-1,-1,-1,-2,-2
4,"Environment: 2, FiringMode: 2",7.515597,true,-1.46499,2.248601,0.9887957,"(0.1502,0.9560,-0.1643,0.1908)",false,0,0,0,NA,-1,-1,-1,-1,-1,-2,-2,false,0,0,0,NA,-1,-1,-1,-1,-1,-2,-2
4,"Environment: 2, FiringMode: 2",7.52969,true,-1.46784,2.249196,0.9893994,"(0.1494,0.9564,-0.1627,0.1910)",false,0,0,0,NA,-1,-1,-1,-1,-1,-2,-2,false,0,0,0,NA,-1,-1,-1,-1,-1,-2,-2
4,"Environment: 2, FiringMode: 2",7.54364,true,-1.470673,2.249673,0.9901714,"(0.1486,0.9566,-0.1628,0.1907)",false,0,0,0,NA,-1,-1,-1,-1,-1,-2,-2,false,0,0,0,NA,-1,-1,-1,-1,-1,-2,-2
4,"Environment: 2, FiringMode: 2",7.557324,true,-1.473474,2.250199,0.991098,"(0.1473,0.9568,-0.1637,0.1901)",false,0,0,0,NA,-1,-1,-1,-1,-1,-2,-2,false,0,0,0,NA,-1,-1,-1,-1,-1,-2,-2
4,"Environment: 2, FiringMode: 2",7.571353,true,-1.476127,2.250569,0.9918954,"(0.1446,0.9572,-0.1654,0.1884)",false,0,0,0,NA,-1,-1,-1,-1,-1,-2,-2,false,0,0,0,NA,-1,-1,-1,-1,-1,-2,-2
4,"Environment: 2, FiringMode: 2",7.585274,true,-1.478935,2.25062,0.9925302,"(0.1419,0.9578,-0.1660,0.1870)",false,0,0,0,NA,-1,-1,-1,-1,-1,-2,-2,false,0,0,0,NA,-1,-1,-1,-1,-1,-2,-2
4,"Environment: 2, FiringMode: 2",7.599155,true,-1.481777,2.251023,0.993218,"(0.1412,0.9581,-0.1662,0.1856)",false,0,0,0,NA,-1,-1,-1,-1,-1,-2,-2,false,0,0,0,NA,-1,-1,-1,-1,-1,-2,-2
4,"Environment: 2, FiringMode: 2",7.612949,true,-1.484557,2.251551,0.9937263,"(0.1417,0.9582,-0.1664,0.1845)",false,0,0,0,NA,-1,-1,-1,-1,-1,-2,-2,false,0,0,0,NA,-1,-1,-1,-1,-1,-2,-2
4,"Environment: 2, FiringMode: 2",7.626854,true,-1.48722,2.251719,0.994482,"(0.1415,0.9586,-0.1663,0.1827)",false,0,0,0,NA,-1,-1,-1,-1,-1,-2,-2,false,0,0,0,NA,-1,-1,-1,-1,-1,-2,-2
4,"Environment: 2, FiringMode: 2",7.640753,true,-1.48976,2.251597,0.9954249,"(0.1404,0.9590,-0.1676,0.1804)",false,0,0,0,NA,-1,-1,-1,-1,-1,-2,-2,false,0,0,0,NA,-1,-1,-1,-1,-1,-2,-2
4,"Environment: 2, FiringMode: 2",7.654565,true,-1.49239,2.250957,0.9964536,"(0.1380,0.9595,-0.1695,0.1777)",false,0,0,0,NA,-1,-1,-1,-1,-1,-2,-2,false,0,0,0,NA,-1,-1,-1,-1,-1,-2,-2
4,"Environment: 2, FiringMode: 2",7.668675,true,-1.494759,2.250319,0.9973931,"(0.1362,0.9598,-0.1726,0.1746)",false,0,0,0,NA,-1,-1,-1,-1,-1,-2,-2,false,0,0,0,NA,-1,-1,-1,-1,-1,-2,-2
4,"Environment: 2, FiringMode: 2",7.682629,true,-1.496959,2.249982,0.9980389,"(0.1353,0.9598,-0.1758,0.1722)",false,0,0,0,NA,-1,-1,-1,-1,-1,-2,-2,false,0,0,0,NA,-1,-1,-1,-1,-1,-2,-2
4,"Environment: 2, FiringMode: 2",7.696434,true,-1.499003,2.249655,0.9987742,"(0.1352,0.9599,-0.1773,0.1702)",false,0,0,0,NA,-1,-1,-1,-1,-1,-2,-2,false,0,0,0,NA,-1,-1,-1,-1,-1,-2,-2
4,"Environment: 2, FiringMode: 2",7.710463,true,-1.500757,2.249487,0.9992943,"(0.1357,0.9598,-0.1784,0.1689)",false,0,0,0,NA,-1,-1,-1,-1,-1,-2,-2,false,0,0,0,NA,-1,-1,-1,-1,-1,-2,-2
4,"Environment: 2, FiringMode: 2",7.724436,true,-1.502578,2.248805,0.9999161,"(0.1354,0.9599,-0.1795,0.1677)",false,0,0,0,NA,-1,-1,-1,-1,-1,-2,-2,false,0,0,0,NA,-1,-1,-1,-1,-1,-2,-2
4,"Environment: 2, FiringMode: 2",7.738393,true,-1.504354,2.247828,1.000607,"(0.1353,0.9595,-0.1822,0.1668)",false,0,0,0,NA,-1,-1,-1,-1,-1,-2,-2,false,0,0,0,NA,-1,-1,-1,-1,-1,-2,-2
4,"Environment: 2, FiringMode: 2",7.752207,true,-1.506178,2.246662,1.001632,"(0.1350,0.9591,-0.1859,0.1656)",false,0,0,0,NA,-1,-1,-1,-1,-1,-2,-2,false,0,0,0,NA,-1,-1,-1,-1,-1,-2,-2
4,"Environment: 2, FiringMode: 2",7.76581,true,-1.507944,2.245324,1.002551,"(0.1347,0.9582,-0.1921,0.1640)",false,0,0,0,NA,-1,-1,-1,-1,-1,-2,-2,false,0,0,0,NA,-1,-1,-1,-1,-1,-2,-2
4,"Environment: 2, FiringMode: 2",7.779598,true,-1.509539,2.243985,1.003185,"(0.1343,0.9572,-0.1986,0.1623)",false,0,0,0,NA,-1,-1,-1,-1,-1,-2,-2,false,0,0,0,NA,-1,-1,-1,-1,-1,-2,-2
4,"Environment: 2, FiringMode: 2",7.793393,true,-1.510876,2.242751,1.00367,"(0.1345,0.9562,-0.2046,0.1603)",false,0,0,0,NA,-1,-1,-1,-1,-1,-2,-2,false,0,0,0,NA,-1,-1,-1,-1,-1,-2,-2
4,"Environment: 2, FiringMode: 2",7.807501,true,-1.512351,2.241652,1.003833,"(0.1347,0.9553,-0.2093,0.1594)",false,0,0,0,NA,-1,-1,-1,-1,-1,-2,-2,false,0,0,0,NA,-1,-1,-1,-1,-1,-2,-2
4,"Environment: 2, FiringMode: 2",7.821453,true,-1.51361,2.240705,1.004135,"(0.1355,0.9545,-0.2128,0.1587)",false,0,0,0,NA,-1,-1,-1,-1,-1,-2,-2,false,0,0,0,NA,-1,-1,-1,-1,-1,-2,-2
4,"Environment: 2, FiringMode: 2",7.835247,true,-1.514868,2.239842,1.004602,"(0.1360,0.9537,-0.2174,0.1573)",false,0,0,0,NA,-1,-1,-1,-1,-1,-2,-2,false,0,0,0,NA,-1,-1,-1,-1,-1,-2,-2
4,"Environment: 2, FiringMode: 2",7.849343,true,-1.516201,2.238977,1.004724,"(0.1364,0.9528,-0.2217,0.1563)",false,0,0,0,NA,-1,-1,-1,-1,-1,-2,-2,false,0,0,0,NA,-1,-1,-1,-1,-1,-2,-2
4,"Environment: 2, FiringMode: 2",7.86323,true,-1.517349,2.238436,1.004572,"(0.1365,0.9523,-0.2247,0.1551)",false,0,0,0,NA,-1,-1,-1,-1,-1,-2,-2,false,0,0,0,NA,-1,-1,-1,-1,-1,-2,-2
4,"Environment: 2, FiringMode: 2",7.87704,true,-1.518297,2.238352,1.004179,"(0.1358,0.9523,-0.2265,0.1531)",false,0,0,0,NA,-1,-1,-1,-1,-1,-2,-2,false,0,0,0,NA,-1,-1,-1,-1,-1,-2,-2
4,"Environment: 2, FiringMode: 2",7.891121,true,-1.519374,2.238045,1.004103,"(0.1357,0.9524,-0.2269,0.1520)",false,0,0,0,NA,-1,-1,-1,-1,-1,-2,-2,false,0,0,0,NA,-1,-1,-1,-1,-1,-2,-2
4,"Environment: 2, FiringMode: 2",7.942621,true,-1.520627,2.237794,1.004052,"(0.1353,0.9522,-0.2282,0.1513)",false,0,0,0,NA,-1,-1,-1,-1,-1,-2,-2,false,0,0,0,NA,-1,-1,-1,-1,-1,-2,-2
4,"Environment: 2, FiringMode: 2",7.96139,true,-1.521794,2.237669,1.003979,"(0.1342,0.9523,-0.2288,0.1507)",false,0,0,0,NA,-1,-1,-1,-1,-1,-2,-2,false,0,0,0,NA,-1,-1,-1,-1,-1,-2,-2
4,"Environment: 2, FiringMode: 2",7.973963,true,-1.528027,2.238793,1.002374,"(0.1291,0.9524,-0.2344,0.1461)",false,0,0,0,NA,-1,-1,-1,-1,-1,-2,-2,true,-1.742933,2.183435,0.8353772,"(-0.3104,0.8657,0.3120,0.2386)",1,0,0,0,0,0,0
4,"Environment: 2, FiringMode: 2",7.98686,true,-1.527511,2.239414,1.001995,"(0.1278,0.9533,-0.2313,0.1461)",false,0,0,0,NA,-1,-1,-1,-1,-1,-2,-2,true,-1.746386,2.17827,0.8358498,"(-0.3093,0.8668,0.3177,0.2281)",0.9465201,0,0,0,0,0,0
4,"Environment: 2, FiringMode: 2",8.000524,true,-1.528003,2.240523,1.001263,"(0.1258,0.9544,-0.2278,0.1460)",false,0,0,0,NA,-1,-1,-1,-1,-1,-2,-2,true,-1.754184,2.171165,0.8338807,"(-0.2991,0.8656,0.3210,0.2413)",0.6327229,0,0,0,0,0,0
4,"Environment: 2, FiringMode: 2",8.015324,true,-1.528296,2.241841,1.000576,"(0.1234,0.9559,-0.2226,0.1464)",false,0,0,0,NA,-1,-1,-1,-1,-1,-2,-2,true,-1.757428,2.167271,0.8322304,"(-0.2860,0.8762,0.3148,0.2268)",0.2385836,0,0,0,0,0,0
4,"Environment: 2, FiringMode: 2",8.028021,true,-1.52856,2.243058,0.9999302,"(0.1208,0.9574,-0.2171,0.1469)",false,0,0,0,NA,-1,-1,-1,-1,-1,-2,-2,true,-1.763416,2.161561,0.8293079,"(-0.2835,0.8762,0.3229,0.2185)",0,0,0,0,0,0,0
4,"Environment: 2, FiringMode: 2",8.041583,true,-1.528996,2.244106,0.9994085,"(0.1186,0.9587,-0.2121,0.1480)",false,0,0,0,NA,-1,-1,-1,-1,-1,-2,-2,true,-1.761392,2.161494,0.8295268,"(-0.2759,0.8800,0.3219,0.2141)",0,0,0,0,0,0,0
4,"Environment: 2, FiringMode: 2",8.055341,true,-1.52917,2.245157,0.9989167,"(0.1169,0.9597,-0.2077,0.1490)",false,0,0,0,NA,-1,-1,-1,-1,-1,-2,-2,true,-1.76038,2.161008,0.8295547,"(-0.2799,0.8804,0.3212,0.2084)",0,0,0,0,0,0,0
4,"Environment: 2, FiringMode: 2",8.069512,true,-1.529289,2.245976,0.9983186,"(0.1151,0.9605,-0.2034,0.1508)",false,0,0,0,NA,-1,-1,-1,-1,-1,-2,-2,true,-1.760467,2.160706,0.8290324,"(-0.2898,0.8794,0.3190,0.2022)",0,0,0,0,0,0,0
4,"Environment: 2, FiringMode: 2",8.083355,true,-1.5293,2.246756,0.9979192,"(0.1128,0.9612,-0.2002,0.1525)",false,0,0,0,NA,-1,-1,-1,-1,-1,-2,-2,true,-1.761837,2.160163,0.8277969,"(-0.3002,0.8772,0.3148,0.2035)",0,0,0,0,0,0,0
4,"Environment: 2, FiringMode: 2",8.097136,true,-1.52913,2.24736,0.9979745,"(0.1108,0.9618,-0.1973,0.1542)",false,0,0,0,NA,-1,-1,-1,-1,-1,-2,-2,true,-1.762085,2.159922,0.8275432,"(-0.3042,0.8754,0.3133,0.2073)",0,0,0,0,0,0,0
4,"Environment: 2, FiringMode: 2",8.111144,true,-1.529011,2.247147,0.9980593,"(0.1110,0.9613,-0.1985,0.1557)",false,0,0,0,NA,-1,-1,-1,-1,-1,-2,-2,true,-1.759338,2.161016,0.8297237,"(-0.2994,0.8744,0.3164,0.2136)",0,0,0,0,0,0,0
4,"Environment: 2, FiringMode: 2",8.124864,true,-1.529009,2.247822,0.9979481,"(0.1089,0.9615,-0.1966,0.1579)",false,0,0,0,NA,-1,-1,-1,-1,-1,-2,-2,true,-1.757154,2.16191,0.8314495,"(-0.2932,0.8749,0.3199,0.2151)",0,0,0,0,0,0,0
4,"Environment: 2, FiringMode: 2",8.13869,true,-1.528877,2.248579,0.9977338,"(0.1075,0.9617,-0.1945,0.1603)",false,0,0,0,NA,-1,-1,-1,-1,-1,-2,-2,true,-1.757137,2.16121,0.8315339,"(-0.2860,0.8765,0.3241,0.2119)",0,0,0,0,0,0,0
4,"Environment: 2, FiringMode: 2",8.152315,true,-1.528707,2.249306,0.9975444,"(0.1058,0.9621,-0.1917,0.1626)",false,0,0,0,NA,-1,-1,-1,-1,-1,-2,-2,true,-1.756921,2.160857,0.8314154,"(-0.2825,0.8779,0.3253,0.2092)",0,0,0,0,0,0,0
4,"Environment: 2, FiringMode: 2",8.166347,true,-1.528389,2.249955,0.9973384,"(0.1034,0.9626,-0.1886,0.1646)",false,0,0,0,NA,-1,-1,-1,-1,-1,-2,-2,true,-1.756482,2.160642,0.8313666,"(-0.2808,0.8788,0.3250,0.2080)",0,0,0,0,0,0,0
4,"Environment: 2, FiringMode: 2",8.180036,true,-1.528193,2.250708,0.9970338,"(0.1017,0.9629,-0.1862,0.1670)",false,0,0,0,NA,-1,-1,-1,-1,-1,-2,-2,true,-1.755959,2.160542,0.8315839,"(-0.2790,0.8793,0.3258,0.2072)",0,0,0,0,0,0,0
4,"Environment: 2, FiringMode: 2",8.193706,true,-1.527853,2.251422,0.9971582,"(0.1001,0.9632,-0.1839,0.1688)",false,0,0,0,NA,-1,-1,-1,-1,-1,-2,-2,true,-1.755291,2.160388,0.8317581,"(-0.2767,0.8802,0.3260,0.2060)",0,0,0,0,0,0,0
4,"Environment: 2, FiringMode: 2",8.20772,true,-1.527514,2.252219,0.9973006,"(0.0987,0.9635,-0.1812,0.1705)",false,0,0,0,NA,-1,-1,-1,-1,-1,-2,-2,true,-1.754899,2.159805,0.8312904,"(-0.2730,0.8821,0.3251,0.2041)",0,0,0,0,0,0,0
4,"Environment: 2, FiringMode: 2",8.221614,true,-1.527298,2.253076,0.9973822,"(0.0969,0.9639,-0.1783,0.1722)",false,0,0,0,NA,-1,-1,-1,-1,-1,-2,-2,true,-1.754602,2.159044,0.8307782,"(-0.2685,0.8841,0.3256,0.2009)",0,0,0,0,0,0,0
4,"Environment: 2, FiringMode: 2",8.235326,true,-1.527071,2.253875,0.9975669,"(0.0959,0.9644,-0.1747,0.1738)",false,0,0,0,NA,-1,-1,-1,-1,-1,-2,-2,true,-1.753821,2.158574,0.8308184,"(-0.2621,0.8862,0.3277,0.1965)",0,0,0,0,0,0,0
4,"Environment: 2, FiringMode: 2",8.24931,true,-1.526909,2.254677,0.9978577,"(0.0941,0.9650,-0.1718,0.1743)",false,0,0,0,NA,-1,-1,-1,-1,-1,-2,-2,true,-1.752678,2.158118,0.8308929,"(-0.2538,0.8890,0.3293,0.1919)",0,0,0,0,0,0,0
4,"Environment: 2, FiringMode: 2",8.2632,true,-1.52691,2.255452,0.9978833,"(0.0923,0.9657,-0.1694,0.1740)",false,0,0,0,NA,-1,-1,-1,-1,-1,-2,-2,true,-1.751576,2.157362,0.8304819,"(-0.2452,0.8926,0.3294,0.1865)",0,0,0,0,0,0,0
4,"Environment: 2, FiringMode: 2",8.276933,true,-1.526883,2.256176,0.9981174,"(0.0914,0.9664,-0.1668,0.1728)",false,0,0,0,NA,-1,-1,-1,-1,-1,-2,-2,true,-1.751037,2.156203,0.8293365,"(-0.2384,0.8965,0.3269,0.1807)",0,0,0,0,0,0,0
4,"Environment: 2, FiringMode: 2",8.290985,true,-1.527125,2.257022,0.9982772,"(0.0909,0.9671,-0.1643,0.1714)",false,0,0,0,NA,-1,-1,-1,-1,-1,-2,-2,true,-1.750744,2.154756,0.8271503,"(-0.2361,0.9016,0.3179,0.1741)",0,0,0,0,0,0,0
4,"Environment: 2, FiringMode: 2",8.304948,true,-1.527351,2.257769,0.9984285,"(0.0910,0.9680,-0.1615,0.1692)",false,0,0,0,NA,-1,-1,-1,-1,-1,-2,-2,true,-1.75066,2.15384,0.8252411,"(-0.2353,0.9059,0.3095,0.1680)",0,0,0,0,0,0,0
4,"Environment: 2, FiringMode: 2",8.31878,true,-1.527728,2.258543,0.9986528,"(0.0909,0.9690,-0.1586,0.1660)",false,0,0,0,NA,-1,-1,-1,-1,-1,-2,-2,true,-1.75063,2.153011,0.8229561,"(-0.2356,0.9109,0.2981,0.1611)",0,0,0,0,0,0,0
4,"Environment: 2, FiringMode: 2",8.332599,true,-1.528008,2.259333,0.9989225,"(0.0915,0.9700,-0.1559,0.1624)",false,0,0,0,NA,-1,-1,-1,-1,-1,-2,-2,true,-1.750442,2.152008,0.8205535,"(-0.2334,0.9169,0.2856,0.1524)",0,0,0,0,0,0,0
4,"Environment: 2, FiringMode: 2",8.346698,true,-1.528579,2.259943,0.9991751,"(0.0914,0.9711,-0.1531,0.1585)",false,0,0,0,NA,-1,-1,-1,-1,-1,-2,-2,true,-1.750152,2.150564,0.8174013,"(-0.2300,0.9248,0.2678,0.1416)",0,0,0,0,0,0,0
4,"Environment: 2, FiringMode: 2",8.36035,true,-1.529024,2.260649,0.9994998,"(0.0915,0.9721,-0.1508,0.1543)",false,0,0,0,NA,-1,-1,-1,-1,-1,-2,-2,true,-1.749452,2.148946,0.8134084,"(-0.2250,0.9344,0.2440,0.1296)",0,0,0,0,0,0,0
4,"Environment: 2, FiringMode: 2",8.373983,true,-1.529531,2.261447,0.9995649,"(0.0917,0.9730,-0.1491,0.1503)",false,0,0,0,NA,-1,-1,-1,-1,-1,-2,-2,true,-1.748393,2.147592,0.8091055,"(-0.2143,0.9452,0.2162,0.1180)",0,0,0,0,0,0,0
4,"Environment: 2, FiringMode: 2",8.388055,true,-1.530234,2.262082,0.9999453,"(0.0913,0.9741,-0.1475,0.1453)",false,0,0,0,NA,-1,-1,-1,-1,-1,-2,-2,true,-1.745848,2.145524,0.8041241,"(-0.1928,0.9577,0.1834,0.1098)",0,0,0,0,0,0,0
4,"Environment: 2, FiringMode: 2",8.40201,true,-1.531058,2.262708,1.000293,"(0.0909,0.9750,-0.1463,0.1404)",false,0,0,0,NA,-1,-1,-1,-1,-1,-2,-2,true,-1.742663,2.142309,0.7991717,"(-0.1667,0.9689,0.1520,0.1020)",0,0,0,0,0,0,0
4,"Environment: 2, FiringMode: 2",8.415859,true,-1.531887,2.263344,1.000799,"(0.0905,0.9760,-0.1456,0.1343)",false,0,0,0,NA,-1,-1,-1,-1,-1,-2,-2,true,-1.73865,2.137512,0.7936072,"(-0.1360,0.9793,0.1161,0.0954)",0,0,0,0,0,0,0
4,"Environment: 2, FiringMode: 2",8.433318,true,-1.532908,2.263777,1.00134,"(0.0900,0.9769,-0.1447,0.1288)",false,0,0,0,NA,-1,-1,-1,-1,-1,-2,-2,true,-1.734698,2.131718,0.7882183,"(-0.1080,0.9868,0.0795,0.0908)",0,0,0,0,0,0,0
4,"Environment: 2, FiringMode: 2",8.443851,true,-1.534051,2.264282,1.00189,"(0.0893,0.9778,-0.1446,0.1228)",false,0,0,0,NA,-1,-1,-1,-1,-1,-2,-2,true,-1.73064,2.125646,0.7836319,"(-0.0859,0.9912,0.0433,0.0913)",0,0,0,0,0,0,0
4,"Environment: 2, FiringMode: 2",8.457038,true,-1.535179,2.264861,1.002433,"(0.0885,0.9786,-0.1444,0.1166)",false,0,0,0,NA,-1,-1,-1,-1,-1,-2,-2,true,-1.726251,2.11886,0.7792251,"(-0.0685,0.9928,0.0045,0.0979)",0,0,0,0,0,0,0
4,"Environment: 2, FiringMode: 2",8.471128,true,-1.536412,2.265381,1.002916,"(0.0875,0.9796,-0.1437,0.1098)",false,0,0,0,NA,-1,-1,-1,-1,-1,-2,-2,true,-1.721899,2.110783,0.7747632,"(-0.0538,0.9920,-0.0382,0.1073)",0,0,0,0,0,0,0
4,"Environment: 2, FiringMode: 2",8.485191,true,-1.537503,2.266079,1.003347,"(0.0866,0.9805,-0.1434,0.1031)",false,0,0,0,NA,-1,-1,-1,-1,-1,-2,-2,true,-1.718164,2.102103,0.7708893,"(-0.0445,0.9891,-0.0774,0.1171)",0,0,0,0,0,0,0
4,"Environment: 2, FiringMode: 2",8.499018,true,-1.538536,2.266739,1.004032,"(0.0853,0.9813,-0.1431,0.0963)",false,0,0,0,NA,-1,-1,-1,-1,-1,-2,-2,true,-1.714781,2.093971,0.767428,"(-0.0401,0.9847,-0.1111,0.1279)",0,0,0,0,0,0,0
4,"Environment: 2, FiringMode: 2",8.512507,true,-1.539708,2.267016,1.004969,"(0.0841,0.9822,-0.1420,0.0899)",false,0,0,0,NA,-1,-1,-1,-1,-1,-2,-2,true,-1.711311,2.086555,0.7644616,"(-0.0360,0.9797,-0.1423,0.1362)",0,0,0,0,0,0,0
4,"Environment: 2, FiringMode: 2",8.526449,true,-1.540819,2.267536,1.005855,"(0.0836,0.9828,-0.1419,0.0841)",false,0,0,0,NA,-1,-1,-1,-1,-1,-2,-2,true,-1.706936,2.079716,0.7612565,"(-0.0144,0.9757,-0.1707,0.1365)",0,0,0,0,0,0,0
4,"Environment: 2, FiringMode: 2",8.54116,true,-1.541862,2.26798,1.006884,"(0.0829,0.9833,-0.1415,0.0783)",false,0,0,0,NA,-1,-1,-1,-1,-1,-2,-2,true,-1.703077,2.073075,0.7589295,"(0.0135,0.9730,-0.1842,0.1382)",0,0,0,0,0,0,0
4,"Environment: 2, FiringMode: 2",8.554274,true,-1.542709,2.268428,1.007751,"(0.0818,0.9840,-0.1410,0.0727)",false,0,0,0,NA,-1,-1,-1,-1,-1,-2,-2,true,-1.700399,2.067309,0.756938,"(0.0464,0.9725,-0.1875,0.1298)",0,0,0,0,0,0,0
4,"Environment: 2, FiringMode: 2",8.568231,true,-1.543269,2.269063,1.008482,"(0.0802,0.9846,-0.1405,0.0665)",false,0,0,0,NA,-1,-1,-1,-1,-1,-2,-2,true,-1.699507,2.062972,0.7550049,"(0.0658,0.9730,-0.1846,0.1215)",0,0,0,0,0,0,0
4,"Environment: 2, FiringMode: 2",8.583791,true,-1.543841,2.269434,1.009213,"(0.0786,0.9853,-0.1387,0.0611)",false,0,0,0,NA,-1,-1,-1,-1,-1,-2,-2,true,-1.700817,2.059931,0.7534394,"(0.0680,0.9756,-0.1778,0.1090)",0,0,0,0,0,0,0
4,"Environment: 2, FiringMode: 2",8.596053,true,-1.544304,2.26988,1.010082,"(0.0780,0.9859,-0.1370,0.0564)",false,0,0,0,NA,-1,-1,-1,-1,-1,-2,-2,true,-1.701093,2.056446,0.7510353,"(0.0735,0.9750,-0.1856,0.0977)",0,0,0,0,0,0,0
4,"Environment: 2, FiringMode: 2",8.609349,true,-1.544868,2.270467,1.010713,"(0.0765,0.9864,-0.1355,0.0522)",false,0,0,0,NA,-1,-1,-1,-1,-1,-2,-2,true,-1.701832,2.054581,0.7490621,"(0.0681,0.9749,-0.1911,0.0922)",0,0,0,0,0,0,0
4,"Environment: 2, FiringMode: 2",8.623407,true,-1.545406,2.270925,1.011365,"(0.0756,0.9870,-0.1332,0.0486)",false,0,0,0,NA,-1,-1,-1,-1,-1,-2,-2,true,-1.70279,2.054208,0.7478868,"(0.0534,0.9759,-0.1904,0.0923)",0,0,0,0,0,0,0
4,"Environment: 2, FiringMode: 2",8.637204,true,-1.545753,2.271401,1.012066,"(0.0758,0.9874,-0.1309,0.0454)",false,0,0,0,NA,-1,-1,-1,-1,-1,-2,-2,true,-1.703335,2.05381,0.7466478,"(0.0447,0.9755,-0.1945,0.0930)",0,0,0,0,0,0,0
4,"Environment: 2, FiringMode: 2",8.65103,true,-1.54626,2.27165,1.01276,"(0.0757,0.9879,-0.1285,0.0436)",false,0,0,0,NA,-1,-1,-1,-1,-1,-2,-2,true,-1.703575,2.053105,0.7455311,"(0.0486,0.9754,-0.1950,0.0902)",0,0,0,0,0,0,0
4,"Environment: 2, FiringMode: 2",8.665051,true,-1.546544,2.272013,1.013263,"(0.0755,0.9881,-0.1272,0.0419)",false,0,0,0,NA,-1,-1,-1,-1,-1,-2,-2,true,-1.703902,2.05206,0.7445145,"(0.0564,0.9752,-0.1963,0.0851)",0,0,0,0,0,0,0
4,"Environment: 2, FiringMode: 2",8.679078,true,-1.546929,2.272182,1.013826,"(0.0751,0.9885,-0.1253,0.0402)",false,0,0,0,NA,-1,-1,-1,-1,-1,-2,-2,true,-1.704296,2.050936,0.7439203,"(0.0654,0.9752,-0.1954,0.0810)",0,0,0,0,0,0,0
4,"Environment: 2, FiringMode: 2",8.69295,true,-1.547131,2.272553,1.01435,"(0.0745,0.9887,-0.1241,0.0380)",false,0,0,0,NA,-1,-1,-1,-1,-1,-2,-2,true,-1.704559,2.049887,0.7433248,"(0.0740,0.9749,-0.1945,0.0797)",0,0,0,0,0,0,0
4,"Environment: 2, FiringMode: 2",8.707232,true,-1.547519,2.272972,1.014678,"(0.0739,0.9890,-0.1227,0.0369)",false,0,0,0,NA,-1,-1,-1,-1,-1,-2,-2,true,-1.705172,2.049496,0.7423288,"(0.0736,0.9745,-0.1969,0.0791)",0,0,0,0,0,0,0
4,"Environment: 2, FiringMode: 2",8.721197,true,-1.54773,2.273402,1.014963,"(0.0738,0.9893,-0.1210,0.0352)",false,0,0,0,NA,-1,-1,-1,-1,-1,-2,-2,true,-1.705829,2.049345,0.7413433,"(0.0709,0.9744,-0.1978,0.0793)",0,0,0,0,0,0,0
4,"Environment: 2, FiringMode: 2",8.734971,true,-1.548164,2.273793,1.015219,"(0.0736,0.9896,-0.1190,0.0342)",false,0,0,0,NA,-1,-1,-1,-1,-1,-2,-2,true,-1.706456,2.048826,0.740347,"(0.0692,0.9743,-0.1993,0.0790)",0,0,0,0,0,0,0
4,"Environment: 2, FiringMode: 2",8.749221,true,-1.54857,2.27418,1.015314,"(0.0736,0.9898,-0.1172,0.0337)",false,0,0,0,NA,-1,-1,-1,-1,-1,-2,-2,true,-1.707328,2.048517,0.7394621,"(0.0645,0.9749,-0.1984,0.0779)",0,0,0,0,0,0,0
4,"Environment: 2, FiringMode: 2",8.763058,true,-1.548919,2.274426,1.015481,"(0.0729,0.9900,-0.1159,0.0329)",false,0,0,0,NA,-1,-1,-1,-1,-1,-2,-2,true,-1.708138,2.048095,0.7385136,"(0.0627,0.9752,-0.1986,0.0750)",0,0,0,0,0,0,0
4,"Environment: 2, FiringMode: 2",8.776855,true,-1.54922,2.274746,1.015739,"(0.0725,0.9902,-0.1153,0.0320)",false,0,0,0,NA,-1,-1,-1,-1,-1,-2,-2,true,-1.708756,2.047681,0.7375942,"(0.0657,0.9754,-0.1980,0.0716)",0,0,0,0,0,0,0
4,"Environment: 2, FiringMode: 2",8.791006,true,-1.549601,2.274969,1.015923,"(0.0723,0.9902,-0.1156,0.0316)",false,0,0,0,NA,-1,-1,-1,-1,-1,-2,-2,true,-1.709463,2.047411,0.7367954,"(0.0771,0.9757,-0.1946,0.0647)",0,0,0,0,0,0,0
4,"Environment: 2, FiringMode: 2",8.805038,true,-1.550014,2.27526,1.015955,"(0.0719,0.9902,-0.1155,0.0312)",false,0,0,0,NA,-1,-1,-1,-1,-1,-2,-2,true,-1.710435,2.046858,0.7359245,"(0.0840,0.9759,-0.1930,0.0582)",0,0,0,0,0,0,0
4,"Environment: 2, FiringMode: 2",8.818923,true,-1.550328,2.275609,1.015872,"(0.0716,0.9903,-0.1150,0.0309)",false,0,0,0,NA,-1,-1,-1,-1,-1,-2,-2,true,-1.711776,2.047093,0.7351502,"(0.0827,0.9771,-0.1891,0.0521)",0,0,0,0,0,0,0
4,"Environment: 2, FiringMode: 2",8.832683,true,-1.550666,2.275952,1.015652,"(0.0711,0.9905,-0.1136,0.0306)",false,0,0,0,NA,-1,-1,-1,-1,-1,-2,-2,true,-1.712821,2.047872,0.7347165,"(0.0773,0.9780,-0.1872,0.0494)",0,0,0,0,0,0,0
4,"Environment: 2, FiringMode: 2",8.846801,true,-1.55096,2.27632,1.015399,"(0.0703,0.9907,-0.1121,0.0304)",false,0,0,0,NA,-1,-1,-1,-1,-1,-2,-2,true,-1.713312,2.048485,0.7346126,"(0.0755,0.9780,-0.1879,0.0496)",0,0,0,0,0,0,0
4,"Environment: 2, FiringMode: 2",8.860804,true,-1.551129,2.276509,1.015291,"(0.0694,0.9910,-0.1106,0.0298)",false,0,0,0,NA,-1,-1,-1,-1,-1,-2,-2,true,-1.713453,2.048802,0.7346013,"(0.0780,0.9779,-0.1872,0.0511)",0,0,0,0,0,0,0
4,"Environment: 2, FiringMode: 2",8.87452,true,-1.551328,2.276545,1.015218,"(0.0681,0.9912,-0.1096,0.0293)",false,0,0,0,NA,-1,-1,-1,-1,-1,-2,-2,true,-1.713678,2.048502,0.734345,"(0.0802,0.9776,-0.1873,0.0530)",0,0,0,0,0,0,0
4,"Environment: 2, FiringMode: 2",8.888648,true,-1.55153,2.27654,1.015132,"(0.0671,0.9913,-0.1092,0.0286)",false,0,0,0,NA,-1,-1,-1,-1,-1,-2,-2,true,-1.713927,2.048267,0.7341402,"(0.0797,0.9775,-0.1880,0.0530)",0,0,0,0,0,0,0
4,"Environment: 2, FiringMode: 2",8.902565,true,-1.551829,2.276539,1.01497,"(0.0666,0.9914,-0.1091,0.0284)",false,0,0,0,NA,-1,-1,-1,-1,-1,-2,-2,true,-1.713903,2.048477,0.7342212,"(0.0797,0.9774,-0.1884,0.0531)",0,0,0,0,0,0,0
4,"Environment: 2, FiringMode: 2",8.916361,true,-1.552111,2.276507,1.014822,"(0.0662,0.9914,-0.1095,0.0282)",false,0,0,0,NA,-1,-1,-1,-1,-1,-2,-2,true,-1.713861,2.048897,0.7342912,"(0.0806,0.9774,-0.1882,0.0528)",0,0,0,0,0,0,0
4,"Environment: 2, FiringMode: 2",8.930428,true,-1.552203,2.276502,1.014716,"(0.0662,0.9913,-0.1099,0.0279)",false,0,0,0,NA,-1,-1,-1,-1,-1,-2,-2,true,-1.713534,2.049328,0.7346264,"(0.0797,0.9774,-0.1886,0.0534)",0,0,0,0,0,0,0
4,"Environment: 2, FiringMode: 2",8.944245,true,-1.552443,2.27664,1.014547,"(0.0659,0.9913,-0.1105,0.0279)",false,0,0,0,NA,-1,-1,-1,-1,-1,-2,-2,true,-1.713555,2.049174,0.7344752,"(0.0788,0.9773,-0.1889,0.0542)",0,0,0,0,0,0,0
4,"Environment: 2, FiringMode: 2",8.958064,true,-1.552566,2.276515,1.014426,"(0.0657,0.9913,-0.1106,0.0281)",false,0,0,0,NA,-1,-1,-1,-1,-1,-2,-2,true,-1.714057,2.048481,0.7336427,"(0.0775,0.9772,-0.1899,0.0555)",0,0,0,0,0,0,0
4,"Environment: 2, FiringMode: 2",8.971841,true,-1.552657,2.276381,1.014332,"(0.0656,0.9913,-0.1109,0.0284)",false,0,0,0,NA,-1,-1,-1,-1,-1,-2,-2,true,-1.714085,2.048423,0.7333961,"(0.0762,0.9770,-0.1912,0.0565)",0,0,0,0,0,0,0
4,"Environment: 2, FiringMode: 2",8.985956,true,-1.552705,2.27625,1.014192,"(0.0658,0.9912,-0.1111,0.0294)",true,-1.349435,2.141114,0.7421517,"(0.1788,-0.9515,0.0364,-0.2476)",0,0,0,0,0,0,0,true,-1.713864,2.048469,0.7334298,"(0.0771,0.9766,-0.1930,0.0562)",0,0,0,0,0,0,0
4,"Environment: 2, FiringMode: 2",9.000006,true,-1.552704,2.276173,1.014027,"(0.0659,0.9911,-0.1114,0.0301)",true,-1.34638,2.141082,0.7429644,"(0.1788,-0.9500,0.0385,-0.2532)",0,0,0,0,0,0,0,true,-1.713778,2.04807,0.7331976,"(0.0781,0.9762,-0.1943,0.0560)",0,0,0,0,0,0,0
4,"Environment: 2, FiringMode: 2",9.013494,true,-1.552675,2.276079,1.013891,"(0.0659,0.9911,-0.1118,0.0308)",true,-1.343193,2.140889,0.7438045,"(0.1782,-0.9486,0.0391,-0.2588)",0,0,0,0,0,0,0,true,-1.713717,2.047206,0.732754,"(0.0791,0.9758,-0.1956,0.0570)",0,0,0,0,0,0,0
4,"Environment: 2, FiringMode: 2",9.027605,true,-1.552607,2.275967,1.01379,"(0.0652,0.9910,-0.1122,0.0312)",true,-1.339947,2.141001,0.7446363,"(0.1759,-0.9474,0.0390,-0.2644)",0,0,0,0,0,0,0,true,-1.713524,2.046309,0.7324178,"(0.0791,0.9753,-0.1976,0.0588)",0,0,0,0,0,0,0
4,"Environment: 2, FiringMode: 2",9.041507,true,-1.552499,2.275861,1.013732,"(0.0648,0.9910,-0.1127,0.0318)",true,-1.337046,2.141753,0.7456681,"(0.1741,-0.9462,0.0383,-0.2702)",0,0,0,0,0,0,0,true,-1.713027,2.045724,0.7324635,"(0.0794,0.9747,-0.1999,0.0606)",0,0,0,0,0,0,0
4,"Environment: 2, FiringMode: 2",9.055248,true,-1.552378,2.275741,1.013753,"(0.0646,0.9910,-0.1130,0.0324)",true,-1.334351,2.142358,0.7466103,"(0.1728,-0.9451,0.0379,-0.2747)",0,0,0,0,0,0,0,true,-1.712535,2.045073,0.7326163,"(0.0812,0.9739,-0.2026,0.0616)",0,0,0,0,0,0,0
4,"Environment: 2, FiringMode: 2",9.069256,true,-1.552225,2.275587,1.013877,"(0.0645,0.9910,-0.1130,0.0329)",true,-1.33163,2.142414,0.7473553,"(0.1717,-0.9441,0.0383,-0.2788)",0,0,0,0,0,0,0,true,-1.71216,2.044241,0.7325695,"(0.0830,0.9734,-0.2044,0.0627)",0,0,0,0,0,0,0
4,"Environment: 2, FiringMode: 2",9.083379,true,-1.552058,2.275447,1.014038,"(0.0645,0.9910,-0.1128,0.0335)",true,-1.329083,2.142107,0.7479433,"(0.1701,-0.9437,0.0391,-0.2811)",0,0,0,0,0,0,0,true,-1.711798,2.043559,0.7324848,"(0.0831,0.9731,-0.2050,0.0647)",0,0,0,0,0,0,0
4,"Environment: 2, FiringMode: 2",9.096869,true,-1.551954,2.275388,1.014031,"(0.0645,0.9910,-0.1127,0.0339)",true,-1.326889,2.142075,0.7486876,"(0.1693,-0.9431,0.0387,-0.2837)",0,0,0,0,0,0,0,true,-1.711396,2.043004,0.7325109,"(0.0828,0.9727,-0.2065,0.0667)",0,0,0,0,0,0,0
4,"Environment: 2, FiringMode: 2",9.110976,true,-1.551851,2.275316,1.014042,"(0.0646,0.9909,-0.1129,0.0344)",true,-1.325257,2.142422,0.7497954,"(0.1681,-0.9429,0.0380,-0.2852)",0,0,0,0,0,0,0,true,-1.710833,2.042702,0.7327043,"(0.0841,0.9723,-0.2076,0.0673)",0,0,0,0,0,0,0
4,"Environment: 2, FiringMode: 2",9.124802,true,-1.551727,2.27522,1.0141,"(0.0646,0.9909,-0.1132,0.0347)",true,-1.324011,2.142879,0.7508748,"(0.1662,-0.9430,0.0372,-0.2859)",0,0,0,0,0,0,0,true,-1.710307,2.042515,0.7328342,"(0.0864,0.9722,-0.2072,0.0667)",0,0,0,0,0,0,0
4,"Environment: 2, FiringMode: 2",9.138672,true,-1.551603,2.275081,1.014165,"(0.0643,0.9908,-0.1134,0.0350)",true,-1.32238,2.142787,0.7514312,"(0.1647,-0.9429,0.0371,-0.2871)",0,0,0,0,0,0,0,true,-1.710202,2.042082,0.7325828,"(0.0858,0.9721,-0.2079,0.0661)",0,0,0,0,0,0,0
4,"Environment: 2, FiringMode: 2",9.152464,true,-1.55146,2.274918,1.014281,"(0.0646,0.9908,-0.1138,0.0353)",true,-1.321168,2.142599,0.7520143,"(0.1648,-0.9427,0.0372,-0.2877)",0,0,0,0,0,0,0,true,-1.710075,2.041896,0.7324338,"(0.0849,0.9723,-0.2075,0.0663)",0,0,0,0,0,0,0
4,"Environment: 2, FiringMode: 2",9.166609,true,-1.551353,2.274722,1.014459,"(0.0649,0.9907,-0.1141,0.0360)",true,-1.320076,2.142695,0.7527725,"(0.1649,-0.9422,0.0369,-0.2894)",0,0,0,0,0,0,0,true,-1.709763,2.041901,0.7325202,"(0.0847,0.9723,-0.2076,0.0666)",0,0,0,0,0,0,0
4,"Environment: 2, FiringMode: 2",9.180491,true,-1.551229,2.274566,1.014663,"(0.0652,0.9906,-0.1147,0.0366)",true,-1.319478,2.143126,0.7536994,"(0.1645,-0.9417,0.0361,-0.2913)",0,0,0,0,0,0,0,true,-1.70906,2.042118,0.7329161,"(0.0848,0.9721,-0.2080,0.0670)",0,0,0,0,0,0,0
4,"Environment: 2, FiringMode: 2",9.194244,true,-1.551073,2.274436,1.014783,"(0.0653,0.9906,-0.1147,0.0372)",true,-1.319158,2.143635,0.7545543,"(0.1652,-0.9410,0.0345,-0.2932)",0,0,0,0,0,0,0,true,-1.708404,2.042098,0.733166,"(0.0859,0.9719,-0.2085,0.0674)",0,0,0,0,0,0,0
4,"Environment: 2, FiringMode: 2",9.208241,true,-1.55087,2.274359,1.014874,"(0.0655,0.9905,-0.1147,0.0379)",true,-1.318603,2.143722,0.7550484,"(0.1646,-0.9412,0.0339,-0.2932)",0,0,0,0,0,0,0,true,-1.708131,2.041893,0.7331328,"(0.0863,0.9720,-0.2077,0.0676)",0,0,0,0,0,0,0
4,"Environment: 2, FiringMode: 2",9.222246,true,-1.550678,2.27431,1.014941,"(0.0655,0.9905,-0.1147,0.0389)",true,-1.318174,2.143847,0.7555379,"(0.1623,-0.9420,0.0332,-0.2919)",0,0,0,0,0,0,0,true,-1.707894,2.041576,0.7329918,"(0.0853,0.9722,-0.2072,0.0682)",0,0,0,0,0,0,0
4,"Environment: 2, FiringMode: 2",9.236019,true,-1.550476,2.274286,1.014974,"(0.0656,0.9905,-0.1144,0.0399)",true,-1.318578,2.144269,0.755851,"(0.1622,-0.9426,0.0318,-0.2901)",0,0,0,0,0,0,0,true,-1.707526,2.041504,0.7330028,"(0.0855,0.9721,-0.2073,0.0688)",0,0,0,0,0,0,0
4,"Environment: 2, FiringMode: 2",9.250124,true,-1.550304,2.274267,1.015008,"(0.0658,0.9904,-0.1145,0.0408)",true,-1.318986,2.14464,0.7561094,"(0.1627,-0.9429,0.0312,-0.2890)",0,0,0,0,0,0,0,true,-1.707297,2.041793,0.7331986,"(0.0858,0.9722,-0.2068,0.0684)",0,0,0,0,0,0,0
4,"Environment: 2, FiringMode: 2",9.264009,true,-1.550115,2.274202,1.015211,"(0.0660,0.9904,-0.1144,0.0418)",true,-1.319241,2.144974,0.7563947,"(0.1632,-0.9429,0.0310,-0.2888)",0,0,0,0,0,0,0,true,-1.706724,2.041791,0.733152,"(0.0842,0.9732,-0.2031,0.0675)",0.1638583,0,0,0,0,0,0
4,"Environment: 2, FiringMode: 2",9.279857,true,-1.549947,2.274141,1.015394,"(0.0661,0.9903,-0.1146,0.0425)",true,-1.318828,2.145057,0.7567375,"(0.1630,-0.9429,0.0298,-0.2889)",0,0,0,0,0,0,0,true,-1.706921,2.041523,0.7334192,"(0.0842,0.9744,-0.1990,0.0628)",0.5098901,0,0,0,0,0,0
4,"Environment: 2, FiringMode: 2",9.291703,true,-1.549842,2.274129,1.01546,"(0.0664,0.9903,-0.1146,0.0432)",true,-1.318506,2.1451,0.7569462,"(0.1632,-0.9428,0.0289,-0.2892)",0,0,0,0,0,0,0,true,-1.706408,2.041267,0.7334082,"(0.0884,0.9735,-0.2004,0.0658)",0.9514042,0,0,0,0,0,0
4,"Environment: 2, FiringMode: 2",9.305252,true,-1.549786,2.274137,1.01545,"(0.0665,0.9902,-0.1145,0.0439)",true,-1.3186,2.14532,0.7574227,"(0.1643,-0.9423,0.0286,-0.2904)",0,0,0,0,0,0,0,true,-1.706443,2.04166,0.7335351,"(0.0869,0.9731,-0.2026,0.0668)",1,0,0,0,0,0,0
4,"Environment: 2, FiringMode: 2",9.319153,true,-1.549732,2.274155,1.015455,"(0.0666,0.9902,-0.1146,0.0445)",true,-1.318537,2.145453,0.7578978,"(0.1656,-0.9416,0.0284,-0.2919)",0,0,0,0,0,0,0,true,-1.706176,2.041579,0.7334616,"(0.0862,0.9728,-0.2043,0.0671)",1,0,0,0,0,0,0
4,"Environment: 2, FiringMode: 2",9.332953,true,-1.549711,2.274163,1.015484,"(0.0661,0.9902,-0.1147,0.0451)",true,-1.318543,2.145407,0.7582081,"(0.1672,-0.9412,0.0280,-0.2922)",0,0,0,0,0,0,0,true,-1.705931,2.04168,0.7336309,"(0.0871,0.9731,-0.2024,0.0674)",1,0,0,0,0,0,0
4,"Environment: 2, FiringMode: 2",9.34688,true,-1.549711,2.274137,1.015497,"(0.0659,0.9902,-0.1148,0.0455)",true,-1.318553,2.145233,0.7581851,"(0.1673,-0.9414,0.0285,-0.2915)",0,0,0,0,0,0,0,true,-1.705912,2.041614,0.7335729,"(0.0871,0.9730,-0.2029,0.0673)",1,0,0,0,0,0,0
4,"Environment: 2, FiringMode: 2",9.360952,true,-1.549789,2.274128,1.015537,"(0.0661,0.9901,-0.1148,0.0459)",true,-1.318472,2.145026,0.7582146,"(0.1671,-0.9417,0.0293,-0.2906)",0,0,0,0,0,0,0,true,-1.705744,2.041455,0.7334435,"(0.0859,0.9731,-0.2026,0.0676)",1,0,0,0,0,0,0
4,"Environment: 2, FiringMode: 2",9.374607,true,-1.5499,2.274168,1.015563,"(0.0661,0.9901,-0.1145,0.0462)",true,-1.318791,2.145089,0.7587931,"(0.1681,-0.9419,0.0295,-0.2893)",0,0,0,0,0,0,0,true,-1.705489,2.041842,0.7335179,"(0.0843,0.9732,-0.2027,0.0684)",1,0,0,0,0,0,0
4,"Environment: 2, FiringMode: 2",9.388755,true,-1.549972,2.274149,1.015547,"(0.0653,0.9903,-0.1139,0.0462)",true,-1.319155,2.14532,0.7591953,"(0.1685,-0.9420,0.0293,-0.2889)",0,0,0,0,0,0,0,true,-1.705328,2.042181,0.7337316,"(0.0852,0.9731,-0.2027,0.0689)",1,0,0,0,0,0,0
4,"Environment: 2, FiringMode: 2",9.40256,true,-1.550029,2.274139,1.015525,"(0.0649,0.9903,-0.1141,0.0462)",true,-1.319195,2.145389,0.7593294,"(0.1685,-0.9420,0.0293,-0.2888)",0,0,0,0,0,0,0,true,-1.705242,2.042249,0.7337372,"(0.0852,0.9730,-0.2029,0.0691)",1,0,0,0,0,0,0
4,"Environment: 2, FiringMode: 2",9.416347,true,-1.55013,2.274091,1.015549,"(0.0650,0.9902,-0.1146,0.0464)",true,-1.318886,2.145262,0.759421,"(0.1693,-0.9418,0.0292,-0.2889)",0,0,0,0,0,0,0,true,-1.705234,2.042193,0.7336783,"(0.0851,0.9731,-0.2027,0.0690)",1,0,0,0,0,0,0
4,"Environment: 2, FiringMode: 2",9.430504,true,-1.55023,2.274035,1.015595,"(0.0652,0.9902,-0.1148,0.0466)",true,-1.318481,2.145066,0.7595741,"(0.1708,-0.9414,0.0296,-0.2893)",0,0,0,0,0,0,0,true,-1.705182,2.042126,0.7336054,"(0.0852,0.9731,-0.2028,0.0690)",1,0,0,0,0,0,0
4,"Environment: 2, FiringMode: 2",9.444364,true,-1.550354,2.274003,1.015637,"(0.0650,0.9901,-0.1148,0.0469)",true,-1.318274,2.144956,0.7597872,"(0.1728,-0.9408,0.0301,-0.2900)",0,0,0,0,0,0,0,true,-1.704985,2.042285,0.7336807,"(0.0856,0.9731,-0.2027,0.0689)",0.9343101,0,0,0,0,0,0
4,"Environment: 2, FiringMode: 2",9.458325,true,-1.550461,2.274002,1.015724,"(0.0650,0.9902,-0.1147,0.0468)",true,-1.318116,2.14494,0.7600049,"(0.1744,-0.9403,0.0302,-0.2908)",0,0,0,0,0,0,0,true,-1.704825,2.042369,0.7337837,"(0.0865,0.9730,-0.2027,0.0683)",0.8747253,0,0,0,0,0,0
4,"Environment: 2, FiringMode: 2",9.472214,true,-1.550581,2.274028,1.01587,"(0.0649,0.9902,-0.1146,0.0467)",true,-1.317658,2.144939,0.7601388,"(0.1751,-0.9397,0.0298,-0.2922)",0,0,0,0,0,0,0,true,-1.704764,2.042259,0.7337991,"(0.0877,0.9730,-0.2024,0.0676)",0.6952381,0,0,0,0,0,0
4,"Environment: 2, FiringMode: 2",9.486142,true,-1.550718,2.27403,1.015977,"(0.0646,0.9902,-0.1147,0.0468)",true,-1.317235,2.145033,0.7602412,"(0.1748,-0.9395,0.0291,-0.2932)",0,0,0,0,0,0,0,true,-1.704731,2.042207,0.7338334,"(0.0875,0.9730,-0.2021,0.0684)",0.2373626,0,0,0,0,0,0
4,"Environment: 2, FiringMode: 2",9.500118,true,-1.55083,2.274,1.016027,"(0.0645,0.9902,-0.1149,0.0464)",true,-1.317145,2.145248,0.7605299,"(0.1743,-0.9393,0.0292,-0.2940)",0,0,0,0,0,0,0,true,-1.70464,2.042206,0.7339384,"(0.0872,0.9730,-0.2021,0.0691)",0.1172161,0,0,0,0,0,0
4,"Environment: 2, FiringMode: 2",9.513796,true,-1.550932,2.273953,1.016061,"(0.0643,0.9902,-0.1149,0.0466)",true,-1.317426,2.145561,0.7609782,"(0.1752,-0.9391,0.0285,-0.2942)",0,0,0,0,0,0,0,true,-1.704472,2.042172,0.7342175,"(0.0857,0.9729,-0.2025,0.0710)",0.0603174,0,0,0,0,0,0
4,"Environment: 2, FiringMode: 2",9.527877,true,-1.55103,2.273921,1.016088,"(0.0644,0.9902,-0.1148,0.0466)",true,-1.317779,2.1458,0.7613503,"(0.1755,-0.9391,0.0282,-0.2940)",0,0,0,0,0,0,0,true,-1.704261,2.042031,0.7342156,"(0.0857,0.9724,-0.2045,0.0724)",0,0,0,0,0,0,0
4,"Environment: 2, FiringMode: 2",9.541768,true,-1.551119,2.273894,1.016107,"(0.0644,0.9902,-0.1149,0.0467)",true,-1.31778,2.145818,0.7613981,"(0.1754,-0.9393,0.0281,-0.2936)",0,0,0,0,0,0,0,true,-1.704354,2.042145,0.7343205,"(0.0849,0.9728,-0.2032,0.0717)",0,0,0,0,0,0,0
4,"Environment: 2, FiringMode: 2",9.55557,true,-1.551211,2.273846,1.016173,"(0.0643,0.9902,-0.1150,0.0468)",true,-1.317694,2.145866,0.7615082,"(0.1754,-0.9394,0.0277,-0.2932)",0,0,0,0,0,0,0,true,-1.704326,2.042104,0.7343507,"(0.0847,0.9728,-0.2032,0.0719)",0,0,0,0,0,0,0
4,"Environment: 2, FiringMode: 2",9.569615,true,-1.551322,2.27376,1.016324,"(0.0639,0.9902,-0.1154,0.0468)",true,-1.31774,2.146032,0.7617632,"(0.1758,-0.9395,0.0272,-0.2928)",0,0,0,0,0,0,0,true,-1.704217,2.042125,0.7344702,"(0.0848,0.9728,-0.2031,0.0725)",0,0,0,0,0,0,0
4,"Environment: 2, FiringMode: 2",9.583566,true,-1.551413,2.273659,1.016481,"(0.0637,0.9901,-0.1156,0.0469)",true,-1.317881,2.146255,0.7620348,"(0.1764,-0.9395,0.0266,-0.2926)",0,0,0,0,0,0,0,true,-1.703866,2.042022,0.7347962,"(0.0850,0.9725,-0.2036,0.0748)",0,0,0,0,0,0,0
4,"Environment: 2, FiringMode: 2",9.597505,true,-1.551452,2.273614,1.016509,"(0.0636,0.9901,-0.1157,0.0470)",true,-1.31797,2.14649,0.762253,"(0.1772,-0.9393,0.0258,-0.2928)",0,0,0,0,0,0,0,true,-1.703526,2.042107,0.7350533,"(0.0849,0.9724,-0.2035,0.0764)",0,0,0,0,0,0,0
4,"Environment: 2, FiringMode: 2",9.611164,true,-1.551505,2.273551,1.01652,"(0.0638,0.9901,-0.1156,0.0472)",true,-1.317927,2.146596,0.7623155,"(0.1775,-0.9391,0.0255,-0.2931)",0,0,0,0,0,0,0,true,-1.703344,2.042205,0.7351737,"(0.0838,0.9725,-0.2033,0.0771)",0,0,0,0,0,0,0
4,"Environment: 2, FiringMode: 2",9.624948,true,-1.551552,2.273528,1.016529,"(0.0640,0.9901,-0.1157,0.0471)",true,-1.317909,2.146731,0.7623891,"(0.1779,-0.9389,0.0250,-0.2935)",0,0,0,0,0,0,0,true,-1.703206,2.042295,0.7352377,"(0.0836,0.9726,-0.2028,0.0771)",0,0,0,0,0,0,0
4,"Environment: 2, FiringMode: 2",9.638921,true,-1.55162,2.273491,1.016515,"(0.0638,0.9901,-0.1158,0.0471)",true,-1.317962,2.14687,0.7624441,"(0.1784,-0.9389,0.0242,-0.2935)",0,0,0,0,0,0,0,true,-1.703111,2.042403,0.7352674,"(0.0841,0.9726,-0.2025,0.0769)",0,0,0,0,0,0,0
4,"Environment: 2, FiringMode: 2",9.652356,true,-1.551696,2.273461,1.016513,"(0.0635,0.9901,-0.1159,0.0469)",true,-1.318012,2.146953,0.7624636,"(0.1787,-0.9388,0.0238,-0.2935)",0,0,0,0,0,0,0,true,-1.702971,2.042508,0.7353486,"(0.0844,0.9727,-0.2022,0.0770)",0,0,0,0,0,0,0
4,"Environment: 2, FiringMode: 2",9.666483,true,-1.551828,2.273427,1.016591,"(0.0631,0.9902,-0.1160,0.0464)",true,-1.318046,2.146946,0.7624296,"(0.1788,-0.9388,0.0239,-0.2934)",0,0,0,0,0,0,0,true,-1.702762,2.042649,0.7354901,"(0.0844,0.9727,-0.2017,0.0773)",0,0,0,0,0,0,0
4,"Environment: 2, FiringMode: 2",9.680426,true,-1.551966,2.273415,1.016663,"(0.0632,0.9901,-0.1162,0.0460)",true,-1.318112,2.146973,0.7623378,"(0.1796,-0.9387,0.0238,-0.2934)",0,0,0,0,0,0,0,true,-1.702534,2.042804,0.7356864,"(0.0839,0.9729,-0.2010,0.0780)",0,0,0,0,0,0,0
4,"Environment: 2, FiringMode: 2",9.694294,true,-1.552064,2.273411,1.016694,"(0.0634,0.9901,-0.1161,0.0459)",true,-1.318285,2.146878,0.7620695,"(0.1814,-0.9383,0.0237,-0.2934)",0,0,0,0,0,0,0,true,-1.702385,2.042926,0.7358629,"(0.0831,0.9729,-0.2008,0.0788)",0,0,0,0,0,0,0
4,"Environment: 2, FiringMode: 2",9.708482,true,-1.552133,2.273429,1.016694,"(0.0633,0.9902,-0.1162,0.0457)",true,-1.319145,2.146415,0.7612997,"(0.1885,-0.9372,0.0228,-0.2925)",0,0,0,0,0,0,0,true,-1.702314,2.043109,0.7359837,"(0.0823,0.9730,-0.2006,0.0792)",0,0,0,0,0,0,0
4,"Environment: 2, FiringMode: 2",9.722341,true,-1.552192,2.273462,1.016701,"(0.0630,0.9902,-0.1163,0.0454)",true,-1.319942,2.145844,0.7606705,"(0.1880,-0.9390,0.0212,-0.2872)",0,0,0,0,0,0,0,true,-1.702252,2.043383,0.7361323,"(0.0812,0.9732,-0.2000,0.0796)",0,0,0,0,0,0,0
4,"Environment: 2, FiringMode: 2",9.736101,true,-1.552242,2.273507,1.016702,"(0.0627,0.9902,-0.1161,0.0454)",true,-1.320793,2.145015,0.7595729,"(0.1863,-0.9405,0.0204,-0.2835)",0,0,0,0,0,0,0,true,-1.702246,2.043593,0.7362615,"(0.0806,0.9733,-0.1996,0.0800)",0,0,0,0,0,0,0
4,"Environment: 2, FiringMode: 2",9.75016,true,-1.552242,2.273558,1.01671,"(0.0623,0.9903,-0.1159,0.0453)",true,-1.322738,2.143823,0.7574239,"(0.1904,-0.9418,0.0218,-0.2763)",0,0,0,0,0,0,0,true,-1.702271,2.04373,0.7363717,"(0.0810,0.9734,-0.1990,0.0799)",0,0,0,0,0,0,0
4,"Environment: 2, FiringMode: 2",9.764225,true,-1.552327,2.273594,1.016815,"(0.0619,0.9903,-0.1156,0.0457)",true,-1.325222,2.142522,0.7556118,"(0.1943,-0.9438,0.0186,-0.2666)",0,0,0,0,0,0,0,true,-1.702327,2.043976,0.7365036,"(0.0811,0.9736,-0.1981,0.0798)",0,0,0,0,0,0,0
4,"Environment: 2, FiringMode: 2",9.778214,true,-1.552372,2.273636,1.016936,"(0.0615,0.9903,-0.1155,0.0459)",true,-1.32833,2.140554,0.7531075,"(0.1927,-0.9473,0.0198,-0.2551)",0,0,0,0,0,0,0,true,-1.702513,2.044408,0.736652,"(0.0805,0.9739,-0.1970,0.0793)",0,0,0,0,0,0,0
4,"Environment: 2, FiringMode: 2",9.791974,true,-1.552317,2.273684,1.016996,"(0.0611,0.9904,-0.1153,0.0462)",true,-1.332485,2.137994,0.7496459,"(0.1911,-0.9516,0.0242,-0.2394)",0,0,0,0,0,0,0,true,-1.702766,2.044779,0.736788,"(0.0797,0.9742,-0.1960,0.0788)",0,0,0,0,0,0,0
4,"Environment: 2, FiringMode: 2",9.80582,true,-1.552164,2.273738,1.017022,"(0.0607,0.9904,-0.1150,0.0465)",true,-1.33795,2.1349,0.7452329,"(0.1931,-0.9557,0.0277,-0.2204)",0,0,0,0,0,0,0,true,-1.70316,2.045232,0.7370696,"(0.0787,0.9745,-0.1946,0.0786)",0,0,0,0,0,0,0
4,"Environment: 2, FiringMode: 2",9.819813,true,-1.551986,2.273772,1.017034,"(0.0606,0.9904,-0.1147,0.0470)",true,-1.344323,2.131288,0.7400919,"(0.1919,-0.9606,0.0333,-0.1985)",0,0,0,0,0,0,0,true,-1.703645,2.045751,0.737474,"(0.0766,0.9749,-0.1935,0.0789)",0,0,0,0,0,0,0
4,"Environment: 2, FiringMode: 2",9.83353,true,-1.551779,2.273799,1.017035,"(0.0605,0.9905,-0.1143,0.0475)",true,-1.351844,2.126942,0.7345885,"(0.1881,-0.9661,0.0407,-0.1719)",0,0,0,0,0,0,0,true,-1.704223,2.046407,0.7379904,"(0.0740,0.9753,-0.1925,0.0791)",0,0,0,0,0,0,0
4,"Environment: 2, FiringMode: 2",9.847589,true,-1.551525,2.273783,1.017041,"(0.0607,0.9905,-0.1139,0.0480)",true,-1.360844,2.121924,0.7289279,"(0.1887,-0.9704,0.0479,-0.1427)",0,0,0,0,0,0,0,true,-1.704756,2.047108,0.7385458,"(0.0733,0.9758,-0.1905,0.0780)",0,0,0,0,0,0,0
4,"Environment: 2, FiringMode: 2",9.861487,true,-1.551305,2.273781,1.017131,"(0.0608,0.9904,-0.1141,0.0484)",true,-1.370379,2.116586,0.7233754,"(0.1892,-0.9741,0.0547,-0.1110)",0,0,0,0,0,0,0,true,-1.70537,2.047956,0.7390524,"(0.0738,0.9766,-0.1875,0.0751)",0,0,0,0,0,0,0
4,"Environment: 2, FiringMode: 2",9.875108,true,-1.551061,2.273723,1.017258,"(0.0608,0.9904,-0.1144,0.0486)",true,-1.381264,2.109634,0.7172674,"(0.1834,-0.9779,0.0670,-0.0742)",0,0,0,0,0,0,0,true,-1.705921,2.048716,0.7395003,"(0.0749,0.9774,-0.1841,0.0724)",0,0,0,0,0,0,0
4,"Environment: 2, FiringMode: 2",9.889221,true,-1.550812,2.27365,1.017325,"(0.0611,0.9903,-0.1145,0.0489)",true,-1.392292,2.102234,0.7111963,"(0.1835,-0.9789,0.0803,-0.0417)",0,0,0,0,0,0,0,true,-1.706395,2.049414,0.7399459,"(0.0761,0.9779,-0.1817,0.0704)",0,0,0,0,0,0,0
4,"Environment: 2, FiringMode: 2",9.903162,true,-1.550555,2.273589,1.017327,"(0.0616,0.9902,-0.1147,0.0497)",true,-1.404199,2.094491,0.7058575,"(0.1907,-0.9773,0.0920,-0.0109)",0,0,0,0,0,0,0,true,-1.706818,2.050304,0.7404872,"(0.0758,0.9784,-0.1795,0.0693)",0,0,0,0,0,0,0
4,"Environment: 2, FiringMode: 2",9.916961,true,-1.55029,2.273567,1.017295,"(0.0622,0.9902,-0.1143,0.0503)",true,-1.415602,2.086671,0.7011037,"(0.1981,-0.9747,0.1029,0.0150)",0,0,0,0,0,0,0,true,-1.707201,2.051244,0.7410481,"(0.0738,0.9789,-0.1777,0.0690)",0,0,0,0,0,0,0
4,"Environment: 2, FiringMode: 2",9.93103,true,-1.550062,2.273578,1.01722,"(0.0624,0.9902,-0.1139,0.0509)",true,-1.425944,2.078595,0.6966752,"(0.2055,-0.9712,0.1150,0.0374)",0,0,0,0,0,0,0,true,-1.70753,2.052022,0.7415125,"(0.0725,0.9792,-0.1767,0.0686)",0,0,0,0,0,0,0
4,"Environment: 2, FiringMode: 2",9.945053,true,-1.549876,2.27365,1.017092,"(0.0627,0.9902,-0.1134,0.0511)",true,-1.435269,2.069633,0.6922018,"(0.2209,-0.9658,0.1274,0.0480)",0,0,0,0,0,0,0,true,-1.707702,2.052684,0.7418859,"(0.0731,0.9794,-0.1754,0.0686)",0,0,0,0,0,0,0
4,"Environment: 2, FiringMode: 2",9.958897,true,-1.549764,2.273764,1.016995,"(0.0627,0.9903,-0.1130,0.0513)",true,-1.443581,2.061214,0.6877434,"(0.2362,-0.9604,0.1372,0.0559)",0,0,0,0,0,0,0,true,-1.707926,2.053373,0.7422585,"(0.0742,0.9797,-0.1736,0.0680)",0,0,0,0,0,0,0
4,"Environment: 2, FiringMode: 2",9.97267,true,-1.549741,2.273911,1.016901,"(0.0629,0.9903,-0.1128,0.0511)",true,-1.452242,2.054368,0.6854427,"(0.2488,-0.9559,0.1438,0.0603)",0,0,0,0,0,0,0,true,-1.708216,2.054179,0.7425873,"(0.0743,0.9799,-0.1725,0.0669)",0,0,0,0,0,0,0
4,"Environment: 2, FiringMode: 2",9.986727,true,-1.549775,2.274009,1.01679,"(0.0633,0.9903,-0.1126,0.0510)",true,-1.460084,2.048569,0.6832131,"(0.2544,-0.9533,0.1487,0.0667)",0,0,0,0,0,0,0,true,-1.708547,2.055027,0.7428989,"(0.0750,0.9803,-0.1704,0.0657)",0,0,0,0,0,0,0
4,"Environment: 2, FiringMode: 2",10.00056,true,-1.549876,2.274056,1.016631,"(0.0636,0.9903,-0.1125,0.0510)",true,-1.466055,2.044165,0.6812646,"(0.2505,-0.9530,0.1542,0.0725)",0,0,0,0,0,0,0,true,-1.708958,2.055663,0.743153,"(0.0756,0.9806,-0.1692,0.0645)",0,0,0,0,0,0,0
4,"Environment: 2, FiringMode: 2",10.01443,true,-1.549975,2.274091,1.016467,"(0.0638,0.9903,-0.1124,0.0509)",true,-1.471163,2.039725,0.6781252,"(0.2445,-0.9530,0.1606,0.0789)",0,0,0,0,0,0,0,true,-1.709396,2.056147,0.743368,"(0.0755,0.9807,-0.1686,0.0637)",0,0,0,0,0,0,0
4,"Environment: 2, FiringMode: 2",10.02839,true,-1.550137,2.2741,1.016286,"(0.0637,0.9903,-0.1124,0.0507)",true,-1.475448,2.036079,0.6752402,"(0.2395,-0.9535,0.1631,0.0827)",0,0,0,0,0,0,0,true,-1.709681,2.056575,0.7436377,"(0.0763,0.9808,-0.1677,0.0642)",0,0,0,0,0,0,0
4,"Environment: 2, FiringMode: 2",10.04248,true,-1.550326,2.274101,1.016095,"(0.0637,0.9903,-0.1125,0.0503)",true,-1.479603,2.032363,0.6720598,"(0.2424,-0.9530,0.1633,0.0797)",0,0,0,0,0,0,0,true,-1.709754,2.056684,0.7438017,"(0.0767,0.9806,-0.1680,0.0649)",0,0,0,0,0,0,0
4,"Environment: 2, FiringMode: 2",10.05633,true,-1.550585,2.274117,1.015916,"(0.0635,0.9903,-0.1128,0.0498)",true,-1.482638,2.028721,0.6684462,"(0.2468,-0.9525,0.1634,0.0712)",0,0,0,0,0,0,0,true,-1.710043,2.05704,0.7439682,"(0.0758,0.9808,-0.1678,0.0648)",0,0,0,0,0,0,0
4,"Environment: 2, FiringMode: 2",10.07034,true,-1.550898,2.274121,1.015745,"(0.0632,0.9904,-0.1129,0.0492)",true,-1.484912,2.024594,0.6651042,"(0.2543,-0.9507,0.1659,0.0624)",0,0,0,0,0,0,0,true,-1.71082,2.057865,0.7443392,"(0.0741,0.9812,-0.1661,0.0643)",0,0,0,0,0,0,0
4,"Environment: 2, FiringMode: 2",10.08421,true,-1.55121,2.274095,1.01553,"(0.0633,0.9904,-0.1129,0.0487)",true,-1.486434,2.020103,0.662533,"(0.2633,-0.9479,0.1707,0.0553)",0,0,0,0,0,0,0,true,-1.71128,2.058284,0.7445664,"(0.0737,0.9815,-0.1649,0.0642)",0,0,0,0,0,0,0
4,"Environment: 2, FiringMode: 2",10.09788,true,-1.55171,2.274085,1.015151,"(0.0636,0.9904,-0.1131,0.0481)",true,-1.487502,2.016085,0.660643,"(0.2740,-0.9445,0.1744,0.0499)",0,0,0,0,0,0,0,true,-1.711588,2.058395,0.7446752,"(0.0740,0.9815,-0.1648,0.0639)",0,0,0,0,0,0,0
4,"Environment: 2, FiringMode: 2",10.11161,true,-1.551993,2.274053,1.014832,"(0.0633,0.9905,-0.1128,0.0477)",true,-1.489275,2.012464,0.6585921,"(0.2800,-0.9425,0.1767,0.0466)",0,0,0,0,0,0,0,true,-1.711815,2.058544,0.7447952,"(0.0742,0.9815,-0.1646,0.0636)",0,0,0,0,0,0,0
4,"Environment: 2, FiringMode: 2",10.12551,true,-1.552194,2.273914,1.01465,"(0.0623,0.9906,-0.1128,0.0468)",true,-1.490288,2.010081,0.6570568,"(0.2808,-0.9424,0.1769,0.0428)",0,0,0,0,0,0,0,true,-1.712381,2.058858,0.7450773,"(0.0752,0.9817,-0.1634,0.0629)",0,0,0,0,0,0,0
4,"Environment: 2, FiringMode: 2",10.13943,true,-1.552489,2.273753,1.014527,"(0.0616,0.9906,-0.1135,0.0463)",true,-1.49195,2.007769,0.6551492,"(0.2812,-0.9424,0.1763,0.0411)",0,0,0,0,0,0,0,true,-1.712868,2.058906,0.7451959,"(0.0742,0.9818,-0.1634,0.0623)",0,0,0,0,0,0,0
4,"Environment: 2, FiringMode: 2",10.1532,true,-1.552781,2.273583,1.014353,"(0.0613,0.9905,-0.1143,0.0458)",true,-1.493648,2.005359,0.6536873,"(0.2797,-0.9424,0.1780,0.0440)",0,0,0,0,0,0,0,true,-1.713664,2.059092,0.7454559,"(0.0720,0.9820,-0.1632,0.0619)",0,0,0,0,0,0,0
4,"Environment: 2, FiringMode: 2",10.16733,true,-1.553165,2.273399,1.014199,"(0.0610,0.9904,-0.1151,0.0455)",true,-1.494745,2.002778,0.6530604,"(0.2775,-0.9417,0.1834,0.0505)",0,0,0,0,0,0,0,true,-1.71415,2.059211,0.7457263,"(0.0705,0.9821,-0.1628,0.0625)",0,0,0,0,0,0,0
4,"Environment: 2, FiringMode: 2",10.18133,true,-1.553552,2.273299,1.014046,"(0.0607,0.9904,-0.1155,0.0452)",true,-1.495371,2.000524,0.652862,"(0.2766,-0.9407,0.1882,0.0563)",0,0,0,0,0,0,0,true,-1.714264,2.059228,0.7458637,"(0.0703,0.9821,-0.1633,0.0627)",0,0,0,0,0,0,0
4,"Environment: 2, FiringMode: 2",10.19524,true,-1.553827,2.273224,1.013803,"(0.0601,0.9904,-0.1159,0.0445)",true,-1.495866,1.998854,0.6527073,"(0.2775,-0.9398,0.1901,0.0603)",0,0,0,0,0,0,0,true,-1.714445,2.059301,0.7460377,"(0.0701,0.9821,-0.1631,0.0629)",0,0,0,0,0,0,0
4,"Environment: 2, FiringMode: 2",10.20913,true,-1.554087,2.273124,1.013631,"(0.0595,0.9905,-0.1163,0.0437)",true,-1.496488,1.997452,0.6518965,"(0.2802,-0.9386,0.1915,0.0615)",0,0,0,0,0,0,0,true,-1.714778,2.059306,0.7462097,"(0.0697,0.9822,-0.1629,0.0626)",0,0,0,0,0,0,0
4,"Environment: 2, FiringMode: 2",10.22302,true,-1.554403,2.273,1.013449,"(0.0590,0.9905,-0.1166,0.0430)",true,-1.496847,1.996068,0.6508088,"(0.2828,-0.9374,0.1941,0.0593)",0,0,0,0,0,0,0,true,-1.715321,2.059318,0.7464755,"(0.0690,0.9823,-0.1626,0.0620)",0,0,0,0,0,0,0
4,"Environment: 2, FiringMode: 2",10.23684,true,-1.554693,2.272861,1.013262,"(0.0583,0.9905,-0.1169,0.0423)",true,-1.496616,1.995293,0.6501634,"(0.2865,-0.9367,0.1939,0.0550)",0,0,0,0,0,0,0,true,-1.715736,2.059385,0.7467406,"(0.0686,0.9824,-0.1622,0.0616)",0,0,0,0,0,0,0
4,"Environment: 2, FiringMode: 2",10.25094,true,-1.554945,2.272799,1.01312,"(0.0579,0.9906,-0.1172,0.0414)",true,-1.496407,1.995004,0.6499137,"(0.2896,-0.9363,0.1918,0.0522)",0,0,0,0,0,0,0,true,-1.716019,2.059428,0.7469485,"(0.0685,0.9825,-0.1619,0.0612)",0,0,0,0,0,0,0
4,"Environment: 2, FiringMode: 2",10.26487,true,-1.555351,2.272695,1.012952,"(0.0574,0.9906,-0.1175,0.0405)",true,-1.496383,1.994976,0.6496717,"(0.2893,-0.9366,0.1910,0.0518)",0,0,0,0,0,0,0,true,-1.716339,2.059434,0.7471787,"(0.0684,0.9826,-0.1617,0.0608)",0,0,0,0,0,0,0
4,"Environment: 2, FiringMode: 2",10.27871,true,-1.555665,2.272651,1.012854,"(0.0572,0.9906,-0.1177,0.0395)",true,-1.496855,1.995064,0.6491202,"(0.2878,-0.9370,0.1908,0.0533)",0,0,0,0,0,0,0,true,-1.716735,2.059406,0.7474308,"(0.0681,0.9827,-0.1614,0.0605)",0,0,0,0,0,0,0
4,"Environment: 2, FiringMode: 2",10.2925,true,-1.555936,2.272551,1.012731,"(0.0566,0.9907,-0.1179,0.0383)",true,-1.496757,1.995943,0.6494548,"(0.2852,-0.9377,0.1904,0.0555)",0,0,0,0,0,0,0,true,-1.717293,2.059375,0.747766,"(0.0672,0.9828,-0.1614,0.0601)",0,0,0,0,0,0,0
4,"Environment: 2, FiringMode: 2",10.30652,true,-1.556192,2.272509,1.012568,"(0.0560,0.9907,-0.1180,0.0372)",true,-1.496523,1.996286,0.6497382,"(0.2840,-0.9381,0.1900,0.0562)",0,0,0,0,0,0,0,true,-1.717663,2.059433,0.7480748,"(0.0667,0.9829,-0.1611,0.0599)",0,0,0,0,0,0,0
4,"Environment: 2, FiringMode: 2",10.32049,true,-1.556385,2.272543,1.012333,"(0.0558,0.9908,-0.1181,0.0363)",true,-1.496446,1.99647,0.6496922,"(0.2827,-0.9386,0.1895,0.0569)",0,0,0,0,0,0,0,true,-1.718033,2.059495,0.7484093,"(0.0663,0.9829,-0.1609,0.0596)",0,0,0,0,0,0,0
4,"Environment: 2, FiringMode: 2",10.33404,true,-1.556537,2.272464,1.012216,"(0.0554,0.9908,-0.1181,0.0352)",true,-1.496534,1.996706,0.6491814,"(0.2816,-0.9390,0.1887,0.0575)",0,0,0,0,0,0,0,true,-1.718409,2.059484,0.7486709,"(0.0661,0.9830,-0.1609,0.0591)",0,0,0,0,0,0,0
4,"Environment: 2, FiringMode: 2",10.34789,true,-1.556738,2.272376,1.012041,"(0.0551,0.9909,-0.1182,0.0344)",true,-1.496641,1.996835,0.6487451,"(0.2818,-0.9391,0.1879,0.0574)",0,0,0,0,0,0,0,true,-1.718694,2.059463,0.7488669,"(0.0664,0.9830,-0.1605,0.0588)",0,0,0,0,0,0,0
4,"Environment: 2, FiringMode: 2",10.36188,true,-1.55705,2.272343,1.011883,"(0.0550,0.9909,-0.1186,0.0333)",true,-1.496663,1.996914,0.6483012,"(0.2816,-0.9393,0.1875,0.0574)",0,0,0,0,0,0,0,true,-1.719248,2.0594,0.7491678,"(0.0667,0.9831,-0.1603,0.0578)",0,0,0,0,0,0,0
4,"Environment: 2, FiringMode: 2",10.37563,true,-1.55727,2.272317,1.011728,"(0.0547,0.9909,-0.1186,0.0323)",true,-1.496484,1.996963,0.6480274,"(0.2807,-0.9395,0.1877,0.0576)",0,0,0,0,0,0,0,true,-1.719853,2.0594,0.749447,"(0.0666,0.9832,-0.1602,0.0567)",0,0,0,0,0,0,0
4,"Environment: 2, FiringMode: 2",10.3897,true,-1.557397,2.27229,1.011532,"(0.0541,0.9910,-0.1183,0.0313)",true,-1.496392,1.996929,0.6476861,"(0.2800,-0.9396,0.1879,0.0582)",0,0,0,0,0,0,0,true,-1.720352,2.059447,0.7496558,"(0.0661,0.9833,-0.1601,0.0560)",0,0,0,0,0,0,0
4,"Environment: 2, FiringMode: 2",10.40363,true,-1.557463,2.272295,1.01132,"(0.0539,0.9911,-0.1181,0.0306)",true,-1.4965,1.996758,0.647091,"(0.2795,-0.9398,0.1875,0.0594)",0,0,0,0,0,0,0,true,-1.720777,2.059462,0.7497631,"(0.0656,0.9833,-0.1601,0.0556)",0,0,0,0,0,0,0
4,"Environment: 2, FiringMode: 2",10.41748,true,-1.557506,2.272326,1.011099,"(0.0541,0.9911,-0.1182,0.0303)",true,-1.496835,1.996437,0.6461366,"(0.2780,-0.9404,0.1861,0.0613)",0,0,0,0,0,0,0,true,-1.721213,2.059469,0.7498454,"(0.0652,0.9834,-0.1601,0.0553)",0,0,0,0,0,0,0
4,"Environment: 2, FiringMode: 2",10.43158,true,-1.557515,2.272347,1.010904,"(0.0541,0.9911,-0.1180,0.0297)",true,-1.497223,1.996046,0.6452118,"(0.2753,-0.9412,0.1853,0.0637)",0,0,0,0,0,0,0,true,-1.721653,2.059486,0.7499211,"(0.0650,0.9834,-0.1602,0.0547)",0,0,0,0,0,0,0
4,"Environment: 2, FiringMode: 2",10.44556,true,-1.557503,2.272363,1.010707,"(0.0540,0.9911,-0.1180,0.0295)",true,-1.497615,1.995223,0.6445396,"(0.2728,-0.9411,0.1884,0.0673)",0,0,0,0,0,0,0,true,-1.722153,2.059566,0.7500148,"(0.0648,0.9835,-0.1601,0.0539)",0,0,0,0,0,0,0
4,"Environment: 2, FiringMode: 2",10.45946,true,-1.557504,2.272333,1.010576,"(0.0538,0.9911,-0.1181,0.0292)",true,-1.497988,1.994289,0.6442936,"(0.2743,-0.9404,0.1892,0.0686)",0,0,0,0,0,0,0,true,-1.722575,2.059658,0.7500907,"(0.0647,0.9836,-0.1600,0.0532)",0,0,0,0,0,0,0
4,"Environment: 2, FiringMode: 2",10.47326,true,-1.557486,2.272265,1.010469,"(0.0536,0.9911,-0.1181,0.0288)",true,-1.49845,1.99338,0.6437026,"(0.2741,-0.9402,0.1895,0.0702)",0.0617826,0,0,0,0,0,0,true,-1.723037,2.05976,0.7501296,"(0.0642,0.9836,-0.1599,0.0524)",0,0,0,0,0,0,0
4,"Environment: 2, FiringMode: 2",10.48719,true,-1.557467,2.27221,1.010319,"(0.0535,0.9911,-0.1183,0.0286)",true,-1.498919,1.992748,0.6428461,"(0.2718,-0.9409,0.1890,0.0709)",0.1536019,0,0,0,0,0,0,true,-1.723317,2.05985,0.7501544,"(0.0637,0.9837,-0.1597,0.0522)",0,0,0,0,0,0,0
4,"Environment: 2, FiringMode: 2",10.50123,true,-1.557423,2.272149,1.010134,"(0.0535,0.9911,-0.1182,0.0283)",true,-1.499048,1.992366,0.6422335,"(0.2669,-0.9419,0.1909,0.0717)",0.2700855,0,0,0,0,0,0,true,-1.723469,2.059891,0.7501965,"(0.0634,0.9837,-0.1598,0.0521)",0,0,0,0,0,0,0
4,"Environment: 2, FiringMode: 2",10.51735,true,-1.557408,2.272073,1.009933,"(0.0534,0.9911,-0.1184,0.0281)",true,-1.498947,1.991966,0.6420711,"(0.2636,-0.9423,0.1932,0.0728)",0.5658119,0,0,0,0,0,0,true,-1.723626,2.059972,0.7502909,"(0.0634,0.9838,-0.1597,0.0520)",0,0,0,0,0,0,0
4,"Environment: 2, FiringMode: 2",10.52902,true,-1.557419,2.272001,1.009744,"(0.0535,0.9911,-0.1188,0.0277)",true,-1.498883,1.991223,0.6419851,"(0.2659,-0.9415,0.1942,0.0721)",0.7440782,0,0,0,0,0,0,true,-1.723858,2.060053,0.7503536,"(0.0632,0.9838,-0.1595,0.0516)",0,0,0,0,0,0,0
4,"Environment: 2, FiringMode: 2",10.54251,true,-1.557458,2.271919,1.009577,"(0.0537,0.9911,-0.1191,0.0273)",true,-1.499034,1.989804,0.6415043,"(0.2723,-0.9391,0.1968,0.0719)",0.9343101,0,0,0,0,0,0,true,-1.724211,2.06013,0.7503278,"(0.0631,0.9839,-0.1593,0.0506)",0,0,0,0,0,0,0
4,"Environment: 2, FiringMode: 2",10.55616,true,-1.557506,2.27186,1.009401,"(0.0536,0.9910,-0.1194,0.0265)",true,-1.499086,1.988801,0.6408472,"(0.2749,-0.9379,0.1992,0.0706)",0.9623932,0,0,0,0,0,0,true,-1.724422,2.060175,0.7503177,"(0.0632,0.9840,-0.1589,0.0499)",0,0,0,0,0,0,0
4,"Environment: 2, FiringMode: 2",10.57033,true,-1.557591,2.271804,1.009215,"(0.0534,0.9911,-0.1195,0.0261)",true,-1.499219,1.988402,0.6406027,"(0.2767,-0.9375,0.1994,0.0691)",0.971917,0,0,0,0,0,0,true,-1.724479,2.06021,0.7503716,"(0.0631,0.9840,-0.1590,0.0497)",0,0,0,0,0,0,0
4,"Environment: 2, FiringMode: 2",10.58407,true,-1.557676,2.271774,1.009027,"(0.0534,0.9911,-0.1194,0.0256)",true,-1.499552,1.988465,0.6405818,"(0.2776,-0.9375,0.1984,0.0691)",0.9709402,0,0,0,0,0,0,true,-1.72454,2.060279,0.7504627,"(0.0628,0.9840,-0.1590,0.0496)",0,0,0,0,0,0,0
4,"Environment: 2, FiringMode: 2",10.59796,true,-1.557744,2.27174,1.00883,"(0.0533,0.9911,-0.1196,0.0252)",true,-1.49965,1.989285,0.6410494,"(0.2753,-0.9382,0.1979,0.0697)",0.9672772,0,0,0,0,0,0,true,-1.724577,2.060321,0.7505205,"(0.0627,0.9841,-0.1588,0.0495)",0,0,0,0,0,0,0
4,"Environment: 2, FiringMode: 2",10.61189,true,-1.557841,2.271683,1.008644,"(0.0529,0.9911,-0.1197,0.0249)",true,-1.499682,1.989712,0.6411774,"(0.2737,-0.9387,0.1973,0.0701)",0.9592186,0,0,0,0,0,0,true,-1.724676,2.060317,0.7505391,"(0.0625,0.9841,-0.1589,0.0493)",0,0,0,0,0,0,0
4,"Environment: 2, FiringMode: 2",10.62597,true,-1.557937,2.271627,1.008481,"(0.0525,0.9911,-0.1201,0.0244)",true,-1.499906,1.989789,0.6409481,"(0.2733,-0.9389,0.1967,0.0706)",0.9189255,0,0,0,0,0,0,true,-1.724742,2.060299,0.7505594,"(0.0624,0.9841,-0.1589,0.0492)",0,0,0,0,0,0,0
4,"Environment: 2, FiringMode: 2",10.63982,true,-1.55805,2.271547,1.008348,"(0.0522,0.9910,-0.1205,0.0239)",true,-1.500255,1.990222,0.6413094,"(0.2732,-0.9390,0.1965,0.0706)",0.797558,0,0,0,0,0,0,true,-1.72476,2.060305,0.7506219,"(0.0625,0.9841,-0.1588,0.0492)",0,0,0,0,0,0,0
4,"Environment: 2, FiringMode: 2",10.65422,true,-1.558149,2.27146,1.008217,"(0.0520,0.9911,-0.1207,0.0235)",true,-1.500564,1.990614,0.6415935,"(0.2733,-0.9391,0.1960,0.0704)",0.4954823,0,0,0,0,0,0,true,-1.724782,2.06029,0.7506859,"(0.0624,0.9841,-0.1588,0.0493)",0,0,0,0,0,0,0
4,"Environment: 2, FiringMode: 2",10.66769,true,-1.558207,2.271351,1.008103,"(0.0518,0.9910,-0.1209,0.0233)",true,-1.500977,1.991108,0.6415784,"(0.2738,-0.9393,0.1949,0.0697)",0.3294261,0,0,0,0,0,0,true,-1.724815,2.060239,0.7507512,"(0.0623,0.9841,-0.1588,0.0494)",0,0,0,0,0,0,0
4,"Environment: 2, FiringMode: 2",10.68142,true,-1.558271,2.271254,1.007993,"(0.0516,0.9910,-0.1210,0.0228)",true,-1.501075,1.991299,0.6414469,"(0.2733,-0.9395,0.1943,0.0702)",0.1731379,0,0,0,0,0,0,true,-1.724844,2.060195,0.7507654,"(0.0623,0.9841,-0.1588,0.0494)",0,0,0,0,0,0,0
4,"Environment: 2, FiringMode: 2",10.69506,true,-1.558366,2.271163,1.007904,"(0.0513,0.9910,-0.1214,0.0224)",true,-1.501139,1.991404,0.6414663,"(0.2731,-0.9395,0.1944,0.0705)",0,0,0,0,0,0,0,true,-1.724931,2.060084,0.7507623,"(0.0621,0.9842,-0.1587,0.0490)",0,0,0,0,0,0,0
4,"Environment: 2, FiringMode: 2",10.70903,true,-1.558457,2.271057,1.007839,"(0.0514,0.9910,-0.1217,0.0222)",true,-1.501451,1.991764,0.6418462,"(0.2737,-0.9394,0.1940,0.0714)",0,0,0,0,0,0,0,true,-1.724972,2.060037,0.7507827,"(0.0619,0.9842,-0.1586,0.0488)",0,0,0,0,0,0,0
4,"Environment: 2, FiringMode: 2",10.7228,true,-1.558537,2.270956,1.007797,"(0.0511,0.9910,-0.1219,0.0220)",true,-1.50183,1.992113,0.6424136,"(0.2745,-0.9390,0.1938,0.0733)",0,0,0,0,0,0,0,true,-1.724997,2.059986,0.750825,"(0.0616,0.9842,-0.1586,0.0487)",0,0,0,0,0,0,0
4,"Environment: 2, FiringMode: 2",10.73659,true,-1.558603,2.270866,1.007765,"(0.0509,0.9910,-0.1222,0.0221)",true,-1.501835,1.992206,0.6425596,"(0.2746,-0.9390,0.1937,0.0733)",0,0,0,0,0,0,0,true,-1.725011,2.059934,0.7508417,"(0.0615,0.9842,-0.1587,0.0487)",0,0,0,0,0,0,0
4,"Environment: 2, FiringMode: 2",10.75072,true,-1.558666,2.270808,1.007729,"(0.0507,0.9910,-0.1221,0.0221)",true,-1.501768,1.992207,0.6424944,"(0.2748,-0.9390,0.1934,0.0734)",0,0,0,0,0,0,0,true,-1.725013,2.059879,0.7508575,"(0.0614,0.9842,-0.1586,0.0487)",0,0,0,0,0,0,0
4,"Environment: 2, FiringMode: 2",10.76468,true,-1.55874,2.270796,1.007654,"(0.0509,0.9909,-0.1223,0.0220)",true,-1.501751,1.992318,0.6425661,"(0.2750,-0.9390,0.1933,0.0734)",0,0,0,0,0,0,0,true,-1.725012,2.059824,0.7508616,"(0.0614,0.9842,-0.1585,0.0486)",0,0,0,0,0,0,0
4,"Environment: 2, FiringMode: 2",10.7787,true,-1.558807,2.270815,1.007621,"(0.0507,0.9910,-0.1223,0.0219)",true,-1.501817,1.992703,0.6429582,"(0.2753,-0.9389,0.1930,0.0735)",0,0,0,0,0,0,0,true,-1.725016,2.059731,0.750836,"(0.0614,0.9842,-0.1585,0.0485)",0,0,0,0,0,0,0
4,"Environment: 2, FiringMode: 2",10.79253,true,-1.558852,2.270813,1.007657,"(0.0504,0.9909,-0.1225,0.0217)",true,-1.501824,1.993093,0.6433809,"(0.2754,-0.9389,0.1928,0.0738)",0,0,0,0,0,0,0,true,-1.724995,2.059651,0.7508349,"(0.0615,0.9843,-0.1584,0.0484)",0,0,0,0,0,0,0
4,"Environment: 2, FiringMode: 2",10.80663,true,-1.558915,2.270805,1.007667,"(0.0503,0.9910,-0.1225,0.0217)",true,-1.50163,1.993239,0.643425,"(0.2754,-0.9390,0.1925,0.0740)",0,0,0,0,0,0,0,true,-1.724949,2.059585,0.7508844,"(0.0616,0.9843,-0.1584,0.0485)",0,0,0,0,0,0,0
4,"Environment: 2, FiringMode: 2",10.82061,true,-1.558986,2.270857,1.007679,"(0.0504,0.9910,-0.1224,0.0217)",true,-1.501391,1.993317,0.6433616,"(0.2754,-0.9390,0.1922,0.0739)",0,0,0,0,0,0,0,true,-1.724883,2.059498,0.7509627,"(0.0616,0.9842,-0.1585,0.0487)",0,0,0,0,0,0,0
4,"Environment: 2, FiringMode: 2",10.83452,true,-1.55906,2.270944,1.007676,"(0.0506,0.9910,-0.1220,0.0218)",true,-1.501053,1.993519,0.6433098,"(0.2756,-0.9391,0.1918,0.0734)",0,0,0,0,0,0,0,true,-1.7248,2.059393,0.7510346,"(0.0613,0.9842,-0.1585,0.0493)",0,0,0,0,0,0,0
4,"Environment: 2, FiringMode: 2",10.84843,true,-1.559099,2.270977,1.007703,"(0.0501,0.9911,-0.1216,0.0216)",true,-1.500703,1.993818,0.6433388,"(0.2757,-0.9392,0.1912,0.0730)",0,0,0,0,0,0,0,true,-1.724754,2.059294,0.7510228,"(0.0609,0.9842,-0.1587,0.0500)",0,0,0,0,0,0,0
4,"Environment: 2, FiringMode: 2",10.86233,true,-1.559139,2.270984,1.00774,"(0.0499,0.9911,-0.1219,0.0215)",true,-1.5004,1.99407,0.6434166,"(0.2754,-0.9393,0.1911,0.0730)",0,0,0,0,0,0,0,true,-1.72474,2.059206,0.7509615,"(0.0608,0.9841,-0.1589,0.0503)",0,0,0,0,0,0,0
4,"Environment: 2, FiringMode: 2",10.87612,true,-1.559201,2.270992,1.007816,"(0.0501,0.9910,-0.1221,0.0215)",true,-1.499812,1.994316,0.6433755,"(0.2750,-0.9395,0.1908,0.0729)",0,0,0,0,0,0,0,true,-1.724693,2.059095,0.7509718,"(0.0610,0.9841,-0.1591,0.0504)",0,0,0,0,0,0,0
4,"Environment: 2, FiringMode: 2",10.89018,true,-1.559282,2.271021,1.007913,"(0.0501,0.9910,-0.1223,0.0216)",true,-1.499217,1.994577,0.643348,"(0.2746,-0.9397,0.1904,0.0729)",0,0,0,0,0,0,0,true,-1.724668,2.059027,0.7509865,"(0.0612,0.9841,-0.1591,0.0505)",0,0,0,0,0,0,0
4,"Environment: 2, FiringMode: 2",10.90408,true,-1.559329,2.271064,1.008009,"(0.0499,0.9910,-0.1220,0.0215)",true,-1.498915,1.995653,0.6443539,"(0.2743,-0.9400,0.1898,0.0723)",0,0,0,0,0,0,0,true,-1.724696,2.058955,0.7509586,"(0.0612,0.9841,-0.1592,0.0504)",0,0,0,0,0,0,0
4,"Environment: 2, FiringMode: 2",10.918,true,-1.559375,2.271111,1.008116,"(0.0497,0.9911,-0.1215,0.0214)",true,-1.498827,1.99645,0.6452168,"(0.2741,-0.9401,0.1897,0.0719)",0,0,0,0,0,0,0,true,-1.72474,2.058893,0.7509372,"(0.0611,0.9841,-0.1592,0.0503)",0,0,0,0,0,0,0
4,"Environment: 2, FiringMode: 2",10.93181,true,-1.559408,2.271135,1.008245,"(0.0496,0.9911,-0.1213,0.0216)",true,-1.498475,1.997102,0.645889,"(0.2738,-0.9402,0.1897,0.0718)",0,0,0,0,0,0,0,true,-1.724787,2.058851,0.7509345,"(0.0610,0.9841,-0.1592,0.0502)",0,0,0,0,0,0,0
4,"Environment: 2, FiringMode: 2",10.94595,true,-1.559455,2.271153,1.008384,"(0.0495,0.9911,-0.1215,0.0216)",true,-1.497601,1.997428,0.6459437,"(0.2735,-0.9403,0.1894,0.0718)",0,0,0,0,0,0,0,true,-1.724814,2.058837,0.7509633,"(0.0608,0.9841,-0.1592,0.0502)",0,0,0,0,0,0,0
4,"Environment: 2, FiringMode: 2",10.95982,true,-1.559495,2.271217,1.008474,"(0.0495,0.9911,-0.1215,0.0217)",true,-1.495948,1.998124,0.645915,"(0.2723,-0.9408,0.1887,0.0709)",0,0,0,0,0,0,0,true,-1.724847,2.058851,0.7510114,"(0.0606,0.9841,-0.1591,0.0502)",0,0,0,0,0,0,0
4,"Environment: 2, FiringMode: 2",10.9736,true,-1.559529,2.271281,1.008543,"(0.0495,0.9911,-0.1214,0.0217)",true,-1.493914,1.999762,0.646484,"(0.2701,-0.9418,0.1879,0.0685)",0,0,0,0,0,0,0,true,-1.724888,2.058829,0.7510082,"(0.0605,0.9841,-0.1590,0.0502)",0,0,0,0,0,0,0
4,"Environment: 2, FiringMode: 2",10.98742,true,-1.559557,2.271338,1.008629,"(0.0495,0.9911,-0.1213,0.0219)",true,-1.492333,2.00124,0.6471696,"(0.2694,-0.9422,0.1874,0.0672)",0,0,0,0,0,0,0,true,-1.724926,2.058804,0.7510241,"(0.0606,0.9841,-0.1589,0.0504)",0,0,0,0,0,0,0
4,"Environment: 2, FiringMode: 2",11.0013,true,-1.559584,2.27138,1.008719,"(0.0496,0.9912,-0.1210,0.0221)",true,-1.491259,2.002127,0.6476976,"(0.2708,-0.9419,0.1872,0.0672)",0,0,0,0,0,0,0,true,-1.724961,2.058795,0.7510765,"(0.0606,0.9841,-0.1589,0.0505)",0,0,0,0,0,0,0
4,"Environment: 2, FiringMode: 2",11.01503,true,-1.5596,2.27145,1.008765,"(0.0497,0.9912,-0.1209,0.0222)",true,-1.488408,2.003803,0.6480744,"(0.2716,-0.9418,0.1866,0.0671)",0,0,0,0,0,0,0,true,-1.725001,2.058794,0.7511477,"(0.0606,0.9841,-0.1589,0.0507)",0,0,0,0,0,0,0
4,"Environment: 2, FiringMode: 2",11.02911,true,-1.559637,2.271536,1.008763,"(0.0499,0.9912,-0.1204,0.0227)",true,-1.483345,2.007128,0.6486467,"(0.2706,-0.9426,0.1848,0.0642)",0,0,0,0,0,0,0,true,-1.725094,2.05879,0.7512358,"(0.0608,0.9841,-0.1588,0.0508)",0,0,0,0,0,0,0
4,"Environment: 2, FiringMode: 2",11.04309,true,-1.559677,2.271622,1.00874,"(0.0500,0.9913,-0.1200,0.0229)",true,-1.4783,2.01128,0.6494036,"(0.2691,-0.9442,0.1814,0.0562)",0,0,0,0,0,0,0,true,-1.725227,2.058794,0.7512651,"(0.0608,0.9841,-0.1587,0.0509)",0,0,0,0,0,0,0
4,"Environment: 2, FiringMode: 2",11.05685,true,-1.559716,2.271703,1.008675,"(0.0501,0.9912,-0.1200,0.0232)",true,-1.472512,2.016288,0.6500905,"(0.2676,-0.9462,0.1762,0.0454)",0,0,0,0,0,0,0,true,-1.725674,2.058829,0.7513603,"(0.0602,0.9842,-0.1587,0.0507)",0,0,0,0,0,0,0
4,"Environment: 2, FiringMode: 2",11.07105,true,-1.55978,2.271758,1.008583,"(0.0502,0.9912,-0.1201,0.0234)",true,-1.465973,2.021683,0.6506191,"(0.2662,-0.9484,0.1693,0.0314)",0,0,0,0,0,0,0,true,-1.726071,2.05886,0.7514402,"(0.0599,0.9843,-0.1586,0.0501)",0,0,0,0,0,0,0
4,"Environment: 2, FiringMode: 2",11.0848,true,-1.559867,2.271804,1.008486,"(0.0501,0.9912,-0.1201,0.0236)",true,-1.458943,2.027192,0.651278,"(0.2647,-0.9504,0.1624,0.0173)",0,0,0,0,0,0,0,true,-1.726568,2.05887,0.7515382,"(0.0599,0.9843,-0.1584,0.0493)",0,0,0,0,0,0,0
4,"Environment: 2, FiringMode: 2",11.09853,true,-1.559987,2.271797,1.008417,"(0.0497,0.9912,-0.1202,0.0237)",true,-1.451337,2.032986,0.6524889,"(0.2629,-0.9521,0.1559,0.0034)",0,0,0,0,0,0,0,true,-1.726996,2.058831,0.7515851,"(0.0598,0.9843,-0.1584,0.0489)",0,0,0,0,0,0,0
4,"Environment: 2, FiringMode: 2",11.11227,true,-1.560089,2.271789,1.008369,"(0.0493,0.9913,-0.1201,0.0236)",true,-1.444009,2.038371,0.6538792,"(0.2598,-0.9538,0.1506,-0.0089)",0,0,0,0,0,0,0,true,-1.72727,2.058775,0.7515922,"(0.0596,0.9843,-0.1586,0.0489)",0,0,0,0,0,0,0
4,"Environment: 2, FiringMode: 2",11.12634,true,-1.560185,2.27176,1.00832,"(0.0489,0.9913,-0.1202,0.0234)",true,-1.436333,2.043706,0.6556664,"(0.2569,-0.9552,0.1452,-0.0216)",0,0,0,0,0,0,0,true,-1.727764,2.058693,0.751578,"(0.0592,0.9843,-0.1588,0.0489)",0,0,0,0,0,0,0
4,"Environment: 2, FiringMode: 2",11.14034,true,-1.560271,2.271708,1.008302,"(0.0488,0.9913,-0.1204,0.0233)",true,-1.428538,2.048441,0.6575737,"(0.2554,-0.9560,0.1401,-0.0349)",0,0,0,0,0,0,0,true,-1.728362,2.058619,0.7515092,"(0.0583,0.9843,-0.1592,0.0486)",0,0,0,0,0,0,0
4,"Environment: 2, FiringMode: 2",11.15417,true,-1.560335,2.271647,1.008293,"(0.0484,0.9912,-0.1210,0.0232)",true,-1.421328,2.052883,0.6592818,"(0.2538,-0.9567,0.1348,-0.0468)",0,0,0,0,0,0,0,true,-1.728728,2.058589,0.7514213,"(0.0577,0.9844,-0.1591,0.0481)",0,0,0,0,0,0,0
4,"Environment: 2, FiringMode: 2",11.16825,true,-1.560313,2.271564,1.00829,"(0.0481,0.9912,-0.1214,0.0230)",true,-1.414202,2.057091,0.6613849,"(0.2520,-0.9573,0.1296,-0.0581)",0,0,0,0,0,0,0,true,-1.729058,2.058548,0.7512931,"(0.0577,0.9844,-0.1590,0.0475)",0,0,0,0,0,0,0
4,"Environment: 2, FiringMode: 2",11.18219,true,-1.560281,2.271471,1.008309,"(0.0477,0.9911,-0.1218,0.0228)",true,-1.407223,2.061013,0.6636592,"(0.2472,-0.9583,0.1259,-0.0680)",0,0,0,0,0,0,0,true,-1.729268,2.058493,0.7512053,"(0.0579,0.9845,-0.1590,0.0471)",0,0,0,0,0,0,0
4,"Environment: 2, FiringMode: 2",11.19597,true,-1.560238,2.271325,1.008384,"(0.0474,0.9911,-0.1221,0.0225)",true,-1.400354,2.064599,0.6659958,"(0.2426,-0.9592,0.1228,-0.0777)",0,0,0,0,0,0,0,true,-1.729491,2.058435,0.7510787,"(0.0580,0.9845,-0.1590,0.0466)",0,0,0,0,0,0,0
4,"Environment: 2, FiringMode: 2",11.21008,true,-1.560166,2.271219,1.008446,"(0.0474,0.9911,-0.1225,0.0224)",true,-1.393554,2.067753,0.6680503,"(0.2375,-0.9601,0.1191,-0.0871)",0,0,0,0,0,0,0,true,-1.729583,2.05842,0.7509549,"(0.0576,0.9845,-0.1590,0.0464)",0,0,0,0,0,0,0
4,"Environment: 2, FiringMode: 2",11.22411,true,-1.560067,2.271139,1.008511,"(0.0476,0.9911,-0.1226,0.0224)",true,-1.387028,2.070666,0.6699924,"(0.2330,-0.9607,0.1153,-0.0974)",0,0,0,0,0,0,0,true,-1.729601,2.058402,0.7508306,"(0.0573,0.9845,-0.1591,0.0464)",0,0,0,0,0,0,0
4,"Environment: 2, FiringMode: 2",11.23794,true,-1.559932,2.271075,1.008572,"(0.0477,0.9910,-0.1226,0.0225)",true,-1.38113,2.073623,0.6723318,"(0.2287,-0.9610,0.1128,-0.1072)",0,0,0,0,0,0,0,true,-1.72955,2.05845,0.7507194,"(0.0571,0.9845,-0.1591,0.0465)",0,0,0,0,0,0,0
4,"Environment: 2, FiringMode: 2",11.25168,true,-1.559777,2.271025,1.008614,"(0.0478,0.9910,-0.1230,0.0226)",true,-1.375714,2.076294,0.6747569,"(0.2255,-0.9609,0.1106,-0.1162)",0,0,0,0,0,0,0,true,-1.729444,2.05852,0.7506094,"(0.0570,0.9845,-0.1591,0.0466)",0,0,0,0,0,0,0
4,"Environment: 2, FiringMode: 2",11.26561,true,-1.559629,2.270956,1.008604,"(0.0478,0.9910,-0.1230,0.0226)",true,-1.370594,2.078509,0.6769431,"(0.2228,-0.9608,0.1085,-0.1241)",0,0,0,0,0,0,0,true,-1.729311,2.05857,0.7505155,"(0.0570,0.9845,-0.1591,0.0467)",0,0,0,0,0,0,0
4,"Environment: 2, FiringMode: 2",11.27957,true,-1.55947,2.270914,1.008584,"(0.0481,0.9910,-0.1231,0.0226)",true,-1.365372,2.080342,0.6787261,"(0.2193,-0.9608,0.1069,-0.1316)",0,0,0,0,0,0,0,true,-1.729145,2.058598,0.7504033,"(0.0572,0.9845,-0.1590,0.0468)",0,0,0,0,0,0,0
4,"Environment: 2, FiringMode: 2",11.29327,true,-1.559281,2.270875,1.008603,"(0.0482,0.9909,-0.1232,0.0227)",true,-1.360733,2.08169,0.6803575,"(0.2162,-0.9606,0.1060,-0.1389)",0,0,0,0,0,0,0,true,-1.728914,2.058678,0.7502609,"(0.0573,0.9845,-0.1588,0.0467)",0,0,0,0,0,0,0
4,"Environment: 2, FiringMode: 2",11.30737,true,-1.559063,2.270864,1.008629,"(0.0484,0.9909,-0.1233,0.0229)",true,-1.356319,2.083296,0.6821206,"(0.2137,-0.9603,0.1046,-0.1455)",0,0,0,0,0,0,0,true,-1.72882,2.058714,0.7501205,"(0.0573,0.9846,-0.1587,0.0466)",0,0,0,0,0,0,0
4,"Environment: 2, FiringMode: 2",11.32126,true,-1.558826,2.270863,1.008634,"(0.0485,0.9909,-0.1232,0.0231)",true,-1.352489,2.084457,0.68388,"(0.2111,-0.9602,0.1044,-0.1500)",0,0,0,0,0,0,0,true,-1.728604,2.058775,0.7499467,"(0.0572,0.9846,-0.1587,0.0469)",0,0,0,0,0,0,0
4,"Environment: 2, FiringMode: 2",11.33517,true,-1.558578,2.270861,1.008628,"(0.0488,0.9909,-0.1230,0.0235)",true,-1.348469,2.08565,0.6854936,"(0.2085,-0.9601,0.1033,-0.1548)",0,0,0,0,0,0,0,true,-1.728294,2.05884,0.7498584,"(0.0573,0.9845,-0.1587,0.0475)",0,0,0,0,0,0,0
4,"Environment: 2, FiringMode: 2",11.34915,true,-1.558309,2.270889,1.008605,"(0.0490,0.9909,-0.1232,0.0240)",true,-1.344868,2.086495,0.6868488,"(0.2061,-0.9600,0.1027,-0.1593)",0,0,0,0,0,0,0,true,-1.727961,2.058908,0.7498484,"(0.0578,0.9844,-0.1588,0.0481)",0,0,0,0,0,0,0
4,"Environment: 2, FiringMode: 2",11.36311,true,-1.558082,2.270898,1.008549,"(0.0491,0.9909,-0.1231,0.0243)",true,-1.34138,2.087482,0.6881793,"(0.2038,-0.9597,0.1012,-0.1649)",0,0,0,0,0,0,0,true,-1.727871,2.058967,0.7498168,"(0.0580,0.9844,-0.1587,0.0482)",0,0,0,0,0,0,0
4,"Environment: 2, FiringMode: 2",11.37686,true,-1.557866,2.270883,1.008515,"(0.0491,0.9909,-0.1229,0.0246)",true,-1.338113,2.088519,0.6894315,"(0.2025,-0.9591,0.0996,-0.1708)",0,0,0,0,0,0,0,true,-1.727888,2.058997,0.7497213,"(0.0581,0.9844,-0.1587,0.0480)",0,0,0,0,0,0,0
4,"Environment: 2, FiringMode: 2",11.39082,true,-1.557632,2.270878,1.00849,"(0.0494,0.9909,-0.1229,0.0250)",true,-1.335226,2.089299,0.6905971,"(0.2016,-0.9584,0.0990,-0.1759)",0,0,0,0,0,0,0,true,-1.727843,2.05906,0.7496085,"(0.0583,0.9844,-0.1587,0.0479)",0,0,0,0,0,0,0
4,"Environment: 2, FiringMode: 2",11.40474,true,-1.5574,2.270892,1.008486,"(0.0499,0.9908,-0.1229,0.0255)",true,-1.332502,2.089891,0.6917685,"(0.2014,-0.9576,0.0989,-0.1805)",0,0,0,0,0,0,0,true,-1.727801,2.059116,0.7494994,"(0.0587,0.9844,-0.1587,0.0476)",0,0,0,0,0,0,0
4,"Environment: 2, FiringMode: 2",11.41869,true,-1.557192,2.270903,1.008486,"(0.0501,0.9908,-0.1229,0.0257)",true,-1.330014,2.090432,0.6929275,"(0.2018,-0.9568,0.0984,-0.1847)",0,0,0,0,0,0,0,true,-1.727784,2.059154,0.7494103,"(0.0590,0.9844,-0.1587,0.0476)",0,0,0,0,0,0,0
4,"Environment: 2, FiringMode: 2",11.4325,true,-1.557003,2.270892,1.008486,"(0.0502,0.9908,-0.1231,0.0258)",true,-1.327773,2.091031,0.6938921,"(0.2009,-0.9562,0.0978,-0.1889)",0,0,0,0,0,0,0,true,-1.727819,2.059215,0.7493042,"(0.0590,0.9844,-0.1587,0.0475)",0,0,0,0,0,0,0
4,"Environment: 2, FiringMode: 2",11.44646,true,-1.556838,2.270838,1.008515,"(0.0502,0.9908,-0.1232,0.0259)",true,-1.326024,2.091599,0.6946388,"(0.1992,-0.9561,0.0968,-0.1918)",0,0,0,0,0,0,0,true,-1.728044,2.059372,0.748994,"(0.0589,0.9845,-0.1585,0.0466)",0,0,0,0,0,0,0
4,"Environment: 2, FiringMode: 2",11.46031,true,-1.556683,2.270786,1.00852,"(0.0504,0.9907,-0.1235,0.0263)",true,-1.324216,2.092083,0.6954312,"(0.1979,-0.9559,0.0961,-0.1945)",0,0,0,0,0,0,0,true,-1.72835,2.059484,0.7486882,"(0.0590,0.9846,-0.1583,0.0453)",0,0,0,0,0,0,0
4,"Environment: 2, FiringMode: 2",11.47386,true,-1.556541,2.270721,1.008519,"(0.0504,0.9907,-0.1234,0.0267)",true,-1.322729,2.092188,0.6961778,"(0.1968,-0.9558,0.0965,-0.1960)",0,0,0,0,0,0,0,true,-1.728626,2.0595,0.7483979,"(0.0593,0.9846,-0.1584,0.0444)",0,0,0,0,0,0,0
4,"Environment: 2, FiringMode: 2",11.48807,true,-1.556376,2.270685,1.008509,"(0.0507,0.9907,-0.1232,0.0271)",true,-1.321224,2.092263,0.6969303,"(0.1971,-0.9553,0.0967,-0.1978)",0,0,0,0,0,0,0,true,-1.728682,2.059501,0.7483076,"(0.0591,0.9846,-0.1584,0.0444)",0,0,0,0,0,0,0
4,"Environment: 2, FiringMode: 2",11.50193,true,-1.556218,2.270663,1.008498,"(0.0509,0.9907,-0.1232,0.0277)",true,-1.320099,2.092198,0.6974884,"(0.1982,-0.9548,0.0969,-0.1992)",0,0,0,0,0,0,0,true,-1.728704,2.05951,0.7482546,"(0.0590,0.9846,-0.1585,0.0446)",0,0,0,0,0,0,0
4,"Environment: 2, FiringMode: 2",11.51564,true,-1.556081,2.270634,1.008517,"(0.0511,0.9906,-0.1234,0.0280)",true,-1.319464,2.091949,0.6977483,"(0.1996,-0.9542,0.0973,-0.2003)",0,0,0,0,0,0,0,true,-1.728816,2.059546,0.7481012,"(0.0590,0.9846,-0.1586,0.0447)",0,0,0,0,0,0,0
4,"Environment: 2, FiringMode: 2",11.52966,true,-1.555963,2.270616,1.008555,"(0.0511,0.9906,-0.1237,0.0288)",true,-1.318453,2.091868,0.6980619,"(0.1995,-0.9540,0.0971,-0.2015)",0,0,0,0,0,0,0,true,-1.729035,2.05967,0.747837,"(0.0588,0.9846,-0.1586,0.0443)",0,0,0,0,0,0,0
4,"Environment: 2, FiringMode: 2",11.54334,true,-1.555828,2.270564,1.008587,"(0.0512,0.9906,-0.1238,0.0291)",true,-1.317437,2.091503,0.6981429,"(0.1976,-0.9544,0.0972,-0.2013)",0,0,0,0,0,0,0,true,-1.72943,2.059954,0.7474743,"(0.0583,0.9847,-0.1581,0.0432)",0,0,0,0,0,0,0
4,"Environment: 2, FiringMode: 2",11.55713,true,-1.555744,2.270519,1.008586,"(0.0516,0.9905,-0.1240,0.0297)",true,-1.316363,2.09088,0.6982019,"(0.1972,-0.9543,0.0983,-0.2018)",0,0,0,0,0,0,0,true,-1.729737,2.060219,0.7472731,"(0.0581,0.9849,-0.1577,0.0421)",0,0,0,0,0,0,0
4,"Environment: 2, FiringMode: 2",11.57118,true,-1.555693,2.270522,1.008571,"(0.0521,0.9905,-0.1239,0.0305)",true,-1.315419,2.090122,0.6979831,"(0.1984,-0.9538,0.0991,-0.2026)",0,0,0,0,0,0,0,true,-1.729861,2.060363,0.747214,"(0.0583,0.9849,-0.1574,0.0420)",0,0,0,0,0,0,0
4,"Environment: 2, FiringMode: 2",11.58512,true,-1.555646,2.270486,1.008541,"(0.0520,0.9905,-0.1235,0.0312)",true,-1.314337,2.089241,0.6975448,"(0.1991,-0.9534,0.1000,-0.2035)",0,0,0,0,0,0,0,true,-1.729918,2.060425,0.7471691,"(0.0581,0.9849,-0.1574,0.0424)",0,0,0,0,0,0,0
4,"Environment: 2, FiringMode: 2",11.59912,true,-1.55552,2.270413,1.008554,"(0.0516,0.9905,-0.1237,0.0320)",true,-1.312869,2.088094,0.6970364,"(0.2002,-0.9527,0.1015,-0.2047)",0,0,0,0,0,0,0,true,-1.730043,2.060568,0.7470654,"(0.0578,0.9850,-0.1572,0.0426)",0,0,0,0,0,0,0
4,"Environment: 2, FiringMode: 2",11.61295,true,-1.555409,2.270316,1.00864,"(0.0517,0.9903,-0.1243,0.0331)",true,-1.311027,2.086422,0.6963271,"(0.2042,-0.9515,0.1029,-0.2057)",0,0,0,0,0,0,0,true,-1.730116,2.06065,0.7470062,"(0.0578,0.9850,-0.1572,0.0426)",0,0,0,0,0,0,0
4,"Environment: 2, FiringMode: 2",11.627,true,-1.555327,2.270226,1.008764,"(0.0522,0.9902,-0.1252,0.0343)",true,-1.308703,2.084301,0.6953493,"(0.2094,-0.9500,0.1040,-0.2072)",0,0,0,0,0,0,0,true,-1.730165,2.060698,0.7469682,"(0.0578,0.9850,-0.1572,0.0426)",0,0,0,0,0,0,0
4,"Environment: 2, FiringMode: 2",11.64097,true,-1.555263,2.27015,1.008922,"(0.0523,0.9901,-0.1257,0.0352)",true,-1.305544,2.081671,0.6939374,"(0.2090,-0.9483,0.1089,-0.2125)",0,0,0,0,0,0,0,true,-1.730339,2.060839,0.7468966,"(0.0581,0.9850,-0.1570,0.0425)",0,0,0,0,0,0,0
4,"Environment: 2, FiringMode: 2",11.6547,true,-1.555236,2.27011,1.009071,"(0.0522,0.9901,-0.1256,0.0361)",true,-1.301627,2.078472,0.6920935,"(0.2078,-0.9468,0.1134,-0.2180)",0,0,0,0,0,0,0,true,-1.73047,2.060942,0.7468905,"(0.0581,0.9850,-0.1569,0.0425)",0,0,0,0,0,0,0
4,"Environment: 2, FiringMode: 2",11.66867,true,-1.555298,2.270123,1.009225,"(0.0520,0.9901,-0.1253,0.0367)",true,-1.296633,2.074121,0.6895527,"(0.2130,-0.9434,0.1167,-0.2258)",0,0,0,0,0,0,0,true,-1.730613,2.06108,0.7469146,"(0.0580,0.9850,-0.1567,0.0426)",0,0,0,0,0,0,0
4,"Environment: 2, FiringMode: 2",11.68259,true,-1.55535,2.270164,1.009382,"(0.0521,0.9901,-0.1250,0.0373)",true,-1.291301,2.069364,0.6868912,"(0.2196,-0.9388,0.1212,-0.2360)",0,0,0,0,0,0,0,true,-1.730697,2.061159,0.7469585,"(0.0581,0.9850,-0.1566,0.0427)",0,0,0,0,0,0,0
4,"Environment: 2, FiringMode: 2",11.69638,true,-1.555422,2.270252,1.009563,"(0.0523,0.9901,-0.1246,0.0379)",true,-1.284622,2.06312,0.6837333,"(0.2263,-0.9321,0.1285,-0.2518)",0,0,0,0,0,0,0,true,-1.730838,2.061261,0.747052,"(0.0582,0.9851,-0.1564,0.0428)",0,0,0,0,0,0,0
4,"Environment: 2, FiringMode: 2",11.71048,true,-1.555482,2.270332,1.009737,"(0.0523,0.9901,-0.1242,0.0385)",true,-1.27832,2.056828,0.6803224,"(0.2379,-0.9221,0.1402,-0.2712)",0,0,0,0,0,0,0,true,-1.730955,2.061283,0.7470932,"(0.0583,0.9851,-0.1563,0.0429)",0,0,0,0,0,0,0
4,"Environment: 2, FiringMode: 2",11.72433,true,-1.555535,2.270435,1.009923,"(0.0524,0.9902,-0.1236,0.0390)",true,-1.272201,2.050175,0.6762611,"(0.2632,-0.9039,0.1530,-0.3005)",0,0,0,0,0,0,0,true,-1.731075,2.06129,0.7471572,"(0.0584,0.9850,-0.1562,0.0431)",0,0,0,0,0,0,0
4,"Environment: 2, FiringMode: 2",11.73833,true,-1.55561,2.270586,1.010131,"(0.0524,0.9902,-0.1233,0.0396)",true,-1.266106,2.043679,0.6722183,"(0.2958,-0.8863,0.1580,-0.3194)",0,0,0,0,0,0,0,true,-1.7312,2.061263,0.747305,"(0.0588,0.9850,-0.1561,0.0434)",0,0,0,0,0,0,0
4,"Environment: 2, FiringMode: 2",11.75202,true,-1.555676,2.270716,1.010342,"(0.0522,0.9902,-0.1228,0.0401)",true,-1.26024,2.037988,0.6688825,"(0.3213,-0.8735,0.1581,-0.3298)",0,0,0,0,0,0,0,true,-1.731265,2.061199,0.7473968,"(0.0590,0.9850,-0.1562,0.0436)",0,0,0,0,0,0,0
4,"Environment: 2, FiringMode: 2",11.76607,true,-1.555795,2.270853,1.010588,"(0.0521,0.9903,-0.1225,0.0407)",true,-1.254062,2.032446,0.6660986,"(0.3365,-0.8654,0.1589,-0.3355)",0,0,0,0,0,0,0,true,-1.731377,2.061107,0.7474844,"(0.0591,0.9850,-0.1563,0.0438)",0,0,0,0,0,0,0
4,"Environment: 2, FiringMode: 2",11.78002,true,-1.555891,2.270998,1.010834,"(0.0520,0.9903,-0.1220,0.0414)",true,-1.247161,2.026747,0.6639078,"(0.3393,-0.8598,0.1633,-0.3449)",0,0,0,0,0,0,0,true,-1.731538,2.061018,0.7475507,"(0.0591,0.9850,-0.1563,0.0439)",0,0,0,0,0,0,0
4,"Environment: 2, FiringMode: 2",11.79375,true,-1.555911,2.271157,1.011027,"(0.0517,0.9904,-0.1214,0.0421)",true,-1.23976,2.020865,0.6624038,"(0.3375,-0.8507,0.1728,-0.3640)",0,0,0,0,0,0,0,true,-1.731739,2.060874,0.7476202,"(0.0589,0.9849,-0.1565,0.0441)",0,0,0,0,0,0,0
4,"Environment: 2, FiringMode: 2",11.80786,true,-1.555897,2.271321,1.011188,"(0.0515,0.9904,-0.1206,0.0429)",true,-1.232828,2.015089,0.6614964,"(0.3417,-0.8371,0.1826,-0.3861)",0,0,0,0,0,0,0,true,-1.731848,2.06075,0.7476647,"(0.0589,0.9849,-0.1567,0.0442)",0,0,0,0,0,0,0
4,"Environment: 2, FiringMode: 2",11.82172,true,-1.555841,2.271535,1.011303,"(0.0516,0.9905,-0.1200,0.0440)",true,-1.226626,2.0102,0.6607502,"(0.3422,-0.8292,0.1890,-0.3996)",0,0,0,0,0,0,0,true,-1.731936,2.060641,0.7477051,"(0.0590,0.9849,-0.1568,0.0442)",0,0,0,0,0,0,0
4,"Environment: 2, FiringMode: 2",11.83548,true,-1.555749,2.271759,1.011389,"(0.0514,0.9905,-0.1191,0.0451)",true,-1.221491,2.006368,0.6604541,"(0.3429,-0.8257,0.1911,-0.4051)",0,0,0,0,0,0,0,true,-1.732054,2.060534,0.7477999,"(0.0591,0.9849,-0.1569,0.0442)",0,0,0,0,0,0,0
4,"Environment: 2, FiringMode: 2",11.84946,true,-1.555626,2.271964,1.011446,"(0.0511,0.9906,-0.1183,0.0462)",true,-1.217585,2.004354,0.66139,"(0.3376,-0.8292,0.1866,-0.4046)",0,0,0,0,0,0,0,true,-1.732142,2.060487,0.7479026,"(0.0592,0.9848,-0.1569,0.0443)",0,0,0,0,0,0,0
4,"Environment: 2, FiringMode: 2",11.86342,true,-1.555481,2.272151,1.011512,"(0.0508,0.9906,-0.1176,0.0472)",true,-1.213165,2.002614,0.6621537,"(0.3287,-0.8303,0.1811,-0.4121)",0,0,0,0,0,0,0,true,-1.73221,2.060447,0.747982,"(0.0592,0.9848,-0.1570,0.0443)",0,0,0,0,0,0,0
4,"Environment: 2, FiringMode: 2",11.87694,true,-1.555302,2.272283,1.011588,"(0.0505,0.9906,-0.1172,0.0483)",true,-1.208816,2.001601,0.6629009,"(0.3241,-0.8252,0.1802,-0.4261)",0,0,0,0,0,0,0,true,-1.732276,2.060339,0.7480289,"(0.0592,0.9848,-0.1571,0.0444)",0,0,0,0,0,0,0
4,"Environment: 2, FiringMode: 2",11.89091,true,-1.55513,2.272394,1.011683,"(0.0504,0.9906,-0.1170,0.0494)",true,-1.204893,2.000062,0.6633022,"(0.3235,-0.8202,0.1830,-0.4349)",0,0,0,0,0,0,0,true,-1.732302,2.060263,0.748064,"(0.0592,0.9848,-0.1572,0.0446)",0,0,0,0,0,0,0
4,"Environment: 2, FiringMode: 2",11.9049,true,-1.554917,2.272467,1.011747,"(0.0501,0.9906,-0.1168,0.0504)",true,-1.202048,1.999095,0.6639659,"(0.3265,-0.8169,0.1840,-0.4385)",0,0,0,0,0,0,0,true,-1.732373,2.060218,0.7481041,"(0.0592,0.9848,-0.1572,0.0448)",0,0,0,0,0,0,0
4,"Environment: 2, FiringMode: 2",11.91887,true,-1.5547,2.272551,1.011786,"(0.0498,0.9906,-0.1165,0.0512)",true,-1.199265,1.998341,0.6646994,"(0.3288,-0.8134,0.1831,-0.4435)",0,0,0,0,0,0,0,true,-1.732438,2.060203,0.7481265,"(0.0591,0.9848,-0.1572,0.0450)",0,0,0,0,0,0,0
4,"Environment: 2, FiringMode: 2",11.9326,true,-1.554474,2.272603,1.011795,"(0.0497,0.9906,-0.1160,0.0521)",true,-1.197287,1.998705,0.66573,"(0.3321,-0.8093,0.1795,-0.4501)",0,0,0,0,0,0,0,true,-1.73249,2.060199,0.7481272,"(0.0590,0.9848,-0.1572,0.0451)",0,0,0,0,0,0,0
4,"Environment: 2, FiringMode: 2",11.94668,true,-1.554233,2.27264,1.011799,"(0.0496,0.9907,-0.1156,0.0525)",true,-1.195232,1.998968,0.6664788,"(0.3326,-0.8064,0.1758,-0.4564)",0,0,0,0,0,0,0,true,-1.732472,2.060207,0.7480972,"(0.0590,0.9848,-0.1571,0.0452)",0,0,0,0,0,0,0
4,"Environment: 2, FiringMode: 2",11.96051,true,-1.554029,2.272672,1.011791,"(0.0495,0.9907,-0.1153,0.0531)",true,-1.19351,1.999385,0.6671683,"(0.3280,-0.8060,0.1741,-0.4609)",0,0,0,0,0,0,0,true,-1.732433,2.060234,0.748051,"(0.0590,0.9848,-0.1570,0.0452)",0,0,0,0,0,0,0
4,"Environment: 2, FiringMode: 2",11.97421,true,-1.553808,2.272665,1.011778,"(0.0498,0.9907,-0.1151,0.0534)",true,-1.191827,1.99977,0.6674149,"(0.3217,-0.8075,0.1720,-0.4636)",0,0,0,0,0,0,0,true,-1.732405,2.060273,0.7479848,"(0.0588,0.9848,-0.1567,0.0454)",0,0,0,0,0,0,0
4,"Environment: 2, FiringMode: 2",11.98821,true,-1.553582,2.272659,1.011765,"(0.0499,0.9906,-0.1151,0.0539)",true,-1.190083,1.99992,0.6674378,"(0.3197,-0.8046,0.1705,-0.4704)",0,0,0,0,0,0,0,true,-1.732356,2.060299,0.7479349,"(0.0588,0.9849,-0.1565,0.0455)",0,0,0,0,0,0,0
4,"Environment: 2, FiringMode: 2",12.00231,true,-1.553309,2.272648,1.011763,"(0.0501,0.9906,-0.1150,0.0542)",true,-1.188337,2.000245,0.6674142,"(0.3219,-0.7985,0.1657,-0.4810)",0,0,0,0,0,0,0,true,-1.732198,2.060334,0.7478701,"(0.0590,0.9849,-0.1563,0.0456)",0,0,0,0,0,0,0
4,"Environment: 2, FiringMode: 2",12.01602,true,-1.553035,2.272606,1.011765,"(0.0504,0.9906,-0.1149,0.0546)",true,-1.186858,2.000501,0.6673679,"(0.3248,-0.7919,0.1588,-0.4921)",0,0,0,0,0,0,0,true,-1.731984,2.060343,0.7478079,"(0.0590,0.9849,-0.1563,0.0458)",0,0,0,0,0,0,0
4,"Environment: 2, FiringMode: 2",12.0301,true,-1.552749,2.272558,1.01177,"(0.0510,0.9905,-0.1149,0.0550)",true,-1.185642,2.00046,0.6671775,"(0.3261,-0.7869,0.1525,-0.5012)",0,0,0,0,0,0,0,true,-1.731625,2.060337,0.7477146,"(0.0591,0.9849,-0.1562,0.0464)",0,0,0,0,0,0,0
4,"Environment: 2, FiringMode: 2",12.0438,true,-1.552463,2.272509,1.011763,"(0.0515,0.9905,-0.1150,0.0554)",true,-1.18451,1.999825,0.6669624,"(0.3261,-0.7828,0.1515,-0.5078)",0,0,0,0,0,0,0,true,-1.731319,2.060297,0.747623,"(0.0593,0.9848,-0.1562,0.0470)",0,0,0,0,0,0,0
4,"Environment: 2, FiringMode: 2",12.05765,true,-1.552155,2.272461,1.011756,"(0.0518,0.9905,-0.1149,0.0558)",true,-1.18513,1.998165,0.6657199,"(0.3268,-0.7877,0.1520,-0.4996)",0,0,0,0,0,0,0,true,-1.730991,2.06025,0.7475356,"(0.0597,0.9848,-0.1561,0.0475)",0,0,0,0,0,0,0
4,"Environment: 2, FiringMode: 2",12.07143,true,-1.551814,2.272402,1.011688,"(0.0522,0.9904,-0.1147,0.0562)",true,-1.18623,1.99631,0.6643758,"(0.3389,-0.7851,0.1505,-0.4961)",0,0,0,0,0,0,0,true,-1.730613,2.060216,0.7474758,"(0.0602,0.9848,-0.1560,0.0478)",0,0,0,0,0,0,0
4,"Environment: 2, FiringMode: 2",12.08552,true,-1.551479,2.272439,1.011627,"(0.0526,0.9904,-0.1147,0.0566)",true,-1.186903,1.994491,0.6630735,"(0.3442,-0.7864,0.1497,-0.4906)",0,0,0,0,0,0,0,true,-1.730273,2.060188,0.7474506,"(0.0606,0.9847,-0.1559,0.0480)",0,0,0,0,0,0,0
4,"Environment: 2, FiringMode: 2",12.09941,true,-1.551203,2.27237,1.011568,"(0.0529,0.9904,-0.1146,0.0569)",true,-1.18763,1.99204,0.6617121,"(0.3473,-0.7883,0.1542,-0.4840)",0,0,0,0,0,0,0,true,-1.729887,2.060145,0.7474374,"(0.0612,0.9847,-0.1559,0.0484)",0,0,0,0,0,0,0
4,"Environment: 2, FiringMode: 2",12.11327,true,-1.550932,2.272363,1.011473,"(0.0534,0.9903,-0.1147,0.0573)",true,-1.188261,1.989959,0.6605029,"(0.3519,-0.7877,0.1595,-0.4799)",0,0,0,0,0,0,0,true,-1.729366,2.060066,0.7474427,"(0.0620,0.9846,-0.1561,0.0494)",0,0,0,0,0,0,0
4,"Environment: 2, FiringMode: 2",12.12738,true,-1.550662,2.272329,1.011395,"(0.0538,0.9903,-0.1148,0.0574)",true,-1.188849,1.988418,0.6593992,"(0.3563,-0.7862,0.1619,-0.4783)",0,0,0,0,0,0,0,true,-1.72903,2.060005,0.7474682,"(0.0625,0.9845,-0.1563,0.0502)",0,0,0,0,0,0,0
4,"Environment: 2, FiringMode: 2",12.14142,true,-1.550428,2.272298,1.011278,"(0.0544,0.9902,-0.1148,0.0577)",true,-1.189426,1.987535,0.6586242,"(0.3561,-0.7854,0.1671,-0.4779)",0,0,0,0,0,0,0,true,-1.728743,2.059949,0.747499,"(0.0629,0.9844,-0.1565,0.0507)",0,0,0,0,0,0,0
4,"Environment: 2, FiringMode: 2",12.15499,true,-1.550211,2.272236,1.011185,"(0.0548,0.9902,-0.1146,0.0581)",true,-1.189921,1.987123,0.6572484,"(0.3621,-0.7840,0.1816,-0.4703)",0,0,0,0,0,0,0,true,-1.728616,2.059937,0.7474997,"(0.0633,0.9844,-0.1564,0.0507)",0,0,0,0,0,0,0
4,"Environment: 2, FiringMode: 2",12.16901,true,-1.549984,2.272204,1.011093,"(0.0553,0.9901,-0.1147,0.0584)",true,-1.190581,1.987834,0.6559339,"(0.3636,-0.7891,0.1839,-0.4597)",0,0,0,0,0,0,0,true,-1.72853,2.0599,0.7474495,"(0.0634,0.9844,-0.1564,0.0506)",0,0,0,0,0,0,0
4,"Environment: 2, FiringMode: 2",12.18274,true,-1.54974,2.272144,1.011015,"(0.0553,0.9901,-0.1147,0.0587)",true,-1.191361,1.989583,0.6555743,"(0.3598,-0.7950,0.1731,-0.4566)",0,0,0,0,0,0,0,true,-1.728396,2.059854,0.747398,"(0.0636,0.9843,-0.1565,0.0508)",0,0,0,0,0,0,0
4,"Environment: 2, FiringMode: 2",12.19657,true,-1.549541,2.272098,1.0109,"(0.0555,0.9901,-0.1148,0.0591)",true,-1.192088,1.991028,0.6557261,"(0.3562,-0.7968,0.1640,-0.4597)",0,0,0,0,0,0,0,true,-1.728235,2.059805,0.7473574,"(0.0639,0.9843,-0.1565,0.0511)",0,0,0,0,0,0,0
4,"Environment: 2, FiringMode: 2",12.2105,true,-1.549347,2.272038,1.010784,"(0.0557,0.9900,-0.1148,0.0595)",true,-1.192952,1.992678,0.6562506,"(0.3539,-0.7959,0.1513,-0.4672)",0,0,0,0,0,0,0,true,-1.728149,2.059779,0.74734,"(0.0639,0.9843,-0.1565,0.0513)",0,0,0,0,0,0,0
4,"Environment: 2, FiringMode: 2",12.22434,true,-1.549182,2.271965,1.010688,"(0.0560,0.9900,-0.1149,0.0599)",true,-1.193692,1.993816,0.6561581,"(0.3533,-0.7955,0.1434,-0.4709)",0,0,0,0,0,0,0,true,-1.728077,2.05976,0.7473223,"(0.0638,0.9843,-0.1565,0.0515)",0,0,0,0,0,0,0
4,"Environment: 2, FiringMode: 2",12.23823,true,-1.549038,2.271913,1.010599,"(0.0559,0.9899,-0.1151,0.0603)",true,-1.194386,1.994243,0.6553692,"(0.3510,-0.7989,0.1385,-0.4684)",0,0,0,0,0,0,0,true,-1.727986,2.059716,0.7472697,"(0.0639,0.9843,-0.1565,0.0516)",0,0,0,0,0,0,0
4,"Environment: 2, FiringMode: 2",12.25203,true,-1.548897,2.271876,1.010479,"(0.0559,0.9899,-0.1149,0.0609)",true,-1.19508,1.994035,0.6543254,"(0.3508,-0.8027,0.1359,-0.4627)",0,0,0,0,0,0,0,true,-1.727892,2.059655,0.7471994,"(0.0641,0.9842,-0.1565,0.0517)",0,0,0,0,0,0,0
4,"Environment: 2, FiringMode: 2",12.26602,true,-1.548765,2.271892,1.010334,"(0.0559,0.9900,-0.1144,0.0615)",true,-1.195532,1.99353,0.6530722,"(0.3519,-0.8068,0.1358,-0.4548)",0,0,0,0,0,0,0,true,-1.727809,2.059595,0.7471466,"(0.0642,0.9842,-0.1564,0.0518)",0,0,0,0,0,0,0
4,"Environment: 2, FiringMode: 2",12.28001,true,-1.548644,2.271963,1.010188,"(0.0561,0.9900,-0.1136,0.0622)",true,-1.19571,1.992532,0.6517994,"(0.3543,-0.8100,0.1401,-0.4458)",0,0,0,0,0,0,0,true,-1.727698,2.059519,0.7471302,"(0.0643,0.9842,-0.1564,0.0519)",0,0,0,0,0,0,0
4,"Environment: 2, FiringMode: 2",12.29378,true,-1.548504,2.272033,1.010002,"(0.0557,0.9901,-0.1129,0.0629)",true,-1.195998,1.991615,0.6507066,"(0.3604,-0.8105,0.1447,-0.4384)",0,0,0,0,0,0,0,true,-1.727554,2.059404,0.7471224,"(0.0646,0.9842,-0.1564,0.0522)",0,0,0,0,0,0,0
4,"Environment: 2, FiringMode: 2",12.30784,true,-1.54834,2.272082,1.009863,"(0.0549,0.9901,-0.1127,0.0635)",true,-1.196452,1.991035,0.6499851,"(0.3688,-0.8082,0.1484,-0.4344)",0,0,0,0,0,0,0,true,-1.727476,2.059293,0.7470721,"(0.0646,0.9842,-0.1564,0.0524)",0,0,0,0,0,0,0
4,"Environment: 2, FiringMode: 2",12.32203,true,-1.54819,2.272113,1.009763,"(0.0546,0.9901,-0.1126,0.0641)",true,-1.196998,1.991044,0.6496261,"(0.3759,-0.8052,0.1460,-0.4348)",0,0,0,0,0,0,0,true,-1.72738,2.059159,0.747032,"(0.0646,0.9842,-0.1565,0.0525)",0,0,0,0,0,0,0
4,"Environment: 2, FiringMode: 2",12.3356,true,-1.548083,2.272157,1.009702,"(0.0547,0.9900,-0.1127,0.0649)",true,-1.197541,1.991429,0.6494786,"(0.3809,-0.8031,0.1419,-0.4357)",0,0,0,0,0,0,0,true,-1.727196,2.058905,0.7470255,"(0.0647,0.9841,-0.1566,0.0530)",0,0,0,0,0,0,0
4,"Environment: 2, FiringMode: 2",12.34966,true,-1.547982,2.272214,1.00962,"(0.0545,0.9900,-0.1122,0.0656)",true,-1.198068,1.991677,0.6491655,"(0.3827,-0.8046,0.1414,-0.4314)",0,0,0,0,0,0,0,true,-1.727054,2.058676,0.7470584,"(0.0648,0.9841,-0.1568,0.0533)",0,0,0,0,0,0,0
4,"Environment: 2, FiringMode: 2",12.36355,true,-1.547865,2.272294,1.00956,"(0.0543,0.9901,-0.1117,0.0661)",true,-1.198584,1.991574,0.6487684,"(0.3843,-0.8070,0.1432,-0.4248)",0,0,0,0,0,0,0,true,-1.726939,2.058495,0.7471009,"(0.0648,0.9840,-0.1569,0.0536)",0,0,0,0,0,0,0
4,"Environment: 2, FiringMode: 2",12.37721,true,-1.547765,2.272385,1.009493,"(0.0541,0.9901,-0.1107,0.0667)",true,-1.199049,1.991015,0.6482219,"(0.3878,-0.8082,0.1467,-0.4182)",0,0,0,0,0,0,0,true,-1.726832,2.058296,0.7471377,"(0.0647,0.9840,-0.1571,0.0539)",0,0,0,0,0,0,0
4,"Environment: 2, FiringMode: 2",12.39133,true,-1.547707,2.272492,1.009426,"(0.0541,0.9902,-0.1102,0.0670)",true,-1.199681,1.990233,0.6476752,"(0.3911,-0.8103,0.1509,-0.4095)",0,0,0,0,0,0,0,true,-1.726739,2.058103,0.7471905,"(0.0645,0.9840,-0.1572,0.0542)",0,0,0,0,0,0,0
4,"Environment: 2, FiringMode: 2",12.40531,true,-1.547706,2.272562,1.009381,"(0.0538,0.9902,-0.1099,0.0673)",true,-1.200561,1.989822,0.6474499,"(0.3953,-0.8111,0.1527,-0.4033)",0,0,0,0,0,0,0,true,-1.726686,2.057942,0.7472589,"(0.0645,0.9839,-0.1573,0.0543)",0,0,0,0,0,0,0
4,"Environment: 2, FiringMode: 2",12.41914,true,-1.547718,2.272611,1.009338,"(0.0537,0.9902,-0.1098,0.0673)",true,-1.201507,1.989807,0.6473957,"(0.4005,-0.8105,0.1509,-0.3999)",0,0,0,0,0,0,0,true,-1.726644,2.057779,0.7473447,"(0.0644,0.9839,-0.1573,0.0546)",0,0,0,0,0,0,0
4,"Environment: 2, FiringMode: 2",12.43291,true,-1.547776,2.272652,1.009277,"(0.0535,0.9903,-0.1094,0.0675)",true,-1.202315,1.990132,0.6472692,"(0.4066,-0.8091,0.1455,-0.3986)",0,0,0,0,0,0,0,true,-1.726622,2.057568,0.7474555,"(0.0641,0.9839,-0.1574,0.0550)",0,0,0,0,0,0,0
4,"Environment: 2, FiringMode: 2",12.44693,true,-1.547831,2.272692,1.009217,"(0.0536,0.9903,-0.1090,0.0674)",true,-1.202873,1.99034,0.6470066,"(0.4151,-0.8063,0.1403,-0.3974)",0,0,0,0,0,0,0,true,-1.726637,2.057435,0.7475179,"(0.0638,0.9839,-0.1574,0.0552)",0,0,0,0,0,0,0
4,"Environment: 2, FiringMode: 2",12.46082,true,-1.547944,2.272731,1.009186,"(0.0534,0.9903,-0.1088,0.0673)",true,-1.203091,1.990339,0.6466838,"(0.4231,-0.8033,0.1374,-0.3959)",0,0,0,0,0,0,0,true,-1.726669,2.057327,0.7475682,"(0.0637,0.9839,-0.1574,0.0552)",0,0,0,0,0,0,0
4,"Environment: 2, FiringMode: 2",12.47459,true,-1.548064,2.27275,1.009171,"(0.0533,0.9904,-0.1088,0.0671)",true,-1.203442,1.990194,0.6465088,"(0.4298,-0.8012,0.1371,-0.3931)",0,0,0,0,0,0,0,true,-1.726765,2.057204,0.7476269,"(0.0635,0.9840,-0.1574,0.0552)",0,0,0,0,0,0,0
4,"Environment: 2, FiringMode: 2",12.48868,true,-1.548221,2.272747,1.009163,"(0.0531,0.9904,-0.1091,0.0665)",true,-1.203818,1.989929,0.6465842,"(0.4367,-0.7980,0.1366,-0.3922)",0,0,0,0,0,0,0,true,-1.726902,2.057076,0.7476875,"(0.0633,0.9840,-0.1573,0.0551)",0,0,0,0,0,0,0
4,"Environment: 2, FiringMode: 2",12.50252,true,-1.548361,2.272732,1.009119,"(0.0532,0.9904,-0.1089,0.0660)",true,-1.204237,1.98965,0.6466421,"(0.4454,-0.7934,0.1354,-0.3922)",0,0,0,0,0,0,0,true,-1.727009,2.056993,0.7477493,"(0.0632,0.9840,-0.1572,0.0550)",0,0,0,0,0,0,0
4,"Environment: 2, FiringMode: 2",12.51625,true,-1.548496,2.272743,1.009038,"(0.0535,0.9905,-0.1086,0.0656)",true,-1.204416,1.98942,0.6466221,"(0.4486,-0.7919,0.1359,-0.3914)",0,0,0,0,0,0,0,true,-1.727167,2.056892,0.7478343,"(0.0632,0.9840,-0.1573,0.0548)",0,0,0,0,0,0,0
4,"Environment: 2, FiringMode: 2",12.53047,true,-1.548635,2.272766,1.008957,"(0.0534,0.9905,-0.1086,0.0654)",true,-1.204599,1.989432,0.6464663,"(0.4492,-0.7924,0.1358,-0.3897)",0,0,0,0,0,0,0,true,-1.727376,2.056803,0.747925,"(0.0631,0.9840,-0.1572,0.0545)",0,0,0,0,0,0,0
4,"Environment: 2, FiringMode: 2",12.54395,true,-1.54874,2.272797,1.008891,"(0.0533,0.9905,-0.1085,0.0650)",true,-1.20512,1.989983,0.6464251,"(0.4521,-0.7907,0.1321,-0.3912)",0,0,0,0,0,0,0,true,-1.727546,2.056738,0.7479886,"(0.0630,0.9841,-0.1572,0.0543)",0,0,0,0,0,0,0
4,"Environment: 2, FiringMode: 2",12.55787,true,-1.548878,2.272796,1.008852,"(0.0531,0.9906,-0.1084,0.0648)",true,-1.205604,1.990656,0.6464856,"(0.4541,-0.7891,0.1265,-0.3939)",0,0,0,0,0,0,0,true,-1.727697,2.056681,0.748059,"(0.0629,0.9841,-0.1572,0.0543)",0,0,0,0,0,0,0
4,"Environment: 2, FiringMode: 2",12.57166,true,-1.549018,2.27281,1.008848,"(0.0531,0.9906,-0.1083,0.0645)",true,-1.205446,1.990589,0.6460744,"(0.4549,-0.7898,0.1208,-0.3934)",0,0,0,0,0,0,0,true,-1.727898,2.056586,0.748131,"(0.0629,0.9841,-0.1572,0.0542)",0,0,0,0,0,0,0
4,"Environment: 2, FiringMode: 2",12.58575,true,-1.549158,2.272829,1.00882,"(0.0528,0.9906,-0.1084,0.0642)",true,-1.205283,1.99028,0.6454818,"(0.4548,-0.7919,0.1193,-0.3897)",0,0,0,0,0,0,0,true,-1.728042,2.056521,0.7481795,"(0.0629,0.9841,-0.1571,0.0542)",0,0,0,0,0,0,0
4,"Environment: 2, FiringMode: 2",12.59962,true,-1.549248,2.272854,1.008746,"(0.0528,0.9906,-0.1083,0.0641)",true,-1.205269,1.98997,0.6447787,"(0.4526,-0.7957,0.1218,-0.3836)",0,0,0,0,0,0,0,true,-1.72837,2.056407,0.7482939,"(0.0627,0.9841,-0.1571,0.0540)",0,0,0,0,0,0,0
4,"Environment: 2, FiringMode: 2",12.61297,true,-1.549339,2.272874,1.008665,"(0.0528,0.9907,-0.1083,0.0640)",true,-1.205881,1.989844,0.6443012,"(0.4497,-0.8012,0.1218,-0.3757)",0,0,0,0,0,0,0,true,-1.728674,2.056328,0.748391,"(0.0625,0.9841,-0.1571,0.0537)",0,0,0,0,0,0,0
4,"Environment: 2, FiringMode: 2",12.62684,true,-1.549422,2.27288,1.008593,"(0.0527,0.9907,-0.1082,0.0640)",true,-1.206506,1.989784,0.6438214,"(0.4491,-0.8053,0.1198,-0.3680)",0,0,0,0,0,0,0,true,-1.728996,2.056244,0.7484714,"(0.0623,0.9842,-0.1570,0.0533)",0,0,0,0,0,0,0
4,"Environment: 2, FiringMode: 2",12.64098,true,-1.549501,2.272862,1.008538,"(0.0524,0.9907,-0.1082,0.0639)",true,-1.2065,1.989301,0.6428202,"(0.4513,-0.8074,0.1172,-0.3616)",0,0,0,0,0,0,0,true,-1.729305,2.056128,0.7485319,"(0.0621,0.9842,-0.1569,0.0531)",0,0,0,0,0,0,0
4,"Environment: 2, FiringMode: 2",12.65452,true,-1.549587,2.272854,1.008518,"(0.0524,0.9907,-0.1083,0.0639)",true,-1.206605,1.988654,0.6418428,"(0.4564,-0.8080,0.1128,-0.3552)",0,0,0,0,0,0,0,true,-1.729632,2.055958,0.7485816,"(0.0621,0.9843,-0.1569,0.0527)",0,0,0,0,0,0,0
4,"Environment: 2, FiringMode: 2",12.66853,true,-1.549694,2.272844,1.008583,"(0.0523,0.9907,-0.1081,0.0639)",true,-1.207093,1.98803,0.6411737,"(0.4631,-0.8078,0.1073,-0.3486)",0,0,0,0,0,0,0,true,-1.729895,2.055803,0.7486142,"(0.0623,0.9843,-0.1569,0.0524)",0,0,0,0,0,0,0
4,"Environment: 2, FiringMode: 2",12.68248,true,-1.549792,2.272839,1.00864,"(0.0521,0.9907,-0.1079,0.0638)",true,-1.207823,1.987611,0.640967,"(0.4676,-0.8083,0.1045,-0.3423)",0,0,0,0,0,0,0,true,-1.730083,2.055696,0.748631,"(0.0621,0.9843,-0.1569,0.0523)",0,0,0,0,0,0,0
4,"Environment: 2, FiringMode: 2",12.69626,true,-1.549881,2.272854,1.008581,"(0.0521,0.9907,-0.1079,0.0638)",true,-1.207555,1.986953,0.640479,"(0.4706,-0.8077,0.1051,-0.3392)",0,0,0,0,0,0,0,true,-1.730363,2.05554,0.7486666,"(0.0618,0.9843,-0.1568,0.0522)",0,0,0,0,0,0,0
4,"Environment: 2, FiringMode: 2",12.71049,true,-1.549983,2.272849,1.008518,"(0.0522,0.9908,-0.1078,0.0637)",true,-1.206517,1.986133,0.6397038,"(0.4720,-0.8072,0.1065,-0.3382)",0,0,0,0,0,0,0,true,-1.730587,2.055401,0.7487097,"(0.0615,0.9843,-0.1568,0.0522)",0,0,0,0,0,0,0
4,"Environment: 2, FiringMode: 2",12.7245,true,-1.550078,2.27285,1.008464,"(0.0522,0.9907,-0.1080,0.0635)",true,-1.205266,1.985398,0.6390741,"(0.4710,-0.8078,0.1077,-0.3376)",0,0,0,0,0,0,0,true,-1.730749,2.055268,0.7487455,"(0.0613,0.9844,-0.1567,0.0522)",0,0,0,0,0,0,0
4,"Environment: 2, FiringMode: 2",12.73838,true,-1.550172,2.272825,1.00842,"(0.0523,0.9908,-0.1079,0.0632)",true,-1.204412,1.985011,0.6389642,"(0.4713,-0.8064,0.1093,-0.3402)",0,0,0,0,0,0,0,true,-1.730844,2.055115,0.7487572,"(0.0612,0.9844,-0.1567,0.0521)",0,0,0,0,0,0,0
4,"Environment: 2, FiringMode: 2",12.75202,true,-1.550259,2.272834,1.008371,"(0.0522,0.9908,-0.1079,0.0632)",true,-1.204472,1.984877,0.6389595,"(0.4763,-0.8028,0.1078,-0.3420)",0,0,0,0,0,0,0,true,-1.730834,2.054973,0.748762,"(0.0610,0.9844,-0.1566,0.0521)",0,0,0,0,0,0,0
4,"Environment: 2, FiringMode: 2",12.76598,true,-1.550346,2.272828,1.008442,"(0.0520,0.9908,-0.1077,0.0631)",true,-1.20461,1.984689,0.6387576,"(0.4779,-0.8025,0.1056,-0.3411)",0,0,0,0,0,0,0,true,-1.73072,2.05481,0.7487829,"(0.0609,0.9844,-0.1563,0.0525)",0,0,0,0,0,0,0
4,"Environment: 2, FiringMode: 2",12.78001,true,-1.55039,2.272814,1.008566,"(0.0519,0.9908,-0.1075,0.0631)",true,-1.204259,1.984322,0.6381917,"(0.4739,-0.8068,0.1018,-0.3378)",0,0,0,0,0,0,0,true,-1.730401,2.054542,0.7488378,"(0.0607,0.9844,-0.1562,0.0535)",0,0,0,0,0,0,0
4,"Environment: 2, FiringMode: 2",12.79351,true,-1.550407,2.272833,1.008548,"(0.0516,0.9909,-0.1073,0.0633)",true,-1.203772,1.984096,0.6375526,"(0.4696,-0.8102,0.0974,-0.3369)",0,0,0,0,0,0,0,true,-1.729949,2.05431,0.7489184,"(0.0608,0.9843,-0.1561,0.0549)",0,0,0,0,0,0,0
4,"Environment: 2, FiringMode: 2",12.80756,true,-1.5504,2.272866,1.008511,"(0.0516,0.9909,-0.1074,0.0633)",true,-1.20382,1.984198,0.6373633,"(0.4640,-0.8138,0.0936,-0.3372)",0,0,0,0,0,0,0,true,-1.729512,2.054163,0.749006,"(0.0613,0.9843,-0.1558,0.0557)",0,0,0,0,0,0,0
4,"Environment: 2, FiringMode: 2",12.82144,true,-1.550393,2.272876,1.008476,"(0.0514,0.9909,-0.1074,0.0634)",true,-1.204288,1.983758,0.6372043,"(0.4586,-0.8182,0.0934,-0.3338)",0,0,0,0,0,0,0,true,-1.729162,2.054023,0.7490441,"(0.0617,0.9842,-0.1560,0.0562)",0,0,0,0,0,0,0
4,"Environment: 2, FiringMode: 2",12.83527,true,-1.550393,2.272875,1.008433,"(0.0513,0.9909,-0.1073,0.0635)",true,-1.204669,1.982555,0.6368223,"(0.4615,-0.8161,0.0972,-0.3340)",0,0,0,0,0,0,0,true,-1.728857,2.053866,0.7490752,"(0.0622,0.9842,-0.1559,0.0564)",0,0,0,0,0,0,0
4,"Environment: 2, FiringMode: 2",12.84935,true,-1.550387,2.272865,1.008402,"(0.0512,0.9909,-0.1073,0.0634)",true,-1.204907,1.981057,0.6361395,"(0.4618,-0.8171,0.1039,-0.3290)",0,0,0,0,0,0,0,true,-1.728575,2.053718,0.7491078,"(0.0627,0.9842,-0.1555,0.0567)",0,0,0,0,0,0,0
4,"Environment: 2, FiringMode: 2",12.86335,true,-1.550387,2.272826,1.008464,"(0.0511,0.9909,-0.1073,0.0634)",true,-1.205025,1.979642,0.6353919,"(0.4541,-0.8238,0.1084,-0.3214)",0,0,0,0,0,0,0,true,-1.728426,2.053574,0.7491364,"(0.0629,0.9842,-0.1555,0.0568)",0,0,0,0,0,0,0
4,"Environment: 2, FiringMode: 2",12.87715,true,-1.550391,2.272784,1.008502,"(0.0509,0.9909,-0.1074,0.0633)",true,-1.205366,1.978498,0.6350338,"(0.4426,-0.8322,0.1097,-0.3154)",0,0,0,0,0,0,0,true,-1.728122,2.053374,0.7491375,"(0.0635,0.9841,-0.1558,0.0569)",0,0,0,0,0,0,0
4,"Environment: 2, FiringMode: 2",12.8911,true,-1.550381,2.27272,1.008511,"(0.0509,0.9909,-0.1074,0.0633)",true,-1.205621,1.977317,0.6348313,"(0.4328,-0.8388,0.1100,-0.3115)",0,0,0,0,0,0,0,true,-1.727558,2.052879,0.7491053,"(0.0656,0.9839,-0.1561,0.0568)",0,0,0,0,0,0,0
4,"Environment: 2, FiringMode: 2",12.90507,true,-1.550359,2.272663,1.00849,"(0.0512,0.9909,-0.1076,0.0632)",true,-1.205832,1.974988,0.6328136,"(0.4579,-0.8281,0.1430,-0.2902)",0,0,0,0,0,0,0,true,-1.727052,2.051772,0.7488629,"(0.0702,0.9835,-0.1572,0.0550)",0,0,0,0,0,0,0
4,"Environment: 2, FiringMode: 2",12.91895,true,-1.550346,2.272619,1.008483,"(0.0513,0.9908,-0.1079,0.0632)",true,-1.206115,1.973555,0.6324837,"(0.4537,-0.8358,0.1330,-0.2791)",0,0,0,0,0,0,0,true,-1.727029,2.051098,0.7486464,"(0.0719,0.9833,-0.1583,0.0539)",0,0,0,0,0,0,0
4,"Environment: 2, FiringMode: 2",12.93275,true,-1.550332,2.272546,1.008476,"(0.0512,0.9908,-0.1084,0.0631)",true,-1.206408,1.972245,0.6318723,"(0.4623,-0.8314,0.1431,-0.2730)",0,0,0,0,0,0,0,true,-1.72697,2.050436,0.748526,"(0.0718,0.9830,-0.1599,0.0543)",0,0,0,0,0,0,0
4,"Environment: 2, FiringMode: 2",12.94689,true,-1.550322,2.272455,1.008435,"(0.0513,0.9908,-0.1086,0.0631)",true,-1.206792,1.971683,0.6320128,"(0.4603,-0.8321,0.1339,-0.2788)",0,0,0,0,0,0,0,true,-1.726737,2.049645,0.7484587,"(0.0725,0.9825,-0.1624,0.0552)",0,0,0,0,0,0,0
4,"Environment: 2, FiringMode: 2",12.96074,true,-1.550322,2.272375,1.008437,"(0.0516,0.9908,-0.1086,0.0629)",true,-1.20687,1.970854,0.6316811,"(0.4626,-0.8299,0.1390,-0.2794)",0,0,0,0,0,0,0,true,-1.726514,2.048472,0.7483901,"(0.0745,0.9816,-0.1665,0.0558)",0,0,0,0,0,0,0
4,"Environment: 2, FiringMode: 2",12.97441,true,-1.550315,2.272306,1.008427,"(0.0517,0.9908,-0.1084,0.0630)",true,-1.206687,1.969688,0.6309311,"(0.4656,-0.8290,0.1457,-0.2734)",0,0,0,0,0,0,0,true,-1.726296,2.047184,0.7483053,"(0.0793,0.9807,-0.1696,0.0556)",0,0,0,0,0,0,0
4,"Environment: 2, FiringMode: 2",12.98848,true,-1.550305,2.272223,1.008382,"(0.0513,0.9908,-0.1084,0.0629)",true,-1.206603,1.968344,0.6301214,"(0.4640,-0.8318,0.1522,-0.2638)",0,0,0,0,0,0,0,true,-1.726058,2.045622,0.7482316,"(0.0876,0.9795,-0.1729,0.0545)",0,0,0,0,0,0,0
4,"Environment: 2, FiringMode: 2",13.00216,true,-1.550268,2.272116,1.00831,"(0.0508,0.9908,-0.1087,0.0627)",true,-1.206882,1.967375,0.6297077,"(0.4632,-0.8334,0.1575,-0.2571)",0,0,0,0,0,0,0,true,-1.72567,2.043973,0.7482628,"(0.0960,0.9781,-0.1765,0.0545)",0,0,0,0,0,0,0
4,"Environment: 2, FiringMode: 2",13.01593,true,-1.550269,2.272029,1.008264,"(0.0513,0.9907,-0.1095,0.0628)",true,-1.207518,1.966797,0.6294206,"(0.4673,-0.8314,0.1589,-0.2551)",0,0,0,0,0,0,0,true,-1.725003,2.042179,0.7484679,"(0.1042,0.9763,-0.1812,0.0570)",0,0,0,0,0,0,0
4,"Environment: 2, FiringMode: 2",13.02994,true,-1.550279,2.271943,1.00823,"(0.0516,0.9906,-0.1101,0.0629)",true,-1.20809,1.966414,0.6291677,"(0.4716,-0.8287,0.1587,-0.2563)",0,0,0,0,0,0,0,true,-1.72403,2.040044,0.7488866,"(0.1124,0.9738,-0.1879,0.0616)",0,0,0,0,0,0,0
4,"Environment: 2, FiringMode: 2",13.0438,true,-1.55029,2.271853,1.008199,"(0.0517,0.9905,-0.1104,0.0631)",true,-1.208391,1.965853,0.6289502,"(0.4750,-0.8267,0.1603,-0.2554)",0,0,0,0,0,0,0,true,-1.722782,2.037708,0.7494354,"(0.1216,0.9709,-0.1950,0.0682)",0,0,0,0,0,0,0
4,"Environment: 2, FiringMode: 2",13.05753,true,-1.550303,2.271746,1.008223,"(0.0514,0.9905,-0.1108,0.0631)",true,-1.207564,1.968892,0.6283299,"(0.4552,-0.8363,0.1632,-0.2584)",0,0,0,0,0,0,0,true,-1.721698,2.03583,0.7499305,"(0.1298,0.9686,-0.1991,0.0728)",0,0,0,0,0,0,0
4,"Environment: 2, FiringMode: 2",13.07167,true,-1.550323,2.271622,1.008304,"(0.0513,0.9905,-0.1111,0.0632)",true,-1.207584,1.96878,0.6284114,"(0.4383,-0.8462,0.1666,-0.2530)",0,0,0,0,0,0,0,true,-1.72124,2.035091,0.7501262,"(0.1302,0.9686,-0.1987,0.0737)",0,0,0,0,0,0,0
4,"Environment: 2, FiringMode: 2",13.08556,true,-1.550355,2.2715,1.008365,"(0.0510,0.9905,-0.1113,0.0631)",true,-1.207559,1.969141,0.6284101,"(0.4295,-0.8518,0.1685,-0.2481)",0,0,0,0,0,0,0,true,-1.721289,2.034713,0.7500615,"(0.1251,0.9690,-0.2001,0.0727)",0,0,0,0,0,0,0
4,"Environment: 2, FiringMode: 2",13.0993,true,-1.550379,2.27144,1.008342,"(0.0511,0.9905,-0.1112,0.0629)",true,-1.206825,1.968853,0.6276544,"(0.4349,-0.8488,0.1674,-0.2498)",0,0,0,0,0,0,0,true,-1.721654,2.034522,0.7498792,"(0.1212,0.9695,-0.2012,0.0696)",0,0,0,0,0,0,0
4,"Environment: 2, FiringMode: 2",13.11311,true,-1.550417,2.271394,1.008287,"(0.0512,0.9905,-0.1111,0.0629)",true,-1.204958,1.967288,0.6259154,"(0.4345,-0.8492,0.1680,-0.2486)",0,0,0,0,0,0,0,true,-1.721604,2.034066,0.7499749,"(0.1242,0.9694,-0.2003,0.0684)",0,0,0,0,0,0,0
4,"Environment: 2, FiringMode: 2",13.12713,true,-1.550454,2.271351,1.008247,"(0.0514,0.9905,-0.1112,0.0628)",true,-1.202637,1.965271,0.6238245,"(0.4241,-0.8559,0.1717,-0.2410)",0,0,0,0,0,0,0,true,-1.721714,2.033539,0.7501366,"(0.1268,0.9692,-0.2003,0.0671)",0,0,0,0,0,0,0
4,"Environment: 2, FiringMode: 2",13.14111,true,-1.550496,2.271274,1.008237,"(0.0515,0.9905,-0.1113,0.0629)",true,-1.201738,1.964597,0.6227742,"(0.4125,-0.8631,0.1759,-0.2324)",0,0,0,0,0,0,0,true,-1.721641,2.032893,0.7500712,"(0.1284,0.9684,-0.2024,0.0691)",0,0,0,0,0,0,0
4,"Environment: 2, FiringMode: 2",13.15502,true,-1.550536,2.271158,1.008281,"(0.0516,0.9904,-0.1116,0.0629)",true,-1.202072,1.964823,0.6226074,"(0.4395,-0.8486,0.1627,-0.2454)",0,0,0,0,0,0,0,true,-1.721712,2.032737,0.7498808,"(0.1294,0.9685,-0.2019,0.0677)",0,0,0,0,0,0,0
4,"Environment: 2, FiringMode: 2",13.16923,true,-1.550578,2.271019,1.008364,"(0.0516,0.9904,-0.1121,0.0628)",true,-1.202451,1.964895,0.6232053,"(0.4319,-0.8522,0.1673,-0.2432)",0,0,0,0,0,0,0,true,-1.722038,2.033167,0.7496719,"(0.1255,0.9691,-0.2014,0.0671)",0.03711838,0,0,0,0,0,0
4,"Environment: 2, FiringMode: 2",13.18277,true,-1.55065,2.270865,1.008472,"(0.0515,0.9903,-0.1123,0.0631)",true,-1.203017,1.964959,0.6235889,"(0.4325,-0.8520,0.1669,-0.2434)",0,0,0,0,0,0,0,true,-1.722201,2.033693,0.7496104,"(0.1236,0.9698,-0.1992,0.0667)",0.1575091,0,0,0,0,0,0
4,"Environment: 2, FiringMode: 2",13.19641,true,-1.550696,2.270781,1.008496,"(0.0514,0.9903,-0.1125,0.0630)",true,-1.203332,1.964965,0.6237508,"(0.4325,-0.8519,0.1669,-0.2434)",0,0,0,0,0,0,0,true,-1.722562,2.033243,0.749514,"(0.1239,0.9699,-0.1998,0.0639)",0.4007326,0,0,0,0,0,0
4,"Environment: 2, FiringMode: 2",13.21046,true,-1.550748,2.270711,1.008504,"(0.0513,0.9903,-0.1127,0.0630)",true,-1.203118,1.964875,0.6235706,"(0.4326,-0.8518,0.1670,-0.2435)",0,0,0,0,0,0,0,true,-1.722509,2.032948,0.7494238,"(0.1268,0.9694,-0.2003,0.0639)",0.9191697,0,0,0,0,0,0
4,"Environment: 2, FiringMode: 2",13.2243,true,-1.550822,2.270696,1.008504,"(0.0514,0.9903,-0.1129,0.0632)",true,-1.202708,1.964656,0.6231637,"(0.4327,-0.8519,0.1668,-0.2432)",0,0,0,0,0,0,0,true,-1.72252,2.032714,0.7493361,"(0.1290,0.9690,-0.2008,0.0636)",0.9855922,0,0,0,0,0,0
4,"Environment: 2, FiringMode: 2",13.23819,true,-1.55088,2.270699,1.008473,"(0.0513,0.9903,-0.1128,0.0631)",true,-1.202879,1.964634,0.6232318,"(0.4328,-0.8521,0.1666,-0.2426)",0,0,0,0,0,0,0,true,-1.722538,2.032866,0.7492727,"(0.1279,0.9691,-0.2012,0.0637)",1,0,0,0,0,0,0
4,"Environment: 2, FiringMode: 2",13.25201,true,-1.55093,2.270707,1.00844,"(0.0511,0.9903,-0.1127,0.0630)",true,-1.203185,1.96468,0.6234558,"(0.4327,-0.8523,0.1665,-0.2421)",0,0,0,0,0,0,0,true,-1.722591,2.033055,0.7492489,"(0.1263,0.9693,-0.2010,0.0637)",1,0,0,0,0,0,0
4,"Environment: 2, FiringMode: 2",13.26591,true,-1.550976,2.270734,1.008431,"(0.0509,0.9903,-0.1127,0.0630)",true,-1.20331,1.964672,0.6235542,"(0.4328,-0.8524,0.1664,-0.2418)",0,0,0,0,0,0,0,true,-1.72273,2.03336,0.749005,"(0.1240,0.9697,-0.2010,0.0628)",1,0,0,0,0,0,0
4,"Environment: 2, FiringMode: 2",13.27982,true,-1.551037,2.270741,1.008444,"(0.0509,0.9903,-0.1126,0.0629)",true,-1.20313,1.964587,0.6233839,"(0.4329,-0.8523,0.1663,-0.2418)",0,0,0,0,0,0,0,true,-1.722855,2.033794,0.7487555,"(0.1217,0.9700,-0.2012,0.0616)",0.997558,0,0,0,0,0,0
4,"Environment: 2, FiringMode: 2",13.29364,true,-1.551106,2.270746,1.008435,"(0.0510,0.9903,-0.1127,0.0628)",true,-1.20303,1.964547,0.6232687,"(0.4328,-0.8524,0.1664,-0.2418)",0,0,0,0,0,0,0,true,-1.72304,2.034414,0.7485925,"(0.1196,0.9706,-0.2001,0.0598)",0.9692308,0,0,0,0,0,0
4,"Environment: 2, FiringMode: 2",13.30774,true,-1.551189,2.270741,1.008423,"(0.0509,0.9903,-0.1128,0.0626)",true,-1.203431,1.964742,0.6236457,"(0.4328,-0.8524,0.1664,-0.2418)",0,0,0,0,0,0,0,true,-1.723421,2.034729,0.7485672,"(0.1191,0.9710,-0.1995,0.0567)",0.9240537,0,0,0,0,0,0
4,"Environment: 2, FiringMode: 2",13.32121,true,-1.551283,2.270745,1.008397,"(0.0508,0.9903,-0.1129,0.0625)",true,-1.203926,1.964988,0.624106,"(0.4328,-0.8524,0.1664,-0.2417)",0,0,0,0,0,0,0,true,-1.723396,2.034506,0.7486268,"(0.1219,0.9705,-0.1999,0.0572)",0.630525,0,0,0,0,0,0
4,"Environment: 2, FiringMode: 2",13.33504,true,-1.551366,2.270723,1.008385,"(0.0506,0.9904,-0.1128,0.0624)",true,-1.203938,1.965006,0.6240922,"(0.4327,-0.8524,0.1665,-0.2417)",0,0,0,0,0,0,0,true,-1.723495,2.034652,0.7486324,"(0.1222,0.9707,-0.1993,0.0561)",0.3587301,0,0,0,0,0,0
4,"Environment: 2, FiringMode: 2",13.3491,true,-1.551435,2.27069,1.008385,"(0.0504,0.9904,-0.1129,0.0621)",true,-1.203679,1.964902,0.6238126,"(0.4326,-0.8525,0.1666,-0.2416)",0,0,0,0,0,0,0,true,-1.723258,2.034518,0.7483163,"(0.1205,0.9701,-0.2023,0.0593)",0.0603174,0,0,0,0,0,0
4,"Environment: 2, FiringMode: 2",13.36308,true,-1.551488,2.270667,1.008416,"(0.0503,0.9904,-0.1129,0.0618)",true,-1.203652,1.964951,0.6238065,"(0.4326,-0.8524,0.1667,-0.2418)",0,0,0,0,0,0,0,true,-1.723442,2.035269,0.7484869,"(0.1173,0.9714,-0.1981,0.0574)",0,0,0,0,0,0,0
4,"Environment: 2, FiringMode: 2",13.37686,true,-1.551534,2.270642,1.008439,"(0.0501,0.9904,-0.1130,0.0616)",true,-1.204068,1.96535,0.6243432,"(0.4324,-0.8524,0.1669,-0.2422)",0,0,0,0,0,0,0,true,-1.723322,2.035246,0.7485564,"(0.1160,0.9711,-0.1997,0.0600)",0,0,0,0,0,0,0
4,"Environment: 2, FiringMode: 2",13.39081,true,-1.551585,2.270606,1.008432,"(0.0502,0.9904,-0.1129,0.0614)",true,-1.20438,1.965609,0.6247143,"(0.4324,-0.8523,0.1670,-0.2423)",0,0,0,0,0,0,0,true,-1.723258,2.035107,0.7487127,"(0.1170,0.9710,-0.1995,0.0605)",0,0,0,0,0,0,0
4,"Environment: 2, FiringMode: 2",13.40468,true,-1.551622,2.270562,1.008415,"(0.0503,0.9904,-0.1130,0.0612)",true,-1.204409,1.965715,0.6247616,"(0.4323,-0.8523,0.1671,-0.2425)",0,0,0,0,0,0,0,true,-1.723127,2.03505,0.7488329,"(0.1177,0.9709,-0.1995,0.0612)",0,0,0,0,0,0,0
4,"Environment: 2, FiringMode: 2",13.41851,true,-1.551641,2.270509,1.008392,"(0.0504,0.9904,-0.1131,0.0610)",true,-1.204176,1.965677,0.6243639,"(0.4322,-0.8521,0.1675,-0.2431)",0,0,0,0,0,0,0,true,-1.722939,2.035194,0.7490083,"(0.1167,0.9710,-0.1990,0.0621)",0,0,0,0,0,0,0
4,"Environment: 2, FiringMode: 2",13.43231,true,-1.551674,2.270446,1.008375,"(0.0503,0.9904,-0.1132,0.0610)",true,-1.204042,1.965627,0.6236831,"(0.4318,-0.8516,0.1684,-0.2450)",0,0,0,0,0,0,0,true,-1.722781,2.035357,0.749156,"(0.1144,0.9713,-0.1987,0.0628)",0,0,0,0,0,0,0
4,"Environment: 2, FiringMode: 2",13.44643,true,-1.55168,2.270385,1.008348,"(0.0503,0.9904,-0.1133,0.0609)",true,-1.204212,1.965572,0.6228622,"(0.4316,-0.8502,0.1702,-0.2486)",0,0,0,0,0,0,0,true,-1.722575,2.035333,0.7492853,"(0.1125,0.9714,-0.1991,0.0637)",0,0,0,0,0,0,0
4,"Environment: 2, FiringMode: 2",13.46037,true,-1.551706,2.270321,1.008343,"(0.0503,0.9904,-0.1135,0.0609)",true,-1.204795,1.965544,0.6224495,"(0.4316,-0.8500,0.1704,-0.2493)",0,0,0,0,0,0,0,true,-1.72228,2.035158,0.7494147,"(0.1128,0.9713,-0.1992,0.0647)",0,0,0,0,0,0,0
4,"Environment: 2, FiringMode: 2",13.47413,true,-1.551743,2.270262,1.008354,"(0.0504,0.9903,-0.1139,0.0610)",true,-1.205016,1.96554,0.622587,"(0.4312,-0.8512,0.1696,-0.2465)",0,0,0,0,0,0,0,true,-1.721755,2.034981,0.7496905,"(0.1129,0.9711,-0.1996,0.0663)",0,0,0,0,0,0,0
4,"Environment: 2, FiringMode: 2",13.48817,true,-1.551759,2.270198,1.008339,"(0.0505,0.9903,-0.1141,0.0610)",true,-1.205832,1.965517,0.621238,"(0.4326,-0.8515,0.1676,-0.2443)",0,0,0,0,0,0,0,true,-1.721174,2.034791,0.7499919,"(0.1131,0.9709,-0.1999,0.0678)",0,0,0,0,0,0,0
4,"Environment: 2, FiringMode: 2",13.50222,true,-1.551758,2.270127,1.008303,"(0.0504,0.9903,-0.1141,0.0610)",true,-1.206857,1.96538,0.6197928,"(0.4309,-0.8541,0.1661,-0.2392)",0,0,0,0,0,0,0,true,-1.720684,2.03465,0.7502241,"(0.1132,0.9708,-0.1998,0.0691)",0,0,0,0,0,0,0
4,"Environment: 2, FiringMode: 2",13.51587,true,-1.551769,2.270052,1.008279,"(0.0506,0.9903,-0.1141,0.0610)",true,-1.207858,1.965311,0.6190207,"(0.4337,-0.8545,0.1637,-0.2344)",0,0,0,0,0,0,0,true,-1.720271,2.034525,0.7504258,"(0.1121,0.9708,-0.2001,0.0701)",0,0,0,0,0,0,0
4,"Environment: 2, FiringMode: 2",13.52955,true,-1.551797,2.269977,1.008287,"(0.0508,0.9902,-0.1145,0.0610)",true,-1.208432,1.965337,0.618269,"(0.4343,-0.8560,0.1616,-0.2293)",0,0,0,0,0,0,0,true,-1.719687,2.034419,0.7506664,"(0.1107,0.9708,-0.2002,0.0719)",0,0,0,0,0,0,0
4,"Environment: 2, FiringMode: 2",13.54346,true,-1.55185,2.269876,1.008315,"(0.0510,0.9902,-0.1149,0.0612)",true,-1.208826,1.965217,0.6175283,"(0.4366,-0.8566,0.1584,-0.2248)",0,0,0,0,0,0,0,true,-1.718792,2.034355,0.7509979,"(0.1095,0.9709,-0.1997,0.0741)",0,0,0,0,0,0,0
4,"Environment: 2, FiringMode: 2",13.55728,true,-1.551928,2.269786,1.00835,"(0.0512,0.9901,-0.1153,0.0613)",true,-1.208701,1.965108,0.6169065,"(0.4336,-0.8594,0.1569,-0.2211)",0,0,0,0,0,0,0,true,-1.717809,2.034185,0.7514362,"(0.1092,0.9707,-0.1997,0.0771)",0,0,0,0,0,0,0
4,"Environment: 2, FiringMode: 2",13.57135,true,-1.552013,2.269712,1.008371,"(0.0511,0.9901,-0.1154,0.0611)",true,-1.208917,1.965221,0.6165214,"(0.4359,-0.8589,0.1550,-0.2196)",0,0,0,0,0,0,0,true,-1.71708,2.033811,0.7517715,"(0.1109,0.9701,-0.2006,0.0795)",0,0,0,0,0,0,0
4,"Environment: 2, FiringMode: 2",13.58522,true,-1.552119,2.269672,1.008377,"(0.0510,0.9901,-0.1155,0.0611)",true,-1.209172,1.9653,0.616334,"(0.4351,-0.8601,0.1553,-0.2165)",0,0,0,0,0,0,0,true,-1.716409,2.033409,0.7520835,"(0.1142,0.9695,-0.2006,0.0818)",0,0,0,0,0,0,0
4,"Environment: 2, FiringMode: 2",13.5992,true,-1.552195,2.269624,1.008379,"(0.0509,0.9901,-0.1154,0.0610)",true,-1.209626,1.965295,0.6159952,"(0.4357,-0.8612,0.1543,-0.2116)",0,0,0,0,0,0,0,true,-1.715997,2.033117,0.7522739,"(0.1145,0.9693,-0.2012,0.0831)",0,0,0,0,0,0,0
4,"Environment: 2, FiringMode: 2",13.61287,true,-1.552282,2.269617,1.008337,"(0.0506,0.9902,-0.1153,0.0607)",true,-1.209927,1.965282,0.6154715,"(0.4359,-0.8623,0.1511,-0.2088)",0,0,0,0,0,0,0,true,-1.715753,2.032959,0.7524078,"(0.1149,0.9693,-0.2009,0.0830)",0,0,0,0,0,0,0
4,"Environment: 2, FiringMode: 2",13.62656,true,-1.552385,2.26963,1.008281,"(0.0503,0.9903,-0.1148,0.0603)",true,-1.210521,1.965302,0.614634,"(0.4401,-0.8617,0.1478,-0.2049)",0,0,0,0,0,0,0,true,-1.71591,2.032969,0.7523717,"(0.1148,0.9695,-0.2005,0.0822)",0,0,0,0,0,0,0
4,"Environment: 2, FiringMode: 2",13.64045,true,-1.552484,2.269662,1.00822,"(0.0504,0.9903,-0.1145,0.0597)",true,-1.211287,1.965307,0.613844,"(0.4377,-0.8657,0.1455,-0.1943)",0,0,0,0,0,0,0,true,-1.715935,2.032889,0.7524288,"(0.1146,0.9695,-0.2006,0.0823)",0,0,0,0,0,0,0
4,"Environment: 2, FiringMode: 2",13.65432,true,-1.552598,2.269755,1.008125,"(0.0505,0.9904,-0.1146,0.0593)",true,-1.212117,1.96532,0.6136957,"(0.4417,-0.8653,0.1420,-0.1896)",0,0,0,0,0,0,0,true,-1.715772,2.032648,0.7527076,"(0.1157,0.9692,-0.2008,0.0833)",0,0,0,0,0,0,0
4,"Environment: 2, FiringMode: 2",13.66825,true,-1.552688,2.269836,1.008005,"(0.0502,0.9904,-0.1145,0.0588)",true,-1.212433,1.96529,0.6136158,"(0.4406,-0.8656,0.1405,-0.1919)",0,0,0,0,0,0,0,true,-1.715733,2.032466,0.7529738,"(0.1170,0.9690,-0.2005,0.0840)",0,0,0,0,0,0,0
4,"Environment: 2, FiringMode: 2",13.68221,true,-1.552743,2.269895,1.007855,"(0.0500,0.9905,-0.1144,0.0582)",true,-1.212625,1.965299,0.6134019,"(0.4424,-0.8628,0.1445,-0.1973)",0,0,0,0,0,0,0,true,-1.715849,2.032218,0.7533135,"(0.1192,0.9688,-0.2001,0.0841)",0,0,0,0,0,0,0
4,"Environment: 2, FiringMode: 2",13.69609,true,-1.552797,2.269943,1.007684,"(0.0501,0.9905,-0.1141,0.0576)",true,-1.212296,1.965239,0.6140716,"(0.4392,-0.8634,0.1462,-0.2007)",0,0,0,0,0,0,0,true,-1.716179,2.031733,0.7537802,"(0.1231,0.9685,-0.1996,0.0838)",0,0,0,0,0,0,0
4,"Environment: 2, FiringMode: 2",13.71013,true,-1.552825,2.269976,1.007497,"(0.0498,0.9906,-0.1137,0.0569)",true,-1.212881,1.965148,0.6137772,"(0.4397,-0.8630,0.1464,-0.2009)",0,0,0,0,0,0,0,true,-1.716792,2.031246,0.754059,"(0.1282,0.9681,-0.1990,0.0825)",0,0,0,0,0,0,0
4,"Environment: 2, FiringMode: 2",13.72406,true,-1.552823,2.269964,1.007312,"(0.0493,0.9907,-0.1138,0.0562)",true,-1.213617,1.965047,0.613346,"(0.4384,-0.8641,0.1463,-0.1992)",0,0,0,0,0,0,0,true,-1.71761,2.03072,0.7542312,"(0.1328,0.9677,-0.1988,0.0802)",0,0,0,0,0,0,0
4,"Environment: 2, FiringMode: 2",13.73799,true,-1.55283,2.269912,1.007159,"(0.0492,0.9907,-0.1141,0.0559)",true,-1.215071,1.964905,0.6124541,"(0.4408,-0.8640,0.1436,-0.1964)",0,0,0,0,0,0,0,true,-1.718637,2.03026,0.7543759,"(0.1364,0.9676,-0.1981,0.0764)",0,0,0,0,0,0,0
4,"Environment: 2, FiringMode: 2",13.75179,true,-1.552808,2.269838,1.007033,"(0.0496,0.9906,-0.1147,0.0555)",true,-1.215979,1.964869,0.6119814,"(0.4386,-0.8660,0.1430,-0.1928)",0,0,0,0,0,0,0,true,-1.719776,2.029961,0.7545036,"(0.1400,0.9680,-0.1955,0.0718)",0,0,0,0,0,0,0
4,"Environment: 2, FiringMode: 2",13.7659,true,-1.552786,2.269806,1.006868,"(0.0495,0.9906,-0.1151,0.0551)",true,-1.216657,1.964855,0.6118475,"(0.4427,-0.8644,0.1406,-0.1924)",0,0,0,0,0,0,0,true,-1.721022,2.030026,0.7546762,"(0.1440,0.9692,-0.1886,0.0662)",0,0,0,0,0,0,0
4,"Environment: 2, FiringMode: 2",13.7798,true,-1.552718,2.269767,1.006677,"(0.0493,0.9906,-0.1156,0.0547)",true,-1.216544,1.964827,0.6119682,"(0.4413,-0.8648,0.1420,-0.1928)",0,0,0,0,0,0,0,true,-1.72222,2.030232,0.7550238,"(0.1502,0.9706,-0.1783,0.0605)",0,0,0,0,0,0,0
4,"Environment: 2, FiringMode: 2",13.79359,true,-1.552557,2.269712,1.006484,"(0.0490,0.9906,-0.1157,0.0541)",true,-1.215887,1.964826,0.612447,"(0.4401,-0.8648,0.1432,-0.1950)",0,0,0,0,0,0,0,true,-1.72346,2.030366,0.7558335,"(0.1614,0.9718,-0.1628,0.0548)",0,0,0,0,0,0,0
4,"Environment: 2, FiringMode: 2",13.80763,true,-1.55237,2.269656,1.006252,"(0.0491,0.9906,-0.1157,0.0538)",true,-1.215799,1.964802,0.6123633,"(0.4402,-0.8643,0.1439,-0.1961)",0,0,0,0,0,0,0,true,-1.72488,2.029795,0.7570462,"(0.1716,0.9720,-0.1527,0.0497)",0,0,0,0,0,0,0
4,"Environment: 2, FiringMode: 2",13.82154,true,-1.552173,2.26964,1.005985,"(0.0492,0.9907,-0.1154,0.0533)",true,-1.215569,1.964745,0.6122638,"(0.4395,-0.8641,0.1448,-0.1981)",0,0,0,0,0,0,0,true,-1.727054,2.028409,0.7583927,"(0.1801,0.9713,-0.1495,0.0421)",0,0,0,0,0,0,0
4,"Environment: 2, FiringMode: 2",13.83521,true,-1.551961,2.269658,1.005665,"(0.0500,0.9907,-0.1148,0.0526)",true,-1.215756,1.964872,0.6125755,"(0.4398,-0.8639,0.1448,-0.1982)",0,0,0,0,0,0,0,true,-1.729716,2.026747,0.7594312,"(0.1951,0.9694,-0.1468,0.0268)",0,0,0,0,0,0,0
4,"Environment: 2, FiringMode: 2",13.84914,true,-1.551702,2.269685,1.005226,"(0.0507,0.9908,-0.1143,0.0521)",true,-1.21603,1.965041,0.6129121,"(0.4399,-0.8641,0.1444,-0.1975)",0,0,0,0,0,0,0,true,-1.732388,2.025651,0.7608211,"(0.2088,0.9683,-0.1364,0.0159)",0,0,0,0,0,0,0
4,"Environment: 2, FiringMode: 2",13.86301,true,-1.551466,2.269634,1.004901,"(0.0516,0.9908,-0.1142,0.0516)",true,-1.216261,1.965192,0.6132036,"(0.4399,-0.8641,0.1444,-0.1976)",0,0,0,0,0,0,0,true,-1.735179,2.024626,0.761892,"(0.2200,0.9673,-0.1264,0.0057)",0,0,0,0,0,0,0
4,"Environment: 2, FiringMode: 2",13.87681,true,-1.551288,2.269443,1.00464,"(0.0522,0.9907,-0.1143,0.0512)",true,-1.216224,1.965176,0.6131604,"(0.4399,-0.8641,0.1444,-0.1975)",0,0,0,0,0,0,0,true,-1.738438,2.023087,0.7631782,"(0.2310,0.9658,-0.1177,-0.0070)",0,0,0,0,0,0,0
4,"Environment: 2, FiringMode: 2",13.89087,true,-1.551027,2.269273,1.004321,"(0.0529,0.9907,-0.1147,0.0508)",true,-1.216187,1.965159,0.6131122,"(0.4399,-0.8641,0.1444,-0.1975)",0,0,0,0,0,0,0,true,-1.741667,2.021446,0.7650962,"(0.2419,0.9645,-0.1046,-0.0142)",0,0,0,0,0,0,0
4,"Environment: 2, FiringMode: 2",13.90477,true,-1.550812,2.26911,1.003995,"(0.0536,0.9907,-0.1147,0.0507)",true,-1.21628,1.965217,0.613205,"(0.4399,-0.8641,0.1444,-0.1975)",0,0,0,0,0,0,0,true,-1.745037,2.019506,0.7677767,"(0.2570,0.9623,-0.0873,-0.0198)",0,0,0,0,0,0,0
4,"Environment: 2, FiringMode: 2",13.9187,true,-1.550602,2.268921,1.003636,"(0.0540,0.9906,-0.1149,0.0503)",true,-1.216426,1.965305,0.6133528,"(0.4399,-0.8641,0.1444,-0.1975)",0,0,0,0,0,0,0,true,-1.748173,2.017648,0.7708209,"(0.2752,0.9589,-0.0649,-0.0237)",0,0,0,0,0,0,0
4,"Environment: 2, FiringMode: 2",13.93252,true,-1.550417,2.268683,1.003156,"(0.0546,0.9907,-0.1146,0.0495)",true,-1.216532,1.96537,0.6134582,"(0.4399,-0.8641,0.1444,-0.1976)",0,0,0,0,0,0,0,true,-1.751514,2.015369,0.7734313,"(0.2856,0.9566,-0.0529,-0.0247)",0,0,0,0,0,0,0
4,"Environment: 2, FiringMode: 2",13.94657,true,-1.550294,2.268476,1.002643,"(0.0552,0.9907,-0.1144,0.0482)",true,-1.216513,1.965362,0.6134265,"(0.4399,-0.8641,0.1444,-0.1975)",0,0,0,0,0,0,0,true,-1.75487,2.012662,0.7756538,"(0.2926,0.9547,-0.0473,-0.0261)",0,0,0,0,0,0,0
4,"Environment: 2, FiringMode: 2",13.96061,true,-1.550205,2.268203,1.00206,"(0.0567,0.9908,-0.1139,0.0469)",true,-1.216526,1.965368,0.6134484,"(0.4399,-0.8641,0.1444,-0.1975)",0,0,0,0,0,0,0,true,-1.757156,2.009719,0.7784498,"(0.3128,0.9490,-0.0283,-0.0257)",0,0,0,0,0,0,0
4,"Environment: 2, FiringMode: 2",13.97428,true,-1.550087,2.267766,1.001527,"(0.0580,0.9908,-0.1133,0.0453)",true,-1.216526,1.965368,0.6134484,"(0.4399,-0.8641,0.1444,-0.1975)",0,0,0,0,0,0,0,true,-1.759093,2.00686,0.781256,"(0.3274,0.9446,-0.0139,-0.0161)",0,0,0,0,0,0,0
4,"Environment: 2, FiringMode: 2",13.98819,true,-1.54999,2.267334,1.001018,"(0.0592,0.9909,-0.1130,0.0435)",true,-1.216526,1.965368,0.6134485,"(0.4399,-0.8641,0.1444,-0.1975)",0,0,0,0,0,0,0,true,-1.761335,2.004036,0.7836944,"(0.3243,0.9459,-0.0130,-0.0017)",0,0,0,0,0,0,0
4,"Environment: 2, FiringMode: 2",14.00202,true,-1.549956,2.266903,1.000475,"(0.0605,0.9909,-0.1129,0.0419)",true,-1.216526,1.965368,0.6134484,"(0.4399,-0.8641,0.1444,-0.1975)",0,0,0,0,0,0,0,true,-1.763875,2.001588,0.7857959,"(0.3221,0.9466,-0.0109,0.0067)",0,0,0,0,0,0,0
4,"Environment: 2, FiringMode: 2",14.01578,true,-1.550045,2.266491,0.999849,"(0.0617,0.9909,-0.1126,0.0396)",true,-1.216526,1.965368,0.6134484,"(0.4399,-0.8641,0.1444,-0.1975)",0,0,0,0,0,0,0,true,-1.766531,1.999571,0.7872645,"(0.3087,0.9509,-0.0137,0.0170)",0,0,0,0,0,0,0
4,"Environment: 2, FiringMode: 2",14.02987,true,-1.550147,2.266132,0.9992434,"(0.0628,0.9911,-0.1120,0.0363)",true,-1.216526,1.965368,0.6134484,"(0.4399,-0.8641,0.1444,-0.1975)",0,0,0,0,0,0,0,true,-1.769033,1.99829,0.7888141,"(0.3032,0.9525,-0.0090,0.0262)",0,0,0,0,0,0,0
4,"Environment: 2, FiringMode: 2",14.04372,true,-1.550359,2.265691,0.9985925,"(0.0641,0.9913,-0.1108,0.0320)",true,-1.216526,1.965368,0.6134484,"(0.4399,-0.8641,0.1444,-0.1975)",0,0,0,0,0,0,0,true,-1.771543,1.997268,0.789979,"(0.3119,0.9497,0.0049,0.0278)",0,0,0,0,0,0,0
4,"Environment: 2, FiringMode: 2",14.05756,true,-1.550503,2.265473,0.9979932,"(0.0663,0.9914,-0.1093,0.0266)",true,-1.216526,1.965368,0.6134484,"(0.4399,-0.8641,0.1444,-0.1975)",0,0,0,0,0,0,0,true,-1.774096,1.995955,0.7905864,"(0.3296,0.9436,0.0156,0.0265)",0,0,0,0,0,0,0
4,"Environment: 2, FiringMode: 2",14.07154,true,-1.550806,2.265591,0.9971112,"(0.0685,0.9916,-0.1075,0.0214)",true,-1.216526,1.965368,0.6134483,"(0.4399,-0.8641,0.1444,-0.1975)",0,0,0,0,0,0,0,true,-1.776808,1.994174,0.7903945,"(0.3575,0.9334,0.0230,0.0192)",0,0,0,0,0,0,0
4,"Environment: 2, FiringMode: 2",14.08545,true,-1.55121,2.265861,0.9961975,"(0.0709,0.9919,-0.1043,0.0159)",true,-1.216526,1.965368,0.6134483,"(0.4399,-0.8641,0.1444,-0.1975)",0,0,0,0,0,0,0,true,-1.780131,1.992142,0.7896477,"(0.3818,0.9238,0.0248,0.0124)",0,0,0,0,0,0,0
4,"Environment: 2, FiringMode: 2",14.09944,true,-1.55187,2.266274,0.9954097,"(0.0735,0.9923,-0.0992,0.0092)",true,-1.216526,1.965368,0.6134484,"(0.4399,-0.8641,0.1444,-0.1975)",0,0,0,0,0,0,0,true,-1.783887,1.990195,0.7885513,"(0.3988,0.9168,0.0197,0.0046)",0,0,0,0,0,0,0
4,"Environment: 2, FiringMode: 2",14.11309,true,-1.55269,2.266983,0.9947035,"(0.0768,0.9926,-0.0943,0.0015)",true,-1.216526,1.965368,0.6134485,"(0.4399,-0.8641,0.1444,-0.1975)",0,0,0,0,0,0,0,true,-1.787411,1.988716,0.7879916,"(0.4149,0.9095,0.0235,-0.0057)",0,0,0,0,0,0,0
4,"Environment: 2, FiringMode: 2",14.12712,true,-1.553536,2.2678,0.9940541,"(0.0798,0.9928,-0.0892,-0.0073)",true,-1.216526,1.965368,0.6134485,"(0.4399,-0.8641,0.1444,-0.1975)",0,0,0,0,0,0,0,true,-1.790908,1.988483,0.7876789,"(0.4235,0.9051,0.0346,-0.0136)",0,0,0,0,0,0,0
4,"Environment: 2, FiringMode: 2",14.14088,true,-1.554523,2.268759,0.9934183,"(0.0836,0.9929,-0.0826,-0.0160)",true,-1.216526,1.965368,0.6134484,"(0.4399,-0.8641,0.1444,-0.1975)",0,0,0,0,0,0,0,true,-1.794025,1.988696,0.7872207,"(0.4306,0.9010,0.0469,-0.0230)",0,0,0,0,0,0,0
4,"Environment: 2, FiringMode: 2",14.15464,true,-1.555465,2.269956,0.9928011,"(0.0880,0.9930,-0.0748,-0.0254)",true,-1.216526,1.965368,0.6134484,"(0.4399,-0.8641,0.1444,-0.1975)",0,0,0,0,0,0,0,true,-1.797323,1.988686,0.7864594,"(0.4301,0.9010,0.0478,-0.0304)",0,0,0,0,0,0,0
4,"Environment: 2, FiringMode: 2",14.16873,true,-1.556575,2.271366,0.9921554,"(0.0930,0.9929,-0.0662,-0.0347)",true,-1.216526,1.965368,0.6134484,"(0.4399,-0.8641,0.1444,-0.1975)",0,0,0,0,0,0,0,true,-1.800963,1.988575,0.7862458,"(0.4310,0.9002,0.0493,-0.0390)",0,0,0,0,0,0,0
4,"Environment: 2, FiringMode: 2",14.18251,true,-1.557655,2.272787,0.9915631,"(0.0981,0.9926,-0.0576,-0.0435)",true,-1.216526,1.965368,0.6134483,"(0.4399,-0.8641,0.1444,-0.1975)",0,0,0,0,0,0,0,true,-1.804313,1.988686,0.7862733,"(0.4331,0.8982,0.0563,-0.0499)",0,0,0,0,0,0,0
4,"Environment: 2, FiringMode: 2",14.19601,true,-1.558598,2.274018,0.9911134,"(0.1034,0.9920,-0.0496,-0.0519)",true,-1.216526,1.965368,0.6134485,"(0.4399,-0.8641,0.1444,-0.1975)",0,0,0,0,0,0,0,true,-1.80695,1.988886,0.7861933,"(0.4291,0.8996,0.0604,-0.0549)",0,0,0,0,0,0,0
4,"Environment: 2, FiringMode: 2",14.21023,true,-1.559562,2.275512,0.9905235,"(0.1083,0.9915,-0.0413,-0.0598)",true,-1.216526,1.965368,0.6134483,"(0.4399,-0.8641,0.1444,-0.1975)",0,0,0,0,0,0,0,true,-1.809545,1.988836,0.7861097,"(0.4257,0.9006,0.0647,-0.0596)",0,0,0,0,0,0,0
4,"Environment: 2, FiringMode: 2",14.22418,true,-1.560903,2.277195,0.9900447,"(0.1137,0.9907,-0.0316,-0.0675)",true,-1.216526,1.965368,0.6134484,"(0.4399,-0.8641,0.1444,-0.1975)",0,0,0,0,0,0,0,true,-1.811915,1.988606,0.7861132,"(0.4188,0.9034,0.0677,-0.0620)",0,0,0,0,0,0,0
4,"Environment: 2, FiringMode: 2",14.23817,true,-1.562055,2.27896,0.9899219,"(0.1206,0.9895,-0.0216,-0.0769)",true,-1.216526,1.965368,0.6134484,"(0.4399,-0.8641,0.1444,-0.1975)",0,0,0,0,0,0,0,true,-1.813825,1.988333,0.785861,"(0.4140,0.9056,0.0639,-0.0661)",0,0,0,0,0,0,0
4,"Environment: 2, FiringMode: 2",14.25179,true,-1.56329,2.28056,0.9897727,"(0.1268,0.9882,-0.0132,-0.0848)",true,-1.216526,1.965368,0.6134484,"(0.4399,-0.8641,0.1444,-0.1975)",0,0,0,0,0,0,0,true,-1.816174,1.98897,0.7859309,"(0.4037,0.9104,0.0618,-0.0664)",0,0,0,0,0,0,0
4,"Environment: 2, FiringMode: 2",14.26589,true,-1.56422,2.281765,0.9896495,"(0.1322,0.9869,-0.0053,-0.0925)",true,-1.216526,1.965368,0.6134484,"(0.4399,-0.8641,0.1444,-0.1975)",0,0,0,0,0,0,0,true,-1.818151,1.990845,0.7864066,"(0.3928,0.9140,0.0709,-0.0733)",0,0,0,0,0,0,0
4,"Environment: 2, FiringMode: 2",14.2797,true,-1.565025,2.282888,0.9894577,"(0.1364,0.9857,0.0005,-0.0993)",true,-1.216526,1.965368,0.6134484,"(0.4399,-0.8641,0.1444,-0.1975)",0,0,0,0,0,0,0,true,-1.819834,1.99279,0.7868167,"(0.3815,0.9176,0.0809,-0.0771)",0,0,0,0,0,0,0
4,"Environment: 2, FiringMode: 2",14.29322,true,-1.56581,2.283846,0.9891995,"(0.1397,0.9846,0.0070,-0.1048)",true,-1.216526,1.965368,0.6134484,"(0.4399,-0.8641,0.1444,-0.1975)",0,0,0,0,0,0,0,true,-1.82132,1.993994,0.7867345,"(0.3742,0.9199,0.0836,-0.0824)",0,0,0,0,0,0,0
4,"Environment: 2, FiringMode: 2",14.30735,true,-1.566646,2.285224,0.9888368,"(0.1424,0.9837,0.0128,-0.1093)",true,-1.216526,1.965368,0.6134484,"(0.4399,-0.8641,0.1444,-0.1975)",0,0,0,0,0,0,0,true,-1.822959,1.994153,0.7869784,"(0.3726,0.9209,0.0810,-0.0808)",0,0,0,0,0,0,0
4,"Environment: 2, FiringMode: 2",14.32123,true,-1.567635,2.286469,0.9886738,"(0.1455,0.9825,0.0194,-0.1145)",true,-1.216526,1.965368,0.6134484,"(0.4399,-0.8641,0.1444,-0.1975)",0,0,0,0,0,0,0,true,-1.823958,1.994003,0.7873203,"(0.3719,0.9212,0.0834,-0.0777)",0,0,0,0,0,0,0
4,"Environment: 2, FiringMode: 2",14.33502,true,-1.568762,2.287498,0.9885824,"(0.1482,0.9812,0.0255,-0.1207)",true,-1.216526,1.965368,0.6134485,"(0.4399,-0.8641,0.1444,-0.1975)",0,0,0,0,0,0,0,true,-1.824585,1.99382,0.7872321,"(0.3754,0.9206,0.0801,-0.0711)",0,0,0,0,0,0,0
4,"Environment: 2, FiringMode: 2",14.34916,true,-1.569936,2.288162,0.9884692,"(0.1509,0.9800,0.0293,-0.1267)",true,-1.216526,1.965368,0.6134481,"(0.4399,-0.8641,0.1444,-0.1975)",0,0,0,0,0,0,0,true,-1.825155,1.993762,0.7877191,"(0.3773,0.9200,0.0828,-0.0656)",0,0,0,0,0,0,0
4,"Environment: 2, FiringMode: 2",14.36323,true,-1.570892,2.288788,0.9880131,"(0.1540,0.9786,0.0331,-0.1322)",true,-1.216526,1.965368,0.6134484,"(0.4399,-0.8641,0.1444,-0.1975)",0,0,0,0,0,0,0,true,-1.826337,1.993757,0.7878743,"(0.3790,0.9191,0.0852,-0.0660)",0,0,0,0,0,0,0
4,"Environment: 2, FiringMode: 2",14.3769,true,-1.57179,2.289419,0.9874175,"(0.1568,0.9775,0.0360,-0.1363)",true,-1.216526,1.965368,0.6134484,"(0.4399,-0.8641,0.1444,-0.1975)",0,0,0,0,0,0,0,true,-1.828028,1.99358,0.7870812,"(0.3810,0.9182,0.0826,-0.0705)",0,0,0,0,0,0,0
4,"Environment: 2, FiringMode: 2",14.39095,true,-1.572546,2.289804,0.9868994,"(0.1588,0.9765,0.0381,-0.1406)",true,-1.216526,1.965368,0.6134483,"(0.4399,-0.8641,0.1444,-0.1975)",0,0,0,0,0,0,0,true,-1.830696,1.993768,0.7865737,"(0.3850,0.9155,0.0842,-0.0805)",0,0,0,0,0,0,0
4,"Environment: 2, FiringMode: 2",14.40492,true,-1.573303,2.289611,0.9863588,"(0.1603,0.9756,0.0396,-0.1448)",true,-1.216526,1.965368,0.6134484,"(0.4399,-0.8641,0.1444,-0.1975)",0,0,0,0,0,0,0,true,-1.833261,1.994195,0.7860003,"(0.3882,0.9128,0.0867,-0.0930)",0,0,0,0,0,0,0
4,"Environment: 2, FiringMode: 2",14.41874,true,-1.574281,2.28949,0.985802,"(0.1620,0.9747,0.0401,-0.1488)",true,-1.216526,1.965368,0.6134485,"(0.4399,-0.8641,0.1444,-0.1975)",0,0,0,0,0,0,0,true,-1.83605,1.99441,0.7852881,"(0.3918,0.9097,0.0849,-0.1085)",0,0,0,0,0,0,0
4,"Environment: 2, FiringMode: 2",14.43258,true,-1.574882,2.288941,0.9852915,"(0.1639,0.9737,0.0400,-0.1531)",true,-1.216526,1.965368,0.6134485,"(0.4399,-0.8641,0.1444,-0.1975)",0,0,0,0,0,0,0,true,-1.839391,1.993983,0.7845338,"(0.3951,0.9068,0.0766,-0.1258)",0,0,0,0,0,0,0
4,"Environment: 2, FiringMode: 2",14.44658,true,-1.575245,2.288133,0.9846707,"(0.1647,0.9732,0.0382,-0.1562)",true,-1.216526,1.965368,0.6134484,"(0.4399,-0.8641,0.1444,-0.1975)",0,0,0,0,0,0,0,true,-1.842346,1.993033,0.7833339,"(0.3950,0.9064,0.0627,-0.1360)",0,0,0,0,0,0,0
4,"Environment: 2, FiringMode: 2",14.4605,true,-1.575322,2.287061,0.9837745,"(0.1647,0.9729,0.0352,-0.1585)",true,-1.216526,1.965368,0.6134485,"(0.4399,-0.8641,0.1444,-0.1975)",0,0,0,0,0,0,0,true,-1.844561,1.992175,0.7826763,"(0.3943,0.9061,0.0540,-0.1435)",0,0,0,0,0,0,0
4,"Environment: 2, FiringMode: 2",14.47439,true,-1.57503,2.285567,0.9826158,"(0.1640,0.9730,0.0313,-0.1594)",true,-1.216526,1.965368,0.6134484,"(0.4399,-0.8641,0.1444,-0.1975)",0,0,0,0,0,0,0,true,-1.846462,1.991174,0.7823377,"(0.3859,0.9093,0.0440,-0.1492)",0,0,0,0,0,0,0
4,"Environment: 2, FiringMode: 2",14.48818,true,-1.574634,2.284302,0.9813922,"(0.1643,0.9732,0.0261,-0.1588)",true,-1.216526,1.965368,0.6134484,"(0.4399,-0.8641,0.1444,-0.1975)",0,0,0,0,0,0,0,true,-1.848112,1.989636,0.7815847,"(0.3850,0.9095,0.0249,-0.1548)",0,0,0,0,0,0,0
4,"Environment: 2, FiringMode: 2",14.50207,true,-1.574008,2.282793,0.9802262,"(0.1656,0.9735,0.0206,-0.1560)",true,-1.216526,1.965368,0.6134484,"(0.4399,-0.8641,0.1444,-0.1975)",0,0,0,0,0,0,0,true,-1.849957,1.988166,0.7804381,"(0.3859,0.9082,0.0020,-0.1618)",0,0,0,0,0,0,0
4,"Environment: 2, FiringMode: 2",14.51589,true,-1.572945,2.281343,0.978821,"(0.1678,0.9738,0.0158,-0.1527)",true,-1.216526,1.965368,0.6134484,"(0.4399,-0.8641,0.1444,-0.1975)",0,0,0,0,0,0,0,true,-1.851561,1.987661,0.7798188,"(0.3855,0.9065,-0.0042,-0.1724)",0,0,0,0,0,0,0
4,"Environment: 2, FiringMode: 2",14.52999,true,-1.571741,2.279853,0.9773557,"(0.1703,0.9742,0.0115,-0.1478)",true,-1.216526,1.965368,0.6134483,"(0.4399,-0.8641,0.1444,-0.1975)",0,0,0,0,0,0,0,true,-1.852271,1.987488,0.7794073,"(0.3894,0.9035,-0.0035,-0.1789)",0,0,0,0,0,0,0
4,"Environment: 2, FiringMode: 2",14.54403,true,-1.570218,2.278336,0.9757719,"(0.1731,0.9746,0.0075,-0.1421)",true,-1.216526,1.965368,0.6134485,"(0.4399,-0.8641,0.1444,-0.1975)",0,0,0,0,0,0,0,true,-1.852102,1.987231,0.7793143,"(0.3955,0.9003,-0.0025,-0.1816)",0,0,0,0,0,0,0
4,"Environment: 2, FiringMode: 2",14.55795,true,-1.568494,2.276893,0.9741712,"(0.1755,0.9750,0.0030,-0.1364)",true,-1.216526,1.965368,0.6134483,"(0.4399,-0.8641,0.1444,-0.1975)",0,0,0,0,0,0,0,true,-1.851611,1.986473,0.77927,"(0.3980,0.9000,-0.0017,-0.1775)",0,0,0,0,0,0,0
4,"Environment: 2, FiringMode: 2",14.57159,true,-1.56672,2.275247,0.972677,"(0.1778,0.9755,-0.0015,-0.1297)",true,-1.216526,1.965368,0.6134484,"(0.4399,-0.8641,0.1444,-0.1975)",0,0,0,0,0,0,0,true,-1.850892,1.984874,0.7782156,"(0.3996,0.9013,-0.0096,-0.1672)",0,0,0,0,0,0,0
4,"Environment: 2, FiringMode: 2",14.58536,true,-1.564917,2.273661,0.9710671,"(0.1799,0.9759,-0.0064,-0.1232)",true,-1.216526,1.965368,0.6134485,"(0.4399,-0.8641,0.1444,-0.1975)",0,0,0,0,0,0,0,true,-1.850428,1.983015,0.7772551,"(0.4048,0.9000,-0.0169,-0.1609)",0,0,0,0,0,0,0
4,"Environment: 2, FiringMode: 2",14.59933,true,-1.563158,2.272154,0.9693667,"(0.1821,0.9764,-0.0103,-0.1154)",true,-1.216526,1.965368,0.6134483,"(0.4399,-0.8641,0.1444,-0.1975)",0,0,0,0,0,0,0,true,-1.849455,1.980878,0.7763942,"(0.4115,0.8984,-0.0231,-0.1516)",0,0,0,0,0,0,0
4,"Environment: 2, FiringMode: 2",14.61307,true,-1.561094,2.270749,0.9676031,"(0.1839,0.9769,-0.0140,-0.1081)",true,-1.216526,1.965368,0.6134483,"(0.4399,-0.8641,0.1444,-0.1975)",0,0,0,0,0,0,0,true,-1.84849,1.979126,0.7756089,"(0.4159,0.8975,-0.0308,-0.1433)",0,0,0,0,0,0,0
4,"Environment: 2, FiringMode: 2",14.62721,true,-1.558873,2.26925,0.965767,"(0.1860,0.9773,-0.0178,-0.1002)",true,-1.216526,1.965368,0.6134484,"(0.4399,-0.8641,0.1444,-0.1975)",0,0,0,0,0,0,0,true,-1.847727,1.978853,0.7748772,"(0.4185,0.8965,-0.0295,-0.1421)",0,0,0,0,0,0,0
4,"Environment: 2, FiringMode: 2",14.64112,true,-1.556742,2.26772,0.9639904,"(0.1878,0.9777,-0.0221,-0.0915)",true,-1.216526,1.965368,0.6134481,"(0.4399,-0.8641,0.1444,-0.1975)",0,0,0,0,0,0,0,true,-1.847759,1.981312,0.7745951,"(0.4263,0.8927,-0.0092,-0.1455)",0,0,0,0,0,0,0
4,"Environment: 2, FiringMode: 2",14.65489,true,-1.554625,2.266119,0.9624606,"(0.1896,0.9780,-0.0262,-0.0834)",true,-1.216526,1.965368,0.6134481,"(0.4399,-0.8641,0.1444,-0.1975)",0,0,0,0,0,0,0,true,-1.84888,1.981906,0.7746007,"(0.4208,0.8942,-0.0079,-0.1524)",0,0,0,0,0,0,0
4,"Environment: 2, FiringMode: 2",14.66899,true,-1.553302,2.264681,0.9609861,"(0.1905,0.9781,-0.0291,-0.0789)",true,-1.216526,1.965368,0.6134481,"(0.4399,-0.8641,0.1444,-0.1975)",0,0,0,0,0,0,0,true,-1.849483,1.981828,0.7742023,"(0.4164,0.8953,-0.0157,-0.1576)",0,0,0,0,0,0,0
4,"Environment: 2, FiringMode: 2",14.68282,true,-1.55206,2.263849,0.9598644,"(0.1904,0.9784,-0.0336,-0.0732)",true,-1.216526,1.965368,0.6134486,"(0.4399,-0.8641,0.1444,-0.1975)",0,0,0,0,0,0,0,true,-1.849817,1.982012,0.7737278,"(0.4164,0.8951,-0.0151,-0.1588)",0,0,0,0,0,0,0
4,"Environment: 2, FiringMode: 2",14.69669,true,-1.550745,2.262464,0.9586787,"(0.1928,0.9781,-0.0376,-0.0688)",true,-1.216526,1.965368,0.613448,"(0.4399,-0.8641,0.1444,-0.1975)",0,0,0,0,0,0,0,true,-1.850212,1.981982,0.773441,"(0.4148,0.8961,-0.0169,-0.1570)",0,0,0,0,0,0,0
4,"Environment: 2, FiringMode: 2",14.71075,true,-1.549157,2.261218,0.9575981,"(0.1933,0.9781,-0.0427,-0.0644)",true,-1.216526,1.965368,0.6134485,"(0.4399,-0.8641,0.1444,-0.1975)",0,0,0,0,0,0,0,true,-1.850331,1.981819,0.7732383,"(0.4148,0.8964,-0.0165,-0.1555)",0,0,0,0,0,0,0
4,"Environment: 2, FiringMode: 2",14.72458,true,-1.547535,2.259925,0.9564347,"(0.1928,0.9782,-0.0481,-0.0599)",true,-1.216526,1.965368,0.6134484,"(0.4399,-0.8641,0.1444,-0.1975)",0,0,0,0,0,0,0,true,-1.850544,1.981562,0.7726421,"(0.4163,0.8958,-0.0164,-0.1548)",0,0,0,0,0,0,0
4,"Environment: 2, FiringMode: 2",14.73848,true,-1.545689,2.260089,0.9551028,"(0.1879,0.9791,-0.0527,-0.0568)",true,-1.216526,1.965368,0.6134483,"(0.4399,-0.8641,0.1444,-0.1975)",0,0,0,0,0,0,0,true,-1.850823,1.980823,0.7709404,"(0.4240,0.8927,-0.0153,-0.1519)",0,0,0,0,0,0,0
4,"Environment: 2, FiringMode: 2",14.75224,true,-1.545591,2.260335,0.9537054,"(0.1947,0.9782,-0.0499,-0.0525)",true,-1.216526,1.965368,0.6134487,"(0.4399,-0.8641,0.1444,-0.1976)",0,0,0,0,0,0,0,true,-1.850477,1.980389,0.7701181,"(0.4331,0.8891,-0.0124,-0.1475)",0,0,0,0,0,0,0
4,"Environment: 2, FiringMode: 2",14.76616,true,-1.544599,2.259908,0.9532101,"(0.1979,0.9778,-0.0474,-0.0501)",true,-1.216526,1.965368,0.6134483,"(0.4399,-0.8641,0.1444,-0.1975)",0,0,0,0,0,0,0,true,-1.850035,1.979812,0.7693602,"(0.4406,0.8863,-0.0057,-0.1423)",0,0,0,0,0,0,0
4,"Environment: 2, FiringMode: 2",14.77995,true,-1.543405,2.259765,0.9527826,"(0.1968,0.9780,-0.0486,-0.0494)",true,-1.216526,1.965368,0.6134483,"(0.4399,-0.8641,0.1444,-0.1975)",0,0,0,0,0,0,0,true,-1.849542,1.978749,0.7684144,"(0.4501,0.8826,-0.0036,-0.1358)",0,0,0,0,0,0,0
4,"Environment: 2, FiringMode: 2",14.79389,true,-1.542347,2.259193,0.9523286,"(0.1957,0.9782,-0.0494,-0.0491)",true,-1.216526,1.965368,0.6134483,"(0.4399,-0.8641,0.1444,-0.1975)",0,0,0,0,0,0,0,true,-1.849059,1.977507,0.7674631,"(0.4561,0.8804,-0.0059,-0.1300)",0,0,0,0,0,0,0
4,"Environment: 2, FiringMode: 2",14.80792,true,-1.541405,2.25843,0.9519467,"(0.1928,0.9787,-0.0513,-0.0492)",true,-1.216526,1.965368,0.6134483,"(0.4399,-0.8641,0.1444,-0.1975)",0,0,0,0,0,0,0,true,-1.848114,1.976519,0.7664897,"(0.4581,0.8797,-0.0112,-0.1272)",0,0,0,0,0,0,0
4,"Environment: 2, FiringMode: 2",14.82183,true,-1.540467,2.257987,0.9518395,"(0.1892,0.9793,-0.0534,-0.0489)",true,-1.216526,1.965368,0.6134483,"(0.4399,-0.8641,0.1444,-0.1975)",0,0,0,0,0,0,0,true,-1.84721,1.975756,0.7658187,"(0.4570,0.8807,-0.0162,-0.1236)",0,0,0,0,0,0,0
4,"Environment: 2, FiringMode: 2",14.83548,true,-1.539611,2.257757,0.9510397,"(0.1871,0.9796,-0.0543,-0.0489)",true,-1.216526,1.965368,0.6134485,"(0.4399,-0.8641,0.1444,-0.1975)",0,0,0,0,0,0,0,true,-1.846007,1.975275,0.7654551,"(0.4598,0.8793,-0.0196,-0.1223)",0,0,0,0,0,0,0
4,"Environment: 2, FiringMode: 2",14.84949,true,-1.53946,2.257768,0.9500183,"(0.1874,0.9799,-0.0497,-0.0470)",true,-1.216526,1.965368,0.6134485,"(0.4399,-0.8641,0.1444,-0.1975)",0,0,0,0,0,0,0,true,-1.844848,1.975409,0.7652947,"(0.4585,0.8805,-0.0165,-0.1190)",0,0,0,0,0,0,0
4,"Environment: 2, FiringMode: 2",14.86331,true,-1.538065,2.258769,0.9494573,"(0.1871,0.9802,-0.0447,-0.0476)",true,-1.216526,1.965368,0.6134485,"(0.4399,-0.8641,0.1444,-0.1975)",0,0,0,0,0,0,0,true,-1.843887,1.975707,0.7650987,"(0.4572,0.8817,-0.0142,-0.1156)",0,0,0,0,0,0,0
4,"Environment: 2, FiringMode: 2",14.87698,true,-1.536961,2.259614,0.9487153,"(0.1843,0.9809,-0.0405,-0.0469)",true,-1.216526,1.965368,0.6134483,"(0.4399,-0.8641,0.1444,-0.1975)",0,0,0,0,0,0,0,true,-1.843202,1.975713,0.7645335,"(0.4551,0.8828,-0.0161,-0.1157)",0,0,0,0,0,0,0
4,"Environment: 2, FiringMode: 2",14.89091,true,-1.53609,2.260118,0.947731,"(0.1818,0.9817,-0.0342,-0.0460)",true,-1.216526,1.965368,0.6134485,"(0.4399,-0.8641,0.1444,-0.1975)",0,0,0,0,0,0,0,true,-1.842267,1.975346,0.763836,"(0.4568,0.8820,-0.0174,-0.1143)",0,0,0,0,0,0,0
4,"Environment: 2, FiringMode: 2",14.90442,true,-1.535286,2.260963,0.9468622,"(0.1790,0.9825,-0.0247,-0.0455)",true,-1.216526,1.965368,0.6134485,"(0.4399,-0.8641,0.1444,-0.1975)",0,0,0,0,0,0,0,true,-1.841207,1.974837,0.7629112,"(0.4560,0.8827,-0.0218,-0.1113)",0,0,0,0,0,0,0
4,"Environment: 2, FiringMode: 2",14.91842,true,-1.534514,2.262334,0.9459037,"(0.1762,0.9832,-0.0155,-0.0460)",true,-1.216526,1.965368,0.6134481,"(0.4399,-0.8641,0.1444,-0.1975)",0,0,0,0,0,0,0,true,-1.839826,1.973829,0.7619306,"(0.4562,0.8833,-0.0244,-0.1051)",0,0,0,0,0,0,0
4,"Environment: 2, FiringMode: 2",14.93224,true,-1.533475,2.263958,0.9448417,"(0.1730,0.9838,-0.0063,-0.0473)",true,-1.216526,1.965368,0.6134485,"(0.4399,-0.8641,0.1444,-0.1975)",0,0,0,0,0,0,0,true,-1.837974,1.972283,0.7604829,"(0.4645,0.8798,-0.0296,-0.0962)",0,0,0,0,0,0,0
4,"Environment: 2, FiringMode: 2",14.94622,true,-1.533481,2.264658,0.9450436,"(0.1717,0.9841,0.0054,-0.0442)",true,-1.216526,1.965368,0.6134483,"(0.4399,-0.8641,0.1444,-0.1975)",0,0,0,0,0,0,0,true,-1.836323,1.969909,0.7586852,"(0.4719,0.8768,-0.0385,-0.0839)",0,0,0,0,0,0,0
4,"Environment: 2, FiringMode: 2",14.96024,true,-1.532658,2.266223,0.9443341,"(0.1762,0.9834,0.0097,-0.0420)",true,-1.216525,1.965368,0.6134489,"(0.4399,-0.8641,0.1444,-0.1976)",0,0,0,0,0,0,0,true,-1.834895,1.966724,0.7565964,"(0.4758,0.8757,-0.0526,-0.0638)",0,0,0,0,0,0,0
4,"Environment: 2, FiringMode: 2",14.97404,true,-1.532401,2.267441,0.9440839,"(0.1789,0.9830,0.0157,-0.0394)",true,-1.216526,1.965368,0.6134489,"(0.4399,-0.8641,0.1444,-0.1976)",0,0,0,0,0,0,0,true,-1.833511,1.963294,0.7544386,"(0.4800,0.8737,-0.0685,-0.0395)",0,0,0,0,0,0,0
4,"Environment: 2, FiringMode: 2",14.98795,true,-1.532021,2.26931,0.9441567,"(0.1804,0.9825,0.0238,-0.0390)",true,-1.216525,1.965368,0.6134489,"(0.4399,-0.8641,0.1444,-0.1976)",0,0,0,0,0,0,0,true,-1.832585,1.959311,0.7522115,"(0.4809,0.8719,-0.0911,-0.0136)",0,0,0,0,0,0,0
4,"Environment: 2, FiringMode: 2",15.00191,true,-1.531562,2.272343,0.9442719,"(0.1806,0.9822,0.0318,-0.0414)",true,-1.216527,1.965368,0.6134478,"(0.4399,-0.8641,0.1444,-0.1975)",0,0,0,0,0,0,0,true,-1.831529,1.971608,0.7575289,"(0.5069,0.8588,0.0201,-0.0708)",0,0,0,0,0,0,0
4,"Environment: 2, FiringMode: 2",15.01582,true,-1.530535,2.275714,0.9448214,"(0.1802,0.9817,0.0415,-0.0457)",true,-1.216547,1.965376,0.6134247,"(0.4399,-0.8643,0.1445,-0.1964)",0,0,0,0,0,0,0,true,-1.833198,1.966011,0.7562521,"(0.5027,0.8620,-0.0276,-0.0591)",0,0,0,0,0,0,0
4,"Environment: 2, FiringMode: 2",15.02985,true,-1.52983,2.279546,0.9450591,"(0.1810,0.9808,0.0551,-0.0468)",true,-1.216543,1.965367,0.6134609,"(0.4399,-0.8643,0.1445,-0.1964)",0,0,0,0,0,0,0,true,-1.834338,1.969045,0.7577704,"(0.4870,0.8697,-0.0228,-0.0772)",0,0,0,0,0,0,0
4,"Environment: 2, FiringMode: 2",15.04378,true,-1.528825,2.283414,0.9445728,"(0.1803,0.9797,0.0744,-0.0465)",true,-1.216454,1.965333,0.6135744,"(0.4399,-0.8643,0.1445,-0.1964)",0,0,0,0,0,0,0,true,-1.834118,1.967244,0.7564211,"(0.4948,0.8648,-0.0324,-0.0793)",0,0,0,0,0,0,0
4,"Environment: 2, FiringMode: 2",15.05758,true,-1.527603,2.288165,0.9443269,"(0.1785,0.9777,0.1018,-0.0438)",true,-1.216332,1.965322,0.6137223,"(0.4398,-0.8643,0.1445,-0.1964)",0,0,0,0,0,0,0,true,-1.834479,1.96792,0.7570441,"(0.4858,0.8706,-0.0330,-0.0706)",0,0,0,0,0,0,0
4,"Environment: 2, FiringMode: 2",15.07181,true,-1.525924,2.292881,0.9449652,"(0.1784,0.9747,0.1283,-0.0404)",true,-1.216288,1.965322,0.6137527,"(0.4399,-0.8643,0.1445,-0.1964)",0,0,0,0,0,0,0,true,-1.834984,1.968069,0.7567105,"(0.4760,0.8760,-0.0389,-0.0667)",0,0,0,0,0,0,0
4,"Environment: 2, FiringMode: 2",15.08542,true,-1.524776,2.298167,0.945537,"(0.1802,0.9715,0.1502,-0.0331)",true,-1.21626,1.965325,0.6137072,"(0.4399,-0.8643,0.1445,-0.1963)",0,0,0,0,0,0,0,true,-1.83586,1.968073,0.756656,"(0.4685,0.8800,-0.0450,-0.0638)",0,0,0,0,0,0,0
4,"Environment: 2, FiringMode: 2",15.09927,true,-1.524005,2.303024,0.9462888,"(0.1843,0.9677,0.1703,-0.0249)",true,-1.216265,1.96535,0.6136789,"(0.4399,-0.8644,0.1445,-0.1963)",0,0,0,0,0,0,0,true,-1.836382,1.968195,0.756529,"(0.4630,0.8829,-0.0489,-0.0614)",0,0,0,0,0,0,0
4,"Environment: 2, FiringMode: 2",15.11301,true,-1.522674,2.308133,0.9472685,"(0.1884,0.9633,0.1899,-0.0206)",true,-1.2163,1.965372,0.6136596,"(0.4399,-0.8644,0.1445,-0.1963)",0,0,0,0,0,0,0,true,-1.836854,1.968192,0.7563386,"(0.4591,0.8849,-0.0512,-0.0595)",0,0,0,0,0,0,0
4,"Environment: 2, FiringMode: 2",15.12719,true,-1.521841,2.313597,0.9486236,"(0.1946,0.9584,0.2084,-0.0154)",true,-1.216337,1.965382,0.6136318,"(0.4399,-0.8644,0.1445,-0.1963)",0,0,0,0,0,0,0,true,-1.837175,1.968134,0.756215,"(0.4567,0.8861,-0.0529,-0.0583)",0,0,0,0,0,0,0
4,"Environment: 2, FiringMode: 2",15.14114,true,-1.521178,2.318988,0.9506956,"(0.2028,0.9537,0.2218,-0.0096)",true,-1.216331,1.9654,0.6135929,"(0.4399,-0.8644,0.1445,-0.1962)",0,0,0,0,0,0,0,true,-1.837245,1.968157,0.7562598,"(0.4561,0.8864,-0.0536,-0.0581)",0,0,0,0,0,0,0
4,"Environment: 2, FiringMode: 2",15.1548,true,-1.520832,2.324187,0.9533501,"(0.2126,0.9493,0.2315,-0.0034)",true,-1.21631,1.965423,0.6135445,"(0.4399,-0.8644,0.1445,-0.1962)",0,0,0,0,0,0,0,true,-1.837147,1.968028,0.756335,"(0.4565,0.8862,-0.0535,-0.0577)",0,0,0,0,0,0,0
4,"Environment: 2, FiringMode: 2",15.16882,true,-1.520301,2.329081,0.9559835,"(0.2227,0.9449,0.2401,-0.0001)",true,-1.216344,1.965423,0.6135386,"(0.4399,-0.8644,0.1445,-0.1962)",0,0,0,0,0,0,0,true,-1.836861,1.967935,0.7564484,"(0.4621,0.8833,-0.0499,-0.0608)",0,0,0,0,0,0,0
4,"Environment: 2, FiringMode: 2",15.1827,true,-1.51967,2.334154,0.9585527,"(0.2317,0.9404,0.2489,0.0031)",true,-1.216417,1.965422,0.6135607,"(0.4398,-0.8644,0.1445,-0.1961)",0,0,0,0,0,0,0,true,-1.836611,1.967873,0.7567715,"(0.4660,0.8813,-0.0469,-0.0620)",0,0,0,0,0,0,0
4,"Environment: 2, FiringMode: 2",15.19648,true,-1.519356,2.33892,0.9610739,"(0.2391,0.9357,0.2592,0.0061)",true,-1.21648,1.96543,0.6135783,"(0.4398,-0.8644,0.1445,-0.1961)",0,0,0,0,0,0,0,true,-1.836163,1.967718,0.7572169,"(0.4727,0.8778,-0.0422,-0.0649)",0,0,0,0,0,0,0
4,"Environment: 2, FiringMode: 2",15.21053,true,-1.518736,2.343205,0.9639239,"(0.2463,0.9311,0.2690,0.0066)",true,-1.216468,1.965441,0.613525,"(0.4398,-0.8644,0.1445,-0.1961)",0,0,0,0,0,0,0,true,-1.835444,1.967429,0.7576903,"(0.4810,0.8733,-0.0365,-0.0685)",0,0,0,0,0,0,0
4,"Environment: 2, FiringMode: 2",15.22453,true,-1.517978,2.347148,0.9667959,"(0.2517,0.9262,0.2805,0.0070)",true,-1.216477,1.965437,0.6135538,"(0.4398,-0.8644,0.1445,-0.1961)",0,0,0,0,0,0,0,true,-1.83425,1.967127,0.7584771,"(0.4943,0.8657,-0.0269,-0.0738)",0,0,0,0,0,0,0
4,"Environment: 2, FiringMode: 2",15.23835,true,-1.516887,2.350227,0.9699204,"(0.2516,0.9216,0.2954,0.0074)",true,-1.216476,1.965437,0.6135535,"(0.4398,-0.8644,0.1445,-0.1961)",0,0,0,0,0,0,0,true,-1.832983,1.966949,0.7590925,"(0.5073,0.8580,-0.0173,-0.0792)",0,0,0,0,0,0,0
4,"Environment: 2, FiringMode: 2",15.2522,true,-1.516523,2.353207,0.9735415,"(0.2489,0.9171,0.3112,0.0095)",true,-1.216476,1.965437,0.6135536,"(0.4398,-0.8644,0.1445,-0.1961)",0,0,0,0,0,0,0,true,-1.831026,1.966525,0.7600418,"(0.5276,0.8453,-0.0004,-0.0843)",0,0,0,0,0,0,0
4,"Environment: 2, FiringMode: 2",15.26616,true,-1.516537,2.356614,0.9775172,"(0.2478,0.9127,0.3246,0.0125)",true,-1.216477,1.965437,0.6135538,"(0.4398,-0.8644,0.1445,-0.1961)",0,0,0,0,0,0,0,true,-1.829362,1.966042,0.7609731,"(0.5449,0.8335,0.0136,-0.0904)",0,0,0,0,0,0,0
4,"Environment: 2, FiringMode: 2",15.27998,true,-1.516625,2.359043,0.9815301,"(0.2481,0.9072,0.3396,0.0140)",true,-1.216474,1.965436,0.6135557,"(0.4398,-0.8644,0.1445,-0.1961)",0,0,0,0,0,0,0,true,-1.829713,1.966625,0.7604779,"(0.5041,0.8613,-0.0121,-0.0630)",0,0,0,0,0,0,0
4,"Environment: 2, FiringMode: 2",15.29376,true,-1.517082,2.361084,0.9859254,"(0.2506,0.9016,0.3523,0.0147)",true,-1.216524,1.965546,0.6136013,"(0.4398,-0.8644,0.1446,-0.1959)",0,0,0,0,0,0,0,true,-1.829583,1.965404,0.759344,"(0.4742,0.8790,-0.0397,-0.0287)",0,0,0,0,0,0,0
4,"Environment: 2, FiringMode: 2",15.30774,true,-1.517357,2.362888,0.99062,"(0.2520,0.8972,0.3625,0.0132)",true,-1.216599,1.965579,0.6135585,"(0.4399,-0.8644,0.1446,-0.1958)",0,0,0,0,0,0,0,true,-1.828942,1.965157,0.7568225,"(0.4534,0.8897,-0.0536,-0.0043)",0,0,0,0,0,0,0
4,"Environment: 2, FiringMode: 2",15.3217,true,-1.517776,2.364001,0.9951313,"(0.2506,0.8927,0.3744,0.0099)",true,-1.216657,1.965602,0.6135507,"(0.4398,-0.8645,0.1446,-0.1959)",0,0,0,0,0,0,0,true,-1.827334,1.967347,0.7560729,"(0.5075,0.8602,-0.0007,-0.0496)",0,0,0,0,0,0,0
4,"Environment: 2, FiringMode: 2",15.33548,true,-1.517963,2.364597,0.9991116,"(0.2453,0.8865,0.3923,0.0046)",true,-1.216681,1.965633,0.6135173,"(0.4398,-0.8645,0.1446,-0.1959)",0,0,0,0,0,0,0,true,-1.82776,1.966768,0.7541198,"(0.4809,0.8756,-0.0300,-0.0328)",0,0,0,0,0,0,0
4,"Environment: 2, FiringMode: 2",15.34956,true,-1.518489,2.365126,1.003684,"(0.2377,0.8805,0.4101,-0.0012)",true,-1.216675,1.965663,0.6134611,"(0.4398,-0.8645,0.1446,-0.1959)",0,0,0,0,0,0,0,true,-1.828019,1.96701,0.7537484,"(0.4924,0.8689,-0.0204,-0.0476)",0,0,0,0,0,0,0
4,"Environment: 2, FiringMode: 2",15.36358,true,-1.522719,2.366582,1.006377,"(0.2358,0.8693,0.4344,0.0075)",true,-1.216674,1.965687,0.6134173,"(0.4398,-0.8645,0.1446,-0.1958)",0,0,0,0,0,0,0,true,-1.828377,1.967513,0.7547272,"(0.4900,0.8702,-0.0227,-0.0461)",0,0,0,0,0,0,0
4,"Environment: 2, FiringMode: 2",15.37728,true,-1.524324,2.368351,1.007361,"(0.2287,0.8587,0.4580,0.0226)",true,-1.216687,1.9657,0.6134225,"(0.4398,-0.8645,0.1446,-0.1958)",0,0,0,0,0,0,0,true,-1.827395,1.971262,0.7579152,"(0.4894,0.8705,-0.0234,-0.0457)",0,0,0,0,0,0,0
4,"Environment: 2, FiringMode: 2",15.39125,true,-1.522381,2.368492,1.009952,"(0.2195,0.8558,0.4681,0.0167)",true,-1.216699,1.965706,0.613423,"(0.4398,-0.8645,0.1446,-0.1958)",0,0,0,0,0,0,0,true,-1.826141,1.975296,0.7614155,"(0.4906,0.8699,-0.0220,-0.0465)",0,0,0,0,0,0,0
4,"Environment: 2, FiringMode: 2",15.40481,true,-1.523725,2.370387,1.01316,"(0.2190,0.8541,0.4716,0.0157)",true,-1.21669,1.965728,0.6133678,"(0.4398,-0.8645,0.1446,-0.1957)",0,0,0,0,0,0,0,true,-1.82572,1.976925,0.762627,"(0.4897,0.8704,-0.0230,-0.0459)",0,0,0,0,0,0,0
4,"Environment: 2, FiringMode: 2",15.41874,true,-1.524505,2.372636,1.01567,"(0.2202,0.8543,0.4706,0.0117)",true,-1.216677,1.96576,0.613307,"(0.4398,-0.8645,0.1446,-0.1957)",0,0,0,0,0,0,0,true,-1.825528,1.977269,0.7627428,"(0.4899,0.8702,-0.0228,-0.0461)",0,0,0,0,0,0,0
4,"Environment: 2, FiringMode: 2",15.43259,true,-1.525851,2.373939,1.017471,"(0.2206,0.8538,0.4715,0.0060)",true,-1.216662,1.965784,0.613269,"(0.4398,-0.8645,0.1446,-0.1957)",0,0,0,0,0,0,0,true,-1.825084,1.977907,0.763215,"(0.4901,0.8702,-0.0226,-0.0462)",0,0,0,0,0,0,0
4,"Environment: 2, FiringMode: 2",15.44672,true,-1.527318,2.374782,1.020059,"(0.2177,0.8540,0.4726,0.0026)",true,-1.216647,1.965786,0.6132855,"(0.4398,-0.8645,0.1446,-0.1957)",0,0,0,0,0,0,0,true,-1.824588,1.978555,0.7638682,"(0.4898,0.8703,-0.0229,-0.0460)",0,0,0,0,0,0,0
4,"Environment: 2, FiringMode: 2",15.46054,true,-1.528661,2.375647,1.022565,"(0.2132,0.8536,0.4753,-0.0008)",true,-1.216635,1.965796,0.6132932,"(0.4398,-0.8645,0.1446,-0.1956)",0,0,0,0,0,0,0,true,-1.824165,1.979041,0.7644504,"(0.4901,0.8702,-0.0226,-0.0462)",0,0,0,0,0,0,0
4,"Environment: 2, FiringMode: 2",15.47434,true,-1.530168,2.376637,1.024757,"(0.2092,0.8512,0.4813,-0.0032)",true,-1.216658,1.96574,0.6134098,"(0.4398,-0.8645,0.1446,-0.1957)",0,0,0,0,0,0,0,true,-1.823827,1.979653,0.7647061,"(0.4899,0.8703,-0.0228,-0.0460)",0,0,0,0,0,0,0
4,"Environment: 2, FiringMode: 2",15.48842,true,-1.531631,2.377616,1.027446,"(0.2048,0.8494,0.4863,-0.0061)",true,-1.216658,1.96574,0.6134099,"(0.4398,-0.8645,0.1446,-0.1957)",0,0,0,0,0,0,0,true,-1.823478,1.980262,0.7649611,"(0.4900,0.8702,-0.0227,-0.0461)",0,0,0,0,0,0,0
4,"Environment: 2, FiringMode: 2",15.50231,true,-1.533197,2.378275,1.029871,"(0.2017,0.8469,0.4919,-0.0087)",true,-1.216658,1.96574,0.6134099,"(0.4398,-0.8645,0.1446,-0.1957)",0,0,0,0,0,0,0,true,-1.82337,1.980503,0.7651493,"(0.4899,0.8702,-0.0227,-0.0461)",0,0,0,0,0,0,0
4,"Environment: 2, FiringMode: 2",15.5161,true,-1.534602,2.379117,1.032392,"(0.1986,0.8440,0.4982,-0.0102)",true,-1.216658,1.96574,0.6134099,"(0.4398,-0.8645,0.1446,-0.1957)",0,0,0,0,0,0,0,true,-1.823464,1.980411,0.7652705,"(0.4899,0.8703,-0.0228,-0.0461)",0,0,0,0,0,0,0
4,"Environment: 2, FiringMode: 2",15.53019,true,-1.53551,2.380021,1.03495,"(0.1952,0.8410,0.5045,-0.0117)",true,-1.216658,1.96574,0.6134099,"(0.4398,-0.8645,0.1446,-0.1957)",0,0,0,0,0,0,0,true,-1.823513,1.980369,0.7654128,"(0.4900,0.8702,-0.0227,-0.0461)",0,0,0,0,0,0,0
4,"Environment: 2, FiringMode: 2",15.54422,true,-1.536793,2.381177,1.037462,"(0.1927,0.8380,0.5103,-0.0110)",true,-1.216658,1.96574,0.6134098,"(0.4398,-0.8645,0.1446,-0.1957)",0,0,0,0,0,0,0,true,-1.823161,1.980995,0.7656818,"(0.4899,0.8703,-0.0228,-0.0461)",0,0,0,0,0,0,0
4,"Environment: 2, FiringMode: 2",15.55798,true,-1.537711,2.382113,1.039894,"(0.1922,0.8348,0.5158,-0.0117)",true,-1.216658,1.96574,0.6134099,"(0.4398,-0.8645,0.1446,-0.1957)",0,0,0,0,0,0,0,true,-1.822783,1.98164,0.7659709,"(0.4900,0.8702,-0.0227,-0.0461)",0,0,0,0,0,0,0
4,"Environment: 2, FiringMode: 2",15.57181,true,-1.53862,2.382946,1.042433,"(0.1918,0.8315,0.5212,-0.0128)",true,-1.216658,1.96574,0.6134099,"(0.4398,-0.8645,0.1446,-0.1957)",0,0,0,0,0,0,0,true,-1.823214,1.981016,0.7658361,"(0.4899,0.8703,-0.0228,-0.0461)",0,0,0,0,0,0,0
4,"Environment: 2, FiringMode: 2",15.58581,true,-1.539609,2.384273,1.045552,"(0.1891,0.8293,0.5257,-0.0132)",true,-1.216658,1.96574,0.6134099,"(0.4398,-0.8645,0.1446,-0.1957)",0,0,0,0,0,0,0,true,-1.82381,1.980119,0.7656065,"(0.4899,0.8702,-0.0228,-0.0462)",0,0,0,0,0,0,0
4,"Environment: 2, FiringMode: 2",15.59967,true,-1.540805,2.384913,1.047913,"(0.1851,0.8250,0.5338,-0.0130)",true,-1.216658,1.96574,0.6134099,"(0.4398,-0.8645,0.1446,-0.1957)",0,0,0,0,0,0,0,true,-1.824112,1.979692,0.7655237,"(0.4899,0.8702,-0.0228,-0.0462)",0,0,0,0,0,0,0
4,"Environment: 2, FiringMode: 2",15.61344,true,-1.541709,2.385207,1.050643,"(0.1809,0.8202,0.5425,-0.0132)",true,-1.216658,1.96574,0.6134099,"(0.4398,-0.8645,0.1446,-0.1957)",0,0,0,0,0,0,0,true,-1.824147,1.979627,0.7654926,"(0.4899,0.8702,-0.0228,-0.0462)",0,0,0,0,0,0,0
4,"Environment: 2, FiringMode: 2",15.62738,true,-1.542378,2.385957,1.053585,"(0.1780,0.8157,0.5502,-0.0130)",true,-1.216657,1.96574,0.6134096,"(0.4398,-0.8645,0.1446,-0.1957)",0,0,0,0,0,0,0,true,-1.824147,1.979627,0.7654926,"(0.4899,0.8702,-0.0228,-0.0462)",0,0,0,0,0,0,0
4,"Environment: 2, FiringMode: 2",15.64125,true,-1.542903,2.386453,1.056267,"(0.1764,0.8103,0.5587,-0.0126)",true,-1.216658,1.96574,0.6134098,"(0.4398,-0.8645,0.1446,-0.1957)",0,0,0,0,0,0,0,true,-1.824147,1.979627,0.7654926,"(0.4899,0.8702,-0.0228,-0.0462)",0,0,0,0,0,0,0
4,"Environment: 2, FiringMode: 2",15.65506,true,-1.543506,2.386822,1.058879,"(0.1761,0.8054,0.5659,-0.0117)",true,-1.216658,1.96574,0.6134099,"(0.4398,-0.8645,0.1446,-0.1957)",0,0,0,0,0,0,0,true,-1.824147,1.979627,0.7654926,"(0.4899,0.8702,-0.0228,-0.0462)",0,0,0,0,0,0,0
4,"Environment: 2, FiringMode: 2",15.6691,true,-1.543883,2.387241,1.06114,"(0.1778,0.8008,0.5718,-0.0111)",true,-1.216658,1.96574,0.6134099,"(0.4398,-0.8645,0.1446,-0.1957)",0,0,0,0,0,0,0,true,-1.824147,1.979627,0.7654925,"(0.4899,0.8702,-0.0228,-0.0462)",0,0,0,0,0,0,0
4,"Environment: 2, FiringMode: 2",15.6831,true,-1.543922,2.387701,1.063491,"(0.1799,0.7969,0.5767,-0.0111)",true,-1.216658,1.96574,0.6134099,"(0.4398,-0.8645,0.1446,-0.1957)",0,0,0,0,0,0,0,true,-1.824147,1.979627,0.7654926,"(0.4899,0.8702,-0.0228,-0.0462)",0,0,0,0,0,0,0
4,"Environment: 2, FiringMode: 2",15.69688,true,-1.544088,2.388082,1.065531,"(0.1814,0.7930,0.5815,-0.0100)",true,-1.216658,1.96574,0.6134099,"(0.4398,-0.8645,0.1446,-0.1957)",0,0,0,0,0,0,0,true,-1.824147,1.979627,0.7654924,"(0.4899,0.8702,-0.0228,-0.0462)",0,0,0,0,0,0,0
4,"Environment: 2, FiringMode: 2",15.71099,true,-1.544378,2.388951,1.067717,"(0.1835,0.7885,0.5869,-0.0096)",true,-1.216658,1.96574,0.6134099,"(0.4398,-0.8645,0.1446,-0.1957)",0,0,0,0,0,0,0,true,-1.824147,1.979627,0.7654926,"(0.4899,0.8702,-0.0228,-0.0462)",0,0,0,0,0,0,0
4,"Environment: 2, FiringMode: 2",15.72491,true,-1.544605,2.389199,1.070158,"(0.1839,0.7854,0.5910,-0.0089)",true,-1.216658,1.96574,0.6134099,"(0.4398,-0.8645,0.1446,-0.1957)",0,0,0,0,0,0,0,true,-1.824148,1.979627,0.7654925,"(0.4899,0.8702,-0.0228,-0.0462)",0,0,0,0,0,0,0
4,"Environment: 2, FiringMode: 2",15.73872,true,-1.544934,2.389208,1.071895,"(0.1835,0.7811,0.5968,-0.0081)",true,-1.216658,1.96574,0.6134099,"(0.4398,-0.8645,0.1446,-0.1957)",0,0,0,0,0,0,0,true,-1.824147,1.979627,0.7654926,"(0.4899,0.8702,-0.0228,-0.0462)",0,0,0,0,0,0,0
4,"Environment: 2, FiringMode: 2",15.75248,true,-1.545083,2.389313,1.073909,"(0.1829,0.7769,0.6024,-0.0074)",true,-1.216658,1.96574,0.6134099,"(0.4398,-0.8645,0.1446,-0.1957)",0,0,0,0,0,0,0,true,-1.824147,1.979627,0.7654926,"(0.4899,0.8702,-0.0228,-0.0462)",0,0,0,0,0,0,0
4,"Environment: 2, FiringMode: 2",15.76621,true,-1.54522,2.389423,1.075889,"(0.1804,0.7731,0.6080,-0.0060)",true,-1.216658,1.96574,0.6134099,"(0.4398,-0.8645,0.1446,-0.1957)",0,0,0,0,0,0,0,true,-1.824147,1.979627,0.7654927,"(0.4899,0.8702,-0.0228,-0.0462)",0,0,0,0,0,0,0
4,"Environment: 2, FiringMode: 2",15.78013,true,-1.545429,2.389444,1.077642,"(0.1783,0.7689,0.6139,-0.0042)",true,-1.216658,1.96574,0.6134099,"(0.4398,-0.8645,0.1446,-0.1957)",0,0,0,0,0,0,0,true,-1.824147,1.979627,0.7654926,"(0.4899,0.8702,-0.0228,-0.0462)",0,0,0,0,0,0,0
4,"Environment: 2, FiringMode: 2",15.79398,true,-1.545728,2.389689,1.079367,"(0.1762,0.7654,0.6189,-0.0026)",true,-1.216658,1.96574,0.6134099,"(0.4398,-0.8645,0.1446,-0.1957)",0,0,0,0,0,0,0,true,-1.824148,1.979627,0.7654923,"(0.4899,0.8702,-0.0228,-0.0462)",0,0,0,0,0,0,0
4,"Environment: 2, FiringMode: 2",15.80788,true,-1.545873,2.389885,1.080895,"(0.1740,0.7622,0.6236,-0.0015)",true,-1.216658,1.96574,0.6134097,"(0.4398,-0.8645,0.1446,-0.1957)",0,0,0,0,0,0,0,true,-1.824147,1.979627,0.7654926,"(0.4899,0.8702,-0.0228,-0.0462)",0,0,0,0,0,0,0
4,"Environment: 2, FiringMode: 2",15.82195,true,-1.546103,2.389968,1.082137,"(0.1718,0.7600,0.6268,-0.0001)",true,-1.216658,1.96574,0.6134099,"(0.4398,-0.8645,0.1446,-0.1957)",0,0,0,0,0,0,0,true,-1.824147,1.979627,0.7654926,"(0.4899,0.8702,-0.0228,-0.0462)",0,0,0,0,0,0,0
4,"Environment: 2, FiringMode: 2",15.83567,true,-1.546238,2.390104,1.083534,"(0.1700,0.7588,0.6287,0.0008)",true,-1.216658,1.96574,0.61341,"(0.4398,-0.8645,0.1446,-0.1957)",0,0,0,0,0,0,0,true,-1.824147,1.979627,0.7654924,"(0.4899,0.8702,-0.0228,-0.0462)",0,0,0,0,0,0,0
4,"Environment: 2, FiringMode: 2",15.84967,true,-1.546529,2.390423,1.08478,"(0.1690,0.7586,0.6292,0.0024)",true,-1.216658,1.96574,0.6134099,"(0.4398,-0.8645,0.1446,-0.1957)",0,0,0,0,0,0,0,true,-1.824147,1.979627,0.7654926,"(0.4899,0.8702,-0.0228,-0.0462)",0,0,0,0,0,0,0
4,"Environment: 2, FiringMode: 2",15.86381,true,-1.546611,2.390569,1.085969,"(0.1676,0.7592,0.6289,0.0039)",true,-1.216658,1.96574,0.6134099,"(0.4398,-0.8645,0.1446,-0.1957)",0,0,0,0,0,0,0,true,-1.824147,1.979627,0.7654926,"(0.4899,0.8702,-0.0228,-0.0462)",0,0,0,0,0,0,0
4,"Environment: 2, FiringMode: 2",15.87762,true,-1.546952,2.390594,1.087086,"(0.1669,0.7595,0.6287,0.0057)",true,-1.216658,1.96574,0.6134099,"(0.4398,-0.8645,0.1446,-0.1957)",0,0,0,0,0,0,0,true,-1.824147,1.979627,0.7654925,"(0.4899,0.8702,-0.0228,-0.0462)",0,0,0,0,0,0,0
4,"Environment: 2, FiringMode: 2",15.89117,true,-1.54733,2.390593,1.088374,"(0.1658,0.7601,0.6282,0.0072)",true,-1.216658,1.96574,0.6134099,"(0.4398,-0.8645,0.1446,-0.1957)",0,0,0,0,0,0,0,true,-1.824147,1.979627,0.7654926,"(0.4899,0.8702,-0.0228,-0.0462)",0,0,0,0,0,0,0
4,"Environment: 2, FiringMode: 2",15.90521,true,-1.547738,2.390651,1.089665,"(0.1646,0.7603,0.6283,0.0080)",true,-1.216658,1.96574,0.6134098,"(0.4398,-0.8645,0.1446,-0.1957)",0,0,0,0,0,0,0,true,-1.824147,1.979627,0.7654926,"(0.4899,0.8702,-0.0228,-0.0462)",0,0,0,0,0,0,0
4,"Environment: 2, FiringMode: 2",15.91912,true,-1.548207,2.390713,1.09106,"(0.1629,0.7601,0.6290,0.0083)",true,-1.216658,1.96574,0.6134099,"(0.4398,-0.8645,0.1446,-0.1957)",0,0,0,0,0,0,0,true,-1.824147,1.979627,0.7654926,"(0.4899,0.8702,-0.0228,-0.0462)",0,0,0,0,0,0,0
4,"Environment: 2, FiringMode: 2",15.93288,true,-1.548605,2.390875,1.092406,"(0.1604,0.7596,0.6303,0.0084)",true,-1.216658,1.96574,0.6134099,"(0.4398,-0.8645,0.1446,-0.1957)",0,0,0,0,0,0,0,true,-1.824147,1.979627,0.7654925,"(0.4899,0.8702,-0.0228,-0.0462)",0,0,0,0,0,0,0
4,"Environment: 2, FiringMode: 2",15.94671,true,-1.548864,2.391308,1.093749,"(0.1575,0.7593,0.6313,0.0091)",true,-1.216658,1.96574,0.6134099,"(0.4398,-0.8645,0.1446,-0.1957)",0,0,0,0,0,0,0,true,-1.824147,1.979627,0.7654926,"(0.4899,0.8702,-0.0228,-0.0462)",0,0,0,0,0,0,0
4,"Environment: 2, FiringMode: 2",15.96067,true,-1.54916,2.391703,1.095002,"(0.1548,0.7595,0.6318,0.0107)",true,-1.216658,1.96574,0.6134099,"(0.4398,-0.8645,0.1446,-0.1957)",0,0,0,0,0,0,0,true,-1.824147,1.979627,0.7654926,"(0.4899,0.8702,-0.0228,-0.0462)",0,0,0,0,0,0,0
4,"Environment: 2, FiringMode: 2",15.97437,true,-1.549487,2.391501,1.096189,"(0.1529,0.7598,0.6318,0.0125)",true,-1.216658,1.96574,0.6134098,"(0.4398,-0.8645,0.1446,-0.1957)",0,0,0,0,0,0,0,true,-1.824147,1.979627,0.7654927,"(0.4899,0.8702,-0.0228,-0.0462)",0,0,0,0,0,0,0
4,"Environment: 2, FiringMode: 2",15.98856,true,-1.549768,2.391294,1.097321,"(0.1513,0.7600,0.6319,0.0136)",true,-1.216658,1.96574,0.6134096,"(0.4398,-0.8645,0.1446,-0.1957)",0,0,0,0,0,0,0,true,-1.824147,1.979627,0.7654925,"(0.4899,0.8702,-0.0228,-0.0462)",0,0,0,0,0,0,0
4,"Environment: 2, FiringMode: 2",16.00238,true,-1.550174,2.391394,1.098408,"(0.1488,0.7599,0.6327,0.0143)",true,-1.216658,1.96574,0.6134099,"(0.4398,-0.8645,0.1446,-0.1957)",0,0,0,0,0,0,0,true,-1.824147,1.979627,0.7654924,"(0.4899,0.8702,-0.0228,-0.0462)",0,0,0,0,0,0,0
4,"Environment: 2, FiringMode: 2",16.01622,true,-1.550345,2.391562,1.099468,"(0.1450,0.7592,0.6343,0.0144)",true,-1.216658,1.96574,0.6134099,"(0.4398,-0.8645,0.1446,-0.1957)",0,0,0,0,0,0,0,true,-1.824147,1.979627,0.7654925,"(0.4899,0.8702,-0.0228,-0.0462)",0,0,0,0,0,0,0
4,"Environment: 2, FiringMode: 2",16.03026,true,-1.550471,2.391878,1.100493,"(0.1414,0.7584,0.6361,0.0150)",true,-1.216658,1.96574,0.6134099,"(0.4398,-0.8645,0.1446,-0.1957)",0,0,0,0,0,0,0,true,-1.824147,1.979627,0.7654926,"(0.4899,0.8702,-0.0228,-0.0462)",0,0,0,0,0,0,0
4,"Environment: 2, FiringMode: 2",16.04413,true,-1.550517,2.392025,1.101459,"(0.1383,0.7576,0.6377,0.0160)",true,-1.216658,1.96574,0.6134099,"(0.4398,-0.8645,0.1446,-0.1957)",0,0,0,0,0,0,0,true,-1.824147,1.979627,0.7654926,"(0.4899,0.8702,-0.0228,-0.0462)",0,0,0,0,0,0,0
4,"Environment: 2, FiringMode: 2",16.05808,true,-1.55049,2.391942,1.102283,"(0.1363,0.7570,0.6388,0.0177)",true,-1.216658,1.96574,0.6134098,"(0.4398,-0.8645,0.1446,-0.1957)",0,0,0,0,0,0,0,true,-1.824147,1.979627,0.7654925,"(0.4899,0.8702,-0.0228,-0.0462)",0,0,0,0,0,0,0
4,"Environment: 2, FiringMode: 2",16.07194,true,-1.550358,2.391788,1.102811,"(0.1345,0.7560,0.6403,0.0186)",true,-1.216658,1.96574,0.6134099,"(0.4398,-0.8645,0.1446,-0.1957)",0,0,0,0,0,0,0,true,-1.824147,1.979627,0.7654924,"(0.4899,0.8702,-0.0228,-0.0462)",0,0,0,0,0,0,0
4,"Environment: 2, FiringMode: 2",16.09019,true,-1.550301,2.39201,1.103468,"(0.1339,0.7559,0.6405,0.0191)",true,-1.216658,1.96574,0.6134099,"(0.4398,-0.8645,0.1446,-0.1957)",-1,-1,-1,-1,-1,-2,-2,true,-1.824147,1.979627,0.7654924,"(0.4899,0.8702,-0.0228,-0.0462)",-1,-1,-1,-1,-1,-2,-2
4,"Environment: 2, FiringMode: 2",16.09974,true,-1.550329,2.392108,1.103637,"(0.1320,0.7556,0.6413,0.0198)",true,-1.216658,1.96574,0.6134099,"(0.4398,-0.8645,0.1446,-0.1957)",-1,-1,-1,-1,-1,-2,-2,true,-1.824147,1.979627,0.7654924,"(0.4899,0.8702,-0.0228,-0.0462)",-1,-1,-1,-1,-1,-2,-2
4,"Environment: 2, FiringMode: 2",16.11508,true,-1.550295,2.39222,1.103836,"(0.1304,0.7561,0.6410,0.0208)",true,-1.216658,1.96574,0.6134099,"(0.4398,-0.8645,0.1446,-0.1957)",-1,-1,-1,-1,-1,-2,-2,true,-1.824147,1.979627,0.7654924,"(0.4899,0.8702,-0.0228,-0.0462)",-1,-1,-1,-1,-1,-2,-2
4,"Environment: 2, FiringMode: 2",16.12911,true,-1.55024,2.392046,1.103946,"(0.1282,0.7562,0.6413,0.0216)",true,-1.216658,1.96574,0.6134099,"(0.4398,-0.8645,0.1446,-0.1957)",-1,-1,-1,-1,-1,-2,-2,true,-1.824147,1.979627,0.7654924,"(0.4899,0.8702,-0.0228,-0.0462)",-1,-1,-1,-1,-1,-2,-2
4,"Environment: 2, FiringMode: 2",16.14262,true,-1.550123,2.391921,1.104037,"(0.1258,0.7565,0.6414,0.0223)",true,-1.216658,1.96574,0.6134099,"(0.4398,-0.8645,0.1446,-0.1957)",-1,-1,-1,-1,-1,-2,-2,true,-1.824147,1.979627,0.7654924,"(0.4899,0.8702,-0.0228,-0.0462)",-1,-1,-1,-1,-1,-2,-2
4,"Environment: 2, FiringMode: 2",16.15601,true,-1.550119,2.391946,1.104431,"(0.1230,0.7563,0.6421,0.0229)",true,-1.216658,1.96574,0.6134099,"(0.4398,-0.8645,0.1446,-0.1957)",-1,-1,-1,-1,-1,-2,-2,true,-1.824147,1.979627,0.7654924,"(0.4899,0.8702,-0.0228,-0.0462)",-1,-1,-1,-1,-1,-2,-2
4,"Environment: 2, FiringMode: 2",16.16995,true,-1.550043,2.391779,1.104374,"(0.1202,0.7562,0.6428,0.0230)",true,-1.216658,1.96574,0.6134099,"(0.4398,-0.8645,0.1446,-0.1957)",-1,-1,-1,-1,-1,-2,-2,true,-1.824147,1.979627,0.7654924,"(0.4899,0.8702,-0.0228,-0.0462)",-1,-1,-1,-1,-1,-2,-2
4,"Environment: 2, FiringMode: 2",16.18337,true,-1.549976,2.391666,1.104312,"(0.1182,0.7557,0.6438,0.0234)",true,-1.216658,1.96574,0.6134099,"(0.4398,-0.8645,0.1446,-0.1957)",-1,-1,-1,-1,-1,-2,-2,true,-1.824147,1.979627,0.7654924,"(0.4899,0.8702,-0.0228,-0.0462)",-1,-1,-1,-1,-1,-2,-2
4,"Environment: 2, FiringMode: 2",16.19735,true,-1.54983,2.391784,1.104139,"(0.1171,0.7552,0.6445,0.0241)",true,-1.216658,1.96574,0.6134099,"(0.4398,-0.8645,0.1446,-0.1957)",-1,-1,-1,-1,-1,-2,-2,true,-1.824147,1.979627,0.7654924,"(0.4899,0.8702,-0.0228,-0.0462)",-1,-1,-1,-1,-1,-2,-2
4,"Environment: 2, FiringMode: 2",16.21108,true,-1.549584,2.392019,1.103889,"(0.1171,0.7554,0.6442,0.0251)",true,-1.216658,1.96574,0.6134099,"(0.4398,-0.8645,0.1446,-0.1957)",-1,-1,-1,-1,-1,-2,-2,true,-1.824147,1.979627,0.7654924,"(0.4899,0.8702,-0.0228,-0.0462)",-1,-1,-1,-1,-1,-2,-2
4,"Environment: 2, FiringMode: 2",16.3256,true,-1.549576,2.392026,1.103862,"(0.1172,0.7554,0.6442,0.0252)",true,-1.216658,1.96574,0.6134099,"(0.4398,-0.8645,0.1446,-0.1957)",-1,-1,-1,-1,-1,-2,-2,true,-1.824147,1.979627,0.7654924,"(0.4899,0.8702,-0.0228,-0.0462)",-1,-1,-1,-1,-1,-2,-2
