pID,conditions,ts,headsetDetected,headsetPosX,headsetPosY,headsetPosZ,headsetRot,leftDetected,leftControllerPosX,leftControllerPosY,leftControllerPosZ,leftControllerRot,leftTrigger,leftGrip,leftPrimaryButton,leftSecondaryButton,leftPrimary2DAxisClick,leftThumbstickX,leftThumbstickY,rightDetected,rightControllerPosX,rightControllerPosY,rightControllerPosZ,rightControllerRot,rightTrigger,rightGrip,rightPrimaryButton,rightSecondaryButton,rightPrimary2DAxisClick,rightThumbstickX,rightThumbstickY
2,"Environment: 2, FiringMode: 2",4.822171,false,0,0,0,NA,false,0,0,0,NA,-1,-1,-1,-1,-1,-2,-2,false,0,0,0,NA,-1,-1,-1,-1,-1,-2,-2
2,"Environment: 2, FiringMode: 2",4.824047,false,0,0,0,NA,false,0,0,0,NA,-1,-1,-1,-1,-1,-2,-2,false,0,0,0,NA,-1,-1,-1,-1,-1,-2,-2
2,"Environment: 2, FiringMode: 2",4.825562,false,0,0,0,NA,false,0,0,0,NA,-1,-1,-1,-1,-1,-2,-2,false,0,0,0,NA,-1,-1,-1,-1,-1,-2,-2
2,"Environment: 2, FiringMode: 2",4.826892,false,0,0,0,NA,false,0,0,0,NA,-1,-1,-1,-1,-1,-2,-2,false,0,0,0,NA,-1,-1,-1,-1,-1,-2,-2
2,"Environment: 2, FiringMode: 2",4.828201,false,0,0,0,NA,false,0,0,0,NA,-1,-1,-1,-1,-1,-2,-2,false,0,0,0,NA,-1,-1,-1,-1,-1,-2,-2
2,"Environment: 2, FiringMode: 2",4.829442,false,0,0,0,NA,false,0,0,0,NA,-1,-1,-1,-1,-1,-2,-2,false,0,0,0,NA,-1,-1,-1,-1,-1,-2,-2
2,"Environment: 2, FiringMode: 2",4.830857,false,0,0,0,NA,false,0,0,0,NA,-1,-1,-1,-1,-1,-2,-2,false,0,0,0,NA,-1,-1,-1,-1,-1,-2,-2
2,"Environment: 2, FiringMode: 2",4.832214,false,0,0,0,NA,false,0,0,0,NA,-1,-1,-1,-1,-1,-2,-2,false,0,0,0,NA,-1,-1,-1,-1,-1,-2,-2
2,"Environment: 2, FiringMode: 2",4.833542,false,0,0,0,NA,false,0,0,0,NA,-1,-1,-1,-1,-1,-2,-2,false,0,0,0,NA,-1,-1,-1,-1,-1,-2,-2
2,"Environment: 2, FiringMode: 2",4.834946,false,0,0,0,NA,false,0,0,0,NA,-1,-1,-1,-1,-1,-2,-2,false,0,0,0,NA,-1,-1,-1,-1,-1,-2,-2
2,"Environment: 2, FiringMode: 2",4.83724,false,0,0,0,NA,false,0,0,0,NA,-1,-1,-1,-1,-1,-2,-2,false,0,0,0,NA,-1,-1,-1,-1,-1,-2,-2
2,"Environment: 2, FiringMode: 2",4.840693,false,0,0,0,NA,false,0,0,0,NA,-1,-1,-1,-1,-1,-2,-2,false,0,0,0,NA,-1,-1,-1,-1,-1,-2,-2
2,"Environment: 2, FiringMode: 2",4.842206,false,0,0,0,NA,false,0,0,0,NA,-1,-1,-1,-1,-1,-2,-2,false,0,0,0,NA,-1,-1,-1,-1,-1,-2,-2
2,"Environment: 2, FiringMode: 2",4.843649,false,0,0,0,NA,false,0,0,0,NA,-1,-1,-1,-1,-1,-2,-2,false,0,0,0,NA,-1,-1,-1,-1,-1,-2,-2
2,"Environment: 2, FiringMode: 2",4.845081,false,0,0,0,NA,false,0,0,0,NA,-1,-1,-1,-1,-1,-2,-2,false,0,0,0,NA,-1,-1,-1,-1,-1,-2,-2
2,"Environment: 2, FiringMode: 2",4.846462,false,0,0,0,NA,false,0,0,0,NA,-1,-1,-1,-1,-1,-2,-2,false,0,0,0,NA,-1,-1,-1,-1,-1,-2,-2
2,"Environment: 2, FiringMode: 2",4.847847,false,0,0,0,NA,false,0,0,0,NA,-1,-1,-1,-1,-1,-2,-2,false,0,0,0,NA,-1,-1,-1,-1,-1,-2,-2
2,"Environment: 2, FiringMode: 2",4.850484,false,0,0,0,NA,false,0,0,0,NA,-1,-1,-1,-1,-1,-2,-2,false,0,0,0,NA,-1,-1,-1,-1,-1,-2,-2
2,"Environment: 2, FiringMode: 2",4.852013,false,0,0,0,NA,false,0,0,0,NA,-1,-1,-1,-1,-1,-2,-2,false,0,0,0,NA,-1,-1,-1,-1,-1,-2,-2
2,"Environment: 2, FiringMode: 2",4.853649,false,0,0,0,NA,false,0,0,0,NA,-1,-1,-1,-1,-1,-2,-2,false,0,0,0,NA,-1,-1,-1,-1,-1,-2,-2
2,"Environment: 2, FiringMode: 2",4.855288,false,0,0,0,NA,false,0,0,0,NA,-1,-1,-1,-1,-1,-2,-2,false,0,0,0,NA,-1,-1,-1,-1,-1,-2,-2
2,"Environment: 2, FiringMode: 2",4.856716,false,0,0,0,NA,false,0,0,0,NA,-1,-1,-1,-1,-1,-2,-2,false,0,0,0,NA,-1,-1,-1,-1,-1,-2,-2
2,"Environment: 2, FiringMode: 2",4.858091,false,0,0,0,NA,false,0,0,0,NA,-1,-1,-1,-1,-1,-2,-2,false,0,0,0,NA,-1,-1,-1,-1,-1,-2,-2
2,"Environment: 2, FiringMode: 2",4.85973,false,0,0,0,NA,false,0,0,0,NA,-1,-1,-1,-1,-1,-2,-2,false,0,0,0,NA,-1,-1,-1,-1,-1,-2,-2
2,"Environment: 2, FiringMode: 2",4.861155,false,0,0,0,NA,false,0,0,0,NA,-1,-1,-1,-1,-1,-2,-2,false,0,0,0,NA,-1,-1,-1,-1,-1,-2,-2
2,"Environment: 2, FiringMode: 2",4.862618,false,0,0,0,NA,false,0,0,0,NA,-1,-1,-1,-1,-1,-2,-2,false,0,0,0,NA,-1,-1,-1,-1,-1,-2,-2
2,"Environment: 2, FiringMode: 2",4.864061,false,0,0,0,NA,false,0,0,0,NA,-1,-1,-1,-1,-1,-2,-2,false,0,0,0,NA,-1,-1,-1,-1,-1,-2,-2
2,"Environment: 2, FiringMode: 2",4.865494,false,0,0,0,NA,false,0,0,0,NA,-1,-1,-1,-1,-1,-2,-2,false,0,0,0,NA,-1,-1,-1,-1,-1,-2,-2
2,"Environment: 2, FiringMode: 2",4.866912,false,0,0,0,NA,false,0,0,0,NA,-1,-1,-1,-1,-1,-2,-2,false,0,0,0,NA,-1,-1,-1,-1,-1,-2,-2
2,"Environment: 2, FiringMode: 2",4.868363,false,0,0,0,NA,false,0,0,0,NA,-1,-1,-1,-1,-1,-2,-2,false,0,0,0,NA,-1,-1,-1,-1,-1,-2,-2
2,"Environment: 2, FiringMode: 2",4.869693,false,0,0,0,NA,false,0,0,0,NA,-1,-1,-1,-1,-1,-2,-2,false,0,0,0,NA,-1,-1,-1,-1,-1,-2,-2
2,"Environment: 2, FiringMode: 2",4.871074,false,0,0,0,NA,false,0,0,0,NA,-1,-1,-1,-1,-1,-2,-2,false,0,0,0,NA,-1,-1,-1,-1,-1,-2,-2
2,"Environment: 2, FiringMode: 2",4.872401,false,0,0,0,NA,false,0,0,0,NA,-1,-1,-1,-1,-1,-2,-2,false,0,0,0,NA,-1,-1,-1,-1,-1,-2,-2
2,"Environment: 2, FiringMode: 2",4.873833,false,0,0,0,NA,false,0,0,0,NA,-1,-1,-1,-1,-1,-2,-2,false,0,0,0,NA,-1,-1,-1,-1,-1,-2,-2
2,"Environment: 2, FiringMode: 2",4.875237,false,0,0,0,NA,false,0,0,0,NA,-1,-1,-1,-1,-1,-2,-2,false,0,0,0,NA,-1,-1,-1,-1,-1,-2,-2
2,"Environment: 2, FiringMode: 2",4.876697,false,0,0,0,NA,false,0,0,0,NA,-1,-1,-1,-1,-1,-2,-2,false,0,0,0,NA,-1,-1,-1,-1,-1,-2,-2
2,"Environment: 2, FiringMode: 2",4.878064,false,0,0,0,NA,false,0,0,0,NA,-1,-1,-1,-1,-1,-2,-2,false,0,0,0,NA,-1,-1,-1,-1,-1,-2,-2
2,"Environment: 2, FiringMode: 2",4.87956,false,0,0,0,NA,false,0,0,0,NA,-1,-1,-1,-1,-1,-2,-2,false,0,0,0,NA,-1,-1,-1,-1,-1,-2,-2
2,"Environment: 2, FiringMode: 2",4.88094,false,0,0,0,NA,false,0,0,0,NA,-1,-1,-1,-1,-1,-2,-2,false,0,0,0,NA,-1,-1,-1,-1,-1,-2,-2
2,"Environment: 2, FiringMode: 2",4.882248,false,0,0,0,NA,false,0,0,0,NA,-1,-1,-1,-1,-1,-2,-2,false,0,0,0,NA,-1,-1,-1,-1,-1,-2,-2
2,"Environment: 2, FiringMode: 2",4.883601,false,0,0,0,NA,false,0,0,0,NA,-1,-1,-1,-1,-1,-2,-2,false,0,0,0,NA,-1,-1,-1,-1,-1,-2,-2
2,"Environment: 2, FiringMode: 2",4.88495,false,0,0,0,NA,false,0,0,0,NA,-1,-1,-1,-1,-1,-2,-2,false,0,0,0,NA,-1,-1,-1,-1,-1,-2,-2
2,"Environment: 2, FiringMode: 2",4.886998,false,0,0,0,NA,false,0,0,0,NA,-1,-1,-1,-1,-1,-2,-2,false,0,0,0,NA,-1,-1,-1,-1,-1,-2,-2
2,"Environment: 2, FiringMode: 2",4.888525,false,0,0,0,NA,false,0,0,0,NA,-1,-1,-1,-1,-1,-2,-2,false,0,0,0,NA,-1,-1,-1,-1,-1,-2,-2
2,"Environment: 2, FiringMode: 2",4.891571,false,0,0,0,NA,false,0,0,0,NA,-1,-1,-1,-1,-1,-2,-2,false,0,0,0,NA,-1,-1,-1,-1,-1,-2,-2
2,"Environment: 2, FiringMode: 2",4.893118,false,0,0,0,NA,false,0,0,0,NA,-1,-1,-1,-1,-1,-2,-2,false,0,0,0,NA,-1,-1,-1,-1,-1,-2,-2
2,"Environment: 2, FiringMode: 2",4.894454,false,0,0,0,NA,false,0,0,0,NA,-1,-1,-1,-1,-1,-2,-2,false,0,0,0,NA,-1,-1,-1,-1,-1,-2,-2
2,"Environment: 2, FiringMode: 2",4.89577,false,0,0,0,NA,false,0,0,0,NA,-1,-1,-1,-1,-1,-2,-2,false,0,0,0,NA,-1,-1,-1,-1,-1,-2,-2
2,"Environment: 2, FiringMode: 2",4.897374,false,0,0,0,NA,false,0,0,0,NA,-1,-1,-1,-1,-1,-2,-2,false,0,0,0,NA,-1,-1,-1,-1,-1,-2,-2
2,"Environment: 2, FiringMode: 2",4.899029,false,0,0,0,NA,false,0,0,0,NA,-1,-1,-1,-1,-1,-2,-2,false,0,0,0,NA,-1,-1,-1,-1,-1,-2,-2
2,"Environment: 2, FiringMode: 2",4.900536,false,0,0,0,NA,false,0,0,0,NA,-1,-1,-1,-1,-1,-2,-2,false,0,0,0,NA,-1,-1,-1,-1,-1,-2,-2
2,"Environment: 2, FiringMode: 2",4.901845,false,0,0,0,NA,false,0,0,0,NA,-1,-1,-1,-1,-1,-2,-2,false,0,0,0,NA,-1,-1,-1,-1,-1,-2,-2
2,"Environment: 2, FiringMode: 2",4.903202,false,0,0,0,NA,false,0,0,0,NA,-1,-1,-1,-1,-1,-2,-2,false,0,0,0,NA,-1,-1,-1,-1,-1,-2,-2
2,"Environment: 2, FiringMode: 2",4.904548,false,0,0,0,NA,false,0,0,0,NA,-1,-1,-1,-1,-1,-2,-2,false,0,0,0,NA,-1,-1,-1,-1,-1,-2,-2
2,"Environment: 2, FiringMode: 2",4.905983,false,0,0,0,NA,false,0,0,0,NA,-1,-1,-1,-1,-1,-2,-2,false,0,0,0,NA,-1,-1,-1,-1,-1,-2,-2
2,"Environment: 2, FiringMode: 2",4.907502,false,0,0,0,NA,false,0,0,0,NA,-1,-1,-1,-1,-1,-2,-2,false,0,0,0,NA,-1,-1,-1,-1,-1,-2,-2
2,"Environment: 2, FiringMode: 2",4.90892,false,0,0,0,NA,false,0,0,0,NA,-1,-1,-1,-1,-1,-2,-2,false,0,0,0,NA,-1,-1,-1,-1,-1,-2,-2
2,"Environment: 2, FiringMode: 2",4.910444,false,0,0,0,NA,false,0,0,0,NA,-1,-1,-1,-1,-1,-2,-2,false,0,0,0,NA,-1,-1,-1,-1,-1,-2,-2
2,"Environment: 2, FiringMode: 2",4.911768,false,0,0,0,NA,false,0,0,0,NA,-1,-1,-1,-1,-1,-2,-2,false,0,0,0,NA,-1,-1,-1,-1,-1,-2,-2
2,"Environment: 2, FiringMode: 2",4.91301,false,0,0,0,NA,false,0,0,0,NA,-1,-1,-1,-1,-1,-2,-2,false,0,0,0,NA,-1,-1,-1,-1,-1,-2,-2
2,"Environment: 2, FiringMode: 2",4.914383,false,0,0,0,NA,false,0,0,0,NA,-1,-1,-1,-1,-1,-2,-2,false,0,0,0,NA,-1,-1,-1,-1,-1,-2,-2
2,"Environment: 2, FiringMode: 2",4.915789,false,0,0,0,NA,false,0,0,0,NA,-1,-1,-1,-1,-1,-2,-2,false,0,0,0,NA,-1,-1,-1,-1,-1,-2,-2
2,"Environment: 2, FiringMode: 2",4.917099,false,0,0,0,NA,false,0,0,0,NA,-1,-1,-1,-1,-1,-2,-2,false,0,0,0,NA,-1,-1,-1,-1,-1,-2,-2
2,"Environment: 2, FiringMode: 2",4.918952,false,0,0,0,NA,false,0,0,0,NA,-1,-1,-1,-1,-1,-2,-2,false,0,0,0,NA,-1,-1,-1,-1,-1,-2,-2
2,"Environment: 2, FiringMode: 2",4.920394,false,0,0,0,NA,false,0,0,0,NA,-1,-1,-1,-1,-1,-2,-2,false,0,0,0,NA,-1,-1,-1,-1,-1,-2,-2
2,"Environment: 2, FiringMode: 2",4.921816,false,0,0,0,NA,false,0,0,0,NA,-1,-1,-1,-1,-1,-2,-2,false,0,0,0,NA,-1,-1,-1,-1,-1,-2,-2
2,"Environment: 2, FiringMode: 2",4.923163,false,0,0,0,NA,false,0,0,0,NA,-1,-1,-1,-1,-1,-2,-2,false,0,0,0,NA,-1,-1,-1,-1,-1,-2,-2
2,"Environment: 2, FiringMode: 2",4.924954,false,0,0,0,NA,false,0,0,0,NA,-1,-1,-1,-1,-1,-2,-2,false,0,0,0,NA,-1,-1,-1,-1,-1,-2,-2
2,"Environment: 2, FiringMode: 2",4.926476,false,0,0,0,NA,false,0,0,0,NA,-1,-1,-1,-1,-1,-2,-2,false,0,0,0,NA,-1,-1,-1,-1,-1,-2,-2
2,"Environment: 2, FiringMode: 2",4.92792,false,0,0,0,NA,false,0,0,0,NA,-1,-1,-1,-1,-1,-2,-2,false,0,0,0,NA,-1,-1,-1,-1,-1,-2,-2
2,"Environment: 2, FiringMode: 2",4.929352,false,0,0,0,NA,false,0,0,0,NA,-1,-1,-1,-1,-1,-2,-2,false,0,0,0,NA,-1,-1,-1,-1,-1,-2,-2
2,"Environment: 2, FiringMode: 2",4.932279,false,0,0,0,NA,false,0,0,0,NA,-1,-1,-1,-1,-1,-2,-2,false,0,0,0,NA,-1,-1,-1,-1,-1,-2,-2
2,"Environment: 2, FiringMode: 2",4.93373,false,0,0,0,NA,false,0,0,0,NA,-1,-1,-1,-1,-1,-2,-2,false,0,0,0,NA,-1,-1,-1,-1,-1,-2,-2
2,"Environment: 2, FiringMode: 2",4.935048,false,0,0,0,NA,false,0,0,0,NA,-1,-1,-1,-1,-1,-2,-2,false,0,0,0,NA,-1,-1,-1,-1,-1,-2,-2
2,"Environment: 2, FiringMode: 2",4.936423,false,0,0,0,NA,false,0,0,0,NA,-1,-1,-1,-1,-1,-2,-2,false,0,0,0,NA,-1,-1,-1,-1,-1,-2,-2
2,"Environment: 2, FiringMode: 2",4.937719,false,0,0,0,NA,false,0,0,0,NA,-1,-1,-1,-1,-1,-2,-2,false,0,0,0,NA,-1,-1,-1,-1,-1,-2,-2
2,"Environment: 2, FiringMode: 2",4.939161,false,0,0,0,NA,false,0,0,0,NA,-1,-1,-1,-1,-1,-2,-2,false,0,0,0,NA,-1,-1,-1,-1,-1,-2,-2
2,"Environment: 2, FiringMode: 2",4.940488,false,0,0,0,NA,false,0,0,0,NA,-1,-1,-1,-1,-1,-2,-2,false,0,0,0,NA,-1,-1,-1,-1,-1,-2,-2
2,"Environment: 2, FiringMode: 2",4.941784,false,0,0,0,NA,false,0,0,0,NA,-1,-1,-1,-1,-1,-2,-2,false,0,0,0,NA,-1,-1,-1,-1,-1,-2,-2
2,"Environment: 2, FiringMode: 2",4.943115,false,0,0,0,NA,false,0,0,0,NA,-1,-1,-1,-1,-1,-2,-2,false,0,0,0,NA,-1,-1,-1,-1,-1,-2,-2
2,"Environment: 2, FiringMode: 2",4.944485,false,0,0,0,NA,false,0,0,0,NA,-1,-1,-1,-1,-1,-2,-2,false,0,0,0,NA,-1,-1,-1,-1,-1,-2,-2
2,"Environment: 2, FiringMode: 2",4.945815,false,0,0,0,NA,false,0,0,0,NA,-1,-1,-1,-1,-1,-2,-2,false,0,0,0,NA,-1,-1,-1,-1,-1,-2,-2
2,"Environment: 2, FiringMode: 2",4.947159,false,0,0,0,NA,false,0,0,0,NA,-1,-1,-1,-1,-1,-2,-2,false,0,0,0,NA,-1,-1,-1,-1,-1,-2,-2
2,"Environment: 2, FiringMode: 2",4.948672,false,0,0,0,NA,false,0,0,0,NA,-1,-1,-1,-1,-1,-2,-2,false,0,0,0,NA,-1,-1,-1,-1,-1,-2,-2
2,"Environment: 2, FiringMode: 2",4.950273,false,0,0,0,NA,false,0,0,0,NA,-1,-1,-1,-1,-1,-2,-2,false,0,0,0,NA,-1,-1,-1,-1,-1,-2,-2
2,"Environment: 2, FiringMode: 2",4.951746,false,0,0,0,NA,false,0,0,0,NA,-1,-1,-1,-1,-1,-2,-2,false,0,0,0,NA,-1,-1,-1,-1,-1,-2,-2
2,"Environment: 2, FiringMode: 2",4.953151,false,0,0,0,NA,false,0,0,0,NA,-1,-1,-1,-1,-1,-2,-2,false,0,0,0,NA,-1,-1,-1,-1,-1,-2,-2
2,"Environment: 2, FiringMode: 2",4.954545,false,0,0,0,NA,false,0,0,0,NA,-1,-1,-1,-1,-1,-2,-2,false,0,0,0,NA,-1,-1,-1,-1,-1,-2,-2
2,"Environment: 2, FiringMode: 2",4.955899,false,0,0,0,NA,false,0,0,0,NA,-1,-1,-1,-1,-1,-2,-2,false,0,0,0,NA,-1,-1,-1,-1,-1,-2,-2
2,"Environment: 2, FiringMode: 2",4.957209,false,0,0,0,NA,false,0,0,0,NA,-1,-1,-1,-1,-1,-2,-2,false,0,0,0,NA,-1,-1,-1,-1,-1,-2,-2
2,"Environment: 2, FiringMode: 2",4.958556,false,0,0,0,NA,false,0,0,0,NA,-1,-1,-1,-1,-1,-2,-2,false,0,0,0,NA,-1,-1,-1,-1,-1,-2,-2
2,"Environment: 2, FiringMode: 2",4.960027,false,0,0,0,NA,false,0,0,0,NA,-1,-1,-1,-1,-1,-2,-2,false,0,0,0,NA,-1,-1,-1,-1,-1,-2,-2
2,"Environment: 2, FiringMode: 2",4.961355,false,0,0,0,NA,false,0,0,0,NA,-1,-1,-1,-1,-1,-2,-2,false,0,0,0,NA,-1,-1,-1,-1,-1,-2,-2
2,"Environment: 2, FiringMode: 2",4.962719,false,0,0,0,NA,false,0,0,0,NA,-1,-1,-1,-1,-1,-2,-2,false,0,0,0,NA,-1,-1,-1,-1,-1,-2,-2
2,"Environment: 2, FiringMode: 2",4.96419,false,0,0,0,NA,false,0,0,0,NA,-1,-1,-1,-1,-1,-2,-2,false,0,0,0,NA,-1,-1,-1,-1,-1,-2,-2
2,"Environment: 2, FiringMode: 2",4.965634,false,0,0,0,NA,false,0,0,0,NA,-1,-1,-1,-1,-1,-2,-2,false,0,0,0,NA,-1,-1,-1,-1,-1,-2,-2
2,"Environment: 2, FiringMode: 2",4.967,false,0,0,0,NA,false,0,0,0,NA,-1,-1,-1,-1,-1,-2,-2,false,0,0,0,NA,-1,-1,-1,-1,-1,-2,-2
2,"Environment: 2, FiringMode: 2",4.968317,false,0,0,0,NA,false,0,0,0,NA,-1,-1,-1,-1,-1,-2,-2,false,0,0,0,NA,-1,-1,-1,-1,-1,-2,-2
2,"Environment: 2, FiringMode: 2",4.969646,false,0,0,0,NA,false,0,0,0,NA,-1,-1,-1,-1,-1,-2,-2,false,0,0,0,NA,-1,-1,-1,-1,-1,-2,-2
2,"Environment: 2, FiringMode: 2",4.971031,false,0,0,0,NA,false,0,0,0,NA,-1,-1,-1,-1,-1,-2,-2,false,0,0,0,NA,-1,-1,-1,-1,-1,-2,-2
2,"Environment: 2, FiringMode: 2",4.974621,false,0,0,0,NA,false,0,0,0,NA,-1,-1,-1,-1,-1,-2,-2,false,0,0,0,NA,-1,-1,-1,-1,-1,-2,-2
2,"Environment: 2, FiringMode: 2",4.975975,false,0,0,0,NA,false,0,0,0,NA,-1,-1,-1,-1,-1,-2,-2,false,0,0,0,NA,-1,-1,-1,-1,-1,-2,-2
2,"Environment: 2, FiringMode: 2",4.977416,false,0,0,0,NA,false,0,0,0,NA,-1,-1,-1,-1,-1,-2,-2,false,0,0,0,NA,-1,-1,-1,-1,-1,-2,-2
2,"Environment: 2, FiringMode: 2",4.978763,false,0,0,0,NA,false,0,0,0,NA,-1,-1,-1,-1,-1,-2,-2,false,0,0,0,NA,-1,-1,-1,-1,-1,-2,-2
2,"Environment: 2, FiringMode: 2",4.980331,false,0,0,0,NA,false,0,0,0,NA,-1,-1,-1,-1,-1,-2,-2,false,0,0,0,NA,-1,-1,-1,-1,-1,-2,-2
2,"Environment: 2, FiringMode: 2",4.981736,false,0,0,0,NA,false,0,0,0,NA,-1,-1,-1,-1,-1,-2,-2,false,0,0,0,NA,-1,-1,-1,-1,-1,-2,-2
2,"Environment: 2, FiringMode: 2",4.983101,false,0,0,0,NA,false,0,0,0,NA,-1,-1,-1,-1,-1,-2,-2,false,0,0,0,NA,-1,-1,-1,-1,-1,-2,-2
2,"Environment: 2, FiringMode: 2",4.984427,false,0,0,0,NA,false,0,0,0,NA,-1,-1,-1,-1,-1,-2,-2,false,0,0,0,NA,-1,-1,-1,-1,-1,-2,-2
2,"Environment: 2, FiringMode: 2",4.98585,false,0,0,0,NA,false,0,0,0,NA,-1,-1,-1,-1,-1,-2,-2,false,0,0,0,NA,-1,-1,-1,-1,-1,-2,-2
2,"Environment: 2, FiringMode: 2",4.987195,false,0,0,0,NA,false,0,0,0,NA,-1,-1,-1,-1,-1,-2,-2,false,0,0,0,NA,-1,-1,-1,-1,-1,-2,-2
2,"Environment: 2, FiringMode: 2",4.988651,false,0,0,0,NA,false,0,0,0,NA,-1,-1,-1,-1,-1,-2,-2,false,0,0,0,NA,-1,-1,-1,-1,-1,-2,-2
2,"Environment: 2, FiringMode: 2",4.989991,false,0,0,0,NA,false,0,0,0,NA,-1,-1,-1,-1,-1,-2,-2,false,0,0,0,NA,-1,-1,-1,-1,-1,-2,-2
2,"Environment: 2, FiringMode: 2",4.991323,false,0,0,0,NA,false,0,0,0,NA,-1,-1,-1,-1,-1,-2,-2,false,0,0,0,NA,-1,-1,-1,-1,-1,-2,-2
2,"Environment: 2, FiringMode: 2",4.992637,false,0,0,0,NA,false,0,0,0,NA,-1,-1,-1,-1,-1,-2,-2,false,0,0,0,NA,-1,-1,-1,-1,-1,-2,-2
2,"Environment: 2, FiringMode: 2",4.994073,false,0,0,0,NA,false,0,0,0,NA,-1,-1,-1,-1,-1,-2,-2,false,0,0,0,NA,-1,-1,-1,-1,-1,-2,-2
2,"Environment: 2, FiringMode: 2",4.995466,false,0,0,0,NA,false,0,0,0,NA,-1,-1,-1,-1,-1,-2,-2,false,0,0,0,NA,-1,-1,-1,-1,-1,-2,-2
2,"Environment: 2, FiringMode: 2",4.996877,false,0,0,0,NA,false,0,0,0,NA,-1,-1,-1,-1,-1,-2,-2,false,0,0,0,NA,-1,-1,-1,-1,-1,-2,-2
2,"Environment: 2, FiringMode: 2",4.999262,false,0,0,0,NA,false,0,0,0,NA,-1,-1,-1,-1,-1,-2,-2,false,0,0,0,NA,-1,-1,-1,-1,-1,-2,-2
2,"Environment: 2, FiringMode: 2",5.000616,false,0,0,0,NA,false,0,0,0,NA,-1,-1,-1,-1,-1,-2,-2,false,0,0,0,NA,-1,-1,-1,-1,-1,-2,-2
2,"Environment: 2, FiringMode: 2",5.002102,false,0,0,0,NA,false,0,0,0,NA,-1,-1,-1,-1,-1,-2,-2,false,0,0,0,NA,-1,-1,-1,-1,-1,-2,-2
2,"Environment: 2, FiringMode: 2",5.003459,false,0,0,0,NA,false,0,0,0,NA,-1,-1,-1,-1,-1,-2,-2,false,0,0,0,NA,-1,-1,-1,-1,-1,-2,-2
2,"Environment: 2, FiringMode: 2",5.00475,false,0,0,0,NA,false,0,0,0,NA,-1,-1,-1,-1,-1,-2,-2,false,0,0,0,NA,-1,-1,-1,-1,-1,-2,-2
2,"Environment: 2, FiringMode: 2",5.00609,false,0,0,0,NA,false,0,0,0,NA,-1,-1,-1,-1,-1,-2,-2,false,0,0,0,NA,-1,-1,-1,-1,-1,-2,-2
2,"Environment: 2, FiringMode: 2",5.007482,false,0,0,0,NA,false,0,0,0,NA,-1,-1,-1,-1,-1,-2,-2,false,0,0,0,NA,-1,-1,-1,-1,-1,-2,-2
2,"Environment: 2, FiringMode: 2",5.008751,false,0,0,0,NA,false,0,0,0,NA,-1,-1,-1,-1,-1,-2,-2,false,0,0,0,NA,-1,-1,-1,-1,-1,-2,-2
2,"Environment: 2, FiringMode: 2",5.010195,false,0,0,0,NA,false,0,0,0,NA,-1,-1,-1,-1,-1,-2,-2,false,0,0,0,NA,-1,-1,-1,-1,-1,-2,-2
2,"Environment: 2, FiringMode: 2",5.01152,false,0,0,0,NA,false,0,0,0,NA,-1,-1,-1,-1,-1,-2,-2,false,0,0,0,NA,-1,-1,-1,-1,-1,-2,-2
2,"Environment: 2, FiringMode: 2",5.012863,false,0,0,0,NA,false,0,0,0,NA,-1,-1,-1,-1,-1,-2,-2,false,0,0,0,NA,-1,-1,-1,-1,-1,-2,-2
2,"Environment: 2, FiringMode: 2",5.014164,false,0,0,0,NA,false,0,0,0,NA,-1,-1,-1,-1,-1,-2,-2,false,0,0,0,NA,-1,-1,-1,-1,-1,-2,-2
2,"Environment: 2, FiringMode: 2",5.01547,false,0,0,0,NA,false,0,0,0,NA,-1,-1,-1,-1,-1,-2,-2,false,0,0,0,NA,-1,-1,-1,-1,-1,-2,-2
2,"Environment: 2, FiringMode: 2",5.016848,false,0,0,0,NA,false,0,0,0,NA,-1,-1,-1,-1,-1,-2,-2,false,0,0,0,NA,-1,-1,-1,-1,-1,-2,-2
2,"Environment: 2, FiringMode: 2",5.019706,false,0,0,0,NA,false,0,0,0,NA,-1,-1,-1,-1,-1,-2,-2,false,0,0,0,NA,-1,-1,-1,-1,-1,-2,-2
2,"Environment: 2, FiringMode: 2",5.021021,false,0,0,0,NA,false,0,0,0,NA,-1,-1,-1,-1,-1,-2,-2,false,0,0,0,NA,-1,-1,-1,-1,-1,-2,-2
2,"Environment: 2, FiringMode: 2",5.022417,false,0,0,0,NA,false,0,0,0,NA,-1,-1,-1,-1,-1,-2,-2,false,0,0,0,NA,-1,-1,-1,-1,-1,-2,-2
2,"Environment: 2, FiringMode: 2",5.023774,false,0,0,0,NA,false,0,0,0,NA,-1,-1,-1,-1,-1,-2,-2,false,0,0,0,NA,-1,-1,-1,-1,-1,-2,-2
2,"Environment: 2, FiringMode: 2",5.025083,false,0,0,0,NA,false,0,0,0,NA,-1,-1,-1,-1,-1,-2,-2,false,0,0,0,NA,-1,-1,-1,-1,-1,-2,-2
2,"Environment: 2, FiringMode: 2",5.026418,false,0,0,0,NA,false,0,0,0,NA,-1,-1,-1,-1,-1,-2,-2,false,0,0,0,NA,-1,-1,-1,-1,-1,-2,-2
2,"Environment: 2, FiringMode: 2",5.027715,false,0,0,0,NA,false,0,0,0,NA,-1,-1,-1,-1,-1,-2,-2,false,0,0,0,NA,-1,-1,-1,-1,-1,-2,-2
2,"Environment: 2, FiringMode: 2",5.029013,false,0,0,0,NA,false,0,0,0,NA,-1,-1,-1,-1,-1,-2,-2,false,0,0,0,NA,-1,-1,-1,-1,-1,-2,-2
2,"Environment: 2, FiringMode: 2",5.031366,false,0,0,0,NA,false,0,0,0,NA,-1,-1,-1,-1,-1,-2,-2,false,0,0,0,NA,-1,-1,-1,-1,-1,-2,-2
2,"Environment: 2, FiringMode: 2",5.032684,false,0,0,0,NA,false,0,0,0,NA,-1,-1,-1,-1,-1,-2,-2,false,0,0,0,NA,-1,-1,-1,-1,-1,-2,-2
2,"Environment: 2, FiringMode: 2",5.034217,false,0,0,0,NA,false,0,0,0,NA,-1,-1,-1,-1,-1,-2,-2,false,0,0,0,NA,-1,-1,-1,-1,-1,-2,-2
2,"Environment: 2, FiringMode: 2",5.035527,false,0,0,0,NA,false,0,0,0,NA,-1,-1,-1,-1,-1,-2,-2,false,0,0,0,NA,-1,-1,-1,-1,-1,-2,-2
2,"Environment: 2, FiringMode: 2",5.036987,false,0,0,0,NA,false,0,0,0,NA,-1,-1,-1,-1,-1,-2,-2,false,0,0,0,NA,-1,-1,-1,-1,-1,-2,-2
2,"Environment: 2, FiringMode: 2",5.039532,false,0,0,0,NA,false,0,0,0,NA,-1,-1,-1,-1,-1,-2,-2,false,0,0,0,NA,-1,-1,-1,-1,-1,-2,-2
2,"Environment: 2, FiringMode: 2",5.041042,false,0,0,0,NA,false,0,0,0,NA,-1,-1,-1,-1,-1,-2,-2,false,0,0,0,NA,-1,-1,-1,-1,-1,-2,-2
2,"Environment: 2, FiringMode: 2",5.042397,false,0,0,0,NA,false,0,0,0,NA,-1,-1,-1,-1,-1,-2,-2,false,0,0,0,NA,-1,-1,-1,-1,-1,-2,-2
2,"Environment: 2, FiringMode: 2",5.043885,false,0,0,0,NA,false,0,0,0,NA,-1,-1,-1,-1,-1,-2,-2,false,0,0,0,NA,-1,-1,-1,-1,-1,-2,-2
2,"Environment: 2, FiringMode: 2",5.045251,false,0,0,0,NA,false,0,0,0,NA,-1,-1,-1,-1,-1,-2,-2,false,0,0,0,NA,-1,-1,-1,-1,-1,-2,-2
2,"Environment: 2, FiringMode: 2",5.046573,false,0,0,0,NA,false,0,0,0,NA,-1,-1,-1,-1,-1,-2,-2,false,0,0,0,NA,-1,-1,-1,-1,-1,-2,-2
2,"Environment: 2, FiringMode: 2",5.047936,false,0,0,0,NA,false,0,0,0,NA,-1,-1,-1,-1,-1,-2,-2,false,0,0,0,NA,-1,-1,-1,-1,-1,-2,-2
2,"Environment: 2, FiringMode: 2",5.049296,false,0,0,0,NA,false,0,0,0,NA,-1,-1,-1,-1,-1,-2,-2,false,0,0,0,NA,-1,-1,-1,-1,-1,-2,-2
2,"Environment: 2, FiringMode: 2",5.050589,false,0,0,0,NA,false,0,0,0,NA,-1,-1,-1,-1,-1,-2,-2,false,0,0,0,NA,-1,-1,-1,-1,-1,-2,-2
2,"Environment: 2, FiringMode: 2",5.051986,false,0,0,0,NA,false,0,0,0,NA,-1,-1,-1,-1,-1,-2,-2,false,0,0,0,NA,-1,-1,-1,-1,-1,-2,-2
2,"Environment: 2, FiringMode: 2",5.053403,false,0,0,0,NA,false,0,0,0,NA,-1,-1,-1,-1,-1,-2,-2,false,0,0,0,NA,-1,-1,-1,-1,-1,-2,-2
2,"Environment: 2, FiringMode: 2",5.054764,false,0,0,0,NA,false,0,0,0,NA,-1,-1,-1,-1,-1,-2,-2,false,0,0,0,NA,-1,-1,-1,-1,-1,-2,-2
2,"Environment: 2, FiringMode: 2",5.056282,false,0,0,0,NA,false,0,0,0,NA,-1,-1,-1,-1,-1,-2,-2,false,0,0,0,NA,-1,-1,-1,-1,-1,-2,-2
2,"Environment: 2, FiringMode: 2",5.057686,false,0,0,0,NA,false,0,0,0,NA,-1,-1,-1,-1,-1,-2,-2,false,0,0,0,NA,-1,-1,-1,-1,-1,-2,-2
2,"Environment: 2, FiringMode: 2",5.059099,false,0,0,0,NA,false,0,0,0,NA,-1,-1,-1,-1,-1,-2,-2,false,0,0,0,NA,-1,-1,-1,-1,-1,-2,-2
2,"Environment: 2, FiringMode: 2",5.060352,false,0,0,0,NA,false,0,0,0,NA,-1,-1,-1,-1,-1,-2,-2,false,0,0,0,NA,-1,-1,-1,-1,-1,-2,-2
2,"Environment: 2, FiringMode: 2",5.061672,false,0,0,0,NA,false,0,0,0,NA,-1,-1,-1,-1,-1,-2,-2,false,0,0,0,NA,-1,-1,-1,-1,-1,-2,-2
2,"Environment: 2, FiringMode: 2",5.062999,false,0,0,0,NA,false,0,0,0,NA,-1,-1,-1,-1,-1,-2,-2,false,0,0,0,NA,-1,-1,-1,-1,-1,-2,-2
2,"Environment: 2, FiringMode: 2",5.064392,false,0,0,0,NA,false,0,0,0,NA,-1,-1,-1,-1,-1,-2,-2,false,0,0,0,NA,-1,-1,-1,-1,-1,-2,-2
2,"Environment: 2, FiringMode: 2",5.065688,false,0,0,0,NA,false,0,0,0,NA,-1,-1,-1,-1,-1,-2,-2,false,0,0,0,NA,-1,-1,-1,-1,-1,-2,-2
2,"Environment: 2, FiringMode: 2",5.067067,false,0,0,0,NA,false,0,0,0,NA,-1,-1,-1,-1,-1,-2,-2,false,0,0,0,NA,-1,-1,-1,-1,-1,-2,-2
2,"Environment: 2, FiringMode: 2",5.068479,false,0,0,0,NA,false,0,0,0,NA,-1,-1,-1,-1,-1,-2,-2,false,0,0,0,NA,-1,-1,-1,-1,-1,-2,-2
2,"Environment: 2, FiringMode: 2",5.069888,false,0,0,0,NA,false,0,0,0,NA,-1,-1,-1,-1,-1,-2,-2,false,0,0,0,NA,-1,-1,-1,-1,-1,-2,-2
2,"Environment: 2, FiringMode: 2",5.07127,false,0,0,0,NA,false,0,0,0,NA,-1,-1,-1,-1,-1,-2,-2,false,0,0,0,NA,-1,-1,-1,-1,-1,-2,-2
2,"Environment: 2, FiringMode: 2",5.072561,false,0,0,0,NA,false,0,0,0,NA,-1,-1,-1,-1,-1,-2,-2,false,0,0,0,NA,-1,-1,-1,-1,-1,-2,-2
2,"Environment: 2, FiringMode: 2",5.073911,false,0,0,0,NA,false,0,0,0,NA,-1,-1,-1,-1,-1,-2,-2,false,0,0,0,NA,-1,-1,-1,-1,-1,-2,-2
2,"Environment: 2, FiringMode: 2",5.075248,false,0,0,0,NA,false,0,0,0,NA,-1,-1,-1,-1,-1,-2,-2,false,0,0,0,NA,-1,-1,-1,-1,-1,-2,-2
2,"Environment: 2, FiringMode: 2",5.07653,false,0,0,0,NA,false,0,0,0,NA,-1,-1,-1,-1,-1,-2,-2,false,0,0,0,NA,-1,-1,-1,-1,-1,-2,-2
2,"Environment: 2, FiringMode: 2",5.077847,false,0,0,0,NA,false,0,0,0,NA,-1,-1,-1,-1,-1,-2,-2,false,0,0,0,NA,-1,-1,-1,-1,-1,-2,-2
2,"Environment: 2, FiringMode: 2",5.079227,false,0,0,0,NA,false,0,0,0,NA,-1,-1,-1,-1,-1,-2,-2,false,0,0,0,NA,-1,-1,-1,-1,-1,-2,-2
2,"Environment: 2, FiringMode: 2",5.080627,false,0,0,0,NA,false,0,0,0,NA,-1,-1,-1,-1,-1,-2,-2,false,0,0,0,NA,-1,-1,-1,-1,-1,-2,-2
2,"Environment: 2, FiringMode: 2",5.081977,false,0,0,0,NA,false,0,0,0,NA,-1,-1,-1,-1,-1,-2,-2,false,0,0,0,NA,-1,-1,-1,-1,-1,-2,-2
2,"Environment: 2, FiringMode: 2",5.083338,false,0,0,0,NA,false,0,0,0,NA,-1,-1,-1,-1,-1,-2,-2,false,0,0,0,NA,-1,-1,-1,-1,-1,-2,-2
2,"Environment: 2, FiringMode: 2",5.084676,false,0,0,0,NA,false,0,0,0,NA,-1,-1,-1,-1,-1,-2,-2,false,0,0,0,NA,-1,-1,-1,-1,-1,-2,-2
2,"Environment: 2, FiringMode: 2",5.086023,false,0,0,0,NA,false,0,0,0,NA,-1,-1,-1,-1,-1,-2,-2,false,0,0,0,NA,-1,-1,-1,-1,-1,-2,-2
2,"Environment: 2, FiringMode: 2",5.087988,false,0,0,0,NA,false,0,0,0,NA,-1,-1,-1,-1,-1,-2,-2,false,0,0,0,NA,-1,-1,-1,-1,-1,-2,-2
2,"Environment: 2, FiringMode: 2",5.089323,false,0,0,0,NA,false,0,0,0,NA,-1,-1,-1,-1,-1,-2,-2,false,0,0,0,NA,-1,-1,-1,-1,-1,-2,-2
2,"Environment: 2, FiringMode: 2",5.090688,false,0,0,0,NA,false,0,0,0,NA,-1,-1,-1,-1,-1,-2,-2,false,0,0,0,NA,-1,-1,-1,-1,-1,-2,-2
2,"Environment: 2, FiringMode: 2",5.092216,false,0,0,0,NA,false,0,0,0,NA,-1,-1,-1,-1,-1,-2,-2,false,0,0,0,NA,-1,-1,-1,-1,-1,-2,-2
2,"Environment: 2, FiringMode: 2",5.09396,false,0,0,0,NA,false,0,0,0,NA,-1,-1,-1,-1,-1,-2,-2,false,0,0,0,NA,-1,-1,-1,-1,-1,-2,-2
2,"Environment: 2, FiringMode: 2",5.095338,false,0,0,0,NA,false,0,0,0,NA,-1,-1,-1,-1,-1,-2,-2,false,0,0,0,NA,-1,-1,-1,-1,-1,-2,-2
2,"Environment: 2, FiringMode: 2",5.0967,false,0,0,0,NA,false,0,0,0,NA,-1,-1,-1,-1,-1,-2,-2,false,0,0,0,NA,-1,-1,-1,-1,-1,-2,-2
2,"Environment: 2, FiringMode: 2",5.098114,false,0,0,0,NA,false,0,0,0,NA,-1,-1,-1,-1,-1,-2,-2,false,0,0,0,NA,-1,-1,-1,-1,-1,-2,-2
2,"Environment: 2, FiringMode: 2",5.099617,false,0,0,0,NA,false,0,0,0,NA,-1,-1,-1,-1,-1,-2,-2,false,0,0,0,NA,-1,-1,-1,-1,-1,-2,-2
2,"Environment: 2, FiringMode: 2",5.101099,false,0,0,0,NA,false,0,0,0,NA,-1,-1,-1,-1,-1,-2,-2,false,0,0,0,NA,-1,-1,-1,-1,-1,-2,-2
2,"Environment: 2, FiringMode: 2",5.102563,false,0,0,0,NA,false,0,0,0,NA,-1,-1,-1,-1,-1,-2,-2,false,0,0,0,NA,-1,-1,-1,-1,-1,-2,-2
2,"Environment: 2, FiringMode: 2",5.103984,false,0,0,0,NA,false,0,0,0,NA,-1,-1,-1,-1,-1,-2,-2,false,0,0,0,NA,-1,-1,-1,-1,-1,-2,-2
2,"Environment: 2, FiringMode: 2",5.105505,false,0,0,0,NA,false,0,0,0,NA,-1,-1,-1,-1,-1,-2,-2,false,0,0,0,NA,-1,-1,-1,-1,-1,-2,-2
2,"Environment: 2, FiringMode: 2",5.106965,false,0,0,0,NA,false,0,0,0,NA,-1,-1,-1,-1,-1,-2,-2,false,0,0,0,NA,-1,-1,-1,-1,-1,-2,-2
2,"Environment: 2, FiringMode: 2",5.108366,false,0,0,0,NA,false,0,0,0,NA,-1,-1,-1,-1,-1,-2,-2,false,0,0,0,NA,-1,-1,-1,-1,-1,-2,-2
2,"Environment: 2, FiringMode: 2",5.109753,false,0,0,0,NA,false,0,0,0,NA,-1,-1,-1,-1,-1,-2,-2,false,0,0,0,NA,-1,-1,-1,-1,-1,-2,-2
2,"Environment: 2, FiringMode: 2",5.111086,false,0,0,0,NA,false,0,0,0,NA,-1,-1,-1,-1,-1,-2,-2,false,0,0,0,NA,-1,-1,-1,-1,-1,-2,-2
2,"Environment: 2, FiringMode: 2",5.112435,false,0,0,0,NA,false,0,0,0,NA,-1,-1,-1,-1,-1,-2,-2,false,0,0,0,NA,-1,-1,-1,-1,-1,-2,-2
2,"Environment: 2, FiringMode: 2",5.113696,false,0,0,0,NA,false,0,0,0,NA,-1,-1,-1,-1,-1,-2,-2,false,0,0,0,NA,-1,-1,-1,-1,-1,-2,-2
2,"Environment: 2, FiringMode: 2",5.115048,false,0,0,0,NA,false,0,0,0,NA,-1,-1,-1,-1,-1,-2,-2,false,0,0,0,NA,-1,-1,-1,-1,-1,-2,-2
2,"Environment: 2, FiringMode: 2",5.116403,false,0,0,0,NA,false,0,0,0,NA,-1,-1,-1,-1,-1,-2,-2,false,0,0,0,NA,-1,-1,-1,-1,-1,-2,-2
2,"Environment: 2, FiringMode: 2",5.118327,false,0,0,0,NA,false,0,0,0,NA,-1,-1,-1,-1,-1,-2,-2,false,0,0,0,NA,-1,-1,-1,-1,-1,-2,-2
2,"Environment: 2, FiringMode: 2",5.119824,false,0,0,0,NA,false,0,0,0,NA,-1,-1,-1,-1,-1,-2,-2,false,0,0,0,NA,-1,-1,-1,-1,-1,-2,-2
2,"Environment: 2, FiringMode: 2",5.121158,false,0,0,0,NA,false,0,0,0,NA,-1,-1,-1,-1,-1,-2,-2,false,0,0,0,NA,-1,-1,-1,-1,-1,-2,-2
2,"Environment: 2, FiringMode: 2",5.122623,false,0,0,0,NA,false,0,0,0,NA,-1,-1,-1,-1,-1,-2,-2,false,0,0,0,NA,-1,-1,-1,-1,-1,-2,-2
2,"Environment: 2, FiringMode: 2",5.12396,false,0,0,0,NA,false,0,0,0,NA,-1,-1,-1,-1,-1,-2,-2,false,0,0,0,NA,-1,-1,-1,-1,-1,-2,-2
2,"Environment: 2, FiringMode: 2",5.125352,false,0,0,0,NA,false,0,0,0,NA,-1,-1,-1,-1,-1,-2,-2,false,0,0,0,NA,-1,-1,-1,-1,-1,-2,-2
2,"Environment: 2, FiringMode: 2",5.126711,false,0,0,0,NA,false,0,0,0,NA,-1,-1,-1,-1,-1,-2,-2,false,0,0,0,NA,-1,-1,-1,-1,-1,-2,-2
2,"Environment: 2, FiringMode: 2",5.12802,false,0,0,0,NA,false,0,0,0,NA,-1,-1,-1,-1,-1,-2,-2,false,0,0,0,NA,-1,-1,-1,-1,-1,-2,-2
2,"Environment: 2, FiringMode: 2",5.129353,false,0,0,0,NA,false,0,0,0,NA,-1,-1,-1,-1,-1,-2,-2,false,0,0,0,NA,-1,-1,-1,-1,-1,-2,-2
2,"Environment: 2, FiringMode: 2",5.130625,false,0,0,0,NA,false,0,0,0,NA,-1,-1,-1,-1,-1,-2,-2,false,0,0,0,NA,-1,-1,-1,-1,-1,-2,-2
2,"Environment: 2, FiringMode: 2",5.131969,false,0,0,0,NA,false,0,0,0,NA,-1,-1,-1,-1,-1,-2,-2,false,0,0,0,NA,-1,-1,-1,-1,-1,-2,-2
2,"Environment: 2, FiringMode: 2",5.13349,false,0,0,0,NA,false,0,0,0,NA,-1,-1,-1,-1,-1,-2,-2,false,0,0,0,NA,-1,-1,-1,-1,-1,-2,-2
2,"Environment: 2, FiringMode: 2",5.134767,false,0,0,0,NA,false,0,0,0,NA,-1,-1,-1,-1,-1,-2,-2,false,0,0,0,NA,-1,-1,-1,-1,-1,-2,-2
2,"Environment: 2, FiringMode: 2",5.13612,false,0,0,0,NA,false,0,0,0,NA,-1,-1,-1,-1,-1,-2,-2,false,0,0,0,NA,-1,-1,-1,-1,-1,-2,-2
2,"Environment: 2, FiringMode: 2",5.137394,false,0,0,0,NA,false,0,0,0,NA,-1,-1,-1,-1,-1,-2,-2,false,0,0,0,NA,-1,-1,-1,-1,-1,-2,-2
2,"Environment: 2, FiringMode: 2",5.138694,false,0,0,0,NA,false,0,0,0,NA,-1,-1,-1,-1,-1,-2,-2,false,0,0,0,NA,-1,-1,-1,-1,-1,-2,-2
2,"Environment: 2, FiringMode: 2",5.140138,false,0,0,0,NA,false,0,0,0,NA,-1,-1,-1,-1,-1,-2,-2,false,0,0,0,NA,-1,-1,-1,-1,-1,-2,-2
2,"Environment: 2, FiringMode: 2",5.14145,false,0,0,0,NA,false,0,0,0,NA,-1,-1,-1,-1,-1,-2,-2,false,0,0,0,NA,-1,-1,-1,-1,-1,-2,-2
2,"Environment: 2, FiringMode: 2",5.142774,false,0,0,0,NA,false,0,0,0,NA,-1,-1,-1,-1,-1,-2,-2,false,0,0,0,NA,-1,-1,-1,-1,-1,-2,-2
2,"Environment: 2, FiringMode: 2",5.144145,false,0,0,0,NA,false,0,0,0,NA,-1,-1,-1,-1,-1,-2,-2,false,0,0,0,NA,-1,-1,-1,-1,-1,-2,-2
2,"Environment: 2, FiringMode: 2",5.145539,false,0,0,0,NA,false,0,0,0,NA,-1,-1,-1,-1,-1,-2,-2,false,0,0,0,NA,-1,-1,-1,-1,-1,-2,-2
2,"Environment: 2, FiringMode: 2",5.14694,false,0,0,0,NA,false,0,0,0,NA,-1,-1,-1,-1,-1,-2,-2,false,0,0,0,NA,-1,-1,-1,-1,-1,-2,-2
2,"Environment: 2, FiringMode: 2",5.148341,false,0,0,0,NA,false,0,0,0,NA,-1,-1,-1,-1,-1,-2,-2,false,0,0,0,NA,-1,-1,-1,-1,-1,-2,-2
2,"Environment: 2, FiringMode: 2",5.149663,false,0,0,0,NA,false,0,0,0,NA,-1,-1,-1,-1,-1,-2,-2,false,0,0,0,NA,-1,-1,-1,-1,-1,-2,-2
2,"Environment: 2, FiringMode: 2",5.151025,false,0,0,0,NA,false,0,0,0,NA,-1,-1,-1,-1,-1,-2,-2,false,0,0,0,NA,-1,-1,-1,-1,-1,-2,-2
2,"Environment: 2, FiringMode: 2",5.152387,false,0,0,0,NA,false,0,0,0,NA,-1,-1,-1,-1,-1,-2,-2,false,0,0,0,NA,-1,-1,-1,-1,-1,-2,-2
2,"Environment: 2, FiringMode: 2",5.153749,false,0,0,0,NA,false,0,0,0,NA,-1,-1,-1,-1,-1,-2,-2,false,0,0,0,NA,-1,-1,-1,-1,-1,-2,-2
2,"Environment: 2, FiringMode: 2",5.154992,false,0,0,0,NA,false,0,0,0,NA,-1,-1,-1,-1,-1,-2,-2,false,0,0,0,NA,-1,-1,-1,-1,-1,-2,-2
2,"Environment: 2, FiringMode: 2",5.15641,false,0,0,0,NA,false,0,0,0,NA,-1,-1,-1,-1,-1,-2,-2,false,0,0,0,NA,-1,-1,-1,-1,-1,-2,-2
2,"Environment: 2, FiringMode: 2",5.157727,false,0,0,0,NA,false,0,0,0,NA,-1,-1,-1,-1,-1,-2,-2,false,0,0,0,NA,-1,-1,-1,-1,-1,-2,-2
2,"Environment: 2, FiringMode: 2",5.159245,false,0,0,0,NA,false,0,0,0,NA,-1,-1,-1,-1,-1,-2,-2,false,0,0,0,NA,-1,-1,-1,-1,-1,-2,-2
2,"Environment: 2, FiringMode: 2",5.160516,false,0,0,0,NA,false,0,0,0,NA,-1,-1,-1,-1,-1,-2,-2,false,0,0,0,NA,-1,-1,-1,-1,-1,-2,-2
2,"Environment: 2, FiringMode: 2",5.161839,false,0,0,0,NA,false,0,0,0,NA,-1,-1,-1,-1,-1,-2,-2,false,0,0,0,NA,-1,-1,-1,-1,-1,-2,-2
2,"Environment: 2, FiringMode: 2",5.163334,false,0,0,0,NA,false,0,0,0,NA,-1,-1,-1,-1,-1,-2,-2,false,0,0,0,NA,-1,-1,-1,-1,-1,-2,-2
2,"Environment: 2, FiringMode: 2",5.164623,false,0,0,0,NA,false,0,0,0,NA,-1,-1,-1,-1,-1,-2,-2,false,0,0,0,NA,-1,-1,-1,-1,-1,-2,-2
2,"Environment: 2, FiringMode: 2",5.166016,false,0,0,0,NA,false,0,0,0,NA,-1,-1,-1,-1,-1,-2,-2,false,0,0,0,NA,-1,-1,-1,-1,-1,-2,-2
2,"Environment: 2, FiringMode: 2",5.167477,false,0,0,0,NA,false,0,0,0,NA,-1,-1,-1,-1,-1,-2,-2,false,0,0,0,NA,-1,-1,-1,-1,-1,-2,-2
2,"Environment: 2, FiringMode: 2",5.168755,false,0,0,0,NA,false,0,0,0,NA,-1,-1,-1,-1,-1,-2,-2,false,0,0,0,NA,-1,-1,-1,-1,-1,-2,-2
2,"Environment: 2, FiringMode: 2",5.170188,false,0,0,0,NA,false,0,0,0,NA,-1,-1,-1,-1,-1,-2,-2,false,0,0,0,NA,-1,-1,-1,-1,-1,-2,-2
2,"Environment: 2, FiringMode: 2",5.171515,false,0,0,0,NA,false,0,0,0,NA,-1,-1,-1,-1,-1,-2,-2,false,0,0,0,NA,-1,-1,-1,-1,-1,-2,-2
2,"Environment: 2, FiringMode: 2",5.172857,false,0,0,0,NA,false,0,0,0,NA,-1,-1,-1,-1,-1,-2,-2,false,0,0,0,NA,-1,-1,-1,-1,-1,-2,-2
2,"Environment: 2, FiringMode: 2",5.174246,false,0,0,0,NA,false,0,0,0,NA,-1,-1,-1,-1,-1,-2,-2,false,0,0,0,NA,-1,-1,-1,-1,-1,-2,-2
2,"Environment: 2, FiringMode: 2",5.175529,false,0,0,0,NA,false,0,0,0,NA,-1,-1,-1,-1,-1,-2,-2,false,0,0,0,NA,-1,-1,-1,-1,-1,-2,-2
2,"Environment: 2, FiringMode: 2",5.177056,false,0,0,0,NA,false,0,0,0,NA,-1,-1,-1,-1,-1,-2,-2,false,0,0,0,NA,-1,-1,-1,-1,-1,-2,-2
2,"Environment: 2, FiringMode: 2",5.178413,false,0,0,0,NA,false,0,0,0,NA,-1,-1,-1,-1,-1,-2,-2,false,0,0,0,NA,-1,-1,-1,-1,-1,-2,-2
2,"Environment: 2, FiringMode: 2",5.179897,false,0,0,0,NA,false,0,0,0,NA,-1,-1,-1,-1,-1,-2,-2,false,0,0,0,NA,-1,-1,-1,-1,-1,-2,-2
2,"Environment: 2, FiringMode: 2",5.181219,false,0,0,0,NA,false,0,0,0,NA,-1,-1,-1,-1,-1,-2,-2,false,0,0,0,NA,-1,-1,-1,-1,-1,-2,-2
2,"Environment: 2, FiringMode: 2",5.182579,false,0,0,0,NA,false,0,0,0,NA,-1,-1,-1,-1,-1,-2,-2,false,0,0,0,NA,-1,-1,-1,-1,-1,-2,-2
2,"Environment: 2, FiringMode: 2",5.183992,false,0,0,0,NA,false,0,0,0,NA,-1,-1,-1,-1,-1,-2,-2,false,0,0,0,NA,-1,-1,-1,-1,-1,-2,-2
2,"Environment: 2, FiringMode: 2",5.185376,false,0,0,0,NA,false,0,0,0,NA,-1,-1,-1,-1,-1,-2,-2,false,0,0,0,NA,-1,-1,-1,-1,-1,-2,-2
2,"Environment: 2, FiringMode: 2",5.186667,false,0,0,0,NA,false,0,0,0,NA,-1,-1,-1,-1,-1,-2,-2,false,0,0,0,NA,-1,-1,-1,-1,-1,-2,-2
2,"Environment: 2, FiringMode: 2",5.188093,false,0,0,0,NA,false,0,0,0,NA,-1,-1,-1,-1,-1,-2,-2,false,0,0,0,NA,-1,-1,-1,-1,-1,-2,-2
2,"Environment: 2, FiringMode: 2",5.189425,false,0,0,0,NA,false,0,0,0,NA,-1,-1,-1,-1,-1,-2,-2,false,0,0,0,NA,-1,-1,-1,-1,-1,-2,-2
2,"Environment: 2, FiringMode: 2",5.190785,false,0,0,0,NA,false,0,0,0,NA,-1,-1,-1,-1,-1,-2,-2,false,0,0,0,NA,-1,-1,-1,-1,-1,-2,-2
2,"Environment: 2, FiringMode: 2",5.192214,false,0,0,0,NA,false,0,0,0,NA,-1,-1,-1,-1,-1,-2,-2,false,0,0,0,NA,-1,-1,-1,-1,-1,-2,-2
2,"Environment: 2, FiringMode: 2",5.193519,false,0,0,0,NA,false,0,0,0,NA,-1,-1,-1,-1,-1,-2,-2,false,0,0,0,NA,-1,-1,-1,-1,-1,-2,-2
2,"Environment: 2, FiringMode: 2",5.194928,false,0,0,0,NA,false,0,0,0,NA,-1,-1,-1,-1,-1,-2,-2,false,0,0,0,NA,-1,-1,-1,-1,-1,-2,-2
2,"Environment: 2, FiringMode: 2",5.196319,false,0,0,0,NA,false,0,0,0,NA,-1,-1,-1,-1,-1,-2,-2,false,0,0,0,NA,-1,-1,-1,-1,-1,-2,-2
2,"Environment: 2, FiringMode: 2",5.197652,false,0,0,0,NA,false,0,0,0,NA,-1,-1,-1,-1,-1,-2,-2,false,0,0,0,NA,-1,-1,-1,-1,-1,-2,-2
2,"Environment: 2, FiringMode: 2",5.199172,false,0,0,0,NA,false,0,0,0,NA,-1,-1,-1,-1,-1,-2,-2,false,0,0,0,NA,-1,-1,-1,-1,-1,-2,-2
2,"Environment: 2, FiringMode: 2",5.200484,false,0,0,0,NA,false,0,0,0,NA,-1,-1,-1,-1,-1,-2,-2,false,0,0,0,NA,-1,-1,-1,-1,-1,-2,-2
2,"Environment: 2, FiringMode: 2",5.20181,false,0,0,0,NA,false,0,0,0,NA,-1,-1,-1,-1,-1,-2,-2,false,0,0,0,NA,-1,-1,-1,-1,-1,-2,-2
2,"Environment: 2, FiringMode: 2",5.203161,false,0,0,0,NA,false,0,0,0,NA,-1,-1,-1,-1,-1,-2,-2,false,0,0,0,NA,-1,-1,-1,-1,-1,-2,-2
2,"Environment: 2, FiringMode: 2",5.204504,false,0,0,0,NA,false,0,0,0,NA,-1,-1,-1,-1,-1,-2,-2,false,0,0,0,NA,-1,-1,-1,-1,-1,-2,-2
2,"Environment: 2, FiringMode: 2",5.2059,false,0,0,0,NA,false,0,0,0,NA,-1,-1,-1,-1,-1,-2,-2,false,0,0,0,NA,-1,-1,-1,-1,-1,-2,-2
2,"Environment: 2, FiringMode: 2",5.207262,false,0,0,0,NA,false,0,0,0,NA,-1,-1,-1,-1,-1,-2,-2,false,0,0,0,NA,-1,-1,-1,-1,-1,-2,-2
2,"Environment: 2, FiringMode: 2",5.208554,false,0,0,0,NA,false,0,0,0,NA,-1,-1,-1,-1,-1,-2,-2,false,0,0,0,NA,-1,-1,-1,-1,-1,-2,-2
2,"Environment: 2, FiringMode: 2",5.209915,false,0,0,0,NA,false,0,0,0,NA,-1,-1,-1,-1,-1,-2,-2,false,0,0,0,NA,-1,-1,-1,-1,-1,-2,-2
2,"Environment: 2, FiringMode: 2",5.211269,false,0,0,0,NA,false,0,0,0,NA,-1,-1,-1,-1,-1,-2,-2,false,0,0,0,NA,-1,-1,-1,-1,-1,-2,-2
2,"Environment: 2, FiringMode: 2",5.212633,false,0,0,0,NA,false,0,0,0,NA,-1,-1,-1,-1,-1,-2,-2,false,0,0,0,NA,-1,-1,-1,-1,-1,-2,-2
2,"Environment: 2, FiringMode: 2",5.214103,false,0,0,0,NA,false,0,0,0,NA,-1,-1,-1,-1,-1,-2,-2,false,0,0,0,NA,-1,-1,-1,-1,-1,-2,-2
2,"Environment: 2, FiringMode: 2",5.215451,false,0,0,0,NA,false,0,0,0,NA,-1,-1,-1,-1,-1,-2,-2,false,0,0,0,NA,-1,-1,-1,-1,-1,-2,-2
2,"Environment: 2, FiringMode: 2",5.216787,false,0,0,0,NA,false,0,0,0,NA,-1,-1,-1,-1,-1,-2,-2,false,0,0,0,NA,-1,-1,-1,-1,-1,-2,-2
2,"Environment: 2, FiringMode: 2",5.218146,false,0,0,0,NA,false,0,0,0,NA,-1,-1,-1,-1,-1,-2,-2,false,0,0,0,NA,-1,-1,-1,-1,-1,-2,-2
2,"Environment: 2, FiringMode: 2",5.219684,false,0,0,0,NA,false,0,0,0,NA,-1,-1,-1,-1,-1,-2,-2,false,0,0,0,NA,-1,-1,-1,-1,-1,-2,-2
2,"Environment: 2, FiringMode: 2",5.22102,false,0,0,0,NA,false,0,0,0,NA,-1,-1,-1,-1,-1,-2,-2,false,0,0,0,NA,-1,-1,-1,-1,-1,-2,-2
2,"Environment: 2, FiringMode: 2",5.222392,false,0,0,0,NA,false,0,0,0,NA,-1,-1,-1,-1,-1,-2,-2,false,0,0,0,NA,-1,-1,-1,-1,-1,-2,-2
2,"Environment: 2, FiringMode: 2",5.223807,false,0,0,0,NA,false,0,0,0,NA,-1,-1,-1,-1,-1,-2,-2,false,0,0,0,NA,-1,-1,-1,-1,-1,-2,-2
2,"Environment: 2, FiringMode: 2",5.225158,false,0,0,0,NA,false,0,0,0,NA,-1,-1,-1,-1,-1,-2,-2,false,0,0,0,NA,-1,-1,-1,-1,-1,-2,-2
2,"Environment: 2, FiringMode: 2",5.226522,false,0,0,0,NA,false,0,0,0,NA,-1,-1,-1,-1,-1,-2,-2,false,0,0,0,NA,-1,-1,-1,-1,-1,-2,-2
2,"Environment: 2, FiringMode: 2",5.227933,false,0,0,0,NA,false,0,0,0,NA,-1,-1,-1,-1,-1,-2,-2,false,0,0,0,NA,-1,-1,-1,-1,-1,-2,-2
2,"Environment: 2, FiringMode: 2",5.229239,false,0,0,0,NA,false,0,0,0,NA,-1,-1,-1,-1,-1,-2,-2,false,0,0,0,NA,-1,-1,-1,-1,-1,-2,-2
2,"Environment: 2, FiringMode: 2",5.230561,false,0,0,0,NA,false,0,0,0,NA,-1,-1,-1,-1,-1,-2,-2,false,0,0,0,NA,-1,-1,-1,-1,-1,-2,-2
2,"Environment: 2, FiringMode: 2",5.232009,false,0,0,0,NA,false,0,0,0,NA,-1,-1,-1,-1,-1,-2,-2,false,0,0,0,NA,-1,-1,-1,-1,-1,-2,-2
2,"Environment: 2, FiringMode: 2",5.233372,false,0,0,0,NA,false,0,0,0,NA,-1,-1,-1,-1,-1,-2,-2,false,0,0,0,NA,-1,-1,-1,-1,-1,-2,-2
2,"Environment: 2, FiringMode: 2",5.234793,false,0,0,0,NA,false,0,0,0,NA,-1,-1,-1,-1,-1,-2,-2,false,0,0,0,NA,-1,-1,-1,-1,-1,-2,-2
2,"Environment: 2, FiringMode: 2",5.236249,false,0,0,0,NA,false,0,0,0,NA,-1,-1,-1,-1,-1,-2,-2,false,0,0,0,NA,-1,-1,-1,-1,-1,-2,-2
2,"Environment: 2, FiringMode: 2",5.237598,false,0,0,0,NA,false,0,0,0,NA,-1,-1,-1,-1,-1,-2,-2,false,0,0,0,NA,-1,-1,-1,-1,-1,-2,-2
2,"Environment: 2, FiringMode: 2",5.239154,false,0,0,0,NA,false,0,0,0,NA,-1,-1,-1,-1,-1,-2,-2,false,0,0,0,NA,-1,-1,-1,-1,-1,-2,-2
2,"Environment: 2, FiringMode: 2",5.240444,false,0,0,0,NA,false,0,0,0,NA,-1,-1,-1,-1,-1,-2,-2,false,0,0,0,NA,-1,-1,-1,-1,-1,-2,-2
2,"Environment: 2, FiringMode: 2",5.241792,false,0,0,0,NA,false,0,0,0,NA,-1,-1,-1,-1,-1,-2,-2,false,0,0,0,NA,-1,-1,-1,-1,-1,-2,-2
2,"Environment: 2, FiringMode: 2",5.243052,false,0,0,0,NA,false,0,0,0,NA,-1,-1,-1,-1,-1,-2,-2,false,0,0,0,NA,-1,-1,-1,-1,-1,-2,-2
2,"Environment: 2, FiringMode: 2",5.244413,false,0,0,0,NA,false,0,0,0,NA,-1,-1,-1,-1,-1,-2,-2,false,0,0,0,NA,-1,-1,-1,-1,-1,-2,-2
2,"Environment: 2, FiringMode: 2",5.245736,false,0,0,0,NA,false,0,0,0,NA,-1,-1,-1,-1,-1,-2,-2,false,0,0,0,NA,-1,-1,-1,-1,-1,-2,-2
2,"Environment: 2, FiringMode: 2",5.247149,false,0,0,0,NA,false,0,0,0,NA,-1,-1,-1,-1,-1,-2,-2,false,0,0,0,NA,-1,-1,-1,-1,-1,-2,-2
2,"Environment: 2, FiringMode: 2",5.248435,false,0,0,0,NA,false,0,0,0,NA,-1,-1,-1,-1,-1,-2,-2,false,0,0,0,NA,-1,-1,-1,-1,-1,-2,-2
2,"Environment: 2, FiringMode: 2",5.249871,false,0,0,0,NA,false,0,0,0,NA,-1,-1,-1,-1,-1,-2,-2,false,0,0,0,NA,-1,-1,-1,-1,-1,-2,-2
2,"Environment: 2, FiringMode: 2",5.251247,false,0,0,0,NA,false,0,0,0,NA,-1,-1,-1,-1,-1,-2,-2,false,0,0,0,NA,-1,-1,-1,-1,-1,-2,-2
2,"Environment: 2, FiringMode: 2",5.252583,false,0,0,0,NA,false,0,0,0,NA,-1,-1,-1,-1,-1,-2,-2,false,0,0,0,NA,-1,-1,-1,-1,-1,-2,-2
2,"Environment: 2, FiringMode: 2",5.254036,false,0,0,0,NA,false,0,0,0,NA,-1,-1,-1,-1,-1,-2,-2,false,0,0,0,NA,-1,-1,-1,-1,-1,-2,-2
2,"Environment: 2, FiringMode: 2",5.255897,false,0,0,0,NA,false,0,0,0,NA,-1,-1,-1,-1,-1,-2,-2,false,0,0,0,NA,-1,-1,-1,-1,-1,-2,-2
2,"Environment: 2, FiringMode: 2",5.257339,false,0,0,0,NA,false,0,0,0,NA,-1,-1,-1,-1,-1,-2,-2,false,0,0,0,NA,-1,-1,-1,-1,-1,-2,-2
2,"Environment: 2, FiringMode: 2",5.258751,false,0,0,0,NA,false,0,0,0,NA,-1,-1,-1,-1,-1,-2,-2,false,0,0,0,NA,-1,-1,-1,-1,-1,-2,-2
2,"Environment: 2, FiringMode: 2",5.260314,false,0,0,0,NA,false,0,0,0,NA,-1,-1,-1,-1,-1,-2,-2,false,0,0,0,NA,-1,-1,-1,-1,-1,-2,-2
2,"Environment: 2, FiringMode: 2",5.26168,false,0,0,0,NA,false,0,0,0,NA,-1,-1,-1,-1,-1,-2,-2,false,0,0,0,NA,-1,-1,-1,-1,-1,-2,-2
2,"Environment: 2, FiringMode: 2",5.263006,false,0,0,0,NA,false,0,0,0,NA,-1,-1,-1,-1,-1,-2,-2,false,0,0,0,NA,-1,-1,-1,-1,-1,-2,-2
2,"Environment: 2, FiringMode: 2",5.264377,false,0,0,0,NA,false,0,0,0,NA,-1,-1,-1,-1,-1,-2,-2,false,0,0,0,NA,-1,-1,-1,-1,-1,-2,-2
2,"Environment: 2, FiringMode: 2",5.265697,false,0,0,0,NA,false,0,0,0,NA,-1,-1,-1,-1,-1,-2,-2,false,0,0,0,NA,-1,-1,-1,-1,-1,-2,-2
2,"Environment: 2, FiringMode: 2",5.267008,false,0,0,0,NA,false,0,0,0,NA,-1,-1,-1,-1,-1,-2,-2,false,0,0,0,NA,-1,-1,-1,-1,-1,-2,-2
2,"Environment: 2, FiringMode: 2",5.268346,false,0,0,0,NA,false,0,0,0,NA,-1,-1,-1,-1,-1,-2,-2,false,0,0,0,NA,-1,-1,-1,-1,-1,-2,-2
2,"Environment: 2, FiringMode: 2",5.269621,false,0,0,0,NA,false,0,0,0,NA,-1,-1,-1,-1,-1,-2,-2,false,0,0,0,NA,-1,-1,-1,-1,-1,-2,-2
2,"Environment: 2, FiringMode: 2",5.270904,false,0,0,0,NA,false,0,0,0,NA,-1,-1,-1,-1,-1,-2,-2,false,0,0,0,NA,-1,-1,-1,-1,-1,-2,-2
2,"Environment: 2, FiringMode: 2",5.272249,false,0,0,0,NA,false,0,0,0,NA,-1,-1,-1,-1,-1,-2,-2,false,0,0,0,NA,-1,-1,-1,-1,-1,-2,-2
2,"Environment: 2, FiringMode: 2",5.273683,false,0,0,0,NA,false,0,0,0,NA,-1,-1,-1,-1,-1,-2,-2,false,0,0,0,NA,-1,-1,-1,-1,-1,-2,-2
2,"Environment: 2, FiringMode: 2",5.275113,false,0,0,0,NA,false,0,0,0,NA,-1,-1,-1,-1,-1,-2,-2,false,0,0,0,NA,-1,-1,-1,-1,-1,-2,-2
2,"Environment: 2, FiringMode: 2",5.27651,false,0,0,0,NA,false,0,0,0,NA,-1,-1,-1,-1,-1,-2,-2,false,0,0,0,NA,-1,-1,-1,-1,-1,-2,-2
2,"Environment: 2, FiringMode: 2",5.278004,false,0,0,0,NA,false,0,0,0,NA,-1,-1,-1,-1,-1,-2,-2,false,0,0,0,NA,-1,-1,-1,-1,-1,-2,-2
2,"Environment: 2, FiringMode: 2",5.279628,false,0,0,0,NA,false,0,0,0,NA,-1,-1,-1,-1,-1,-2,-2,false,0,0,0,NA,-1,-1,-1,-1,-1,-2,-2
2,"Environment: 2, FiringMode: 2",5.281135,false,0,0,0,NA,false,0,0,0,NA,-1,-1,-1,-1,-1,-2,-2,false,0,0,0,NA,-1,-1,-1,-1,-1,-2,-2
2,"Environment: 2, FiringMode: 2",5.282597,false,0,0,0,NA,false,0,0,0,NA,-1,-1,-1,-1,-1,-2,-2,false,0,0,0,NA,-1,-1,-1,-1,-1,-2,-2
2,"Environment: 2, FiringMode: 2",5.283941,false,0,0,0,NA,false,0,0,0,NA,-1,-1,-1,-1,-1,-2,-2,false,0,0,0,NA,-1,-1,-1,-1,-1,-2,-2
2,"Environment: 2, FiringMode: 2",5.285313,false,0,0,0,NA,false,0,0,0,NA,-1,-1,-1,-1,-1,-2,-2,false,0,0,0,NA,-1,-1,-1,-1,-1,-2,-2
2,"Environment: 2, FiringMode: 2",5.286807,false,0,0,0,NA,false,0,0,0,NA,-1,-1,-1,-1,-1,-2,-2,false,0,0,0,NA,-1,-1,-1,-1,-1,-2,-2
2,"Environment: 2, FiringMode: 2",5.288286,false,0,0,0,NA,false,0,0,0,NA,-1,-1,-1,-1,-1,-2,-2,false,0,0,0,NA,-1,-1,-1,-1,-1,-2,-2
2,"Environment: 2, FiringMode: 2",5.289633,false,0,0,0,NA,false,0,0,0,NA,-1,-1,-1,-1,-1,-2,-2,false,0,0,0,NA,-1,-1,-1,-1,-1,-2,-2
2,"Environment: 2, FiringMode: 2",5.290948,false,0,0,0,NA,false,0,0,0,NA,-1,-1,-1,-1,-1,-2,-2,false,0,0,0,NA,-1,-1,-1,-1,-1,-2,-2
2,"Environment: 2, FiringMode: 2",5.292343,false,0,0,0,NA,false,0,0,0,NA,-1,-1,-1,-1,-1,-2,-2,false,0,0,0,NA,-1,-1,-1,-1,-1,-2,-2
2,"Environment: 2, FiringMode: 2",5.293652,false,0,0,0,NA,false,0,0,0,NA,-1,-1,-1,-1,-1,-2,-2,false,0,0,0,NA,-1,-1,-1,-1,-1,-2,-2
2,"Environment: 2, FiringMode: 2",5.295116,false,0,0,0,NA,false,0,0,0,NA,-1,-1,-1,-1,-1,-2,-2,false,0,0,0,NA,-1,-1,-1,-1,-1,-2,-2
2,"Environment: 2, FiringMode: 2",5.296548,false,0,0,0,NA,false,0,0,0,NA,-1,-1,-1,-1,-1,-2,-2,false,0,0,0,NA,-1,-1,-1,-1,-1,-2,-2
2,"Environment: 2, FiringMode: 2",5.297996,false,0,0,0,NA,false,0,0,0,NA,-1,-1,-1,-1,-1,-2,-2,false,0,0,0,NA,-1,-1,-1,-1,-1,-2,-2
2,"Environment: 2, FiringMode: 2",5.299587,false,0,0,0,NA,false,0,0,0,NA,-1,-1,-1,-1,-1,-2,-2,false,0,0,0,NA,-1,-1,-1,-1,-1,-2,-2
2,"Environment: 2, FiringMode: 2",5.300988,false,0,0,0,NA,false,0,0,0,NA,-1,-1,-1,-1,-1,-2,-2,false,0,0,0,NA,-1,-1,-1,-1,-1,-2,-2
2,"Environment: 2, FiringMode: 2",5.302337,false,0,0,0,NA,false,0,0,0,NA,-1,-1,-1,-1,-1,-2,-2,false,0,0,0,NA,-1,-1,-1,-1,-1,-2,-2
2,"Environment: 2, FiringMode: 2",5.303714,false,0,0,0,NA,false,0,0,0,NA,-1,-1,-1,-1,-1,-2,-2,false,0,0,0,NA,-1,-1,-1,-1,-1,-2,-2
2,"Environment: 2, FiringMode: 2",5.305109,false,0,0,0,NA,false,0,0,0,NA,-1,-1,-1,-1,-1,-2,-2,false,0,0,0,NA,-1,-1,-1,-1,-1,-2,-2
2,"Environment: 2, FiringMode: 2",5.306432,false,0,0,0,NA,false,0,0,0,NA,-1,-1,-1,-1,-1,-2,-2,false,0,0,0,NA,-1,-1,-1,-1,-1,-2,-2
2,"Environment: 2, FiringMode: 2",5.307907,false,0,0,0,NA,false,0,0,0,NA,-1,-1,-1,-1,-1,-2,-2,false,0,0,0,NA,-1,-1,-1,-1,-1,-2,-2
2,"Environment: 2, FiringMode: 2",5.30918,false,0,0,0,NA,false,0,0,0,NA,-1,-1,-1,-1,-1,-2,-2,false,0,0,0,NA,-1,-1,-1,-1,-1,-2,-2
2,"Environment: 2, FiringMode: 2",5.310614,false,0,0,0,NA,false,0,0,0,NA,-1,-1,-1,-1,-1,-2,-2,false,0,0,0,NA,-1,-1,-1,-1,-1,-2,-2
2,"Environment: 2, FiringMode: 2",5.312084,false,0,0,0,NA,false,0,0,0,NA,-1,-1,-1,-1,-1,-2,-2,false,0,0,0,NA,-1,-1,-1,-1,-1,-2,-2
2,"Environment: 2, FiringMode: 2",5.313511,false,0,0,0,NA,false,0,0,0,NA,-1,-1,-1,-1,-1,-2,-2,false,0,0,0,NA,-1,-1,-1,-1,-1,-2,-2
2,"Environment: 2, FiringMode: 2",5.314981,false,0,0,0,NA,false,0,0,0,NA,-1,-1,-1,-1,-1,-2,-2,false,0,0,0,NA,-1,-1,-1,-1,-1,-2,-2
2,"Environment: 2, FiringMode: 2",5.316304,false,0,0,0,NA,false,0,0,0,NA,-1,-1,-1,-1,-1,-2,-2,false,0,0,0,NA,-1,-1,-1,-1,-1,-2,-2
2,"Environment: 2, FiringMode: 2",5.31767,false,0,0,0,NA,false,0,0,0,NA,-1,-1,-1,-1,-1,-2,-2,false,0,0,0,NA,-1,-1,-1,-1,-1,-2,-2
2,"Environment: 2, FiringMode: 2",5.319254,false,0,0,0,NA,false,0,0,0,NA,-1,-1,-1,-1,-1,-2,-2,false,0,0,0,NA,-1,-1,-1,-1,-1,-2,-2
2,"Environment: 2, FiringMode: 2",5.320612,false,0,0,0,NA,false,0,0,0,NA,-1,-1,-1,-1,-1,-2,-2,false,0,0,0,NA,-1,-1,-1,-1,-1,-2,-2
2,"Environment: 2, FiringMode: 2",5.321858,false,0,0,0,NA,false,0,0,0,NA,-1,-1,-1,-1,-1,-2,-2,false,0,0,0,NA,-1,-1,-1,-1,-1,-2,-2
2,"Environment: 2, FiringMode: 2",5.323128,false,0,0,0,NA,false,0,0,0,NA,-1,-1,-1,-1,-1,-2,-2,false,0,0,0,NA,-1,-1,-1,-1,-1,-2,-2
2,"Environment: 2, FiringMode: 2",5.324467,false,0,0,0,NA,false,0,0,0,NA,-1,-1,-1,-1,-1,-2,-2,false,0,0,0,NA,-1,-1,-1,-1,-1,-2,-2
2,"Environment: 2, FiringMode: 2",5.325698,false,0,0,0,NA,false,0,0,0,NA,-1,-1,-1,-1,-1,-2,-2,false,0,0,0,NA,-1,-1,-1,-1,-1,-2,-2
2,"Environment: 2, FiringMode: 2",5.327094,false,0,0,0,NA,false,0,0,0,NA,-1,-1,-1,-1,-1,-2,-2,false,0,0,0,NA,-1,-1,-1,-1,-1,-2,-2
2,"Environment: 2, FiringMode: 2",5.328463,false,0,0,0,NA,false,0,0,0,NA,-1,-1,-1,-1,-1,-2,-2,false,0,0,0,NA,-1,-1,-1,-1,-1,-2,-2
2,"Environment: 2, FiringMode: 2",5.329759,false,0,0,0,NA,false,0,0,0,NA,-1,-1,-1,-1,-1,-2,-2,false,0,0,0,NA,-1,-1,-1,-1,-1,-2,-2
2,"Environment: 2, FiringMode: 2",5.331022,false,0,0,0,NA,false,0,0,0,NA,-1,-1,-1,-1,-1,-2,-2,false,0,0,0,NA,-1,-1,-1,-1,-1,-2,-2
2,"Environment: 2, FiringMode: 2",5.332367,false,0,0,0,NA,false,0,0,0,NA,-1,-1,-1,-1,-1,-2,-2,false,0,0,0,NA,-1,-1,-1,-1,-1,-2,-2
2,"Environment: 2, FiringMode: 2",5.333761,false,0,0,0,NA,false,0,0,0,NA,-1,-1,-1,-1,-1,-2,-2,false,0,0,0,NA,-1,-1,-1,-1,-1,-2,-2
2,"Environment: 2, FiringMode: 2",5.335212,false,0,0,0,NA,false,0,0,0,NA,-1,-1,-1,-1,-1,-2,-2,false,0,0,0,NA,-1,-1,-1,-1,-1,-2,-2
2,"Environment: 2, FiringMode: 2",5.336535,false,0,0,0,NA,false,0,0,0,NA,-1,-1,-1,-1,-1,-2,-2,false,0,0,0,NA,-1,-1,-1,-1,-1,-2,-2
2,"Environment: 2, FiringMode: 2",5.337941,false,0,0,0,NA,false,0,0,0,NA,-1,-1,-1,-1,-1,-2,-2,false,0,0,0,NA,-1,-1,-1,-1,-1,-2,-2
2,"Environment: 2, FiringMode: 2",5.339346,false,0,0,0,NA,false,0,0,0,NA,-1,-1,-1,-1,-1,-2,-2,false,0,0,0,NA,-1,-1,-1,-1,-1,-2,-2
2,"Environment: 2, FiringMode: 2",5.340667,false,0,0,0,NA,false,0,0,0,NA,-1,-1,-1,-1,-1,-2,-2,false,0,0,0,NA,-1,-1,-1,-1,-1,-2,-2
2,"Environment: 2, FiringMode: 2",5.341981,false,0,0,0,NA,false,0,0,0,NA,-1,-1,-1,-1,-1,-2,-2,false,0,0,0,NA,-1,-1,-1,-1,-1,-2,-2
2,"Environment: 2, FiringMode: 2",5.343278,false,0,0,0,NA,false,0,0,0,NA,-1,-1,-1,-1,-1,-2,-2,false,0,0,0,NA,-1,-1,-1,-1,-1,-2,-2
2,"Environment: 2, FiringMode: 2",5.344553,false,0,0,0,NA,false,0,0,0,NA,-1,-1,-1,-1,-1,-2,-2,false,0,0,0,NA,-1,-1,-1,-1,-1,-2,-2
2,"Environment: 2, FiringMode: 2",5.34589,false,0,0,0,NA,false,0,0,0,NA,-1,-1,-1,-1,-1,-2,-2,false,0,0,0,NA,-1,-1,-1,-1,-1,-2,-2
2,"Environment: 2, FiringMode: 2",5.347198,false,0,0,0,NA,false,0,0,0,NA,-1,-1,-1,-1,-1,-2,-2,false,0,0,0,NA,-1,-1,-1,-1,-1,-2,-2
2,"Environment: 2, FiringMode: 2",5.348496,false,0,0,0,NA,false,0,0,0,NA,-1,-1,-1,-1,-1,-2,-2,false,0,0,0,NA,-1,-1,-1,-1,-1,-2,-2
2,"Environment: 2, FiringMode: 2",5.349724,false,0,0,0,NA,false,0,0,0,NA,-1,-1,-1,-1,-1,-2,-2,false,0,0,0,NA,-1,-1,-1,-1,-1,-2,-2
2,"Environment: 2, FiringMode: 2",5.351043,false,0,0,0,NA,false,0,0,0,NA,-1,-1,-1,-1,-1,-2,-2,false,0,0,0,NA,-1,-1,-1,-1,-1,-2,-2
2,"Environment: 2, FiringMode: 2",5.354263,false,0,0,0,NA,false,0,0,0,NA,-1,-1,-1,-1,-1,-2,-2,false,0,0,0,NA,-1,-1,-1,-1,-1,-2,-2
2,"Environment: 2, FiringMode: 2",5.35584,false,0,0,0,NA,false,0,0,0,NA,-1,-1,-1,-1,-1,-2,-2,false,0,0,0,NA,-1,-1,-1,-1,-1,-2,-2
2,"Environment: 2, FiringMode: 2",5.357336,false,0,0,0,NA,false,0,0,0,NA,-1,-1,-1,-1,-1,-2,-2,false,0,0,0,NA,-1,-1,-1,-1,-1,-2,-2
2,"Environment: 2, FiringMode: 2",5.358727,false,0,0,0,NA,false,0,0,0,NA,-1,-1,-1,-1,-1,-2,-2,false,0,0,0,NA,-1,-1,-1,-1,-1,-2,-2
2,"Environment: 2, FiringMode: 2",5.360213,false,0,0,0,NA,false,0,0,0,NA,-1,-1,-1,-1,-1,-2,-2,false,0,0,0,NA,-1,-1,-1,-1,-1,-2,-2
2,"Environment: 2, FiringMode: 2",5.36158,false,0,0,0,NA,false,0,0,0,NA,-1,-1,-1,-1,-1,-2,-2,false,0,0,0,NA,-1,-1,-1,-1,-1,-2,-2
2,"Environment: 2, FiringMode: 2",5.363095,false,0,0,0,NA,false,0,0,0,NA,-1,-1,-1,-1,-1,-2,-2,false,0,0,0,NA,-1,-1,-1,-1,-1,-2,-2
2,"Environment: 2, FiringMode: 2",5.364703,false,0,0,0,NA,false,0,0,0,NA,-1,-1,-1,-1,-1,-2,-2,false,0,0,0,NA,-1,-1,-1,-1,-1,-2,-2
2,"Environment: 2, FiringMode: 2",5.366135,false,0,0,0,NA,false,0,0,0,NA,-1,-1,-1,-1,-1,-2,-2,false,0,0,0,NA,-1,-1,-1,-1,-1,-2,-2
2,"Environment: 2, FiringMode: 2",5.367565,false,0,0,0,NA,false,0,0,0,NA,-1,-1,-1,-1,-1,-2,-2,false,0,0,0,NA,-1,-1,-1,-1,-1,-2,-2
2,"Environment: 2, FiringMode: 2",5.3689,false,0,0,0,NA,false,0,0,0,NA,-1,-1,-1,-1,-1,-2,-2,false,0,0,0,NA,-1,-1,-1,-1,-1,-2,-2
2,"Environment: 2, FiringMode: 2",5.370296,false,0,0,0,NA,false,0,0,0,NA,-1,-1,-1,-1,-1,-2,-2,false,0,0,0,NA,-1,-1,-1,-1,-1,-2,-2
2,"Environment: 2, FiringMode: 2",5.371631,false,0,0,0,NA,false,0,0,0,NA,-1,-1,-1,-1,-1,-2,-2,false,0,0,0,NA,-1,-1,-1,-1,-1,-2,-2
2,"Environment: 2, FiringMode: 2",5.373,false,0,0,0,NA,false,0,0,0,NA,-1,-1,-1,-1,-1,-2,-2,false,0,0,0,NA,-1,-1,-1,-1,-1,-2,-2
2,"Environment: 2, FiringMode: 2",5.374327,false,0,0,0,NA,false,0,0,0,NA,-1,-1,-1,-1,-1,-2,-2,false,0,0,0,NA,-1,-1,-1,-1,-1,-2,-2
2,"Environment: 2, FiringMode: 2",5.375757,false,0,0,0,NA,false,0,0,0,NA,-1,-1,-1,-1,-1,-2,-2,false,0,0,0,NA,-1,-1,-1,-1,-1,-2,-2
2,"Environment: 2, FiringMode: 2",5.377213,false,0,0,0,NA,false,0,0,0,NA,-1,-1,-1,-1,-1,-2,-2,false,0,0,0,NA,-1,-1,-1,-1,-1,-2,-2
2,"Environment: 2, FiringMode: 2",5.378665,false,0,0,0,NA,false,0,0,0,NA,-1,-1,-1,-1,-1,-2,-2,false,0,0,0,NA,-1,-1,-1,-1,-1,-2,-2
2,"Environment: 2, FiringMode: 2",5.38017,false,0,0,0,NA,false,0,0,0,NA,-1,-1,-1,-1,-1,-2,-2,false,0,0,0,NA,-1,-1,-1,-1,-1,-2,-2
2,"Environment: 2, FiringMode: 2",5.381512,false,0,0,0,NA,false,0,0,0,NA,-1,-1,-1,-1,-1,-2,-2,false,0,0,0,NA,-1,-1,-1,-1,-1,-2,-2
2,"Environment: 2, FiringMode: 2",5.382952,false,0,0,0,NA,false,0,0,0,NA,-1,-1,-1,-1,-1,-2,-2,false,0,0,0,NA,-1,-1,-1,-1,-1,-2,-2
2,"Environment: 2, FiringMode: 2",5.384398,false,0,0,0,NA,false,0,0,0,NA,-1,-1,-1,-1,-1,-2,-2,false,0,0,0,NA,-1,-1,-1,-1,-1,-2,-2
2,"Environment: 2, FiringMode: 2",5.385711,false,0,0,0,NA,false,0,0,0,NA,-1,-1,-1,-1,-1,-2,-2,false,0,0,0,NA,-1,-1,-1,-1,-1,-2,-2
2,"Environment: 2, FiringMode: 2",5.387047,false,0,0,0,NA,false,0,0,0,NA,-1,-1,-1,-1,-1,-2,-2,false,0,0,0,NA,-1,-1,-1,-1,-1,-2,-2
2,"Environment: 2, FiringMode: 2",5.388396,false,0,0,0,NA,false,0,0,0,NA,-1,-1,-1,-1,-1,-2,-2,false,0,0,0,NA,-1,-1,-1,-1,-1,-2,-2
2,"Environment: 2, FiringMode: 2",5.389816,false,0,0,0,NA,false,0,0,0,NA,-1,-1,-1,-1,-1,-2,-2,false,0,0,0,NA,-1,-1,-1,-1,-1,-2,-2
2,"Environment: 2, FiringMode: 2",5.391187,false,0,0,0,NA,false,0,0,0,NA,-1,-1,-1,-1,-1,-2,-2,false,0,0,0,NA,-1,-1,-1,-1,-1,-2,-2
2,"Environment: 2, FiringMode: 2",5.392566,false,0,0,0,NA,false,0,0,0,NA,-1,-1,-1,-1,-1,-2,-2,false,0,0,0,NA,-1,-1,-1,-1,-1,-2,-2
2,"Environment: 2, FiringMode: 2",5.394019,false,0,0,0,NA,false,0,0,0,NA,-1,-1,-1,-1,-1,-2,-2,false,0,0,0,NA,-1,-1,-1,-1,-1,-2,-2
2,"Environment: 2, FiringMode: 2",5.395406,false,0,0,0,NA,false,0,0,0,NA,-1,-1,-1,-1,-1,-2,-2,false,0,0,0,NA,-1,-1,-1,-1,-1,-2,-2
2,"Environment: 2, FiringMode: 2",5.39736,false,0,0,0,NA,false,0,0,0,NA,-1,-1,-1,-1,-1,-2,-2,false,0,0,0,NA,-1,-1,-1,-1,-1,-2,-2
2,"Environment: 2, FiringMode: 2",5.398999,false,0,0,0,NA,false,0,0,0,NA,-1,-1,-1,-1,-1,-2,-2,false,0,0,0,NA,-1,-1,-1,-1,-1,-2,-2
2,"Environment: 2, FiringMode: 2",5.400566,false,0,0,0,NA,false,0,0,0,NA,-1,-1,-1,-1,-1,-2,-2,false,0,0,0,NA,-1,-1,-1,-1,-1,-2,-2
2,"Environment: 2, FiringMode: 2",5.402153,false,0,0,0,NA,false,0,0,0,NA,-1,-1,-1,-1,-1,-2,-2,false,0,0,0,NA,-1,-1,-1,-1,-1,-2,-2
2,"Environment: 2, FiringMode: 2",5.40358,false,0,0,0,NA,false,0,0,0,NA,-1,-1,-1,-1,-1,-2,-2,false,0,0,0,NA,-1,-1,-1,-1,-1,-2,-2
2,"Environment: 2, FiringMode: 2",5.404938,false,0,0,0,NA,false,0,0,0,NA,-1,-1,-1,-1,-1,-2,-2,false,0,0,0,NA,-1,-1,-1,-1,-1,-2,-2
2,"Environment: 2, FiringMode: 2",5.406298,false,0,0,0,NA,false,0,0,0,NA,-1,-1,-1,-1,-1,-2,-2,false,0,0,0,NA,-1,-1,-1,-1,-1,-2,-2
2,"Environment: 2, FiringMode: 2",5.407665,false,0,0,0,NA,false,0,0,0,NA,-1,-1,-1,-1,-1,-2,-2,false,0,0,0,NA,-1,-1,-1,-1,-1,-2,-2
2,"Environment: 2, FiringMode: 2",5.409213,false,0,0,0,NA,false,0,0,0,NA,-1,-1,-1,-1,-1,-2,-2,false,0,0,0,NA,-1,-1,-1,-1,-1,-2,-2
2,"Environment: 2, FiringMode: 2",5.410671,false,0,0,0,NA,false,0,0,0,NA,-1,-1,-1,-1,-1,-2,-2,false,0,0,0,NA,-1,-1,-1,-1,-1,-2,-2
2,"Environment: 2, FiringMode: 2",5.412005,false,0,0,0,NA,false,0,0,0,NA,-1,-1,-1,-1,-1,-2,-2,false,0,0,0,NA,-1,-1,-1,-1,-1,-2,-2
2,"Environment: 2, FiringMode: 2",5.413398,false,0,0,0,NA,false,0,0,0,NA,-1,-1,-1,-1,-1,-2,-2,false,0,0,0,NA,-1,-1,-1,-1,-1,-2,-2
2,"Environment: 2, FiringMode: 2",5.414731,false,0,0,0,NA,false,0,0,0,NA,-1,-1,-1,-1,-1,-2,-2,false,0,0,0,NA,-1,-1,-1,-1,-1,-2,-2
2,"Environment: 2, FiringMode: 2",5.416019,false,0,0,0,NA,false,0,0,0,NA,-1,-1,-1,-1,-1,-2,-2,false,0,0,0,NA,-1,-1,-1,-1,-1,-2,-2
2,"Environment: 2, FiringMode: 2",5.417305,false,0,0,0,NA,false,0,0,0,NA,-1,-1,-1,-1,-1,-2,-2,false,0,0,0,NA,-1,-1,-1,-1,-1,-2,-2
2,"Environment: 2, FiringMode: 2",5.418613,false,0,0,0,NA,false,0,0,0,NA,-1,-1,-1,-1,-1,-2,-2,false,0,0,0,NA,-1,-1,-1,-1,-1,-2,-2
2,"Environment: 2, FiringMode: 2",5.420033,false,0,0,0,NA,false,0,0,0,NA,-1,-1,-1,-1,-1,-2,-2,false,0,0,0,NA,-1,-1,-1,-1,-1,-2,-2
2,"Environment: 2, FiringMode: 2",5.421418,false,0,0,0,NA,false,0,0,0,NA,-1,-1,-1,-1,-1,-2,-2,false,0,0,0,NA,-1,-1,-1,-1,-1,-2,-2
2,"Environment: 2, FiringMode: 2",5.422794,false,0,0,0,NA,false,0,0,0,NA,-1,-1,-1,-1,-1,-2,-2,false,0,0,0,NA,-1,-1,-1,-1,-1,-2,-2
2,"Environment: 2, FiringMode: 2",5.424089,false,0,0,0,NA,false,0,0,0,NA,-1,-1,-1,-1,-1,-2,-2,false,0,0,0,NA,-1,-1,-1,-1,-1,-2,-2
2,"Environment: 2, FiringMode: 2",5.425476,false,0,0,0,NA,false,0,0,0,NA,-1,-1,-1,-1,-1,-2,-2,false,0,0,0,NA,-1,-1,-1,-1,-1,-2,-2
2,"Environment: 2, FiringMode: 2",5.426826,false,0,0,0,NA,false,0,0,0,NA,-1,-1,-1,-1,-1,-2,-2,false,0,0,0,NA,-1,-1,-1,-1,-1,-2,-2
2,"Environment: 2, FiringMode: 2",5.4282,false,0,0,0,NA,false,0,0,0,NA,-1,-1,-1,-1,-1,-2,-2,false,0,0,0,NA,-1,-1,-1,-1,-1,-2,-2
2,"Environment: 2, FiringMode: 2",5.429527,false,0,0,0,NA,false,0,0,0,NA,-1,-1,-1,-1,-1,-2,-2,false,0,0,0,NA,-1,-1,-1,-1,-1,-2,-2
2,"Environment: 2, FiringMode: 2",5.430808,false,0,0,0,NA,false,0,0,0,NA,-1,-1,-1,-1,-1,-2,-2,false,0,0,0,NA,-1,-1,-1,-1,-1,-2,-2
2,"Environment: 2, FiringMode: 2",5.432272,false,0,0,0,NA,false,0,0,0,NA,-1,-1,-1,-1,-1,-2,-2,false,0,0,0,NA,-1,-1,-1,-1,-1,-2,-2
2,"Environment: 2, FiringMode: 2",5.433674,false,0,0,0,NA,false,0,0,0,NA,-1,-1,-1,-1,-1,-2,-2,false,0,0,0,NA,-1,-1,-1,-1,-1,-2,-2
2,"Environment: 2, FiringMode: 2",5.435062,false,0,0,0,NA,false,0,0,0,NA,-1,-1,-1,-1,-1,-2,-2,false,0,0,0,NA,-1,-1,-1,-1,-1,-2,-2
2,"Environment: 2, FiringMode: 2",5.436379,false,0,0,0,NA,false,0,0,0,NA,-1,-1,-1,-1,-1,-2,-2,false,0,0,0,NA,-1,-1,-1,-1,-1,-2,-2
2,"Environment: 2, FiringMode: 2",5.43778,false,0,0,0,NA,false,0,0,0,NA,-1,-1,-1,-1,-1,-2,-2,false,0,0,0,NA,-1,-1,-1,-1,-1,-2,-2
2,"Environment: 2, FiringMode: 2",5.439324,false,0,0,0,NA,false,0,0,0,NA,-1,-1,-1,-1,-1,-2,-2,false,0,0,0,NA,-1,-1,-1,-1,-1,-2,-2
2,"Environment: 2, FiringMode: 2",5.440628,false,0,0,0,NA,false,0,0,0,NA,-1,-1,-1,-1,-1,-2,-2,false,0,0,0,NA,-1,-1,-1,-1,-1,-2,-2
2,"Environment: 2, FiringMode: 2",5.441923,false,0,0,0,NA,false,0,0,0,NA,-1,-1,-1,-1,-1,-2,-2,false,0,0,0,NA,-1,-1,-1,-1,-1,-2,-2
2,"Environment: 2, FiringMode: 2",5.443247,false,0,0,0,NA,false,0,0,0,NA,-1,-1,-1,-1,-1,-2,-2,false,0,0,0,NA,-1,-1,-1,-1,-1,-2,-2
2,"Environment: 2, FiringMode: 2",5.444666,false,0,0,0,NA,false,0,0,0,NA,-1,-1,-1,-1,-1,-2,-2,false,0,0,0,NA,-1,-1,-1,-1,-1,-2,-2
2,"Environment: 2, FiringMode: 2",5.446057,false,0,0,0,NA,false,0,0,0,NA,-1,-1,-1,-1,-1,-2,-2,false,0,0,0,NA,-1,-1,-1,-1,-1,-2,-2
2,"Environment: 2, FiringMode: 2",5.447435,false,0,0,0,NA,false,0,0,0,NA,-1,-1,-1,-1,-1,-2,-2,false,0,0,0,NA,-1,-1,-1,-1,-1,-2,-2
2,"Environment: 2, FiringMode: 2",5.448728,false,0,0,0,NA,false,0,0,0,NA,-1,-1,-1,-1,-1,-2,-2,false,0,0,0,NA,-1,-1,-1,-1,-1,-2,-2
2,"Environment: 2, FiringMode: 2",5.45012,false,0,0,0,NA,false,0,0,0,NA,-1,-1,-1,-1,-1,-2,-2,false,0,0,0,NA,-1,-1,-1,-1,-1,-2,-2
2,"Environment: 2, FiringMode: 2",5.451519,false,0,0,0,NA,false,0,0,0,NA,-1,-1,-1,-1,-1,-2,-2,false,0,0,0,NA,-1,-1,-1,-1,-1,-2,-2
2,"Environment: 2, FiringMode: 2",5.452816,false,0,0,0,NA,false,0,0,0,NA,-1,-1,-1,-1,-1,-2,-2,false,0,0,0,NA,-1,-1,-1,-1,-1,-2,-2
2,"Environment: 2, FiringMode: 2",5.454268,false,0,0,0,NA,false,0,0,0,NA,-1,-1,-1,-1,-1,-2,-2,false,0,0,0,NA,-1,-1,-1,-1,-1,-2,-2
2,"Environment: 2, FiringMode: 2",5.455574,false,0,0,0,NA,false,0,0,0,NA,-1,-1,-1,-1,-1,-2,-2,false,0,0,0,NA,-1,-1,-1,-1,-1,-2,-2
2,"Environment: 2, FiringMode: 2",5.456828,false,0,0,0,NA,false,0,0,0,NA,-1,-1,-1,-1,-1,-2,-2,false,0,0,0,NA,-1,-1,-1,-1,-1,-2,-2
2,"Environment: 2, FiringMode: 2",5.458147,false,0,0,0,NA,false,0,0,0,NA,-1,-1,-1,-1,-1,-2,-2,false,0,0,0,NA,-1,-1,-1,-1,-1,-2,-2
2,"Environment: 2, FiringMode: 2",5.459793,false,0,0,0,NA,false,0,0,0,NA,-1,-1,-1,-1,-1,-2,-2,false,0,0,0,NA,-1,-1,-1,-1,-1,-2,-2
2,"Environment: 2, FiringMode: 2",5.461201,false,0,0,0,NA,false,0,0,0,NA,-1,-1,-1,-1,-1,-2,-2,false,0,0,0,NA,-1,-1,-1,-1,-1,-2,-2
2,"Environment: 2, FiringMode: 2",5.462554,false,0,0,0,NA,false,0,0,0,NA,-1,-1,-1,-1,-1,-2,-2,false,0,0,0,NA,-1,-1,-1,-1,-1,-2,-2
2,"Environment: 2, FiringMode: 2",5.463868,false,0,0,0,NA,false,0,0,0,NA,-1,-1,-1,-1,-1,-2,-2,false,0,0,0,NA,-1,-1,-1,-1,-1,-2,-2
2,"Environment: 2, FiringMode: 2",5.465126,false,0,0,0,NA,false,0,0,0,NA,-1,-1,-1,-1,-1,-2,-2,false,0,0,0,NA,-1,-1,-1,-1,-1,-2,-2
2,"Environment: 2, FiringMode: 2",5.466425,false,0,0,0,NA,false,0,0,0,NA,-1,-1,-1,-1,-1,-2,-2,false,0,0,0,NA,-1,-1,-1,-1,-1,-2,-2
2,"Environment: 2, FiringMode: 2",5.467785,false,0,0,0,NA,false,0,0,0,NA,-1,-1,-1,-1,-1,-2,-2,false,0,0,0,NA,-1,-1,-1,-1,-1,-2,-2
2,"Environment: 2, FiringMode: 2",5.469169,false,0,0,0,NA,false,0,0,0,NA,-1,-1,-1,-1,-1,-2,-2,false,0,0,0,NA,-1,-1,-1,-1,-1,-2,-2
2,"Environment: 2, FiringMode: 2",5.470584,false,0,0,0,NA,false,0,0,0,NA,-1,-1,-1,-1,-1,-2,-2,false,0,0,0,NA,-1,-1,-1,-1,-1,-2,-2
2,"Environment: 2, FiringMode: 2",5.471991,false,0,0,0,NA,false,0,0,0,NA,-1,-1,-1,-1,-1,-2,-2,false,0,0,0,NA,-1,-1,-1,-1,-1,-2,-2
2,"Environment: 2, FiringMode: 2",5.473353,false,0,0,0,NA,false,0,0,0,NA,-1,-1,-1,-1,-1,-2,-2,false,0,0,0,NA,-1,-1,-1,-1,-1,-2,-2
2,"Environment: 2, FiringMode: 2",5.474774,false,0,0,0,NA,false,0,0,0,NA,-1,-1,-1,-1,-1,-2,-2,false,0,0,0,NA,-1,-1,-1,-1,-1,-2,-2
2,"Environment: 2, FiringMode: 2",5.476202,false,0,0,0,NA,false,0,0,0,NA,-1,-1,-1,-1,-1,-2,-2,false,0,0,0,NA,-1,-1,-1,-1,-1,-2,-2
2,"Environment: 2, FiringMode: 2",5.477689,false,0,0,0,NA,false,0,0,0,NA,-1,-1,-1,-1,-1,-2,-2,false,0,0,0,NA,-1,-1,-1,-1,-1,-2,-2
2,"Environment: 2, FiringMode: 2",5.479194,false,0,0,0,NA,false,0,0,0,NA,-1,-1,-1,-1,-1,-2,-2,false,0,0,0,NA,-1,-1,-1,-1,-1,-2,-2
2,"Environment: 2, FiringMode: 2",5.480697,false,0,0,0,NA,false,0,0,0,NA,-1,-1,-1,-1,-1,-2,-2,false,0,0,0,NA,-1,-1,-1,-1,-1,-2,-2
2,"Environment: 2, FiringMode: 2",5.482073,false,0,0,0,NA,false,0,0,0,NA,-1,-1,-1,-1,-1,-2,-2,false,0,0,0,NA,-1,-1,-1,-1,-1,-2,-2
2,"Environment: 2, FiringMode: 2",5.48338,false,0,0,0,NA,false,0,0,0,NA,-1,-1,-1,-1,-1,-2,-2,false,0,0,0,NA,-1,-1,-1,-1,-1,-2,-2
2,"Environment: 2, FiringMode: 2",5.484731,false,0,0,0,NA,false,0,0,0,NA,-1,-1,-1,-1,-1,-2,-2,false,0,0,0,NA,-1,-1,-1,-1,-1,-2,-2
2,"Environment: 2, FiringMode: 2",5.48611,false,0,0,0,NA,false,0,0,0,NA,-1,-1,-1,-1,-1,-2,-2,false,0,0,0,NA,-1,-1,-1,-1,-1,-2,-2
2,"Environment: 2, FiringMode: 2",5.487465,false,0,0,0,NA,false,0,0,0,NA,-1,-1,-1,-1,-1,-2,-2,false,0,0,0,NA,-1,-1,-1,-1,-1,-2,-2
2,"Environment: 2, FiringMode: 2",5.488904,false,0,0,0,NA,false,0,0,0,NA,-1,-1,-1,-1,-1,-2,-2,false,0,0,0,NA,-1,-1,-1,-1,-1,-2,-2
2,"Environment: 2, FiringMode: 2",5.490258,false,0,0,0,NA,false,0,0,0,NA,-1,-1,-1,-1,-1,-2,-2,false,0,0,0,NA,-1,-1,-1,-1,-1,-2,-2
2,"Environment: 2, FiringMode: 2",5.491733,false,0,0,0,NA,false,0,0,0,NA,-1,-1,-1,-1,-1,-2,-2,false,0,0,0,NA,-1,-1,-1,-1,-1,-2,-2
2,"Environment: 2, FiringMode: 2",5.493122,false,0,0,0,NA,false,0,0,0,NA,-1,-1,-1,-1,-1,-2,-2,false,0,0,0,NA,-1,-1,-1,-1,-1,-2,-2
2,"Environment: 2, FiringMode: 2",5.494532,false,0,0,0,NA,false,0,0,0,NA,-1,-1,-1,-1,-1,-2,-2,false,0,0,0,NA,-1,-1,-1,-1,-1,-2,-2
2,"Environment: 2, FiringMode: 2",5.496336,false,0,0,0,NA,false,0,0,0,NA,-1,-1,-1,-1,-1,-2,-2,false,0,0,0,NA,-1,-1,-1,-1,-1,-2,-2
2,"Environment: 2, FiringMode: 2",5.497901,false,0,0,0,NA,false,0,0,0,NA,-1,-1,-1,-1,-1,-2,-2,false,0,0,0,NA,-1,-1,-1,-1,-1,-2,-2
2,"Environment: 2, FiringMode: 2",5.499646,false,0,0,0,NA,false,0,0,0,NA,-1,-1,-1,-1,-1,-2,-2,false,0,0,0,NA,-1,-1,-1,-1,-1,-2,-2
2,"Environment: 2, FiringMode: 2",5.501118,false,0,0,0,NA,false,0,0,0,NA,-1,-1,-1,-1,-1,-2,-2,false,0,0,0,NA,-1,-1,-1,-1,-1,-2,-2
2,"Environment: 2, FiringMode: 2",5.502578,false,0,0,0,NA,false,0,0,0,NA,-1,-1,-1,-1,-1,-2,-2,false,0,0,0,NA,-1,-1,-1,-1,-1,-2,-2
2,"Environment: 2, FiringMode: 2",5.504089,false,0,0,0,NA,false,0,0,0,NA,-1,-1,-1,-1,-1,-2,-2,false,0,0,0,NA,-1,-1,-1,-1,-1,-2,-2
2,"Environment: 2, FiringMode: 2",5.505505,false,0,0,0,NA,false,0,0,0,NA,-1,-1,-1,-1,-1,-2,-2,false,0,0,0,NA,-1,-1,-1,-1,-1,-2,-2
2,"Environment: 2, FiringMode: 2",5.506814,false,0,0,0,NA,false,0,0,0,NA,-1,-1,-1,-1,-1,-2,-2,false,0,0,0,NA,-1,-1,-1,-1,-1,-2,-2
2,"Environment: 2, FiringMode: 2",5.508202,false,0,0,0,NA,false,0,0,0,NA,-1,-1,-1,-1,-1,-2,-2,false,0,0,0,NA,-1,-1,-1,-1,-1,-2,-2
2,"Environment: 2, FiringMode: 2",5.509635,false,0,0,0,NA,false,0,0,0,NA,-1,-1,-1,-1,-1,-2,-2,false,0,0,0,NA,-1,-1,-1,-1,-1,-2,-2
2,"Environment: 2, FiringMode: 2",5.511033,false,0,0,0,NA,false,0,0,0,NA,-1,-1,-1,-1,-1,-2,-2,false,0,0,0,NA,-1,-1,-1,-1,-1,-2,-2
2,"Environment: 2, FiringMode: 2",5.512325,false,0,0,0,NA,false,0,0,0,NA,-1,-1,-1,-1,-1,-2,-2,false,0,0,0,NA,-1,-1,-1,-1,-1,-2,-2
2,"Environment: 2, FiringMode: 2",5.513638,false,0,0,0,NA,false,0,0,0,NA,-1,-1,-1,-1,-1,-2,-2,false,0,0,0,NA,-1,-1,-1,-1,-1,-2,-2
2,"Environment: 2, FiringMode: 2",5.51499,false,0,0,0,NA,false,0,0,0,NA,-1,-1,-1,-1,-1,-2,-2,false,0,0,0,NA,-1,-1,-1,-1,-1,-2,-2
2,"Environment: 2, FiringMode: 2",5.516353,false,0,0,0,NA,false,0,0,0,NA,-1,-1,-1,-1,-1,-2,-2,false,0,0,0,NA,-1,-1,-1,-1,-1,-2,-2
2,"Environment: 2, FiringMode: 2",5.517661,false,0,0,0,NA,false,0,0,0,NA,-1,-1,-1,-1,-1,-2,-2,false,0,0,0,NA,-1,-1,-1,-1,-1,-2,-2
2,"Environment: 2, FiringMode: 2",5.519165,false,0,0,0,NA,false,0,0,0,NA,-1,-1,-1,-1,-1,-2,-2,false,0,0,0,NA,-1,-1,-1,-1,-1,-2,-2
2,"Environment: 2, FiringMode: 2",5.520448,false,0,0,0,NA,false,0,0,0,NA,-1,-1,-1,-1,-1,-2,-2,false,0,0,0,NA,-1,-1,-1,-1,-1,-2,-2
2,"Environment: 2, FiringMode: 2",5.521949,false,0,0,0,NA,false,0,0,0,NA,-1,-1,-1,-1,-1,-2,-2,false,0,0,0,NA,-1,-1,-1,-1,-1,-2,-2
2,"Environment: 2, FiringMode: 2",5.523308,false,0,0,0,NA,false,0,0,0,NA,-1,-1,-1,-1,-1,-2,-2,false,0,0,0,NA,-1,-1,-1,-1,-1,-2,-2
2,"Environment: 2, FiringMode: 2",5.524591,false,0,0,0,NA,false,0,0,0,NA,-1,-1,-1,-1,-1,-2,-2,false,0,0,0,NA,-1,-1,-1,-1,-1,-2,-2
2,"Environment: 2, FiringMode: 2",5.52597,false,0,0,0,NA,false,0,0,0,NA,-1,-1,-1,-1,-1,-2,-2,false,0,0,0,NA,-1,-1,-1,-1,-1,-2,-2
2,"Environment: 2, FiringMode: 2",5.527322,false,0,0,0,NA,false,0,0,0,NA,-1,-1,-1,-1,-1,-2,-2,false,0,0,0,NA,-1,-1,-1,-1,-1,-2,-2
2,"Environment: 2, FiringMode: 2",5.528679,false,0,0,0,NA,false,0,0,0,NA,-1,-1,-1,-1,-1,-2,-2,false,0,0,0,NA,-1,-1,-1,-1,-1,-2,-2
2,"Environment: 2, FiringMode: 2",5.530098,false,0,0,0,NA,false,0,0,0,NA,-1,-1,-1,-1,-1,-2,-2,false,0,0,0,NA,-1,-1,-1,-1,-1,-2,-2
2,"Environment: 2, FiringMode: 2",5.531418,false,0,0,0,NA,false,0,0,0,NA,-1,-1,-1,-1,-1,-2,-2,false,0,0,0,NA,-1,-1,-1,-1,-1,-2,-2
2,"Environment: 2, FiringMode: 2",5.532838,false,0,0,0,NA,false,0,0,0,NA,-1,-1,-1,-1,-1,-2,-2,false,0,0,0,NA,-1,-1,-1,-1,-1,-2,-2
2,"Environment: 2, FiringMode: 2",5.534199,false,0,0,0,NA,false,0,0,0,NA,-1,-1,-1,-1,-1,-2,-2,false,0,0,0,NA,-1,-1,-1,-1,-1,-2,-2
2,"Environment: 2, FiringMode: 2",5.535615,false,0,0,0,NA,false,0,0,0,NA,-1,-1,-1,-1,-1,-2,-2,false,0,0,0,NA,-1,-1,-1,-1,-1,-2,-2
2,"Environment: 2, FiringMode: 2",5.537551,false,0,0,0,NA,false,0,0,0,NA,-1,-1,-1,-1,-1,-2,-2,false,0,0,0,NA,-1,-1,-1,-1,-1,-2,-2
2,"Environment: 2, FiringMode: 2",5.539022,false,0,0,0,NA,false,0,0,0,NA,-1,-1,-1,-1,-1,-2,-2,false,0,0,0,NA,-1,-1,-1,-1,-1,-2,-2
2,"Environment: 2, FiringMode: 2",5.540458,false,0,0,0,NA,false,0,0,0,NA,-1,-1,-1,-1,-1,-2,-2,false,0,0,0,NA,-1,-1,-1,-1,-1,-2,-2
2,"Environment: 2, FiringMode: 2",5.541817,false,0,0,0,NA,false,0,0,0,NA,-1,-1,-1,-1,-1,-2,-2,false,0,0,0,NA,-1,-1,-1,-1,-1,-2,-2
2,"Environment: 2, FiringMode: 2",5.543103,false,0,0,0,NA,false,0,0,0,NA,-1,-1,-1,-1,-1,-2,-2,false,0,0,0,NA,-1,-1,-1,-1,-1,-2,-2
2,"Environment: 2, FiringMode: 2",5.544483,false,0,0,0,NA,false,0,0,0,NA,-1,-1,-1,-1,-1,-2,-2,false,0,0,0,NA,-1,-1,-1,-1,-1,-2,-2
2,"Environment: 2, FiringMode: 2",5.545859,false,0,0,0,NA,false,0,0,0,NA,-1,-1,-1,-1,-1,-2,-2,false,0,0,0,NA,-1,-1,-1,-1,-1,-2,-2
2,"Environment: 2, FiringMode: 2",5.547167,false,0,0,0,NA,false,0,0,0,NA,-1,-1,-1,-1,-1,-2,-2,false,0,0,0,NA,-1,-1,-1,-1,-1,-2,-2
2,"Environment: 2, FiringMode: 2",5.548468,false,0,0,0,NA,false,0,0,0,NA,-1,-1,-1,-1,-1,-2,-2,false,0,0,0,NA,-1,-1,-1,-1,-1,-2,-2
2,"Environment: 2, FiringMode: 2",5.549831,false,0,0,0,NA,false,0,0,0,NA,-1,-1,-1,-1,-1,-2,-2,false,0,0,0,NA,-1,-1,-1,-1,-1,-2,-2
2,"Environment: 2, FiringMode: 2",5.551184,false,0,0,0,NA,false,0,0,0,NA,-1,-1,-1,-1,-1,-2,-2,false,0,0,0,NA,-1,-1,-1,-1,-1,-2,-2
2,"Environment: 2, FiringMode: 2",5.552504,false,0,0,0,NA,false,0,0,0,NA,-1,-1,-1,-1,-1,-2,-2,false,0,0,0,NA,-1,-1,-1,-1,-1,-2,-2
2,"Environment: 2, FiringMode: 2",5.553799,false,0,0,0,NA,false,0,0,0,NA,-1,-1,-1,-1,-1,-2,-2,false,0,0,0,NA,-1,-1,-1,-1,-1,-2,-2
2,"Environment: 2, FiringMode: 2",5.555146,false,0,0,0,NA,false,0,0,0,NA,-1,-1,-1,-1,-1,-2,-2,false,0,0,0,NA,-1,-1,-1,-1,-1,-2,-2
2,"Environment: 2, FiringMode: 2",5.556445,false,0,0,0,NA,false,0,0,0,NA,-1,-1,-1,-1,-1,-2,-2,false,0,0,0,NA,-1,-1,-1,-1,-1,-2,-2
2,"Environment: 2, FiringMode: 2",5.557722,false,0,0,0,NA,false,0,0,0,NA,-1,-1,-1,-1,-1,-2,-2,false,0,0,0,NA,-1,-1,-1,-1,-1,-2,-2
2,"Environment: 2, FiringMode: 2",5.559113,false,0,0,0,NA,false,0,0,0,NA,-1,-1,-1,-1,-1,-2,-2,false,0,0,0,NA,-1,-1,-1,-1,-1,-2,-2
2,"Environment: 2, FiringMode: 2",5.560405,false,0,0,0,NA,false,0,0,0,NA,-1,-1,-1,-1,-1,-2,-2,false,0,0,0,NA,-1,-1,-1,-1,-1,-2,-2
2,"Environment: 2, FiringMode: 2",5.561759,false,0,0,0,NA,false,0,0,0,NA,-1,-1,-1,-1,-1,-2,-2,false,0,0,0,NA,-1,-1,-1,-1,-1,-2,-2
2,"Environment: 2, FiringMode: 2",5.563024,false,0,0,0,NA,false,0,0,0,NA,-1,-1,-1,-1,-1,-2,-2,false,0,0,0,NA,-1,-1,-1,-1,-1,-2,-2
2,"Environment: 2, FiringMode: 2",5.564336,false,0,0,0,NA,false,0,0,0,NA,-1,-1,-1,-1,-1,-2,-2,false,0,0,0,NA,-1,-1,-1,-1,-1,-2,-2
2,"Environment: 2, FiringMode: 2",5.565665,false,0,0,0,NA,false,0,0,0,NA,-1,-1,-1,-1,-1,-2,-2,false,0,0,0,NA,-1,-1,-1,-1,-1,-2,-2
2,"Environment: 2, FiringMode: 2",5.566995,false,0,0,0,NA,false,0,0,0,NA,-1,-1,-1,-1,-1,-2,-2,false,0,0,0,NA,-1,-1,-1,-1,-1,-2,-2
2,"Environment: 2, FiringMode: 2",5.568324,false,0,0,0,NA,false,0,0,0,NA,-1,-1,-1,-1,-1,-2,-2,false,0,0,0,NA,-1,-1,-1,-1,-1,-2,-2
2,"Environment: 2, FiringMode: 2",5.569696,false,0,0,0,NA,false,0,0,0,NA,-1,-1,-1,-1,-1,-2,-2,false,0,0,0,NA,-1,-1,-1,-1,-1,-2,-2
2,"Environment: 2, FiringMode: 2",5.571075,false,0,0,0,NA,false,0,0,0,NA,-1,-1,-1,-1,-1,-2,-2,false,0,0,0,NA,-1,-1,-1,-1,-1,-2,-2
2,"Environment: 2, FiringMode: 2",5.572411,false,0,0,0,NA,false,0,0,0,NA,-1,-1,-1,-1,-1,-2,-2,false,0,0,0,NA,-1,-1,-1,-1,-1,-2,-2
2,"Environment: 2, FiringMode: 2",5.573768,false,0,0,0,NA,false,0,0,0,NA,-1,-1,-1,-1,-1,-2,-2,false,0,0,0,NA,-1,-1,-1,-1,-1,-2,-2
2,"Environment: 2, FiringMode: 2",5.575042,false,0,0,0,NA,false,0,0,0,NA,-1,-1,-1,-1,-1,-2,-2,false,0,0,0,NA,-1,-1,-1,-1,-1,-2,-2
2,"Environment: 2, FiringMode: 2",5.57635,false,0,0,0,NA,false,0,0,0,NA,-1,-1,-1,-1,-1,-2,-2,false,0,0,0,NA,-1,-1,-1,-1,-1,-2,-2
2,"Environment: 2, FiringMode: 2",5.577632,false,0,0,0,NA,false,0,0,0,NA,-1,-1,-1,-1,-1,-2,-2,false,0,0,0,NA,-1,-1,-1,-1,-1,-2,-2
2,"Environment: 2, FiringMode: 2",5.57913,false,0,0,0,NA,false,0,0,0,NA,-1,-1,-1,-1,-1,-2,-2,false,0,0,0,NA,-1,-1,-1,-1,-1,-2,-2
2,"Environment: 2, FiringMode: 2",5.58071,false,0,0,0,NA,false,0,0,0,NA,-1,-1,-1,-1,-1,-2,-2,false,0,0,0,NA,-1,-1,-1,-1,-1,-2,-2
2,"Environment: 2, FiringMode: 2",5.582107,false,0,0,0,NA,false,0,0,0,NA,-1,-1,-1,-1,-1,-2,-2,false,0,0,0,NA,-1,-1,-1,-1,-1,-2,-2
2,"Environment: 2, FiringMode: 2",5.585274,false,0,0,0,NA,false,0,0,0,NA,-1,-1,-1,-1,-1,-2,-2,false,0,0,0,NA,-1,-1,-1,-1,-1,-2,-2
2,"Environment: 2, FiringMode: 2",5.58785,false,0,0,0,NA,false,0,0,0,NA,-1,-1,-1,-1,-1,-2,-2,false,0,0,0,NA,-1,-1,-1,-1,-1,-2,-2
2,"Environment: 2, FiringMode: 2",5.589198,false,0,0,0,NA,false,0,0,0,NA,-1,-1,-1,-1,-1,-2,-2,false,0,0,0,NA,-1,-1,-1,-1,-1,-2,-2
2,"Environment: 2, FiringMode: 2",5.590518,false,0,0,0,NA,false,0,0,0,NA,-1,-1,-1,-1,-1,-2,-2,false,0,0,0,NA,-1,-1,-1,-1,-1,-2,-2
2,"Environment: 2, FiringMode: 2",5.591933,false,0,0,0,NA,false,0,0,0,NA,-1,-1,-1,-1,-1,-2,-2,false,0,0,0,NA,-1,-1,-1,-1,-1,-2,-2
2,"Environment: 2, FiringMode: 2",5.593337,false,0,0,0,NA,false,0,0,0,NA,-1,-1,-1,-1,-1,-2,-2,false,0,0,0,NA,-1,-1,-1,-1,-1,-2,-2
2,"Environment: 2, FiringMode: 2",5.594749,false,0,0,0,NA,false,0,0,0,NA,-1,-1,-1,-1,-1,-2,-2,false,0,0,0,NA,-1,-1,-1,-1,-1,-2,-2
2,"Environment: 2, FiringMode: 2",5.596185,false,0,0,0,NA,false,0,0,0,NA,-1,-1,-1,-1,-1,-2,-2,false,0,0,0,NA,-1,-1,-1,-1,-1,-2,-2
2,"Environment: 2, FiringMode: 2",5.597519,false,0,0,0,NA,false,0,0,0,NA,-1,-1,-1,-1,-1,-2,-2,false,0,0,0,NA,-1,-1,-1,-1,-1,-2,-2
2,"Environment: 2, FiringMode: 2",5.598766,false,0,0,0,NA,false,0,0,0,NA,-1,-1,-1,-1,-1,-2,-2,false,0,0,0,NA,-1,-1,-1,-1,-1,-2,-2
2,"Environment: 2, FiringMode: 2",5.600157,false,0,0,0,NA,false,0,0,0,NA,-1,-1,-1,-1,-1,-2,-2,false,0,0,0,NA,-1,-1,-1,-1,-1,-2,-2
2,"Environment: 2, FiringMode: 2",5.601425,false,0,0,0,NA,false,0,0,0,NA,-1,-1,-1,-1,-1,-2,-2,false,0,0,0,NA,-1,-1,-1,-1,-1,-2,-2
2,"Environment: 2, FiringMode: 2",5.602764,false,0,0,0,NA,false,0,0,0,NA,-1,-1,-1,-1,-1,-2,-2,false,0,0,0,NA,-1,-1,-1,-1,-1,-2,-2
2,"Environment: 2, FiringMode: 2",5.604108,false,0,0,0,NA,false,0,0,0,NA,-1,-1,-1,-1,-1,-2,-2,false,0,0,0,NA,-1,-1,-1,-1,-1,-2,-2
2,"Environment: 2, FiringMode: 2",5.605458,false,0,0,0,NA,false,0,0,0,NA,-1,-1,-1,-1,-1,-2,-2,false,0,0,0,NA,-1,-1,-1,-1,-1,-2,-2
2,"Environment: 2, FiringMode: 2",5.606812,false,0,0,0,NA,false,0,0,0,NA,-1,-1,-1,-1,-1,-2,-2,false,0,0,0,NA,-1,-1,-1,-1,-1,-2,-2
2,"Environment: 2, FiringMode: 2",5.608116,false,0,0,0,NA,false,0,0,0,NA,-1,-1,-1,-1,-1,-2,-2,false,0,0,0,NA,-1,-1,-1,-1,-1,-2,-2
2,"Environment: 2, FiringMode: 2",5.609426,false,0,0,0,NA,false,0,0,0,NA,-1,-1,-1,-1,-1,-2,-2,false,0,0,0,NA,-1,-1,-1,-1,-1,-2,-2
2,"Environment: 2, FiringMode: 2",5.61076,false,0,0,0,NA,false,0,0,0,NA,-1,-1,-1,-1,-1,-2,-2,false,0,0,0,NA,-1,-1,-1,-1,-1,-2,-2
2,"Environment: 2, FiringMode: 2",5.612073,false,0,0,0,NA,false,0,0,0,NA,-1,-1,-1,-1,-1,-2,-2,false,0,0,0,NA,-1,-1,-1,-1,-1,-2,-2
2,"Environment: 2, FiringMode: 2",5.613372,false,0,0,0,NA,false,0,0,0,NA,-1,-1,-1,-1,-1,-2,-2,false,0,0,0,NA,-1,-1,-1,-1,-1,-2,-2
2,"Environment: 2, FiringMode: 2",5.614659,false,0,0,0,NA,false,0,0,0,NA,-1,-1,-1,-1,-1,-2,-2,false,0,0,0,NA,-1,-1,-1,-1,-1,-2,-2
2,"Environment: 2, FiringMode: 2",5.616013,false,0,0,0,NA,false,0,0,0,NA,-1,-1,-1,-1,-1,-2,-2,false,0,0,0,NA,-1,-1,-1,-1,-1,-2,-2
2,"Environment: 2, FiringMode: 2",5.61731,false,0,0,0,NA,false,0,0,0,NA,-1,-1,-1,-1,-1,-2,-2,false,0,0,0,NA,-1,-1,-1,-1,-1,-2,-2
2,"Environment: 2, FiringMode: 2",5.618665,false,0,0,0,NA,false,0,0,0,NA,-1,-1,-1,-1,-1,-2,-2,false,0,0,0,NA,-1,-1,-1,-1,-1,-2,-2
2,"Environment: 2, FiringMode: 2",5.620115,false,0,0,0,NA,false,0,0,0,NA,-1,-1,-1,-1,-1,-2,-2,false,0,0,0,NA,-1,-1,-1,-1,-1,-2,-2
2,"Environment: 2, FiringMode: 2",5.621487,false,0,0,0,NA,false,0,0,0,NA,-1,-1,-1,-1,-1,-2,-2,false,0,0,0,NA,-1,-1,-1,-1,-1,-2,-2
2,"Environment: 2, FiringMode: 2",5.622775,false,0,0,0,NA,false,0,0,0,NA,-1,-1,-1,-1,-1,-2,-2,false,0,0,0,NA,-1,-1,-1,-1,-1,-2,-2
2,"Environment: 2, FiringMode: 2",5.624359,false,0,0,0,NA,false,0,0,0,NA,-1,-1,-1,-1,-1,-2,-2,false,0,0,0,NA,-1,-1,-1,-1,-1,-2,-2
2,"Environment: 2, FiringMode: 2",5.625813,false,0,0,0,NA,false,0,0,0,NA,-1,-1,-1,-1,-1,-2,-2,false,0,0,0,NA,-1,-1,-1,-1,-1,-2,-2
2,"Environment: 2, FiringMode: 2",5.627144,false,0,0,0,NA,false,0,0,0,NA,-1,-1,-1,-1,-1,-2,-2,false,0,0,0,NA,-1,-1,-1,-1,-1,-2,-2
2,"Environment: 2, FiringMode: 2",5.628412,false,0,0,0,NA,false,0,0,0,NA,-1,-1,-1,-1,-1,-2,-2,false,0,0,0,NA,-1,-1,-1,-1,-1,-2,-2
2,"Environment: 2, FiringMode: 2",5.62973,false,0,0,0,NA,false,0,0,0,NA,-1,-1,-1,-1,-1,-2,-2,false,0,0,0,NA,-1,-1,-1,-1,-1,-2,-2
2,"Environment: 2, FiringMode: 2",5.631085,false,0,0,0,NA,false,0,0,0,NA,-1,-1,-1,-1,-1,-2,-2,false,0,0,0,NA,-1,-1,-1,-1,-1,-2,-2
2,"Environment: 2, FiringMode: 2",5.632454,false,0,0,0,NA,false,0,0,0,NA,-1,-1,-1,-1,-1,-2,-2,false,0,0,0,NA,-1,-1,-1,-1,-1,-2,-2
2,"Environment: 2, FiringMode: 2",5.633772,false,0,0,0,NA,false,0,0,0,NA,-1,-1,-1,-1,-1,-2,-2,false,0,0,0,NA,-1,-1,-1,-1,-1,-2,-2
2,"Environment: 2, FiringMode: 2",5.635083,false,0,0,0,NA,false,0,0,0,NA,-1,-1,-1,-1,-1,-2,-2,false,0,0,0,NA,-1,-1,-1,-1,-1,-2,-2
2,"Environment: 2, FiringMode: 2",5.636408,false,0,0,0,NA,false,0,0,0,NA,-1,-1,-1,-1,-1,-2,-2,false,0,0,0,NA,-1,-1,-1,-1,-1,-2,-2
2,"Environment: 2, FiringMode: 2",5.637751,false,0,0,0,NA,false,0,0,0,NA,-1,-1,-1,-1,-1,-2,-2,false,0,0,0,NA,-1,-1,-1,-1,-1,-2,-2
2,"Environment: 2, FiringMode: 2",5.63917,false,0,0,0,NA,false,0,0,0,NA,-1,-1,-1,-1,-1,-2,-2,false,0,0,0,NA,-1,-1,-1,-1,-1,-2,-2
2,"Environment: 2, FiringMode: 2",5.640618,false,0,0,0,NA,false,0,0,0,NA,-1,-1,-1,-1,-1,-2,-2,false,0,0,0,NA,-1,-1,-1,-1,-1,-2,-2
2,"Environment: 2, FiringMode: 2",5.641931,false,0,0,0,NA,false,0,0,0,NA,-1,-1,-1,-1,-1,-2,-2,false,0,0,0,NA,-1,-1,-1,-1,-1,-2,-2
2,"Environment: 2, FiringMode: 2",5.643257,false,0,0,0,NA,false,0,0,0,NA,-1,-1,-1,-1,-1,-2,-2,false,0,0,0,NA,-1,-1,-1,-1,-1,-2,-2
2,"Environment: 2, FiringMode: 2",5.644638,false,0,0,0,NA,false,0,0,0,NA,-1,-1,-1,-1,-1,-2,-2,false,0,0,0,NA,-1,-1,-1,-1,-1,-2,-2
2,"Environment: 2, FiringMode: 2",5.646173,false,0,0,0,NA,false,0,0,0,NA,-1,-1,-1,-1,-1,-2,-2,false,0,0,0,NA,-1,-1,-1,-1,-1,-2,-2
2,"Environment: 2, FiringMode: 2",5.647464,false,0,0,0,NA,false,0,0,0,NA,-1,-1,-1,-1,-1,-2,-2,false,0,0,0,NA,-1,-1,-1,-1,-1,-2,-2
2,"Environment: 2, FiringMode: 2",5.648808,false,0,0,0,NA,false,0,0,0,NA,-1,-1,-1,-1,-1,-2,-2,false,0,0,0,NA,-1,-1,-1,-1,-1,-2,-2
2,"Environment: 2, FiringMode: 2",5.650136,false,0,0,0,NA,false,0,0,0,NA,-1,-1,-1,-1,-1,-2,-2,false,0,0,0,NA,-1,-1,-1,-1,-1,-2,-2
2,"Environment: 2, FiringMode: 2",5.651451,false,0,0,0,NA,false,0,0,0,NA,-1,-1,-1,-1,-1,-2,-2,false,0,0,0,NA,-1,-1,-1,-1,-1,-2,-2
2,"Environment: 2, FiringMode: 2",5.652746,false,0,0,0,NA,false,0,0,0,NA,-1,-1,-1,-1,-1,-2,-2,false,0,0,0,NA,-1,-1,-1,-1,-1,-2,-2
2,"Environment: 2, FiringMode: 2",5.654048,false,0,0,0,NA,false,0,0,0,NA,-1,-1,-1,-1,-1,-2,-2,false,0,0,0,NA,-1,-1,-1,-1,-1,-2,-2
2,"Environment: 2, FiringMode: 2",5.65541,false,0,0,0,NA,false,0,0,0,NA,-1,-1,-1,-1,-1,-2,-2,false,0,0,0,NA,-1,-1,-1,-1,-1,-2,-2
2,"Environment: 2, FiringMode: 2",5.656817,false,0,0,0,NA,false,0,0,0,NA,-1,-1,-1,-1,-1,-2,-2,false,0,0,0,NA,-1,-1,-1,-1,-1,-2,-2
2,"Environment: 2, FiringMode: 2",5.658165,false,0,0,0,NA,false,0,0,0,NA,-1,-1,-1,-1,-1,-2,-2,false,0,0,0,NA,-1,-1,-1,-1,-1,-2,-2
2,"Environment: 2, FiringMode: 2",5.659667,false,0,0,0,NA,false,0,0,0,NA,-1,-1,-1,-1,-1,-2,-2,false,0,0,0,NA,-1,-1,-1,-1,-1,-2,-2
2,"Environment: 2, FiringMode: 2",5.661072,false,0,0,0,NA,false,0,0,0,NA,-1,-1,-1,-1,-1,-2,-2,false,0,0,0,NA,-1,-1,-1,-1,-1,-2,-2
2,"Environment: 2, FiringMode: 2",5.662461,false,0,0,0,NA,false,0,0,0,NA,-1,-1,-1,-1,-1,-2,-2,false,0,0,0,NA,-1,-1,-1,-1,-1,-2,-2
2,"Environment: 2, FiringMode: 2",5.66376,false,0,0,0,NA,false,0,0,0,NA,-1,-1,-1,-1,-1,-2,-2,false,0,0,0,NA,-1,-1,-1,-1,-1,-2,-2
2,"Environment: 2, FiringMode: 2",5.665069,false,0,0,0,NA,false,0,0,0,NA,-1,-1,-1,-1,-1,-2,-2,false,0,0,0,NA,-1,-1,-1,-1,-1,-2,-2
2,"Environment: 2, FiringMode: 2",5.666499,false,0,0,0,NA,false,0,0,0,NA,-1,-1,-1,-1,-1,-2,-2,false,0,0,0,NA,-1,-1,-1,-1,-1,-2,-2
2,"Environment: 2, FiringMode: 2",5.667839,false,0,0,0,NA,false,0,0,0,NA,-1,-1,-1,-1,-1,-2,-2,false,0,0,0,NA,-1,-1,-1,-1,-1,-2,-2
2,"Environment: 2, FiringMode: 2",5.669357,false,0,0,0,NA,false,0,0,0,NA,-1,-1,-1,-1,-1,-2,-2,false,0,0,0,NA,-1,-1,-1,-1,-1,-2,-2
2,"Environment: 2, FiringMode: 2",5.670717,false,0,0,0,NA,false,0,0,0,NA,-1,-1,-1,-1,-1,-2,-2,false,0,0,0,NA,-1,-1,-1,-1,-1,-2,-2
2,"Environment: 2, FiringMode: 2",5.672117,false,0,0,0,NA,false,0,0,0,NA,-1,-1,-1,-1,-1,-2,-2,false,0,0,0,NA,-1,-1,-1,-1,-1,-2,-2
2,"Environment: 2, FiringMode: 2",5.673751,false,0,0,0,NA,false,0,0,0,NA,-1,-1,-1,-1,-1,-2,-2,false,0,0,0,NA,-1,-1,-1,-1,-1,-2,-2
2,"Environment: 2, FiringMode: 2",5.675187,false,0,0,0,NA,false,0,0,0,NA,-1,-1,-1,-1,-1,-2,-2,false,0,0,0,NA,-1,-1,-1,-1,-1,-2,-2
2,"Environment: 2, FiringMode: 2",5.677179,false,0,0,0,NA,false,0,0,0,NA,-1,-1,-1,-1,-1,-2,-2,false,0,0,0,NA,-1,-1,-1,-1,-1,-2,-2
2,"Environment: 2, FiringMode: 2",5.678576,false,0,0,0,NA,false,0,0,0,NA,-1,-1,-1,-1,-1,-2,-2,false,0,0,0,NA,-1,-1,-1,-1,-1,-2,-2
2,"Environment: 2, FiringMode: 2",5.680235,false,0,0,0,NA,false,0,0,0,NA,-1,-1,-1,-1,-1,-2,-2,false,0,0,0,NA,-1,-1,-1,-1,-1,-2,-2
2,"Environment: 2, FiringMode: 2",5.681747,false,0,0,0,NA,false,0,0,0,NA,-1,-1,-1,-1,-1,-2,-2,false,0,0,0,NA,-1,-1,-1,-1,-1,-2,-2
2,"Environment: 2, FiringMode: 2",5.683125,false,0,0,0,NA,false,0,0,0,NA,-1,-1,-1,-1,-1,-2,-2,false,0,0,0,NA,-1,-1,-1,-1,-1,-2,-2
2,"Environment: 2, FiringMode: 2",5.684497,false,0,0,0,NA,false,0,0,0,NA,-1,-1,-1,-1,-1,-2,-2,false,0,0,0,NA,-1,-1,-1,-1,-1,-2,-2
2,"Environment: 2, FiringMode: 2",5.686041,false,0,0,0,NA,false,0,0,0,NA,-1,-1,-1,-1,-1,-2,-2,false,0,0,0,NA,-1,-1,-1,-1,-1,-2,-2
2,"Environment: 2, FiringMode: 2",5.687539,false,0,0,0,NA,false,0,0,0,NA,-1,-1,-1,-1,-1,-2,-2,false,0,0,0,NA,-1,-1,-1,-1,-1,-2,-2
2,"Environment: 2, FiringMode: 2",5.688935,false,0,0,0,NA,false,0,0,0,NA,-1,-1,-1,-1,-1,-2,-2,false,0,0,0,NA,-1,-1,-1,-1,-1,-2,-2
2,"Environment: 2, FiringMode: 2",5.69029,false,0,0,0,NA,false,0,0,0,NA,-1,-1,-1,-1,-1,-2,-2,false,0,0,0,NA,-1,-1,-1,-1,-1,-2,-2
2,"Environment: 2, FiringMode: 2",5.691682,false,0,0,0,NA,false,0,0,0,NA,-1,-1,-1,-1,-1,-2,-2,false,0,0,0,NA,-1,-1,-1,-1,-1,-2,-2
2,"Environment: 2, FiringMode: 2",5.692977,false,0,0,0,NA,false,0,0,0,NA,-1,-1,-1,-1,-1,-2,-2,false,0,0,0,NA,-1,-1,-1,-1,-1,-2,-2
2,"Environment: 2, FiringMode: 2",5.694713,false,0,0,0,NA,false,0,0,0,NA,-1,-1,-1,-1,-1,-2,-2,false,0,0,0,NA,-1,-1,-1,-1,-1,-2,-2
2,"Environment: 2, FiringMode: 2",5.696268,false,0,0,0,NA,false,0,0,0,NA,-1,-1,-1,-1,-1,-2,-2,false,0,0,0,NA,-1,-1,-1,-1,-1,-2,-2
2,"Environment: 2, FiringMode: 2",5.697689,false,0,0,0,NA,false,0,0,0,NA,-1,-1,-1,-1,-1,-2,-2,false,0,0,0,NA,-1,-1,-1,-1,-1,-2,-2
2,"Environment: 2, FiringMode: 2",5.699325,false,0,0,0,NA,false,0,0,0,NA,-1,-1,-1,-1,-1,-2,-2,false,0,0,0,NA,-1,-1,-1,-1,-1,-2,-2
2,"Environment: 2, FiringMode: 2",5.700657,false,0,0,0,NA,false,0,0,0,NA,-1,-1,-1,-1,-1,-2,-2,false,0,0,0,NA,-1,-1,-1,-1,-1,-2,-2
2,"Environment: 2, FiringMode: 2",5.70207,false,0,0,0,NA,false,0,0,0,NA,-1,-1,-1,-1,-1,-2,-2,false,0,0,0,NA,-1,-1,-1,-1,-1,-2,-2
2,"Environment: 2, FiringMode: 2",5.703454,false,0,0,0,NA,false,0,0,0,NA,-1,-1,-1,-1,-1,-2,-2,false,0,0,0,NA,-1,-1,-1,-1,-1,-2,-2
2,"Environment: 2, FiringMode: 2",5.704756,false,0,0,0,NA,false,0,0,0,NA,-1,-1,-1,-1,-1,-2,-2,false,0,0,0,NA,-1,-1,-1,-1,-1,-2,-2
2,"Environment: 2, FiringMode: 2",5.706225,false,0,0,0,NA,false,0,0,0,NA,-1,-1,-1,-1,-1,-2,-2,false,0,0,0,NA,-1,-1,-1,-1,-1,-2,-2
2,"Environment: 2, FiringMode: 2",5.707661,false,0,0,0,NA,false,0,0,0,NA,-1,-1,-1,-1,-1,-2,-2,false,0,0,0,NA,-1,-1,-1,-1,-1,-2,-2
2,"Environment: 2, FiringMode: 2",5.709056,false,0,0,0,NA,false,0,0,0,NA,-1,-1,-1,-1,-1,-2,-2,false,0,0,0,NA,-1,-1,-1,-1,-1,-2,-2
2,"Environment: 2, FiringMode: 2",5.710458,false,0,0,0,NA,false,0,0,0,NA,-1,-1,-1,-1,-1,-2,-2,false,0,0,0,NA,-1,-1,-1,-1,-1,-2,-2
2,"Environment: 2, FiringMode: 2",5.711807,false,0,0,0,NA,false,0,0,0,NA,-1,-1,-1,-1,-1,-2,-2,false,0,0,0,NA,-1,-1,-1,-1,-1,-2,-2
2,"Environment: 2, FiringMode: 2",5.713369,false,0,0,0,NA,false,0,0,0,NA,-1,-1,-1,-1,-1,-2,-2,false,0,0,0,NA,-1,-1,-1,-1,-1,-2,-2
2,"Environment: 2, FiringMode: 2",5.714791,false,0,0,0,NA,false,0,0,0,NA,-1,-1,-1,-1,-1,-2,-2,false,0,0,0,NA,-1,-1,-1,-1,-1,-2,-2
2,"Environment: 2, FiringMode: 2",5.71633,false,0,0,0,NA,false,0,0,0,NA,-1,-1,-1,-1,-1,-2,-2,false,0,0,0,NA,-1,-1,-1,-1,-1,-2,-2
2,"Environment: 2, FiringMode: 2",5.717758,false,0,0,0,NA,false,0,0,0,NA,-1,-1,-1,-1,-1,-2,-2,false,0,0,0,NA,-1,-1,-1,-1,-1,-2,-2
2,"Environment: 2, FiringMode: 2",5.719187,false,0,0,0,NA,false,0,0,0,NA,-1,-1,-1,-1,-1,-2,-2,false,0,0,0,NA,-1,-1,-1,-1,-1,-2,-2
2,"Environment: 2, FiringMode: 2",5.720554,false,0,0,0,NA,false,0,0,0,NA,-1,-1,-1,-1,-1,-2,-2,false,0,0,0,NA,-1,-1,-1,-1,-1,-2,-2
2,"Environment: 2, FiringMode: 2",5.721943,false,0,0,0,NA,false,0,0,0,NA,-1,-1,-1,-1,-1,-2,-2,false,0,0,0,NA,-1,-1,-1,-1,-1,-2,-2
2,"Environment: 2, FiringMode: 2",5.723278,false,0,0,0,NA,false,0,0,0,NA,-1,-1,-1,-1,-1,-2,-2,false,0,0,0,NA,-1,-1,-1,-1,-1,-2,-2
2,"Environment: 2, FiringMode: 2",5.724788,false,0,0,0,NA,false,0,0,0,NA,-1,-1,-1,-1,-1,-2,-2,false,0,0,0,NA,-1,-1,-1,-1,-1,-2,-2
2,"Environment: 2, FiringMode: 2",5.726264,false,0,0,0,NA,false,0,0,0,NA,-1,-1,-1,-1,-1,-2,-2,false,0,0,0,NA,-1,-1,-1,-1,-1,-2,-2
2,"Environment: 2, FiringMode: 2",5.728027,false,0,0,0,NA,false,0,0,0,NA,-1,-1,-1,-1,-1,-2,-2,false,0,0,0,NA,-1,-1,-1,-1,-1,-2,-2
2,"Environment: 2, FiringMode: 2",5.729425,false,0,0,0,NA,false,0,0,0,NA,-1,-1,-1,-1,-1,-2,-2,false,0,0,0,NA,-1,-1,-1,-1,-1,-2,-2
2,"Environment: 2, FiringMode: 2",5.730932,false,0,0,0,NA,false,0,0,0,NA,-1,-1,-1,-1,-1,-2,-2,false,0,0,0,NA,-1,-1,-1,-1,-1,-2,-2
2,"Environment: 2, FiringMode: 2",5.732314,false,0,0,0,NA,false,0,0,0,NA,-1,-1,-1,-1,-1,-2,-2,false,0,0,0,NA,-1,-1,-1,-1,-1,-2,-2
2,"Environment: 2, FiringMode: 2",5.733764,false,0,0,0,NA,false,0,0,0,NA,-1,-1,-1,-1,-1,-2,-2,false,0,0,0,NA,-1,-1,-1,-1,-1,-2,-2
2,"Environment: 2, FiringMode: 2",5.735209,false,0,0,0,NA,false,0,0,0,NA,-1,-1,-1,-1,-1,-2,-2,false,0,0,0,NA,-1,-1,-1,-1,-1,-2,-2
2,"Environment: 2, FiringMode: 2",5.736552,false,0,0,0,NA,false,0,0,0,NA,-1,-1,-1,-1,-1,-2,-2,false,0,0,0,NA,-1,-1,-1,-1,-1,-2,-2
2,"Environment: 2, FiringMode: 2",5.738029,false,0,0,0,NA,false,0,0,0,NA,-1,-1,-1,-1,-1,-2,-2,false,0,0,0,NA,-1,-1,-1,-1,-1,-2,-2
2,"Environment: 2, FiringMode: 2",5.739527,false,0,0,0,NA,false,0,0,0,NA,-1,-1,-1,-1,-1,-2,-2,false,0,0,0,NA,-1,-1,-1,-1,-1,-2,-2
2,"Environment: 2, FiringMode: 2",5.740944,false,0,0,0,NA,false,0,0,0,NA,-1,-1,-1,-1,-1,-2,-2,false,0,0,0,NA,-1,-1,-1,-1,-1,-2,-2
2,"Environment: 2, FiringMode: 2",5.742382,false,0,0,0,NA,false,0,0,0,NA,-1,-1,-1,-1,-1,-2,-2,false,0,0,0,NA,-1,-1,-1,-1,-1,-2,-2
2,"Environment: 2, FiringMode: 2",5.743958,false,0,0,0,NA,false,0,0,0,NA,-1,-1,-1,-1,-1,-2,-2,false,0,0,0,NA,-1,-1,-1,-1,-1,-2,-2
2,"Environment: 2, FiringMode: 2",5.74547,false,0,0,0,NA,false,0,0,0,NA,-1,-1,-1,-1,-1,-2,-2,false,0,0,0,NA,-1,-1,-1,-1,-1,-2,-2
2,"Environment: 2, FiringMode: 2",5.746859,false,0,0,0,NA,false,0,0,0,NA,-1,-1,-1,-1,-1,-2,-2,false,0,0,0,NA,-1,-1,-1,-1,-1,-2,-2
2,"Environment: 2, FiringMode: 2",5.748292,false,0,0,0,NA,false,0,0,0,NA,-1,-1,-1,-1,-1,-2,-2,false,0,0,0,NA,-1,-1,-1,-1,-1,-2,-2
2,"Environment: 2, FiringMode: 2",5.749623,false,0,0,0,NA,false,0,0,0,NA,-1,-1,-1,-1,-1,-2,-2,false,0,0,0,NA,-1,-1,-1,-1,-1,-2,-2
2,"Environment: 2, FiringMode: 2",5.750947,false,0,0,0,NA,false,0,0,0,NA,-1,-1,-1,-1,-1,-2,-2,false,0,0,0,NA,-1,-1,-1,-1,-1,-2,-2
2,"Environment: 2, FiringMode: 2",5.752242,false,0,0,0,NA,false,0,0,0,NA,-1,-1,-1,-1,-1,-2,-2,false,0,0,0,NA,-1,-1,-1,-1,-1,-2,-2
2,"Environment: 2, FiringMode: 2",5.753585,false,0,0,0,NA,false,0,0,0,NA,-1,-1,-1,-1,-1,-2,-2,false,0,0,0,NA,-1,-1,-1,-1,-1,-2,-2
2,"Environment: 2, FiringMode: 2",5.754973,false,0,0,0,NA,false,0,0,0,NA,-1,-1,-1,-1,-1,-2,-2,false,0,0,0,NA,-1,-1,-1,-1,-1,-2,-2
2,"Environment: 2, FiringMode: 2",5.756355,false,0,0,0,NA,false,0,0,0,NA,-1,-1,-1,-1,-1,-2,-2,false,0,0,0,NA,-1,-1,-1,-1,-1,-2,-2
2,"Environment: 2, FiringMode: 2",5.757838,false,0,0,0,NA,false,0,0,0,NA,-1,-1,-1,-1,-1,-2,-2,false,0,0,0,NA,-1,-1,-1,-1,-1,-2,-2
2,"Environment: 2, FiringMode: 2",5.759208,false,0,0,0,NA,false,0,0,0,NA,-1,-1,-1,-1,-1,-2,-2,false,0,0,0,NA,-1,-1,-1,-1,-1,-2,-2
2,"Environment: 2, FiringMode: 2",5.760712,false,0,0,0,NA,false,0,0,0,NA,-1,-1,-1,-1,-1,-2,-2,false,0,0,0,NA,-1,-1,-1,-1,-1,-2,-2
2,"Environment: 2, FiringMode: 2",5.762135,false,0,0,0,NA,false,0,0,0,NA,-1,-1,-1,-1,-1,-2,-2,false,0,0,0,NA,-1,-1,-1,-1,-1,-2,-2
2,"Environment: 2, FiringMode: 2",5.763529,false,0,0,0,NA,false,0,0,0,NA,-1,-1,-1,-1,-1,-2,-2,false,0,0,0,NA,-1,-1,-1,-1,-1,-2,-2
2,"Environment: 2, FiringMode: 2",5.76489,false,0,0,0,NA,false,0,0,0,NA,-1,-1,-1,-1,-1,-2,-2,false,0,0,0,NA,-1,-1,-1,-1,-1,-2,-2
2,"Environment: 2, FiringMode: 2",5.766414,false,0,0,0,NA,false,0,0,0,NA,-1,-1,-1,-1,-1,-2,-2,false,0,0,0,NA,-1,-1,-1,-1,-1,-2,-2
2,"Environment: 2, FiringMode: 2",5.767838,false,0,0,0,NA,false,0,0,0,NA,-1,-1,-1,-1,-1,-2,-2,false,0,0,0,NA,-1,-1,-1,-1,-1,-2,-2
2,"Environment: 2, FiringMode: 2",5.769316,false,0,0,0,NA,false,0,0,0,NA,-1,-1,-1,-1,-1,-2,-2,false,0,0,0,NA,-1,-1,-1,-1,-1,-2,-2
2,"Environment: 2, FiringMode: 2",5.770712,false,0,0,0,NA,false,0,0,0,NA,-1,-1,-1,-1,-1,-2,-2,false,0,0,0,NA,-1,-1,-1,-1,-1,-2,-2
2,"Environment: 2, FiringMode: 2",5.772082,false,0,0,0,NA,false,0,0,0,NA,-1,-1,-1,-1,-1,-2,-2,false,0,0,0,NA,-1,-1,-1,-1,-1,-2,-2
2,"Environment: 2, FiringMode: 2",5.773403,false,0,0,0,NA,false,0,0,0,NA,-1,-1,-1,-1,-1,-2,-2,false,0,0,0,NA,-1,-1,-1,-1,-1,-2,-2
2,"Environment: 2, FiringMode: 2",5.774733,false,0,0,0,NA,false,0,0,0,NA,-1,-1,-1,-1,-1,-2,-2,false,0,0,0,NA,-1,-1,-1,-1,-1,-2,-2
2,"Environment: 2, FiringMode: 2",5.776089,false,0,0,0,NA,false,0,0,0,NA,-1,-1,-1,-1,-1,-2,-2,false,0,0,0,NA,-1,-1,-1,-1,-1,-2,-2
2,"Environment: 2, FiringMode: 2",5.777421,false,0,0,0,NA,false,0,0,0,NA,-1,-1,-1,-1,-1,-2,-2,false,0,0,0,NA,-1,-1,-1,-1,-1,-2,-2
2,"Environment: 2, FiringMode: 2",5.778764,false,0,0,0,NA,false,0,0,0,NA,-1,-1,-1,-1,-1,-2,-2,false,0,0,0,NA,-1,-1,-1,-1,-1,-2,-2
2,"Environment: 2, FiringMode: 2",5.780182,false,0,0,0,NA,false,0,0,0,NA,-1,-1,-1,-1,-1,-2,-2,false,0,0,0,NA,-1,-1,-1,-1,-1,-2,-2
2,"Environment: 2, FiringMode: 2",5.781446,false,0,0,0,NA,false,0,0,0,NA,-1,-1,-1,-1,-1,-2,-2,false,0,0,0,NA,-1,-1,-1,-1,-1,-2,-2
2,"Environment: 2, FiringMode: 2",5.782805,false,0,0,0,NA,false,0,0,0,NA,-1,-1,-1,-1,-1,-2,-2,false,0,0,0,NA,-1,-1,-1,-1,-1,-2,-2
2,"Environment: 2, FiringMode: 2",5.784117,false,0,0,0,NA,false,0,0,0,NA,-1,-1,-1,-1,-1,-2,-2,false,0,0,0,NA,-1,-1,-1,-1,-1,-2,-2
2,"Environment: 2, FiringMode: 2",5.785387,false,0,0,0,NA,false,0,0,0,NA,-1,-1,-1,-1,-1,-2,-2,false,0,0,0,NA,-1,-1,-1,-1,-1,-2,-2
2,"Environment: 2, FiringMode: 2",5.786674,false,0,0,0,NA,false,0,0,0,NA,-1,-1,-1,-1,-1,-2,-2,false,0,0,0,NA,-1,-1,-1,-1,-1,-2,-2
2,"Environment: 2, FiringMode: 2",5.787989,false,0,0,0,NA,false,0,0,0,NA,-1,-1,-1,-1,-1,-2,-2,false,0,0,0,NA,-1,-1,-1,-1,-1,-2,-2
2,"Environment: 2, FiringMode: 2",5.789307,false,0,0,0,NA,false,0,0,0,NA,-1,-1,-1,-1,-1,-2,-2,false,0,0,0,NA,-1,-1,-1,-1,-1,-2,-2
2,"Environment: 2, FiringMode: 2",5.790639,false,0,0,0,NA,false,0,0,0,NA,-1,-1,-1,-1,-1,-2,-2,false,0,0,0,NA,-1,-1,-1,-1,-1,-2,-2
2,"Environment: 2, FiringMode: 2",5.79194,false,0,0,0,NA,false,0,0,0,NA,-1,-1,-1,-1,-1,-2,-2,false,0,0,0,NA,-1,-1,-1,-1,-1,-2,-2
2,"Environment: 2, FiringMode: 2",5.793303,false,0,0,0,NA,false,0,0,0,NA,-1,-1,-1,-1,-1,-2,-2,false,0,0,0,NA,-1,-1,-1,-1,-1,-2,-2
2,"Environment: 2, FiringMode: 2",5.794802,false,0,0,0,NA,false,0,0,0,NA,-1,-1,-1,-1,-1,-2,-2,false,0,0,0,NA,-1,-1,-1,-1,-1,-2,-2
2,"Environment: 2, FiringMode: 2",5.79609,false,0,0,0,NA,false,0,0,0,NA,-1,-1,-1,-1,-1,-2,-2,false,0,0,0,NA,-1,-1,-1,-1,-1,-2,-2
2,"Environment: 2, FiringMode: 2",5.797413,false,0,0,0,NA,false,0,0,0,NA,-1,-1,-1,-1,-1,-2,-2,false,0,0,0,NA,-1,-1,-1,-1,-1,-2,-2
2,"Environment: 2, FiringMode: 2",5.798726,false,0,0,0,NA,false,0,0,0,NA,-1,-1,-1,-1,-1,-2,-2,false,0,0,0,NA,-1,-1,-1,-1,-1,-2,-2
2,"Environment: 2, FiringMode: 2",5.800197,false,0,0,0,NA,false,0,0,0,NA,-1,-1,-1,-1,-1,-2,-2,false,0,0,0,NA,-1,-1,-1,-1,-1,-2,-2
2,"Environment: 2, FiringMode: 2",5.801622,false,0,0,0,NA,false,0,0,0,NA,-1,-1,-1,-1,-1,-2,-2,false,0,0,0,NA,-1,-1,-1,-1,-1,-2,-2
2,"Environment: 2, FiringMode: 2",5.803067,false,0,0,0,NA,false,0,0,0,NA,-1,-1,-1,-1,-1,-2,-2,false,0,0,0,NA,-1,-1,-1,-1,-1,-2,-2
2,"Environment: 2, FiringMode: 2",5.804455,false,0,0,0,NA,false,0,0,0,NA,-1,-1,-1,-1,-1,-2,-2,false,0,0,0,NA,-1,-1,-1,-1,-1,-2,-2
2,"Environment: 2, FiringMode: 2",5.805792,false,0,0,0,NA,false,0,0,0,NA,-1,-1,-1,-1,-1,-2,-2,false,0,0,0,NA,-1,-1,-1,-1,-1,-2,-2
2,"Environment: 2, FiringMode: 2",5.80713,false,0,0,0,NA,false,0,0,0,NA,-1,-1,-1,-1,-1,-2,-2,false,0,0,0,NA,-1,-1,-1,-1,-1,-2,-2
2,"Environment: 2, FiringMode: 2",5.808444,false,0,0,0,NA,false,0,0,0,NA,-1,-1,-1,-1,-1,-2,-2,false,0,0,0,NA,-1,-1,-1,-1,-1,-2,-2
2,"Environment: 2, FiringMode: 2",5.809759,false,0,0,0,NA,false,0,0,0,NA,-1,-1,-1,-1,-1,-2,-2,false,0,0,0,NA,-1,-1,-1,-1,-1,-2,-2
2,"Environment: 2, FiringMode: 2",5.811135,false,0,0,0,NA,false,0,0,0,NA,-1,-1,-1,-1,-1,-2,-2,false,0,0,0,NA,-1,-1,-1,-1,-1,-2,-2
2,"Environment: 2, FiringMode: 2",5.812415,false,0,0,0,NA,false,0,0,0,NA,-1,-1,-1,-1,-1,-2,-2,false,0,0,0,NA,-1,-1,-1,-1,-1,-2,-2
2,"Environment: 2, FiringMode: 2",5.813742,false,0,0,0,NA,false,0,0,0,NA,-1,-1,-1,-1,-1,-2,-2,false,0,0,0,NA,-1,-1,-1,-1,-1,-2,-2
2,"Environment: 2, FiringMode: 2",5.815082,false,0,0,0,NA,false,0,0,0,NA,-1,-1,-1,-1,-1,-2,-2,false,0,0,0,NA,-1,-1,-1,-1,-1,-2,-2
2,"Environment: 2, FiringMode: 2",5.816369,false,0,0,0,NA,false,0,0,0,NA,-1,-1,-1,-1,-1,-2,-2,false,0,0,0,NA,-1,-1,-1,-1,-1,-2,-2
2,"Environment: 2, FiringMode: 2",5.818169,false,0,0,0,NA,false,0,0,0,NA,-1,-1,-1,-1,-1,-2,-2,false,0,0,0,NA,-1,-1,-1,-1,-1,-2,-2
2,"Environment: 2, FiringMode: 2",5.819737,false,0,0,0,NA,false,0,0,0,NA,-1,-1,-1,-1,-1,-2,-2,false,0,0,0,NA,-1,-1,-1,-1,-1,-2,-2
2,"Environment: 2, FiringMode: 2",5.821079,false,0,0,0,NA,false,0,0,0,NA,-1,-1,-1,-1,-1,-2,-2,false,0,0,0,NA,-1,-1,-1,-1,-1,-2,-2
2,"Environment: 2, FiringMode: 2",5.822615,false,0,0,0,NA,false,0,0,0,NA,-1,-1,-1,-1,-1,-2,-2,false,0,0,0,NA,-1,-1,-1,-1,-1,-2,-2
2,"Environment: 2, FiringMode: 2",5.824026,false,0,0,0,NA,false,0,0,0,NA,-1,-1,-1,-1,-1,-2,-2,false,0,0,0,NA,-1,-1,-1,-1,-1,-2,-2
2,"Environment: 2, FiringMode: 2",5.825469,false,0,0,0,NA,false,0,0,0,NA,-1,-1,-1,-1,-1,-2,-2,false,0,0,0,NA,-1,-1,-1,-1,-1,-2,-2
2,"Environment: 2, FiringMode: 2",5.826878,false,0,0,0,NA,false,0,0,0,NA,-1,-1,-1,-1,-1,-2,-2,false,0,0,0,NA,-1,-1,-1,-1,-1,-2,-2
2,"Environment: 2, FiringMode: 2",5.828381,false,0,0,0,NA,false,0,0,0,NA,-1,-1,-1,-1,-1,-2,-2,false,0,0,0,NA,-1,-1,-1,-1,-1,-2,-2
2,"Environment: 2, FiringMode: 2",5.829782,false,0,0,0,NA,false,0,0,0,NA,-1,-1,-1,-1,-1,-2,-2,false,0,0,0,NA,-1,-1,-1,-1,-1,-2,-2
2,"Environment: 2, FiringMode: 2",5.831258,false,0,0,0,NA,false,0,0,0,NA,-1,-1,-1,-1,-1,-2,-2,false,0,0,0,NA,-1,-1,-1,-1,-1,-2,-2
2,"Environment: 2, FiringMode: 2",5.832785,false,0,0,0,NA,false,0,0,0,NA,-1,-1,-1,-1,-1,-2,-2,false,0,0,0,NA,-1,-1,-1,-1,-1,-2,-2
2,"Environment: 2, FiringMode: 2",5.834164,false,0,0,0,NA,false,0,0,0,NA,-1,-1,-1,-1,-1,-2,-2,false,0,0,0,NA,-1,-1,-1,-1,-1,-2,-2
2,"Environment: 2, FiringMode: 2",5.835665,false,0,0,0,NA,false,0,0,0,NA,-1,-1,-1,-1,-1,-2,-2,false,0,0,0,NA,-1,-1,-1,-1,-1,-2,-2
2,"Environment: 2, FiringMode: 2",5.837237,false,0,0,0,NA,false,0,0,0,NA,-1,-1,-1,-1,-1,-2,-2,false,0,0,0,NA,-1,-1,-1,-1,-1,-2,-2
2,"Environment: 2, FiringMode: 2",5.838713,false,0,0,0,NA,false,0,0,0,NA,-1,-1,-1,-1,-1,-2,-2,false,0,0,0,NA,-1,-1,-1,-1,-1,-2,-2
2,"Environment: 2, FiringMode: 2",5.840268,false,0,0,0,NA,false,0,0,0,NA,-1,-1,-1,-1,-1,-2,-2,false,0,0,0,NA,-1,-1,-1,-1,-1,-2,-2
2,"Environment: 2, FiringMode: 2",5.841681,false,0,0,0,NA,false,0,0,0,NA,-1,-1,-1,-1,-1,-2,-2,false,0,0,0,NA,-1,-1,-1,-1,-1,-2,-2
2,"Environment: 2, FiringMode: 2",5.843112,false,0,0,0,NA,false,0,0,0,NA,-1,-1,-1,-1,-1,-2,-2,false,0,0,0,NA,-1,-1,-1,-1,-1,-2,-2
2,"Environment: 2, FiringMode: 2",5.845041,false,0,0,0,NA,false,0,0,0,NA,-1,-1,-1,-1,-1,-2,-2,false,0,0,0,NA,-1,-1,-1,-1,-1,-2,-2
2,"Environment: 2, FiringMode: 2",5.846561,false,0,0,0,NA,false,0,0,0,NA,-1,-1,-1,-1,-1,-2,-2,false,0,0,0,NA,-1,-1,-1,-1,-1,-2,-2
2,"Environment: 2, FiringMode: 2",5.848052,false,0,0,0,NA,false,0,0,0,NA,-1,-1,-1,-1,-1,-2,-2,false,0,0,0,NA,-1,-1,-1,-1,-1,-2,-2
2,"Environment: 2, FiringMode: 2",5.849579,false,0,0,0,NA,false,0,0,0,NA,-1,-1,-1,-1,-1,-2,-2,false,0,0,0,NA,-1,-1,-1,-1,-1,-2,-2
2,"Environment: 2, FiringMode: 2",5.85109,false,0,0,0,NA,false,0,0,0,NA,-1,-1,-1,-1,-1,-2,-2,false,0,0,0,NA,-1,-1,-1,-1,-1,-2,-2
2,"Environment: 2, FiringMode: 2",5.852504,false,0,0,0,NA,false,0,0,0,NA,-1,-1,-1,-1,-1,-2,-2,false,0,0,0,NA,-1,-1,-1,-1,-1,-2,-2
2,"Environment: 2, FiringMode: 2",5.853938,false,0,0,0,NA,false,0,0,0,NA,-1,-1,-1,-1,-1,-2,-2,false,0,0,0,NA,-1,-1,-1,-1,-1,-2,-2
2,"Environment: 2, FiringMode: 2",5.855402,false,0,0,0,NA,false,0,0,0,NA,-1,-1,-1,-1,-1,-2,-2,false,0,0,0,NA,-1,-1,-1,-1,-1,-2,-2
2,"Environment: 2, FiringMode: 2",5.856786,false,0,0,0,NA,false,0,0,0,NA,-1,-1,-1,-1,-1,-2,-2,false,0,0,0,NA,-1,-1,-1,-1,-1,-2,-2
2,"Environment: 2, FiringMode: 2",5.858237,false,0,0,0,NA,false,0,0,0,NA,-1,-1,-1,-1,-1,-2,-2,false,0,0,0,NA,-1,-1,-1,-1,-1,-2,-2
2,"Environment: 2, FiringMode: 2",5.859782,false,0,0,0,NA,false,0,0,0,NA,-1,-1,-1,-1,-1,-2,-2,false,0,0,0,NA,-1,-1,-1,-1,-1,-2,-2
2,"Environment: 2, FiringMode: 2",5.862147,false,0,0,0,NA,false,0,0,0,NA,-1,-1,-1,-1,-1,-2,-2,false,0,0,0,NA,-1,-1,-1,-1,-1,-2,-2
2,"Environment: 2, FiringMode: 2",5.863667,false,0,0,0,NA,false,0,0,0,NA,-1,-1,-1,-1,-1,-2,-2,false,0,0,0,NA,-1,-1,-1,-1,-1,-2,-2
2,"Environment: 2, FiringMode: 2",5.865452,false,0,0,0,NA,false,0,0,0,NA,-1,-1,-1,-1,-1,-2,-2,false,0,0,0,NA,-1,-1,-1,-1,-1,-2,-2
2,"Environment: 2, FiringMode: 2",5.867036,false,0,0,0,NA,false,0,0,0,NA,-1,-1,-1,-1,-1,-2,-2,false,0,0,0,NA,-1,-1,-1,-1,-1,-2,-2
2,"Environment: 2, FiringMode: 2",5.868438,false,0,0,0,NA,false,0,0,0,NA,-1,-1,-1,-1,-1,-2,-2,false,0,0,0,NA,-1,-1,-1,-1,-1,-2,-2
2,"Environment: 2, FiringMode: 2",5.870033,false,0,0,0,NA,false,0,0,0,NA,-1,-1,-1,-1,-1,-2,-2,false,0,0,0,NA,-1,-1,-1,-1,-1,-2,-2
2,"Environment: 2, FiringMode: 2",5.871442,false,0,0,0,NA,false,0,0,0,NA,-1,-1,-1,-1,-1,-2,-2,false,0,0,0,NA,-1,-1,-1,-1,-1,-2,-2
2,"Environment: 2, FiringMode: 2",5.873178,false,0,0,0,NA,false,0,0,0,NA,-1,-1,-1,-1,-1,-2,-2,false,0,0,0,NA,-1,-1,-1,-1,-1,-2,-2
2,"Environment: 2, FiringMode: 2",5.87483,false,0,0,0,NA,false,0,0,0,NA,-1,-1,-1,-1,-1,-2,-2,false,0,0,0,NA,-1,-1,-1,-1,-1,-2,-2
2,"Environment: 2, FiringMode: 2",5.876318,false,0,0,0,NA,false,0,0,0,NA,-1,-1,-1,-1,-1,-2,-2,false,0,0,0,NA,-1,-1,-1,-1,-1,-2,-2
2,"Environment: 2, FiringMode: 2",5.877798,false,0,0,0,NA,false,0,0,0,NA,-1,-1,-1,-1,-1,-2,-2,false,0,0,0,NA,-1,-1,-1,-1,-1,-2,-2
2,"Environment: 2, FiringMode: 2",5.879498,false,0,0,0,NA,false,0,0,0,NA,-1,-1,-1,-1,-1,-2,-2,false,0,0,0,NA,-1,-1,-1,-1,-1,-2,-2
2,"Environment: 2, FiringMode: 2",5.880974,false,0,0,0,NA,false,0,0,0,NA,-1,-1,-1,-1,-1,-2,-2,false,0,0,0,NA,-1,-1,-1,-1,-1,-2,-2
2,"Environment: 2, FiringMode: 2",5.882341,false,0,0,0,NA,false,0,0,0,NA,-1,-1,-1,-1,-1,-2,-2,false,0,0,0,NA,-1,-1,-1,-1,-1,-2,-2
2,"Environment: 2, FiringMode: 2",5.883708,false,0,0,0,NA,false,0,0,0,NA,-1,-1,-1,-1,-1,-2,-2,false,0,0,0,NA,-1,-1,-1,-1,-1,-2,-2
2,"Environment: 2, FiringMode: 2",5.885116,false,0,0,0,NA,false,0,0,0,NA,-1,-1,-1,-1,-1,-2,-2,false,0,0,0,NA,-1,-1,-1,-1,-1,-2,-2
2,"Environment: 2, FiringMode: 2",5.886672,false,0,0,0,NA,false,0,0,0,NA,-1,-1,-1,-1,-1,-2,-2,false,0,0,0,NA,-1,-1,-1,-1,-1,-2,-2
2,"Environment: 2, FiringMode: 2",5.888264,false,0,0,0,NA,false,0,0,0,NA,-1,-1,-1,-1,-1,-2,-2,false,0,0,0,NA,-1,-1,-1,-1,-1,-2,-2
2,"Environment: 2, FiringMode: 2",5.889873,false,0,0,0,NA,false,0,0,0,NA,-1,-1,-1,-1,-1,-2,-2,false,0,0,0,NA,-1,-1,-1,-1,-1,-2,-2
2,"Environment: 2, FiringMode: 2",5.891312,false,0,0,0,NA,false,0,0,0,NA,-1,-1,-1,-1,-1,-2,-2,false,0,0,0,NA,-1,-1,-1,-1,-1,-2,-2
2,"Environment: 2, FiringMode: 2",5.892719,false,0,0,0,NA,false,0,0,0,NA,-1,-1,-1,-1,-1,-2,-2,false,0,0,0,NA,-1,-1,-1,-1,-1,-2,-2
2,"Environment: 2, FiringMode: 2",5.894263,false,0,0,0,NA,false,0,0,0,NA,-1,-1,-1,-1,-1,-2,-2,false,0,0,0,NA,-1,-1,-1,-1,-1,-2,-2
2,"Environment: 2, FiringMode: 2",5.896108,false,0,0,0,NA,false,0,0,0,NA,-1,-1,-1,-1,-1,-2,-2,false,0,0,0,NA,-1,-1,-1,-1,-1,-2,-2
2,"Environment: 2, FiringMode: 2",5.89782,false,0,0,0,NA,false,0,0,0,NA,-1,-1,-1,-1,-1,-2,-2,false,0,0,0,NA,-1,-1,-1,-1,-1,-2,-2
2,"Environment: 2, FiringMode: 2",5.899442,false,0,0,0,NA,false,0,0,0,NA,-1,-1,-1,-1,-1,-2,-2,false,0,0,0,NA,-1,-1,-1,-1,-1,-2,-2
2,"Environment: 2, FiringMode: 2",5.900914,false,0,0,0,NA,false,0,0,0,NA,-1,-1,-1,-1,-1,-2,-2,false,0,0,0,NA,-1,-1,-1,-1,-1,-2,-2
2,"Environment: 2, FiringMode: 2",5.902307,false,0,0,0,NA,false,0,0,0,NA,-1,-1,-1,-1,-1,-2,-2,false,0,0,0,NA,-1,-1,-1,-1,-1,-2,-2
2,"Environment: 2, FiringMode: 2",5.903828,false,0,0,0,NA,false,0,0,0,NA,-1,-1,-1,-1,-1,-2,-2,false,0,0,0,NA,-1,-1,-1,-1,-1,-2,-2
2,"Environment: 2, FiringMode: 2",5.905194,false,0,0,0,NA,false,0,0,0,NA,-1,-1,-1,-1,-1,-2,-2,false,0,0,0,NA,-1,-1,-1,-1,-1,-2,-2
2,"Environment: 2, FiringMode: 2",5.906575,false,0,0,0,NA,false,0,0,0,NA,-1,-1,-1,-1,-1,-2,-2,false,0,0,0,NA,-1,-1,-1,-1,-1,-2,-2
2,"Environment: 2, FiringMode: 2",5.908154,false,0,0,0,NA,false,0,0,0,NA,-1,-1,-1,-1,-1,-2,-2,false,0,0,0,NA,-1,-1,-1,-1,-1,-2,-2
2,"Environment: 2, FiringMode: 2",5.909633,false,0,0,0,NA,false,0,0,0,NA,-1,-1,-1,-1,-1,-2,-2,false,0,0,0,NA,-1,-1,-1,-1,-1,-2,-2
2,"Environment: 2, FiringMode: 2",5.911071,false,0,0,0,NA,false,0,0,0,NA,-1,-1,-1,-1,-1,-2,-2,false,0,0,0,NA,-1,-1,-1,-1,-1,-2,-2
2,"Environment: 2, FiringMode: 2",5.912714,false,0,0,0,NA,false,0,0,0,NA,-1,-1,-1,-1,-1,-2,-2,false,0,0,0,NA,-1,-1,-1,-1,-1,-2,-2
2,"Environment: 2, FiringMode: 2",5.914172,false,0,0,0,NA,false,0,0,0,NA,-1,-1,-1,-1,-1,-2,-2,false,0,0,0,NA,-1,-1,-1,-1,-1,-2,-2
2,"Environment: 2, FiringMode: 2",5.915645,false,0,0,0,NA,false,0,0,0,NA,-1,-1,-1,-1,-1,-2,-2,false,0,0,0,NA,-1,-1,-1,-1,-1,-2,-2
2,"Environment: 2, FiringMode: 2",5.917074,false,0,0,0,NA,false,0,0,0,NA,-1,-1,-1,-1,-1,-2,-2,false,0,0,0,NA,-1,-1,-1,-1,-1,-2,-2
2,"Environment: 2, FiringMode: 2",5.918492,false,0,0,0,NA,false,0,0,0,NA,-1,-1,-1,-1,-1,-2,-2,false,0,0,0,NA,-1,-1,-1,-1,-1,-2,-2
2,"Environment: 2, FiringMode: 2",5.920089,false,0,0,0,NA,false,0,0,0,NA,-1,-1,-1,-1,-1,-2,-2,false,0,0,0,NA,-1,-1,-1,-1,-1,-2,-2
2,"Environment: 2, FiringMode: 2",5.921778,false,0,0,0,NA,false,0,0,0,NA,-1,-1,-1,-1,-1,-2,-2,false,0,0,0,NA,-1,-1,-1,-1,-1,-2,-2
2,"Environment: 2, FiringMode: 2",5.923193,false,0,0,0,NA,false,0,0,0,NA,-1,-1,-1,-1,-1,-2,-2,false,0,0,0,NA,-1,-1,-1,-1,-1,-2,-2
2,"Environment: 2, FiringMode: 2",5.92479,false,0,0,0,NA,false,0,0,0,NA,-1,-1,-1,-1,-1,-2,-2,false,0,0,0,NA,-1,-1,-1,-1,-1,-2,-2
2,"Environment: 2, FiringMode: 2",5.926241,false,0,0,0,NA,false,0,0,0,NA,-1,-1,-1,-1,-1,-2,-2,false,0,0,0,NA,-1,-1,-1,-1,-1,-2,-2
2,"Environment: 2, FiringMode: 2",5.927627,false,0,0,0,NA,false,0,0,0,NA,-1,-1,-1,-1,-1,-2,-2,false,0,0,0,NA,-1,-1,-1,-1,-1,-2,-2
2,"Environment: 2, FiringMode: 2",5.929051,false,0,0,0,NA,false,0,0,0,NA,-1,-1,-1,-1,-1,-2,-2,false,0,0,0,NA,-1,-1,-1,-1,-1,-2,-2
2,"Environment: 2, FiringMode: 2",5.930474,false,0,0,0,NA,false,0,0,0,NA,-1,-1,-1,-1,-1,-2,-2,false,0,0,0,NA,-1,-1,-1,-1,-1,-2,-2
2,"Environment: 2, FiringMode: 2",5.931919,false,0,0,0,NA,false,0,0,0,NA,-1,-1,-1,-1,-1,-2,-2,false,0,0,0,NA,-1,-1,-1,-1,-1,-2,-2
2,"Environment: 2, FiringMode: 2",5.93348,false,0,0,0,NA,false,0,0,0,NA,-1,-1,-1,-1,-1,-2,-2,false,0,0,0,NA,-1,-1,-1,-1,-1,-2,-2
2,"Environment: 2, FiringMode: 2",5.934902,false,0,0,0,NA,false,0,0,0,NA,-1,-1,-1,-1,-1,-2,-2,false,0,0,0,NA,-1,-1,-1,-1,-1,-2,-2
2,"Environment: 2, FiringMode: 2",5.936377,false,0,0,0,NA,false,0,0,0,NA,-1,-1,-1,-1,-1,-2,-2,false,0,0,0,NA,-1,-1,-1,-1,-1,-2,-2
2,"Environment: 2, FiringMode: 2",5.937857,false,0,0,0,NA,false,0,0,0,NA,-1,-1,-1,-1,-1,-2,-2,false,0,0,0,NA,-1,-1,-1,-1,-1,-2,-2
2,"Environment: 2, FiringMode: 2",5.939376,false,0,0,0,NA,false,0,0,0,NA,-1,-1,-1,-1,-1,-2,-2,false,0,0,0,NA,-1,-1,-1,-1,-1,-2,-2
2,"Environment: 2, FiringMode: 2",5.940917,false,0,0,0,NA,false,0,0,0,NA,-1,-1,-1,-1,-1,-2,-2,false,0,0,0,NA,-1,-1,-1,-1,-1,-2,-2
2,"Environment: 2, FiringMode: 2",5.942438,false,0,0,0,NA,false,0,0,0,NA,-1,-1,-1,-1,-1,-2,-2,false,0,0,0,NA,-1,-1,-1,-1,-1,-2,-2
2,"Environment: 2, FiringMode: 2",5.943903,false,0,0,0,NA,false,0,0,0,NA,-1,-1,-1,-1,-1,-2,-2,false,0,0,0,NA,-1,-1,-1,-1,-1,-2,-2
2,"Environment: 2, FiringMode: 2",5.945291,false,0,0,0,NA,false,0,0,0,NA,-1,-1,-1,-1,-1,-2,-2,false,0,0,0,NA,-1,-1,-1,-1,-1,-2,-2
2,"Environment: 2, FiringMode: 2",5.947087,false,0,0,0,NA,false,0,0,0,NA,-1,-1,-1,-1,-1,-2,-2,false,0,0,0,NA,-1,-1,-1,-1,-1,-2,-2
2,"Environment: 2, FiringMode: 2",5.948451,false,0,0,0,NA,false,0,0,0,NA,-1,-1,-1,-1,-1,-2,-2,false,0,0,0,NA,-1,-1,-1,-1,-1,-2,-2
2,"Environment: 2, FiringMode: 2",5.950174,false,0,0,0,NA,false,0,0,0,NA,-1,-1,-1,-1,-1,-2,-2,false,0,0,0,NA,-1,-1,-1,-1,-1,-2,-2
2,"Environment: 2, FiringMode: 2",5.951563,false,0,0,0,NA,false,0,0,0,NA,-1,-1,-1,-1,-1,-2,-2,false,0,0,0,NA,-1,-1,-1,-1,-1,-2,-2
2,"Environment: 2, FiringMode: 2",5.952957,false,0,0,0,NA,false,0,0,0,NA,-1,-1,-1,-1,-1,-2,-2,false,0,0,0,NA,-1,-1,-1,-1,-1,-2,-2
2,"Environment: 2, FiringMode: 2",5.954332,false,0,0,0,NA,false,0,0,0,NA,-1,-1,-1,-1,-1,-2,-2,false,0,0,0,NA,-1,-1,-1,-1,-1,-2,-2
2,"Environment: 2, FiringMode: 2",5.955734,false,0,0,0,NA,false,0,0,0,NA,-1,-1,-1,-1,-1,-2,-2,false,0,0,0,NA,-1,-1,-1,-1,-1,-2,-2
2,"Environment: 2, FiringMode: 2",5.957338,false,0,0,0,NA,false,0,0,0,NA,-1,-1,-1,-1,-1,-2,-2,false,0,0,0,NA,-1,-1,-1,-1,-1,-2,-2
2,"Environment: 2, FiringMode: 2",5.9588,false,0,0,0,NA,false,0,0,0,NA,-1,-1,-1,-1,-1,-2,-2,false,0,0,0,NA,-1,-1,-1,-1,-1,-2,-2
2,"Environment: 2, FiringMode: 2",5.960744,false,0,0,0,NA,false,0,0,0,NA,-1,-1,-1,-1,-1,-2,-2,false,0,0,0,NA,-1,-1,-1,-1,-1,-2,-2
2,"Environment: 2, FiringMode: 2",5.962148,false,0,0,0,NA,false,0,0,0,NA,-1,-1,-1,-1,-1,-2,-2,false,0,0,0,NA,-1,-1,-1,-1,-1,-2,-2
2,"Environment: 2, FiringMode: 2",5.963593,false,0,0,0,NA,false,0,0,0,NA,-1,-1,-1,-1,-1,-2,-2,false,0,0,0,NA,-1,-1,-1,-1,-1,-2,-2
2,"Environment: 2, FiringMode: 2",5.965115,false,0,0,0,NA,false,0,0,0,NA,-1,-1,-1,-1,-1,-2,-2,false,0,0,0,NA,-1,-1,-1,-1,-1,-2,-2
2,"Environment: 2, FiringMode: 2",5.966657,false,0,0,0,NA,false,0,0,0,NA,-1,-1,-1,-1,-1,-2,-2,false,0,0,0,NA,-1,-1,-1,-1,-1,-2,-2
2,"Environment: 2, FiringMode: 2",5.968112,false,0,0,0,NA,false,0,0,0,NA,-1,-1,-1,-1,-1,-2,-2,false,0,0,0,NA,-1,-1,-1,-1,-1,-2,-2
2,"Environment: 2, FiringMode: 2",5.970096,false,0,0,0,NA,false,0,0,0,NA,-1,-1,-1,-1,-1,-2,-2,false,0,0,0,NA,-1,-1,-1,-1,-1,-2,-2
2,"Environment: 2, FiringMode: 2",5.971758,false,0,0,0,NA,false,0,0,0,NA,-1,-1,-1,-1,-1,-2,-2,false,0,0,0,NA,-1,-1,-1,-1,-1,-2,-2
2,"Environment: 2, FiringMode: 2",5.973434,false,0,0,0,NA,false,0,0,0,NA,-1,-1,-1,-1,-1,-2,-2,false,0,0,0,NA,-1,-1,-1,-1,-1,-2,-2
2,"Environment: 2, FiringMode: 2",5.974777,false,0,0,0,NA,false,0,0,0,NA,-1,-1,-1,-1,-1,-2,-2,false,0,0,0,NA,-1,-1,-1,-1,-1,-2,-2
2,"Environment: 2, FiringMode: 2",5.976382,false,0,0,0,NA,false,0,0,0,NA,-1,-1,-1,-1,-1,-2,-2,false,0,0,0,NA,-1,-1,-1,-1,-1,-2,-2
2,"Environment: 2, FiringMode: 2",5.977808,false,0,0,0,NA,false,0,0,0,NA,-1,-1,-1,-1,-1,-2,-2,false,0,0,0,NA,-1,-1,-1,-1,-1,-2,-2
2,"Environment: 2, FiringMode: 2",5.979327,false,0,0,0,NA,false,0,0,0,NA,-1,-1,-1,-1,-1,-2,-2,false,0,0,0,NA,-1,-1,-1,-1,-1,-2,-2
2,"Environment: 2, FiringMode: 2",5.980971,false,0,0,0,NA,false,0,0,0,NA,-1,-1,-1,-1,-1,-2,-2,false,0,0,0,NA,-1,-1,-1,-1,-1,-2,-2
2,"Environment: 2, FiringMode: 2",5.982488,false,0,0,0,NA,false,0,0,0,NA,-1,-1,-1,-1,-1,-2,-2,false,0,0,0,NA,-1,-1,-1,-1,-1,-2,-2
2,"Environment: 2, FiringMode: 2",5.983999,false,0,0,0,NA,false,0,0,0,NA,-1,-1,-1,-1,-1,-2,-2,false,0,0,0,NA,-1,-1,-1,-1,-1,-2,-2
2,"Environment: 2, FiringMode: 2",5.985461,false,0,0,0,NA,false,0,0,0,NA,-1,-1,-1,-1,-1,-2,-2,false,0,0,0,NA,-1,-1,-1,-1,-1,-2,-2
2,"Environment: 2, FiringMode: 2",5.986918,false,0,0,0,NA,false,0,0,0,NA,-1,-1,-1,-1,-1,-2,-2,false,0,0,0,NA,-1,-1,-1,-1,-1,-2,-2
2,"Environment: 2, FiringMode: 2",5.988481,false,0,0,0,NA,false,0,0,0,NA,-1,-1,-1,-1,-1,-2,-2,false,0,0,0,NA,-1,-1,-1,-1,-1,-2,-2
2,"Environment: 2, FiringMode: 2",5.989873,false,0,0,0,NA,false,0,0,0,NA,-1,-1,-1,-1,-1,-2,-2,false,0,0,0,NA,-1,-1,-1,-1,-1,-2,-2
2,"Environment: 2, FiringMode: 2",5.991304,false,0,0,0,NA,false,0,0,0,NA,-1,-1,-1,-1,-1,-2,-2,false,0,0,0,NA,-1,-1,-1,-1,-1,-2,-2
2,"Environment: 2, FiringMode: 2",5.992734,false,0,0,0,NA,false,0,0,0,NA,-1,-1,-1,-1,-1,-2,-2,false,0,0,0,NA,-1,-1,-1,-1,-1,-2,-2
2,"Environment: 2, FiringMode: 2",5.994125,false,0,0,0,NA,false,0,0,0,NA,-1,-1,-1,-1,-1,-2,-2,false,0,0,0,NA,-1,-1,-1,-1,-1,-2,-2
2,"Environment: 2, FiringMode: 2",5.995468,false,0,0,0,NA,false,0,0,0,NA,-1,-1,-1,-1,-1,-2,-2,false,0,0,0,NA,-1,-1,-1,-1,-1,-2,-2
2,"Environment: 2, FiringMode: 2",5.996737,false,0,0,0,NA,false,0,0,0,NA,-1,-1,-1,-1,-1,-2,-2,false,0,0,0,NA,-1,-1,-1,-1,-1,-2,-2
2,"Environment: 2, FiringMode: 2",5.998083,false,0,0,0,NA,false,0,0,0,NA,-1,-1,-1,-1,-1,-2,-2,false,0,0,0,NA,-1,-1,-1,-1,-1,-2,-2
2,"Environment: 2, FiringMode: 2",5.999503,false,0,0,0,NA,false,0,0,0,NA,-1,-1,-1,-1,-1,-2,-2,false,0,0,0,NA,-1,-1,-1,-1,-1,-2,-2
2,"Environment: 2, FiringMode: 2",6.00094,false,0,0,0,NA,false,0,0,0,NA,-1,-1,-1,-1,-1,-2,-2,false,0,0,0,NA,-1,-1,-1,-1,-1,-2,-2
2,"Environment: 2, FiringMode: 2",6.002609,false,0,0,0,NA,false,0,0,0,NA,-1,-1,-1,-1,-1,-2,-2,false,0,0,0,NA,-1,-1,-1,-1,-1,-2,-2
2,"Environment: 2, FiringMode: 2",6.004084,false,0,0,0,NA,false,0,0,0,NA,-1,-1,-1,-1,-1,-2,-2,false,0,0,0,NA,-1,-1,-1,-1,-1,-2,-2
2,"Environment: 2, FiringMode: 2",6.005431,false,0,0,0,NA,false,0,0,0,NA,-1,-1,-1,-1,-1,-2,-2,false,0,0,0,NA,-1,-1,-1,-1,-1,-2,-2
2,"Environment: 2, FiringMode: 2",6.006931,false,0,0,0,NA,false,0,0,0,NA,-1,-1,-1,-1,-1,-2,-2,false,0,0,0,NA,-1,-1,-1,-1,-1,-2,-2
2,"Environment: 2, FiringMode: 2",6.008286,false,0,0,0,NA,false,0,0,0,NA,-1,-1,-1,-1,-1,-2,-2,false,0,0,0,NA,-1,-1,-1,-1,-1,-2,-2
2,"Environment: 2, FiringMode: 2",6.009685,false,0,0,0,NA,false,0,0,0,NA,-1,-1,-1,-1,-1,-2,-2,false,0,0,0,NA,-1,-1,-1,-1,-1,-2,-2
2,"Environment: 2, FiringMode: 2",6.011025,false,0,0,0,NA,false,0,0,0,NA,-1,-1,-1,-1,-1,-2,-2,false,0,0,0,NA,-1,-1,-1,-1,-1,-2,-2
2,"Environment: 2, FiringMode: 2",6.012396,false,0,0,0,NA,false,0,0,0,NA,-1,-1,-1,-1,-1,-2,-2,false,0,0,0,NA,-1,-1,-1,-1,-1,-2,-2
2,"Environment: 2, FiringMode: 2",6.014301,false,0,0,0,NA,false,0,0,0,NA,-1,-1,-1,-1,-1,-2,-2,false,0,0,0,NA,-1,-1,-1,-1,-1,-2,-2
2,"Environment: 2, FiringMode: 2",6.015668,false,0,0,0,NA,false,0,0,0,NA,-1,-1,-1,-1,-1,-2,-2,false,0,0,0,NA,-1,-1,-1,-1,-1,-2,-2
2,"Environment: 2, FiringMode: 2",6.017047,false,0,0,0,NA,false,0,0,0,NA,-1,-1,-1,-1,-1,-2,-2,false,0,0,0,NA,-1,-1,-1,-1,-1,-2,-2
2,"Environment: 2, FiringMode: 2",6.01836,false,0,0,0,NA,false,0,0,0,NA,-1,-1,-1,-1,-1,-2,-2,false,0,0,0,NA,-1,-1,-1,-1,-1,-2,-2
2,"Environment: 2, FiringMode: 2",6.019992,false,0,0,0,NA,false,0,0,0,NA,-1,-1,-1,-1,-1,-2,-2,false,0,0,0,NA,-1,-1,-1,-1,-1,-2,-2
2,"Environment: 2, FiringMode: 2",6.021422,false,0,0,0,NA,false,0,0,0,NA,-1,-1,-1,-1,-1,-2,-2,false,0,0,0,NA,-1,-1,-1,-1,-1,-2,-2
2,"Environment: 2, FiringMode: 2",6.022727,false,0,0,0,NA,false,0,0,0,NA,-1,-1,-1,-1,-1,-2,-2,false,0,0,0,NA,-1,-1,-1,-1,-1,-2,-2
2,"Environment: 2, FiringMode: 2",6.023977,false,0,0,0,NA,false,0,0,0,NA,-1,-1,-1,-1,-1,-2,-2,false,0,0,0,NA,-1,-1,-1,-1,-1,-2,-2
2,"Environment: 2, FiringMode: 2",6.025273,false,0,0,0,NA,false,0,0,0,NA,-1,-1,-1,-1,-1,-2,-2,false,0,0,0,NA,-1,-1,-1,-1,-1,-2,-2
2,"Environment: 2, FiringMode: 2",6.026563,false,0,0,0,NA,false,0,0,0,NA,-1,-1,-1,-1,-1,-2,-2,false,0,0,0,NA,-1,-1,-1,-1,-1,-2,-2
2,"Environment: 2, FiringMode: 2",6.027834,false,0,0,0,NA,false,0,0,0,NA,-1,-1,-1,-1,-1,-2,-2,false,0,0,0,NA,-1,-1,-1,-1,-1,-2,-2
2,"Environment: 2, FiringMode: 2",6.029053,false,0,0,0,NA,false,0,0,0,NA,-1,-1,-1,-1,-1,-2,-2,false,0,0,0,NA,-1,-1,-1,-1,-1,-2,-2
2,"Environment: 2, FiringMode: 2",6.030386,false,0,0,0,NA,false,0,0,0,NA,-1,-1,-1,-1,-1,-2,-2,false,0,0,0,NA,-1,-1,-1,-1,-1,-2,-2
2,"Environment: 2, FiringMode: 2",6.031711,false,0,0,0,NA,false,0,0,0,NA,-1,-1,-1,-1,-1,-2,-2,false,0,0,0,NA,-1,-1,-1,-1,-1,-2,-2
2,"Environment: 2, FiringMode: 2",6.033023,false,0,0,0,NA,false,0,0,0,NA,-1,-1,-1,-1,-1,-2,-2,false,0,0,0,NA,-1,-1,-1,-1,-1,-2,-2
2,"Environment: 2, FiringMode: 2",6.034321,false,0,0,0,NA,false,0,0,0,NA,-1,-1,-1,-1,-1,-2,-2,false,0,0,0,NA,-1,-1,-1,-1,-1,-2,-2
2,"Environment: 2, FiringMode: 2",6.035648,false,0,0,0,NA,false,0,0,0,NA,-1,-1,-1,-1,-1,-2,-2,false,0,0,0,NA,-1,-1,-1,-1,-1,-2,-2
2,"Environment: 2, FiringMode: 2",6.036914,false,0,0,0,NA,false,0,0,0,NA,-1,-1,-1,-1,-1,-2,-2,false,0,0,0,NA,-1,-1,-1,-1,-1,-2,-2
2,"Environment: 2, FiringMode: 2",6.03842,false,0,0,0,NA,false,0,0,0,NA,-1,-1,-1,-1,-1,-2,-2,false,0,0,0,NA,-1,-1,-1,-1,-1,-2,-2
2,"Environment: 2, FiringMode: 2",6.039944,false,0,0,0,NA,false,0,0,0,NA,-1,-1,-1,-1,-1,-2,-2,false,0,0,0,NA,-1,-1,-1,-1,-1,-2,-2
2,"Environment: 2, FiringMode: 2",6.041288,false,0,0,0,NA,false,0,0,0,NA,-1,-1,-1,-1,-1,-2,-2,false,0,0,0,NA,-1,-1,-1,-1,-1,-2,-2
2,"Environment: 2, FiringMode: 2",6.04262,false,0,0,0,NA,false,0,0,0,NA,-1,-1,-1,-1,-1,-2,-2,false,0,0,0,NA,-1,-1,-1,-1,-1,-2,-2
2,"Environment: 2, FiringMode: 2",6.043984,false,0,0,0,NA,false,0,0,0,NA,-1,-1,-1,-1,-1,-2,-2,false,0,0,0,NA,-1,-1,-1,-1,-1,-2,-2
2,"Environment: 2, FiringMode: 2",6.045292,false,0,0,0,NA,false,0,0,0,NA,-1,-1,-1,-1,-1,-2,-2,false,0,0,0,NA,-1,-1,-1,-1,-1,-2,-2
2,"Environment: 2, FiringMode: 2",6.046698,false,0,0,0,NA,false,0,0,0,NA,-1,-1,-1,-1,-1,-2,-2,false,0,0,0,NA,-1,-1,-1,-1,-1,-2,-2
2,"Environment: 2, FiringMode: 2",6.048118,false,0,0,0,NA,false,0,0,0,NA,-1,-1,-1,-1,-1,-2,-2,false,0,0,0,NA,-1,-1,-1,-1,-1,-2,-2
2,"Environment: 2, FiringMode: 2",6.049976,false,0,0,0,NA,false,0,0,0,NA,-1,-1,-1,-1,-1,-2,-2,false,0,0,0,NA,-1,-1,-1,-1,-1,-2,-2
2,"Environment: 2, FiringMode: 2",6.051378,false,0,0,0,NA,false,0,0,0,NA,-1,-1,-1,-1,-1,-2,-2,false,0,0,0,NA,-1,-1,-1,-1,-1,-2,-2
2,"Environment: 2, FiringMode: 2",6.05275,false,0,0,0,NA,false,0,0,0,NA,-1,-1,-1,-1,-1,-2,-2,false,0,0,0,NA,-1,-1,-1,-1,-1,-2,-2
2,"Environment: 2, FiringMode: 2",6.054133,false,0,0,0,NA,false,0,0,0,NA,-1,-1,-1,-1,-1,-2,-2,false,0,0,0,NA,-1,-1,-1,-1,-1,-2,-2
2,"Environment: 2, FiringMode: 2",6.055469,false,0,0,0,NA,false,0,0,0,NA,-1,-1,-1,-1,-1,-2,-2,false,0,0,0,NA,-1,-1,-1,-1,-1,-2,-2
2,"Environment: 2, FiringMode: 2",6.056781,false,0,0,0,NA,false,0,0,0,NA,-1,-1,-1,-1,-1,-2,-2,false,0,0,0,NA,-1,-1,-1,-1,-1,-2,-2
2,"Environment: 2, FiringMode: 2",6.058074,false,0,0,0,NA,false,0,0,0,NA,-1,-1,-1,-1,-1,-2,-2,false,0,0,0,NA,-1,-1,-1,-1,-1,-2,-2
2,"Environment: 2, FiringMode: 2",6.059563,false,0,0,0,NA,false,0,0,0,NA,-1,-1,-1,-1,-1,-2,-2,false,0,0,0,NA,-1,-1,-1,-1,-1,-2,-2
2,"Environment: 2, FiringMode: 2",6.060928,false,0,0,0,NA,false,0,0,0,NA,-1,-1,-1,-1,-1,-2,-2,false,0,0,0,NA,-1,-1,-1,-1,-1,-2,-2
2,"Environment: 2, FiringMode: 2",6.06237,false,0,0,0,NA,false,0,0,0,NA,-1,-1,-1,-1,-1,-2,-2,false,0,0,0,NA,-1,-1,-1,-1,-1,-2,-2
2,"Environment: 2, FiringMode: 2",6.063917,false,0,0,0,NA,false,0,0,0,NA,-1,-1,-1,-1,-1,-2,-2,false,0,0,0,NA,-1,-1,-1,-1,-1,-2,-2
2,"Environment: 2, FiringMode: 2",6.065222,false,0,0,0,NA,false,0,0,0,NA,-1,-1,-1,-1,-1,-2,-2,false,0,0,0,NA,-1,-1,-1,-1,-1,-2,-2
2,"Environment: 2, FiringMode: 2",6.066552,false,0,0,0,NA,false,0,0,0,NA,-1,-1,-1,-1,-1,-2,-2,false,0,0,0,NA,-1,-1,-1,-1,-1,-2,-2
2,"Environment: 2, FiringMode: 2",6.067935,false,0,0,0,NA,false,0,0,0,NA,-1,-1,-1,-1,-1,-2,-2,false,0,0,0,NA,-1,-1,-1,-1,-1,-2,-2
2,"Environment: 2, FiringMode: 2",6.069251,false,0,0,0,NA,false,0,0,0,NA,-1,-1,-1,-1,-1,-2,-2,false,0,0,0,NA,-1,-1,-1,-1,-1,-2,-2
2,"Environment: 2, FiringMode: 2",6.070582,false,0,0,0,NA,false,0,0,0,NA,-1,-1,-1,-1,-1,-2,-2,false,0,0,0,NA,-1,-1,-1,-1,-1,-2,-2
2,"Environment: 2, FiringMode: 2",6.071849,false,0,0,0,NA,false,0,0,0,NA,-1,-1,-1,-1,-1,-2,-2,false,0,0,0,NA,-1,-1,-1,-1,-1,-2,-2
2,"Environment: 2, FiringMode: 2",6.073184,false,0,0,0,NA,false,0,0,0,NA,-1,-1,-1,-1,-1,-2,-2,false,0,0,0,NA,-1,-1,-1,-1,-1,-2,-2
2,"Environment: 2, FiringMode: 2",6.074463,false,0,0,0,NA,false,0,0,0,NA,-1,-1,-1,-1,-1,-2,-2,false,0,0,0,NA,-1,-1,-1,-1,-1,-2,-2
2,"Environment: 2, FiringMode: 2",6.075704,false,0,0,0,NA,false,0,0,0,NA,-1,-1,-1,-1,-1,-2,-2,false,0,0,0,NA,-1,-1,-1,-1,-1,-2,-2
2,"Environment: 2, FiringMode: 2",6.076967,false,0,0,0,NA,false,0,0,0,NA,-1,-1,-1,-1,-1,-2,-2,false,0,0,0,NA,-1,-1,-1,-1,-1,-2,-2
2,"Environment: 2, FiringMode: 2",6.07828,false,0,0,0,NA,false,0,0,0,NA,-1,-1,-1,-1,-1,-2,-2,false,0,0,0,NA,-1,-1,-1,-1,-1,-2,-2
2,"Environment: 2, FiringMode: 2",6.079914,false,0,0,0,NA,false,0,0,0,NA,-1,-1,-1,-1,-1,-2,-2,false,0,0,0,NA,-1,-1,-1,-1,-1,-2,-2
2,"Environment: 2, FiringMode: 2",6.081307,false,0,0,0,NA,false,0,0,0,NA,-1,-1,-1,-1,-1,-2,-2,false,0,0,0,NA,-1,-1,-1,-1,-1,-2,-2
2,"Environment: 2, FiringMode: 2",6.082788,false,0,0,0,NA,false,0,0,0,NA,-1,-1,-1,-1,-1,-2,-2,false,0,0,0,NA,-1,-1,-1,-1,-1,-2,-2
2,"Environment: 2, FiringMode: 2",6.084255,false,0,0,0,NA,false,0,0,0,NA,-1,-1,-1,-1,-1,-2,-2,false,0,0,0,NA,-1,-1,-1,-1,-1,-2,-2
2,"Environment: 2, FiringMode: 2",6.085751,false,0,0,0,NA,false,0,0,0,NA,-1,-1,-1,-1,-1,-2,-2,false,0,0,0,NA,-1,-1,-1,-1,-1,-2,-2
2,"Environment: 2, FiringMode: 2",6.087454,false,0,0,0,NA,false,0,0,0,NA,-1,-1,-1,-1,-1,-2,-2,false,0,0,0,NA,-1,-1,-1,-1,-1,-2,-2
2,"Environment: 2, FiringMode: 2",6.089381,false,0,0,0,NA,false,0,0,0,NA,-1,-1,-1,-1,-1,-2,-2,false,0,0,0,NA,-1,-1,-1,-1,-1,-2,-2
2,"Environment: 2, FiringMode: 2",6.091226,false,0,0,0,NA,false,0,0,0,NA,-1,-1,-1,-1,-1,-2,-2,false,0,0,0,NA,-1,-1,-1,-1,-1,-2,-2
2,"Environment: 2, FiringMode: 2",6.092787,false,0,0,0,NA,false,0,0,0,NA,-1,-1,-1,-1,-1,-2,-2,false,0,0,0,NA,-1,-1,-1,-1,-1,-2,-2
2,"Environment: 2, FiringMode: 2",6.094354,false,0,0,0,NA,false,0,0,0,NA,-1,-1,-1,-1,-1,-2,-2,false,0,0,0,NA,-1,-1,-1,-1,-1,-2,-2
2,"Environment: 2, FiringMode: 2",6.095863,false,0,0,0,NA,false,0,0,0,NA,-1,-1,-1,-1,-1,-2,-2,false,0,0,0,NA,-1,-1,-1,-1,-1,-2,-2
2,"Environment: 2, FiringMode: 2",6.097393,false,0,0,0,NA,false,0,0,0,NA,-1,-1,-1,-1,-1,-2,-2,false,0,0,0,NA,-1,-1,-1,-1,-1,-2,-2
2,"Environment: 2, FiringMode: 2",6.099079,false,0,0,0,NA,false,0,0,0,NA,-1,-1,-1,-1,-1,-2,-2,false,0,0,0,NA,-1,-1,-1,-1,-1,-2,-2
2,"Environment: 2, FiringMode: 2",6.100667,false,0,0,0,NA,false,0,0,0,NA,-1,-1,-1,-1,-1,-2,-2,false,0,0,0,NA,-1,-1,-1,-1,-1,-2,-2
2,"Environment: 2, FiringMode: 2",6.102087,false,0,0,0,NA,false,0,0,0,NA,-1,-1,-1,-1,-1,-2,-2,false,0,0,0,NA,-1,-1,-1,-1,-1,-2,-2
2,"Environment: 2, FiringMode: 2",6.10347,false,0,0,0,NA,false,0,0,0,NA,-1,-1,-1,-1,-1,-2,-2,false,0,0,0,NA,-1,-1,-1,-1,-1,-2,-2
2,"Environment: 2, FiringMode: 2",6.105376,false,0,0,0,NA,false,0,0,0,NA,-1,-1,-1,-1,-1,-2,-2,false,0,0,0,NA,-1,-1,-1,-1,-1,-2,-2
2,"Environment: 2, FiringMode: 2",6.107264,false,0,0,0,NA,false,0,0,0,NA,-1,-1,-1,-1,-1,-2,-2,false,0,0,0,NA,-1,-1,-1,-1,-1,-2,-2
2,"Environment: 2, FiringMode: 2",6.109147,false,0,0,0,NA,false,0,0,0,NA,-1,-1,-1,-1,-1,-2,-2,false,0,0,0,NA,-1,-1,-1,-1,-1,-2,-2
2,"Environment: 2, FiringMode: 2",6.11117,false,0,0,0,NA,false,0,0,0,NA,-1,-1,-1,-1,-1,-2,-2,false,0,0,0,NA,-1,-1,-1,-1,-1,-2,-2
2,"Environment: 2, FiringMode: 2",6.112979,false,0,0,0,NA,false,0,0,0,NA,-1,-1,-1,-1,-1,-2,-2,false,0,0,0,NA,-1,-1,-1,-1,-1,-2,-2
2,"Environment: 2, FiringMode: 2",6.114992,false,0,0,0,NA,false,0,0,0,NA,-1,-1,-1,-1,-1,-2,-2,false,0,0,0,NA,-1,-1,-1,-1,-1,-2,-2
2,"Environment: 2, FiringMode: 2",6.117607,false,0,0,0,NA,false,0,0,0,NA,-1,-1,-1,-1,-1,-2,-2,false,0,0,0,NA,-1,-1,-1,-1,-1,-2,-2
2,"Environment: 2, FiringMode: 2",6.119649,false,0,0,0,NA,false,0,0,0,NA,-1,-1,-1,-1,-1,-2,-2,false,0,0,0,NA,-1,-1,-1,-1,-1,-2,-2
2,"Environment: 2, FiringMode: 2",6.121756,false,0,0,0,NA,false,0,0,0,NA,-1,-1,-1,-1,-1,-2,-2,false,0,0,0,NA,-1,-1,-1,-1,-1,-2,-2
2,"Environment: 2, FiringMode: 2",6.123496,false,0,0,0,NA,false,0,0,0,NA,-1,-1,-1,-1,-1,-2,-2,false,0,0,0,NA,-1,-1,-1,-1,-1,-2,-2
2,"Environment: 2, FiringMode: 2",6.124989,false,0,0,0,NA,false,0,0,0,NA,-1,-1,-1,-1,-1,-2,-2,false,0,0,0,NA,-1,-1,-1,-1,-1,-2,-2
2,"Environment: 2, FiringMode: 2",6.126625,false,0,0,0,NA,false,0,0,0,NA,-1,-1,-1,-1,-1,-2,-2,false,0,0,0,NA,-1,-1,-1,-1,-1,-2,-2
2,"Environment: 2, FiringMode: 2",6.128389,false,0,0,0,NA,false,0,0,0,NA,-1,-1,-1,-1,-1,-2,-2,false,0,0,0,NA,-1,-1,-1,-1,-1,-2,-2
2,"Environment: 2, FiringMode: 2",6.130174,false,0,0,0,NA,false,0,0,0,NA,-1,-1,-1,-1,-1,-2,-2,false,0,0,0,NA,-1,-1,-1,-1,-1,-2,-2
2,"Environment: 2, FiringMode: 2",6.131927,false,0,0,0,NA,false,0,0,0,NA,-1,-1,-1,-1,-1,-2,-2,false,0,0,0,NA,-1,-1,-1,-1,-1,-2,-2
2,"Environment: 2, FiringMode: 2",6.133365,false,0,0,0,NA,false,0,0,0,NA,-1,-1,-1,-1,-1,-2,-2,false,0,0,0,NA,-1,-1,-1,-1,-1,-2,-2
2,"Environment: 2, FiringMode: 2",6.134749,false,0,0,0,NA,false,0,0,0,NA,-1,-1,-1,-1,-1,-2,-2,false,0,0,0,NA,-1,-1,-1,-1,-1,-2,-2
2,"Environment: 2, FiringMode: 2",6.136102,false,0,0,0,NA,false,0,0,0,NA,-1,-1,-1,-1,-1,-2,-2,false,0,0,0,NA,-1,-1,-1,-1,-1,-2,-2
2,"Environment: 2, FiringMode: 2",6.137375,false,0,0,0,NA,false,0,0,0,NA,-1,-1,-1,-1,-1,-2,-2,false,0,0,0,NA,-1,-1,-1,-1,-1,-2,-2
2,"Environment: 2, FiringMode: 2",6.13879,false,0,0,0,NA,false,0,0,0,NA,-1,-1,-1,-1,-1,-2,-2,false,0,0,0,NA,-1,-1,-1,-1,-1,-2,-2
2,"Environment: 2, FiringMode: 2",6.140227,false,0,0,0,NA,false,0,0,0,NA,-1,-1,-1,-1,-1,-2,-2,false,0,0,0,NA,-1,-1,-1,-1,-1,-2,-2
2,"Environment: 2, FiringMode: 2",6.141493,false,0,0,0,NA,false,0,0,0,NA,-1,-1,-1,-1,-1,-2,-2,false,0,0,0,NA,-1,-1,-1,-1,-1,-2,-2
2,"Environment: 2, FiringMode: 2",6.142805,false,0,0,0,NA,false,0,0,0,NA,-1,-1,-1,-1,-1,-2,-2,false,0,0,0,NA,-1,-1,-1,-1,-1,-2,-2
2,"Environment: 2, FiringMode: 2",6.14404,false,0,0,0,NA,false,0,0,0,NA,-1,-1,-1,-1,-1,-2,-2,false,0,0,0,NA,-1,-1,-1,-1,-1,-2,-2
2,"Environment: 2, FiringMode: 2",6.145254,false,0,0,0,NA,false,0,0,0,NA,-1,-1,-1,-1,-1,-2,-2,false,0,0,0,NA,-1,-1,-1,-1,-1,-2,-2
2,"Environment: 2, FiringMode: 2",6.146563,false,0,0,0,NA,false,0,0,0,NA,-1,-1,-1,-1,-1,-2,-2,false,0,0,0,NA,-1,-1,-1,-1,-1,-2,-2
2,"Environment: 2, FiringMode: 2",6.147819,false,0,0,0,NA,false,0,0,0,NA,-1,-1,-1,-1,-1,-2,-2,false,0,0,0,NA,-1,-1,-1,-1,-1,-2,-2
2,"Environment: 2, FiringMode: 2",6.149095,false,0,0,0,NA,false,0,0,0,NA,-1,-1,-1,-1,-1,-2,-2,false,0,0,0,NA,-1,-1,-1,-1,-1,-2,-2
2,"Environment: 2, FiringMode: 2",6.150321,false,0,0,0,NA,false,0,0,0,NA,-1,-1,-1,-1,-1,-2,-2,false,0,0,0,NA,-1,-1,-1,-1,-1,-2,-2
2,"Environment: 2, FiringMode: 2",6.151642,false,0,0,0,NA,false,0,0,0,NA,-1,-1,-1,-1,-1,-2,-2,false,0,0,0,NA,-1,-1,-1,-1,-1,-2,-2
2,"Environment: 2, FiringMode: 2",6.15295,false,0,0,0,NA,false,0,0,0,NA,-1,-1,-1,-1,-1,-2,-2,false,0,0,0,NA,-1,-1,-1,-1,-1,-2,-2
2,"Environment: 2, FiringMode: 2",6.154257,false,0,0,0,NA,false,0,0,0,NA,-1,-1,-1,-1,-1,-2,-2,false,0,0,0,NA,-1,-1,-1,-1,-1,-2,-2
2,"Environment: 2, FiringMode: 2",6.155516,false,0,0,0,NA,false,0,0,0,NA,-1,-1,-1,-1,-1,-2,-2,false,0,0,0,NA,-1,-1,-1,-1,-1,-2,-2
2,"Environment: 2, FiringMode: 2",6.156711,false,0,0,0,NA,false,0,0,0,NA,-1,-1,-1,-1,-1,-2,-2,false,0,0,0,NA,-1,-1,-1,-1,-1,-2,-2
2,"Environment: 2, FiringMode: 2",6.158011,false,0,0,0,NA,false,0,0,0,NA,-1,-1,-1,-1,-1,-2,-2,false,0,0,0,NA,-1,-1,-1,-1,-1,-2,-2
2,"Environment: 2, FiringMode: 2",6.159463,false,0,0,0,NA,false,0,0,0,NA,-1,-1,-1,-1,-1,-2,-2,false,0,0,0,NA,-1,-1,-1,-1,-1,-2,-2
2,"Environment: 2, FiringMode: 2",6.160697,false,0,0,0,NA,false,0,0,0,NA,-1,-1,-1,-1,-1,-2,-2,false,0,0,0,NA,-1,-1,-1,-1,-1,-2,-2
2,"Environment: 2, FiringMode: 2",6.162011,false,0,0,0,NA,false,0,0,0,NA,-1,-1,-1,-1,-1,-2,-2,false,0,0,0,NA,-1,-1,-1,-1,-1,-2,-2
2,"Environment: 2, FiringMode: 2",6.16329,false,0,0,0,NA,false,0,0,0,NA,-1,-1,-1,-1,-1,-2,-2,false,0,0,0,NA,-1,-1,-1,-1,-1,-2,-2
2,"Environment: 2, FiringMode: 2",6.164578,false,0,0,0,NA,false,0,0,0,NA,-1,-1,-1,-1,-1,-2,-2,false,0,0,0,NA,-1,-1,-1,-1,-1,-2,-2
2,"Environment: 2, FiringMode: 2",6.165819,false,0,0,0,NA,false,0,0,0,NA,-1,-1,-1,-1,-1,-2,-2,false,0,0,0,NA,-1,-1,-1,-1,-1,-2,-2
2,"Environment: 2, FiringMode: 2",6.167074,false,0,0,0,NA,false,0,0,0,NA,-1,-1,-1,-1,-1,-2,-2,false,0,0,0,NA,-1,-1,-1,-1,-1,-2,-2
2,"Environment: 2, FiringMode: 2",6.168284,false,0,0,0,NA,false,0,0,0,NA,-1,-1,-1,-1,-1,-2,-2,false,0,0,0,NA,-1,-1,-1,-1,-1,-2,-2
2,"Environment: 2, FiringMode: 2",6.169533,false,0,0,0,NA,false,0,0,0,NA,-1,-1,-1,-1,-1,-2,-2,false,0,0,0,NA,-1,-1,-1,-1,-1,-2,-2
2,"Environment: 2, FiringMode: 2",6.170849,false,0,0,0,NA,false,0,0,0,NA,-1,-1,-1,-1,-1,-2,-2,false,0,0,0,NA,-1,-1,-1,-1,-1,-2,-2
2,"Environment: 2, FiringMode: 2",6.17214,false,0,0,0,NA,false,0,0,0,NA,-1,-1,-1,-1,-1,-2,-2,false,0,0,0,NA,-1,-1,-1,-1,-1,-2,-2
2,"Environment: 2, FiringMode: 2",6.173452,false,0,0,0,NA,false,0,0,0,NA,-1,-1,-1,-1,-1,-2,-2,false,0,0,0,NA,-1,-1,-1,-1,-1,-2,-2
2,"Environment: 2, FiringMode: 2",6.17468,false,0,0,0,NA,false,0,0,0,NA,-1,-1,-1,-1,-1,-2,-2,false,0,0,0,NA,-1,-1,-1,-1,-1,-2,-2
2,"Environment: 2, FiringMode: 2",6.175965,false,0,0,0,NA,false,0,0,0,NA,-1,-1,-1,-1,-1,-2,-2,false,0,0,0,NA,-1,-1,-1,-1,-1,-2,-2
2,"Environment: 2, FiringMode: 2",6.177369,false,0,0,0,NA,false,0,0,0,NA,-1,-1,-1,-1,-1,-2,-2,false,0,0,0,NA,-1,-1,-1,-1,-1,-2,-2
2,"Environment: 2, FiringMode: 2",6.178666,false,0,0,0,NA,false,0,0,0,NA,-1,-1,-1,-1,-1,-2,-2,false,0,0,0,NA,-1,-1,-1,-1,-1,-2,-2
2,"Environment: 2, FiringMode: 2",6.180079,false,0,0,0,NA,false,0,0,0,NA,-1,-1,-1,-1,-1,-2,-2,false,0,0,0,NA,-1,-1,-1,-1,-1,-2,-2
2,"Environment: 2, FiringMode: 2",6.18134,false,0,0,0,NA,false,0,0,0,NA,-1,-1,-1,-1,-1,-2,-2,false,0,0,0,NA,-1,-1,-1,-1,-1,-2,-2
2,"Environment: 2, FiringMode: 2",6.182715,false,0,0,0,NA,false,0,0,0,NA,-1,-1,-1,-1,-1,-2,-2,false,0,0,0,NA,-1,-1,-1,-1,-1,-2,-2
2,"Environment: 2, FiringMode: 2",6.184322,false,0,0,0,NA,false,0,0,0,NA,-1,-1,-1,-1,-1,-2,-2,false,0,0,0,NA,-1,-1,-1,-1,-1,-2,-2
2,"Environment: 2, FiringMode: 2",6.185786,false,0,0,0,NA,false,0,0,0,NA,-1,-1,-1,-1,-1,-2,-2,false,0,0,0,NA,-1,-1,-1,-1,-1,-2,-2
2,"Environment: 2, FiringMode: 2",6.187084,false,0,0,0,NA,false,0,0,0,NA,-1,-1,-1,-1,-1,-2,-2,false,0,0,0,NA,-1,-1,-1,-1,-1,-2,-2
2,"Environment: 2, FiringMode: 2",6.188426,false,0,0,0,NA,false,0,0,0,NA,-1,-1,-1,-1,-1,-2,-2,false,0,0,0,NA,-1,-1,-1,-1,-1,-2,-2
2,"Environment: 2, FiringMode: 2",6.189685,false,0,0,0,NA,false,0,0,0,NA,-1,-1,-1,-1,-1,-2,-2,false,0,0,0,NA,-1,-1,-1,-1,-1,-2,-2
2,"Environment: 2, FiringMode: 2",6.191005,false,0,0,0,NA,false,0,0,0,NA,-1,-1,-1,-1,-1,-2,-2,false,0,0,0,NA,-1,-1,-1,-1,-1,-2,-2
2,"Environment: 2, FiringMode: 2",6.192358,false,0,0,0,NA,false,0,0,0,NA,-1,-1,-1,-1,-1,-2,-2,false,0,0,0,NA,-1,-1,-1,-1,-1,-2,-2
2,"Environment: 2, FiringMode: 2",6.193789,false,0,0,0,NA,false,0,0,0,NA,-1,-1,-1,-1,-1,-2,-2,false,0,0,0,NA,-1,-1,-1,-1,-1,-2,-2
2,"Environment: 2, FiringMode: 2",6.195202,false,0,0,0,NA,false,0,0,0,NA,-1,-1,-1,-1,-1,-2,-2,false,0,0,0,NA,-1,-1,-1,-1,-1,-2,-2
2,"Environment: 2, FiringMode: 2",6.196912,false,0,0,0,NA,false,0,0,0,NA,-1,-1,-1,-1,-1,-2,-2,false,0,0,0,NA,-1,-1,-1,-1,-1,-2,-2
2,"Environment: 2, FiringMode: 2",6.198366,false,0,0,0,NA,false,0,0,0,NA,-1,-1,-1,-1,-1,-2,-2,false,0,0,0,NA,-1,-1,-1,-1,-1,-2,-2
2,"Environment: 2, FiringMode: 2",6.199825,false,0,0,0,NA,false,0,0,0,NA,-1,-1,-1,-1,-1,-2,-2,false,0,0,0,NA,-1,-1,-1,-1,-1,-2,-2
2,"Environment: 2, FiringMode: 2",6.201223,false,0,0,0,NA,false,0,0,0,NA,-1,-1,-1,-1,-1,-2,-2,false,0,0,0,NA,-1,-1,-1,-1,-1,-2,-2
2,"Environment: 2, FiringMode: 2",6.202516,false,0,0,0,NA,false,0,0,0,NA,-1,-1,-1,-1,-1,-2,-2,false,0,0,0,NA,-1,-1,-1,-1,-1,-2,-2
2,"Environment: 2, FiringMode: 2",6.203926,false,0,0,0,NA,false,0,0,0,NA,-1,-1,-1,-1,-1,-2,-2,false,0,0,0,NA,-1,-1,-1,-1,-1,-2,-2
2,"Environment: 2, FiringMode: 2",6.205499,false,0,0,0,NA,false,0,0,0,NA,-1,-1,-1,-1,-1,-2,-2,false,0,0,0,NA,-1,-1,-1,-1,-1,-2,-2
2,"Environment: 2, FiringMode: 2",6.206997,false,0,0,0,NA,false,0,0,0,NA,-1,-1,-1,-1,-1,-2,-2,false,0,0,0,NA,-1,-1,-1,-1,-1,-2,-2
2,"Environment: 2, FiringMode: 2",6.208393,false,0,0,0,NA,false,0,0,0,NA,-1,-1,-1,-1,-1,-2,-2,false,0,0,0,NA,-1,-1,-1,-1,-1,-2,-2
2,"Environment: 2, FiringMode: 2",6.20976,false,0,0,0,NA,false,0,0,0,NA,-1,-1,-1,-1,-1,-2,-2,false,0,0,0,NA,-1,-1,-1,-1,-1,-2,-2
2,"Environment: 2, FiringMode: 2",6.211116,false,0,0,0,NA,false,0,0,0,NA,-1,-1,-1,-1,-1,-2,-2,false,0,0,0,NA,-1,-1,-1,-1,-1,-2,-2
2,"Environment: 2, FiringMode: 2",6.212464,false,0,0,0,NA,false,0,0,0,NA,-1,-1,-1,-1,-1,-2,-2,false,0,0,0,NA,-1,-1,-1,-1,-1,-2,-2
2,"Environment: 2, FiringMode: 2",6.213778,false,0,0,0,NA,false,0,0,0,NA,-1,-1,-1,-1,-1,-2,-2,false,0,0,0,NA,-1,-1,-1,-1,-1,-2,-2
2,"Environment: 2, FiringMode: 2",6.215082,false,0,0,0,NA,false,0,0,0,NA,-1,-1,-1,-1,-1,-2,-2,false,0,0,0,NA,-1,-1,-1,-1,-1,-2,-2
2,"Environment: 2, FiringMode: 2",6.216369,false,0,0,0,NA,false,0,0,0,NA,-1,-1,-1,-1,-1,-2,-2,false,0,0,0,NA,-1,-1,-1,-1,-1,-2,-2
2,"Environment: 2, FiringMode: 2",6.217651,false,0,0,0,NA,false,0,0,0,NA,-1,-1,-1,-1,-1,-2,-2,false,0,0,0,NA,-1,-1,-1,-1,-1,-2,-2
2,"Environment: 2, FiringMode: 2",6.219011,false,0,0,0,NA,false,0,0,0,NA,-1,-1,-1,-1,-1,-2,-2,false,0,0,0,NA,-1,-1,-1,-1,-1,-2,-2
2,"Environment: 2, FiringMode: 2",6.220266,false,0,0,0,NA,false,0,0,0,NA,-1,-1,-1,-1,-1,-2,-2,false,0,0,0,NA,-1,-1,-1,-1,-1,-2,-2
2,"Environment: 2, FiringMode: 2",6.221553,false,0,0,0,NA,false,0,0,0,NA,-1,-1,-1,-1,-1,-2,-2,false,0,0,0,NA,-1,-1,-1,-1,-1,-2,-2
2,"Environment: 2, FiringMode: 2",6.222868,false,0,0,0,NA,false,0,0,0,NA,-1,-1,-1,-1,-1,-2,-2,false,0,0,0,NA,-1,-1,-1,-1,-1,-2,-2
2,"Environment: 2, FiringMode: 2",6.224144,false,0,0,0,NA,false,0,0,0,NA,-1,-1,-1,-1,-1,-2,-2,false,0,0,0,NA,-1,-1,-1,-1,-1,-2,-2
2,"Environment: 2, FiringMode: 2",6.225416,false,0,0,0,NA,false,0,0,0,NA,-1,-1,-1,-1,-1,-2,-2,false,0,0,0,NA,-1,-1,-1,-1,-1,-2,-2
2,"Environment: 2, FiringMode: 2",6.226686,false,0,0,0,NA,false,0,0,0,NA,-1,-1,-1,-1,-1,-2,-2,false,0,0,0,NA,-1,-1,-1,-1,-1,-2,-2
2,"Environment: 2, FiringMode: 2",6.227948,false,0,0,0,NA,false,0,0,0,NA,-1,-1,-1,-1,-1,-2,-2,false,0,0,0,NA,-1,-1,-1,-1,-1,-2,-2
2,"Environment: 2, FiringMode: 2",6.22925,false,0,0,0,NA,false,0,0,0,NA,-1,-1,-1,-1,-1,-2,-2,false,0,0,0,NA,-1,-1,-1,-1,-1,-2,-2
2,"Environment: 2, FiringMode: 2",6.230618,false,0,0,0,NA,false,0,0,0,NA,-1,-1,-1,-1,-1,-2,-2,false,0,0,0,NA,-1,-1,-1,-1,-1,-2,-2
2,"Environment: 2, FiringMode: 2",6.232007,false,0,0,0,NA,false,0,0,0,NA,-1,-1,-1,-1,-1,-2,-2,false,0,0,0,NA,-1,-1,-1,-1,-1,-2,-2
2,"Environment: 2, FiringMode: 2",6.233295,false,0,0,0,NA,false,0,0,0,NA,-1,-1,-1,-1,-1,-2,-2,false,0,0,0,NA,-1,-1,-1,-1,-1,-2,-2
2,"Environment: 2, FiringMode: 2",6.23457,false,0,0,0,NA,false,0,0,0,NA,-1,-1,-1,-1,-1,-2,-2,false,0,0,0,NA,-1,-1,-1,-1,-1,-2,-2
2,"Environment: 2, FiringMode: 2",6.235788,false,0,0,0,NA,false,0,0,0,NA,-1,-1,-1,-1,-1,-2,-2,false,0,0,0,NA,-1,-1,-1,-1,-1,-2,-2
2,"Environment: 2, FiringMode: 2",6.237142,false,0,0,0,NA,false,0,0,0,NA,-1,-1,-1,-1,-1,-2,-2,false,0,0,0,NA,-1,-1,-1,-1,-1,-2,-2
2,"Environment: 2, FiringMode: 2",6.238381,false,0,0,0,NA,false,0,0,0,NA,-1,-1,-1,-1,-1,-2,-2,false,0,0,0,NA,-1,-1,-1,-1,-1,-2,-2
2,"Environment: 2, FiringMode: 2",6.239777,false,0,0,0,NA,false,0,0,0,NA,-1,-1,-1,-1,-1,-2,-2,false,0,0,0,NA,-1,-1,-1,-1,-1,-2,-2
2,"Environment: 2, FiringMode: 2",6.241062,false,0,0,0,NA,false,0,0,0,NA,-1,-1,-1,-1,-1,-2,-2,false,0,0,0,NA,-1,-1,-1,-1,-1,-2,-2
2,"Environment: 2, FiringMode: 2",6.242279,false,0,0,0,NA,false,0,0,0,NA,-1,-1,-1,-1,-1,-2,-2,false,0,0,0,NA,-1,-1,-1,-1,-1,-2,-2
2,"Environment: 2, FiringMode: 2",6.243569,false,0,0,0,NA,false,0,0,0,NA,-1,-1,-1,-1,-1,-2,-2,false,0,0,0,NA,-1,-1,-1,-1,-1,-2,-2
2,"Environment: 2, FiringMode: 2",6.244828,false,0,0,0,NA,false,0,0,0,NA,-1,-1,-1,-1,-1,-2,-2,false,0,0,0,NA,-1,-1,-1,-1,-1,-2,-2
2,"Environment: 2, FiringMode: 2",6.246119,false,0,0,0,NA,false,0,0,0,NA,-1,-1,-1,-1,-1,-2,-2,false,0,0,0,NA,-1,-1,-1,-1,-1,-2,-2
2,"Environment: 2, FiringMode: 2",6.247425,false,0,0,0,NA,false,0,0,0,NA,-1,-1,-1,-1,-1,-2,-2,false,0,0,0,NA,-1,-1,-1,-1,-1,-2,-2
2,"Environment: 2, FiringMode: 2",6.248725,false,0,0,0,NA,false,0,0,0,NA,-1,-1,-1,-1,-1,-2,-2,false,0,0,0,NA,-1,-1,-1,-1,-1,-2,-2
2,"Environment: 2, FiringMode: 2",6.250014,false,0,0,0,NA,false,0,0,0,NA,-1,-1,-1,-1,-1,-2,-2,false,0,0,0,NA,-1,-1,-1,-1,-1,-2,-2
2,"Environment: 2, FiringMode: 2",6.251294,false,0,0,0,NA,false,0,0,0,NA,-1,-1,-1,-1,-1,-2,-2,false,0,0,0,NA,-1,-1,-1,-1,-1,-2,-2
2,"Environment: 2, FiringMode: 2",6.252555,false,0,0,0,NA,false,0,0,0,NA,-1,-1,-1,-1,-1,-2,-2,false,0,0,0,NA,-1,-1,-1,-1,-1,-2,-2
2,"Environment: 2, FiringMode: 2",6.254451,false,0,0,0,NA,false,0,0,0,NA,-1,-1,-1,-1,-1,-2,-2,false,0,0,0,NA,-1,-1,-1,-1,-1,-2,-2
2,"Environment: 2, FiringMode: 2",6.256053,false,0,0,0,NA,false,0,0,0,NA,-1,-1,-1,-1,-1,-2,-2,false,0,0,0,NA,-1,-1,-1,-1,-1,-2,-2
2,"Environment: 2, FiringMode: 2",6.257409,false,0,0,0,NA,false,0,0,0,NA,-1,-1,-1,-1,-1,-2,-2,false,0,0,0,NA,-1,-1,-1,-1,-1,-2,-2
2,"Environment: 2, FiringMode: 2",6.25877,false,0,0,0,NA,false,0,0,0,NA,-1,-1,-1,-1,-1,-2,-2,false,0,0,0,NA,-1,-1,-1,-1,-1,-2,-2
2,"Environment: 2, FiringMode: 2",6.26026,false,0,0,0,NA,false,0,0,0,NA,-1,-1,-1,-1,-1,-2,-2,false,0,0,0,NA,-1,-1,-1,-1,-1,-2,-2
2,"Environment: 2, FiringMode: 2",6.26166,false,0,0,0,NA,false,0,0,0,NA,-1,-1,-1,-1,-1,-2,-2,false,0,0,0,NA,-1,-1,-1,-1,-1,-2,-2
2,"Environment: 2, FiringMode: 2",6.263009,false,0,0,0,NA,false,0,0,0,NA,-1,-1,-1,-1,-1,-2,-2,false,0,0,0,NA,-1,-1,-1,-1,-1,-2,-2
2,"Environment: 2, FiringMode: 2",6.2643,false,0,0,0,NA,false,0,0,0,NA,-1,-1,-1,-1,-1,-2,-2,false,0,0,0,NA,-1,-1,-1,-1,-1,-2,-2
2,"Environment: 2, FiringMode: 2",6.265828,false,0,0,0,NA,false,0,0,0,NA,-1,-1,-1,-1,-1,-2,-2,false,0,0,0,NA,-1,-1,-1,-1,-1,-2,-2
2,"Environment: 2, FiringMode: 2",6.267289,false,0,0,0,NA,false,0,0,0,NA,-1,-1,-1,-1,-1,-2,-2,false,0,0,0,NA,-1,-1,-1,-1,-1,-2,-2
2,"Environment: 2, FiringMode: 2",6.26865,false,0,0,0,NA,false,0,0,0,NA,-1,-1,-1,-1,-1,-2,-2,false,0,0,0,NA,-1,-1,-1,-1,-1,-2,-2
2,"Environment: 2, FiringMode: 2",6.270094,false,0,0,0,NA,false,0,0,0,NA,-1,-1,-1,-1,-1,-2,-2,false,0,0,0,NA,-1,-1,-1,-1,-1,-2,-2
2,"Environment: 2, FiringMode: 2",6.271457,false,0,0,0,NA,false,0,0,0,NA,-1,-1,-1,-1,-1,-2,-2,false,0,0,0,NA,-1,-1,-1,-1,-1,-2,-2
2,"Environment: 2, FiringMode: 2",6.272788,false,0,0,0,NA,false,0,0,0,NA,-1,-1,-1,-1,-1,-2,-2,false,0,0,0,NA,-1,-1,-1,-1,-1,-2,-2
2,"Environment: 2, FiringMode: 2",6.274107,false,0,0,0,NA,false,0,0,0,NA,-1,-1,-1,-1,-1,-2,-2,false,0,0,0,NA,-1,-1,-1,-1,-1,-2,-2
2,"Environment: 2, FiringMode: 2",6.27557,false,0,0,0,NA,false,0,0,0,NA,-1,-1,-1,-1,-1,-2,-2,false,0,0,0,NA,-1,-1,-1,-1,-1,-2,-2
2,"Environment: 2, FiringMode: 2",6.277131,false,0,0,0,NA,false,0,0,0,NA,-1,-1,-1,-1,-1,-2,-2,false,0,0,0,NA,-1,-1,-1,-1,-1,-2,-2
2,"Environment: 2, FiringMode: 2",6.278624,false,0,0,0,NA,false,0,0,0,NA,-1,-1,-1,-1,-1,-2,-2,false,0,0,0,NA,-1,-1,-1,-1,-1,-2,-2
2,"Environment: 2, FiringMode: 2",6.280301,false,0,0,0,NA,false,0,0,0,NA,-1,-1,-1,-1,-1,-2,-2,false,0,0,0,NA,-1,-1,-1,-1,-1,-2,-2
2,"Environment: 2, FiringMode: 2",6.281651,false,0,0,0,NA,false,0,0,0,NA,-1,-1,-1,-1,-1,-2,-2,false,0,0,0,NA,-1,-1,-1,-1,-1,-2,-2
2,"Environment: 2, FiringMode: 2",6.283023,false,0,0,0,NA,false,0,0,0,NA,-1,-1,-1,-1,-1,-2,-2,false,0,0,0,NA,-1,-1,-1,-1,-1,-2,-2
2,"Environment: 2, FiringMode: 2",6.284338,false,0,0,0,NA,false,0,0,0,NA,-1,-1,-1,-1,-1,-2,-2,false,0,0,0,NA,-1,-1,-1,-1,-1,-2,-2
2,"Environment: 2, FiringMode: 2",6.285716,false,0,0,0,NA,false,0,0,0,NA,-1,-1,-1,-1,-1,-2,-2,false,0,0,0,NA,-1,-1,-1,-1,-1,-2,-2
2,"Environment: 2, FiringMode: 2",6.28706,false,0,0,0,NA,false,0,0,0,NA,-1,-1,-1,-1,-1,-2,-2,false,0,0,0,NA,-1,-1,-1,-1,-1,-2,-2
2,"Environment: 2, FiringMode: 2",6.288321,false,0,0,0,NA,false,0,0,0,NA,-1,-1,-1,-1,-1,-2,-2,false,0,0,0,NA,-1,-1,-1,-1,-1,-2,-2
2,"Environment: 2, FiringMode: 2",6.289585,false,0,0,0,NA,false,0,0,0,NA,-1,-1,-1,-1,-1,-2,-2,false,0,0,0,NA,-1,-1,-1,-1,-1,-2,-2
2,"Environment: 2, FiringMode: 2",6.290907,false,0,0,0,NA,false,0,0,0,NA,-1,-1,-1,-1,-1,-2,-2,false,0,0,0,NA,-1,-1,-1,-1,-1,-2,-2
2,"Environment: 2, FiringMode: 2",6.29228,false,0,0,0,NA,false,0,0,0,NA,-1,-1,-1,-1,-1,-2,-2,false,0,0,0,NA,-1,-1,-1,-1,-1,-2,-2
2,"Environment: 2, FiringMode: 2",6.293513,false,0,0,0,NA,false,0,0,0,NA,-1,-1,-1,-1,-1,-2,-2,false,0,0,0,NA,-1,-1,-1,-1,-1,-2,-2
2,"Environment: 2, FiringMode: 2",6.29489,false,0,0,0,NA,false,0,0,0,NA,-1,-1,-1,-1,-1,-2,-2,false,0,0,0,NA,-1,-1,-1,-1,-1,-2,-2
2,"Environment: 2, FiringMode: 2",6.296167,false,0,0,0,NA,false,0,0,0,NA,-1,-1,-1,-1,-1,-2,-2,false,0,0,0,NA,-1,-1,-1,-1,-1,-2,-2
2,"Environment: 2, FiringMode: 2",6.297385,false,0,0,0,NA,false,0,0,0,NA,-1,-1,-1,-1,-1,-2,-2,false,0,0,0,NA,-1,-1,-1,-1,-1,-2,-2
2,"Environment: 2, FiringMode: 2",6.298758,false,0,0,0,NA,false,0,0,0,NA,-1,-1,-1,-1,-1,-2,-2,false,0,0,0,NA,-1,-1,-1,-1,-1,-2,-2
2,"Environment: 2, FiringMode: 2",6.300199,false,0,0,0,NA,false,0,0,0,NA,-1,-1,-1,-1,-1,-2,-2,false,0,0,0,NA,-1,-1,-1,-1,-1,-2,-2
2,"Environment: 2, FiringMode: 2",6.301625,false,0,0,0,NA,false,0,0,0,NA,-1,-1,-1,-1,-1,-2,-2,false,0,0,0,NA,-1,-1,-1,-1,-1,-2,-2
2,"Environment: 2, FiringMode: 2",6.30308,false,0,0,0,NA,false,0,0,0,NA,-1,-1,-1,-1,-1,-2,-2,false,0,0,0,NA,-1,-1,-1,-1,-1,-2,-2
2,"Environment: 2, FiringMode: 2",6.304486,false,0,0,0,NA,false,0,0,0,NA,-1,-1,-1,-1,-1,-2,-2,false,0,0,0,NA,-1,-1,-1,-1,-1,-2,-2
2,"Environment: 2, FiringMode: 2",6.305823,false,0,0,0,NA,false,0,0,0,NA,-1,-1,-1,-1,-1,-2,-2,false,0,0,0,NA,-1,-1,-1,-1,-1,-2,-2
2,"Environment: 2, FiringMode: 2",6.307176,false,0,0,0,NA,false,0,0,0,NA,-1,-1,-1,-1,-1,-2,-2,false,0,0,0,NA,-1,-1,-1,-1,-1,-2,-2
2,"Environment: 2, FiringMode: 2",6.308513,false,0,0,0,NA,false,0,0,0,NA,-1,-1,-1,-1,-1,-2,-2,false,0,0,0,NA,-1,-1,-1,-1,-1,-2,-2
2,"Environment: 2, FiringMode: 2",6.309882,false,0,0,0,NA,false,0,0,0,NA,-1,-1,-1,-1,-1,-2,-2,false,0,0,0,NA,-1,-1,-1,-1,-1,-2,-2
2,"Environment: 2, FiringMode: 2",6.311206,false,0,0,0,NA,false,0,0,0,NA,-1,-1,-1,-1,-1,-2,-2,false,0,0,0,NA,-1,-1,-1,-1,-1,-2,-2
2,"Environment: 2, FiringMode: 2",6.312523,false,0,0,0,NA,false,0,0,0,NA,-1,-1,-1,-1,-1,-2,-2,false,0,0,0,NA,-1,-1,-1,-1,-1,-2,-2
2,"Environment: 2, FiringMode: 2",6.31375,false,0,0,0,NA,false,0,0,0,NA,-1,-1,-1,-1,-1,-2,-2,false,0,0,0,NA,-1,-1,-1,-1,-1,-2,-2
2,"Environment: 2, FiringMode: 2",6.315061,false,0,0,0,NA,false,0,0,0,NA,-1,-1,-1,-1,-1,-2,-2,false,0,0,0,NA,-1,-1,-1,-1,-1,-2,-2
2,"Environment: 2, FiringMode: 2",6.316439,false,0,0,0,NA,false,0,0,0,NA,-1,-1,-1,-1,-1,-2,-2,false,0,0,0,NA,-1,-1,-1,-1,-1,-2,-2
2,"Environment: 2, FiringMode: 2",6.317731,false,0,0,0,NA,false,0,0,0,NA,-1,-1,-1,-1,-1,-2,-2,false,0,0,0,NA,-1,-1,-1,-1,-1,-2,-2
2,"Environment: 2, FiringMode: 2",6.319077,false,0,0,0,NA,false,0,0,0,NA,-1,-1,-1,-1,-1,-2,-2,false,0,0,0,NA,-1,-1,-1,-1,-1,-2,-2
2,"Environment: 2, FiringMode: 2",6.320371,false,0,0,0,NA,false,0,0,0,NA,-1,-1,-1,-1,-1,-2,-2,false,0,0,0,NA,-1,-1,-1,-1,-1,-2,-2
2,"Environment: 2, FiringMode: 2",6.321638,false,0,0,0,NA,false,0,0,0,NA,-1,-1,-1,-1,-1,-2,-2,false,0,0,0,NA,-1,-1,-1,-1,-1,-2,-2
2,"Environment: 2, FiringMode: 2",6.322933,false,0,0,0,NA,false,0,0,0,NA,-1,-1,-1,-1,-1,-2,-2,false,0,0,0,NA,-1,-1,-1,-1,-1,-2,-2
2,"Environment: 2, FiringMode: 2",6.324218,false,0,0,0,NA,false,0,0,0,NA,-1,-1,-1,-1,-1,-2,-2,false,0,0,0,NA,-1,-1,-1,-1,-1,-2,-2
2,"Environment: 2, FiringMode: 2",6.325502,false,0,0,0,NA,false,0,0,0,NA,-1,-1,-1,-1,-1,-2,-2,false,0,0,0,NA,-1,-1,-1,-1,-1,-2,-2
2,"Environment: 2, FiringMode: 2",6.326809,false,0,0,0,NA,false,0,0,0,NA,-1,-1,-1,-1,-1,-2,-2,false,0,0,0,NA,-1,-1,-1,-1,-1,-2,-2
2,"Environment: 2, FiringMode: 2",6.328191,false,0,0,0,NA,false,0,0,0,NA,-1,-1,-1,-1,-1,-2,-2,false,0,0,0,NA,-1,-1,-1,-1,-1,-2,-2
2,"Environment: 2, FiringMode: 2",6.329633,false,0,0,0,NA,false,0,0,0,NA,-1,-1,-1,-1,-1,-2,-2,false,0,0,0,NA,-1,-1,-1,-1,-1,-2,-2
2,"Environment: 2, FiringMode: 2",6.330946,false,0,0,0,NA,false,0,0,0,NA,-1,-1,-1,-1,-1,-2,-2,false,0,0,0,NA,-1,-1,-1,-1,-1,-2,-2
2,"Environment: 2, FiringMode: 2",6.333201,false,0,0,0,NA,false,0,0,0,NA,-1,-1,-1,-1,-1,-2,-2,false,0,0,0,NA,-1,-1,-1,-1,-1,-2,-2
2,"Environment: 2, FiringMode: 2",6.33464,false,0,0,0,NA,false,0,0,0,NA,-1,-1,-1,-1,-1,-2,-2,false,0,0,0,NA,-1,-1,-1,-1,-1,-2,-2
2,"Environment: 2, FiringMode: 2",6.336067,false,0,0,0,NA,false,0,0,0,NA,-1,-1,-1,-1,-1,-2,-2,false,0,0,0,NA,-1,-1,-1,-1,-1,-2,-2
2,"Environment: 2, FiringMode: 2",6.337341,false,0,0,0,NA,false,0,0,0,NA,-1,-1,-1,-1,-1,-2,-2,false,0,0,0,NA,-1,-1,-1,-1,-1,-2,-2
2,"Environment: 2, FiringMode: 2",6.338749,false,0,0,0,NA,false,0,0,0,NA,-1,-1,-1,-1,-1,-2,-2,false,0,0,0,NA,-1,-1,-1,-1,-1,-2,-2
2,"Environment: 2, FiringMode: 2",6.340235,false,0,0,0,NA,false,0,0,0,NA,-1,-1,-1,-1,-1,-2,-2,false,0,0,0,NA,-1,-1,-1,-1,-1,-2,-2
2,"Environment: 2, FiringMode: 2",6.341614,false,0,0,0,NA,false,0,0,0,NA,-1,-1,-1,-1,-1,-2,-2,false,0,0,0,NA,-1,-1,-1,-1,-1,-2,-2
2,"Environment: 2, FiringMode: 2",6.342966,false,0,0,0,NA,false,0,0,0,NA,-1,-1,-1,-1,-1,-2,-2,false,0,0,0,NA,-1,-1,-1,-1,-1,-2,-2
2,"Environment: 2, FiringMode: 2",6.344339,false,0,0,0,NA,false,0,0,0,NA,-1,-1,-1,-1,-1,-2,-2,false,0,0,0,NA,-1,-1,-1,-1,-1,-2,-2
2,"Environment: 2, FiringMode: 2",6.345788,false,0,0,0,NA,false,0,0,0,NA,-1,-1,-1,-1,-1,-2,-2,false,0,0,0,NA,-1,-1,-1,-1,-1,-2,-2
2,"Environment: 2, FiringMode: 2",6.347288,false,0,0,0,NA,false,0,0,0,NA,-1,-1,-1,-1,-1,-2,-2,false,0,0,0,NA,-1,-1,-1,-1,-1,-2,-2
2,"Environment: 2, FiringMode: 2",6.348708,false,0,0,0,NA,false,0,0,0,NA,-1,-1,-1,-1,-1,-2,-2,false,0,0,0,NA,-1,-1,-1,-1,-1,-2,-2
2,"Environment: 2, FiringMode: 2",6.35001,false,0,0,0,NA,false,0,0,0,NA,-1,-1,-1,-1,-1,-2,-2,false,0,0,0,NA,-1,-1,-1,-1,-1,-2,-2
2,"Environment: 2, FiringMode: 2",6.351395,false,0,0,0,NA,false,0,0,0,NA,-1,-1,-1,-1,-1,-2,-2,false,0,0,0,NA,-1,-1,-1,-1,-1,-2,-2
2,"Environment: 2, FiringMode: 2",6.352898,false,0,0,0,NA,false,0,0,0,NA,-1,-1,-1,-1,-1,-2,-2,false,0,0,0,NA,-1,-1,-1,-1,-1,-2,-2
2,"Environment: 2, FiringMode: 2",6.354345,false,0,0,0,NA,false,0,0,0,NA,-1,-1,-1,-1,-1,-2,-2,false,0,0,0,NA,-1,-1,-1,-1,-1,-2,-2
2,"Environment: 2, FiringMode: 2",6.355751,false,0,0,0,NA,false,0,0,0,NA,-1,-1,-1,-1,-1,-2,-2,false,0,0,0,NA,-1,-1,-1,-1,-1,-2,-2
2,"Environment: 2, FiringMode: 2",6.357174,false,0,0,0,NA,false,0,0,0,NA,-1,-1,-1,-1,-1,-2,-2,false,0,0,0,NA,-1,-1,-1,-1,-1,-2,-2
2,"Environment: 2, FiringMode: 2",6.358679,false,0,0,0,NA,false,0,0,0,NA,-1,-1,-1,-1,-1,-2,-2,false,0,0,0,NA,-1,-1,-1,-1,-1,-2,-2
2,"Environment: 2, FiringMode: 2",6.360177,false,0,0,0,NA,false,0,0,0,NA,-1,-1,-1,-1,-1,-2,-2,false,0,0,0,NA,-1,-1,-1,-1,-1,-2,-2
2,"Environment: 2, FiringMode: 2",6.36164,false,0,0,0,NA,false,0,0,0,NA,-1,-1,-1,-1,-1,-2,-2,false,0,0,0,NA,-1,-1,-1,-1,-1,-2,-2
2,"Environment: 2, FiringMode: 2",6.363056,false,0,0,0,NA,false,0,0,0,NA,-1,-1,-1,-1,-1,-2,-2,false,0,0,0,NA,-1,-1,-1,-1,-1,-2,-2
2,"Environment: 2, FiringMode: 2",6.364459,false,0,0,0,NA,false,0,0,0,NA,-1,-1,-1,-1,-1,-2,-2,false,0,0,0,NA,-1,-1,-1,-1,-1,-2,-2
2,"Environment: 2, FiringMode: 2",6.366019,false,0,0,0,NA,false,0,0,0,NA,-1,-1,-1,-1,-1,-2,-2,false,0,0,0,NA,-1,-1,-1,-1,-1,-2,-2
2,"Environment: 2, FiringMode: 2",6.367769,false,0,0,0,NA,false,0,0,0,NA,-1,-1,-1,-1,-1,-2,-2,false,0,0,0,NA,-1,-1,-1,-1,-1,-2,-2
2,"Environment: 2, FiringMode: 2",6.369242,false,0,0,0,NA,false,0,0,0,NA,-1,-1,-1,-1,-1,-2,-2,false,0,0,0,NA,-1,-1,-1,-1,-1,-2,-2
2,"Environment: 2, FiringMode: 2",6.370687,false,0,0,0,NA,false,0,0,0,NA,-1,-1,-1,-1,-1,-2,-2,false,0,0,0,NA,-1,-1,-1,-1,-1,-2,-2
2,"Environment: 2, FiringMode: 2",6.37209,false,0,0,0,NA,false,0,0,0,NA,-1,-1,-1,-1,-1,-2,-2,false,0,0,0,NA,-1,-1,-1,-1,-1,-2,-2
2,"Environment: 2, FiringMode: 2",6.373494,false,0,0,0,NA,false,0,0,0,NA,-1,-1,-1,-1,-1,-2,-2,false,0,0,0,NA,-1,-1,-1,-1,-1,-2,-2
2,"Environment: 2, FiringMode: 2",6.374854,false,0,0,0,NA,false,0,0,0,NA,-1,-1,-1,-1,-1,-2,-2,false,0,0,0,NA,-1,-1,-1,-1,-1,-2,-2
2,"Environment: 2, FiringMode: 2",6.376238,false,0,0,0,NA,false,0,0,0,NA,-1,-1,-1,-1,-1,-2,-2,false,0,0,0,NA,-1,-1,-1,-1,-1,-2,-2
2,"Environment: 2, FiringMode: 2",6.377632,false,0,0,0,NA,false,0,0,0,NA,-1,-1,-1,-1,-1,-2,-2,false,0,0,0,NA,-1,-1,-1,-1,-1,-2,-2
2,"Environment: 2, FiringMode: 2",6.379135,false,0,0,0,NA,false,0,0,0,NA,-1,-1,-1,-1,-1,-2,-2,false,0,0,0,NA,-1,-1,-1,-1,-1,-2,-2
2,"Environment: 2, FiringMode: 2",6.380515,false,0,0,0,NA,false,0,0,0,NA,-1,-1,-1,-1,-1,-2,-2,false,0,0,0,NA,-1,-1,-1,-1,-1,-2,-2
2,"Environment: 2, FiringMode: 2",6.381876,false,0,0,0,NA,false,0,0,0,NA,-1,-1,-1,-1,-1,-2,-2,false,0,0,0,NA,-1,-1,-1,-1,-1,-2,-2
2,"Environment: 2, FiringMode: 2",6.383249,false,0,0,0,NA,false,0,0,0,NA,-1,-1,-1,-1,-1,-2,-2,false,0,0,0,NA,-1,-1,-1,-1,-1,-2,-2
2,"Environment: 2, FiringMode: 2",6.384617,false,0,0,0,NA,false,0,0,0,NA,-1,-1,-1,-1,-1,-2,-2,false,0,0,0,NA,-1,-1,-1,-1,-1,-2,-2
2,"Environment: 2, FiringMode: 2",6.386005,false,0,0,0,NA,false,0,0,0,NA,-1,-1,-1,-1,-1,-2,-2,false,0,0,0,NA,-1,-1,-1,-1,-1,-2,-2
2,"Environment: 2, FiringMode: 2",6.387337,false,0,0,0,NA,false,0,0,0,NA,-1,-1,-1,-1,-1,-2,-2,false,0,0,0,NA,-1,-1,-1,-1,-1,-2,-2
2,"Environment: 2, FiringMode: 2",6.388658,false,0,0,0,NA,false,0,0,0,NA,-1,-1,-1,-1,-1,-2,-2,false,0,0,0,NA,-1,-1,-1,-1,-1,-2,-2
2,"Environment: 2, FiringMode: 2",6.390046,false,0,0,0,NA,false,0,0,0,NA,-1,-1,-1,-1,-1,-2,-2,false,0,0,0,NA,-1,-1,-1,-1,-1,-2,-2
2,"Environment: 2, FiringMode: 2",6.391574,false,0,0,0,NA,false,0,0,0,NA,-1,-1,-1,-1,-1,-2,-2,false,0,0,0,NA,-1,-1,-1,-1,-1,-2,-2
2,"Environment: 2, FiringMode: 2",6.393069,false,0,0,0,NA,false,0,0,0,NA,-1,-1,-1,-1,-1,-2,-2,false,0,0,0,NA,-1,-1,-1,-1,-1,-2,-2
2,"Environment: 2, FiringMode: 2",6.395147,false,0,0,0,NA,false,0,0,0,NA,-1,-1,-1,-1,-1,-2,-2,false,0,0,0,NA,-1,-1,-1,-1,-1,-2,-2
2,"Environment: 2, FiringMode: 2",6.396559,false,0,0,0,NA,false,0,0,0,NA,-1,-1,-1,-1,-1,-2,-2,false,0,0,0,NA,-1,-1,-1,-1,-1,-2,-2
2,"Environment: 2, FiringMode: 2",6.397894,false,0,0,0,NA,false,0,0,0,NA,-1,-1,-1,-1,-1,-2,-2,false,0,0,0,NA,-1,-1,-1,-1,-1,-2,-2
2,"Environment: 2, FiringMode: 2",6.399368,false,0,0,0,NA,false,0,0,0,NA,-1,-1,-1,-1,-1,-2,-2,false,0,0,0,NA,-1,-1,-1,-1,-1,-2,-2
2,"Environment: 2, FiringMode: 2",6.400758,false,0,0,0,NA,false,0,0,0,NA,-1,-1,-1,-1,-1,-2,-2,false,0,0,0,NA,-1,-1,-1,-1,-1,-2,-2
2,"Environment: 2, FiringMode: 2",6.402101,false,0,0,0,NA,false,0,0,0,NA,-1,-1,-1,-1,-1,-2,-2,false,0,0,0,NA,-1,-1,-1,-1,-1,-2,-2
2,"Environment: 2, FiringMode: 2",6.403445,false,0,0,0,NA,false,0,0,0,NA,-1,-1,-1,-1,-1,-2,-2,false,0,0,0,NA,-1,-1,-1,-1,-1,-2,-2
2,"Environment: 2, FiringMode: 2",6.40544,false,0,0,0,NA,false,0,0,0,NA,-1,-1,-1,-1,-1,-2,-2,false,0,0,0,NA,-1,-1,-1,-1,-1,-2,-2
2,"Environment: 2, FiringMode: 2",6.407103,false,0,0,0,NA,false,0,0,0,NA,-1,-1,-1,-1,-1,-2,-2,false,0,0,0,NA,-1,-1,-1,-1,-1,-2,-2
2,"Environment: 2, FiringMode: 2",6.408633,false,0,0,0,NA,false,0,0,0,NA,-1,-1,-1,-1,-1,-2,-2,false,0,0,0,NA,-1,-1,-1,-1,-1,-2,-2
2,"Environment: 2, FiringMode: 2",6.409976,false,0,0,0,NA,false,0,0,0,NA,-1,-1,-1,-1,-1,-2,-2,false,0,0,0,NA,-1,-1,-1,-1,-1,-2,-2
2,"Environment: 2, FiringMode: 2",6.411374,false,0,0,0,NA,false,0,0,0,NA,-1,-1,-1,-1,-1,-2,-2,false,0,0,0,NA,-1,-1,-1,-1,-1,-2,-2
2,"Environment: 2, FiringMode: 2",6.412719,false,0,0,0,NA,false,0,0,0,NA,-1,-1,-1,-1,-1,-2,-2,false,0,0,0,NA,-1,-1,-1,-1,-1,-2,-2
2,"Environment: 2, FiringMode: 2",6.414575,false,0,0,0,NA,false,0,0,0,NA,-1,-1,-1,-1,-1,-2,-2,false,0,0,0,NA,-1,-1,-1,-1,-1,-2,-2
2,"Environment: 2, FiringMode: 2",6.415938,false,0,0,0,NA,false,0,0,0,NA,-1,-1,-1,-1,-1,-2,-2,false,0,0,0,NA,-1,-1,-1,-1,-1,-2,-2
2,"Environment: 2, FiringMode: 2",6.417273,false,0,0,0,NA,false,0,0,0,NA,-1,-1,-1,-1,-1,-2,-2,false,0,0,0,NA,-1,-1,-1,-1,-1,-2,-2
2,"Environment: 2, FiringMode: 2",6.418596,false,0,0,0,NA,false,0,0,0,NA,-1,-1,-1,-1,-1,-2,-2,false,0,0,0,NA,-1,-1,-1,-1,-1,-2,-2
2,"Environment: 2, FiringMode: 2",6.420048,false,0,0,0,NA,false,0,0,0,NA,-1,-1,-1,-1,-1,-2,-2,false,0,0,0,NA,-1,-1,-1,-1,-1,-2,-2
2,"Environment: 2, FiringMode: 2",6.421371,false,0,0,0,NA,false,0,0,0,NA,-1,-1,-1,-1,-1,-2,-2,false,0,0,0,NA,-1,-1,-1,-1,-1,-2,-2
2,"Environment: 2, FiringMode: 2",6.422678,false,0,0,0,NA,false,0,0,0,NA,-1,-1,-1,-1,-1,-2,-2,false,0,0,0,NA,-1,-1,-1,-1,-1,-2,-2
2,"Environment: 2, FiringMode: 2",6.424091,false,0,0,0,NA,false,0,0,0,NA,-1,-1,-1,-1,-1,-2,-2,false,0,0,0,NA,-1,-1,-1,-1,-1,-2,-2
2,"Environment: 2, FiringMode: 2",6.425381,false,0,0,0,NA,false,0,0,0,NA,-1,-1,-1,-1,-1,-2,-2,false,0,0,0,NA,-1,-1,-1,-1,-1,-2,-2
2,"Environment: 2, FiringMode: 2",6.426778,false,0,0,0,NA,false,0,0,0,NA,-1,-1,-1,-1,-1,-2,-2,false,0,0,0,NA,-1,-1,-1,-1,-1,-2,-2
2,"Environment: 2, FiringMode: 2",6.428148,false,0,0,0,NA,false,0,0,0,NA,-1,-1,-1,-1,-1,-2,-2,false,0,0,0,NA,-1,-1,-1,-1,-1,-2,-2
2,"Environment: 2, FiringMode: 2",6.429432,false,0,0,0,NA,false,0,0,0,NA,-1,-1,-1,-1,-1,-2,-2,false,0,0,0,NA,-1,-1,-1,-1,-1,-2,-2
2,"Environment: 2, FiringMode: 2",6.43075,false,0,0,0,NA,false,0,0,0,NA,-1,-1,-1,-1,-1,-2,-2,false,0,0,0,NA,-1,-1,-1,-1,-1,-2,-2
2,"Environment: 2, FiringMode: 2",6.432078,false,0,0,0,NA,false,0,0,0,NA,-1,-1,-1,-1,-1,-2,-2,false,0,0,0,NA,-1,-1,-1,-1,-1,-2,-2
2,"Environment: 2, FiringMode: 2",6.433394,false,0,0,0,NA,false,0,0,0,NA,-1,-1,-1,-1,-1,-2,-2,false,0,0,0,NA,-1,-1,-1,-1,-1,-2,-2
2,"Environment: 2, FiringMode: 2",6.434647,false,0,0,0,NA,false,0,0,0,NA,-1,-1,-1,-1,-1,-2,-2,false,0,0,0,NA,-1,-1,-1,-1,-1,-2,-2
2,"Environment: 2, FiringMode: 2",6.435937,false,0,0,0,NA,false,0,0,0,NA,-1,-1,-1,-1,-1,-2,-2,false,0,0,0,NA,-1,-1,-1,-1,-1,-2,-2
2,"Environment: 2, FiringMode: 2",6.437308,false,0,0,0,NA,false,0,0,0,NA,-1,-1,-1,-1,-1,-2,-2,false,0,0,0,NA,-1,-1,-1,-1,-1,-2,-2
2,"Environment: 2, FiringMode: 2",6.438626,false,0,0,0,NA,false,0,0,0,NA,-1,-1,-1,-1,-1,-2,-2,false,0,0,0,NA,-1,-1,-1,-1,-1,-2,-2
2,"Environment: 2, FiringMode: 2",6.439979,false,0,0,0,NA,false,0,0,0,NA,-1,-1,-1,-1,-1,-2,-2,false,0,0,0,NA,-1,-1,-1,-1,-1,-2,-2
2,"Environment: 2, FiringMode: 2",6.441271,false,0,0,0,NA,false,0,0,0,NA,-1,-1,-1,-1,-1,-2,-2,false,0,0,0,NA,-1,-1,-1,-1,-1,-2,-2
2,"Environment: 2, FiringMode: 2",6.442543,false,0,0,0,NA,false,0,0,0,NA,-1,-1,-1,-1,-1,-2,-2,false,0,0,0,NA,-1,-1,-1,-1,-1,-2,-2
2,"Environment: 2, FiringMode: 2",6.444131,false,0,0,0,NA,false,0,0,0,NA,-1,-1,-1,-1,-1,-2,-2,false,0,0,0,NA,-1,-1,-1,-1,-1,-2,-2
2,"Environment: 2, FiringMode: 2",6.445488,false,0,0,0,NA,false,0,0,0,NA,-1,-1,-1,-1,-1,-2,-2,false,0,0,0,NA,-1,-1,-1,-1,-1,-2,-2
2,"Environment: 2, FiringMode: 2",6.446864,false,0,0,0,NA,false,0,0,0,NA,-1,-1,-1,-1,-1,-2,-2,false,0,0,0,NA,-1,-1,-1,-1,-1,-2,-2
2,"Environment: 2, FiringMode: 2",6.44818,false,0,0,0,NA,false,0,0,0,NA,-1,-1,-1,-1,-1,-2,-2,false,0,0,0,NA,-1,-1,-1,-1,-1,-2,-2
2,"Environment: 2, FiringMode: 2",6.4496,false,0,0,0,NA,false,0,0,0,NA,-1,-1,-1,-1,-1,-2,-2,false,0,0,0,NA,-1,-1,-1,-1,-1,-2,-2
2,"Environment: 2, FiringMode: 2",6.450907,false,0,0,0,NA,false,0,0,0,NA,-1,-1,-1,-1,-1,-2,-2,false,0,0,0,NA,-1,-1,-1,-1,-1,-2,-2
2,"Environment: 2, FiringMode: 2",6.452257,false,0,0,0,NA,false,0,0,0,NA,-1,-1,-1,-1,-1,-2,-2,false,0,0,0,NA,-1,-1,-1,-1,-1,-2,-2
2,"Environment: 2, FiringMode: 2",6.453574,false,0,0,0,NA,false,0,0,0,NA,-1,-1,-1,-1,-1,-2,-2,false,0,0,0,NA,-1,-1,-1,-1,-1,-2,-2
2,"Environment: 2, FiringMode: 2",6.454905,false,0,0,0,NA,false,0,0,0,NA,-1,-1,-1,-1,-1,-2,-2,false,0,0,0,NA,-1,-1,-1,-1,-1,-2,-2
2,"Environment: 2, FiringMode: 2",6.456207,false,0,0,0,NA,false,0,0,0,NA,-1,-1,-1,-1,-1,-2,-2,false,0,0,0,NA,-1,-1,-1,-1,-1,-2,-2
2,"Environment: 2, FiringMode: 2",6.457451,false,0,0,0,NA,false,0,0,0,NA,-1,-1,-1,-1,-1,-2,-2,false,0,0,0,NA,-1,-1,-1,-1,-1,-2,-2
2,"Environment: 2, FiringMode: 2",6.45876,false,0,0,0,NA,false,0,0,0,NA,-1,-1,-1,-1,-1,-2,-2,false,0,0,0,NA,-1,-1,-1,-1,-1,-2,-2
2,"Environment: 2, FiringMode: 2",6.460231,false,0,0,0,NA,false,0,0,0,NA,-1,-1,-1,-1,-1,-2,-2,false,0,0,0,NA,-1,-1,-1,-1,-1,-2,-2
2,"Environment: 2, FiringMode: 2",6.461625,false,0,0,0,NA,false,0,0,0,NA,-1,-1,-1,-1,-1,-2,-2,false,0,0,0,NA,-1,-1,-1,-1,-1,-2,-2
2,"Environment: 2, FiringMode: 2",6.462993,false,0,0,0,NA,false,0,0,0,NA,-1,-1,-1,-1,-1,-2,-2,false,0,0,0,NA,-1,-1,-1,-1,-1,-2,-2
2,"Environment: 2, FiringMode: 2",6.464458,false,0,0,0,NA,false,0,0,0,NA,-1,-1,-1,-1,-1,-2,-2,false,0,0,0,NA,-1,-1,-1,-1,-1,-2,-2
2,"Environment: 2, FiringMode: 2",6.465874,false,0,0,0,NA,false,0,0,0,NA,-1,-1,-1,-1,-1,-2,-2,false,0,0,0,NA,-1,-1,-1,-1,-1,-2,-2
2,"Environment: 2, FiringMode: 2",6.467433,false,0,0,0,NA,false,0,0,0,NA,-1,-1,-1,-1,-1,-2,-2,false,0,0,0,NA,-1,-1,-1,-1,-1,-2,-2
2,"Environment: 2, FiringMode: 2",6.468899,false,0,0,0,NA,false,0,0,0,NA,-1,-1,-1,-1,-1,-2,-2,false,0,0,0,NA,-1,-1,-1,-1,-1,-2,-2
2,"Environment: 2, FiringMode: 2",6.47037,false,0,0,0,NA,false,0,0,0,NA,-1,-1,-1,-1,-1,-2,-2,false,0,0,0,NA,-1,-1,-1,-1,-1,-2,-2
2,"Environment: 2, FiringMode: 2",6.471679,false,0,0,0,NA,false,0,0,0,NA,-1,-1,-1,-1,-1,-2,-2,false,0,0,0,NA,-1,-1,-1,-1,-1,-2,-2
2,"Environment: 2, FiringMode: 2",6.47304,false,0,0,0,NA,false,0,0,0,NA,-1,-1,-1,-1,-1,-2,-2,false,0,0,0,NA,-1,-1,-1,-1,-1,-2,-2
2,"Environment: 2, FiringMode: 2",6.474421,false,0,0,0,NA,false,0,0,0,NA,-1,-1,-1,-1,-1,-2,-2,false,0,0,0,NA,-1,-1,-1,-1,-1,-2,-2
2,"Environment: 2, FiringMode: 2",6.475763,false,0,0,0,NA,false,0,0,0,NA,-1,-1,-1,-1,-1,-2,-2,false,0,0,0,NA,-1,-1,-1,-1,-1,-2,-2
2,"Environment: 2, FiringMode: 2",6.47713,false,0,0,0,NA,false,0,0,0,NA,-1,-1,-1,-1,-1,-2,-2,false,0,0,0,NA,-1,-1,-1,-1,-1,-2,-2
2,"Environment: 2, FiringMode: 2",6.478509,false,0,0,0,NA,false,0,0,0,NA,-1,-1,-1,-1,-1,-2,-2,false,0,0,0,NA,-1,-1,-1,-1,-1,-2,-2
2,"Environment: 2, FiringMode: 2",6.480033,false,0,0,0,NA,false,0,0,0,NA,-1,-1,-1,-1,-1,-2,-2,false,0,0,0,NA,-1,-1,-1,-1,-1,-2,-2
2,"Environment: 2, FiringMode: 2",6.481462,false,0,0,0,NA,false,0,0,0,NA,-1,-1,-1,-1,-1,-2,-2,false,0,0,0,NA,-1,-1,-1,-1,-1,-2,-2
2,"Environment: 2, FiringMode: 2",6.482828,false,0,0,0,NA,false,0,0,0,NA,-1,-1,-1,-1,-1,-2,-2,false,0,0,0,NA,-1,-1,-1,-1,-1,-2,-2
2,"Environment: 2, FiringMode: 2",6.484103,false,0,0,0,NA,false,0,0,0,NA,-1,-1,-1,-1,-1,-2,-2,false,0,0,0,NA,-1,-1,-1,-1,-1,-2,-2
2,"Environment: 2, FiringMode: 2",6.485569,false,0,0,0,NA,false,0,0,0,NA,-1,-1,-1,-1,-1,-2,-2,false,0,0,0,NA,-1,-1,-1,-1,-1,-2,-2
2,"Environment: 2, FiringMode: 2",6.487053,false,0,0,0,NA,false,0,0,0,NA,-1,-1,-1,-1,-1,-2,-2,false,0,0,0,NA,-1,-1,-1,-1,-1,-2,-2
2,"Environment: 2, FiringMode: 2",6.488402,false,0,0,0,NA,false,0,0,0,NA,-1,-1,-1,-1,-1,-2,-2,false,0,0,0,NA,-1,-1,-1,-1,-1,-2,-2
2,"Environment: 2, FiringMode: 2",6.489758,false,0,0,0,NA,false,0,0,0,NA,-1,-1,-1,-1,-1,-2,-2,false,0,0,0,NA,-1,-1,-1,-1,-1,-2,-2
2,"Environment: 2, FiringMode: 2",6.491067,false,0,0,0,NA,false,0,0,0,NA,-1,-1,-1,-1,-1,-2,-2,false,0,0,0,NA,-1,-1,-1,-1,-1,-2,-2
2,"Environment: 2, FiringMode: 2",6.492444,false,0,0,0,NA,false,0,0,0,NA,-1,-1,-1,-1,-1,-2,-2,false,0,0,0,NA,-1,-1,-1,-1,-1,-2,-2
2,"Environment: 2, FiringMode: 2",6.493834,false,0,0,0,NA,false,0,0,0,NA,-1,-1,-1,-1,-1,-2,-2,false,0,0,0,NA,-1,-1,-1,-1,-1,-2,-2
2,"Environment: 2, FiringMode: 2",6.495162,false,0,0,0,NA,false,0,0,0,NA,-1,-1,-1,-1,-1,-2,-2,false,0,0,0,NA,-1,-1,-1,-1,-1,-2,-2
2,"Environment: 2, FiringMode: 2",6.496676,false,0,0,0,NA,false,0,0,0,NA,-1,-1,-1,-1,-1,-2,-2,false,0,0,0,NA,-1,-1,-1,-1,-1,-2,-2
2,"Environment: 2, FiringMode: 2",6.498292,false,0,0,0,NA,false,0,0,0,NA,-1,-1,-1,-1,-1,-2,-2,false,0,0,0,NA,-1,-1,-1,-1,-1,-2,-2
2,"Environment: 2, FiringMode: 2",6.499727,false,0,0,0,NA,false,0,0,0,NA,-1,-1,-1,-1,-1,-2,-2,false,0,0,0,NA,-1,-1,-1,-1,-1,-2,-2
2,"Environment: 2, FiringMode: 2",6.501044,false,0,0,0,NA,false,0,0,0,NA,-1,-1,-1,-1,-1,-2,-2,false,0,0,0,NA,-1,-1,-1,-1,-1,-2,-2
2,"Environment: 2, FiringMode: 2",6.502545,false,0,0,0,NA,false,0,0,0,NA,-1,-1,-1,-1,-1,-2,-2,false,0,0,0,NA,-1,-1,-1,-1,-1,-2,-2
2,"Environment: 2, FiringMode: 2",6.503881,false,0,0,0,NA,false,0,0,0,NA,-1,-1,-1,-1,-1,-2,-2,false,0,0,0,NA,-1,-1,-1,-1,-1,-2,-2
2,"Environment: 2, FiringMode: 2",6.505173,false,0,0,0,NA,false,0,0,0,NA,-1,-1,-1,-1,-1,-2,-2,false,0,0,0,NA,-1,-1,-1,-1,-1,-2,-2
2,"Environment: 2, FiringMode: 2",6.506478,false,0,0,0,NA,false,0,0,0,NA,-1,-1,-1,-1,-1,-2,-2,false,0,0,0,NA,-1,-1,-1,-1,-1,-2,-2
2,"Environment: 2, FiringMode: 2",6.507755,false,0,0,0,NA,false,0,0,0,NA,-1,-1,-1,-1,-1,-2,-2,false,0,0,0,NA,-1,-1,-1,-1,-1,-2,-2
2,"Environment: 2, FiringMode: 2",6.509024,false,0,0,0,NA,false,0,0,0,NA,-1,-1,-1,-1,-1,-2,-2,false,0,0,0,NA,-1,-1,-1,-1,-1,-2,-2
2,"Environment: 2, FiringMode: 2",6.510423,false,0,0,0,NA,false,0,0,0,NA,-1,-1,-1,-1,-1,-2,-2,false,0,0,0,NA,-1,-1,-1,-1,-1,-2,-2
2,"Environment: 2, FiringMode: 2",6.511751,false,0,0,0,NA,false,0,0,0,NA,-1,-1,-1,-1,-1,-2,-2,false,0,0,0,NA,-1,-1,-1,-1,-1,-2,-2
2,"Environment: 2, FiringMode: 2",6.513076,false,0,0,0,NA,false,0,0,0,NA,-1,-1,-1,-1,-1,-2,-2,false,0,0,0,NA,-1,-1,-1,-1,-1,-2,-2
2,"Environment: 2, FiringMode: 2",6.514356,false,0,0,0,NA,false,0,0,0,NA,-1,-1,-1,-1,-1,-2,-2,false,0,0,0,NA,-1,-1,-1,-1,-1,-2,-2
2,"Environment: 2, FiringMode: 2",6.515625,false,0,0,0,NA,false,0,0,0,NA,-1,-1,-1,-1,-1,-2,-2,false,0,0,0,NA,-1,-1,-1,-1,-1,-2,-2
2,"Environment: 2, FiringMode: 2",6.516934,false,0,0,0,NA,false,0,0,0,NA,-1,-1,-1,-1,-1,-2,-2,false,0,0,0,NA,-1,-1,-1,-1,-1,-2,-2
2,"Environment: 2, FiringMode: 2",6.518216,false,0,0,0,NA,false,0,0,0,NA,-1,-1,-1,-1,-1,-2,-2,false,0,0,0,NA,-1,-1,-1,-1,-1,-2,-2
2,"Environment: 2, FiringMode: 2",6.51967,false,0,0,0,NA,false,0,0,0,NA,-1,-1,-1,-1,-1,-2,-2,false,0,0,0,NA,-1,-1,-1,-1,-1,-2,-2
2,"Environment: 2, FiringMode: 2",6.521037,false,0,0,0,NA,false,0,0,0,NA,-1,-1,-1,-1,-1,-2,-2,false,0,0,0,NA,-1,-1,-1,-1,-1,-2,-2
2,"Environment: 2, FiringMode: 2",6.522439,false,0,0,0,NA,false,0,0,0,NA,-1,-1,-1,-1,-1,-2,-2,false,0,0,0,NA,-1,-1,-1,-1,-1,-2,-2
2,"Environment: 2, FiringMode: 2",6.523856,false,0,0,0,NA,false,0,0,0,NA,-1,-1,-1,-1,-1,-2,-2,false,0,0,0,NA,-1,-1,-1,-1,-1,-2,-2
2,"Environment: 2, FiringMode: 2",6.52516,false,0,0,0,NA,false,0,0,0,NA,-1,-1,-1,-1,-1,-2,-2,false,0,0,0,NA,-1,-1,-1,-1,-1,-2,-2
2,"Environment: 2, FiringMode: 2",6.526491,false,0,0,0,NA,false,0,0,0,NA,-1,-1,-1,-1,-1,-2,-2,false,0,0,0,NA,-1,-1,-1,-1,-1,-2,-2
2,"Environment: 2, FiringMode: 2",6.527792,false,0,0,0,NA,false,0,0,0,NA,-1,-1,-1,-1,-1,-2,-2,false,0,0,0,NA,-1,-1,-1,-1,-1,-2,-2
2,"Environment: 2, FiringMode: 2",6.52909,false,0,0,0,NA,false,0,0,0,NA,-1,-1,-1,-1,-1,-2,-2,false,0,0,0,NA,-1,-1,-1,-1,-1,-2,-2
2,"Environment: 2, FiringMode: 2",6.530467,false,0,0,0,NA,false,0,0,0,NA,-1,-1,-1,-1,-1,-2,-2,false,0,0,0,NA,-1,-1,-1,-1,-1,-2,-2
2,"Environment: 2, FiringMode: 2",6.531792,false,0,0,0,NA,false,0,0,0,NA,-1,-1,-1,-1,-1,-2,-2,false,0,0,0,NA,-1,-1,-1,-1,-1,-2,-2
2,"Environment: 2, FiringMode: 2",6.533708,false,0,0,0,NA,false,0,0,0,NA,-1,-1,-1,-1,-1,-2,-2,false,0,0,0,NA,-1,-1,-1,-1,-1,-2,-2
2,"Environment: 2, FiringMode: 2",6.535016,false,0,0,0,NA,false,0,0,0,NA,-1,-1,-1,-1,-1,-2,-2,false,0,0,0,NA,-1,-1,-1,-1,-1,-2,-2
2,"Environment: 2, FiringMode: 2",6.536416,false,0,0,0,NA,false,0,0,0,NA,-1,-1,-1,-1,-1,-2,-2,false,0,0,0,NA,-1,-1,-1,-1,-1,-2,-2
2,"Environment: 2, FiringMode: 2",6.537694,false,0,0,0,NA,false,0,0,0,NA,-1,-1,-1,-1,-1,-2,-2,false,0,0,0,NA,-1,-1,-1,-1,-1,-2,-2
2,"Environment: 2, FiringMode: 2",6.538991,false,0,0,0,NA,false,0,0,0,NA,-1,-1,-1,-1,-1,-2,-2,false,0,0,0,NA,-1,-1,-1,-1,-1,-2,-2
2,"Environment: 2, FiringMode: 2",6.540223,false,0,0,0,NA,false,0,0,0,NA,-1,-1,-1,-1,-1,-2,-2,false,0,0,0,NA,-1,-1,-1,-1,-1,-2,-2
2,"Environment: 2, FiringMode: 2",6.541454,false,0,0,0,NA,false,0,0,0,NA,-1,-1,-1,-1,-1,-2,-2,false,0,0,0,NA,-1,-1,-1,-1,-1,-2,-2
2,"Environment: 2, FiringMode: 2",6.542718,false,0,0,0,NA,false,0,0,0,NA,-1,-1,-1,-1,-1,-2,-2,false,0,0,0,NA,-1,-1,-1,-1,-1,-2,-2
2,"Environment: 2, FiringMode: 2",6.543972,false,0,0,0,NA,false,0,0,0,NA,-1,-1,-1,-1,-1,-2,-2,false,0,0,0,NA,-1,-1,-1,-1,-1,-2,-2
2,"Environment: 2, FiringMode: 2",6.545292,false,0,0,0,NA,false,0,0,0,NA,-1,-1,-1,-1,-1,-2,-2,false,0,0,0,NA,-1,-1,-1,-1,-1,-2,-2
2,"Environment: 2, FiringMode: 2",6.546645,false,0,0,0,NA,false,0,0,0,NA,-1,-1,-1,-1,-1,-2,-2,false,0,0,0,NA,-1,-1,-1,-1,-1,-2,-2
2,"Environment: 2, FiringMode: 2",6.547996,false,0,0,0,NA,false,0,0,0,NA,-1,-1,-1,-1,-1,-2,-2,false,0,0,0,NA,-1,-1,-1,-1,-1,-2,-2
2,"Environment: 2, FiringMode: 2",6.549408,false,0,0,0,NA,false,0,0,0,NA,-1,-1,-1,-1,-1,-2,-2,false,0,0,0,NA,-1,-1,-1,-1,-1,-2,-2
2,"Environment: 2, FiringMode: 2",6.550943,false,0,0,0,NA,false,0,0,0,NA,-1,-1,-1,-1,-1,-2,-2,false,0,0,0,NA,-1,-1,-1,-1,-1,-2,-2
2,"Environment: 2, FiringMode: 2",6.552422,false,0,0,0,NA,false,0,0,0,NA,-1,-1,-1,-1,-1,-2,-2,false,0,0,0,NA,-1,-1,-1,-1,-1,-2,-2
2,"Environment: 2, FiringMode: 2",6.553704,false,0,0,0,NA,false,0,0,0,NA,-1,-1,-1,-1,-1,-2,-2,false,0,0,0,NA,-1,-1,-1,-1,-1,-2,-2
2,"Environment: 2, FiringMode: 2",6.554985,false,0,0,0,NA,false,0,0,0,NA,-1,-1,-1,-1,-1,-2,-2,false,0,0,0,NA,-1,-1,-1,-1,-1,-2,-2
2,"Environment: 2, FiringMode: 2",6.556305,false,0,0,0,NA,false,0,0,0,NA,-1,-1,-1,-1,-1,-2,-2,false,0,0,0,NA,-1,-1,-1,-1,-1,-2,-2
2,"Environment: 2, FiringMode: 2",6.557631,false,0,0,0,NA,false,0,0,0,NA,-1,-1,-1,-1,-1,-2,-2,false,0,0,0,NA,-1,-1,-1,-1,-1,-2,-2
2,"Environment: 2, FiringMode: 2",6.559056,false,0,0,0,NA,false,0,0,0,NA,-1,-1,-1,-1,-1,-2,-2,false,0,0,0,NA,-1,-1,-1,-1,-1,-2,-2
2,"Environment: 2, FiringMode: 2",6.560421,false,0,0,0,NA,false,0,0,0,NA,-1,-1,-1,-1,-1,-2,-2,false,0,0,0,NA,-1,-1,-1,-1,-1,-2,-2
2,"Environment: 2, FiringMode: 2",6.561843,false,0,0,0,NA,false,0,0,0,NA,-1,-1,-1,-1,-1,-2,-2,false,0,0,0,NA,-1,-1,-1,-1,-1,-2,-2
2,"Environment: 2, FiringMode: 2",6.563132,false,0,0,0,NA,false,0,0,0,NA,-1,-1,-1,-1,-1,-2,-2,false,0,0,0,NA,-1,-1,-1,-1,-1,-2,-2
2,"Environment: 2, FiringMode: 2",6.564402,false,0,0,0,NA,false,0,0,0,NA,-1,-1,-1,-1,-1,-2,-2,false,0,0,0,NA,-1,-1,-1,-1,-1,-2,-2
2,"Environment: 2, FiringMode: 2",6.565691,false,0,0,0,NA,false,0,0,0,NA,-1,-1,-1,-1,-1,-2,-2,false,0,0,0,NA,-1,-1,-1,-1,-1,-2,-2
2,"Environment: 2, FiringMode: 2",6.566949,false,0,0,0,NA,false,0,0,0,NA,-1,-1,-1,-1,-1,-2,-2,false,0,0,0,NA,-1,-1,-1,-1,-1,-2,-2
2,"Environment: 2, FiringMode: 2",6.568174,false,0,0,0,NA,false,0,0,0,NA,-1,-1,-1,-1,-1,-2,-2,false,0,0,0,NA,-1,-1,-1,-1,-1,-2,-2
2,"Environment: 2, FiringMode: 2",6.569443,false,0,0,0,NA,false,0,0,0,NA,-1,-1,-1,-1,-1,-2,-2,false,0,0,0,NA,-1,-1,-1,-1,-1,-2,-2
2,"Environment: 2, FiringMode: 2",6.570677,false,0,0,0,NA,false,0,0,0,NA,-1,-1,-1,-1,-1,-2,-2,false,0,0,0,NA,-1,-1,-1,-1,-1,-2,-2
2,"Environment: 2, FiringMode: 2",6.571998,false,0,0,0,NA,false,0,0,0,NA,-1,-1,-1,-1,-1,-2,-2,false,0,0,0,NA,-1,-1,-1,-1,-1,-2,-2
2,"Environment: 2, FiringMode: 2",6.573283,false,0,0,0,NA,false,0,0,0,NA,-1,-1,-1,-1,-1,-2,-2,false,0,0,0,NA,-1,-1,-1,-1,-1,-2,-2
2,"Environment: 2, FiringMode: 2",6.574555,false,0,0,0,NA,false,0,0,0,NA,-1,-1,-1,-1,-1,-2,-2,false,0,0,0,NA,-1,-1,-1,-1,-1,-2,-2
2,"Environment: 2, FiringMode: 2",6.576019,false,0,0,0,NA,false,0,0,0,NA,-1,-1,-1,-1,-1,-2,-2,false,0,0,0,NA,-1,-1,-1,-1,-1,-2,-2
2,"Environment: 2, FiringMode: 2",6.577384,false,0,0,0,NA,false,0,0,0,NA,-1,-1,-1,-1,-1,-2,-2,false,0,0,0,NA,-1,-1,-1,-1,-1,-2,-2
2,"Environment: 2, FiringMode: 2",6.578727,false,0,0,0,NA,false,0,0,0,NA,-1,-1,-1,-1,-1,-2,-2,false,0,0,0,NA,-1,-1,-1,-1,-1,-2,-2
2,"Environment: 2, FiringMode: 2",6.580234,false,0,0,0,NA,false,0,0,0,NA,-1,-1,-1,-1,-1,-2,-2,false,0,0,0,NA,-1,-1,-1,-1,-1,-2,-2
2,"Environment: 2, FiringMode: 2",6.581571,false,0,0,0,NA,false,0,0,0,NA,-1,-1,-1,-1,-1,-2,-2,false,0,0,0,NA,-1,-1,-1,-1,-1,-2,-2
2,"Environment: 2, FiringMode: 2",6.582875,false,0,0,0,NA,false,0,0,0,NA,-1,-1,-1,-1,-1,-2,-2,false,0,0,0,NA,-1,-1,-1,-1,-1,-2,-2
2,"Environment: 2, FiringMode: 2",6.584134,false,0,0,0,NA,false,0,0,0,NA,-1,-1,-1,-1,-1,-2,-2,false,0,0,0,NA,-1,-1,-1,-1,-1,-2,-2
2,"Environment: 2, FiringMode: 2",6.585416,false,0,0,0,NA,false,0,0,0,NA,-1,-1,-1,-1,-1,-2,-2,false,0,0,0,NA,-1,-1,-1,-1,-1,-2,-2
2,"Environment: 2, FiringMode: 2",6.586743,false,0,0,0,NA,false,0,0,0,NA,-1,-1,-1,-1,-1,-2,-2,false,0,0,0,NA,-1,-1,-1,-1,-1,-2,-2
2,"Environment: 2, FiringMode: 2",6.588209,false,0,0,0,NA,false,0,0,0,NA,-1,-1,-1,-1,-1,-2,-2,false,0,0,0,NA,-1,-1,-1,-1,-1,-2,-2
2,"Environment: 2, FiringMode: 2",6.589546,false,0,0,0,NA,false,0,0,0,NA,-1,-1,-1,-1,-1,-2,-2,false,0,0,0,NA,-1,-1,-1,-1,-1,-2,-2
2,"Environment: 2, FiringMode: 2",6.590785,false,0,0,0,NA,false,0,0,0,NA,-1,-1,-1,-1,-1,-2,-2,false,0,0,0,NA,-1,-1,-1,-1,-1,-2,-2
2,"Environment: 2, FiringMode: 2",6.592049,false,0,0,0,NA,false,0,0,0,NA,-1,-1,-1,-1,-1,-2,-2,false,0,0,0,NA,-1,-1,-1,-1,-1,-2,-2
2,"Environment: 2, FiringMode: 2",6.59334,false,0,0,0,NA,false,0,0,0,NA,-1,-1,-1,-1,-1,-2,-2,false,0,0,0,NA,-1,-1,-1,-1,-1,-2,-2
2,"Environment: 2, FiringMode: 2",6.594693,false,0,0,0,NA,false,0,0,0,NA,-1,-1,-1,-1,-1,-2,-2,false,0,0,0,NA,-1,-1,-1,-1,-1,-2,-2
2,"Environment: 2, FiringMode: 2",6.596062,false,0,0,0,NA,false,0,0,0,NA,-1,-1,-1,-1,-1,-2,-2,false,0,0,0,NA,-1,-1,-1,-1,-1,-2,-2
2,"Environment: 2, FiringMode: 2",6.597409,false,0,0,0,NA,false,0,0,0,NA,-1,-1,-1,-1,-1,-2,-2,false,0,0,0,NA,-1,-1,-1,-1,-1,-2,-2
2,"Environment: 2, FiringMode: 2",6.599081,false,0,0,0,NA,false,0,0,0,NA,-1,-1,-1,-1,-1,-2,-2,false,0,0,0,NA,-1,-1,-1,-1,-1,-2,-2
2,"Environment: 2, FiringMode: 2",6.600509,false,0,0,0,NA,false,0,0,0,NA,-1,-1,-1,-1,-1,-2,-2,false,0,0,0,NA,-1,-1,-1,-1,-1,-2,-2
2,"Environment: 2, FiringMode: 2",6.602015,false,0,0,0,NA,false,0,0,0,NA,-1,-1,-1,-1,-1,-2,-2,false,0,0,0,NA,-1,-1,-1,-1,-1,-2,-2
2,"Environment: 2, FiringMode: 2",6.603436,false,0,0,0,NA,false,0,0,0,NA,-1,-1,-1,-1,-1,-2,-2,false,0,0,0,NA,-1,-1,-1,-1,-1,-2,-2
2,"Environment: 2, FiringMode: 2",6.604818,false,0,0,0,NA,false,0,0,0,NA,-1,-1,-1,-1,-1,-2,-2,false,0,0,0,NA,-1,-1,-1,-1,-1,-2,-2
2,"Environment: 2, FiringMode: 2",6.606321,false,0,0,0,NA,false,0,0,0,NA,-1,-1,-1,-1,-1,-2,-2,false,0,0,0,NA,-1,-1,-1,-1,-1,-2,-2
2,"Environment: 2, FiringMode: 2",6.607736,false,0,0,0,NA,false,0,0,0,NA,-1,-1,-1,-1,-1,-2,-2,false,0,0,0,NA,-1,-1,-1,-1,-1,-2,-2
2,"Environment: 2, FiringMode: 2",6.60913,false,0,0,0,NA,false,0,0,0,NA,-1,-1,-1,-1,-1,-2,-2,false,0,0,0,NA,-1,-1,-1,-1,-1,-2,-2
2,"Environment: 2, FiringMode: 2",6.610526,false,0,0,0,NA,false,0,0,0,NA,-1,-1,-1,-1,-1,-2,-2,false,0,0,0,NA,-1,-1,-1,-1,-1,-2,-2
2,"Environment: 2, FiringMode: 2",6.611939,false,0,0,0,NA,false,0,0,0,NA,-1,-1,-1,-1,-1,-2,-2,false,0,0,0,NA,-1,-1,-1,-1,-1,-2,-2
2,"Environment: 2, FiringMode: 2",6.613396,false,0,0,0,NA,false,0,0,0,NA,-1,-1,-1,-1,-1,-2,-2,false,0,0,0,NA,-1,-1,-1,-1,-1,-2,-2
2,"Environment: 2, FiringMode: 2",6.614822,false,0,0,0,NA,false,0,0,0,NA,-1,-1,-1,-1,-1,-2,-2,false,0,0,0,NA,-1,-1,-1,-1,-1,-2,-2
2,"Environment: 2, FiringMode: 2",6.61623,false,0,0,0,NA,false,0,0,0,NA,-1,-1,-1,-1,-1,-2,-2,false,0,0,0,NA,-1,-1,-1,-1,-1,-2,-2
2,"Environment: 2, FiringMode: 2",6.617562,false,0,0,0,NA,false,0,0,0,NA,-1,-1,-1,-1,-1,-2,-2,false,0,0,0,NA,-1,-1,-1,-1,-1,-2,-2
2,"Environment: 2, FiringMode: 2",6.619121,false,0,0,0,NA,false,0,0,0,NA,-1,-1,-1,-1,-1,-2,-2,false,0,0,0,NA,-1,-1,-1,-1,-1,-2,-2
2,"Environment: 2, FiringMode: 2",6.620511,false,0,0,0,NA,false,0,0,0,NA,-1,-1,-1,-1,-1,-2,-2,false,0,0,0,NA,-1,-1,-1,-1,-1,-2,-2
2,"Environment: 2, FiringMode: 2",6.621859,false,0,0,0,NA,false,0,0,0,NA,-1,-1,-1,-1,-1,-2,-2,false,0,0,0,NA,-1,-1,-1,-1,-1,-2,-2
2,"Environment: 2, FiringMode: 2",6.623155,false,0,0,0,NA,false,0,0,0,NA,-1,-1,-1,-1,-1,-2,-2,false,0,0,0,NA,-1,-1,-1,-1,-1,-2,-2
2,"Environment: 2, FiringMode: 2",6.624599,false,0,0,0,NA,false,0,0,0,NA,-1,-1,-1,-1,-1,-2,-2,false,0,0,0,NA,-1,-1,-1,-1,-1,-2,-2
2,"Environment: 2, FiringMode: 2",6.626054,false,0,0,0,NA,false,0,0,0,NA,-1,-1,-1,-1,-1,-2,-2,false,0,0,0,NA,-1,-1,-1,-1,-1,-2,-2
2,"Environment: 2, FiringMode: 2",6.627369,false,0,0,0,NA,false,0,0,0,NA,-1,-1,-1,-1,-1,-2,-2,false,0,0,0,NA,-1,-1,-1,-1,-1,-2,-2
2,"Environment: 2, FiringMode: 2",6.628699,false,0,0,0,NA,false,0,0,0,NA,-1,-1,-1,-1,-1,-2,-2,false,0,0,0,NA,-1,-1,-1,-1,-1,-2,-2
2,"Environment: 2, FiringMode: 2",6.630022,false,0,0,0,NA,false,0,0,0,NA,-1,-1,-1,-1,-1,-2,-2,false,0,0,0,NA,-1,-1,-1,-1,-1,-2,-2
2,"Environment: 2, FiringMode: 2",6.631463,false,0,0,0,NA,false,0,0,0,NA,-1,-1,-1,-1,-1,-2,-2,false,0,0,0,NA,-1,-1,-1,-1,-1,-2,-2
2,"Environment: 2, FiringMode: 2",6.632836,false,0,0,0,NA,false,0,0,0,NA,-1,-1,-1,-1,-1,-2,-2,false,0,0,0,NA,-1,-1,-1,-1,-1,-2,-2
2,"Environment: 2, FiringMode: 2",6.634334,false,0,0,0,NA,false,0,0,0,NA,-1,-1,-1,-1,-1,-2,-2,false,0,0,0,NA,-1,-1,-1,-1,-1,-2,-2
2,"Environment: 2, FiringMode: 2",6.635816,false,0,0,0,NA,false,0,0,0,NA,-1,-1,-1,-1,-1,-2,-2,false,0,0,0,NA,-1,-1,-1,-1,-1,-2,-2
2,"Environment: 2, FiringMode: 2",6.637161,false,0,0,0,NA,false,0,0,0,NA,-1,-1,-1,-1,-1,-2,-2,false,0,0,0,NA,-1,-1,-1,-1,-1,-2,-2
2,"Environment: 2, FiringMode: 2",6.638511,false,0,0,0,NA,false,0,0,0,NA,-1,-1,-1,-1,-1,-2,-2,false,0,0,0,NA,-1,-1,-1,-1,-1,-2,-2
2,"Environment: 2, FiringMode: 2",6.640035,false,0,0,0,NA,false,0,0,0,NA,-1,-1,-1,-1,-1,-2,-2,false,0,0,0,NA,-1,-1,-1,-1,-1,-2,-2
2,"Environment: 2, FiringMode: 2",6.641694,false,0,0,0,NA,false,0,0,0,NA,-1,-1,-1,-1,-1,-2,-2,false,0,0,0,NA,-1,-1,-1,-1,-1,-2,-2
2,"Environment: 2, FiringMode: 2",6.643173,false,0,0,0,NA,false,0,0,0,NA,-1,-1,-1,-1,-1,-2,-2,false,0,0,0,NA,-1,-1,-1,-1,-1,-2,-2
2,"Environment: 2, FiringMode: 2",6.644541,false,0,0,0,NA,false,0,0,0,NA,-1,-1,-1,-1,-1,-2,-2,false,0,0,0,NA,-1,-1,-1,-1,-1,-2,-2
2,"Environment: 2, FiringMode: 2",6.645934,false,0,0,0,NA,false,0,0,0,NA,-1,-1,-1,-1,-1,-2,-2,false,0,0,0,NA,-1,-1,-1,-1,-1,-2,-2
2,"Environment: 2, FiringMode: 2",6.64735,false,0,0,0,NA,false,0,0,0,NA,-1,-1,-1,-1,-1,-2,-2,false,0,0,0,NA,-1,-1,-1,-1,-1,-2,-2
2,"Environment: 2, FiringMode: 2",6.648828,false,0,0,0,NA,false,0,0,0,NA,-1,-1,-1,-1,-1,-2,-2,false,0,0,0,NA,-1,-1,-1,-1,-1,-2,-2
2,"Environment: 2, FiringMode: 2",6.650414,false,0,0,0,NA,false,0,0,0,NA,-1,-1,-1,-1,-1,-2,-2,false,0,0,0,NA,-1,-1,-1,-1,-1,-2,-2
2,"Environment: 2, FiringMode: 2",6.651849,false,0,0,0,NA,false,0,0,0,NA,-1,-1,-1,-1,-1,-2,-2,false,0,0,0,NA,-1,-1,-1,-1,-1,-2,-2
2,"Environment: 2, FiringMode: 2",6.653137,false,0,0,0,NA,false,0,0,0,NA,-1,-1,-1,-1,-1,-2,-2,false,0,0,0,NA,-1,-1,-1,-1,-1,-2,-2
2,"Environment: 2, FiringMode: 2",6.654627,false,0,0,0,NA,false,0,0,0,NA,-1,-1,-1,-1,-1,-2,-2,false,0,0,0,NA,-1,-1,-1,-1,-1,-2,-2
2,"Environment: 2, FiringMode: 2",6.656105,false,0,0,0,NA,false,0,0,0,NA,-1,-1,-1,-1,-1,-2,-2,false,0,0,0,NA,-1,-1,-1,-1,-1,-2,-2
2,"Environment: 2, FiringMode: 2",6.657861,false,0,0,0,NA,false,0,0,0,NA,-1,-1,-1,-1,-1,-2,-2,false,0,0,0,NA,-1,-1,-1,-1,-1,-2,-2
2,"Environment: 2, FiringMode: 2",6.659526,false,0,0,0,NA,false,0,0,0,NA,-1,-1,-1,-1,-1,-2,-2,false,0,0,0,NA,-1,-1,-1,-1,-1,-2,-2
2,"Environment: 2, FiringMode: 2",6.660987,false,0,0,0,NA,false,0,0,0,NA,-1,-1,-1,-1,-1,-2,-2,false,0,0,0,NA,-1,-1,-1,-1,-1,-2,-2
2,"Environment: 2, FiringMode: 2",6.662877,false,0,0,0,NA,false,0,0,0,NA,-1,-1,-1,-1,-1,-2,-2,false,0,0,0,NA,-1,-1,-1,-1,-1,-2,-2
2,"Environment: 2, FiringMode: 2",6.664572,false,0,0,0,NA,false,0,0,0,NA,-1,-1,-1,-1,-1,-2,-2,false,0,0,0,NA,-1,-1,-1,-1,-1,-2,-2
2,"Environment: 2, FiringMode: 2",6.6662,false,0,0,0,NA,false,0,0,0,NA,-1,-1,-1,-1,-1,-2,-2,false,0,0,0,NA,-1,-1,-1,-1,-1,-2,-2
2,"Environment: 2, FiringMode: 2",6.667735,false,0,0,0,NA,false,0,0,0,NA,-1,-1,-1,-1,-1,-2,-2,false,0,0,0,NA,-1,-1,-1,-1,-1,-2,-2
2,"Environment: 2, FiringMode: 2",6.669806,false,0,0,0,NA,false,0,0,0,NA,-1,-1,-1,-1,-1,-2,-2,false,0,0,0,NA,-1,-1,-1,-1,-1,-2,-2
2,"Environment: 2, FiringMode: 2",6.671987,false,0,0,0,NA,false,0,0,0,NA,-1,-1,-1,-1,-1,-2,-2,false,0,0,0,NA,-1,-1,-1,-1,-1,-2,-2
2,"Environment: 2, FiringMode: 2",6.673771,false,0,0,0,NA,false,0,0,0,NA,-1,-1,-1,-1,-1,-2,-2,false,0,0,0,NA,-1,-1,-1,-1,-1,-2,-2
2,"Environment: 2, FiringMode: 2",6.675996,false,0,0,0,NA,false,0,0,0,NA,-1,-1,-1,-1,-1,-2,-2,false,0,0,0,NA,-1,-1,-1,-1,-1,-2,-2
2,"Environment: 2, FiringMode: 2",6.677609,false,0,0,0,NA,false,0,0,0,NA,-1,-1,-1,-1,-1,-2,-2,false,0,0,0,NA,-1,-1,-1,-1,-1,-2,-2
2,"Environment: 2, FiringMode: 2",6.679201,false,0,0,0,NA,false,0,0,0,NA,-1,-1,-1,-1,-1,-2,-2,false,0,0,0,NA,-1,-1,-1,-1,-1,-2,-2
2,"Environment: 2, FiringMode: 2",6.680729,false,0,0,0,NA,false,0,0,0,NA,-1,-1,-1,-1,-1,-2,-2,false,0,0,0,NA,-1,-1,-1,-1,-1,-2,-2
2,"Environment: 2, FiringMode: 2",6.682144,false,0,0,0,NA,false,0,0,0,NA,-1,-1,-1,-1,-1,-2,-2,false,0,0,0,NA,-1,-1,-1,-1,-1,-2,-2
2,"Environment: 2, FiringMode: 2",6.68363,false,0,0,0,NA,false,0,0,0,NA,-1,-1,-1,-1,-1,-2,-2,false,0,0,0,NA,-1,-1,-1,-1,-1,-2,-2
2,"Environment: 2, FiringMode: 2",6.685141,false,0,0,0,NA,false,0,0,0,NA,-1,-1,-1,-1,-1,-2,-2,false,0,0,0,NA,-1,-1,-1,-1,-1,-2,-2
2,"Environment: 2, FiringMode: 2",6.686576,false,0,0,0,NA,false,0,0,0,NA,-1,-1,-1,-1,-1,-2,-2,false,0,0,0,NA,-1,-1,-1,-1,-1,-2,-2
2,"Environment: 2, FiringMode: 2",6.68856,false,0,0,0,NA,false,0,0,0,NA,-1,-1,-1,-1,-1,-2,-2,false,0,0,0,NA,-1,-1,-1,-1,-1,-2,-2
2,"Environment: 2, FiringMode: 2",6.689939,false,0,0,0,NA,false,0,0,0,NA,-1,-1,-1,-1,-1,-2,-2,false,0,0,0,NA,-1,-1,-1,-1,-1,-2,-2
2,"Environment: 2, FiringMode: 2",6.691353,false,0,0,0,NA,false,0,0,0,NA,-1,-1,-1,-1,-1,-2,-2,false,0,0,0,NA,-1,-1,-1,-1,-1,-2,-2
2,"Environment: 2, FiringMode: 2",6.692707,false,0,0,0,NA,false,0,0,0,NA,-1,-1,-1,-1,-1,-2,-2,false,0,0,0,NA,-1,-1,-1,-1,-1,-2,-2
2,"Environment: 2, FiringMode: 2",6.694272,false,0,0,0,NA,false,0,0,0,NA,-1,-1,-1,-1,-1,-2,-2,false,0,0,0,NA,-1,-1,-1,-1,-1,-2,-2
2,"Environment: 2, FiringMode: 2",6.695868,false,0,0,0,NA,false,0,0,0,NA,-1,-1,-1,-1,-1,-2,-2,false,0,0,0,NA,-1,-1,-1,-1,-1,-2,-2
2,"Environment: 2, FiringMode: 2",6.697354,false,0,0,0,NA,false,0,0,0,NA,-1,-1,-1,-1,-1,-2,-2,false,0,0,0,NA,-1,-1,-1,-1,-1,-2,-2
2,"Environment: 2, FiringMode: 2",6.698791,false,0,0,0,NA,false,0,0,0,NA,-1,-1,-1,-1,-1,-2,-2,false,0,0,0,NA,-1,-1,-1,-1,-1,-2,-2
2,"Environment: 2, FiringMode: 2",6.700298,false,0,0,0,NA,false,0,0,0,NA,-1,-1,-1,-1,-1,-2,-2,false,0,0,0,NA,-1,-1,-1,-1,-1,-2,-2
2,"Environment: 2, FiringMode: 2",6.701779,false,0,0,0,NA,false,0,0,0,NA,-1,-1,-1,-1,-1,-2,-2,false,0,0,0,NA,-1,-1,-1,-1,-1,-2,-2
2,"Environment: 2, FiringMode: 2",6.70316,false,0,0,0,NA,false,0,0,0,NA,-1,-1,-1,-1,-1,-2,-2,false,0,0,0,NA,-1,-1,-1,-1,-1,-2,-2
2,"Environment: 2, FiringMode: 2",6.704573,false,0,0,0,NA,false,0,0,0,NA,-1,-1,-1,-1,-1,-2,-2,false,0,0,0,NA,-1,-1,-1,-1,-1,-2,-2
2,"Environment: 2, FiringMode: 2",6.705956,false,0,0,0,NA,false,0,0,0,NA,-1,-1,-1,-1,-1,-2,-2,false,0,0,0,NA,-1,-1,-1,-1,-1,-2,-2
2,"Environment: 2, FiringMode: 2",6.707256,false,0,0,0,NA,false,0,0,0,NA,-1,-1,-1,-1,-1,-2,-2,false,0,0,0,NA,-1,-1,-1,-1,-1,-2,-2
2,"Environment: 2, FiringMode: 2",6.708546,false,0,0,0,NA,false,0,0,0,NA,-1,-1,-1,-1,-1,-2,-2,false,0,0,0,NA,-1,-1,-1,-1,-1,-2,-2
2,"Environment: 2, FiringMode: 2",6.709778,false,0,0,0,NA,false,0,0,0,NA,-1,-1,-1,-1,-1,-2,-2,false,0,0,0,NA,-1,-1,-1,-1,-1,-2,-2
2,"Environment: 2, FiringMode: 2",6.711071,false,0,0,0,NA,false,0,0,0,NA,-1,-1,-1,-1,-1,-2,-2,false,0,0,0,NA,-1,-1,-1,-1,-1,-2,-2
2,"Environment: 2, FiringMode: 2",6.712359,false,0,0,0,NA,false,0,0,0,NA,-1,-1,-1,-1,-1,-2,-2,false,0,0,0,NA,-1,-1,-1,-1,-1,-2,-2
2,"Environment: 2, FiringMode: 2",6.713644,false,0,0,0,NA,false,0,0,0,NA,-1,-1,-1,-1,-1,-2,-2,false,0,0,0,NA,-1,-1,-1,-1,-1,-2,-2
2,"Environment: 2, FiringMode: 2",6.714928,false,0,0,0,NA,false,0,0,0,NA,-1,-1,-1,-1,-1,-2,-2,false,0,0,0,NA,-1,-1,-1,-1,-1,-2,-2
2,"Environment: 2, FiringMode: 2",6.716285,false,0,0,0,NA,false,0,0,0,NA,-1,-1,-1,-1,-1,-2,-2,false,0,0,0,NA,-1,-1,-1,-1,-1,-2,-2
2,"Environment: 2, FiringMode: 2",6.717593,false,0,0,0,NA,false,0,0,0,NA,-1,-1,-1,-1,-1,-2,-2,false,0,0,0,NA,-1,-1,-1,-1,-1,-2,-2
2,"Environment: 2, FiringMode: 2",6.718999,false,0,0,0,NA,false,0,0,0,NA,-1,-1,-1,-1,-1,-2,-2,false,0,0,0,NA,-1,-1,-1,-1,-1,-2,-2
2,"Environment: 2, FiringMode: 2",6.720315,false,0,0,0,NA,false,0,0,0,NA,-1,-1,-1,-1,-1,-2,-2,false,0,0,0,NA,-1,-1,-1,-1,-1,-2,-2
2,"Environment: 2, FiringMode: 2",6.7216,false,0,0,0,NA,false,0,0,0,NA,-1,-1,-1,-1,-1,-2,-2,false,0,0,0,NA,-1,-1,-1,-1,-1,-2,-2
2,"Environment: 2, FiringMode: 2",6.722913,false,0,0,0,NA,false,0,0,0,NA,-1,-1,-1,-1,-1,-2,-2,false,0,0,0,NA,-1,-1,-1,-1,-1,-2,-2
2,"Environment: 2, FiringMode: 2",6.724191,false,0,0,0,NA,false,0,0,0,NA,-1,-1,-1,-1,-1,-2,-2,false,0,0,0,NA,-1,-1,-1,-1,-1,-2,-2
2,"Environment: 2, FiringMode: 2",6.725409,false,0,0,0,NA,false,0,0,0,NA,-1,-1,-1,-1,-1,-2,-2,false,0,0,0,NA,-1,-1,-1,-1,-1,-2,-2
2,"Environment: 2, FiringMode: 2",6.726696,false,0,0,0,NA,false,0,0,0,NA,-1,-1,-1,-1,-1,-2,-2,false,0,0,0,NA,-1,-1,-1,-1,-1,-2,-2
2,"Environment: 2, FiringMode: 2",6.727983,false,0,0,0,NA,false,0,0,0,NA,-1,-1,-1,-1,-1,-2,-2,false,0,0,0,NA,-1,-1,-1,-1,-1,-2,-2
2,"Environment: 2, FiringMode: 2",6.729233,false,0,0,0,NA,false,0,0,0,NA,-1,-1,-1,-1,-1,-2,-2,false,0,0,0,NA,-1,-1,-1,-1,-1,-2,-2
2,"Environment: 2, FiringMode: 2",6.730541,false,0,0,0,NA,false,0,0,0,NA,-1,-1,-1,-1,-1,-2,-2,false,0,0,0,NA,-1,-1,-1,-1,-1,-2,-2
2,"Environment: 2, FiringMode: 2",6.731768,false,0,0,0,NA,false,0,0,0,NA,-1,-1,-1,-1,-1,-2,-2,false,0,0,0,NA,-1,-1,-1,-1,-1,-2,-2
2,"Environment: 2, FiringMode: 2",6.733115,false,0,0,0,NA,false,0,0,0,NA,-1,-1,-1,-1,-1,-2,-2,false,0,0,0,NA,-1,-1,-1,-1,-1,-2,-2
2,"Environment: 2, FiringMode: 2",6.73437,false,0,0,0,NA,false,0,0,0,NA,-1,-1,-1,-1,-1,-2,-2,false,0,0,0,NA,-1,-1,-1,-1,-1,-2,-2
2,"Environment: 2, FiringMode: 2",6.7356,false,0,0,0,NA,false,0,0,0,NA,-1,-1,-1,-1,-1,-2,-2,false,0,0,0,NA,-1,-1,-1,-1,-1,-2,-2
2,"Environment: 2, FiringMode: 2",6.736916,false,0,0,0,NA,false,0,0,0,NA,-1,-1,-1,-1,-1,-2,-2,false,0,0,0,NA,-1,-1,-1,-1,-1,-2,-2
2,"Environment: 2, FiringMode: 2",6.738106,false,0,0,0,NA,false,0,0,0,NA,-1,-1,-1,-1,-1,-2,-2,false,0,0,0,NA,-1,-1,-1,-1,-1,-2,-2
2,"Environment: 2, FiringMode: 2",6.739508,false,0,0,0,NA,false,0,0,0,NA,-1,-1,-1,-1,-1,-2,-2,false,0,0,0,NA,-1,-1,-1,-1,-1,-2,-2
2,"Environment: 2, FiringMode: 2",6.740819,false,0,0,0,NA,false,0,0,0,NA,-1,-1,-1,-1,-1,-2,-2,false,0,0,0,NA,-1,-1,-1,-1,-1,-2,-2
2,"Environment: 2, FiringMode: 2",6.742074,false,0,0,0,NA,false,0,0,0,NA,-1,-1,-1,-1,-1,-2,-2,false,0,0,0,NA,-1,-1,-1,-1,-1,-2,-2
2,"Environment: 2, FiringMode: 2",6.743396,false,0,0,0,NA,false,0,0,0,NA,-1,-1,-1,-1,-1,-2,-2,false,0,0,0,NA,-1,-1,-1,-1,-1,-2,-2
2,"Environment: 2, FiringMode: 2",6.74471,false,0,0,0,NA,false,0,0,0,NA,-1,-1,-1,-1,-1,-2,-2,false,0,0,0,NA,-1,-1,-1,-1,-1,-2,-2
2,"Environment: 2, FiringMode: 2",6.746129,false,0,0,0,NA,false,0,0,0,NA,-1,-1,-1,-1,-1,-2,-2,false,0,0,0,NA,-1,-1,-1,-1,-1,-2,-2
2,"Environment: 2, FiringMode: 2",6.747499,false,0,0,0,NA,false,0,0,0,NA,-1,-1,-1,-1,-1,-2,-2,false,0,0,0,NA,-1,-1,-1,-1,-1,-2,-2
2,"Environment: 2, FiringMode: 2",6.748774,false,0,0,0,NA,false,0,0,0,NA,-1,-1,-1,-1,-1,-2,-2,false,0,0,0,NA,-1,-1,-1,-1,-1,-2,-2
2,"Environment: 2, FiringMode: 2",6.750076,false,0,0,0,NA,false,0,0,0,NA,-1,-1,-1,-1,-1,-2,-2,false,0,0,0,NA,-1,-1,-1,-1,-1,-2,-2
2,"Environment: 2, FiringMode: 2",6.751378,false,0,0,0,NA,false,0,0,0,NA,-1,-1,-1,-1,-1,-2,-2,false,0,0,0,NA,-1,-1,-1,-1,-1,-2,-2
2,"Environment: 2, FiringMode: 2",6.752763,false,0,0,0,NA,false,0,0,0,NA,-1,-1,-1,-1,-1,-2,-2,false,0,0,0,NA,-1,-1,-1,-1,-1,-2,-2
2,"Environment: 2, FiringMode: 2",6.7541,false,0,0,0,NA,false,0,0,0,NA,-1,-1,-1,-1,-1,-2,-2,false,0,0,0,NA,-1,-1,-1,-1,-1,-2,-2
2,"Environment: 2, FiringMode: 2",6.755517,false,0,0,0,NA,false,0,0,0,NA,-1,-1,-1,-1,-1,-2,-2,false,0,0,0,NA,-1,-1,-1,-1,-1,-2,-2
2,"Environment: 2, FiringMode: 2",6.756924,false,0,0,0,NA,false,0,0,0,NA,-1,-1,-1,-1,-1,-2,-2,false,0,0,0,NA,-1,-1,-1,-1,-1,-2,-2
2,"Environment: 2, FiringMode: 2",6.758327,false,0,0,0,NA,false,0,0,0,NA,-1,-1,-1,-1,-1,-2,-2,false,0,0,0,NA,-1,-1,-1,-1,-1,-2,-2
2,"Environment: 2, FiringMode: 2",6.75984,false,0,0,0,NA,false,0,0,0,NA,-1,-1,-1,-1,-1,-2,-2,false,0,0,0,NA,-1,-1,-1,-1,-1,-2,-2
2,"Environment: 2, FiringMode: 2",6.761133,false,0,0,0,NA,false,0,0,0,NA,-1,-1,-1,-1,-1,-2,-2,false,0,0,0,NA,-1,-1,-1,-1,-1,-2,-2
2,"Environment: 2, FiringMode: 2",6.762376,false,0,0,0,NA,false,0,0,0,NA,-1,-1,-1,-1,-1,-2,-2,false,0,0,0,NA,-1,-1,-1,-1,-1,-2,-2
2,"Environment: 2, FiringMode: 2",6.763687,false,0,0,0,NA,false,0,0,0,NA,-1,-1,-1,-1,-1,-2,-2,false,0,0,0,NA,-1,-1,-1,-1,-1,-2,-2
2,"Environment: 2, FiringMode: 2",6.764979,false,0,0,0,NA,false,0,0,0,NA,-1,-1,-1,-1,-1,-2,-2,false,0,0,0,NA,-1,-1,-1,-1,-1,-2,-2
2,"Environment: 2, FiringMode: 2",6.766322,false,0,0,0,NA,false,0,0,0,NA,-1,-1,-1,-1,-1,-2,-2,false,0,0,0,NA,-1,-1,-1,-1,-1,-2,-2
2,"Environment: 2, FiringMode: 2",6.767661,false,0,0,0,NA,false,0,0,0,NA,-1,-1,-1,-1,-1,-2,-2,false,0,0,0,NA,-1,-1,-1,-1,-1,-2,-2
2,"Environment: 2, FiringMode: 2",6.769037,false,0,0,0,NA,false,0,0,0,NA,-1,-1,-1,-1,-1,-2,-2,false,0,0,0,NA,-1,-1,-1,-1,-1,-2,-2
2,"Environment: 2, FiringMode: 2",6.770376,false,0,0,0,NA,false,0,0,0,NA,-1,-1,-1,-1,-1,-2,-2,false,0,0,0,NA,-1,-1,-1,-1,-1,-2,-2
2,"Environment: 2, FiringMode: 2",6.771662,false,0,0,0,NA,false,0,0,0,NA,-1,-1,-1,-1,-1,-2,-2,false,0,0,0,NA,-1,-1,-1,-1,-1,-2,-2
2,"Environment: 2, FiringMode: 2",6.775755,false,0,0,0,NA,false,0,0,0,NA,-1,-1,-1,-1,-1,-2,-2,false,0,0,0,NA,-1,-1,-1,-1,-1,-2,-2
2,"Environment: 2, FiringMode: 2",6.778774,false,0,0,0,NA,false,0,0,0,NA,-1,-1,-1,-1,-1,-2,-2,false,0,0,0,NA,-1,-1,-1,-1,-1,-2,-2
2,"Environment: 2, FiringMode: 2",6.780331,false,0,0,0,NA,false,0,0,0,NA,-1,-1,-1,-1,-1,-2,-2,false,0,0,0,NA,-1,-1,-1,-1,-1,-2,-2
2,"Environment: 2, FiringMode: 2",6.781736,false,0,0,0,NA,false,0,0,0,NA,-1,-1,-1,-1,-1,-2,-2,false,0,0,0,NA,-1,-1,-1,-1,-1,-2,-2
2,"Environment: 2, FiringMode: 2",6.783233,false,0,0,0,NA,false,0,0,0,NA,-1,-1,-1,-1,-1,-2,-2,false,0,0,0,NA,-1,-1,-1,-1,-1,-2,-2
2,"Environment: 2, FiringMode: 2",6.784555,false,0,0,0,NA,false,0,0,0,NA,-1,-1,-1,-1,-1,-2,-2,false,0,0,0,NA,-1,-1,-1,-1,-1,-2,-2
2,"Environment: 2, FiringMode: 2",6.785872,false,0,0,0,NA,false,0,0,0,NA,-1,-1,-1,-1,-1,-2,-2,false,0,0,0,NA,-1,-1,-1,-1,-1,-2,-2
2,"Environment: 2, FiringMode: 2",6.787138,false,0,0,0,NA,false,0,0,0,NA,-1,-1,-1,-1,-1,-2,-2,false,0,0,0,NA,-1,-1,-1,-1,-1,-2,-2
2,"Environment: 2, FiringMode: 2",6.788422,false,0,0,0,NA,false,0,0,0,NA,-1,-1,-1,-1,-1,-2,-2,false,0,0,0,NA,-1,-1,-1,-1,-1,-2,-2
2,"Environment: 2, FiringMode: 2",6.789716,false,0,0,0,NA,false,0,0,0,NA,-1,-1,-1,-1,-1,-2,-2,false,0,0,0,NA,-1,-1,-1,-1,-1,-2,-2
2,"Environment: 2, FiringMode: 2",6.79111,false,0,0,0,NA,false,0,0,0,NA,-1,-1,-1,-1,-1,-2,-2,false,0,0,0,NA,-1,-1,-1,-1,-1,-2,-2
2,"Environment: 2, FiringMode: 2",6.79242,false,0,0,0,NA,false,0,0,0,NA,-1,-1,-1,-1,-1,-2,-2,false,0,0,0,NA,-1,-1,-1,-1,-1,-2,-2
2,"Environment: 2, FiringMode: 2",6.793748,false,0,0,0,NA,false,0,0,0,NA,-1,-1,-1,-1,-1,-2,-2,false,0,0,0,NA,-1,-1,-1,-1,-1,-2,-2
2,"Environment: 2, FiringMode: 2",6.795069,false,0,0,0,NA,false,0,0,0,NA,-1,-1,-1,-1,-1,-2,-2,false,0,0,0,NA,-1,-1,-1,-1,-1,-2,-2
2,"Environment: 2, FiringMode: 2",6.796433,false,0,0,0,NA,false,0,0,0,NA,-1,-1,-1,-1,-1,-2,-2,false,0,0,0,NA,-1,-1,-1,-1,-1,-2,-2
2,"Environment: 2, FiringMode: 2",6.79782,false,0,0,0,NA,false,0,0,0,NA,-1,-1,-1,-1,-1,-2,-2,false,0,0,0,NA,-1,-1,-1,-1,-1,-2,-2
2,"Environment: 2, FiringMode: 2",6.799339,false,0,0,0,NA,false,0,0,0,NA,-1,-1,-1,-1,-1,-2,-2,false,0,0,0,NA,-1,-1,-1,-1,-1,-2,-2
2,"Environment: 2, FiringMode: 2",6.800671,false,0,0,0,NA,false,0,0,0,NA,-1,-1,-1,-1,-1,-2,-2,false,0,0,0,NA,-1,-1,-1,-1,-1,-2,-2
2,"Environment: 2, FiringMode: 2",6.80208,false,0,0,0,NA,false,0,0,0,NA,-1,-1,-1,-1,-1,-2,-2,false,0,0,0,NA,-1,-1,-1,-1,-1,-2,-2
2,"Environment: 2, FiringMode: 2",6.803583,false,0,0,0,NA,false,0,0,0,NA,-1,-1,-1,-1,-1,-2,-2,false,0,0,0,NA,-1,-1,-1,-1,-1,-2,-2
2,"Environment: 2, FiringMode: 2",6.805227,false,0,0,0,NA,false,0,0,0,NA,-1,-1,-1,-1,-1,-2,-2,false,0,0,0,NA,-1,-1,-1,-1,-1,-2,-2
2,"Environment: 2, FiringMode: 2",6.806733,false,0,0,0,NA,false,0,0,0,NA,-1,-1,-1,-1,-1,-2,-2,false,0,0,0,NA,-1,-1,-1,-1,-1,-2,-2
2,"Environment: 2, FiringMode: 2",6.808165,false,0,0,0,NA,false,0,0,0,NA,-1,-1,-1,-1,-1,-2,-2,false,0,0,0,NA,-1,-1,-1,-1,-1,-2,-2
2,"Environment: 2, FiringMode: 2",6.809531,false,0,0,0,NA,false,0,0,0,NA,-1,-1,-1,-1,-1,-2,-2,false,0,0,0,NA,-1,-1,-1,-1,-1,-2,-2
2,"Environment: 2, FiringMode: 2",6.819002,false,0,0,0,NA,false,0,0,0,NA,-1,-1,-1,-1,-1,-2,-2,false,0,0,0,NA,-1,-1,-1,-1,-1,-2,-2
2,"Environment: 2, FiringMode: 2",6.820638,false,0,0,0,NA,false,0,0,0,NA,-1,-1,-1,-1,-1,-2,-2,false,0,0,0,NA,-1,-1,-1,-1,-1,-2,-2
2,"Environment: 2, FiringMode: 2",6.822173,false,0,0,0,NA,false,0,0,0,NA,-1,-1,-1,-1,-1,-2,-2,false,0,0,0,NA,-1,-1,-1,-1,-1,-2,-2
2,"Environment: 2, FiringMode: 2",6.823601,false,0,0,0,NA,false,0,0,0,NA,-1,-1,-1,-1,-1,-2,-2,false,0,0,0,NA,-1,-1,-1,-1,-1,-2,-2
2,"Environment: 2, FiringMode: 2",6.825226,false,0,0,0,NA,false,0,0,0,NA,-1,-1,-1,-1,-1,-2,-2,false,0,0,0,NA,-1,-1,-1,-1,-1,-2,-2
2,"Environment: 2, FiringMode: 2",6.826804,false,0,0,0,NA,false,0,0,0,NA,-1,-1,-1,-1,-1,-2,-2,false,0,0,0,NA,-1,-1,-1,-1,-1,-2,-2
2,"Environment: 2, FiringMode: 2",6.828389,false,0,0,0,NA,false,0,0,0,NA,-1,-1,-1,-1,-1,-2,-2,false,0,0,0,NA,-1,-1,-1,-1,-1,-2,-2
2,"Environment: 2, FiringMode: 2",6.830029,false,0,0,0,NA,false,0,0,0,NA,-1,-1,-1,-1,-1,-2,-2,false,0,0,0,NA,-1,-1,-1,-1,-1,-2,-2
2,"Environment: 2, FiringMode: 2",6.831518,false,0,0,0,NA,false,0,0,0,NA,-1,-1,-1,-1,-1,-2,-2,false,0,0,0,NA,-1,-1,-1,-1,-1,-2,-2
2,"Environment: 2, FiringMode: 2",6.832914,false,0,0,0,NA,false,0,0,0,NA,-1,-1,-1,-1,-1,-2,-2,false,0,0,0,NA,-1,-1,-1,-1,-1,-2,-2
2,"Environment: 2, FiringMode: 2",6.834296,false,0,0,0,NA,false,0,0,0,NA,-1,-1,-1,-1,-1,-2,-2,false,0,0,0,NA,-1,-1,-1,-1,-1,-2,-2
2,"Environment: 2, FiringMode: 2",6.835681,false,0,0,0,NA,false,0,0,0,NA,-1,-1,-1,-1,-1,-2,-2,false,0,0,0,NA,-1,-1,-1,-1,-1,-2,-2
2,"Environment: 2, FiringMode: 2",6.83703,false,0,0,0,NA,false,0,0,0,NA,-1,-1,-1,-1,-1,-2,-2,false,0,0,0,NA,-1,-1,-1,-1,-1,-2,-2
2,"Environment: 2, FiringMode: 2",6.838312,false,0,0,0,NA,false,0,0,0,NA,-1,-1,-1,-1,-1,-2,-2,false,0,0,0,NA,-1,-1,-1,-1,-1,-2,-2
2,"Environment: 2, FiringMode: 2",6.839788,false,0,0,0,NA,false,0,0,0,NA,-1,-1,-1,-1,-1,-2,-2,false,0,0,0,NA,-1,-1,-1,-1,-1,-2,-2
2,"Environment: 2, FiringMode: 2",6.841191,false,0,0,0,NA,false,0,0,0,NA,-1,-1,-1,-1,-1,-2,-2,false,0,0,0,NA,-1,-1,-1,-1,-1,-2,-2
2,"Environment: 2, FiringMode: 2",6.842593,false,0,0,0,NA,false,0,0,0,NA,-1,-1,-1,-1,-1,-2,-2,false,0,0,0,NA,-1,-1,-1,-1,-1,-2,-2
2,"Environment: 2, FiringMode: 2",6.844102,false,0,0,0,NA,false,0,0,0,NA,-1,-1,-1,-1,-1,-2,-2,false,0,0,0,NA,-1,-1,-1,-1,-1,-2,-2
2,"Environment: 2, FiringMode: 2",6.84551,false,0,0,0,NA,false,0,0,0,NA,-1,-1,-1,-1,-1,-2,-2,false,0,0,0,NA,-1,-1,-1,-1,-1,-2,-2
2,"Environment: 2, FiringMode: 2",6.846904,false,0,0,0,NA,false,0,0,0,NA,-1,-1,-1,-1,-1,-2,-2,false,0,0,0,NA,-1,-1,-1,-1,-1,-2,-2
2,"Environment: 2, FiringMode: 2",6.848207,false,0,0,0,NA,false,0,0,0,NA,-1,-1,-1,-1,-1,-2,-2,false,0,0,0,NA,-1,-1,-1,-1,-1,-2,-2
2,"Environment: 2, FiringMode: 2",6.849557,false,0,0,0,NA,false,0,0,0,NA,-1,-1,-1,-1,-1,-2,-2,false,0,0,0,NA,-1,-1,-1,-1,-1,-2,-2
2,"Environment: 2, FiringMode: 2",6.850888,false,0,0,0,NA,false,0,0,0,NA,-1,-1,-1,-1,-1,-2,-2,false,0,0,0,NA,-1,-1,-1,-1,-1,-2,-2
2,"Environment: 2, FiringMode: 2",6.852205,false,0,0,0,NA,false,0,0,0,NA,-1,-1,-1,-1,-1,-2,-2,false,0,0,0,NA,-1,-1,-1,-1,-1,-2,-2
2,"Environment: 2, FiringMode: 2",6.853587,false,0,0,0,NA,false,0,0,0,NA,-1,-1,-1,-1,-1,-2,-2,false,0,0,0,NA,-1,-1,-1,-1,-1,-2,-2
2,"Environment: 2, FiringMode: 2",6.855396,false,0,0,0,NA,false,0,0,0,NA,-1,-1,-1,-1,-1,-2,-2,false,0,0,0,NA,-1,-1,-1,-1,-1,-2,-2
2,"Environment: 2, FiringMode: 2",6.856918,false,0,0,0,NA,false,0,0,0,NA,-1,-1,-1,-1,-1,-2,-2,false,0,0,0,NA,-1,-1,-1,-1,-1,-2,-2
2,"Environment: 2, FiringMode: 2",6.85858,false,0,0,0,NA,false,0,0,0,NA,-1,-1,-1,-1,-1,-2,-2,false,0,0,0,NA,-1,-1,-1,-1,-1,-2,-2
2,"Environment: 2, FiringMode: 2",6.860413,false,0,0,0,NA,false,0,0,0,NA,-1,-1,-1,-1,-1,-2,-2,false,0,0,0,NA,-1,-1,-1,-1,-1,-2,-2
2,"Environment: 2, FiringMode: 2",6.862,false,0,0,0,NA,false,0,0,0,NA,-1,-1,-1,-1,-1,-2,-2,false,0,0,0,NA,-1,-1,-1,-1,-1,-2,-2
2,"Environment: 2, FiringMode: 2",6.86341,false,0,0,0,NA,false,0,0,0,NA,-1,-1,-1,-1,-1,-2,-2,false,0,0,0,NA,-1,-1,-1,-1,-1,-2,-2
2,"Environment: 2, FiringMode: 2",6.864751,false,0,0,0,NA,false,0,0,0,NA,-1,-1,-1,-1,-1,-2,-2,false,0,0,0,NA,-1,-1,-1,-1,-1,-2,-2
2,"Environment: 2, FiringMode: 2",6.866146,false,0,0,0,NA,false,0,0,0,NA,-1,-1,-1,-1,-1,-2,-2,false,0,0,0,NA,-1,-1,-1,-1,-1,-2,-2
2,"Environment: 2, FiringMode: 2",6.867556,false,0,0,0,NA,false,0,0,0,NA,-1,-1,-1,-1,-1,-2,-2,false,0,0,0,NA,-1,-1,-1,-1,-1,-2,-2
2,"Environment: 2, FiringMode: 2",6.868925,false,0,0,0,NA,false,0,0,0,NA,-1,-1,-1,-1,-1,-2,-2,false,0,0,0,NA,-1,-1,-1,-1,-1,-2,-2
2,"Environment: 2, FiringMode: 2",6.873478,false,0,0,0,NA,false,0,0,0,NA,-1,-1,-1,-1,-1,-2,-2,false,0,0,0,NA,-1,-1,-1,-1,-1,-2,-2
2,"Environment: 2, FiringMode: 2",6.874956,false,0,0,0,NA,false,0,0,0,NA,-1,-1,-1,-1,-1,-2,-2,false,0,0,0,NA,-1,-1,-1,-1,-1,-2,-2
2,"Environment: 2, FiringMode: 2",6.876573,false,0,0,0,NA,false,0,0,0,NA,-1,-1,-1,-1,-1,-2,-2,false,0,0,0,NA,-1,-1,-1,-1,-1,-2,-2
2,"Environment: 2, FiringMode: 2",6.878023,false,0,0,0,NA,false,0,0,0,NA,-1,-1,-1,-1,-1,-2,-2,false,0,0,0,NA,-1,-1,-1,-1,-1,-2,-2
2,"Environment: 2, FiringMode: 2",6.879526,false,0,0,0,NA,false,0,0,0,NA,-1,-1,-1,-1,-1,-2,-2,false,0,0,0,NA,-1,-1,-1,-1,-1,-2,-2
2,"Environment: 2, FiringMode: 2",6.880861,false,0,0,0,NA,false,0,0,0,NA,-1,-1,-1,-1,-1,-2,-2,false,0,0,0,NA,-1,-1,-1,-1,-1,-2,-2
2,"Environment: 2, FiringMode: 2",6.88218,false,0,0,0,NA,false,0,0,0,NA,-1,-1,-1,-1,-1,-2,-2,false,0,0,0,NA,-1,-1,-1,-1,-1,-2,-2
2,"Environment: 2, FiringMode: 2",6.883547,false,0,0,0,NA,false,0,0,0,NA,-1,-1,-1,-1,-1,-2,-2,false,0,0,0,NA,-1,-1,-1,-1,-1,-2,-2
2,"Environment: 2, FiringMode: 2",6.884856,false,0,0,0,NA,false,0,0,0,NA,-1,-1,-1,-1,-1,-2,-2,false,0,0,0,NA,-1,-1,-1,-1,-1,-2,-2
2,"Environment: 2, FiringMode: 2",6.886311,false,0,0,0,NA,false,0,0,0,NA,-1,-1,-1,-1,-1,-2,-2,false,0,0,0,NA,-1,-1,-1,-1,-1,-2,-2
2,"Environment: 2, FiringMode: 2",6.887825,false,0,0,0,NA,false,0,0,0,NA,-1,-1,-1,-1,-1,-2,-2,false,0,0,0,NA,-1,-1,-1,-1,-1,-2,-2
2,"Environment: 2, FiringMode: 2",6.889494,false,0,0,0,NA,false,0,0,0,NA,-1,-1,-1,-1,-1,-2,-2,false,0,0,0,NA,-1,-1,-1,-1,-1,-2,-2
2,"Environment: 2, FiringMode: 2",6.891023,false,0,0,0,NA,false,0,0,0,NA,-1,-1,-1,-1,-1,-2,-2,false,0,0,0,NA,-1,-1,-1,-1,-1,-2,-2
2,"Environment: 2, FiringMode: 2",6.892472,false,0,0,0,NA,false,0,0,0,NA,-1,-1,-1,-1,-1,-2,-2,false,0,0,0,NA,-1,-1,-1,-1,-1,-2,-2
2,"Environment: 2, FiringMode: 2",6.893821,false,0,0,0,NA,false,0,0,0,NA,-1,-1,-1,-1,-1,-2,-2,false,0,0,0,NA,-1,-1,-1,-1,-1,-2,-2
2,"Environment: 2, FiringMode: 2",6.895298,false,0,0,0,NA,false,0,0,0,NA,-1,-1,-1,-1,-1,-2,-2,false,0,0,0,NA,-1,-1,-1,-1,-1,-2,-2
2,"Environment: 2, FiringMode: 2",6.896754,false,0,0,0,NA,false,0,0,0,NA,-1,-1,-1,-1,-1,-2,-2,false,0,0,0,NA,-1,-1,-1,-1,-1,-2,-2
2,"Environment: 2, FiringMode: 2",6.89819,false,0,0,0,NA,false,0,0,0,NA,-1,-1,-1,-1,-1,-2,-2,false,0,0,0,NA,-1,-1,-1,-1,-1,-2,-2
2,"Environment: 2, FiringMode: 2",6.899767,false,0,0,0,NA,false,0,0,0,NA,-1,-1,-1,-1,-1,-2,-2,false,0,0,0,NA,-1,-1,-1,-1,-1,-2,-2
2,"Environment: 2, FiringMode: 2",6.901158,false,0,0,0,NA,false,0,0,0,NA,-1,-1,-1,-1,-1,-2,-2,false,0,0,0,NA,-1,-1,-1,-1,-1,-2,-2
2,"Environment: 2, FiringMode: 2",6.90267,false,0,0,0,NA,false,0,0,0,NA,-1,-1,-1,-1,-1,-2,-2,false,0,0,0,NA,-1,-1,-1,-1,-1,-2,-2
2,"Environment: 2, FiringMode: 2",6.904098,false,0,0,0,NA,false,0,0,0,NA,-1,-1,-1,-1,-1,-2,-2,false,0,0,0,NA,-1,-1,-1,-1,-1,-2,-2
2,"Environment: 2, FiringMode: 2",6.905517,false,0,0,0,NA,false,0,0,0,NA,-1,-1,-1,-1,-1,-2,-2,false,0,0,0,NA,-1,-1,-1,-1,-1,-2,-2
2,"Environment: 2, FiringMode: 2",6.906962,false,0,0,0,NA,false,0,0,0,NA,-1,-1,-1,-1,-1,-2,-2,false,0,0,0,NA,-1,-1,-1,-1,-1,-2,-2
2,"Environment: 2, FiringMode: 2",6.90836,false,0,0,0,NA,false,0,0,0,NA,-1,-1,-1,-1,-1,-2,-2,false,0,0,0,NA,-1,-1,-1,-1,-1,-2,-2
2,"Environment: 2, FiringMode: 2",6.909692,false,0,0,0,NA,false,0,0,0,NA,-1,-1,-1,-1,-1,-2,-2,false,0,0,0,NA,-1,-1,-1,-1,-1,-2,-2
2,"Environment: 2, FiringMode: 2",6.911002,false,0,0,0,NA,false,0,0,0,NA,-1,-1,-1,-1,-1,-2,-2,false,0,0,0,NA,-1,-1,-1,-1,-1,-2,-2
2,"Environment: 2, FiringMode: 2",6.912226,false,0,0,0,NA,false,0,0,0,NA,-1,-1,-1,-1,-1,-2,-2,false,0,0,0,NA,-1,-1,-1,-1,-1,-2,-2
2,"Environment: 2, FiringMode: 2",6.913804,false,0,0,0,NA,false,0,0,0,NA,-1,-1,-1,-1,-1,-2,-2,false,0,0,0,NA,-1,-1,-1,-1,-1,-2,-2
2,"Environment: 2, FiringMode: 2",6.91575,false,0,0,0,NA,false,0,0,0,NA,-1,-1,-1,-1,-1,-2,-2,false,0,0,0,NA,-1,-1,-1,-1,-1,-2,-2
2,"Environment: 2, FiringMode: 2",6.917249,false,0,0,0,NA,false,0,0,0,NA,-1,-1,-1,-1,-1,-2,-2,false,0,0,0,NA,-1,-1,-1,-1,-1,-2,-2
2,"Environment: 2, FiringMode: 2",6.918587,false,0,0,0,NA,false,0,0,0,NA,-1,-1,-1,-1,-1,-2,-2,false,0,0,0,NA,-1,-1,-1,-1,-1,-2,-2
2,"Environment: 2, FiringMode: 2",6.920006,false,0,0,0,NA,false,0,0,0,NA,-1,-1,-1,-1,-1,-2,-2,false,0,0,0,NA,-1,-1,-1,-1,-1,-2,-2
2,"Environment: 2, FiringMode: 2",6.921346,false,0,0,0,NA,false,0,0,0,NA,-1,-1,-1,-1,-1,-2,-2,false,0,0,0,NA,-1,-1,-1,-1,-1,-2,-2
2,"Environment: 2, FiringMode: 2",6.922735,false,0,0,0,NA,false,0,0,0,NA,-1,-1,-1,-1,-1,-2,-2,false,0,0,0,NA,-1,-1,-1,-1,-1,-2,-2
2,"Environment: 2, FiringMode: 2",6.924078,false,0,0,0,NA,false,0,0,0,NA,-1,-1,-1,-1,-1,-2,-2,false,0,0,0,NA,-1,-1,-1,-1,-1,-2,-2
2,"Environment: 2, FiringMode: 2",6.925457,false,0,0,0,NA,false,0,0,0,NA,-1,-1,-1,-1,-1,-2,-2,false,0,0,0,NA,-1,-1,-1,-1,-1,-2,-2
2,"Environment: 2, FiringMode: 2",6.927032,false,0,0,0,NA,false,0,0,0,NA,-1,-1,-1,-1,-1,-2,-2,false,0,0,0,NA,-1,-1,-1,-1,-1,-2,-2
2,"Environment: 2, FiringMode: 2",6.92843,false,0,0,0,NA,false,0,0,0,NA,-1,-1,-1,-1,-1,-2,-2,false,0,0,0,NA,-1,-1,-1,-1,-1,-2,-2
2,"Environment: 2, FiringMode: 2",6.92981,false,0,0,0,NA,false,0,0,0,NA,-1,-1,-1,-1,-1,-2,-2,false,0,0,0,NA,-1,-1,-1,-1,-1,-2,-2
2,"Environment: 2, FiringMode: 2",6.931153,false,0,0,0,NA,false,0,0,0,NA,-1,-1,-1,-1,-1,-2,-2,false,0,0,0,NA,-1,-1,-1,-1,-1,-2,-2
2,"Environment: 2, FiringMode: 2",6.932527,false,0,0,0,NA,false,0,0,0,NA,-1,-1,-1,-1,-1,-2,-2,false,0,0,0,NA,-1,-1,-1,-1,-1,-2,-2
2,"Environment: 2, FiringMode: 2",6.934047,false,0,0,0,NA,false,0,0,0,NA,-1,-1,-1,-1,-1,-2,-2,false,0,0,0,NA,-1,-1,-1,-1,-1,-2,-2
2,"Environment: 2, FiringMode: 2",6.93571,false,0,0,0,NA,false,0,0,0,NA,-1,-1,-1,-1,-1,-2,-2,false,0,0,0,NA,-1,-1,-1,-1,-1,-2,-2
2,"Environment: 2, FiringMode: 2",6.937069,false,0,0,0,NA,false,0,0,0,NA,-1,-1,-1,-1,-1,-2,-2,false,0,0,0,NA,-1,-1,-1,-1,-1,-2,-2
2,"Environment: 2, FiringMode: 2",6.938422,false,0,0,0,NA,false,0,0,0,NA,-1,-1,-1,-1,-1,-2,-2,false,0,0,0,NA,-1,-1,-1,-1,-1,-2,-2
2,"Environment: 2, FiringMode: 2",6.939943,false,0,0,0,NA,false,0,0,0,NA,-1,-1,-1,-1,-1,-2,-2,false,0,0,0,NA,-1,-1,-1,-1,-1,-2,-2
2,"Environment: 2, FiringMode: 2",6.941383,false,0,0,0,NA,false,0,0,0,NA,-1,-1,-1,-1,-1,-2,-2,false,0,0,0,NA,-1,-1,-1,-1,-1,-2,-2
2,"Environment: 2, FiringMode: 2",6.942791,false,0,0,0,NA,false,0,0,0,NA,-1,-1,-1,-1,-1,-2,-2,false,0,0,0,NA,-1,-1,-1,-1,-1,-2,-2
2,"Environment: 2, FiringMode: 2",6.944135,false,0,0,0,NA,false,0,0,0,NA,-1,-1,-1,-1,-1,-2,-2,false,0,0,0,NA,-1,-1,-1,-1,-1,-2,-2
2,"Environment: 2, FiringMode: 2",6.945602,false,0,0,0,NA,false,0,0,0,NA,-1,-1,-1,-1,-1,-2,-2,false,0,0,0,NA,-1,-1,-1,-1,-1,-2,-2
2,"Environment: 2, FiringMode: 2",6.946986,false,0,0,0,NA,false,0,0,0,NA,-1,-1,-1,-1,-1,-2,-2,false,0,0,0,NA,-1,-1,-1,-1,-1,-2,-2
2,"Environment: 2, FiringMode: 2",6.948334,false,0,0,0,NA,false,0,0,0,NA,-1,-1,-1,-1,-1,-2,-2,false,0,0,0,NA,-1,-1,-1,-1,-1,-2,-2
2,"Environment: 2, FiringMode: 2",6.949695,false,0,0,0,NA,false,0,0,0,NA,-1,-1,-1,-1,-1,-2,-2,false,0,0,0,NA,-1,-1,-1,-1,-1,-2,-2
2,"Environment: 2, FiringMode: 2",6.950971,false,0,0,0,NA,false,0,0,0,NA,-1,-1,-1,-1,-1,-2,-2,false,0,0,0,NA,-1,-1,-1,-1,-1,-2,-2
2,"Environment: 2, FiringMode: 2",6.952532,false,0,0,0,NA,false,0,0,0,NA,-1,-1,-1,-1,-1,-2,-2,false,0,0,0,NA,-1,-1,-1,-1,-1,-2,-2
2,"Environment: 2, FiringMode: 2",6.954069,false,0,0,0,NA,false,0,0,0,NA,-1,-1,-1,-1,-1,-2,-2,false,0,0,0,NA,-1,-1,-1,-1,-1,-2,-2
2,"Environment: 2, FiringMode: 2",6.955428,false,0,0,0,NA,false,0,0,0,NA,-1,-1,-1,-1,-1,-2,-2,false,0,0,0,NA,-1,-1,-1,-1,-1,-2,-2
2,"Environment: 2, FiringMode: 2",6.956748,false,0,0,0,NA,false,0,0,0,NA,-1,-1,-1,-1,-1,-2,-2,false,0,0,0,NA,-1,-1,-1,-1,-1,-2,-2
2,"Environment: 2, FiringMode: 2",6.958037,false,0,0,0,NA,false,0,0,0,NA,-1,-1,-1,-1,-1,-2,-2,false,0,0,0,NA,-1,-1,-1,-1,-1,-2,-2
2,"Environment: 2, FiringMode: 2",6.959591,false,0,0,0,NA,false,0,0,0,NA,-1,-1,-1,-1,-1,-2,-2,false,0,0,0,NA,-1,-1,-1,-1,-1,-2,-2
2,"Environment: 2, FiringMode: 2",6.960956,false,0,0,0,NA,false,0,0,0,NA,-1,-1,-1,-1,-1,-2,-2,false,0,0,0,NA,-1,-1,-1,-1,-1,-2,-2
2,"Environment: 2, FiringMode: 2",6.96234,false,0,0,0,NA,false,0,0,0,NA,-1,-1,-1,-1,-1,-2,-2,false,0,0,0,NA,-1,-1,-1,-1,-1,-2,-2
2,"Environment: 2, FiringMode: 2",6.963761,false,0,0,0,NA,false,0,0,0,NA,-1,-1,-1,-1,-1,-2,-2,false,0,0,0,NA,-1,-1,-1,-1,-1,-2,-2
2,"Environment: 2, FiringMode: 2",6.965177,false,0,0,0,NA,false,0,0,0,NA,-1,-1,-1,-1,-1,-2,-2,false,0,0,0,NA,-1,-1,-1,-1,-1,-2,-2
2,"Environment: 2, FiringMode: 2",6.966597,false,0,0,0,NA,false,0,0,0,NA,-1,-1,-1,-1,-1,-2,-2,false,0,0,0,NA,-1,-1,-1,-1,-1,-2,-2
2,"Environment: 2, FiringMode: 2",6.967972,false,0,0,0,NA,false,0,0,0,NA,-1,-1,-1,-1,-1,-2,-2,false,0,0,0,NA,-1,-1,-1,-1,-1,-2,-2
2,"Environment: 2, FiringMode: 2",6.969333,false,0,0,0,NA,false,0,0,0,NA,-1,-1,-1,-1,-1,-2,-2,false,0,0,0,NA,-1,-1,-1,-1,-1,-2,-2
2,"Environment: 2, FiringMode: 2",6.970749,false,0,0,0,NA,false,0,0,0,NA,-1,-1,-1,-1,-1,-2,-2,false,0,0,0,NA,-1,-1,-1,-1,-1,-2,-2
2,"Environment: 2, FiringMode: 2",6.971998,false,0,0,0,NA,false,0,0,0,NA,-1,-1,-1,-1,-1,-2,-2,false,0,0,0,NA,-1,-1,-1,-1,-1,-2,-2
2,"Environment: 2, FiringMode: 2",6.973323,false,0,0,0,NA,false,0,0,0,NA,-1,-1,-1,-1,-1,-2,-2,false,0,0,0,NA,-1,-1,-1,-1,-1,-2,-2
2,"Environment: 2, FiringMode: 2",6.974629,false,0,0,0,NA,false,0,0,0,NA,-1,-1,-1,-1,-1,-2,-2,false,0,0,0,NA,-1,-1,-1,-1,-1,-2,-2
2,"Environment: 2, FiringMode: 2",6.975975,false,0,0,0,NA,false,0,0,0,NA,-1,-1,-1,-1,-1,-2,-2,false,0,0,0,NA,-1,-1,-1,-1,-1,-2,-2
2,"Environment: 2, FiringMode: 2",6.977267,false,0,0,0,NA,false,0,0,0,NA,-1,-1,-1,-1,-1,-2,-2,false,0,0,0,NA,-1,-1,-1,-1,-1,-2,-2
2,"Environment: 2, FiringMode: 2",6.978575,false,0,0,0,NA,false,0,0,0,NA,-1,-1,-1,-1,-1,-2,-2,false,0,0,0,NA,-1,-1,-1,-1,-1,-2,-2
2,"Environment: 2, FiringMode: 2",6.980024,false,0,0,0,NA,false,0,0,0,NA,-1,-1,-1,-1,-1,-2,-2,false,0,0,0,NA,-1,-1,-1,-1,-1,-2,-2
2,"Environment: 2, FiringMode: 2",6.981386,false,0,0,0,NA,false,0,0,0,NA,-1,-1,-1,-1,-1,-2,-2,false,0,0,0,NA,-1,-1,-1,-1,-1,-2,-2
2,"Environment: 2, FiringMode: 2",6.982706,false,0,0,0,NA,false,0,0,0,NA,-1,-1,-1,-1,-1,-2,-2,false,0,0,0,NA,-1,-1,-1,-1,-1,-2,-2
2,"Environment: 2, FiringMode: 2",6.984087,false,0,0,0,NA,false,0,0,0,NA,-1,-1,-1,-1,-1,-2,-2,false,0,0,0,NA,-1,-1,-1,-1,-1,-2,-2
2,"Environment: 2, FiringMode: 2",6.985463,false,0,0,0,NA,false,0,0,0,NA,-1,-1,-1,-1,-1,-2,-2,false,0,0,0,NA,-1,-1,-1,-1,-1,-2,-2
2,"Environment: 2, FiringMode: 2",6.986825,false,0,0,0,NA,false,0,0,0,NA,-1,-1,-1,-1,-1,-2,-2,false,0,0,0,NA,-1,-1,-1,-1,-1,-2,-2
2,"Environment: 2, FiringMode: 2",6.988159,false,0,0,0,NA,false,0,0,0,NA,-1,-1,-1,-1,-1,-2,-2,false,0,0,0,NA,-1,-1,-1,-1,-1,-2,-2
2,"Environment: 2, FiringMode: 2",6.98971,false,0,0,0,NA,false,0,0,0,NA,-1,-1,-1,-1,-1,-2,-2,false,0,0,0,NA,-1,-1,-1,-1,-1,-2,-2
2,"Environment: 2, FiringMode: 2",6.991121,false,0,0,0,NA,false,0,0,0,NA,-1,-1,-1,-1,-1,-2,-2,false,0,0,0,NA,-1,-1,-1,-1,-1,-2,-2
2,"Environment: 2, FiringMode: 2",6.992521,false,0,0,0,NA,false,0,0,0,NA,-1,-1,-1,-1,-1,-2,-2,false,0,0,0,NA,-1,-1,-1,-1,-1,-2,-2
2,"Environment: 2, FiringMode: 2",6.993874,false,0,0,0,NA,false,0,0,0,NA,-1,-1,-1,-1,-1,-2,-2,false,0,0,0,NA,-1,-1,-1,-1,-1,-2,-2
2,"Environment: 2, FiringMode: 2",6.995197,false,0,0,0,NA,false,0,0,0,NA,-1,-1,-1,-1,-1,-2,-2,false,0,0,0,NA,-1,-1,-1,-1,-1,-2,-2
2,"Environment: 2, FiringMode: 2",6.996512,false,0,0,0,NA,false,0,0,0,NA,-1,-1,-1,-1,-1,-2,-2,false,0,0,0,NA,-1,-1,-1,-1,-1,-2,-2
2,"Environment: 2, FiringMode: 2",6.99779,false,0,0,0,NA,false,0,0,0,NA,-1,-1,-1,-1,-1,-2,-2,false,0,0,0,NA,-1,-1,-1,-1,-1,-2,-2
2,"Environment: 2, FiringMode: 2",6.999216,false,0,0,0,NA,false,0,0,0,NA,-1,-1,-1,-1,-1,-2,-2,false,0,0,0,NA,-1,-1,-1,-1,-1,-2,-2
2,"Environment: 2, FiringMode: 2",7.00056,false,0,0,0,NA,false,0,0,0,NA,-1,-1,-1,-1,-1,-2,-2,false,0,0,0,NA,-1,-1,-1,-1,-1,-2,-2
2,"Environment: 2, FiringMode: 2",7.001836,false,0,0,0,NA,false,0,0,0,NA,-1,-1,-1,-1,-1,-2,-2,false,0,0,0,NA,-1,-1,-1,-1,-1,-2,-2
2,"Environment: 2, FiringMode: 2",7.00317,false,0,0,0,NA,false,0,0,0,NA,-1,-1,-1,-1,-1,-2,-2,false,0,0,0,NA,-1,-1,-1,-1,-1,-2,-2
2,"Environment: 2, FiringMode: 2",7.004399,false,0,0,0,NA,false,0,0,0,NA,-1,-1,-1,-1,-1,-2,-2,false,0,0,0,NA,-1,-1,-1,-1,-1,-2,-2
2,"Environment: 2, FiringMode: 2",7.005704,false,0,0,0,NA,false,0,0,0,NA,-1,-1,-1,-1,-1,-2,-2,false,0,0,0,NA,-1,-1,-1,-1,-1,-2,-2
2,"Environment: 2, FiringMode: 2",7.007053,false,0,0,0,NA,false,0,0,0,NA,-1,-1,-1,-1,-1,-2,-2,false,0,0,0,NA,-1,-1,-1,-1,-1,-2,-2
2,"Environment: 2, FiringMode: 2",7.008327,false,0,0,0,NA,false,0,0,0,NA,-1,-1,-1,-1,-1,-2,-2,false,0,0,0,NA,-1,-1,-1,-1,-1,-2,-2
2,"Environment: 2, FiringMode: 2",7.00961,false,0,0,0,NA,false,0,0,0,NA,-1,-1,-1,-1,-1,-2,-2,false,0,0,0,NA,-1,-1,-1,-1,-1,-2,-2
2,"Environment: 2, FiringMode: 2",7.0109,false,0,0,0,NA,false,0,0,0,NA,-1,-1,-1,-1,-1,-2,-2,false,0,0,0,NA,-1,-1,-1,-1,-1,-2,-2
2,"Environment: 2, FiringMode: 2",7.012204,false,0,0,0,NA,false,0,0,0,NA,-1,-1,-1,-1,-1,-2,-2,false,0,0,0,NA,-1,-1,-1,-1,-1,-2,-2
2,"Environment: 2, FiringMode: 2",7.013559,false,0,0,0,NA,false,0,0,0,NA,-1,-1,-1,-1,-1,-2,-2,false,0,0,0,NA,-1,-1,-1,-1,-1,-2,-2
2,"Environment: 2, FiringMode: 2",7.014865,false,0,0,0,NA,false,0,0,0,NA,-1,-1,-1,-1,-1,-2,-2,false,0,0,0,NA,-1,-1,-1,-1,-1,-2,-2
2,"Environment: 2, FiringMode: 2",7.016177,false,0,0,0,NA,false,0,0,0,NA,-1,-1,-1,-1,-1,-2,-2,false,0,0,0,NA,-1,-1,-1,-1,-1,-2,-2
2,"Environment: 2, FiringMode: 2",7.017612,false,0,0,0,NA,false,0,0,0,NA,-1,-1,-1,-1,-1,-2,-2,false,0,0,0,NA,-1,-1,-1,-1,-1,-2,-2
2,"Environment: 2, FiringMode: 2",7.019286,false,0,0,0,NA,false,0,0,0,NA,-1,-1,-1,-1,-1,-2,-2,false,0,0,0,NA,-1,-1,-1,-1,-1,-2,-2
2,"Environment: 2, FiringMode: 2",7.020672,false,0,0,0,NA,false,0,0,0,NA,-1,-1,-1,-1,-1,-2,-2,false,0,0,0,NA,-1,-1,-1,-1,-1,-2,-2
2,"Environment: 2, FiringMode: 2",7.021996,false,0,0,0,NA,false,0,0,0,NA,-1,-1,-1,-1,-1,-2,-2,false,0,0,0,NA,-1,-1,-1,-1,-1,-2,-2
2,"Environment: 2, FiringMode: 2",7.023308,false,0,0,0,NA,false,0,0,0,NA,-1,-1,-1,-1,-1,-2,-2,false,0,0,0,NA,-1,-1,-1,-1,-1,-2,-2
2,"Environment: 2, FiringMode: 2",7.024675,false,0,0,0,NA,false,0,0,0,NA,-1,-1,-1,-1,-1,-2,-2,false,0,0,0,NA,-1,-1,-1,-1,-1,-2,-2
2,"Environment: 2, FiringMode: 2",7.026,false,0,0,0,NA,false,0,0,0,NA,-1,-1,-1,-1,-1,-2,-2,false,0,0,0,NA,-1,-1,-1,-1,-1,-2,-2
2,"Environment: 2, FiringMode: 2",7.027308,false,0,0,0,NA,false,0,0,0,NA,-1,-1,-1,-1,-1,-2,-2,false,0,0,0,NA,-1,-1,-1,-1,-1,-2,-2
2,"Environment: 2, FiringMode: 2",7.028637,false,0,0,0,NA,false,0,0,0,NA,-1,-1,-1,-1,-1,-2,-2,false,0,0,0,NA,-1,-1,-1,-1,-1,-2,-2
2,"Environment: 2, FiringMode: 2",7.029948,false,0,0,0,NA,false,0,0,0,NA,-1,-1,-1,-1,-1,-2,-2,false,0,0,0,NA,-1,-1,-1,-1,-1,-2,-2
2,"Environment: 2, FiringMode: 2",7.03128,false,0,0,0,NA,false,0,0,0,NA,-1,-1,-1,-1,-1,-2,-2,false,0,0,0,NA,-1,-1,-1,-1,-1,-2,-2
2,"Environment: 2, FiringMode: 2",7.032698,false,0,0,0,NA,false,0,0,0,NA,-1,-1,-1,-1,-1,-2,-2,false,0,0,0,NA,-1,-1,-1,-1,-1,-2,-2
2,"Environment: 2, FiringMode: 2",7.034208,false,0,0,0,NA,false,0,0,0,NA,-1,-1,-1,-1,-1,-2,-2,false,0,0,0,NA,-1,-1,-1,-1,-1,-2,-2
2,"Environment: 2, FiringMode: 2",7.03567,false,0,0,0,NA,false,0,0,0,NA,-1,-1,-1,-1,-1,-2,-2,false,0,0,0,NA,-1,-1,-1,-1,-1,-2,-2
2,"Environment: 2, FiringMode: 2",7.037263,false,0,0,0,NA,false,0,0,0,NA,-1,-1,-1,-1,-1,-2,-2,false,0,0,0,NA,-1,-1,-1,-1,-1,-2,-2
2,"Environment: 2, FiringMode: 2",7.038633,false,0,0,0,NA,false,0,0,0,NA,-1,-1,-1,-1,-1,-2,-2,false,0,0,0,NA,-1,-1,-1,-1,-1,-2,-2
2,"Environment: 2, FiringMode: 2",7.040078,false,0,0,0,NA,false,0,0,0,NA,-1,-1,-1,-1,-1,-2,-2,false,0,0,0,NA,-1,-1,-1,-1,-1,-2,-2
2,"Environment: 2, FiringMode: 2",7.041489,false,0,0,0,NA,false,0,0,0,NA,-1,-1,-1,-1,-1,-2,-2,false,0,0,0,NA,-1,-1,-1,-1,-1,-2,-2
2,"Environment: 2, FiringMode: 2",7.042831,false,0,0,0,NA,false,0,0,0,NA,-1,-1,-1,-1,-1,-2,-2,false,0,0,0,NA,-1,-1,-1,-1,-1,-2,-2
2,"Environment: 2, FiringMode: 2",7.044207,false,0,0,0,NA,false,0,0,0,NA,-1,-1,-1,-1,-1,-2,-2,false,0,0,0,NA,-1,-1,-1,-1,-1,-2,-2
2,"Environment: 2, FiringMode: 2",7.045557,false,0,0,0,NA,false,0,0,0,NA,-1,-1,-1,-1,-1,-2,-2,false,0,0,0,NA,-1,-1,-1,-1,-1,-2,-2
2,"Environment: 2, FiringMode: 2",7.046988,false,0,0,0,NA,false,0,0,0,NA,-1,-1,-1,-1,-1,-2,-2,false,0,0,0,NA,-1,-1,-1,-1,-1,-2,-2
2,"Environment: 2, FiringMode: 2",7.048344,false,0,0,0,NA,false,0,0,0,NA,-1,-1,-1,-1,-1,-2,-2,false,0,0,0,NA,-1,-1,-1,-1,-1,-2,-2
2,"Environment: 2, FiringMode: 2",7.049683,false,0,0,0,NA,false,0,0,0,NA,-1,-1,-1,-1,-1,-2,-2,false,0,0,0,NA,-1,-1,-1,-1,-1,-2,-2
2,"Environment: 2, FiringMode: 2",7.051011,false,0,0,0,NA,false,0,0,0,NA,-1,-1,-1,-1,-1,-2,-2,false,0,0,0,NA,-1,-1,-1,-1,-1,-2,-2
2,"Environment: 2, FiringMode: 2",7.052312,false,0,0,0,NA,false,0,0,0,NA,-1,-1,-1,-1,-1,-2,-2,false,0,0,0,NA,-1,-1,-1,-1,-1,-2,-2
2,"Environment: 2, FiringMode: 2",7.05361,false,0,0,0,NA,false,0,0,0,NA,-1,-1,-1,-1,-1,-2,-2,false,0,0,0,NA,-1,-1,-1,-1,-1,-2,-2
2,"Environment: 2, FiringMode: 2",7.0549,false,0,0,0,NA,false,0,0,0,NA,-1,-1,-1,-1,-1,-2,-2,false,0,0,0,NA,-1,-1,-1,-1,-1,-2,-2
2,"Environment: 2, FiringMode: 2",7.056176,false,0,0,0,NA,false,0,0,0,NA,-1,-1,-1,-1,-1,-2,-2,false,0,0,0,NA,-1,-1,-1,-1,-1,-2,-2
2,"Environment: 2, FiringMode: 2",7.05756,false,0,0,0,NA,false,0,0,0,NA,-1,-1,-1,-1,-1,-2,-2,false,0,0,0,NA,-1,-1,-1,-1,-1,-2,-2
2,"Environment: 2, FiringMode: 2",7.058943,false,0,0,0,NA,false,0,0,0,NA,-1,-1,-1,-1,-1,-2,-2,false,0,0,0,NA,-1,-1,-1,-1,-1,-2,-2
2,"Environment: 2, FiringMode: 2",7.060472,false,0,0,0,NA,false,0,0,0,NA,-1,-1,-1,-1,-1,-2,-2,false,0,0,0,NA,-1,-1,-1,-1,-1,-2,-2
2,"Environment: 2, FiringMode: 2",7.061944,false,0,0,0,NA,false,0,0,0,NA,-1,-1,-1,-1,-1,-2,-2,false,0,0,0,NA,-1,-1,-1,-1,-1,-2,-2
2,"Environment: 2, FiringMode: 2",7.063358,false,0,0,0,NA,false,0,0,0,NA,-1,-1,-1,-1,-1,-2,-2,false,0,0,0,NA,-1,-1,-1,-1,-1,-2,-2
2,"Environment: 2, FiringMode: 2",7.064833,false,0,0,0,NA,false,0,0,0,NA,-1,-1,-1,-1,-1,-2,-2,false,0,0,0,NA,-1,-1,-1,-1,-1,-2,-2
2,"Environment: 2, FiringMode: 2",7.066195,false,0,0,0,NA,false,0,0,0,NA,-1,-1,-1,-1,-1,-2,-2,false,0,0,0,NA,-1,-1,-1,-1,-1,-2,-2
2,"Environment: 2, FiringMode: 2",7.067615,false,0,0,0,NA,false,0,0,0,NA,-1,-1,-1,-1,-1,-2,-2,false,0,0,0,NA,-1,-1,-1,-1,-1,-2,-2
2,"Environment: 2, FiringMode: 2",7.06897,false,0,0,0,NA,false,0,0,0,NA,-1,-1,-1,-1,-1,-2,-2,false,0,0,0,NA,-1,-1,-1,-1,-1,-2,-2
2,"Environment: 2, FiringMode: 2",7.070282,false,0,0,0,NA,false,0,0,0,NA,-1,-1,-1,-1,-1,-2,-2,false,0,0,0,NA,-1,-1,-1,-1,-1,-2,-2
2,"Environment: 2, FiringMode: 2",7.071575,false,0,0,0,NA,false,0,0,0,NA,-1,-1,-1,-1,-1,-2,-2,false,0,0,0,NA,-1,-1,-1,-1,-1,-2,-2
2,"Environment: 2, FiringMode: 2",7.072871,false,0,0,0,NA,false,0,0,0,NA,-1,-1,-1,-1,-1,-2,-2,false,0,0,0,NA,-1,-1,-1,-1,-1,-2,-2
2,"Environment: 2, FiringMode: 2",7.07435,false,0,0,0,NA,false,0,0,0,NA,-1,-1,-1,-1,-1,-2,-2,false,0,0,0,NA,-1,-1,-1,-1,-1,-2,-2
2,"Environment: 2, FiringMode: 2",7.075797,false,0,0,0,NA,false,0,0,0,NA,-1,-1,-1,-1,-1,-2,-2,false,0,0,0,NA,-1,-1,-1,-1,-1,-2,-2
2,"Environment: 2, FiringMode: 2",7.077166,false,0,0,0,NA,false,0,0,0,NA,-1,-1,-1,-1,-1,-2,-2,false,0,0,0,NA,-1,-1,-1,-1,-1,-2,-2
2,"Environment: 2, FiringMode: 2",7.078568,false,0,0,0,NA,false,0,0,0,NA,-1,-1,-1,-1,-1,-2,-2,false,0,0,0,NA,-1,-1,-1,-1,-1,-2,-2
2,"Environment: 2, FiringMode: 2",7.080159,false,0,0,0,NA,false,0,0,0,NA,-1,-1,-1,-1,-1,-2,-2,false,0,0,0,NA,-1,-1,-1,-1,-1,-2,-2
2,"Environment: 2, FiringMode: 2",7.081701,false,0,0,0,NA,false,0,0,0,NA,-1,-1,-1,-1,-1,-2,-2,false,0,0,0,NA,-1,-1,-1,-1,-1,-2,-2
2,"Environment: 2, FiringMode: 2",7.083115,false,0,0,0,NA,false,0,0,0,NA,-1,-1,-1,-1,-1,-2,-2,false,0,0,0,NA,-1,-1,-1,-1,-1,-2,-2
2,"Environment: 2, FiringMode: 2",7.084528,false,0,0,0,NA,false,0,0,0,NA,-1,-1,-1,-1,-1,-2,-2,false,0,0,0,NA,-1,-1,-1,-1,-1,-2,-2
2,"Environment: 2, FiringMode: 2",7.085851,false,0,0,0,NA,false,0,0,0,NA,-1,-1,-1,-1,-1,-2,-2,false,0,0,0,NA,-1,-1,-1,-1,-1,-2,-2
2,"Environment: 2, FiringMode: 2",7.087255,false,0,0,0,NA,false,0,0,0,NA,-1,-1,-1,-1,-1,-2,-2,false,0,0,0,NA,-1,-1,-1,-1,-1,-2,-2
2,"Environment: 2, FiringMode: 2",7.088705,false,0,0,0,NA,false,0,0,0,NA,-1,-1,-1,-1,-1,-2,-2,false,0,0,0,NA,-1,-1,-1,-1,-1,-2,-2
2,"Environment: 2, FiringMode: 2",7.090112,false,0,0,0,NA,false,0,0,0,NA,-1,-1,-1,-1,-1,-2,-2,false,0,0,0,NA,-1,-1,-1,-1,-1,-2,-2
2,"Environment: 2, FiringMode: 2",7.091513,false,0,0,0,NA,false,0,0,0,NA,-1,-1,-1,-1,-1,-2,-2,false,0,0,0,NA,-1,-1,-1,-1,-1,-2,-2
2,"Environment: 2, FiringMode: 2",7.092918,false,0,0,0,NA,false,0,0,0,NA,-1,-1,-1,-1,-1,-2,-2,false,0,0,0,NA,-1,-1,-1,-1,-1,-2,-2
2,"Environment: 2, FiringMode: 2",7.094318,false,0,0,0,NA,false,0,0,0,NA,-1,-1,-1,-1,-1,-2,-2,false,0,0,0,NA,-1,-1,-1,-1,-1,-2,-2
2,"Environment: 2, FiringMode: 2",7.095675,false,0,0,0,NA,false,0,0,0,NA,-1,-1,-1,-1,-1,-2,-2,false,0,0,0,NA,-1,-1,-1,-1,-1,-2,-2
2,"Environment: 2, FiringMode: 2",7.097625,false,0,0,0,NA,false,0,0,0,NA,-1,-1,-1,-1,-1,-2,-2,false,0,0,0,NA,-1,-1,-1,-1,-1,-2,-2
2,"Environment: 2, FiringMode: 2",7.099474,false,0,0,0,NA,false,0,0,0,NA,-1,-1,-1,-1,-1,-2,-2,false,0,0,0,NA,-1,-1,-1,-1,-1,-2,-2
2,"Environment: 2, FiringMode: 2",7.100951,false,0,0,0,NA,false,0,0,0,NA,-1,-1,-1,-1,-1,-2,-2,false,0,0,0,NA,-1,-1,-1,-1,-1,-2,-2
2,"Environment: 2, FiringMode: 2",7.102297,false,0,0,0,NA,false,0,0,0,NA,-1,-1,-1,-1,-1,-2,-2,false,0,0,0,NA,-1,-1,-1,-1,-1,-2,-2
2,"Environment: 2, FiringMode: 2",7.103566,false,0,0,0,NA,false,0,0,0,NA,-1,-1,-1,-1,-1,-2,-2,false,0,0,0,NA,-1,-1,-1,-1,-1,-2,-2
2,"Environment: 2, FiringMode: 2",7.104818,false,0,0,0,NA,false,0,0,0,NA,-1,-1,-1,-1,-1,-2,-2,false,0,0,0,NA,-1,-1,-1,-1,-1,-2,-2
2,"Environment: 2, FiringMode: 2",7.106205,false,0,0,0,NA,false,0,0,0,NA,-1,-1,-1,-1,-1,-2,-2,false,0,0,0,NA,-1,-1,-1,-1,-1,-2,-2
2,"Environment: 2, FiringMode: 2",7.107572,false,0,0,0,NA,false,0,0,0,NA,-1,-1,-1,-1,-1,-2,-2,false,0,0,0,NA,-1,-1,-1,-1,-1,-2,-2
2,"Environment: 2, FiringMode: 2",7.108943,false,0,0,0,NA,false,0,0,0,NA,-1,-1,-1,-1,-1,-2,-2,false,0,0,0,NA,-1,-1,-1,-1,-1,-2,-2
2,"Environment: 2, FiringMode: 2",7.110339,false,0,0,0,NA,false,0,0,0,NA,-1,-1,-1,-1,-1,-2,-2,false,0,0,0,NA,-1,-1,-1,-1,-1,-2,-2
2,"Environment: 2, FiringMode: 2",7.111754,false,0,0,0,NA,false,0,0,0,NA,-1,-1,-1,-1,-1,-2,-2,false,0,0,0,NA,-1,-1,-1,-1,-1,-2,-2
2,"Environment: 2, FiringMode: 2",7.113385,false,0,0,0,NA,false,0,0,0,NA,-1,-1,-1,-1,-1,-2,-2,false,0,0,0,NA,-1,-1,-1,-1,-1,-2,-2
2,"Environment: 2, FiringMode: 2",7.114925,false,0,0,0,NA,false,0,0,0,NA,-1,-1,-1,-1,-1,-2,-2,false,0,0,0,NA,-1,-1,-1,-1,-1,-2,-2
2,"Environment: 2, FiringMode: 2",7.116466,false,0,0,0,NA,false,0,0,0,NA,-1,-1,-1,-1,-1,-2,-2,false,0,0,0,NA,-1,-1,-1,-1,-1,-2,-2
2,"Environment: 2, FiringMode: 2",7.118002,false,0,0,0,NA,false,0,0,0,NA,-1,-1,-1,-1,-1,-2,-2,false,0,0,0,NA,-1,-1,-1,-1,-1,-2,-2
2,"Environment: 2, FiringMode: 2",7.119522,false,0,0,0,NA,false,0,0,0,NA,-1,-1,-1,-1,-1,-2,-2,false,0,0,0,NA,-1,-1,-1,-1,-1,-2,-2
2,"Environment: 2, FiringMode: 2",7.121131,false,0,0,0,NA,false,0,0,0,NA,-1,-1,-1,-1,-1,-2,-2,false,0,0,0,NA,-1,-1,-1,-1,-1,-2,-2
2,"Environment: 2, FiringMode: 2",7.12275,false,0,0,0,NA,false,0,0,0,NA,-1,-1,-1,-1,-1,-2,-2,false,0,0,0,NA,-1,-1,-1,-1,-1,-2,-2
2,"Environment: 2, FiringMode: 2",7.124811,false,0,0,0,NA,false,0,0,0,NA,-1,-1,-1,-1,-1,-2,-2,false,0,0,0,NA,-1,-1,-1,-1,-1,-2,-2
2,"Environment: 2, FiringMode: 2",7.126523,false,0,0,0,NA,false,0,0,0,NA,-1,-1,-1,-1,-1,-2,-2,false,0,0,0,NA,-1,-1,-1,-1,-1,-2,-2
2,"Environment: 2, FiringMode: 2",7.12807,false,0,0,0,NA,false,0,0,0,NA,-1,-1,-1,-1,-1,-2,-2,false,0,0,0,NA,-1,-1,-1,-1,-1,-2,-2
2,"Environment: 2, FiringMode: 2",7.129481,false,0,0,0,NA,false,0,0,0,NA,-1,-1,-1,-1,-1,-2,-2,false,0,0,0,NA,-1,-1,-1,-1,-1,-2,-2
2,"Environment: 2, FiringMode: 2",7.130921,false,0,0,0,NA,false,0,0,0,NA,-1,-1,-1,-1,-1,-2,-2,false,0,0,0,NA,-1,-1,-1,-1,-1,-2,-2
2,"Environment: 2, FiringMode: 2",7.13259,false,0,0,0,NA,false,0,0,0,NA,-1,-1,-1,-1,-1,-2,-2,false,0,0,0,NA,-1,-1,-1,-1,-1,-2,-2
2,"Environment: 2, FiringMode: 2",7.13431,false,0,0,0,NA,false,0,0,0,NA,-1,-1,-1,-1,-1,-2,-2,false,0,0,0,NA,-1,-1,-1,-1,-1,-2,-2
2,"Environment: 2, FiringMode: 2",7.220075,false,0,0,0,NA,false,0,0,0,NA,-1,-1,-1,-1,-1,-2,-2,false,0,0,0,NA,-1,-1,-1,-1,-1,-2,-2
2,"Environment: 2, FiringMode: 2",7.222256,false,0,0,0,NA,false,0,0,0,NA,-1,-1,-1,-1,-1,-2,-2,false,0,0,0,NA,-1,-1,-1,-1,-1,-2,-2
2,"Environment: 2, FiringMode: 2",7.224523,false,0,0,0,NA,false,0,0,0,NA,-1,-1,-1,-1,-1,-2,-2,false,0,0,0,NA,-1,-1,-1,-1,-1,-2,-2
2,"Environment: 2, FiringMode: 2",7.226224,false,0,0,0,NA,false,0,0,0,NA,-1,-1,-1,-1,-1,-2,-2,false,0,0,0,NA,-1,-1,-1,-1,-1,-2,-2
2,"Environment: 2, FiringMode: 2",7.227769,false,0,0,0,NA,false,0,0,0,NA,-1,-1,-1,-1,-1,-2,-2,false,0,0,0,NA,-1,-1,-1,-1,-1,-2,-2
2,"Environment: 2, FiringMode: 2",7.229246,false,0,0,0,NA,false,0,0,0,NA,-1,-1,-1,-1,-1,-2,-2,false,0,0,0,NA,-1,-1,-1,-1,-1,-2,-2
2,"Environment: 2, FiringMode: 2",7.230907,false,0,0,0,NA,false,0,0,0,NA,-1,-1,-1,-1,-1,-2,-2,false,0,0,0,NA,-1,-1,-1,-1,-1,-2,-2
2,"Environment: 2, FiringMode: 2",7.232622,false,0,0,0,NA,false,0,0,0,NA,-1,-1,-1,-1,-1,-2,-2,false,0,0,0,NA,-1,-1,-1,-1,-1,-2,-2
2,"Environment: 2, FiringMode: 2",7.234191,false,0,0,0,NA,false,0,0,0,NA,-1,-1,-1,-1,-1,-2,-2,false,0,0,0,NA,-1,-1,-1,-1,-1,-2,-2
2,"Environment: 2, FiringMode: 2",7.235801,false,0,0,0,NA,false,0,0,0,NA,-1,-1,-1,-1,-1,-2,-2,false,0,0,0,NA,-1,-1,-1,-1,-1,-2,-2
2,"Environment: 2, FiringMode: 2",7.237489,false,0,0,0,NA,false,0,0,0,NA,-1,-1,-1,-1,-1,-2,-2,false,0,0,0,NA,-1,-1,-1,-1,-1,-2,-2
2,"Environment: 2, FiringMode: 2",7.239024,false,0,0,0,NA,false,0,0,0,NA,-1,-1,-1,-1,-1,-2,-2,false,0,0,0,NA,-1,-1,-1,-1,-1,-2,-2
2,"Environment: 2, FiringMode: 2",7.240331,false,0,0,0,NA,false,0,0,0,NA,-1,-1,-1,-1,-1,-2,-2,false,0,0,0,NA,-1,-1,-1,-1,-1,-2,-2
2,"Environment: 2, FiringMode: 2",7.241841,false,0,0,0,NA,false,0,0,0,NA,-1,-1,-1,-1,-1,-2,-2,false,0,0,0,NA,-1,-1,-1,-1,-1,-2,-2
2,"Environment: 2, FiringMode: 2",7.243312,false,0,0,0,NA,false,0,0,0,NA,-1,-1,-1,-1,-1,-2,-2,false,0,0,0,NA,-1,-1,-1,-1,-1,-2,-2
2,"Environment: 2, FiringMode: 2",7.244722,false,0,0,0,NA,false,0,0,0,NA,-1,-1,-1,-1,-1,-2,-2,false,0,0,0,NA,-1,-1,-1,-1,-1,-2,-2
2,"Environment: 2, FiringMode: 2",7.246172,false,0,0,0,NA,false,0,0,0,NA,-1,-1,-1,-1,-1,-2,-2,false,0,0,0,NA,-1,-1,-1,-1,-1,-2,-2
2,"Environment: 2, FiringMode: 2",7.247533,false,0,0,0,NA,false,0,0,0,NA,-1,-1,-1,-1,-1,-2,-2,false,0,0,0,NA,-1,-1,-1,-1,-1,-2,-2
2,"Environment: 2, FiringMode: 2",7.248872,false,0,0,0,NA,false,0,0,0,NA,-1,-1,-1,-1,-1,-2,-2,false,0,0,0,NA,-1,-1,-1,-1,-1,-2,-2
2,"Environment: 2, FiringMode: 2",7.250295,false,0,0,0,NA,false,0,0,0,NA,-1,-1,-1,-1,-1,-2,-2,false,0,0,0,NA,-1,-1,-1,-1,-1,-2,-2
2,"Environment: 2, FiringMode: 2",7.251667,false,0,0,0,NA,false,0,0,0,NA,-1,-1,-1,-1,-1,-2,-2,false,0,0,0,NA,-1,-1,-1,-1,-1,-2,-2
2,"Environment: 2, FiringMode: 2",7.253069,false,0,0,0,NA,false,0,0,0,NA,-1,-1,-1,-1,-1,-2,-2,false,0,0,0,NA,-1,-1,-1,-1,-1,-2,-2
2,"Environment: 2, FiringMode: 2",7.254489,false,0,0,0,NA,false,0,0,0,NA,-1,-1,-1,-1,-1,-2,-2,false,0,0,0,NA,-1,-1,-1,-1,-1,-2,-2
2,"Environment: 2, FiringMode: 2",7.255891,false,0,0,0,NA,false,0,0,0,NA,-1,-1,-1,-1,-1,-2,-2,false,0,0,0,NA,-1,-1,-1,-1,-1,-2,-2
2,"Environment: 2, FiringMode: 2",7.257217,false,0,0,0,NA,false,0,0,0,NA,-1,-1,-1,-1,-1,-2,-2,false,0,0,0,NA,-1,-1,-1,-1,-1,-2,-2
2,"Environment: 2, FiringMode: 2",7.258562,false,0,0,0,NA,false,0,0,0,NA,-1,-1,-1,-1,-1,-2,-2,false,0,0,0,NA,-1,-1,-1,-1,-1,-2,-2
2,"Environment: 2, FiringMode: 2",7.260084,false,0,0,0,NA,false,0,0,0,NA,-1,-1,-1,-1,-1,-2,-2,false,0,0,0,NA,-1,-1,-1,-1,-1,-2,-2
2,"Environment: 2, FiringMode: 2",7.261628,false,0,0,0,NA,false,0,0,0,NA,-1,-1,-1,-1,-1,-2,-2,false,0,0,0,NA,-1,-1,-1,-1,-1,-2,-2
2,"Environment: 2, FiringMode: 2",7.263004,false,0,0,0,NA,false,0,0,0,NA,-1,-1,-1,-1,-1,-2,-2,false,0,0,0,NA,-1,-1,-1,-1,-1,-2,-2
2,"Environment: 2, FiringMode: 2",7.264384,false,0,0,0,NA,false,0,0,0,NA,-1,-1,-1,-1,-1,-2,-2,false,0,0,0,NA,-1,-1,-1,-1,-1,-2,-2
2,"Environment: 2, FiringMode: 2",7.265892,false,0,0,0,NA,false,0,0,0,NA,-1,-1,-1,-1,-1,-2,-2,false,0,0,0,NA,-1,-1,-1,-1,-1,-2,-2
2,"Environment: 2, FiringMode: 2",7.267343,false,0,0,0,NA,false,0,0,0,NA,-1,-1,-1,-1,-1,-2,-2,false,0,0,0,NA,-1,-1,-1,-1,-1,-2,-2
2,"Environment: 2, FiringMode: 2",7.268752,false,0,0,0,NA,false,0,0,0,NA,-1,-1,-1,-1,-1,-2,-2,false,0,0,0,NA,-1,-1,-1,-1,-1,-2,-2
2,"Environment: 2, FiringMode: 2",7.270042,false,0,0,0,NA,false,0,0,0,NA,-1,-1,-1,-1,-1,-2,-2,false,0,0,0,NA,-1,-1,-1,-1,-1,-2,-2
2,"Environment: 2, FiringMode: 2",7.271388,false,0,0,0,NA,false,0,0,0,NA,-1,-1,-1,-1,-1,-2,-2,false,0,0,0,NA,-1,-1,-1,-1,-1,-2,-2
2,"Environment: 2, FiringMode: 2",7.272688,false,0,0,0,NA,false,0,0,0,NA,-1,-1,-1,-1,-1,-2,-2,false,0,0,0,NA,-1,-1,-1,-1,-1,-2,-2
2,"Environment: 2, FiringMode: 2",7.274063,false,0,0,0,NA,false,0,0,0,NA,-1,-1,-1,-1,-1,-2,-2,false,0,0,0,NA,-1,-1,-1,-1,-1,-2,-2
2,"Environment: 2, FiringMode: 2",7.275383,false,0,0,0,NA,false,0,0,0,NA,-1,-1,-1,-1,-1,-2,-2,false,0,0,0,NA,-1,-1,-1,-1,-1,-2,-2
2,"Environment: 2, FiringMode: 2",7.276838,false,0,0,0,NA,false,0,0,0,NA,-1,-1,-1,-1,-1,-2,-2,false,0,0,0,NA,-1,-1,-1,-1,-1,-2,-2
2,"Environment: 2, FiringMode: 2",7.278296,false,0,0,0,NA,false,0,0,0,NA,-1,-1,-1,-1,-1,-2,-2,false,0,0,0,NA,-1,-1,-1,-1,-1,-2,-2
2,"Environment: 2, FiringMode: 2",7.280201,false,0,0,0,NA,false,0,0,0,NA,-1,-1,-1,-1,-1,-2,-2,false,0,0,0,NA,-1,-1,-1,-1,-1,-2,-2
2,"Environment: 2, FiringMode: 2",7.282001,false,0,0,0,NA,false,0,0,0,NA,-1,-1,-1,-1,-1,-2,-2,false,0,0,0,NA,-1,-1,-1,-1,-1,-2,-2
2,"Environment: 2, FiringMode: 2",7.283596,false,0,0,0,NA,false,0,0,0,NA,-1,-1,-1,-1,-1,-2,-2,false,0,0,0,NA,-1,-1,-1,-1,-1,-2,-2
2,"Environment: 2, FiringMode: 2",7.284977,false,0,0,0,NA,false,0,0,0,NA,-1,-1,-1,-1,-1,-2,-2,false,0,0,0,NA,-1,-1,-1,-1,-1,-2,-2
2,"Environment: 2, FiringMode: 2",7.286404,false,0,0,0,NA,false,0,0,0,NA,-1,-1,-1,-1,-1,-2,-2,false,0,0,0,NA,-1,-1,-1,-1,-1,-2,-2
2,"Environment: 2, FiringMode: 2",7.287727,false,0,0,0,NA,false,0,0,0,NA,-1,-1,-1,-1,-1,-2,-2,false,0,0,0,NA,-1,-1,-1,-1,-1,-2,-2
2,"Environment: 2, FiringMode: 2",7.289073,false,0,0,0,NA,false,0,0,0,NA,-1,-1,-1,-1,-1,-2,-2,false,0,0,0,NA,-1,-1,-1,-1,-1,-2,-2
2,"Environment: 2, FiringMode: 2",7.290464,false,0,0,0,NA,false,0,0,0,NA,-1,-1,-1,-1,-1,-2,-2,false,0,0,0,NA,-1,-1,-1,-1,-1,-2,-2
2,"Environment: 2, FiringMode: 2",7.292017,false,0,0,0,NA,false,0,0,0,NA,-1,-1,-1,-1,-1,-2,-2,false,0,0,0,NA,-1,-1,-1,-1,-1,-2,-2
2,"Environment: 2, FiringMode: 2",7.293503,false,0,0,0,NA,false,0,0,0,NA,-1,-1,-1,-1,-1,-2,-2,false,0,0,0,NA,-1,-1,-1,-1,-1,-2,-2
2,"Environment: 2, FiringMode: 2",7.294899,false,0,0,0,NA,false,0,0,0,NA,-1,-1,-1,-1,-1,-2,-2,false,0,0,0,NA,-1,-1,-1,-1,-1,-2,-2
2,"Environment: 2, FiringMode: 2",7.296265,false,0,0,0,NA,false,0,0,0,NA,-1,-1,-1,-1,-1,-2,-2,false,0,0,0,NA,-1,-1,-1,-1,-1,-2,-2
2,"Environment: 2, FiringMode: 2",7.297768,false,0,0,0,NA,false,0,0,0,NA,-1,-1,-1,-1,-1,-2,-2,false,0,0,0,NA,-1,-1,-1,-1,-1,-2,-2
2,"Environment: 2, FiringMode: 2",7.299278,false,0,0,0,NA,false,0,0,0,NA,-1,-1,-1,-1,-1,-2,-2,false,0,0,0,NA,-1,-1,-1,-1,-1,-2,-2
2,"Environment: 2, FiringMode: 2",7.300648,false,0,0,0,NA,false,0,0,0,NA,-1,-1,-1,-1,-1,-2,-2,false,0,0,0,NA,-1,-1,-1,-1,-1,-2,-2
2,"Environment: 2, FiringMode: 2",7.301953,false,0,0,0,NA,false,0,0,0,NA,-1,-1,-1,-1,-1,-2,-2,false,0,0,0,NA,-1,-1,-1,-1,-1,-2,-2
2,"Environment: 2, FiringMode: 2",7.303333,false,0,0,0,NA,false,0,0,0,NA,-1,-1,-1,-1,-1,-2,-2,false,0,0,0,NA,-1,-1,-1,-1,-1,-2,-2
2,"Environment: 2, FiringMode: 2",7.304697,false,0,0,0,NA,false,0,0,0,NA,-1,-1,-1,-1,-1,-2,-2,false,0,0,0,NA,-1,-1,-1,-1,-1,-2,-2
2,"Environment: 2, FiringMode: 2",7.30605,false,0,0,0,NA,false,0,0,0,NA,-1,-1,-1,-1,-1,-2,-2,false,0,0,0,NA,-1,-1,-1,-1,-1,-2,-2
2,"Environment: 2, FiringMode: 2",7.307464,false,0,0,0,NA,false,0,0,0,NA,-1,-1,-1,-1,-1,-2,-2,false,0,0,0,NA,-1,-1,-1,-1,-1,-2,-2
2,"Environment: 2, FiringMode: 2",7.309171,false,0,0,0,NA,false,0,0,0,NA,-1,-1,-1,-1,-1,-2,-2,false,0,0,0,NA,-1,-1,-1,-1,-1,-2,-2
2,"Environment: 2, FiringMode: 2",7.310971,false,0,0,0,NA,false,0,0,0,NA,-1,-1,-1,-1,-1,-2,-2,false,0,0,0,NA,-1,-1,-1,-1,-1,-2,-2
2,"Environment: 2, FiringMode: 2",7.312779,false,0,0,0,NA,false,0,0,0,NA,-1,-1,-1,-1,-1,-2,-2,false,0,0,0,NA,-1,-1,-1,-1,-1,-2,-2
2,"Environment: 2, FiringMode: 2",7.314372,false,0,0,0,NA,false,0,0,0,NA,-1,-1,-1,-1,-1,-2,-2,false,0,0,0,NA,-1,-1,-1,-1,-1,-2,-2
2,"Environment: 2, FiringMode: 2",7.315946,false,0,0,0,NA,false,0,0,0,NA,-1,-1,-1,-1,-1,-2,-2,false,0,0,0,NA,-1,-1,-1,-1,-1,-2,-2
2,"Environment: 2, FiringMode: 2",7.317602,false,0,0,0,NA,false,0,0,0,NA,-1,-1,-1,-1,-1,-2,-2,false,0,0,0,NA,-1,-1,-1,-1,-1,-2,-2
2,"Environment: 2, FiringMode: 2",7.3195,false,0,0,0,NA,false,0,0,0,NA,-1,-1,-1,-1,-1,-2,-2,false,0,0,0,NA,-1,-1,-1,-1,-1,-2,-2
2,"Environment: 2, FiringMode: 2",7.321248,false,0,0,0,NA,false,0,0,0,NA,-1,-1,-1,-1,-1,-2,-2,false,0,0,0,NA,-1,-1,-1,-1,-1,-2,-2
2,"Environment: 2, FiringMode: 2",7.322905,false,0,0,0,NA,false,0,0,0,NA,-1,-1,-1,-1,-1,-2,-2,false,0,0,0,NA,-1,-1,-1,-1,-1,-2,-2
2,"Environment: 2, FiringMode: 2",7.32462,false,0,0,0,NA,false,0,0,0,NA,-1,-1,-1,-1,-1,-2,-2,false,0,0,0,NA,-1,-1,-1,-1,-1,-2,-2
2,"Environment: 2, FiringMode: 2",7.326351,false,0,0,0,NA,false,0,0,0,NA,-1,-1,-1,-1,-1,-2,-2,false,0,0,0,NA,-1,-1,-1,-1,-1,-2,-2
2,"Environment: 2, FiringMode: 2",7.328031,false,0,0,0,NA,false,0,0,0,NA,-1,-1,-1,-1,-1,-2,-2,false,0,0,0,NA,-1,-1,-1,-1,-1,-2,-2
2,"Environment: 2, FiringMode: 2",7.329543,false,0,0,0,NA,false,0,0,0,NA,-1,-1,-1,-1,-1,-2,-2,false,0,0,0,NA,-1,-1,-1,-1,-1,-2,-2
2,"Environment: 2, FiringMode: 2",7.33089,false,0,0,0,NA,false,0,0,0,NA,-1,-1,-1,-1,-1,-2,-2,false,0,0,0,NA,-1,-1,-1,-1,-1,-2,-2
2,"Environment: 2, FiringMode: 2",7.332164,false,0,0,0,NA,false,0,0,0,NA,-1,-1,-1,-1,-1,-2,-2,false,0,0,0,NA,-1,-1,-1,-1,-1,-2,-2
2,"Environment: 2, FiringMode: 2",7.333482,false,0,0,0,NA,false,0,0,0,NA,-1,-1,-1,-1,-1,-2,-2,false,0,0,0,NA,-1,-1,-1,-1,-1,-2,-2
2,"Environment: 2, FiringMode: 2",7.334967,false,0,0,0,NA,false,0,0,0,NA,-1,-1,-1,-1,-1,-2,-2,false,0,0,0,NA,-1,-1,-1,-1,-1,-2,-2
2,"Environment: 2, FiringMode: 2",7.336394,false,0,0,0,NA,false,0,0,0,NA,-1,-1,-1,-1,-1,-2,-2,false,0,0,0,NA,-1,-1,-1,-1,-1,-2,-2
2,"Environment: 2, FiringMode: 2",7.337824,false,0,0,0,NA,false,0,0,0,NA,-1,-1,-1,-1,-1,-2,-2,false,0,0,0,NA,-1,-1,-1,-1,-1,-2,-2
2,"Environment: 2, FiringMode: 2",7.33932,false,0,0,0,NA,false,0,0,0,NA,-1,-1,-1,-1,-1,-2,-2,false,0,0,0,NA,-1,-1,-1,-1,-1,-2,-2
2,"Environment: 2, FiringMode: 2",7.340702,false,0,0,0,NA,false,0,0,0,NA,-1,-1,-1,-1,-1,-2,-2,false,0,0,0,NA,-1,-1,-1,-1,-1,-2,-2
2,"Environment: 2, FiringMode: 2",7.342129,false,0,0,0,NA,false,0,0,0,NA,-1,-1,-1,-1,-1,-2,-2,false,0,0,0,NA,-1,-1,-1,-1,-1,-2,-2
2,"Environment: 2, FiringMode: 2",7.343581,false,0,0,0,NA,false,0,0,0,NA,-1,-1,-1,-1,-1,-2,-2,false,0,0,0,NA,-1,-1,-1,-1,-1,-2,-2
2,"Environment: 2, FiringMode: 2",7.345091,false,0,0,0,NA,false,0,0,0,NA,-1,-1,-1,-1,-1,-2,-2,false,0,0,0,NA,-1,-1,-1,-1,-1,-2,-2
2,"Environment: 2, FiringMode: 2",7.346544,false,0,0,0,NA,false,0,0,0,NA,-1,-1,-1,-1,-1,-2,-2,false,0,0,0,NA,-1,-1,-1,-1,-1,-2,-2
2,"Environment: 2, FiringMode: 2",7.347953,false,0,0,0,NA,false,0,0,0,NA,-1,-1,-1,-1,-1,-2,-2,false,0,0,0,NA,-1,-1,-1,-1,-1,-2,-2
2,"Environment: 2, FiringMode: 2",7.349328,false,0,0,0,NA,false,0,0,0,NA,-1,-1,-1,-1,-1,-2,-2,false,0,0,0,NA,-1,-1,-1,-1,-1,-2,-2
2,"Environment: 2, FiringMode: 2",7.350662,false,0,0,0,NA,false,0,0,0,NA,-1,-1,-1,-1,-1,-2,-2,false,0,0,0,NA,-1,-1,-1,-1,-1,-2,-2
2,"Environment: 2, FiringMode: 2",7.352119,false,0,0,0,NA,false,0,0,0,NA,-1,-1,-1,-1,-1,-2,-2,false,0,0,0,NA,-1,-1,-1,-1,-1,-2,-2
2,"Environment: 2, FiringMode: 2",7.353474,false,0,0,0,NA,false,0,0,0,NA,-1,-1,-1,-1,-1,-2,-2,false,0,0,0,NA,-1,-1,-1,-1,-1,-2,-2
2,"Environment: 2, FiringMode: 2",7.354854,false,0,0,0,NA,false,0,0,0,NA,-1,-1,-1,-1,-1,-2,-2,false,0,0,0,NA,-1,-1,-1,-1,-1,-2,-2
2,"Environment: 2, FiringMode: 2",7.35622,false,0,0,0,NA,false,0,0,0,NA,-1,-1,-1,-1,-1,-2,-2,false,0,0,0,NA,-1,-1,-1,-1,-1,-2,-2
2,"Environment: 2, FiringMode: 2",7.357621,false,0,0,0,NA,false,0,0,0,NA,-1,-1,-1,-1,-1,-2,-2,false,0,0,0,NA,-1,-1,-1,-1,-1,-2,-2
2,"Environment: 2, FiringMode: 2",7.359115,false,0,0,0,NA,false,0,0,0,NA,-1,-1,-1,-1,-1,-2,-2,false,0,0,0,NA,-1,-1,-1,-1,-1,-2,-2
2,"Environment: 2, FiringMode: 2",7.360472,false,0,0,0,NA,false,0,0,0,NA,-1,-1,-1,-1,-1,-2,-2,false,0,0,0,NA,-1,-1,-1,-1,-1,-2,-2
2,"Environment: 2, FiringMode: 2",7.361828,false,0,0,0,NA,false,0,0,0,NA,-1,-1,-1,-1,-1,-2,-2,false,0,0,0,NA,-1,-1,-1,-1,-1,-2,-2
2,"Environment: 2, FiringMode: 2",7.363419,false,0,0,0,NA,false,0,0,0,NA,-1,-1,-1,-1,-1,-2,-2,false,0,0,0,NA,-1,-1,-1,-1,-1,-2,-2
2,"Environment: 2, FiringMode: 2",7.364973,false,0,0,0,NA,false,0,0,0,NA,-1,-1,-1,-1,-1,-2,-2,false,0,0,0,NA,-1,-1,-1,-1,-1,-2,-2
2,"Environment: 2, FiringMode: 2",7.366498,false,0,0,0,NA,false,0,0,0,NA,-1,-1,-1,-1,-1,-2,-2,false,0,0,0,NA,-1,-1,-1,-1,-1,-2,-2
2,"Environment: 2, FiringMode: 2",7.368781,false,0,0,0,NA,false,0,0,0,NA,-1,-1,-1,-1,-1,-2,-2,false,0,0,0,NA,-1,-1,-1,-1,-1,-2,-2
2,"Environment: 2, FiringMode: 2",7.370412,false,0,0,0,NA,false,0,0,0,NA,-1,-1,-1,-1,-1,-2,-2,false,0,0,0,NA,-1,-1,-1,-1,-1,-2,-2
2,"Environment: 2, FiringMode: 2",7.372102,false,0,0,0,NA,false,0,0,0,NA,-1,-1,-1,-1,-1,-2,-2,false,0,0,0,NA,-1,-1,-1,-1,-1,-2,-2
2,"Environment: 2, FiringMode: 2",7.374041,false,0,0,0,NA,false,0,0,0,NA,-1,-1,-1,-1,-1,-2,-2,false,0,0,0,NA,-1,-1,-1,-1,-1,-2,-2
2,"Environment: 2, FiringMode: 2",7.375523,false,0,0,0,NA,false,0,0,0,NA,-1,-1,-1,-1,-1,-2,-2,false,0,0,0,NA,-1,-1,-1,-1,-1,-2,-2
2,"Environment: 2, FiringMode: 2",7.377189,false,0,0,0,NA,false,0,0,0,NA,-1,-1,-1,-1,-1,-2,-2,false,0,0,0,NA,-1,-1,-1,-1,-1,-2,-2
2,"Environment: 2, FiringMode: 2",7.378623,false,0,0,0,NA,false,0,0,0,NA,-1,-1,-1,-1,-1,-2,-2,false,0,0,0,NA,-1,-1,-1,-1,-1,-2,-2
2,"Environment: 2, FiringMode: 2",7.38026,false,0,0,0,NA,false,0,0,0,NA,-1,-1,-1,-1,-1,-2,-2,false,0,0,0,NA,-1,-1,-1,-1,-1,-2,-2
2,"Environment: 2, FiringMode: 2",7.381928,false,0,0,0,NA,false,0,0,0,NA,-1,-1,-1,-1,-1,-2,-2,false,0,0,0,NA,-1,-1,-1,-1,-1,-2,-2
2,"Environment: 2, FiringMode: 2",7.383481,false,0,0,0,NA,false,0,0,0,NA,-1,-1,-1,-1,-1,-2,-2,false,0,0,0,NA,-1,-1,-1,-1,-1,-2,-2
2,"Environment: 2, FiringMode: 2",7.385087,false,0,0,0,NA,false,0,0,0,NA,-1,-1,-1,-1,-1,-2,-2,false,0,0,0,NA,-1,-1,-1,-1,-1,-2,-2
2,"Environment: 2, FiringMode: 2",7.38658,false,0,0,0,NA,false,0,0,0,NA,-1,-1,-1,-1,-1,-2,-2,false,0,0,0,NA,-1,-1,-1,-1,-1,-2,-2
2,"Environment: 2, FiringMode: 2",7.388235,false,0,0,0,NA,false,0,0,0,NA,-1,-1,-1,-1,-1,-2,-2,false,0,0,0,NA,-1,-1,-1,-1,-1,-2,-2
2,"Environment: 2, FiringMode: 2",7.389641,false,0,0,0,NA,false,0,0,0,NA,-1,-1,-1,-1,-1,-2,-2,false,0,0,0,NA,-1,-1,-1,-1,-1,-2,-2
2,"Environment: 2, FiringMode: 2",7.390999,false,0,0,0,NA,false,0,0,0,NA,-1,-1,-1,-1,-1,-2,-2,false,0,0,0,NA,-1,-1,-1,-1,-1,-2,-2
2,"Environment: 2, FiringMode: 2",7.392367,false,0,0,0,NA,false,0,0,0,NA,-1,-1,-1,-1,-1,-2,-2,false,0,0,0,NA,-1,-1,-1,-1,-1,-2,-2
2,"Environment: 2, FiringMode: 2",7.393691,false,0,0,0,NA,false,0,0,0,NA,-1,-1,-1,-1,-1,-2,-2,false,0,0,0,NA,-1,-1,-1,-1,-1,-2,-2
2,"Environment: 2, FiringMode: 2",7.395128,false,0,0,0,NA,false,0,0,0,NA,-1,-1,-1,-1,-1,-2,-2,false,0,0,0,NA,-1,-1,-1,-1,-1,-2,-2
2,"Environment: 2, FiringMode: 2",7.396426,false,0,0,0,NA,false,0,0,0,NA,-1,-1,-1,-1,-1,-2,-2,false,0,0,0,NA,-1,-1,-1,-1,-1,-2,-2
2,"Environment: 2, FiringMode: 2",7.397691,false,0,0,0,NA,false,0,0,0,NA,-1,-1,-1,-1,-1,-2,-2,false,0,0,0,NA,-1,-1,-1,-1,-1,-2,-2
2,"Environment: 2, FiringMode: 2",7.399253,false,0,0,0,NA,false,0,0,0,NA,-1,-1,-1,-1,-1,-2,-2,false,0,0,0,NA,-1,-1,-1,-1,-1,-2,-2
2,"Environment: 2, FiringMode: 2",7.401106,false,0,0,0,NA,false,0,0,0,NA,-1,-1,-1,-1,-1,-2,-2,false,0,0,0,NA,-1,-1,-1,-1,-1,-2,-2
2,"Environment: 2, FiringMode: 2",7.402613,false,0,0,0,NA,false,0,0,0,NA,-1,-1,-1,-1,-1,-2,-2,false,0,0,0,NA,-1,-1,-1,-1,-1,-2,-2
2,"Environment: 2, FiringMode: 2",7.404021,false,0,0,0,NA,false,0,0,0,NA,-1,-1,-1,-1,-1,-2,-2,false,0,0,0,NA,-1,-1,-1,-1,-1,-2,-2
2,"Environment: 2, FiringMode: 2",7.405494,false,0,0,0,NA,false,0,0,0,NA,-1,-1,-1,-1,-1,-2,-2,false,0,0,0,NA,-1,-1,-1,-1,-1,-2,-2
2,"Environment: 2, FiringMode: 2",7.406973,false,0,0,0,NA,false,0,0,0,NA,-1,-1,-1,-1,-1,-2,-2,false,0,0,0,NA,-1,-1,-1,-1,-1,-2,-2
2,"Environment: 2, FiringMode: 2",7.408359,false,0,0,0,NA,false,0,0,0,NA,-1,-1,-1,-1,-1,-2,-2,false,0,0,0,NA,-1,-1,-1,-1,-1,-2,-2
2,"Environment: 2, FiringMode: 2",7.409773,false,0,0,0,NA,false,0,0,0,NA,-1,-1,-1,-1,-1,-2,-2,false,0,0,0,NA,-1,-1,-1,-1,-1,-2,-2
2,"Environment: 2, FiringMode: 2",7.411159,false,0,0,0,NA,false,0,0,0,NA,-1,-1,-1,-1,-1,-2,-2,false,0,0,0,NA,-1,-1,-1,-1,-1,-2,-2
2,"Environment: 2, FiringMode: 2",7.412898,false,0,0,0,NA,false,0,0,0,NA,-1,-1,-1,-1,-1,-2,-2,false,0,0,0,NA,-1,-1,-1,-1,-1,-2,-2
2,"Environment: 2, FiringMode: 2",7.41492,false,0,0,0,NA,false,0,0,0,NA,-1,-1,-1,-1,-1,-2,-2,false,0,0,0,NA,-1,-1,-1,-1,-1,-2,-2
2,"Environment: 2, FiringMode: 2",7.416481,false,0,0,0,NA,false,0,0,0,NA,-1,-1,-1,-1,-1,-2,-2,false,0,0,0,NA,-1,-1,-1,-1,-1,-2,-2
2,"Environment: 2, FiringMode: 2",7.417831,false,0,0,0,NA,false,0,0,0,NA,-1,-1,-1,-1,-1,-2,-2,false,0,0,0,NA,-1,-1,-1,-1,-1,-2,-2
2,"Environment: 2, FiringMode: 2",7.419346,false,0,0,0,NA,false,0,0,0,NA,-1,-1,-1,-1,-1,-2,-2,false,0,0,0,NA,-1,-1,-1,-1,-1,-2,-2
2,"Environment: 2, FiringMode: 2",7.420753,false,0,0,0,NA,false,0,0,0,NA,-1,-1,-1,-1,-1,-2,-2,false,0,0,0,NA,-1,-1,-1,-1,-1,-2,-2
2,"Environment: 2, FiringMode: 2",7.422167,false,0,0,0,NA,false,0,0,0,NA,-1,-1,-1,-1,-1,-2,-2,false,0,0,0,NA,-1,-1,-1,-1,-1,-2,-2
2,"Environment: 2, FiringMode: 2",7.42345,false,0,0,0,NA,false,0,0,0,NA,-1,-1,-1,-1,-1,-2,-2,false,0,0,0,NA,-1,-1,-1,-1,-1,-2,-2
2,"Environment: 2, FiringMode: 2",7.424792,false,0,0,0,NA,false,0,0,0,NA,-1,-1,-1,-1,-1,-2,-2,false,0,0,0,NA,-1,-1,-1,-1,-1,-2,-2
2,"Environment: 2, FiringMode: 2",7.4262,false,0,0,0,NA,false,0,0,0,NA,-1,-1,-1,-1,-1,-2,-2,false,0,0,0,NA,-1,-1,-1,-1,-1,-2,-2
2,"Environment: 2, FiringMode: 2",7.427633,false,0,0,0,NA,false,0,0,0,NA,-1,-1,-1,-1,-1,-2,-2,false,0,0,0,NA,-1,-1,-1,-1,-1,-2,-2
2,"Environment: 2, FiringMode: 2",7.429001,false,0,0,0,NA,false,0,0,0,NA,-1,-1,-1,-1,-1,-2,-2,false,0,0,0,NA,-1,-1,-1,-1,-1,-2,-2
2,"Environment: 2, FiringMode: 2",7.430418,false,0,0,0,NA,false,0,0,0,NA,-1,-1,-1,-1,-1,-2,-2,false,0,0,0,NA,-1,-1,-1,-1,-1,-2,-2
2,"Environment: 2, FiringMode: 2",7.431821,false,0,0,0,NA,false,0,0,0,NA,-1,-1,-1,-1,-1,-2,-2,false,0,0,0,NA,-1,-1,-1,-1,-1,-2,-2
2,"Environment: 2, FiringMode: 2",7.433161,false,0,0,0,NA,false,0,0,0,NA,-1,-1,-1,-1,-1,-2,-2,false,0,0,0,NA,-1,-1,-1,-1,-1,-2,-2
2,"Environment: 2, FiringMode: 2",7.434463,false,0,0,0,NA,false,0,0,0,NA,-1,-1,-1,-1,-1,-2,-2,false,0,0,0,NA,-1,-1,-1,-1,-1,-2,-2
2,"Environment: 2, FiringMode: 2",7.435877,false,0,0,0,NA,false,0,0,0,NA,-1,-1,-1,-1,-1,-2,-2,false,0,0,0,NA,-1,-1,-1,-1,-1,-2,-2
2,"Environment: 2, FiringMode: 2",7.437301,false,0,0,0,NA,false,0,0,0,NA,-1,-1,-1,-1,-1,-2,-2,false,0,0,0,NA,-1,-1,-1,-1,-1,-2,-2
2,"Environment: 2, FiringMode: 2",7.439533,false,0,0,0,NA,false,0,0,0,NA,-1,-1,-1,-1,-1,-2,-2,false,0,0,0,NA,-1,-1,-1,-1,-1,-2,-2
2,"Environment: 2, FiringMode: 2",7.441265,false,0,0,0,NA,false,0,0,0,NA,-1,-1,-1,-1,-1,-2,-2,false,0,0,0,NA,-1,-1,-1,-1,-1,-2,-2
2,"Environment: 2, FiringMode: 2",7.442906,false,0,0,0,NA,false,0,0,0,NA,-1,-1,-1,-1,-1,-2,-2,false,0,0,0,NA,-1,-1,-1,-1,-1,-2,-2
2,"Environment: 2, FiringMode: 2",7.44445,false,0,0,0,NA,false,0,0,0,NA,-1,-1,-1,-1,-1,-2,-2,false,0,0,0,NA,-1,-1,-1,-1,-1,-2,-2
2,"Environment: 2, FiringMode: 2",7.445846,false,0,0,0,NA,false,0,0,0,NA,-1,-1,-1,-1,-1,-2,-2,false,0,0,0,NA,-1,-1,-1,-1,-1,-2,-2
2,"Environment: 2, FiringMode: 2",7.447299,false,0,0,0,NA,false,0,0,0,NA,-1,-1,-1,-1,-1,-2,-2,false,0,0,0,NA,-1,-1,-1,-1,-1,-2,-2
2,"Environment: 2, FiringMode: 2",7.448729,false,0,0,0,NA,false,0,0,0,NA,-1,-1,-1,-1,-1,-2,-2,false,0,0,0,NA,-1,-1,-1,-1,-1,-2,-2
2,"Environment: 2, FiringMode: 2",7.450573,false,0,0,0,NA,false,0,0,0,NA,-1,-1,-1,-1,-1,-2,-2,false,0,0,0,NA,-1,-1,-1,-1,-1,-2,-2
2,"Environment: 2, FiringMode: 2",7.4519,false,0,0,0,NA,false,0,0,0,NA,-1,-1,-1,-1,-1,-2,-2,false,0,0,0,NA,-1,-1,-1,-1,-1,-2,-2
2,"Environment: 2, FiringMode: 2",7.453244,false,0,0,0,NA,false,0,0,0,NA,-1,-1,-1,-1,-1,-2,-2,false,0,0,0,NA,-1,-1,-1,-1,-1,-2,-2
2,"Environment: 2, FiringMode: 2",7.454718,false,0,0,0,NA,false,0,0,0,NA,-1,-1,-1,-1,-1,-2,-2,false,0,0,0,NA,-1,-1,-1,-1,-1,-2,-2
2,"Environment: 2, FiringMode: 2",7.456132,false,0,0,0,NA,false,0,0,0,NA,-1,-1,-1,-1,-1,-2,-2,false,0,0,0,NA,-1,-1,-1,-1,-1,-2,-2
2,"Environment: 2, FiringMode: 2",7.457609,false,0,0,0,NA,false,0,0,0,NA,-1,-1,-1,-1,-1,-2,-2,false,0,0,0,NA,-1,-1,-1,-1,-1,-2,-2
2,"Environment: 2, FiringMode: 2",7.45911,false,0,0,0,NA,false,0,0,0,NA,-1,-1,-1,-1,-1,-2,-2,false,0,0,0,NA,-1,-1,-1,-1,-1,-2,-2
2,"Environment: 2, FiringMode: 2",7.460625,false,0,0,0,NA,false,0,0,0,NA,-1,-1,-1,-1,-1,-2,-2,false,0,0,0,NA,-1,-1,-1,-1,-1,-2,-2
2,"Environment: 2, FiringMode: 2",7.46206,false,0,0,0,NA,false,0,0,0,NA,-1,-1,-1,-1,-1,-2,-2,false,0,0,0,NA,-1,-1,-1,-1,-1,-2,-2
2,"Environment: 2, FiringMode: 2",7.463478,false,0,0,0,NA,false,0,0,0,NA,-1,-1,-1,-1,-1,-2,-2,false,0,0,0,NA,-1,-1,-1,-1,-1,-2,-2
2,"Environment: 2, FiringMode: 2",7.4648,false,0,0,0,NA,false,0,0,0,NA,-1,-1,-1,-1,-1,-2,-2,false,0,0,0,NA,-1,-1,-1,-1,-1,-2,-2
2,"Environment: 2, FiringMode: 2",7.46616,false,0,0,0,NA,false,0,0,0,NA,-1,-1,-1,-1,-1,-2,-2,false,0,0,0,NA,-1,-1,-1,-1,-1,-2,-2
2,"Environment: 2, FiringMode: 2",7.467638,false,0,0,0,NA,false,0,0,0,NA,-1,-1,-1,-1,-1,-2,-2,false,0,0,0,NA,-1,-1,-1,-1,-1,-2,-2
2,"Environment: 2, FiringMode: 2",7.469093,false,0,0,0,NA,false,0,0,0,NA,-1,-1,-1,-1,-1,-2,-2,false,0,0,0,NA,-1,-1,-1,-1,-1,-2,-2
2,"Environment: 2, FiringMode: 2",7.470512,false,0,0,0,NA,false,0,0,0,NA,-1,-1,-1,-1,-1,-2,-2,false,0,0,0,NA,-1,-1,-1,-1,-1,-2,-2
2,"Environment: 2, FiringMode: 2",7.471902,false,0,0,0,NA,false,0,0,0,NA,-1,-1,-1,-1,-1,-2,-2,false,0,0,0,NA,-1,-1,-1,-1,-1,-2,-2
2,"Environment: 2, FiringMode: 2",7.4733,false,0,0,0,NA,false,0,0,0,NA,-1,-1,-1,-1,-1,-2,-2,false,0,0,0,NA,-1,-1,-1,-1,-1,-2,-2
2,"Environment: 2, FiringMode: 2",7.474625,false,0,0,0,NA,false,0,0,0,NA,-1,-1,-1,-1,-1,-2,-2,false,0,0,0,NA,-1,-1,-1,-1,-1,-2,-2
2,"Environment: 2, FiringMode: 2",7.476058,false,0,0,0,NA,false,0,0,0,NA,-1,-1,-1,-1,-1,-2,-2,false,0,0,0,NA,-1,-1,-1,-1,-1,-2,-2
2,"Environment: 2, FiringMode: 2",7.477499,false,0,0,0,NA,false,0,0,0,NA,-1,-1,-1,-1,-1,-2,-2,false,0,0,0,NA,-1,-1,-1,-1,-1,-2,-2
2,"Environment: 2, FiringMode: 2",7.479007,false,0,0,0,NA,false,0,0,0,NA,-1,-1,-1,-1,-1,-2,-2,false,0,0,0,NA,-1,-1,-1,-1,-1,-2,-2
2,"Environment: 2, FiringMode: 2",7.48048,false,0,0,0,NA,false,0,0,0,NA,-1,-1,-1,-1,-1,-2,-2,false,0,0,0,NA,-1,-1,-1,-1,-1,-2,-2
2,"Environment: 2, FiringMode: 2",7.482096,false,0,0,0,NA,false,0,0,0,NA,-1,-1,-1,-1,-1,-2,-2,false,0,0,0,NA,-1,-1,-1,-1,-1,-2,-2
2,"Environment: 2, FiringMode: 2",7.4835,false,0,0,0,NA,false,0,0,0,NA,-1,-1,-1,-1,-1,-2,-2,false,0,0,0,NA,-1,-1,-1,-1,-1,-2,-2
2,"Environment: 2, FiringMode: 2",7.484868,false,0,0,0,NA,false,0,0,0,NA,-1,-1,-1,-1,-1,-2,-2,false,0,0,0,NA,-1,-1,-1,-1,-1,-2,-2
2,"Environment: 2, FiringMode: 2",7.486263,false,0,0,0,NA,false,0,0,0,NA,-1,-1,-1,-1,-1,-2,-2,false,0,0,0,NA,-1,-1,-1,-1,-1,-2,-2
2,"Environment: 2, FiringMode: 2",7.487632,false,0,0,0,NA,false,0,0,0,NA,-1,-1,-1,-1,-1,-2,-2,false,0,0,0,NA,-1,-1,-1,-1,-1,-2,-2
2,"Environment: 2, FiringMode: 2",7.488937,false,0,0,0,NA,false,0,0,0,NA,-1,-1,-1,-1,-1,-2,-2,false,0,0,0,NA,-1,-1,-1,-1,-1,-2,-2
2,"Environment: 2, FiringMode: 2",7.49035,false,0,0,0,NA,false,0,0,0,NA,-1,-1,-1,-1,-1,-2,-2,false,0,0,0,NA,-1,-1,-1,-1,-1,-2,-2
2,"Environment: 2, FiringMode: 2",7.491728,false,0,0,0,NA,false,0,0,0,NA,-1,-1,-1,-1,-1,-2,-2,false,0,0,0,NA,-1,-1,-1,-1,-1,-2,-2
2,"Environment: 2, FiringMode: 2",7.493034,false,0,0,0,NA,false,0,0,0,NA,-1,-1,-1,-1,-1,-2,-2,false,0,0,0,NA,-1,-1,-1,-1,-1,-2,-2
2,"Environment: 2, FiringMode: 2",7.494528,false,0,0,0,NA,false,0,0,0,NA,-1,-1,-1,-1,-1,-2,-2,false,0,0,0,NA,-1,-1,-1,-1,-1,-2,-2
2,"Environment: 2, FiringMode: 2",7.49613,false,0,0,0,NA,false,0,0,0,NA,-1,-1,-1,-1,-1,-2,-2,false,0,0,0,NA,-1,-1,-1,-1,-1,-2,-2
2,"Environment: 2, FiringMode: 2",7.497596,false,0,0,0,NA,false,0,0,0,NA,-1,-1,-1,-1,-1,-2,-2,false,0,0,0,NA,-1,-1,-1,-1,-1,-2,-2
2,"Environment: 2, FiringMode: 2",7.499148,false,0,0,0,NA,false,0,0,0,NA,-1,-1,-1,-1,-1,-2,-2,false,0,0,0,NA,-1,-1,-1,-1,-1,-2,-2
2,"Environment: 2, FiringMode: 2",7.500467,false,0,0,0,NA,false,0,0,0,NA,-1,-1,-1,-1,-1,-2,-2,false,0,0,0,NA,-1,-1,-1,-1,-1,-2,-2
2,"Environment: 2, FiringMode: 2",7.501779,false,0,0,0,NA,false,0,0,0,NA,-1,-1,-1,-1,-1,-2,-2,false,0,0,0,NA,-1,-1,-1,-1,-1,-2,-2
2,"Environment: 2, FiringMode: 2",7.503181,false,0,0,0,NA,false,0,0,0,NA,-1,-1,-1,-1,-1,-2,-2,false,0,0,0,NA,-1,-1,-1,-1,-1,-2,-2
2,"Environment: 2, FiringMode: 2",7.504535,false,0,0,0,NA,false,0,0,0,NA,-1,-1,-1,-1,-1,-2,-2,false,0,0,0,NA,-1,-1,-1,-1,-1,-2,-2
2,"Environment: 2, FiringMode: 2",7.505898,false,0,0,0,NA,false,0,0,0,NA,-1,-1,-1,-1,-1,-2,-2,false,0,0,0,NA,-1,-1,-1,-1,-1,-2,-2
2,"Environment: 2, FiringMode: 2",7.507228,false,0,0,0,NA,false,0,0,0,NA,-1,-1,-1,-1,-1,-2,-2,false,0,0,0,NA,-1,-1,-1,-1,-1,-2,-2
2,"Environment: 2, FiringMode: 2",7.508591,false,0,0,0,NA,false,0,0,0,NA,-1,-1,-1,-1,-1,-2,-2,false,0,0,0,NA,-1,-1,-1,-1,-1,-2,-2
2,"Environment: 2, FiringMode: 2",7.510084,false,0,0,0,NA,false,0,0,0,NA,-1,-1,-1,-1,-1,-2,-2,false,0,0,0,NA,-1,-1,-1,-1,-1,-2,-2
2,"Environment: 2, FiringMode: 2",7.511476,false,0,0,0,NA,false,0,0,0,NA,-1,-1,-1,-1,-1,-2,-2,false,0,0,0,NA,-1,-1,-1,-1,-1,-2,-2
2,"Environment: 2, FiringMode: 2",7.512837,false,0,0,0,NA,false,0,0,0,NA,-1,-1,-1,-1,-1,-2,-2,false,0,0,0,NA,-1,-1,-1,-1,-1,-2,-2
2,"Environment: 2, FiringMode: 2",7.514254,false,0,0,0,NA,false,0,0,0,NA,-1,-1,-1,-1,-1,-2,-2,false,0,0,0,NA,-1,-1,-1,-1,-1,-2,-2
2,"Environment: 2, FiringMode: 2",7.515684,false,0,0,0,NA,false,0,0,0,NA,-1,-1,-1,-1,-1,-2,-2,false,0,0,0,NA,-1,-1,-1,-1,-1,-2,-2
2,"Environment: 2, FiringMode: 2",7.517144,false,0,0,0,NA,false,0,0,0,NA,-1,-1,-1,-1,-1,-2,-2,false,0,0,0,NA,-1,-1,-1,-1,-1,-2,-2
2,"Environment: 2, FiringMode: 2",7.518568,false,0,0,0,NA,false,0,0,0,NA,-1,-1,-1,-1,-1,-2,-2,false,0,0,0,NA,-1,-1,-1,-1,-1,-2,-2
2,"Environment: 2, FiringMode: 2",7.520024,false,0,0,0,NA,false,0,0,0,NA,-1,-1,-1,-1,-1,-2,-2,false,0,0,0,NA,-1,-1,-1,-1,-1,-2,-2
2,"Environment: 2, FiringMode: 2",7.52132,false,0,0,0,NA,false,0,0,0,NA,-1,-1,-1,-1,-1,-2,-2,false,0,0,0,NA,-1,-1,-1,-1,-1,-2,-2
2,"Environment: 2, FiringMode: 2",7.522786,false,0,0,0,NA,false,0,0,0,NA,-1,-1,-1,-1,-1,-2,-2,false,0,0,0,NA,-1,-1,-1,-1,-1,-2,-2
2,"Environment: 2, FiringMode: 2",7.524227,false,0,0,0,NA,false,0,0,0,NA,-1,-1,-1,-1,-1,-2,-2,false,0,0,0,NA,-1,-1,-1,-1,-1,-2,-2
2,"Environment: 2, FiringMode: 2",7.525608,false,0,0,0,NA,false,0,0,0,NA,-1,-1,-1,-1,-1,-2,-2,false,0,0,0,NA,-1,-1,-1,-1,-1,-2,-2
2,"Environment: 2, FiringMode: 2",7.527029,false,0,0,0,NA,false,0,0,0,NA,-1,-1,-1,-1,-1,-2,-2,false,0,0,0,NA,-1,-1,-1,-1,-1,-2,-2
2,"Environment: 2, FiringMode: 2",7.528387,false,0,0,0,NA,false,0,0,0,NA,-1,-1,-1,-1,-1,-2,-2,false,0,0,0,NA,-1,-1,-1,-1,-1,-2,-2
2,"Environment: 2, FiringMode: 2",7.529725,false,0,0,0,NA,false,0,0,0,NA,-1,-1,-1,-1,-1,-2,-2,false,0,0,0,NA,-1,-1,-1,-1,-1,-2,-2
2,"Environment: 2, FiringMode: 2",7.531091,false,0,0,0,NA,false,0,0,0,NA,-1,-1,-1,-1,-1,-2,-2,false,0,0,0,NA,-1,-1,-1,-1,-1,-2,-2
2,"Environment: 2, FiringMode: 2",7.532432,false,0,0,0,NA,false,0,0,0,NA,-1,-1,-1,-1,-1,-2,-2,false,0,0,0,NA,-1,-1,-1,-1,-1,-2,-2
2,"Environment: 2, FiringMode: 2",7.533755,false,0,0,0,NA,false,0,0,0,NA,-1,-1,-1,-1,-1,-2,-2,false,0,0,0,NA,-1,-1,-1,-1,-1,-2,-2
2,"Environment: 2, FiringMode: 2",7.535137,false,0,0,0,NA,false,0,0,0,NA,-1,-1,-1,-1,-1,-2,-2,false,0,0,0,NA,-1,-1,-1,-1,-1,-2,-2
2,"Environment: 2, FiringMode: 2",7.536475,false,0,0,0,NA,false,0,0,0,NA,-1,-1,-1,-1,-1,-2,-2,false,0,0,0,NA,-1,-1,-1,-1,-1,-2,-2
2,"Environment: 2, FiringMode: 2",7.537898,false,0,0,0,NA,false,0,0,0,NA,-1,-1,-1,-1,-1,-2,-2,false,0,0,0,NA,-1,-1,-1,-1,-1,-2,-2
2,"Environment: 2, FiringMode: 2",7.539411,false,0,0,0,NA,false,0,0,0,NA,-1,-1,-1,-1,-1,-2,-2,false,0,0,0,NA,-1,-1,-1,-1,-1,-2,-2
2,"Environment: 2, FiringMode: 2",7.540792,false,0,0,0,NA,false,0,0,0,NA,-1,-1,-1,-1,-1,-2,-2,false,0,0,0,NA,-1,-1,-1,-1,-1,-2,-2
2,"Environment: 2, FiringMode: 2",7.542067,false,0,0,0,NA,false,0,0,0,NA,-1,-1,-1,-1,-1,-2,-2,false,0,0,0,NA,-1,-1,-1,-1,-1,-2,-2
2,"Environment: 2, FiringMode: 2",7.543381,false,0,0,0,NA,false,0,0,0,NA,-1,-1,-1,-1,-1,-2,-2,false,0,0,0,NA,-1,-1,-1,-1,-1,-2,-2
2,"Environment: 2, FiringMode: 2",7.544611,false,0,0,0,NA,false,0,0,0,NA,-1,-1,-1,-1,-1,-2,-2,false,0,0,0,NA,-1,-1,-1,-1,-1,-2,-2
2,"Environment: 2, FiringMode: 2",7.545938,false,0,0,0,NA,false,0,0,0,NA,-1,-1,-1,-1,-1,-2,-2,false,0,0,0,NA,-1,-1,-1,-1,-1,-2,-2
2,"Environment: 2, FiringMode: 2",7.547296,false,0,0,0,NA,false,0,0,0,NA,-1,-1,-1,-1,-1,-2,-2,false,0,0,0,NA,-1,-1,-1,-1,-1,-2,-2
2,"Environment: 2, FiringMode: 2",7.548604,false,0,0,0,NA,false,0,0,0,NA,-1,-1,-1,-1,-1,-2,-2,false,0,0,0,NA,-1,-1,-1,-1,-1,-2,-2
2,"Environment: 2, FiringMode: 2",7.549857,false,0,0,0,NA,false,0,0,0,NA,-1,-1,-1,-1,-1,-2,-2,false,0,0,0,NA,-1,-1,-1,-1,-1,-2,-2
2,"Environment: 2, FiringMode: 2",7.551193,false,0,0,0,NA,false,0,0,0,NA,-1,-1,-1,-1,-1,-2,-2,false,0,0,0,NA,-1,-1,-1,-1,-1,-2,-2
2,"Environment: 2, FiringMode: 2",7.552534,false,0,0,0,NA,false,0,0,0,NA,-1,-1,-1,-1,-1,-2,-2,false,0,0,0,NA,-1,-1,-1,-1,-1,-2,-2
2,"Environment: 2, FiringMode: 2",7.553844,false,0,0,0,NA,false,0,0,0,NA,-1,-1,-1,-1,-1,-2,-2,false,0,0,0,NA,-1,-1,-1,-1,-1,-2,-2
2,"Environment: 2, FiringMode: 2",7.555124,false,0,0,0,NA,false,0,0,0,NA,-1,-1,-1,-1,-1,-2,-2,false,0,0,0,NA,-1,-1,-1,-1,-1,-2,-2
2,"Environment: 2, FiringMode: 2",7.55642,false,0,0,0,NA,false,0,0,0,NA,-1,-1,-1,-1,-1,-2,-2,false,0,0,0,NA,-1,-1,-1,-1,-1,-2,-2
2,"Environment: 2, FiringMode: 2",7.557765,false,0,0,0,NA,false,0,0,0,NA,-1,-1,-1,-1,-1,-2,-2,false,0,0,0,NA,-1,-1,-1,-1,-1,-2,-2
2,"Environment: 2, FiringMode: 2",7.559168,false,0,0,0,NA,false,0,0,0,NA,-1,-1,-1,-1,-1,-2,-2,false,0,0,0,NA,-1,-1,-1,-1,-1,-2,-2
2,"Environment: 2, FiringMode: 2",7.560418,false,0,0,0,NA,false,0,0,0,NA,-1,-1,-1,-1,-1,-2,-2,false,0,0,0,NA,-1,-1,-1,-1,-1,-2,-2
2,"Environment: 2, FiringMode: 2",7.561731,false,0,0,0,NA,false,0,0,0,NA,-1,-1,-1,-1,-1,-2,-2,false,0,0,0,NA,-1,-1,-1,-1,-1,-2,-2
2,"Environment: 2, FiringMode: 2",7.56296,false,0,0,0,NA,false,0,0,0,NA,-1,-1,-1,-1,-1,-2,-2,false,0,0,0,NA,-1,-1,-1,-1,-1,-2,-2
2,"Environment: 2, FiringMode: 2",7.564398,false,0,0,0,NA,false,0,0,0,NA,-1,-1,-1,-1,-1,-2,-2,false,0,0,0,NA,-1,-1,-1,-1,-1,-2,-2
2,"Environment: 2, FiringMode: 2",7.565995,false,0,0,0,NA,false,0,0,0,NA,-1,-1,-1,-1,-1,-2,-2,false,0,0,0,NA,-1,-1,-1,-1,-1,-2,-2
2,"Environment: 2, FiringMode: 2",7.567422,false,0,0,0,NA,false,0,0,0,NA,-1,-1,-1,-1,-1,-2,-2,false,0,0,0,NA,-1,-1,-1,-1,-1,-2,-2
2,"Environment: 2, FiringMode: 2",7.568748,false,0,0,0,NA,false,0,0,0,NA,-1,-1,-1,-1,-1,-2,-2,false,0,0,0,NA,-1,-1,-1,-1,-1,-2,-2
2,"Environment: 2, FiringMode: 2",7.570086,false,0,0,0,NA,false,0,0,0,NA,-1,-1,-1,-1,-1,-2,-2,false,0,0,0,NA,-1,-1,-1,-1,-1,-2,-2
2,"Environment: 2, FiringMode: 2",7.571417,false,0,0,0,NA,false,0,0,0,NA,-1,-1,-1,-1,-1,-2,-2,false,0,0,0,NA,-1,-1,-1,-1,-1,-2,-2
2,"Environment: 2, FiringMode: 2",7.572706,false,0,0,0,NA,false,0,0,0,NA,-1,-1,-1,-1,-1,-2,-2,false,0,0,0,NA,-1,-1,-1,-1,-1,-2,-2
2,"Environment: 2, FiringMode: 2",7.573948,false,0,0,0,NA,false,0,0,0,NA,-1,-1,-1,-1,-1,-2,-2,false,0,0,0,NA,-1,-1,-1,-1,-1,-2,-2
2,"Environment: 2, FiringMode: 2",7.575247,false,0,0,0,NA,false,0,0,0,NA,-1,-1,-1,-1,-1,-2,-2,false,0,0,0,NA,-1,-1,-1,-1,-1,-2,-2
2,"Environment: 2, FiringMode: 2",7.5766,false,0,0,0,NA,false,0,0,0,NA,-1,-1,-1,-1,-1,-2,-2,false,0,0,0,NA,-1,-1,-1,-1,-1,-2,-2
2,"Environment: 2, FiringMode: 2",7.578042,false,0,0,0,NA,false,0,0,0,NA,-1,-1,-1,-1,-1,-2,-2,false,0,0,0,NA,-1,-1,-1,-1,-1,-2,-2
2,"Environment: 2, FiringMode: 2",7.579665,false,0,0,0,NA,false,0,0,0,NA,-1,-1,-1,-1,-1,-2,-2,false,0,0,0,NA,-1,-1,-1,-1,-1,-2,-2
2,"Environment: 2, FiringMode: 2",7.581119,false,0,0,0,NA,false,0,0,0,NA,-1,-1,-1,-1,-1,-2,-2,false,0,0,0,NA,-1,-1,-1,-1,-1,-2,-2
2,"Environment: 2, FiringMode: 2",7.582548,false,0,0,0,NA,false,0,0,0,NA,-1,-1,-1,-1,-1,-2,-2,false,0,0,0,NA,-1,-1,-1,-1,-1,-2,-2
2,"Environment: 2, FiringMode: 2",7.583943,false,0,0,0,NA,false,0,0,0,NA,-1,-1,-1,-1,-1,-2,-2,false,0,0,0,NA,-1,-1,-1,-1,-1,-2,-2
2,"Environment: 2, FiringMode: 2",7.585458,false,0,0,0,NA,false,0,0,0,NA,-1,-1,-1,-1,-1,-2,-2,false,0,0,0,NA,-1,-1,-1,-1,-1,-2,-2
2,"Environment: 2, FiringMode: 2",7.58688,false,0,0,0,NA,false,0,0,0,NA,-1,-1,-1,-1,-1,-2,-2,false,0,0,0,NA,-1,-1,-1,-1,-1,-2,-2
2,"Environment: 2, FiringMode: 2",7.588172,false,0,0,0,NA,false,0,0,0,NA,-1,-1,-1,-1,-1,-2,-2,false,0,0,0,NA,-1,-1,-1,-1,-1,-2,-2
2,"Environment: 2, FiringMode: 2",7.589514,false,0,0,0,NA,false,0,0,0,NA,-1,-1,-1,-1,-1,-2,-2,false,0,0,0,NA,-1,-1,-1,-1,-1,-2,-2
2,"Environment: 2, FiringMode: 2",7.590909,false,0,0,0,NA,false,0,0,0,NA,-1,-1,-1,-1,-1,-2,-2,false,0,0,0,NA,-1,-1,-1,-1,-1,-2,-2
2,"Environment: 2, FiringMode: 2",7.592355,false,0,0,0,NA,false,0,0,0,NA,-1,-1,-1,-1,-1,-2,-2,false,0,0,0,NA,-1,-1,-1,-1,-1,-2,-2
2,"Environment: 2, FiringMode: 2",7.593761,false,0,0,0,NA,false,0,0,0,NA,-1,-1,-1,-1,-1,-2,-2,false,0,0,0,NA,-1,-1,-1,-1,-1,-2,-2
2,"Environment: 2, FiringMode: 2",7.595068,false,0,0,0,NA,false,0,0,0,NA,-1,-1,-1,-1,-1,-2,-2,false,0,0,0,NA,-1,-1,-1,-1,-1,-2,-2
2,"Environment: 2, FiringMode: 2",7.596644,false,0,0,0,NA,false,0,0,0,NA,-1,-1,-1,-1,-1,-2,-2,false,0,0,0,NA,-1,-1,-1,-1,-1,-2,-2
2,"Environment: 2, FiringMode: 2",7.598055,false,0,0,0,NA,false,0,0,0,NA,-1,-1,-1,-1,-1,-2,-2,false,0,0,0,NA,-1,-1,-1,-1,-1,-2,-2
2,"Environment: 2, FiringMode: 2",7.59959,false,0,0,0,NA,false,0,0,0,NA,-1,-1,-1,-1,-1,-2,-2,false,0,0,0,NA,-1,-1,-1,-1,-1,-2,-2
2,"Environment: 2, FiringMode: 2",7.600994,false,0,0,0,NA,false,0,0,0,NA,-1,-1,-1,-1,-1,-2,-2,false,0,0,0,NA,-1,-1,-1,-1,-1,-2,-2
2,"Environment: 2, FiringMode: 2",7.602376,false,0,0,0,NA,false,0,0,0,NA,-1,-1,-1,-1,-1,-2,-2,false,0,0,0,NA,-1,-1,-1,-1,-1,-2,-2
2,"Environment: 2, FiringMode: 2",7.603646,false,0,0,0,NA,false,0,0,0,NA,-1,-1,-1,-1,-1,-2,-2,false,0,0,0,NA,-1,-1,-1,-1,-1,-2,-2
2,"Environment: 2, FiringMode: 2",7.604977,false,0,0,0,NA,false,0,0,0,NA,-1,-1,-1,-1,-1,-2,-2,false,0,0,0,NA,-1,-1,-1,-1,-1,-2,-2
2,"Environment: 2, FiringMode: 2",7.60633,false,0,0,0,NA,false,0,0,0,NA,-1,-1,-1,-1,-1,-2,-2,false,0,0,0,NA,-1,-1,-1,-1,-1,-2,-2
2,"Environment: 2, FiringMode: 2",7.607684,false,0,0,0,NA,false,0,0,0,NA,-1,-1,-1,-1,-1,-2,-2,false,0,0,0,NA,-1,-1,-1,-1,-1,-2,-2
2,"Environment: 2, FiringMode: 2",7.608955,false,0,0,0,NA,false,0,0,0,NA,-1,-1,-1,-1,-1,-2,-2,false,0,0,0,NA,-1,-1,-1,-1,-1,-2,-2
2,"Environment: 2, FiringMode: 2",7.610205,false,0,0,0,NA,false,0,0,0,NA,-1,-1,-1,-1,-1,-2,-2,false,0,0,0,NA,-1,-1,-1,-1,-1,-2,-2
2,"Environment: 2, FiringMode: 2",7.611516,false,0,0,0,NA,false,0,0,0,NA,-1,-1,-1,-1,-1,-2,-2,false,0,0,0,NA,-1,-1,-1,-1,-1,-2,-2
2,"Environment: 2, FiringMode: 2",7.612832,false,0,0,0,NA,false,0,0,0,NA,-1,-1,-1,-1,-1,-2,-2,false,0,0,0,NA,-1,-1,-1,-1,-1,-2,-2
2,"Environment: 2, FiringMode: 2",7.614164,false,0,0,0,NA,false,0,0,0,NA,-1,-1,-1,-1,-1,-2,-2,false,0,0,0,NA,-1,-1,-1,-1,-1,-2,-2
2,"Environment: 2, FiringMode: 2",7.61546,false,0,0,0,NA,false,0,0,0,NA,-1,-1,-1,-1,-1,-2,-2,false,0,0,0,NA,-1,-1,-1,-1,-1,-2,-2
2,"Environment: 2, FiringMode: 2",7.616744,false,0,0,0,NA,false,0,0,0,NA,-1,-1,-1,-1,-1,-2,-2,false,0,0,0,NA,-1,-1,-1,-1,-1,-2,-2
2,"Environment: 2, FiringMode: 2",7.618019,false,0,0,0,NA,false,0,0,0,NA,-1,-1,-1,-1,-1,-2,-2,false,0,0,0,NA,-1,-1,-1,-1,-1,-2,-2
2,"Environment: 2, FiringMode: 2",7.61973,false,0,0,0,NA,false,0,0,0,NA,-1,-1,-1,-1,-1,-2,-2,false,0,0,0,NA,-1,-1,-1,-1,-1,-2,-2
2,"Environment: 2, FiringMode: 2",7.621395,false,0,0,0,NA,false,0,0,0,NA,-1,-1,-1,-1,-1,-2,-2,false,0,0,0,NA,-1,-1,-1,-1,-1,-2,-2
2,"Environment: 2, FiringMode: 2",7.622894,false,0,0,0,NA,false,0,0,0,NA,-1,-1,-1,-1,-1,-2,-2,false,0,0,0,NA,-1,-1,-1,-1,-1,-2,-2
2,"Environment: 2, FiringMode: 2",7.624324,false,0,0,0,NA,false,0,0,0,NA,-1,-1,-1,-1,-1,-2,-2,false,0,0,0,NA,-1,-1,-1,-1,-1,-2,-2
2,"Environment: 2, FiringMode: 2",7.625708,false,0,0,0,NA,false,0,0,0,NA,-1,-1,-1,-1,-1,-2,-2,false,0,0,0,NA,-1,-1,-1,-1,-1,-2,-2
2,"Environment: 2, FiringMode: 2",7.627098,false,0,0,0,NA,false,0,0,0,NA,-1,-1,-1,-1,-1,-2,-2,false,0,0,0,NA,-1,-1,-1,-1,-1,-2,-2
2,"Environment: 2, FiringMode: 2",7.628461,false,0,0,0,NA,false,0,0,0,NA,-1,-1,-1,-1,-1,-2,-2,false,0,0,0,NA,-1,-1,-1,-1,-1,-2,-2
2,"Environment: 2, FiringMode: 2",7.63,false,0,0,0,NA,false,0,0,0,NA,-1,-1,-1,-1,-1,-2,-2,false,0,0,0,NA,-1,-1,-1,-1,-1,-2,-2
2,"Environment: 2, FiringMode: 2",7.631627,false,0,0,0,NA,false,0,0,0,NA,-1,-1,-1,-1,-1,-2,-2,false,0,0,0,NA,-1,-1,-1,-1,-1,-2,-2
2,"Environment: 2, FiringMode: 2",7.633327,false,0,0,0,NA,false,0,0,0,NA,-1,-1,-1,-1,-1,-2,-2,false,0,0,0,NA,-1,-1,-1,-1,-1,-2,-2
2,"Environment: 2, FiringMode: 2",7.634971,false,0,0,0,NA,false,0,0,0,NA,-1,-1,-1,-1,-1,-2,-2,false,0,0,0,NA,-1,-1,-1,-1,-1,-2,-2
2,"Environment: 2, FiringMode: 2",7.636609,false,0,0,0,NA,false,0,0,0,NA,-1,-1,-1,-1,-1,-2,-2,false,0,0,0,NA,-1,-1,-1,-1,-1,-2,-2
2,"Environment: 2, FiringMode: 2",7.638179,false,0,0,0,NA,false,0,0,0,NA,-1,-1,-1,-1,-1,-2,-2,false,0,0,0,NA,-1,-1,-1,-1,-1,-2,-2
2,"Environment: 2, FiringMode: 2",7.639832,false,0,0,0,NA,false,0,0,0,NA,-1,-1,-1,-1,-1,-2,-2,false,0,0,0,NA,-1,-1,-1,-1,-1,-2,-2
2,"Environment: 2, FiringMode: 2",7.641241,false,0,0,0,NA,false,0,0,0,NA,-1,-1,-1,-1,-1,-2,-2,false,0,0,0,NA,-1,-1,-1,-1,-1,-2,-2
2,"Environment: 2, FiringMode: 2",7.642746,false,0,0,0,NA,false,0,0,0,NA,-1,-1,-1,-1,-1,-2,-2,false,0,0,0,NA,-1,-1,-1,-1,-1,-2,-2
2,"Environment: 2, FiringMode: 2",7.644305,false,0,0,0,NA,false,0,0,0,NA,-1,-1,-1,-1,-1,-2,-2,false,0,0,0,NA,-1,-1,-1,-1,-1,-2,-2
2,"Environment: 2, FiringMode: 2",7.645685,false,0,0,0,NA,false,0,0,0,NA,-1,-1,-1,-1,-1,-2,-2,false,0,0,0,NA,-1,-1,-1,-1,-1,-2,-2
2,"Environment: 2, FiringMode: 2",7.647207,false,0,0,0,NA,false,0,0,0,NA,-1,-1,-1,-1,-1,-2,-2,false,0,0,0,NA,-1,-1,-1,-1,-1,-2,-2
2,"Environment: 2, FiringMode: 2",7.648898,false,0,0,0,NA,false,0,0,0,NA,-1,-1,-1,-1,-1,-2,-2,false,0,0,0,NA,-1,-1,-1,-1,-1,-2,-2
2,"Environment: 2, FiringMode: 2",7.650487,false,0,0,0,NA,false,0,0,0,NA,-1,-1,-1,-1,-1,-2,-2,false,0,0,0,NA,-1,-1,-1,-1,-1,-2,-2
2,"Environment: 2, FiringMode: 2",7.651884,false,0,0,0,NA,false,0,0,0,NA,-1,-1,-1,-1,-1,-2,-2,false,0,0,0,NA,-1,-1,-1,-1,-1,-2,-2
2,"Environment: 2, FiringMode: 2",7.65325,false,0,0,0,NA,false,0,0,0,NA,-1,-1,-1,-1,-1,-2,-2,false,0,0,0,NA,-1,-1,-1,-1,-1,-2,-2
2,"Environment: 2, FiringMode: 2",7.654682,false,0,0,0,NA,false,0,0,0,NA,-1,-1,-1,-1,-1,-2,-2,false,0,0,0,NA,-1,-1,-1,-1,-1,-2,-2
2,"Environment: 2, FiringMode: 2",7.656108,false,0,0,0,NA,false,0,0,0,NA,-1,-1,-1,-1,-1,-2,-2,false,0,0,0,NA,-1,-1,-1,-1,-1,-2,-2
2,"Environment: 2, FiringMode: 2",7.657516,false,0,0,0,NA,false,0,0,0,NA,-1,-1,-1,-1,-1,-2,-2,false,0,0,0,NA,-1,-1,-1,-1,-1,-2,-2
2,"Environment: 2, FiringMode: 2",7.658926,false,0,0,0,NA,false,0,0,0,NA,-1,-1,-1,-1,-1,-2,-2,false,0,0,0,NA,-1,-1,-1,-1,-1,-2,-2
2,"Environment: 2, FiringMode: 2",7.660552,false,0,0,0,NA,false,0,0,0,NA,-1,-1,-1,-1,-1,-2,-2,false,0,0,0,NA,-1,-1,-1,-1,-1,-2,-2
2,"Environment: 2, FiringMode: 2",7.662103,false,0,0,0,NA,false,0,0,0,NA,-1,-1,-1,-1,-1,-2,-2,false,0,0,0,NA,-1,-1,-1,-1,-1,-2,-2
2,"Environment: 2, FiringMode: 2",7.663548,false,0,0,0,NA,false,0,0,0,NA,-1,-1,-1,-1,-1,-2,-2,false,0,0,0,NA,-1,-1,-1,-1,-1,-2,-2
2,"Environment: 2, FiringMode: 2",7.664872,false,0,0,0,NA,false,0,0,0,NA,-1,-1,-1,-1,-1,-2,-2,false,0,0,0,NA,-1,-1,-1,-1,-1,-2,-2
2,"Environment: 2, FiringMode: 2",7.666314,false,0,0,0,NA,false,0,0,0,NA,-1,-1,-1,-1,-1,-2,-2,false,0,0,0,NA,-1,-1,-1,-1,-1,-2,-2
2,"Environment: 2, FiringMode: 2",7.667776,false,0,0,0,NA,false,0,0,0,NA,-1,-1,-1,-1,-1,-2,-2,false,0,0,0,NA,-1,-1,-1,-1,-1,-2,-2
2,"Environment: 2, FiringMode: 2",7.669175,false,0,0,0,NA,false,0,0,0,NA,-1,-1,-1,-1,-1,-2,-2,false,0,0,0,NA,-1,-1,-1,-1,-1,-2,-2
2,"Environment: 2, FiringMode: 2",7.670486,false,0,0,0,NA,false,0,0,0,NA,-1,-1,-1,-1,-1,-2,-2,false,0,0,0,NA,-1,-1,-1,-1,-1,-2,-2
2,"Environment: 2, FiringMode: 2",7.671813,false,0,0,0,NA,false,0,0,0,NA,-1,-1,-1,-1,-1,-2,-2,false,0,0,0,NA,-1,-1,-1,-1,-1,-2,-2
2,"Environment: 2, FiringMode: 2",7.673135,false,0,0,0,NA,false,0,0,0,NA,-1,-1,-1,-1,-1,-2,-2,false,0,0,0,NA,-1,-1,-1,-1,-1,-2,-2
2,"Environment: 2, FiringMode: 2",7.6745,false,0,0,0,NA,false,0,0,0,NA,-1,-1,-1,-1,-1,-2,-2,false,0,0,0,NA,-1,-1,-1,-1,-1,-2,-2
2,"Environment: 2, FiringMode: 2",7.675896,false,0,0,0,NA,false,0,0,0,NA,-1,-1,-1,-1,-1,-2,-2,false,0,0,0,NA,-1,-1,-1,-1,-1,-2,-2
2,"Environment: 2, FiringMode: 2",7.677292,false,0,0,0,NA,false,0,0,0,NA,-1,-1,-1,-1,-1,-2,-2,false,0,0,0,NA,-1,-1,-1,-1,-1,-2,-2
2,"Environment: 2, FiringMode: 2",7.678786,false,0,0,0,NA,false,0,0,0,NA,-1,-1,-1,-1,-1,-2,-2,false,0,0,0,NA,-1,-1,-1,-1,-1,-2,-2
2,"Environment: 2, FiringMode: 2",7.680356,false,0,0,0,NA,false,0,0,0,NA,-1,-1,-1,-1,-1,-2,-2,false,0,0,0,NA,-1,-1,-1,-1,-1,-2,-2
2,"Environment: 2, FiringMode: 2",7.681708,false,0,0,0,NA,false,0,0,0,NA,-1,-1,-1,-1,-1,-2,-2,false,0,0,0,NA,-1,-1,-1,-1,-1,-2,-2
2,"Environment: 2, FiringMode: 2",7.68299,false,0,0,0,NA,false,0,0,0,NA,-1,-1,-1,-1,-1,-2,-2,false,0,0,0,NA,-1,-1,-1,-1,-1,-2,-2
2,"Environment: 2, FiringMode: 2",7.684246,false,0,0,0,NA,false,0,0,0,NA,-1,-1,-1,-1,-1,-2,-2,false,0,0,0,NA,-1,-1,-1,-1,-1,-2,-2
2,"Environment: 2, FiringMode: 2",7.685666,false,0,0,0,NA,false,0,0,0,NA,-1,-1,-1,-1,-1,-2,-2,false,0,0,0,NA,-1,-1,-1,-1,-1,-2,-2
2,"Environment: 2, FiringMode: 2",7.687019,false,0,0,0,NA,false,0,0,0,NA,-1,-1,-1,-1,-1,-2,-2,false,0,0,0,NA,-1,-1,-1,-1,-1,-2,-2
2,"Environment: 2, FiringMode: 2",7.688289,false,0,0,0,NA,false,0,0,0,NA,-1,-1,-1,-1,-1,-2,-2,false,0,0,0,NA,-1,-1,-1,-1,-1,-2,-2
2,"Environment: 2, FiringMode: 2",7.68962,false,0,0,0,NA,false,0,0,0,NA,-1,-1,-1,-1,-1,-2,-2,false,0,0,0,NA,-1,-1,-1,-1,-1,-2,-2
2,"Environment: 2, FiringMode: 2",7.690924,false,0,0,0,NA,false,0,0,0,NA,-1,-1,-1,-1,-1,-2,-2,false,0,0,0,NA,-1,-1,-1,-1,-1,-2,-2
2,"Environment: 2, FiringMode: 2",7.692188,false,0,0,0,NA,false,0,0,0,NA,-1,-1,-1,-1,-1,-2,-2,false,0,0,0,NA,-1,-1,-1,-1,-1,-2,-2
2,"Environment: 2, FiringMode: 2",7.693705,false,0,0,0,NA,false,0,0,0,NA,-1,-1,-1,-1,-1,-2,-2,false,0,0,0,NA,-1,-1,-1,-1,-1,-2,-2
2,"Environment: 2, FiringMode: 2",7.695155,false,0,0,0,NA,false,0,0,0,NA,-1,-1,-1,-1,-1,-2,-2,false,0,0,0,NA,-1,-1,-1,-1,-1,-2,-2
2,"Environment: 2, FiringMode: 2",7.696505,false,0,0,0,NA,false,0,0,0,NA,-1,-1,-1,-1,-1,-2,-2,false,0,0,0,NA,-1,-1,-1,-1,-1,-2,-2
2,"Environment: 2, FiringMode: 2",7.69804,false,0,0,0,NA,false,0,0,0,NA,-1,-1,-1,-1,-1,-2,-2,false,0,0,0,NA,-1,-1,-1,-1,-1,-2,-2
2,"Environment: 2, FiringMode: 2",7.699768,false,0,0,0,NA,false,0,0,0,NA,-1,-1,-1,-1,-1,-2,-2,false,0,0,0,NA,-1,-1,-1,-1,-1,-2,-2
2,"Environment: 2, FiringMode: 2",7.701266,false,0,0,0,NA,false,0,0,0,NA,-1,-1,-1,-1,-1,-2,-2,false,0,0,0,NA,-1,-1,-1,-1,-1,-2,-2
2,"Environment: 2, FiringMode: 2",7.702633,false,0,0,0,NA,false,0,0,0,NA,-1,-1,-1,-1,-1,-2,-2,false,0,0,0,NA,-1,-1,-1,-1,-1,-2,-2
2,"Environment: 2, FiringMode: 2",7.704053,false,0,0,0,NA,false,0,0,0,NA,-1,-1,-1,-1,-1,-2,-2,false,0,0,0,NA,-1,-1,-1,-1,-1,-2,-2
2,"Environment: 2, FiringMode: 2",7.705385,false,0,0,0,NA,false,0,0,0,NA,-1,-1,-1,-1,-1,-2,-2,false,0,0,0,NA,-1,-1,-1,-1,-1,-2,-2
2,"Environment: 2, FiringMode: 2",7.706665,false,0,0,0,NA,false,0,0,0,NA,-1,-1,-1,-1,-1,-2,-2,false,0,0,0,NA,-1,-1,-1,-1,-1,-2,-2
2,"Environment: 2, FiringMode: 2",7.708043,false,0,0,0,NA,false,0,0,0,NA,-1,-1,-1,-1,-1,-2,-2,false,0,0,0,NA,-1,-1,-1,-1,-1,-2,-2
2,"Environment: 2, FiringMode: 2",7.709337,false,0,0,0,NA,false,0,0,0,NA,-1,-1,-1,-1,-1,-2,-2,false,0,0,0,NA,-1,-1,-1,-1,-1,-2,-2
2,"Environment: 2, FiringMode: 2",7.710673,false,0,0,0,NA,false,0,0,0,NA,-1,-1,-1,-1,-1,-2,-2,false,0,0,0,NA,-1,-1,-1,-1,-1,-2,-2
2,"Environment: 2, FiringMode: 2",7.712008,false,0,0,0,NA,false,0,0,0,NA,-1,-1,-1,-1,-1,-2,-2,false,0,0,0,NA,-1,-1,-1,-1,-1,-2,-2
2,"Environment: 2, FiringMode: 2",7.713309,false,0,0,0,NA,false,0,0,0,NA,-1,-1,-1,-1,-1,-2,-2,false,0,0,0,NA,-1,-1,-1,-1,-1,-2,-2
2,"Environment: 2, FiringMode: 2",7.714687,false,0,0,0,NA,false,0,0,0,NA,-1,-1,-1,-1,-1,-2,-2,false,0,0,0,NA,-1,-1,-1,-1,-1,-2,-2
2,"Environment: 2, FiringMode: 2",7.716087,false,0,0,0,NA,false,0,0,0,NA,-1,-1,-1,-1,-1,-2,-2,false,0,0,0,NA,-1,-1,-1,-1,-1,-2,-2
2,"Environment: 2, FiringMode: 2",7.717523,false,0,0,0,NA,false,0,0,0,NA,-1,-1,-1,-1,-1,-2,-2,false,0,0,0,NA,-1,-1,-1,-1,-1,-2,-2
2,"Environment: 2, FiringMode: 2",7.718995,false,0,0,0,NA,false,0,0,0,NA,-1,-1,-1,-1,-1,-2,-2,false,0,0,0,NA,-1,-1,-1,-1,-1,-2,-2
2,"Environment: 2, FiringMode: 2",7.720296,false,0,0,0,NA,false,0,0,0,NA,-1,-1,-1,-1,-1,-2,-2,false,0,0,0,NA,-1,-1,-1,-1,-1,-2,-2
2,"Environment: 2, FiringMode: 2",7.721617,false,0,0,0,NA,false,0,0,0,NA,-1,-1,-1,-1,-1,-2,-2,false,0,0,0,NA,-1,-1,-1,-1,-1,-2,-2
2,"Environment: 2, FiringMode: 2",7.722913,false,0,0,0,NA,false,0,0,0,NA,-1,-1,-1,-1,-1,-2,-2,false,0,0,0,NA,-1,-1,-1,-1,-1,-2,-2
2,"Environment: 2, FiringMode: 2",7.724216,false,0,0,0,NA,false,0,0,0,NA,-1,-1,-1,-1,-1,-2,-2,false,0,0,0,NA,-1,-1,-1,-1,-1,-2,-2
2,"Environment: 2, FiringMode: 2",7.725553,false,0,0,0,NA,false,0,0,0,NA,-1,-1,-1,-1,-1,-2,-2,false,0,0,0,NA,-1,-1,-1,-1,-1,-2,-2
2,"Environment: 2, FiringMode: 2",7.726837,false,0,0,0,NA,false,0,0,0,NA,-1,-1,-1,-1,-1,-2,-2,false,0,0,0,NA,-1,-1,-1,-1,-1,-2,-2
2,"Environment: 2, FiringMode: 2",7.728246,false,0,0,0,NA,false,0,0,0,NA,-1,-1,-1,-1,-1,-2,-2,false,0,0,0,NA,-1,-1,-1,-1,-1,-2,-2
2,"Environment: 2, FiringMode: 2",7.729602,false,0,0,0,NA,false,0,0,0,NA,-1,-1,-1,-1,-1,-2,-2,false,0,0,0,NA,-1,-1,-1,-1,-1,-2,-2
2,"Environment: 2, FiringMode: 2",7.730999,false,0,0,0,NA,false,0,0,0,NA,-1,-1,-1,-1,-1,-2,-2,false,0,0,0,NA,-1,-1,-1,-1,-1,-2,-2
2,"Environment: 2, FiringMode: 2",7.73235,false,0,0,0,NA,false,0,0,0,NA,-1,-1,-1,-1,-1,-2,-2,false,0,0,0,NA,-1,-1,-1,-1,-1,-2,-2
2,"Environment: 2, FiringMode: 2",7.733681,false,0,0,0,NA,false,0,0,0,NA,-1,-1,-1,-1,-1,-2,-2,false,0,0,0,NA,-1,-1,-1,-1,-1,-2,-2
2,"Environment: 2, FiringMode: 2",7.735051,false,0,0,0,NA,false,0,0,0,NA,-1,-1,-1,-1,-1,-2,-2,false,0,0,0,NA,-1,-1,-1,-1,-1,-2,-2
2,"Environment: 2, FiringMode: 2",7.736347,false,0,0,0,NA,false,0,0,0,NA,-1,-1,-1,-1,-1,-2,-2,false,0,0,0,NA,-1,-1,-1,-1,-1,-2,-2
2,"Environment: 2, FiringMode: 2",7.7376,false,0,0,0,NA,false,0,0,0,NA,-1,-1,-1,-1,-1,-2,-2,false,0,0,0,NA,-1,-1,-1,-1,-1,-2,-2
2,"Environment: 2, FiringMode: 2",7.739019,false,0,0,0,NA,false,0,0,0,NA,-1,-1,-1,-1,-1,-2,-2,false,0,0,0,NA,-1,-1,-1,-1,-1,-2,-2
2,"Environment: 2, FiringMode: 2",7.740329,false,0,0,0,NA,false,0,0,0,NA,-1,-1,-1,-1,-1,-2,-2,false,0,0,0,NA,-1,-1,-1,-1,-1,-2,-2
2,"Environment: 2, FiringMode: 2",7.741602,false,0,0,0,NA,false,0,0,0,NA,-1,-1,-1,-1,-1,-2,-2,false,0,0,0,NA,-1,-1,-1,-1,-1,-2,-2
2,"Environment: 2, FiringMode: 2",7.742821,false,0,0,0,NA,false,0,0,0,NA,-1,-1,-1,-1,-1,-2,-2,false,0,0,0,NA,-1,-1,-1,-1,-1,-2,-2
2,"Environment: 2, FiringMode: 2",7.744157,false,0,0,0,NA,false,0,0,0,NA,-1,-1,-1,-1,-1,-2,-2,false,0,0,0,NA,-1,-1,-1,-1,-1,-2,-2
2,"Environment: 2, FiringMode: 2",7.74548,false,0,0,0,NA,false,0,0,0,NA,-1,-1,-1,-1,-1,-2,-2,false,0,0,0,NA,-1,-1,-1,-1,-1,-2,-2
2,"Environment: 2, FiringMode: 2",7.746802,false,0,0,0,NA,false,0,0,0,NA,-1,-1,-1,-1,-1,-2,-2,false,0,0,0,NA,-1,-1,-1,-1,-1,-2,-2
2,"Environment: 2, FiringMode: 2",7.748167,false,0,0,0,NA,false,0,0,0,NA,-1,-1,-1,-1,-1,-2,-2,false,0,0,0,NA,-1,-1,-1,-1,-1,-2,-2
2,"Environment: 2, FiringMode: 2",7.749465,false,0,0,0,NA,false,0,0,0,NA,-1,-1,-1,-1,-1,-2,-2,false,0,0,0,NA,-1,-1,-1,-1,-1,-2,-2
2,"Environment: 2, FiringMode: 2",7.753269,false,0,0,0,NA,false,0,0,0,NA,-1,-1,-1,-1,-1,-2,-2,false,0,0,0,NA,-1,-1,-1,-1,-1,-2,-2
2,"Environment: 2, FiringMode: 2",7.754794,false,0,0,0,NA,false,0,0,0,NA,-1,-1,-1,-1,-1,-2,-2,false,0,0,0,NA,-1,-1,-1,-1,-1,-2,-2
2,"Environment: 2, FiringMode: 2",7.75633,false,0,0,0,NA,false,0,0,0,NA,-1,-1,-1,-1,-1,-2,-2,false,0,0,0,NA,-1,-1,-1,-1,-1,-2,-2
2,"Environment: 2, FiringMode: 2",7.757766,false,0,0,0,NA,false,0,0,0,NA,-1,-1,-1,-1,-1,-2,-2,false,0,0,0,NA,-1,-1,-1,-1,-1,-2,-2
2,"Environment: 2, FiringMode: 2",7.759299,false,0,0,0,NA,false,0,0,0,NA,-1,-1,-1,-1,-1,-2,-2,false,0,0,0,NA,-1,-1,-1,-1,-1,-2,-2
2,"Environment: 2, FiringMode: 2",7.760651,false,0,0,0,NA,false,0,0,0,NA,-1,-1,-1,-1,-1,-2,-2,false,0,0,0,NA,-1,-1,-1,-1,-1,-2,-2
2,"Environment: 2, FiringMode: 2",7.76202,false,0,0,0,NA,false,0,0,0,NA,-1,-1,-1,-1,-1,-2,-2,false,0,0,0,NA,-1,-1,-1,-1,-1,-2,-2
2,"Environment: 2, FiringMode: 2",7.763301,false,0,0,0,NA,false,0,0,0,NA,-1,-1,-1,-1,-1,-2,-2,false,0,0,0,NA,-1,-1,-1,-1,-1,-2,-2
2,"Environment: 2, FiringMode: 2",7.764673,false,0,0,0,NA,false,0,0,0,NA,-1,-1,-1,-1,-1,-2,-2,false,0,0,0,NA,-1,-1,-1,-1,-1,-2,-2
2,"Environment: 2, FiringMode: 2",7.766004,false,0,0,0,NA,false,0,0,0,NA,-1,-1,-1,-1,-1,-2,-2,false,0,0,0,NA,-1,-1,-1,-1,-1,-2,-2
2,"Environment: 2, FiringMode: 2",7.767294,false,0,0,0,NA,false,0,0,0,NA,-1,-1,-1,-1,-1,-2,-2,false,0,0,0,NA,-1,-1,-1,-1,-1,-2,-2
2,"Environment: 2, FiringMode: 2",7.768581,false,0,0,0,NA,false,0,0,0,NA,-1,-1,-1,-1,-1,-2,-2,false,0,0,0,NA,-1,-1,-1,-1,-1,-2,-2
2,"Environment: 2, FiringMode: 2",7.769888,false,0,0,0,NA,false,0,0,0,NA,-1,-1,-1,-1,-1,-2,-2,false,0,0,0,NA,-1,-1,-1,-1,-1,-2,-2
2,"Environment: 2, FiringMode: 2",7.771297,false,0,0,0,NA,false,0,0,0,NA,-1,-1,-1,-1,-1,-2,-2,false,0,0,0,NA,-1,-1,-1,-1,-1,-2,-2
2,"Environment: 2, FiringMode: 2",7.772747,false,0,0,0,NA,false,0,0,0,NA,-1,-1,-1,-1,-1,-2,-2,false,0,0,0,NA,-1,-1,-1,-1,-1,-2,-2
2,"Environment: 2, FiringMode: 2",7.774059,false,0,0,0,NA,false,0,0,0,NA,-1,-1,-1,-1,-1,-2,-2,false,0,0,0,NA,-1,-1,-1,-1,-1,-2,-2
2,"Environment: 2, FiringMode: 2",7.775394,false,0,0,0,NA,false,0,0,0,NA,-1,-1,-1,-1,-1,-2,-2,false,0,0,0,NA,-1,-1,-1,-1,-1,-2,-2
2,"Environment: 2, FiringMode: 2",7.776739,false,0,0,0,NA,false,0,0,0,NA,-1,-1,-1,-1,-1,-2,-2,false,0,0,0,NA,-1,-1,-1,-1,-1,-2,-2
2,"Environment: 2, FiringMode: 2",7.778076,false,0,0,0,NA,false,0,0,0,NA,-1,-1,-1,-1,-1,-2,-2,false,0,0,0,NA,-1,-1,-1,-1,-1,-2,-2
2,"Environment: 2, FiringMode: 2",7.779508,false,0,0,0,NA,false,0,0,0,NA,-1,-1,-1,-1,-1,-2,-2,false,0,0,0,NA,-1,-1,-1,-1,-1,-2,-2
2,"Environment: 2, FiringMode: 2",7.780741,false,0,0,0,NA,false,0,0,0,NA,-1,-1,-1,-1,-1,-2,-2,false,0,0,0,NA,-1,-1,-1,-1,-1,-2,-2
2,"Environment: 2, FiringMode: 2",7.781979,false,0,0,0,NA,false,0,0,0,NA,-1,-1,-1,-1,-1,-2,-2,false,0,0,0,NA,-1,-1,-1,-1,-1,-2,-2
2,"Environment: 2, FiringMode: 2",7.783506,false,0,0,0,NA,false,0,0,0,NA,-1,-1,-1,-1,-1,-2,-2,false,0,0,0,NA,-1,-1,-1,-1,-1,-2,-2
2,"Environment: 2, FiringMode: 2",7.785146,false,0,0,0,NA,false,0,0,0,NA,-1,-1,-1,-1,-1,-2,-2,false,0,0,0,NA,-1,-1,-1,-1,-1,-2,-2
2,"Environment: 2, FiringMode: 2",7.786771,false,0,0,0,NA,false,0,0,0,NA,-1,-1,-1,-1,-1,-2,-2,false,0,0,0,NA,-1,-1,-1,-1,-1,-2,-2
2,"Environment: 2, FiringMode: 2",7.788248,false,0,0,0,NA,false,0,0,0,NA,-1,-1,-1,-1,-1,-2,-2,false,0,0,0,NA,-1,-1,-1,-1,-1,-2,-2
2,"Environment: 2, FiringMode: 2",7.78968,false,0,0,0,NA,false,0,0,0,NA,-1,-1,-1,-1,-1,-2,-2,false,0,0,0,NA,-1,-1,-1,-1,-1,-2,-2
2,"Environment: 2, FiringMode: 2",7.791053,false,0,0,0,NA,false,0,0,0,NA,-1,-1,-1,-1,-1,-2,-2,false,0,0,0,NA,-1,-1,-1,-1,-1,-2,-2
2,"Environment: 2, FiringMode: 2",7.792435,false,0,0,0,NA,false,0,0,0,NA,-1,-1,-1,-1,-1,-2,-2,false,0,0,0,NA,-1,-1,-1,-1,-1,-2,-2
2,"Environment: 2, FiringMode: 2",7.793773,false,0,0,0,NA,false,0,0,0,NA,-1,-1,-1,-1,-1,-2,-2,false,0,0,0,NA,-1,-1,-1,-1,-1,-2,-2
2,"Environment: 2, FiringMode: 2",7.795561,false,0,0,0,NA,false,0,0,0,NA,-1,-1,-1,-1,-1,-2,-2,false,0,0,0,NA,-1,-1,-1,-1,-1,-2,-2
2,"Environment: 2, FiringMode: 2",7.797006,false,0,0,0,NA,false,0,0,0,NA,-1,-1,-1,-1,-1,-2,-2,false,0,0,0,NA,-1,-1,-1,-1,-1,-2,-2
2,"Environment: 2, FiringMode: 2",7.798344,false,0,0,0,NA,false,0,0,0,NA,-1,-1,-1,-1,-1,-2,-2,false,0,0,0,NA,-1,-1,-1,-1,-1,-2,-2
2,"Environment: 2, FiringMode: 2",7.799925,false,0,0,0,NA,false,0,0,0,NA,-1,-1,-1,-1,-1,-2,-2,false,0,0,0,NA,-1,-1,-1,-1,-1,-2,-2
2,"Environment: 2, FiringMode: 2",7.801643,false,0,0,0,NA,false,0,0,0,NA,-1,-1,-1,-1,-1,-2,-2,false,0,0,0,NA,-1,-1,-1,-1,-1,-2,-2
2,"Environment: 2, FiringMode: 2",7.803368,false,0,0,0,NA,false,0,0,0,NA,-1,-1,-1,-1,-1,-2,-2,false,0,0,0,NA,-1,-1,-1,-1,-1,-2,-2
2,"Environment: 2, FiringMode: 2",7.804969,false,0,0,0,NA,false,0,0,0,NA,-1,-1,-1,-1,-1,-2,-2,false,0,0,0,NA,-1,-1,-1,-1,-1,-2,-2
2,"Environment: 2, FiringMode: 2",7.806507,false,0,0,0,NA,false,0,0,0,NA,-1,-1,-1,-1,-1,-2,-2,false,0,0,0,NA,-1,-1,-1,-1,-1,-2,-2
2,"Environment: 2, FiringMode: 2",7.808078,false,0,0,0,NA,false,0,0,0,NA,-1,-1,-1,-1,-1,-2,-2,false,0,0,0,NA,-1,-1,-1,-1,-1,-2,-2
2,"Environment: 2, FiringMode: 2",7.809667,false,0,0,0,NA,false,0,0,0,NA,-1,-1,-1,-1,-1,-2,-2,false,0,0,0,NA,-1,-1,-1,-1,-1,-2,-2
2,"Environment: 2, FiringMode: 2",7.811222,false,0,0,0,NA,false,0,0,0,NA,-1,-1,-1,-1,-1,-2,-2,false,0,0,0,NA,-1,-1,-1,-1,-1,-2,-2
2,"Environment: 2, FiringMode: 2",7.812745,false,0,0,0,NA,false,0,0,0,NA,-1,-1,-1,-1,-1,-2,-2,false,0,0,0,NA,-1,-1,-1,-1,-1,-2,-2
2,"Environment: 2, FiringMode: 2",7.814324,false,0,0,0,NA,false,0,0,0,NA,-1,-1,-1,-1,-1,-2,-2,false,0,0,0,NA,-1,-1,-1,-1,-1,-2,-2
2,"Environment: 2, FiringMode: 2",7.815742,false,0,0,0,NA,false,0,0,0,NA,-1,-1,-1,-1,-1,-2,-2,false,0,0,0,NA,-1,-1,-1,-1,-1,-2,-2
2,"Environment: 2, FiringMode: 2",7.817127,false,0,0,0,NA,false,0,0,0,NA,-1,-1,-1,-1,-1,-2,-2,false,0,0,0,NA,-1,-1,-1,-1,-1,-2,-2
2,"Environment: 2, FiringMode: 2",7.818548,false,0,0,0,NA,false,0,0,0,NA,-1,-1,-1,-1,-1,-2,-2,false,0,0,0,NA,-1,-1,-1,-1,-1,-2,-2
2,"Environment: 2, FiringMode: 2",7.820085,false,0,0,0,NA,false,0,0,0,NA,-1,-1,-1,-1,-1,-2,-2,false,0,0,0,NA,-1,-1,-1,-1,-1,-2,-2
2,"Environment: 2, FiringMode: 2",7.821462,false,0,0,0,NA,false,0,0,0,NA,-1,-1,-1,-1,-1,-2,-2,false,0,0,0,NA,-1,-1,-1,-1,-1,-2,-2
2,"Environment: 2, FiringMode: 2",7.822826,false,0,0,0,NA,false,0,0,0,NA,-1,-1,-1,-1,-1,-2,-2,false,0,0,0,NA,-1,-1,-1,-1,-1,-2,-2
2,"Environment: 2, FiringMode: 2",7.824312,false,0,0,0,NA,false,0,0,0,NA,-1,-1,-1,-1,-1,-2,-2,false,0,0,0,NA,-1,-1,-1,-1,-1,-2,-2
2,"Environment: 2, FiringMode: 2",7.825832,false,0,0,0,NA,false,0,0,0,NA,-1,-1,-1,-1,-1,-2,-2,false,0,0,0,NA,-1,-1,-1,-1,-1,-2,-2
2,"Environment: 2, FiringMode: 2",7.827282,false,0,0,0,NA,false,0,0,0,NA,-1,-1,-1,-1,-1,-2,-2,false,0,0,0,NA,-1,-1,-1,-1,-1,-2,-2
2,"Environment: 2, FiringMode: 2",7.82868,false,0,0,0,NA,false,0,0,0,NA,-1,-1,-1,-1,-1,-2,-2,false,0,0,0,NA,-1,-1,-1,-1,-1,-2,-2
2,"Environment: 2, FiringMode: 2",7.830003,false,0,0,0,NA,false,0,0,0,NA,-1,-1,-1,-1,-1,-2,-2,false,0,0,0,NA,-1,-1,-1,-1,-1,-2,-2
2,"Environment: 2, FiringMode: 2",7.831543,false,0,0,0,NA,false,0,0,0,NA,-1,-1,-1,-1,-1,-2,-2,false,0,0,0,NA,-1,-1,-1,-1,-1,-2,-2
2,"Environment: 2, FiringMode: 2",7.833381,false,0,0,0,NA,false,0,0,0,NA,-1,-1,-1,-1,-1,-2,-2,false,0,0,0,NA,-1,-1,-1,-1,-1,-2,-2
2,"Environment: 2, FiringMode: 2",7.835073,false,0,0,0,NA,false,0,0,0,NA,-1,-1,-1,-1,-1,-2,-2,false,0,0,0,NA,-1,-1,-1,-1,-1,-2,-2
2,"Environment: 2, FiringMode: 2",7.836595,false,0,0,0,NA,false,0,0,0,NA,-1,-1,-1,-1,-1,-2,-2,false,0,0,0,NA,-1,-1,-1,-1,-1,-2,-2
2,"Environment: 2, FiringMode: 2",7.837922,false,0,0,0,NA,false,0,0,0,NA,-1,-1,-1,-1,-1,-2,-2,false,0,0,0,NA,-1,-1,-1,-1,-1,-2,-2
2,"Environment: 2, FiringMode: 2",7.839338,false,0,0,0,NA,false,0,0,0,NA,-1,-1,-1,-1,-1,-2,-2,false,0,0,0,NA,-1,-1,-1,-1,-1,-2,-2
2,"Environment: 2, FiringMode: 2",7.840786,false,0,0,0,NA,false,0,0,0,NA,-1,-1,-1,-1,-1,-2,-2,false,0,0,0,NA,-1,-1,-1,-1,-1,-2,-2
2,"Environment: 2, FiringMode: 2",7.842264,false,0,0,0,NA,false,0,0,0,NA,-1,-1,-1,-1,-1,-2,-2,false,0,0,0,NA,-1,-1,-1,-1,-1,-2,-2
2,"Environment: 2, FiringMode: 2",7.843595,false,0,0,0,NA,false,0,0,0,NA,-1,-1,-1,-1,-1,-2,-2,false,0,0,0,NA,-1,-1,-1,-1,-1,-2,-2
2,"Environment: 2, FiringMode: 2",7.844955,false,0,0,0,NA,false,0,0,0,NA,-1,-1,-1,-1,-1,-2,-2,false,0,0,0,NA,-1,-1,-1,-1,-1,-2,-2
2,"Environment: 2, FiringMode: 2",7.846277,false,0,0,0,NA,false,0,0,0,NA,-1,-1,-1,-1,-1,-2,-2,false,0,0,0,NA,-1,-1,-1,-1,-1,-2,-2
2,"Environment: 2, FiringMode: 2",7.847593,false,0,0,0,NA,false,0,0,0,NA,-1,-1,-1,-1,-1,-2,-2,false,0,0,0,NA,-1,-1,-1,-1,-1,-2,-2
2,"Environment: 2, FiringMode: 2",7.84888,false,0,0,0,NA,false,0,0,0,NA,-1,-1,-1,-1,-1,-2,-2,false,0,0,0,NA,-1,-1,-1,-1,-1,-2,-2
2,"Environment: 2, FiringMode: 2",7.850276,false,0,0,0,NA,false,0,0,0,NA,-1,-1,-1,-1,-1,-2,-2,false,0,0,0,NA,-1,-1,-1,-1,-1,-2,-2
2,"Environment: 2, FiringMode: 2",7.851566,false,0,0,0,NA,false,0,0,0,NA,-1,-1,-1,-1,-1,-2,-2,false,0,0,0,NA,-1,-1,-1,-1,-1,-2,-2
2,"Environment: 2, FiringMode: 2",7.852884,false,0,0,0,NA,false,0,0,0,NA,-1,-1,-1,-1,-1,-2,-2,false,0,0,0,NA,-1,-1,-1,-1,-1,-2,-2
2,"Environment: 2, FiringMode: 2",7.854225,false,0,0,0,NA,false,0,0,0,NA,-1,-1,-1,-1,-1,-2,-2,false,0,0,0,NA,-1,-1,-1,-1,-1,-2,-2
2,"Environment: 2, FiringMode: 2",7.855634,false,0,0,0,NA,false,0,0,0,NA,-1,-1,-1,-1,-1,-2,-2,false,0,0,0,NA,-1,-1,-1,-1,-1,-2,-2
2,"Environment: 2, FiringMode: 2",7.856997,false,0,0,0,NA,false,0,0,0,NA,-1,-1,-1,-1,-1,-2,-2,false,0,0,0,NA,-1,-1,-1,-1,-1,-2,-2
2,"Environment: 2, FiringMode: 2",7.858301,false,0,0,0,NA,false,0,0,0,NA,-1,-1,-1,-1,-1,-2,-2,false,0,0,0,NA,-1,-1,-1,-1,-1,-2,-2
2,"Environment: 2, FiringMode: 2",7.859701,false,0,0,0,NA,false,0,0,0,NA,-1,-1,-1,-1,-1,-2,-2,false,0,0,0,NA,-1,-1,-1,-1,-1,-2,-2
2,"Environment: 2, FiringMode: 2",7.861056,false,0,0,0,NA,false,0,0,0,NA,-1,-1,-1,-1,-1,-2,-2,false,0,0,0,NA,-1,-1,-1,-1,-1,-2,-2
2,"Environment: 2, FiringMode: 2",7.862368,false,0,0,0,NA,false,0,0,0,NA,-1,-1,-1,-1,-1,-2,-2,false,0,0,0,NA,-1,-1,-1,-1,-1,-2,-2
2,"Environment: 2, FiringMode: 2",7.863665,false,0,0,0,NA,false,0,0,0,NA,-1,-1,-1,-1,-1,-2,-2,false,0,0,0,NA,-1,-1,-1,-1,-1,-2,-2
2,"Environment: 2, FiringMode: 2",7.864987,false,0,0,0,NA,false,0,0,0,NA,-1,-1,-1,-1,-1,-2,-2,false,0,0,0,NA,-1,-1,-1,-1,-1,-2,-2
2,"Environment: 2, FiringMode: 2",7.866301,false,0,0,0,NA,false,0,0,0,NA,-1,-1,-1,-1,-1,-2,-2,false,0,0,0,NA,-1,-1,-1,-1,-1,-2,-2
2,"Environment: 2, FiringMode: 2",7.86784,false,0,0,0,NA,false,0,0,0,NA,-1,-1,-1,-1,-1,-2,-2,false,0,0,0,NA,-1,-1,-1,-1,-1,-2,-2
2,"Environment: 2, FiringMode: 2",7.869414,false,0,0,0,NA,false,0,0,0,NA,-1,-1,-1,-1,-1,-2,-2,false,0,0,0,NA,-1,-1,-1,-1,-1,-2,-2
2,"Environment: 2, FiringMode: 2",7.870795,false,0,0,0,NA,false,0,0,0,NA,-1,-1,-1,-1,-1,-2,-2,false,0,0,0,NA,-1,-1,-1,-1,-1,-2,-2
2,"Environment: 2, FiringMode: 2",7.872097,false,0,0,0,NA,false,0,0,0,NA,-1,-1,-1,-1,-1,-2,-2,false,0,0,0,NA,-1,-1,-1,-1,-1,-2,-2
2,"Environment: 2, FiringMode: 2",7.873415,false,0,0,0,NA,false,0,0,0,NA,-1,-1,-1,-1,-1,-2,-2,false,0,0,0,NA,-1,-1,-1,-1,-1,-2,-2
2,"Environment: 2, FiringMode: 2",7.874738,false,0,0,0,NA,false,0,0,0,NA,-1,-1,-1,-1,-1,-2,-2,false,0,0,0,NA,-1,-1,-1,-1,-1,-2,-2
2,"Environment: 2, FiringMode: 2",7.876109,false,0,0,0,NA,false,0,0,0,NA,-1,-1,-1,-1,-1,-2,-2,false,0,0,0,NA,-1,-1,-1,-1,-1,-2,-2
2,"Environment: 2, FiringMode: 2",7.877449,false,0,0,0,NA,false,0,0,0,NA,-1,-1,-1,-1,-1,-2,-2,false,0,0,0,NA,-1,-1,-1,-1,-1,-2,-2
2,"Environment: 2, FiringMode: 2",7.878905,false,0,0,0,NA,false,0,0,0,NA,-1,-1,-1,-1,-1,-2,-2,false,0,0,0,NA,-1,-1,-1,-1,-1,-2,-2
2,"Environment: 2, FiringMode: 2",7.880324,false,0,0,0,NA,false,0,0,0,NA,-1,-1,-1,-1,-1,-2,-2,false,0,0,0,NA,-1,-1,-1,-1,-1,-2,-2
2,"Environment: 2, FiringMode: 2",7.88186,false,0,0,0,NA,false,0,0,0,NA,-1,-1,-1,-1,-1,-2,-2,false,0,0,0,NA,-1,-1,-1,-1,-1,-2,-2
2,"Environment: 2, FiringMode: 2",7.883304,false,0,0,0,NA,false,0,0,0,NA,-1,-1,-1,-1,-1,-2,-2,false,0,0,0,NA,-1,-1,-1,-1,-1,-2,-2
2,"Environment: 2, FiringMode: 2",7.884726,false,0,0,0,NA,false,0,0,0,NA,-1,-1,-1,-1,-1,-2,-2,false,0,0,0,NA,-1,-1,-1,-1,-1,-2,-2
2,"Environment: 2, FiringMode: 2",7.886087,false,0,0,0,NA,false,0,0,0,NA,-1,-1,-1,-1,-1,-2,-2,false,0,0,0,NA,-1,-1,-1,-1,-1,-2,-2
2,"Environment: 2, FiringMode: 2",7.887478,false,0,0,0,NA,false,0,0,0,NA,-1,-1,-1,-1,-1,-2,-2,false,0,0,0,NA,-1,-1,-1,-1,-1,-2,-2
2,"Environment: 2, FiringMode: 2",7.888825,false,0,0,0,NA,false,0,0,0,NA,-1,-1,-1,-1,-1,-2,-2,false,0,0,0,NA,-1,-1,-1,-1,-1,-2,-2
2,"Environment: 2, FiringMode: 2",7.89012,false,0,0,0,NA,false,0,0,0,NA,-1,-1,-1,-1,-1,-2,-2,false,0,0,0,NA,-1,-1,-1,-1,-1,-2,-2
2,"Environment: 2, FiringMode: 2",7.89156,false,0,0,0,NA,false,0,0,0,NA,-1,-1,-1,-1,-1,-2,-2,false,0,0,0,NA,-1,-1,-1,-1,-1,-2,-2
2,"Environment: 2, FiringMode: 2",7.892845,false,0,0,0,NA,false,0,0,0,NA,-1,-1,-1,-1,-1,-2,-2,false,0,0,0,NA,-1,-1,-1,-1,-1,-2,-2
2,"Environment: 2, FiringMode: 2",7.894174,false,0,0,0,NA,false,0,0,0,NA,-1,-1,-1,-1,-1,-2,-2,false,0,0,0,NA,-1,-1,-1,-1,-1,-2,-2
2,"Environment: 2, FiringMode: 2",7.896341,false,0,0,0,NA,false,0,0,0,NA,-1,-1,-1,-1,-1,-2,-2,false,0,0,0,NA,-1,-1,-1,-1,-1,-2,-2
2,"Environment: 2, FiringMode: 2",7.897919,false,0,0,0,NA,false,0,0,0,NA,-1,-1,-1,-1,-1,-2,-2,false,0,0,0,NA,-1,-1,-1,-1,-1,-2,-2
2,"Environment: 2, FiringMode: 2",7.899543,false,0,0,0,NA,false,0,0,0,NA,-1,-1,-1,-1,-1,-2,-2,false,0,0,0,NA,-1,-1,-1,-1,-1,-2,-2
2,"Environment: 2, FiringMode: 2",7.900956,false,0,0,0,NA,false,0,0,0,NA,-1,-1,-1,-1,-1,-2,-2,false,0,0,0,NA,-1,-1,-1,-1,-1,-2,-2
2,"Environment: 2, FiringMode: 2",7.902395,false,0,0,0,NA,false,0,0,0,NA,-1,-1,-1,-1,-1,-2,-2,false,0,0,0,NA,-1,-1,-1,-1,-1,-2,-2
2,"Environment: 2, FiringMode: 2",7.903728,false,0,0,0,NA,false,0,0,0,NA,-1,-1,-1,-1,-1,-2,-2,false,0,0,0,NA,-1,-1,-1,-1,-1,-2,-2
2,"Environment: 2, FiringMode: 2",7.905044,false,0,0,0,NA,false,0,0,0,NA,-1,-1,-1,-1,-1,-2,-2,false,0,0,0,NA,-1,-1,-1,-1,-1,-2,-2
2,"Environment: 2, FiringMode: 2",7.906354,false,0,0,0,NA,false,0,0,0,NA,-1,-1,-1,-1,-1,-2,-2,false,0,0,0,NA,-1,-1,-1,-1,-1,-2,-2
2,"Environment: 2, FiringMode: 2",7.907657,false,0,0,0,NA,false,0,0,0,NA,-1,-1,-1,-1,-1,-2,-2,false,0,0,0,NA,-1,-1,-1,-1,-1,-2,-2
2,"Environment: 2, FiringMode: 2",7.908974,false,0,0,0,NA,false,0,0,0,NA,-1,-1,-1,-1,-1,-2,-2,false,0,0,0,NA,-1,-1,-1,-1,-1,-2,-2
2,"Environment: 2, FiringMode: 2",7.910408,false,0,0,0,NA,false,0,0,0,NA,-1,-1,-1,-1,-1,-2,-2,false,0,0,0,NA,-1,-1,-1,-1,-1,-2,-2
2,"Environment: 2, FiringMode: 2",7.911711,false,0,0,0,NA,false,0,0,0,NA,-1,-1,-1,-1,-1,-2,-2,false,0,0,0,NA,-1,-1,-1,-1,-1,-2,-2
2,"Environment: 2, FiringMode: 2",7.913079,false,0,0,0,NA,false,0,0,0,NA,-1,-1,-1,-1,-1,-2,-2,false,0,0,0,NA,-1,-1,-1,-1,-1,-2,-2
2,"Environment: 2, FiringMode: 2",7.914444,false,0,0,0,NA,false,0,0,0,NA,-1,-1,-1,-1,-1,-2,-2,false,0,0,0,NA,-1,-1,-1,-1,-1,-2,-2
2,"Environment: 2, FiringMode: 2",7.915785,false,0,0,0,NA,false,0,0,0,NA,-1,-1,-1,-1,-1,-2,-2,false,0,0,0,NA,-1,-1,-1,-1,-1,-2,-2
2,"Environment: 2, FiringMode: 2",7.917153,false,0,0,0,NA,false,0,0,0,NA,-1,-1,-1,-1,-1,-2,-2,false,0,0,0,NA,-1,-1,-1,-1,-1,-2,-2
2,"Environment: 2, FiringMode: 2",7.918453,false,0,0,0,NA,false,0,0,0,NA,-1,-1,-1,-1,-1,-2,-2,false,0,0,0,NA,-1,-1,-1,-1,-1,-2,-2
2,"Environment: 2, FiringMode: 2",7.919873,false,0,0,0,NA,false,0,0,0,NA,-1,-1,-1,-1,-1,-2,-2,false,0,0,0,NA,-1,-1,-1,-1,-1,-2,-2
2,"Environment: 2, FiringMode: 2",7.921159,false,0,0,0,NA,false,0,0,0,NA,-1,-1,-1,-1,-1,-2,-2,false,0,0,0,NA,-1,-1,-1,-1,-1,-2,-2
2,"Environment: 2, FiringMode: 2",7.922491,false,0,0,0,NA,false,0,0,0,NA,-1,-1,-1,-1,-1,-2,-2,false,0,0,0,NA,-1,-1,-1,-1,-1,-2,-2
2,"Environment: 2, FiringMode: 2",7.924076,false,0,0,0,NA,false,0,0,0,NA,-1,-1,-1,-1,-1,-2,-2,false,0,0,0,NA,-1,-1,-1,-1,-1,-2,-2
2,"Environment: 2, FiringMode: 2",7.925496,false,0,0,0,NA,false,0,0,0,NA,-1,-1,-1,-1,-1,-2,-2,false,0,0,0,NA,-1,-1,-1,-1,-1,-2,-2
2,"Environment: 2, FiringMode: 2",7.926915,false,0,0,0,NA,false,0,0,0,NA,-1,-1,-1,-1,-1,-2,-2,false,0,0,0,NA,-1,-1,-1,-1,-1,-2,-2
2,"Environment: 2, FiringMode: 2",7.928462,false,0,0,0,NA,false,0,0,0,NA,-1,-1,-1,-1,-1,-2,-2,false,0,0,0,NA,-1,-1,-1,-1,-1,-2,-2
2,"Environment: 2, FiringMode: 2",7.929876,false,0,0,0,NA,false,0,0,0,NA,-1,-1,-1,-1,-1,-2,-2,false,0,0,0,NA,-1,-1,-1,-1,-1,-2,-2
2,"Environment: 2, FiringMode: 2",7.931202,false,0,0,0,NA,false,0,0,0,NA,-1,-1,-1,-1,-1,-2,-2,false,0,0,0,NA,-1,-1,-1,-1,-1,-2,-2
2,"Environment: 2, FiringMode: 2",7.932472,false,0,0,0,NA,false,0,0,0,NA,-1,-1,-1,-1,-1,-2,-2,false,0,0,0,NA,-1,-1,-1,-1,-1,-2,-2
2,"Environment: 2, FiringMode: 2",7.933961,false,0,0,0,NA,false,0,0,0,NA,-1,-1,-1,-1,-1,-2,-2,false,0,0,0,NA,-1,-1,-1,-1,-1,-2,-2
2,"Environment: 2, FiringMode: 2",7.935336,false,0,0,0,NA,false,0,0,0,NA,-1,-1,-1,-1,-1,-2,-2,false,0,0,0,NA,-1,-1,-1,-1,-1,-2,-2
2,"Environment: 2, FiringMode: 2",7.936691,false,0,0,0,NA,false,0,0,0,NA,-1,-1,-1,-1,-1,-2,-2,false,0,0,0,NA,-1,-1,-1,-1,-1,-2,-2
2,"Environment: 2, FiringMode: 2",7.938037,false,0,0,0,NA,false,0,0,0,NA,-1,-1,-1,-1,-1,-2,-2,false,0,0,0,NA,-1,-1,-1,-1,-1,-2,-2
2,"Environment: 2, FiringMode: 2",7.939421,false,0,0,0,NA,false,0,0,0,NA,-1,-1,-1,-1,-1,-2,-2,false,0,0,0,NA,-1,-1,-1,-1,-1,-2,-2
2,"Environment: 2, FiringMode: 2",7.940755,false,0,0,0,NA,false,0,0,0,NA,-1,-1,-1,-1,-1,-2,-2,false,0,0,0,NA,-1,-1,-1,-1,-1,-2,-2
2,"Environment: 2, FiringMode: 2",7.942095,false,0,0,0,NA,false,0,0,0,NA,-1,-1,-1,-1,-1,-2,-2,false,0,0,0,NA,-1,-1,-1,-1,-1,-2,-2
2,"Environment: 2, FiringMode: 2",7.943393,false,0,0,0,NA,false,0,0,0,NA,-1,-1,-1,-1,-1,-2,-2,false,0,0,0,NA,-1,-1,-1,-1,-1,-2,-2
2,"Environment: 2, FiringMode: 2",7.944703,false,0,0,0,NA,false,0,0,0,NA,-1,-1,-1,-1,-1,-2,-2,false,0,0,0,NA,-1,-1,-1,-1,-1,-2,-2
2,"Environment: 2, FiringMode: 2",7.946083,false,0,0,0,NA,false,0,0,0,NA,-1,-1,-1,-1,-1,-2,-2,false,0,0,0,NA,-1,-1,-1,-1,-1,-2,-2
2,"Environment: 2, FiringMode: 2",7.947418,false,0,0,0,NA,false,0,0,0,NA,-1,-1,-1,-1,-1,-2,-2,false,0,0,0,NA,-1,-1,-1,-1,-1,-2,-2
2,"Environment: 2, FiringMode: 2",7.948738,false,0,0,0,NA,false,0,0,0,NA,-1,-1,-1,-1,-1,-2,-2,false,0,0,0,NA,-1,-1,-1,-1,-1,-2,-2
2,"Environment: 2, FiringMode: 2",7.950027,false,0,0,0,NA,false,0,0,0,NA,-1,-1,-1,-1,-1,-2,-2,false,0,0,0,NA,-1,-1,-1,-1,-1,-2,-2
2,"Environment: 2, FiringMode: 2",7.951415,false,0,0,0,NA,false,0,0,0,NA,-1,-1,-1,-1,-1,-2,-2,false,0,0,0,NA,-1,-1,-1,-1,-1,-2,-2
2,"Environment: 2, FiringMode: 2",7.952828,false,0,0,0,NA,false,0,0,0,NA,-1,-1,-1,-1,-1,-2,-2,false,0,0,0,NA,-1,-1,-1,-1,-1,-2,-2
2,"Environment: 2, FiringMode: 2",7.954179,false,0,0,0,NA,false,0,0,0,NA,-1,-1,-1,-1,-1,-2,-2,false,0,0,0,NA,-1,-1,-1,-1,-1,-2,-2
2,"Environment: 2, FiringMode: 2",7.955546,false,0,0,0,NA,false,0,0,0,NA,-1,-1,-1,-1,-1,-2,-2,false,0,0,0,NA,-1,-1,-1,-1,-1,-2,-2
2,"Environment: 2, FiringMode: 2",7.957153,false,0,0,0,NA,false,0,0,0,NA,-1,-1,-1,-1,-1,-2,-2,false,0,0,0,NA,-1,-1,-1,-1,-1,-2,-2
2,"Environment: 2, FiringMode: 2",7.958652,false,0,0,0,NA,false,0,0,0,NA,-1,-1,-1,-1,-1,-2,-2,false,0,0,0,NA,-1,-1,-1,-1,-1,-2,-2
2,"Environment: 2, FiringMode: 2",7.960159,false,0,0,0,NA,false,0,0,0,NA,-1,-1,-1,-1,-1,-2,-2,false,0,0,0,NA,-1,-1,-1,-1,-1,-2,-2
2,"Environment: 2, FiringMode: 2",7.961571,false,0,0,0,NA,false,0,0,0,NA,-1,-1,-1,-1,-1,-2,-2,false,0,0,0,NA,-1,-1,-1,-1,-1,-2,-2
2,"Environment: 2, FiringMode: 2",7.96291,false,0,0,0,NA,false,0,0,0,NA,-1,-1,-1,-1,-1,-2,-2,false,0,0,0,NA,-1,-1,-1,-1,-1,-2,-2
2,"Environment: 2, FiringMode: 2",7.964315,false,0,0,0,NA,false,0,0,0,NA,-1,-1,-1,-1,-1,-2,-2,false,0,0,0,NA,-1,-1,-1,-1,-1,-2,-2
2,"Environment: 2, FiringMode: 2",7.965814,false,0,0,0,NA,false,0,0,0,NA,-1,-1,-1,-1,-1,-2,-2,false,0,0,0,NA,-1,-1,-1,-1,-1,-2,-2
2,"Environment: 2, FiringMode: 2",7.967156,false,0,0,0,NA,false,0,0,0,NA,-1,-1,-1,-1,-1,-2,-2,false,0,0,0,NA,-1,-1,-1,-1,-1,-2,-2
2,"Environment: 2, FiringMode: 2",7.968465,false,0,0,0,NA,false,0,0,0,NA,-1,-1,-1,-1,-1,-2,-2,false,0,0,0,NA,-1,-1,-1,-1,-1,-2,-2
2,"Environment: 2, FiringMode: 2",7.969753,false,0,0,0,NA,false,0,0,0,NA,-1,-1,-1,-1,-1,-2,-2,false,0,0,0,NA,-1,-1,-1,-1,-1,-2,-2
2,"Environment: 2, FiringMode: 2",7.971026,false,0,0,0,NA,false,0,0,0,NA,-1,-1,-1,-1,-1,-2,-2,false,0,0,0,NA,-1,-1,-1,-1,-1,-2,-2
2,"Environment: 2, FiringMode: 2",7.972372,false,0,0,0,NA,false,0,0,0,NA,-1,-1,-1,-1,-1,-2,-2,false,0,0,0,NA,-1,-1,-1,-1,-1,-2,-2
2,"Environment: 2, FiringMode: 2",7.973708,false,0,0,0,NA,false,0,0,0,NA,-1,-1,-1,-1,-1,-2,-2,false,0,0,0,NA,-1,-1,-1,-1,-1,-2,-2
2,"Environment: 2, FiringMode: 2",7.975045,false,0,0,0,NA,false,0,0,0,NA,-1,-1,-1,-1,-1,-2,-2,false,0,0,0,NA,-1,-1,-1,-1,-1,-2,-2
2,"Environment: 2, FiringMode: 2",7.976429,false,0,0,0,NA,false,0,0,0,NA,-1,-1,-1,-1,-1,-2,-2,false,0,0,0,NA,-1,-1,-1,-1,-1,-2,-2
2,"Environment: 2, FiringMode: 2",7.977741,false,0,0,0,NA,false,0,0,0,NA,-1,-1,-1,-1,-1,-2,-2,false,0,0,0,NA,-1,-1,-1,-1,-1,-2,-2
2,"Environment: 2, FiringMode: 2",7.979228,false,0,0,0,NA,false,0,0,0,NA,-1,-1,-1,-1,-1,-2,-2,false,0,0,0,NA,-1,-1,-1,-1,-1,-2,-2
2,"Environment: 2, FiringMode: 2",7.980589,false,0,0,0,NA,false,0,0,0,NA,-1,-1,-1,-1,-1,-2,-2,false,0,0,0,NA,-1,-1,-1,-1,-1,-2,-2
2,"Environment: 2, FiringMode: 2",7.98198,false,0,0,0,NA,false,0,0,0,NA,-1,-1,-1,-1,-1,-2,-2,false,0,0,0,NA,-1,-1,-1,-1,-1,-2,-2
2,"Environment: 2, FiringMode: 2",7.983294,false,0,0,0,NA,false,0,0,0,NA,-1,-1,-1,-1,-1,-2,-2,false,0,0,0,NA,-1,-1,-1,-1,-1,-2,-2
2,"Environment: 2, FiringMode: 2",7.984613,false,0,0,0,NA,false,0,0,0,NA,-1,-1,-1,-1,-1,-2,-2,false,0,0,0,NA,-1,-1,-1,-1,-1,-2,-2
2,"Environment: 2, FiringMode: 2",7.985892,false,0,0,0,NA,false,0,0,0,NA,-1,-1,-1,-1,-1,-2,-2,false,0,0,0,NA,-1,-1,-1,-1,-1,-2,-2
2,"Environment: 2, FiringMode: 2",7.98725,false,0,0,0,NA,false,0,0,0,NA,-1,-1,-1,-1,-1,-2,-2,false,0,0,0,NA,-1,-1,-1,-1,-1,-2,-2
2,"Environment: 2, FiringMode: 2",7.988717,false,0,0,0,NA,false,0,0,0,NA,-1,-1,-1,-1,-1,-2,-2,false,0,0,0,NA,-1,-1,-1,-1,-1,-2,-2
2,"Environment: 2, FiringMode: 2",7.990108,false,0,0,0,NA,false,0,0,0,NA,-1,-1,-1,-1,-1,-2,-2,false,0,0,0,NA,-1,-1,-1,-1,-1,-2,-2
2,"Environment: 2, FiringMode: 2",7.991492,false,0,0,0,NA,false,0,0,0,NA,-1,-1,-1,-1,-1,-2,-2,false,0,0,0,NA,-1,-1,-1,-1,-1,-2,-2
2,"Environment: 2, FiringMode: 2",7.992846,false,0,0,0,NA,false,0,0,0,NA,-1,-1,-1,-1,-1,-2,-2,false,0,0,0,NA,-1,-1,-1,-1,-1,-2,-2
2,"Environment: 2, FiringMode: 2",7.994224,false,0,0,0,NA,false,0,0,0,NA,-1,-1,-1,-1,-1,-2,-2,false,0,0,0,NA,-1,-1,-1,-1,-1,-2,-2
2,"Environment: 2, FiringMode: 2",7.99566,false,0,0,0,NA,false,0,0,0,NA,-1,-1,-1,-1,-1,-2,-2,false,0,0,0,NA,-1,-1,-1,-1,-1,-2,-2
2,"Environment: 2, FiringMode: 2",7.997039,false,0,0,0,NA,false,0,0,0,NA,-1,-1,-1,-1,-1,-2,-2,false,0,0,0,NA,-1,-1,-1,-1,-1,-2,-2
2,"Environment: 2, FiringMode: 2",7.998433,false,0,0,0,NA,false,0,0,0,NA,-1,-1,-1,-1,-1,-2,-2,false,0,0,0,NA,-1,-1,-1,-1,-1,-2,-2
2,"Environment: 2, FiringMode: 2",8.000059,false,0,0,0,NA,false,0,0,0,NA,-1,-1,-1,-1,-1,-2,-2,false,0,0,0,NA,-1,-1,-1,-1,-1,-2,-2
2,"Environment: 2, FiringMode: 2",8.00164,false,0,0,0,NA,false,0,0,0,NA,-1,-1,-1,-1,-1,-2,-2,false,0,0,0,NA,-1,-1,-1,-1,-1,-2,-2
2,"Environment: 2, FiringMode: 2",8.003052,false,0,0,0,NA,false,0,0,0,NA,-1,-1,-1,-1,-1,-2,-2,false,0,0,0,NA,-1,-1,-1,-1,-1,-2,-2
2,"Environment: 2, FiringMode: 2",8.004411,false,0,0,0,NA,false,0,0,0,NA,-1,-1,-1,-1,-1,-2,-2,false,0,0,0,NA,-1,-1,-1,-1,-1,-2,-2
2,"Environment: 2, FiringMode: 2",8.00593,false,0,0,0,NA,false,0,0,0,NA,-1,-1,-1,-1,-1,-2,-2,false,0,0,0,NA,-1,-1,-1,-1,-1,-2,-2
2,"Environment: 2, FiringMode: 2",8.007456,false,0,0,0,NA,false,0,0,0,NA,-1,-1,-1,-1,-1,-2,-2,false,0,0,0,NA,-1,-1,-1,-1,-1,-2,-2
2,"Environment: 2, FiringMode: 2",8.008824,false,0,0,0,NA,false,0,0,0,NA,-1,-1,-1,-1,-1,-2,-2,false,0,0,0,NA,-1,-1,-1,-1,-1,-2,-2
2,"Environment: 2, FiringMode: 2",8.010171,false,0,0,0,NA,false,0,0,0,NA,-1,-1,-1,-1,-1,-2,-2,false,0,0,0,NA,-1,-1,-1,-1,-1,-2,-2
2,"Environment: 2, FiringMode: 2",8.011477,false,0,0,0,NA,false,0,0,0,NA,-1,-1,-1,-1,-1,-2,-2,false,0,0,0,NA,-1,-1,-1,-1,-1,-2,-2
2,"Environment: 2, FiringMode: 2",8.012839,false,0,0,0,NA,false,0,0,0,NA,-1,-1,-1,-1,-1,-2,-2,false,0,0,0,NA,-1,-1,-1,-1,-1,-2,-2
2,"Environment: 2, FiringMode: 2",8.014186,false,0,0,0,NA,false,0,0,0,NA,-1,-1,-1,-1,-1,-2,-2,false,0,0,0,NA,-1,-1,-1,-1,-1,-2,-2
2,"Environment: 2, FiringMode: 2",8.015525,false,0,0,0,NA,false,0,0,0,NA,-1,-1,-1,-1,-1,-2,-2,false,0,0,0,NA,-1,-1,-1,-1,-1,-2,-2
2,"Environment: 2, FiringMode: 2",8.016816,false,0,0,0,NA,false,0,0,0,NA,-1,-1,-1,-1,-1,-2,-2,false,0,0,0,NA,-1,-1,-1,-1,-1,-2,-2
2,"Environment: 2, FiringMode: 2",8.01826,false,0,0,0,NA,false,0,0,0,NA,-1,-1,-1,-1,-1,-2,-2,false,0,0,0,NA,-1,-1,-1,-1,-1,-2,-2
2,"Environment: 2, FiringMode: 2",8.019778,false,0,0,0,NA,false,0,0,0,NA,-1,-1,-1,-1,-1,-2,-2,false,0,0,0,NA,-1,-1,-1,-1,-1,-2,-2
2,"Environment: 2, FiringMode: 2",8.021218,false,0,0,0,NA,false,0,0,0,NA,-1,-1,-1,-1,-1,-2,-2,false,0,0,0,NA,-1,-1,-1,-1,-1,-2,-2
2,"Environment: 2, FiringMode: 2",8.022512,false,0,0,0,NA,false,0,0,0,NA,-1,-1,-1,-1,-1,-2,-2,false,0,0,0,NA,-1,-1,-1,-1,-1,-2,-2
2,"Environment: 2, FiringMode: 2",8.023924,false,0,0,0,NA,false,0,0,0,NA,-1,-1,-1,-1,-1,-2,-2,false,0,0,0,NA,-1,-1,-1,-1,-1,-2,-2
2,"Environment: 2, FiringMode: 2",8.025357,false,0,0,0,NA,false,0,0,0,NA,-1,-1,-1,-1,-1,-2,-2,false,0,0,0,NA,-1,-1,-1,-1,-1,-2,-2
2,"Environment: 2, FiringMode: 2",8.026738,false,0,0,0,NA,false,0,0,0,NA,-1,-1,-1,-1,-1,-2,-2,false,0,0,0,NA,-1,-1,-1,-1,-1,-2,-2
2,"Environment: 2, FiringMode: 2",8.028074,false,0,0,0,NA,false,0,0,0,NA,-1,-1,-1,-1,-1,-2,-2,false,0,0,0,NA,-1,-1,-1,-1,-1,-2,-2
2,"Environment: 2, FiringMode: 2",8.029314,false,0,0,0,NA,false,0,0,0,NA,-1,-1,-1,-1,-1,-2,-2,false,0,0,0,NA,-1,-1,-1,-1,-1,-2,-2
2,"Environment: 2, FiringMode: 2",8.030616,false,0,0,0,NA,false,0,0,0,NA,-1,-1,-1,-1,-1,-2,-2,false,0,0,0,NA,-1,-1,-1,-1,-1,-2,-2
2,"Environment: 2, FiringMode: 2",8.032207,false,0,0,0,NA,false,0,0,0,NA,-1,-1,-1,-1,-1,-2,-2,false,0,0,0,NA,-1,-1,-1,-1,-1,-2,-2
2,"Environment: 2, FiringMode: 2",8.033628,false,0,0,0,NA,false,0,0,0,NA,-1,-1,-1,-1,-1,-2,-2,false,0,0,0,NA,-1,-1,-1,-1,-1,-2,-2
2,"Environment: 2, FiringMode: 2",8.035965,false,0,0,0,NA,false,0,0,0,NA,-1,-1,-1,-1,-1,-2,-2,false,0,0,0,NA,-1,-1,-1,-1,-1,-2,-2
2,"Environment: 2, FiringMode: 2",8.037576,false,0,0,0,NA,false,0,0,0,NA,-1,-1,-1,-1,-1,-2,-2,false,0,0,0,NA,-1,-1,-1,-1,-1,-2,-2
2,"Environment: 2, FiringMode: 2",8.039215,false,0,0,0,NA,false,0,0,0,NA,-1,-1,-1,-1,-1,-2,-2,false,0,0,0,NA,-1,-1,-1,-1,-1,-2,-2
2,"Environment: 2, FiringMode: 2",8.040674,false,0,0,0,NA,false,0,0,0,NA,-1,-1,-1,-1,-1,-2,-2,false,0,0,0,NA,-1,-1,-1,-1,-1,-2,-2
2,"Environment: 2, FiringMode: 2",8.042087,false,0,0,0,NA,false,0,0,0,NA,-1,-1,-1,-1,-1,-2,-2,false,0,0,0,NA,-1,-1,-1,-1,-1,-2,-2
2,"Environment: 2, FiringMode: 2",8.043553,false,0,0,0,NA,false,0,0,0,NA,-1,-1,-1,-1,-1,-2,-2,false,0,0,0,NA,-1,-1,-1,-1,-1,-2,-2
2,"Environment: 2, FiringMode: 2",8.044926,false,0,0,0,NA,false,0,0,0,NA,-1,-1,-1,-1,-1,-2,-2,false,0,0,0,NA,-1,-1,-1,-1,-1,-2,-2
2,"Environment: 2, FiringMode: 2",8.04637,false,0,0,0,NA,false,0,0,0,NA,-1,-1,-1,-1,-1,-2,-2,false,0,0,0,NA,-1,-1,-1,-1,-1,-2,-2
2,"Environment: 2, FiringMode: 2",8.047889,false,0,0,0,NA,false,0,0,0,NA,-1,-1,-1,-1,-1,-2,-2,false,0,0,0,NA,-1,-1,-1,-1,-1,-2,-2
2,"Environment: 2, FiringMode: 2",8.049269,false,0,0,0,NA,false,0,0,0,NA,-1,-1,-1,-1,-1,-2,-2,false,0,0,0,NA,-1,-1,-1,-1,-1,-2,-2
2,"Environment: 2, FiringMode: 2",8.050706,false,0,0,0,NA,false,0,0,0,NA,-1,-1,-1,-1,-1,-2,-2,false,0,0,0,NA,-1,-1,-1,-1,-1,-2,-2
2,"Environment: 2, FiringMode: 2",8.051992,false,0,0,0,NA,false,0,0,0,NA,-1,-1,-1,-1,-1,-2,-2,false,0,0,0,NA,-1,-1,-1,-1,-1,-2,-2
2,"Environment: 2, FiringMode: 2",8.0533,false,0,0,0,NA,false,0,0,0,NA,-1,-1,-1,-1,-1,-2,-2,false,0,0,0,NA,-1,-1,-1,-1,-1,-2,-2
2,"Environment: 2, FiringMode: 2",8.054642,false,0,0,0,NA,false,0,0,0,NA,-1,-1,-1,-1,-1,-2,-2,false,0,0,0,NA,-1,-1,-1,-1,-1,-2,-2
2,"Environment: 2, FiringMode: 2",8.055983,false,0,0,0,NA,false,0,0,0,NA,-1,-1,-1,-1,-1,-2,-2,false,0,0,0,NA,-1,-1,-1,-1,-1,-2,-2
2,"Environment: 2, FiringMode: 2",8.057319,false,0,0,0,NA,false,0,0,0,NA,-1,-1,-1,-1,-1,-2,-2,false,0,0,0,NA,-1,-1,-1,-1,-1,-2,-2
2,"Environment: 2, FiringMode: 2",8.058555,false,0,0,0,NA,false,0,0,0,NA,-1,-1,-1,-1,-1,-2,-2,false,0,0,0,NA,-1,-1,-1,-1,-1,-2,-2
2,"Environment: 2, FiringMode: 2",8.060019,false,0,0,0,NA,false,0,0,0,NA,-1,-1,-1,-1,-1,-2,-2,false,0,0,0,NA,-1,-1,-1,-1,-1,-2,-2
2,"Environment: 2, FiringMode: 2",8.061425,false,0,0,0,NA,false,0,0,0,NA,-1,-1,-1,-1,-1,-2,-2,false,0,0,0,NA,-1,-1,-1,-1,-1,-2,-2
2,"Environment: 2, FiringMode: 2",8.06271,false,0,0,0,NA,false,0,0,0,NA,-1,-1,-1,-1,-1,-2,-2,false,0,0,0,NA,-1,-1,-1,-1,-1,-2,-2
2,"Environment: 2, FiringMode: 2",8.064029,false,0,0,0,NA,false,0,0,0,NA,-1,-1,-1,-1,-1,-2,-2,false,0,0,0,NA,-1,-1,-1,-1,-1,-2,-2
2,"Environment: 2, FiringMode: 2",8.065369,false,0,0,0,NA,false,0,0,0,NA,-1,-1,-1,-1,-1,-2,-2,false,0,0,0,NA,-1,-1,-1,-1,-1,-2,-2
2,"Environment: 2, FiringMode: 2",8.066631,false,0,0,0,NA,false,0,0,0,NA,-1,-1,-1,-1,-1,-2,-2,false,0,0,0,NA,-1,-1,-1,-1,-1,-2,-2
2,"Environment: 2, FiringMode: 2",8.068022,false,0,0,0,NA,false,0,0,0,NA,-1,-1,-1,-1,-1,-2,-2,false,0,0,0,NA,-1,-1,-1,-1,-1,-2,-2
2,"Environment: 2, FiringMode: 2",8.069322,false,0,0,0,NA,false,0,0,0,NA,-1,-1,-1,-1,-1,-2,-2,false,0,0,0,NA,-1,-1,-1,-1,-1,-2,-2
2,"Environment: 2, FiringMode: 2",8.070637,false,0,0,0,NA,false,0,0,0,NA,-1,-1,-1,-1,-1,-2,-2,false,0,0,0,NA,-1,-1,-1,-1,-1,-2,-2
2,"Environment: 2, FiringMode: 2",8.071916,false,0,0,0,NA,false,0,0,0,NA,-1,-1,-1,-1,-1,-2,-2,false,0,0,0,NA,-1,-1,-1,-1,-1,-2,-2
2,"Environment: 2, FiringMode: 2",8.073515,false,0,0,0,NA,false,0,0,0,NA,-1,-1,-1,-1,-1,-2,-2,false,0,0,0,NA,-1,-1,-1,-1,-1,-2,-2
2,"Environment: 2, FiringMode: 2",8.074836,false,0,0,0,NA,false,0,0,0,NA,-1,-1,-1,-1,-1,-2,-2,false,0,0,0,NA,-1,-1,-1,-1,-1,-2,-2
2,"Environment: 2, FiringMode: 2",8.07619,false,0,0,0,NA,false,0,0,0,NA,-1,-1,-1,-1,-1,-2,-2,false,0,0,0,NA,-1,-1,-1,-1,-1,-2,-2
2,"Environment: 2, FiringMode: 2",8.077502,false,0,0,0,NA,false,0,0,0,NA,-1,-1,-1,-1,-1,-2,-2,false,0,0,0,NA,-1,-1,-1,-1,-1,-2,-2
2,"Environment: 2, FiringMode: 2",8.078979,false,0,0,0,NA,false,0,0,0,NA,-1,-1,-1,-1,-1,-2,-2,false,0,0,0,NA,-1,-1,-1,-1,-1,-2,-2
2,"Environment: 2, FiringMode: 2",8.080385,false,0,0,0,NA,false,0,0,0,NA,-1,-1,-1,-1,-1,-2,-2,false,0,0,0,NA,-1,-1,-1,-1,-1,-2,-2
2,"Environment: 2, FiringMode: 2",8.081679,false,0,0,0,NA,false,0,0,0,NA,-1,-1,-1,-1,-1,-2,-2,false,0,0,0,NA,-1,-1,-1,-1,-1,-2,-2
2,"Environment: 2, FiringMode: 2",8.082951,false,0,0,0,NA,false,0,0,0,NA,-1,-1,-1,-1,-1,-2,-2,false,0,0,0,NA,-1,-1,-1,-1,-1,-2,-2
2,"Environment: 2, FiringMode: 2",8.084188,false,0,0,0,NA,false,0,0,0,NA,-1,-1,-1,-1,-1,-2,-2,false,0,0,0,NA,-1,-1,-1,-1,-1,-2,-2
2,"Environment: 2, FiringMode: 2",8.085455,false,0,0,0,NA,false,0,0,0,NA,-1,-1,-1,-1,-1,-2,-2,false,0,0,0,NA,-1,-1,-1,-1,-1,-2,-2
2,"Environment: 2, FiringMode: 2",8.086766,false,0,0,0,NA,false,0,0,0,NA,-1,-1,-1,-1,-1,-2,-2,false,0,0,0,NA,-1,-1,-1,-1,-1,-2,-2
2,"Environment: 2, FiringMode: 2",8.088018,false,0,0,0,NA,false,0,0,0,NA,-1,-1,-1,-1,-1,-2,-2,false,0,0,0,NA,-1,-1,-1,-1,-1,-2,-2
2,"Environment: 2, FiringMode: 2",8.089384,false,0,0,0,NA,false,0,0,0,NA,-1,-1,-1,-1,-1,-2,-2,false,0,0,0,NA,-1,-1,-1,-1,-1,-2,-2
2,"Environment: 2, FiringMode: 2",8.090625,false,0,0,0,NA,false,0,0,0,NA,-1,-1,-1,-1,-1,-2,-2,false,0,0,0,NA,-1,-1,-1,-1,-1,-2,-2
2,"Environment: 2, FiringMode: 2",8.091875,false,0,0,0,NA,false,0,0,0,NA,-1,-1,-1,-1,-1,-2,-2,false,0,0,0,NA,-1,-1,-1,-1,-1,-2,-2
2,"Environment: 2, FiringMode: 2",8.093224,false,0,0,0,NA,false,0,0,0,NA,-1,-1,-1,-1,-1,-2,-2,false,0,0,0,NA,-1,-1,-1,-1,-1,-2,-2
2,"Environment: 2, FiringMode: 2",8.094567,false,0,0,0,NA,false,0,0,0,NA,-1,-1,-1,-1,-1,-2,-2,false,0,0,0,NA,-1,-1,-1,-1,-1,-2,-2
2,"Environment: 2, FiringMode: 2",8.095954,false,0,0,0,NA,false,0,0,0,NA,-1,-1,-1,-1,-1,-2,-2,false,0,0,0,NA,-1,-1,-1,-1,-1,-2,-2
2,"Environment: 2, FiringMode: 2",8.097414,false,0,0,0,NA,false,0,0,0,NA,-1,-1,-1,-1,-1,-2,-2,false,0,0,0,NA,-1,-1,-1,-1,-1,-2,-2
2,"Environment: 2, FiringMode: 2",8.099133,false,0,0,0,NA,false,0,0,0,NA,-1,-1,-1,-1,-1,-2,-2,false,0,0,0,NA,-1,-1,-1,-1,-1,-2,-2
2,"Environment: 2, FiringMode: 2",8.100763,false,0,0,0,NA,false,0,0,0,NA,-1,-1,-1,-1,-1,-2,-2,false,0,0,0,NA,-1,-1,-1,-1,-1,-2,-2
2,"Environment: 2, FiringMode: 2",8.102401,false,0,0,0,NA,false,0,0,0,NA,-1,-1,-1,-1,-1,-2,-2,false,0,0,0,NA,-1,-1,-1,-1,-1,-2,-2
2,"Environment: 2, FiringMode: 2",8.104026,false,0,0,0,NA,false,0,0,0,NA,-1,-1,-1,-1,-1,-2,-2,false,0,0,0,NA,-1,-1,-1,-1,-1,-2,-2
2,"Environment: 2, FiringMode: 2",8.105641,false,0,0,0,NA,false,0,0,0,NA,-1,-1,-1,-1,-1,-2,-2,false,0,0,0,NA,-1,-1,-1,-1,-1,-2,-2
2,"Environment: 2, FiringMode: 2",8.107093,false,0,0,0,NA,false,0,0,0,NA,-1,-1,-1,-1,-1,-2,-2,false,0,0,0,NA,-1,-1,-1,-1,-1,-2,-2
2,"Environment: 2, FiringMode: 2",8.108546,false,0,0,0,NA,false,0,0,0,NA,-1,-1,-1,-1,-1,-2,-2,false,0,0,0,NA,-1,-1,-1,-1,-1,-2,-2
2,"Environment: 2, FiringMode: 2",8.109934,false,0,0,0,NA,false,0,0,0,NA,-1,-1,-1,-1,-1,-2,-2,false,0,0,0,NA,-1,-1,-1,-1,-1,-2,-2
2,"Environment: 2, FiringMode: 2",8.111284,false,0,0,0,NA,false,0,0,0,NA,-1,-1,-1,-1,-1,-2,-2,false,0,0,0,NA,-1,-1,-1,-1,-1,-2,-2
2,"Environment: 2, FiringMode: 2",8.112605,false,0,0,0,NA,false,0,0,0,NA,-1,-1,-1,-1,-1,-2,-2,false,0,0,0,NA,-1,-1,-1,-1,-1,-2,-2
2,"Environment: 2, FiringMode: 2",8.114038,false,0,0,0,NA,false,0,0,0,NA,-1,-1,-1,-1,-1,-2,-2,false,0,0,0,NA,-1,-1,-1,-1,-1,-2,-2
2,"Environment: 2, FiringMode: 2",8.115555,false,0,0,0,NA,false,0,0,0,NA,-1,-1,-1,-1,-1,-2,-2,false,0,0,0,NA,-1,-1,-1,-1,-1,-2,-2
2,"Environment: 2, FiringMode: 2",8.117083,false,0,0,0,NA,false,0,0,0,NA,-1,-1,-1,-1,-1,-2,-2,false,0,0,0,NA,-1,-1,-1,-1,-1,-2,-2
2,"Environment: 2, FiringMode: 2",8.11858,false,0,0,0,NA,false,0,0,0,NA,-1,-1,-1,-1,-1,-2,-2,false,0,0,0,NA,-1,-1,-1,-1,-1,-2,-2
2,"Environment: 2, FiringMode: 2",8.120125,false,0,0,0,NA,false,0,0,0,NA,-1,-1,-1,-1,-1,-2,-2,false,0,0,0,NA,-1,-1,-1,-1,-1,-2,-2
2,"Environment: 2, FiringMode: 2",8.121549,false,0,0,0,NA,false,0,0,0,NA,-1,-1,-1,-1,-1,-2,-2,false,0,0,0,NA,-1,-1,-1,-1,-1,-2,-2
2,"Environment: 2, FiringMode: 2",8.123025,false,0,0,0,NA,false,0,0,0,NA,-1,-1,-1,-1,-1,-2,-2,false,0,0,0,NA,-1,-1,-1,-1,-1,-2,-2
2,"Environment: 2, FiringMode: 2",8.124595,false,0,0,0,NA,false,0,0,0,NA,-1,-1,-1,-1,-1,-2,-2,false,0,0,0,NA,-1,-1,-1,-1,-1,-2,-2
2,"Environment: 2, FiringMode: 2",8.126105,false,0,0,0,NA,false,0,0,0,NA,-1,-1,-1,-1,-1,-2,-2,false,0,0,0,NA,-1,-1,-1,-1,-1,-2,-2
2,"Environment: 2, FiringMode: 2",8.127527,false,0,0,0,NA,false,0,0,0,NA,-1,-1,-1,-1,-1,-2,-2,false,0,0,0,NA,-1,-1,-1,-1,-1,-2,-2
2,"Environment: 2, FiringMode: 2",8.128986,false,0,0,0,NA,false,0,0,0,NA,-1,-1,-1,-1,-1,-2,-2,false,0,0,0,NA,-1,-1,-1,-1,-1,-2,-2
2,"Environment: 2, FiringMode: 2",8.130347,false,0,0,0,NA,false,0,0,0,NA,-1,-1,-1,-1,-1,-2,-2,false,0,0,0,NA,-1,-1,-1,-1,-1,-2,-2
2,"Environment: 2, FiringMode: 2",8.13173,false,0,0,0,NA,false,0,0,0,NA,-1,-1,-1,-1,-1,-2,-2,false,0,0,0,NA,-1,-1,-1,-1,-1,-2,-2
2,"Environment: 2, FiringMode: 2",8.13308,false,0,0,0,NA,false,0,0,0,NA,-1,-1,-1,-1,-1,-2,-2,false,0,0,0,NA,-1,-1,-1,-1,-1,-2,-2
2,"Environment: 2, FiringMode: 2",8.134449,false,0,0,0,NA,false,0,0,0,NA,-1,-1,-1,-1,-1,-2,-2,false,0,0,0,NA,-1,-1,-1,-1,-1,-2,-2
2,"Environment: 2, FiringMode: 2",8.135824,false,0,0,0,NA,false,0,0,0,NA,-1,-1,-1,-1,-1,-2,-2,false,0,0,0,NA,-1,-1,-1,-1,-1,-2,-2
2,"Environment: 2, FiringMode: 2",8.137171,false,0,0,0,NA,false,0,0,0,NA,-1,-1,-1,-1,-1,-2,-2,false,0,0,0,NA,-1,-1,-1,-1,-1,-2,-2
2,"Environment: 2, FiringMode: 2",8.13846,false,0,0,0,NA,false,0,0,0,NA,-1,-1,-1,-1,-1,-2,-2,false,0,0,0,NA,-1,-1,-1,-1,-1,-2,-2
2,"Environment: 2, FiringMode: 2",8.139915,false,0,0,0,NA,false,0,0,0,NA,-1,-1,-1,-1,-1,-2,-2,false,0,0,0,NA,-1,-1,-1,-1,-1,-2,-2
2,"Environment: 2, FiringMode: 2",8.141271,false,0,0,0,NA,false,0,0,0,NA,-1,-1,-1,-1,-1,-2,-2,false,0,0,0,NA,-1,-1,-1,-1,-1,-2,-2
2,"Environment: 2, FiringMode: 2",8.142579,false,0,0,0,NA,false,0,0,0,NA,-1,-1,-1,-1,-1,-2,-2,false,0,0,0,NA,-1,-1,-1,-1,-1,-2,-2
2,"Environment: 2, FiringMode: 2",8.143981,false,0,0,0,NA,false,0,0,0,NA,-1,-1,-1,-1,-1,-2,-2,false,0,0,0,NA,-1,-1,-1,-1,-1,-2,-2
2,"Environment: 2, FiringMode: 2",8.145384,false,0,0,0,NA,false,0,0,0,NA,-1,-1,-1,-1,-1,-2,-2,false,0,0,0,NA,-1,-1,-1,-1,-1,-2,-2
2,"Environment: 2, FiringMode: 2",8.146841,false,0,0,0,NA,false,0,0,0,NA,-1,-1,-1,-1,-1,-2,-2,false,0,0,0,NA,-1,-1,-1,-1,-1,-2,-2
2,"Environment: 2, FiringMode: 2",8.14817,false,0,0,0,NA,false,0,0,0,NA,-1,-1,-1,-1,-1,-2,-2,false,0,0,0,NA,-1,-1,-1,-1,-1,-2,-2
2,"Environment: 2, FiringMode: 2",8.149602,false,0,0,0,NA,false,0,0,0,NA,-1,-1,-1,-1,-1,-2,-2,false,0,0,0,NA,-1,-1,-1,-1,-1,-2,-2
2,"Environment: 2, FiringMode: 2",8.151131,false,0,0,0,NA,false,0,0,0,NA,-1,-1,-1,-1,-1,-2,-2,false,0,0,0,NA,-1,-1,-1,-1,-1,-2,-2
2,"Environment: 2, FiringMode: 2",8.152616,false,0,0,0,NA,false,0,0,0,NA,-1,-1,-1,-1,-1,-2,-2,false,0,0,0,NA,-1,-1,-1,-1,-1,-2,-2
2,"Environment: 2, FiringMode: 2",8.154124,false,0,0,0,NA,false,0,0,0,NA,-1,-1,-1,-1,-1,-2,-2,false,0,0,0,NA,-1,-1,-1,-1,-1,-2,-2
2,"Environment: 2, FiringMode: 2",8.155562,false,0,0,0,NA,false,0,0,0,NA,-1,-1,-1,-1,-1,-2,-2,false,0,0,0,NA,-1,-1,-1,-1,-1,-2,-2
2,"Environment: 2, FiringMode: 2",8.157066,false,0,0,0,NA,false,0,0,0,NA,-1,-1,-1,-1,-1,-2,-2,false,0,0,0,NA,-1,-1,-1,-1,-1,-2,-2
2,"Environment: 2, FiringMode: 2",8.159079,false,0,0,0,NA,false,0,0,0,NA,-1,-1,-1,-1,-1,-2,-2,false,0,0,0,NA,-1,-1,-1,-1,-1,-2,-2
2,"Environment: 2, FiringMode: 2",8.161025,false,0,0,0,NA,false,0,0,0,NA,-1,-1,-1,-1,-1,-2,-2,false,0,0,0,NA,-1,-1,-1,-1,-1,-2,-2
2,"Environment: 2, FiringMode: 2",8.162789,false,0,0,0,NA,false,0,0,0,NA,-1,-1,-1,-1,-1,-2,-2,false,0,0,0,NA,-1,-1,-1,-1,-1,-2,-2
2,"Environment: 2, FiringMode: 2",8.164332,false,0,0,0,NA,false,0,0,0,NA,-1,-1,-1,-1,-1,-2,-2,false,0,0,0,NA,-1,-1,-1,-1,-1,-2,-2
2,"Environment: 2, FiringMode: 2",8.165876,false,0,0,0,NA,false,0,0,0,NA,-1,-1,-1,-1,-1,-2,-2,false,0,0,0,NA,-1,-1,-1,-1,-1,-2,-2
2,"Environment: 2, FiringMode: 2",8.167165,false,0,0,0,NA,false,0,0,0,NA,-1,-1,-1,-1,-1,-2,-2,false,0,0,0,NA,-1,-1,-1,-1,-1,-2,-2
2,"Environment: 2, FiringMode: 2",8.168789,false,0,0,0,NA,false,0,0,0,NA,-1,-1,-1,-1,-1,-2,-2,false,0,0,0,NA,-1,-1,-1,-1,-1,-2,-2
2,"Environment: 2, FiringMode: 2",8.170356,false,0,0,0,NA,false,0,0,0,NA,-1,-1,-1,-1,-1,-2,-2,false,0,0,0,NA,-1,-1,-1,-1,-1,-2,-2
2,"Environment: 2, FiringMode: 2",8.171905,false,0,0,0,NA,false,0,0,0,NA,-1,-1,-1,-1,-1,-2,-2,false,0,0,0,NA,-1,-1,-1,-1,-1,-2,-2
2,"Environment: 2, FiringMode: 2",8.173474,false,0,0,0,NA,false,0,0,0,NA,-1,-1,-1,-1,-1,-2,-2,false,0,0,0,NA,-1,-1,-1,-1,-1,-2,-2
2,"Environment: 2, FiringMode: 2",8.174972,false,0,0,0,NA,false,0,0,0,NA,-1,-1,-1,-1,-1,-2,-2,false,0,0,0,NA,-1,-1,-1,-1,-1,-2,-2
2,"Environment: 2, FiringMode: 2",8.176304,false,0,0,0,NA,false,0,0,0,NA,-1,-1,-1,-1,-1,-2,-2,false,0,0,0,NA,-1,-1,-1,-1,-1,-2,-2
2,"Environment: 2, FiringMode: 2",8.177644,false,0,0,0,NA,false,0,0,0,NA,-1,-1,-1,-1,-1,-2,-2,false,0,0,0,NA,-1,-1,-1,-1,-1,-2,-2
2,"Environment: 2, FiringMode: 2",8.179654,false,0,0,0,NA,false,0,0,0,NA,-1,-1,-1,-1,-1,-2,-2,false,0,0,0,NA,-1,-1,-1,-1,-1,-2,-2
2,"Environment: 2, FiringMode: 2",8.181114,false,0,0,0,NA,false,0,0,0,NA,-1,-1,-1,-1,-1,-2,-2,false,0,0,0,NA,-1,-1,-1,-1,-1,-2,-2
2,"Environment: 2, FiringMode: 2",8.182532,false,0,0,0,NA,false,0,0,0,NA,-1,-1,-1,-1,-1,-2,-2,false,0,0,0,NA,-1,-1,-1,-1,-1,-2,-2
2,"Environment: 2, FiringMode: 2",8.18397,false,0,0,0,NA,false,0,0,0,NA,-1,-1,-1,-1,-1,-2,-2,false,0,0,0,NA,-1,-1,-1,-1,-1,-2,-2
2,"Environment: 2, FiringMode: 2",8.185513,false,0,0,0,NA,false,0,0,0,NA,-1,-1,-1,-1,-1,-2,-2,false,0,0,0,NA,-1,-1,-1,-1,-1,-2,-2
2,"Environment: 2, FiringMode: 2",8.18702,false,0,0,0,NA,false,0,0,0,NA,-1,-1,-1,-1,-1,-2,-2,false,0,0,0,NA,-1,-1,-1,-1,-1,-2,-2
2,"Environment: 2, FiringMode: 2",8.188455,false,0,0,0,NA,false,0,0,0,NA,-1,-1,-1,-1,-1,-2,-2,false,0,0,0,NA,-1,-1,-1,-1,-1,-2,-2
2,"Environment: 2, FiringMode: 2",8.189898,false,0,0,0,NA,false,0,0,0,NA,-1,-1,-1,-1,-1,-2,-2,false,0,0,0,NA,-1,-1,-1,-1,-1,-2,-2
2,"Environment: 2, FiringMode: 2",8.191233,false,0,0,0,NA,false,0,0,0,NA,-1,-1,-1,-1,-1,-2,-2,false,0,0,0,NA,-1,-1,-1,-1,-1,-2,-2
2,"Environment: 2, FiringMode: 2",8.192615,false,0,0,0,NA,false,0,0,0,NA,-1,-1,-1,-1,-1,-2,-2,false,0,0,0,NA,-1,-1,-1,-1,-1,-2,-2
2,"Environment: 2, FiringMode: 2",8.194072,false,0,0,0,NA,false,0,0,0,NA,-1,-1,-1,-1,-1,-2,-2,false,0,0,0,NA,-1,-1,-1,-1,-1,-2,-2
2,"Environment: 2, FiringMode: 2",8.195413,false,0,0,0,NA,false,0,0,0,NA,-1,-1,-1,-1,-1,-2,-2,false,0,0,0,NA,-1,-1,-1,-1,-1,-2,-2
2,"Environment: 2, FiringMode: 2",8.196799,false,0,0,0,NA,false,0,0,0,NA,-1,-1,-1,-1,-1,-2,-2,false,0,0,0,NA,-1,-1,-1,-1,-1,-2,-2
2,"Environment: 2, FiringMode: 2",8.198202,false,0,0,0,NA,false,0,0,0,NA,-1,-1,-1,-1,-1,-2,-2,false,0,0,0,NA,-1,-1,-1,-1,-1,-2,-2
2,"Environment: 2, FiringMode: 2",8.199768,false,0,0,0,NA,false,0,0,0,NA,-1,-1,-1,-1,-1,-2,-2,false,0,0,0,NA,-1,-1,-1,-1,-1,-2,-2
2,"Environment: 2, FiringMode: 2",8.201259,false,0,0,0,NA,false,0,0,0,NA,-1,-1,-1,-1,-1,-2,-2,false,0,0,0,NA,-1,-1,-1,-1,-1,-2,-2
2,"Environment: 2, FiringMode: 2",8.202656,false,0,0,0,NA,false,0,0,0,NA,-1,-1,-1,-1,-1,-2,-2,false,0,0,0,NA,-1,-1,-1,-1,-1,-2,-2
2,"Environment: 2, FiringMode: 2",8.204039,false,0,0,0,NA,false,0,0,0,NA,-1,-1,-1,-1,-1,-2,-2,false,0,0,0,NA,-1,-1,-1,-1,-1,-2,-2
2,"Environment: 2, FiringMode: 2",8.205374,false,0,0,0,NA,false,0,0,0,NA,-1,-1,-1,-1,-1,-2,-2,false,0,0,0,NA,-1,-1,-1,-1,-1,-2,-2
2,"Environment: 2, FiringMode: 2",8.206741,false,0,0,0,NA,false,0,0,0,NA,-1,-1,-1,-1,-1,-2,-2,false,0,0,0,NA,-1,-1,-1,-1,-1,-2,-2
2,"Environment: 2, FiringMode: 2",8.208175,false,0,0,0,NA,false,0,0,0,NA,-1,-1,-1,-1,-1,-2,-2,false,0,0,0,NA,-1,-1,-1,-1,-1,-2,-2
2,"Environment: 2, FiringMode: 2",8.209538,false,0,0,0,NA,false,0,0,0,NA,-1,-1,-1,-1,-1,-2,-2,false,0,0,0,NA,-1,-1,-1,-1,-1,-2,-2
2,"Environment: 2, FiringMode: 2",8.210919,false,0,0,0,NA,false,0,0,0,NA,-1,-1,-1,-1,-1,-2,-2,false,0,0,0,NA,-1,-1,-1,-1,-1,-2,-2
2,"Environment: 2, FiringMode: 2",8.212379,false,0,0,0,NA,false,0,0,0,NA,-1,-1,-1,-1,-1,-2,-2,false,0,0,0,NA,-1,-1,-1,-1,-1,-2,-2
2,"Environment: 2, FiringMode: 2",8.214055,false,0,0,0,NA,false,0,0,0,NA,-1,-1,-1,-1,-1,-2,-2,false,0,0,0,NA,-1,-1,-1,-1,-1,-2,-2
2,"Environment: 2, FiringMode: 2",8.215549,false,0,0,0,NA,false,0,0,0,NA,-1,-1,-1,-1,-1,-2,-2,false,0,0,0,NA,-1,-1,-1,-1,-1,-2,-2
2,"Environment: 2, FiringMode: 2",8.216866,false,0,0,0,NA,false,0,0,0,NA,-1,-1,-1,-1,-1,-2,-2,false,0,0,0,NA,-1,-1,-1,-1,-1,-2,-2
2,"Environment: 2, FiringMode: 2",8.218243,false,0,0,0,NA,false,0,0,0,NA,-1,-1,-1,-1,-1,-2,-2,false,0,0,0,NA,-1,-1,-1,-1,-1,-2,-2
2,"Environment: 2, FiringMode: 2",8.219686,false,0,0,0,NA,false,0,0,0,NA,-1,-1,-1,-1,-1,-2,-2,false,0,0,0,NA,-1,-1,-1,-1,-1,-2,-2
2,"Environment: 2, FiringMode: 2",8.221028,false,0,0,0,NA,false,0,0,0,NA,-1,-1,-1,-1,-1,-2,-2,false,0,0,0,NA,-1,-1,-1,-1,-1,-2,-2
2,"Environment: 2, FiringMode: 2",8.222314,false,0,0,0,NA,false,0,0,0,NA,-1,-1,-1,-1,-1,-2,-2,false,0,0,0,NA,-1,-1,-1,-1,-1,-2,-2
2,"Environment: 2, FiringMode: 2",8.223583,false,0,0,0,NA,false,0,0,0,NA,-1,-1,-1,-1,-1,-2,-2,false,0,0,0,NA,-1,-1,-1,-1,-1,-2,-2
2,"Environment: 2, FiringMode: 2",8.224974,false,0,0,0,NA,false,0,0,0,NA,-1,-1,-1,-1,-1,-2,-2,false,0,0,0,NA,-1,-1,-1,-1,-1,-2,-2
2,"Environment: 2, FiringMode: 2",8.226569,false,0,0,0,NA,false,0,0,0,NA,-1,-1,-1,-1,-1,-2,-2,false,0,0,0,NA,-1,-1,-1,-1,-1,-2,-2
2,"Environment: 2, FiringMode: 2",8.228106,false,0,0,0,NA,false,0,0,0,NA,-1,-1,-1,-1,-1,-2,-2,false,0,0,0,NA,-1,-1,-1,-1,-1,-2,-2
2,"Environment: 2, FiringMode: 2",8.22977,false,0,0,0,NA,false,0,0,0,NA,-1,-1,-1,-1,-1,-2,-2,false,0,0,0,NA,-1,-1,-1,-1,-1,-2,-2
2,"Environment: 2, FiringMode: 2",8.231203,false,0,0,0,NA,false,0,0,0,NA,-1,-1,-1,-1,-1,-2,-2,false,0,0,0,NA,-1,-1,-1,-1,-1,-2,-2
2,"Environment: 2, FiringMode: 2",8.232682,false,0,0,0,NA,false,0,0,0,NA,-1,-1,-1,-1,-1,-2,-2,false,0,0,0,NA,-1,-1,-1,-1,-1,-2,-2
2,"Environment: 2, FiringMode: 2",8.234118,false,0,0,0,NA,false,0,0,0,NA,-1,-1,-1,-1,-1,-2,-2,false,0,0,0,NA,-1,-1,-1,-1,-1,-2,-2
2,"Environment: 2, FiringMode: 2",8.235469,false,0,0,0,NA,false,0,0,0,NA,-1,-1,-1,-1,-1,-2,-2,false,0,0,0,NA,-1,-1,-1,-1,-1,-2,-2
2,"Environment: 2, FiringMode: 2",8.236925,false,0,0,0,NA,false,0,0,0,NA,-1,-1,-1,-1,-1,-2,-2,false,0,0,0,NA,-1,-1,-1,-1,-1,-2,-2
2,"Environment: 2, FiringMode: 2",8.23825,false,0,0,0,NA,false,0,0,0,NA,-1,-1,-1,-1,-1,-2,-2,false,0,0,0,NA,-1,-1,-1,-1,-1,-2,-2
2,"Environment: 2, FiringMode: 2",8.239685,false,0,0,0,NA,false,0,0,0,NA,-1,-1,-1,-1,-1,-2,-2,false,0,0,0,NA,-1,-1,-1,-1,-1,-2,-2
2,"Environment: 2, FiringMode: 2",8.241159,false,0,0,0,NA,false,0,0,0,NA,-1,-1,-1,-1,-1,-2,-2,false,0,0,0,NA,-1,-1,-1,-1,-1,-2,-2
2,"Environment: 2, FiringMode: 2",8.242556,false,0,0,0,NA,false,0,0,0,NA,-1,-1,-1,-1,-1,-2,-2,false,0,0,0,NA,-1,-1,-1,-1,-1,-2,-2
2,"Environment: 2, FiringMode: 2",8.243937,false,0,0,0,NA,false,0,0,0,NA,-1,-1,-1,-1,-1,-2,-2,false,0,0,0,NA,-1,-1,-1,-1,-1,-2,-2
2,"Environment: 2, FiringMode: 2",8.245296,false,0,0,0,NA,false,0,0,0,NA,-1,-1,-1,-1,-1,-2,-2,false,0,0,0,NA,-1,-1,-1,-1,-1,-2,-2
2,"Environment: 2, FiringMode: 2",8.246572,false,0,0,0,NA,false,0,0,0,NA,-1,-1,-1,-1,-1,-2,-2,false,0,0,0,NA,-1,-1,-1,-1,-1,-2,-2
2,"Environment: 2, FiringMode: 2",8.24794,false,0,0,0,NA,false,0,0,0,NA,-1,-1,-1,-1,-1,-2,-2,false,0,0,0,NA,-1,-1,-1,-1,-1,-2,-2
2,"Environment: 2, FiringMode: 2",8.249334,false,0,0,0,NA,false,0,0,0,NA,-1,-1,-1,-1,-1,-2,-2,false,0,0,0,NA,-1,-1,-1,-1,-1,-2,-2
2,"Environment: 2, FiringMode: 2",8.250708,false,0,0,0,NA,false,0,0,0,NA,-1,-1,-1,-1,-1,-2,-2,false,0,0,0,NA,-1,-1,-1,-1,-1,-2,-2
2,"Environment: 2, FiringMode: 2",8.252164,false,0,0,0,NA,false,0,0,0,NA,-1,-1,-1,-1,-1,-2,-2,false,0,0,0,NA,-1,-1,-1,-1,-1,-2,-2
2,"Environment: 2, FiringMode: 2",8.253538,false,0,0,0,NA,false,0,0,0,NA,-1,-1,-1,-1,-1,-2,-2,false,0,0,0,NA,-1,-1,-1,-1,-1,-2,-2
2,"Environment: 2, FiringMode: 2",8.255061,false,0,0,0,NA,false,0,0,0,NA,-1,-1,-1,-1,-1,-2,-2,false,0,0,0,NA,-1,-1,-1,-1,-1,-2,-2
2,"Environment: 2, FiringMode: 2",8.256482,false,0,0,0,NA,false,0,0,0,NA,-1,-1,-1,-1,-1,-2,-2,false,0,0,0,NA,-1,-1,-1,-1,-1,-2,-2
2,"Environment: 2, FiringMode: 2",8.257892,false,0,0,0,NA,false,0,0,0,NA,-1,-1,-1,-1,-1,-2,-2,false,0,0,0,NA,-1,-1,-1,-1,-1,-2,-2
2,"Environment: 2, FiringMode: 2",8.259399,false,0,0,0,NA,false,0,0,0,NA,-1,-1,-1,-1,-1,-2,-2,false,0,0,0,NA,-1,-1,-1,-1,-1,-2,-2
2,"Environment: 2, FiringMode: 2",8.26081,false,0,0,0,NA,false,0,0,0,NA,-1,-1,-1,-1,-1,-2,-2,false,0,0,0,NA,-1,-1,-1,-1,-1,-2,-2
2,"Environment: 2, FiringMode: 2",8.262206,false,0,0,0,NA,false,0,0,0,NA,-1,-1,-1,-1,-1,-2,-2,false,0,0,0,NA,-1,-1,-1,-1,-1,-2,-2
2,"Environment: 2, FiringMode: 2",8.263481,false,0,0,0,NA,false,0,0,0,NA,-1,-1,-1,-1,-1,-2,-2,false,0,0,0,NA,-1,-1,-1,-1,-1,-2,-2
2,"Environment: 2, FiringMode: 2",8.264959,false,0,0,0,NA,false,0,0,0,NA,-1,-1,-1,-1,-1,-2,-2,false,0,0,0,NA,-1,-1,-1,-1,-1,-2,-2
2,"Environment: 2, FiringMode: 2",8.266382,false,0,0,0,NA,false,0,0,0,NA,-1,-1,-1,-1,-1,-2,-2,false,0,0,0,NA,-1,-1,-1,-1,-1,-2,-2
2,"Environment: 2, FiringMode: 2",8.267858,false,0,0,0,NA,false,0,0,0,NA,-1,-1,-1,-1,-1,-2,-2,false,0,0,0,NA,-1,-1,-1,-1,-1,-2,-2
2,"Environment: 2, FiringMode: 2",8.269755,false,0,0,0,NA,false,0,0,0,NA,-1,-1,-1,-1,-1,-2,-2,false,0,0,0,NA,-1,-1,-1,-1,-1,-2,-2
2,"Environment: 2, FiringMode: 2",8.271317,false,0,0,0,NA,false,0,0,0,NA,-1,-1,-1,-1,-1,-2,-2,false,0,0,0,NA,-1,-1,-1,-1,-1,-2,-2
2,"Environment: 2, FiringMode: 2",8.272752,false,0,0,0,NA,false,0,0,0,NA,-1,-1,-1,-1,-1,-2,-2,false,0,0,0,NA,-1,-1,-1,-1,-1,-2,-2
2,"Environment: 2, FiringMode: 2",8.274098,false,0,0,0,NA,false,0,0,0,NA,-1,-1,-1,-1,-1,-2,-2,false,0,0,0,NA,-1,-1,-1,-1,-1,-2,-2
2,"Environment: 2, FiringMode: 2",8.275469,false,0,0,0,NA,false,0,0,0,NA,-1,-1,-1,-1,-1,-2,-2,false,0,0,0,NA,-1,-1,-1,-1,-1,-2,-2
2,"Environment: 2, FiringMode: 2",8.276741,false,0,0,0,NA,false,0,0,0,NA,-1,-1,-1,-1,-1,-2,-2,false,0,0,0,NA,-1,-1,-1,-1,-1,-2,-2
2,"Environment: 2, FiringMode: 2",8.278055,false,0,0,0,NA,false,0,0,0,NA,-1,-1,-1,-1,-1,-2,-2,false,0,0,0,NA,-1,-1,-1,-1,-1,-2,-2
2,"Environment: 2, FiringMode: 2",8.279542,false,0,0,0,NA,false,0,0,0,NA,-1,-1,-1,-1,-1,-2,-2,false,0,0,0,NA,-1,-1,-1,-1,-1,-2,-2
2,"Environment: 2, FiringMode: 2",8.280931,false,0,0,0,NA,false,0,0,0,NA,-1,-1,-1,-1,-1,-2,-2,false,0,0,0,NA,-1,-1,-1,-1,-1,-2,-2
2,"Environment: 2, FiringMode: 2",8.282323,false,0,0,0,NA,false,0,0,0,NA,-1,-1,-1,-1,-1,-2,-2,false,0,0,0,NA,-1,-1,-1,-1,-1,-2,-2
2,"Environment: 2, FiringMode: 2",8.283749,false,0,0,0,NA,false,0,0,0,NA,-1,-1,-1,-1,-1,-2,-2,false,0,0,0,NA,-1,-1,-1,-1,-1,-2,-2
2,"Environment: 2, FiringMode: 2",8.285136,false,0,0,0,NA,false,0,0,0,NA,-1,-1,-1,-1,-1,-2,-2,false,0,0,0,NA,-1,-1,-1,-1,-1,-2,-2
2,"Environment: 2, FiringMode: 2",8.286492,false,0,0,0,NA,false,0,0,0,NA,-1,-1,-1,-1,-1,-2,-2,false,0,0,0,NA,-1,-1,-1,-1,-1,-2,-2
2,"Environment: 2, FiringMode: 2",8.287805,false,0,0,0,NA,false,0,0,0,NA,-1,-1,-1,-1,-1,-2,-2,false,0,0,0,NA,-1,-1,-1,-1,-1,-2,-2
2,"Environment: 2, FiringMode: 2",8.289055,false,0,0,0,NA,false,0,0,0,NA,-1,-1,-1,-1,-1,-2,-2,false,0,0,0,NA,-1,-1,-1,-1,-1,-2,-2
2,"Environment: 2, FiringMode: 2",8.290337,false,0,0,0,NA,false,0,0,0,NA,-1,-1,-1,-1,-1,-2,-2,false,0,0,0,NA,-1,-1,-1,-1,-1,-2,-2
2,"Environment: 2, FiringMode: 2",8.291614,false,0,0,0,NA,false,0,0,0,NA,-1,-1,-1,-1,-1,-2,-2,false,0,0,0,NA,-1,-1,-1,-1,-1,-2,-2
2,"Environment: 2, FiringMode: 2",8.292819,false,0,0,0,NA,false,0,0,0,NA,-1,-1,-1,-1,-1,-2,-2,false,0,0,0,NA,-1,-1,-1,-1,-1,-2,-2
2,"Environment: 2, FiringMode: 2",8.294064,false,0,0,0,NA,false,0,0,0,NA,-1,-1,-1,-1,-1,-2,-2,false,0,0,0,NA,-1,-1,-1,-1,-1,-2,-2
2,"Environment: 2, FiringMode: 2",8.295293,false,0,0,0,NA,false,0,0,0,NA,-1,-1,-1,-1,-1,-2,-2,false,0,0,0,NA,-1,-1,-1,-1,-1,-2,-2
2,"Environment: 2, FiringMode: 2",8.296855,false,0,0,0,NA,false,0,0,0,NA,-1,-1,-1,-1,-1,-2,-2,false,0,0,0,NA,-1,-1,-1,-1,-1,-2,-2
2,"Environment: 2, FiringMode: 2",8.298281,false,0,0,0,NA,false,0,0,0,NA,-1,-1,-1,-1,-1,-2,-2,false,0,0,0,NA,-1,-1,-1,-1,-1,-2,-2
2,"Environment: 2, FiringMode: 2",8.299736,false,0,0,0,NA,false,0,0,0,NA,-1,-1,-1,-1,-1,-2,-2,false,0,0,0,NA,-1,-1,-1,-1,-1,-2,-2
2,"Environment: 2, FiringMode: 2",8.301044,false,0,0,0,NA,false,0,0,0,NA,-1,-1,-1,-1,-1,-2,-2,false,0,0,0,NA,-1,-1,-1,-1,-1,-2,-2
2,"Environment: 2, FiringMode: 2",8.302343,false,0,0,0,NA,false,0,0,0,NA,-1,-1,-1,-1,-1,-2,-2,false,0,0,0,NA,-1,-1,-1,-1,-1,-2,-2
2,"Environment: 2, FiringMode: 2",8.303643,false,0,0,0,NA,false,0,0,0,NA,-1,-1,-1,-1,-1,-2,-2,false,0,0,0,NA,-1,-1,-1,-1,-1,-2,-2
2,"Environment: 2, FiringMode: 2",8.304911,false,0,0,0,NA,false,0,0,0,NA,-1,-1,-1,-1,-1,-2,-2,false,0,0,0,NA,-1,-1,-1,-1,-1,-2,-2
2,"Environment: 2, FiringMode: 2",8.3062,false,0,0,0,NA,false,0,0,0,NA,-1,-1,-1,-1,-1,-2,-2,false,0,0,0,NA,-1,-1,-1,-1,-1,-2,-2
2,"Environment: 2, FiringMode: 2",8.307381,false,0,0,0,NA,false,0,0,0,NA,-1,-1,-1,-1,-1,-2,-2,false,0,0,0,NA,-1,-1,-1,-1,-1,-2,-2
2,"Environment: 2, FiringMode: 2",8.30886,false,0,0,0,NA,false,0,0,0,NA,-1,-1,-1,-1,-1,-2,-2,false,0,0,0,NA,-1,-1,-1,-1,-1,-2,-2
2,"Environment: 2, FiringMode: 2",8.310375,false,0,0,0,NA,false,0,0,0,NA,-1,-1,-1,-1,-1,-2,-2,false,0,0,0,NA,-1,-1,-1,-1,-1,-2,-2
2,"Environment: 2, FiringMode: 2",8.311721,false,0,0,0,NA,false,0,0,0,NA,-1,-1,-1,-1,-1,-2,-2,false,0,0,0,NA,-1,-1,-1,-1,-1,-2,-2
2,"Environment: 2, FiringMode: 2",8.313086,false,0,0,0,NA,false,0,0,0,NA,-1,-1,-1,-1,-1,-2,-2,false,0,0,0,NA,-1,-1,-1,-1,-1,-2,-2
2,"Environment: 2, FiringMode: 2",8.314379,false,0,0,0,NA,false,0,0,0,NA,-1,-1,-1,-1,-1,-2,-2,false,0,0,0,NA,-1,-1,-1,-1,-1,-2,-2
2,"Environment: 2, FiringMode: 2",8.315687,false,0,0,0,NA,false,0,0,0,NA,-1,-1,-1,-1,-1,-2,-2,false,0,0,0,NA,-1,-1,-1,-1,-1,-2,-2
2,"Environment: 2, FiringMode: 2",8.316988,false,0,0,0,NA,false,0,0,0,NA,-1,-1,-1,-1,-1,-2,-2,false,0,0,0,NA,-1,-1,-1,-1,-1,-2,-2
2,"Environment: 2, FiringMode: 2",8.318261,false,0,0,0,NA,false,0,0,0,NA,-1,-1,-1,-1,-1,-2,-2,false,0,0,0,NA,-1,-1,-1,-1,-1,-2,-2
2,"Environment: 2, FiringMode: 2",8.320164,false,0,0,0,NA,false,0,0,0,NA,-1,-1,-1,-1,-1,-2,-2,false,0,0,0,NA,-1,-1,-1,-1,-1,-2,-2
2,"Environment: 2, FiringMode: 2",8.321469,false,0,0,0,NA,false,0,0,0,NA,-1,-1,-1,-1,-1,-2,-2,false,0,0,0,NA,-1,-1,-1,-1,-1,-2,-2
2,"Environment: 2, FiringMode: 2",8.322763,false,0,0,0,NA,false,0,0,0,NA,-1,-1,-1,-1,-1,-2,-2,false,0,0,0,NA,-1,-1,-1,-1,-1,-2,-2
2,"Environment: 2, FiringMode: 2",8.324164,false,0,0,0,NA,false,0,0,0,NA,-1,-1,-1,-1,-1,-2,-2,false,0,0,0,NA,-1,-1,-1,-1,-1,-2,-2
2,"Environment: 2, FiringMode: 2",8.325507,false,0,0,0,NA,false,0,0,0,NA,-1,-1,-1,-1,-1,-2,-2,false,0,0,0,NA,-1,-1,-1,-1,-1,-2,-2
2,"Environment: 2, FiringMode: 2",8.326811,false,0,0,0,NA,false,0,0,0,NA,-1,-1,-1,-1,-1,-2,-2,false,0,0,0,NA,-1,-1,-1,-1,-1,-2,-2
2,"Environment: 2, FiringMode: 2",8.328112,false,0,0,0,NA,false,0,0,0,NA,-1,-1,-1,-1,-1,-2,-2,false,0,0,0,NA,-1,-1,-1,-1,-1,-2,-2
2,"Environment: 2, FiringMode: 2",8.329439,false,0,0,0,NA,false,0,0,0,NA,-1,-1,-1,-1,-1,-2,-2,false,0,0,0,NA,-1,-1,-1,-1,-1,-2,-2
2,"Environment: 2, FiringMode: 2",8.330738,false,0,0,0,NA,false,0,0,0,NA,-1,-1,-1,-1,-1,-2,-2,false,0,0,0,NA,-1,-1,-1,-1,-1,-2,-2
2,"Environment: 2, FiringMode: 2",8.332004,false,0,0,0,NA,false,0,0,0,NA,-1,-1,-1,-1,-1,-2,-2,false,0,0,0,NA,-1,-1,-1,-1,-1,-2,-2
2,"Environment: 2, FiringMode: 2",8.333259,false,0,0,0,NA,false,0,0,0,NA,-1,-1,-1,-1,-1,-2,-2,false,0,0,0,NA,-1,-1,-1,-1,-1,-2,-2
2,"Environment: 2, FiringMode: 2",8.334563,false,0,0,0,NA,false,0,0,0,NA,-1,-1,-1,-1,-1,-2,-2,false,0,0,0,NA,-1,-1,-1,-1,-1,-2,-2
2,"Environment: 2, FiringMode: 2",8.335849,false,0,0,0,NA,false,0,0,0,NA,-1,-1,-1,-1,-1,-2,-2,false,0,0,0,NA,-1,-1,-1,-1,-1,-2,-2
2,"Environment: 2, FiringMode: 2",8.337188,false,0,0,0,NA,false,0,0,0,NA,-1,-1,-1,-1,-1,-2,-2,false,0,0,0,NA,-1,-1,-1,-1,-1,-2,-2
2,"Environment: 2, FiringMode: 2",8.338516,false,0,0,0,NA,false,0,0,0,NA,-1,-1,-1,-1,-1,-2,-2,false,0,0,0,NA,-1,-1,-1,-1,-1,-2,-2
2,"Environment: 2, FiringMode: 2",8.339954,false,0,0,0,NA,false,0,0,0,NA,-1,-1,-1,-1,-1,-2,-2,false,0,0,0,NA,-1,-1,-1,-1,-1,-2,-2
2,"Environment: 2, FiringMode: 2",8.34146,false,0,0,0,NA,false,0,0,0,NA,-1,-1,-1,-1,-1,-2,-2,false,0,0,0,NA,-1,-1,-1,-1,-1,-2,-2
2,"Environment: 2, FiringMode: 2",8.342832,false,0,0,0,NA,false,0,0,0,NA,-1,-1,-1,-1,-1,-2,-2,false,0,0,0,NA,-1,-1,-1,-1,-1,-2,-2
2,"Environment: 2, FiringMode: 2",8.344177,false,0,0,0,NA,false,0,0,0,NA,-1,-1,-1,-1,-1,-2,-2,false,0,0,0,NA,-1,-1,-1,-1,-1,-2,-2
2,"Environment: 2, FiringMode: 2",8.345556,false,0,0,0,NA,false,0,0,0,NA,-1,-1,-1,-1,-1,-2,-2,false,0,0,0,NA,-1,-1,-1,-1,-1,-2,-2
2,"Environment: 2, FiringMode: 2",8.346972,false,0,0,0,NA,false,0,0,0,NA,-1,-1,-1,-1,-1,-2,-2,false,0,0,0,NA,-1,-1,-1,-1,-1,-2,-2
2,"Environment: 2, FiringMode: 2",8.348264,false,0,0,0,NA,false,0,0,0,NA,-1,-1,-1,-1,-1,-2,-2,false,0,0,0,NA,-1,-1,-1,-1,-1,-2,-2
2,"Environment: 2, FiringMode: 2",8.349581,false,0,0,0,NA,false,0,0,0,NA,-1,-1,-1,-1,-1,-2,-2,false,0,0,0,NA,-1,-1,-1,-1,-1,-2,-2
2,"Environment: 2, FiringMode: 2",8.350991,false,0,0,0,NA,false,0,0,0,NA,-1,-1,-1,-1,-1,-2,-2,false,0,0,0,NA,-1,-1,-1,-1,-1,-2,-2
2,"Environment: 2, FiringMode: 2",8.352377,false,0,0,0,NA,false,0,0,0,NA,-1,-1,-1,-1,-1,-2,-2,false,0,0,0,NA,-1,-1,-1,-1,-1,-2,-2
2,"Environment: 2, FiringMode: 2",8.353652,false,0,0,0,NA,false,0,0,0,NA,-1,-1,-1,-1,-1,-2,-2,false,0,0,0,NA,-1,-1,-1,-1,-1,-2,-2
2,"Environment: 2, FiringMode: 2",8.354983,false,0,0,0,NA,false,0,0,0,NA,-1,-1,-1,-1,-1,-2,-2,false,0,0,0,NA,-1,-1,-1,-1,-1,-2,-2
2,"Environment: 2, FiringMode: 2",8.356341,false,0,0,0,NA,false,0,0,0,NA,-1,-1,-1,-1,-1,-2,-2,false,0,0,0,NA,-1,-1,-1,-1,-1,-2,-2
2,"Environment: 2, FiringMode: 2",8.357691,false,0,0,0,NA,false,0,0,0,NA,-1,-1,-1,-1,-1,-2,-2,false,0,0,0,NA,-1,-1,-1,-1,-1,-2,-2
2,"Environment: 2, FiringMode: 2",8.359168,false,0,0,0,NA,false,0,0,0,NA,-1,-1,-1,-1,-1,-2,-2,false,0,0,0,NA,-1,-1,-1,-1,-1,-2,-2
2,"Environment: 2, FiringMode: 2",8.360556,false,0,0,0,NA,false,0,0,0,NA,-1,-1,-1,-1,-1,-2,-2,false,0,0,0,NA,-1,-1,-1,-1,-1,-2,-2
2,"Environment: 2, FiringMode: 2",8.361861,false,0,0,0,NA,false,0,0,0,NA,-1,-1,-1,-1,-1,-2,-2,false,0,0,0,NA,-1,-1,-1,-1,-1,-2,-2
2,"Environment: 2, FiringMode: 2",8.363156,false,0,0,0,NA,false,0,0,0,NA,-1,-1,-1,-1,-1,-2,-2,false,0,0,0,NA,-1,-1,-1,-1,-1,-2,-2
2,"Environment: 2, FiringMode: 2",8.364613,false,0,0,0,NA,false,0,0,0,NA,-1,-1,-1,-1,-1,-2,-2,false,0,0,0,NA,-1,-1,-1,-1,-1,-2,-2
2,"Environment: 2, FiringMode: 2",8.365988,false,0,0,0,NA,false,0,0,0,NA,-1,-1,-1,-1,-1,-2,-2,false,0,0,0,NA,-1,-1,-1,-1,-1,-2,-2
2,"Environment: 2, FiringMode: 2",8.367342,false,0,0,0,NA,false,0,0,0,NA,-1,-1,-1,-1,-1,-2,-2,false,0,0,0,NA,-1,-1,-1,-1,-1,-2,-2
2,"Environment: 2, FiringMode: 2",8.368627,false,0,0,0,NA,false,0,0,0,NA,-1,-1,-1,-1,-1,-2,-2,false,0,0,0,NA,-1,-1,-1,-1,-1,-2,-2
2,"Environment: 2, FiringMode: 2",8.369894,false,0,0,0,NA,false,0,0,0,NA,-1,-1,-1,-1,-1,-2,-2,false,0,0,0,NA,-1,-1,-1,-1,-1,-2,-2
2,"Environment: 2, FiringMode: 2",8.371228,false,0,0,0,NA,false,0,0,0,NA,-1,-1,-1,-1,-1,-2,-2,false,0,0,0,NA,-1,-1,-1,-1,-1,-2,-2
2,"Environment: 2, FiringMode: 2",8.372479,false,0,0,0,NA,false,0,0,0,NA,-1,-1,-1,-1,-1,-2,-2,false,0,0,0,NA,-1,-1,-1,-1,-1,-2,-2
2,"Environment: 2, FiringMode: 2",8.37369,false,0,0,0,NA,false,0,0,0,NA,-1,-1,-1,-1,-1,-2,-2,false,0,0,0,NA,-1,-1,-1,-1,-1,-2,-2
2,"Environment: 2, FiringMode: 2",8.374981,false,0,0,0,NA,false,0,0,0,NA,-1,-1,-1,-1,-1,-2,-2,false,0,0,0,NA,-1,-1,-1,-1,-1,-2,-2
2,"Environment: 2, FiringMode: 2",8.376296,false,0,0,0,NA,false,0,0,0,NA,-1,-1,-1,-1,-1,-2,-2,false,0,0,0,NA,-1,-1,-1,-1,-1,-2,-2
2,"Environment: 2, FiringMode: 2",8.377598,false,0,0,0,NA,false,0,0,0,NA,-1,-1,-1,-1,-1,-2,-2,false,0,0,0,NA,-1,-1,-1,-1,-1,-2,-2
2,"Environment: 2, FiringMode: 2",8.379018,false,0,0,0,NA,false,0,0,0,NA,-1,-1,-1,-1,-1,-2,-2,false,0,0,0,NA,-1,-1,-1,-1,-1,-2,-2
2,"Environment: 2, FiringMode: 2",8.380276,false,0,0,0,NA,false,0,0,0,NA,-1,-1,-1,-1,-1,-2,-2,false,0,0,0,NA,-1,-1,-1,-1,-1,-2,-2
2,"Environment: 2, FiringMode: 2",8.381523,false,0,0,0,NA,false,0,0,0,NA,-1,-1,-1,-1,-1,-2,-2,false,0,0,0,NA,-1,-1,-1,-1,-1,-2,-2
2,"Environment: 2, FiringMode: 2",8.382757,false,0,0,0,NA,false,0,0,0,NA,-1,-1,-1,-1,-1,-2,-2,false,0,0,0,NA,-1,-1,-1,-1,-1,-2,-2
2,"Environment: 2, FiringMode: 2",8.384039,false,0,0,0,NA,false,0,0,0,NA,-1,-1,-1,-1,-1,-2,-2,false,0,0,0,NA,-1,-1,-1,-1,-1,-2,-2
2,"Environment: 2, FiringMode: 2",8.385281,false,0,0,0,NA,false,0,0,0,NA,-1,-1,-1,-1,-1,-2,-2,false,0,0,0,NA,-1,-1,-1,-1,-1,-2,-2
2,"Environment: 2, FiringMode: 2",8.386544,false,0,0,0,NA,false,0,0,0,NA,-1,-1,-1,-1,-1,-2,-2,false,0,0,0,NA,-1,-1,-1,-1,-1,-2,-2
2,"Environment: 2, FiringMode: 2",8.38779,false,0,0,0,NA,false,0,0,0,NA,-1,-1,-1,-1,-1,-2,-2,false,0,0,0,NA,-1,-1,-1,-1,-1,-2,-2
2,"Environment: 2, FiringMode: 2",8.389056,false,0,0,0,NA,false,0,0,0,NA,-1,-1,-1,-1,-1,-2,-2,false,0,0,0,NA,-1,-1,-1,-1,-1,-2,-2
2,"Environment: 2, FiringMode: 2",8.390348,false,0,0,0,NA,false,0,0,0,NA,-1,-1,-1,-1,-1,-2,-2,false,0,0,0,NA,-1,-1,-1,-1,-1,-2,-2
2,"Environment: 2, FiringMode: 2",8.391655,false,0,0,0,NA,false,0,0,0,NA,-1,-1,-1,-1,-1,-2,-2,false,0,0,0,NA,-1,-1,-1,-1,-1,-2,-2
2,"Environment: 2, FiringMode: 2",8.392953,false,0,0,0,NA,false,0,0,0,NA,-1,-1,-1,-1,-1,-2,-2,false,0,0,0,NA,-1,-1,-1,-1,-1,-2,-2
2,"Environment: 2, FiringMode: 2",8.394254,false,0,0,0,NA,false,0,0,0,NA,-1,-1,-1,-1,-1,-2,-2,false,0,0,0,NA,-1,-1,-1,-1,-1,-2,-2
2,"Environment: 2, FiringMode: 2",8.395539,false,0,0,0,NA,false,0,0,0,NA,-1,-1,-1,-1,-1,-2,-2,false,0,0,0,NA,-1,-1,-1,-1,-1,-2,-2
2,"Environment: 2, FiringMode: 2",8.396778,false,0,0,0,NA,false,0,0,0,NA,-1,-1,-1,-1,-1,-2,-2,false,0,0,0,NA,-1,-1,-1,-1,-1,-2,-2
2,"Environment: 2, FiringMode: 2",8.398073,false,0,0,0,NA,false,0,0,0,NA,-1,-1,-1,-1,-1,-2,-2,false,0,0,0,NA,-1,-1,-1,-1,-1,-2,-2
2,"Environment: 2, FiringMode: 2",8.399495,false,0,0,0,NA,false,0,0,0,NA,-1,-1,-1,-1,-1,-2,-2,false,0,0,0,NA,-1,-1,-1,-1,-1,-2,-2
2,"Environment: 2, FiringMode: 2",8.40089,false,0,0,0,NA,false,0,0,0,NA,-1,-1,-1,-1,-1,-2,-2,false,0,0,0,NA,-1,-1,-1,-1,-1,-2,-2
2,"Environment: 2, FiringMode: 2",8.40226,false,0,0,0,NA,false,0,0,0,NA,-1,-1,-1,-1,-1,-2,-2,false,0,0,0,NA,-1,-1,-1,-1,-1,-2,-2
2,"Environment: 2, FiringMode: 2",8.403617,false,0,0,0,NA,false,0,0,0,NA,-1,-1,-1,-1,-1,-2,-2,false,0,0,0,NA,-1,-1,-1,-1,-1,-2,-2
2,"Environment: 2, FiringMode: 2",8.404972,false,0,0,0,NA,false,0,0,0,NA,-1,-1,-1,-1,-1,-2,-2,false,0,0,0,NA,-1,-1,-1,-1,-1,-2,-2
2,"Environment: 2, FiringMode: 2",8.40626,false,0,0,0,NA,false,0,0,0,NA,-1,-1,-1,-1,-1,-2,-2,false,0,0,0,NA,-1,-1,-1,-1,-1,-2,-2
2,"Environment: 2, FiringMode: 2",8.407537,false,0,0,0,NA,false,0,0,0,NA,-1,-1,-1,-1,-1,-2,-2,false,0,0,0,NA,-1,-1,-1,-1,-1,-2,-2
2,"Environment: 2, FiringMode: 2",8.408798,false,0,0,0,NA,false,0,0,0,NA,-1,-1,-1,-1,-1,-2,-2,false,0,0,0,NA,-1,-1,-1,-1,-1,-2,-2
2,"Environment: 2, FiringMode: 2",8.410078,false,0,0,0,NA,false,0,0,0,NA,-1,-1,-1,-1,-1,-2,-2,false,0,0,0,NA,-1,-1,-1,-1,-1,-2,-2
2,"Environment: 2, FiringMode: 2",8.411375,false,0,0,0,NA,false,0,0,0,NA,-1,-1,-1,-1,-1,-2,-2,false,0,0,0,NA,-1,-1,-1,-1,-1,-2,-2
2,"Environment: 2, FiringMode: 2",8.412626,false,0,0,0,NA,false,0,0,0,NA,-1,-1,-1,-1,-1,-2,-2,false,0,0,0,NA,-1,-1,-1,-1,-1,-2,-2
2,"Environment: 2, FiringMode: 2",8.414001,false,0,0,0,NA,false,0,0,0,NA,-1,-1,-1,-1,-1,-2,-2,false,0,0,0,NA,-1,-1,-1,-1,-1,-2,-2
2,"Environment: 2, FiringMode: 2",8.415318,false,0,0,0,NA,false,0,0,0,NA,-1,-1,-1,-1,-1,-2,-2,false,0,0,0,NA,-1,-1,-1,-1,-1,-2,-2
2,"Environment: 2, FiringMode: 2",8.416525,false,0,0,0,NA,false,0,0,0,NA,-1,-1,-1,-1,-1,-2,-2,false,0,0,0,NA,-1,-1,-1,-1,-1,-2,-2
2,"Environment: 2, FiringMode: 2",8.417699,false,0,0,0,NA,false,0,0,0,NA,-1,-1,-1,-1,-1,-2,-2,false,0,0,0,NA,-1,-1,-1,-1,-1,-2,-2
2,"Environment: 2, FiringMode: 2",8.419363,false,0,0,0,NA,false,0,0,0,NA,-1,-1,-1,-1,-1,-2,-2,false,0,0,0,NA,-1,-1,-1,-1,-1,-2,-2
2,"Environment: 2, FiringMode: 2",8.42079,false,0,0,0,NA,false,0,0,0,NA,-1,-1,-1,-1,-1,-2,-2,false,0,0,0,NA,-1,-1,-1,-1,-1,-2,-2
2,"Environment: 2, FiringMode: 2",8.422143,false,0,0,0,NA,false,0,0,0,NA,-1,-1,-1,-1,-1,-2,-2,false,0,0,0,NA,-1,-1,-1,-1,-1,-2,-2
2,"Environment: 2, FiringMode: 2",8.423394,false,0,0,0,NA,false,0,0,0,NA,-1,-1,-1,-1,-1,-2,-2,false,0,0,0,NA,-1,-1,-1,-1,-1,-2,-2
2,"Environment: 2, FiringMode: 2",8.424691,false,0,0,0,NA,false,0,0,0,NA,-1,-1,-1,-1,-1,-2,-2,false,0,0,0,NA,-1,-1,-1,-1,-1,-2,-2
2,"Environment: 2, FiringMode: 2",8.425988,false,0,0,0,NA,false,0,0,0,NA,-1,-1,-1,-1,-1,-2,-2,false,0,0,0,NA,-1,-1,-1,-1,-1,-2,-2
2,"Environment: 2, FiringMode: 2",8.427311,false,0,0,0,NA,false,0,0,0,NA,-1,-1,-1,-1,-1,-2,-2,false,0,0,0,NA,-1,-1,-1,-1,-1,-2,-2
2,"Environment: 2, FiringMode: 2",8.428607,false,0,0,0,NA,false,0,0,0,NA,-1,-1,-1,-1,-1,-2,-2,false,0,0,0,NA,-1,-1,-1,-1,-1,-2,-2
2,"Environment: 2, FiringMode: 2",8.430098,false,0,0,0,NA,false,0,0,0,NA,-1,-1,-1,-1,-1,-2,-2,false,0,0,0,NA,-1,-1,-1,-1,-1,-2,-2
2,"Environment: 2, FiringMode: 2",8.431564,false,0,0,0,NA,false,0,0,0,NA,-1,-1,-1,-1,-1,-2,-2,false,0,0,0,NA,-1,-1,-1,-1,-1,-2,-2
2,"Environment: 2, FiringMode: 2",8.433056,false,0,0,0,NA,false,0,0,0,NA,-1,-1,-1,-1,-1,-2,-2,false,0,0,0,NA,-1,-1,-1,-1,-1,-2,-2
2,"Environment: 2, FiringMode: 2",8.434587,false,0,0,0,NA,false,0,0,0,NA,-1,-1,-1,-1,-1,-2,-2,false,0,0,0,NA,-1,-1,-1,-1,-1,-2,-2
2,"Environment: 2, FiringMode: 2",8.43592,false,0,0,0,NA,false,0,0,0,NA,-1,-1,-1,-1,-1,-2,-2,false,0,0,0,NA,-1,-1,-1,-1,-1,-2,-2
2,"Environment: 2, FiringMode: 2",8.437236,false,0,0,0,NA,false,0,0,0,NA,-1,-1,-1,-1,-1,-2,-2,false,0,0,0,NA,-1,-1,-1,-1,-1,-2,-2
2,"Environment: 2, FiringMode: 2",8.438487,false,0,0,0,NA,false,0,0,0,NA,-1,-1,-1,-1,-1,-2,-2,false,0,0,0,NA,-1,-1,-1,-1,-1,-2,-2
2,"Environment: 2, FiringMode: 2",8.439944,false,0,0,0,NA,false,0,0,0,NA,-1,-1,-1,-1,-1,-2,-2,false,0,0,0,NA,-1,-1,-1,-1,-1,-2,-2
2,"Environment: 2, FiringMode: 2",8.441459,false,0,0,0,NA,false,0,0,0,NA,-1,-1,-1,-1,-1,-2,-2,false,0,0,0,NA,-1,-1,-1,-1,-1,-2,-2
2,"Environment: 2, FiringMode: 2",8.442842,false,0,0,0,NA,false,0,0,0,NA,-1,-1,-1,-1,-1,-2,-2,false,0,0,0,NA,-1,-1,-1,-1,-1,-2,-2
2,"Environment: 2, FiringMode: 2",8.444126,false,0,0,0,NA,false,0,0,0,NA,-1,-1,-1,-1,-1,-2,-2,false,0,0,0,NA,-1,-1,-1,-1,-1,-2,-2
2,"Environment: 2, FiringMode: 2",8.445624,false,0,0,0,NA,false,0,0,0,NA,-1,-1,-1,-1,-1,-2,-2,false,0,0,0,NA,-1,-1,-1,-1,-1,-2,-2
2,"Environment: 2, FiringMode: 2",8.447071,false,0,0,0,NA,false,0,0,0,NA,-1,-1,-1,-1,-1,-2,-2,false,0,0,0,NA,-1,-1,-1,-1,-1,-2,-2
2,"Environment: 2, FiringMode: 2",8.448565,false,0,0,0,NA,false,0,0,0,NA,-1,-1,-1,-1,-1,-2,-2,false,0,0,0,NA,-1,-1,-1,-1,-1,-2,-2
2,"Environment: 2, FiringMode: 2",8.450098,false,0,0,0,NA,false,0,0,0,NA,-1,-1,-1,-1,-1,-2,-2,false,0,0,0,NA,-1,-1,-1,-1,-1,-2,-2
2,"Environment: 2, FiringMode: 2",8.451531,false,0,0,0,NA,false,0,0,0,NA,-1,-1,-1,-1,-1,-2,-2,false,0,0,0,NA,-1,-1,-1,-1,-1,-2,-2
2,"Environment: 2, FiringMode: 2",8.452844,false,0,0,0,NA,false,0,0,0,NA,-1,-1,-1,-1,-1,-2,-2,false,0,0,0,NA,-1,-1,-1,-1,-1,-2,-2
2,"Environment: 2, FiringMode: 2",8.45472,false,0,0,0,NA,false,0,0,0,NA,-1,-1,-1,-1,-1,-2,-2,false,0,0,0,NA,-1,-1,-1,-1,-1,-2,-2
2,"Environment: 2, FiringMode: 2",8.456202,false,0,0,0,NA,false,0,0,0,NA,-1,-1,-1,-1,-1,-2,-2,false,0,0,0,NA,-1,-1,-1,-1,-1,-2,-2
2,"Environment: 2, FiringMode: 2",8.457598,false,0,0,0,NA,false,0,0,0,NA,-1,-1,-1,-1,-1,-2,-2,false,0,0,0,NA,-1,-1,-1,-1,-1,-2,-2
2,"Environment: 2, FiringMode: 2",8.459028,false,0,0,0,NA,false,0,0,0,NA,-1,-1,-1,-1,-1,-2,-2,false,0,0,0,NA,-1,-1,-1,-1,-1,-2,-2
2,"Environment: 2, FiringMode: 2",8.460485,false,0,0,0,NA,false,0,0,0,NA,-1,-1,-1,-1,-1,-2,-2,false,0,0,0,NA,-1,-1,-1,-1,-1,-2,-2
2,"Environment: 2, FiringMode: 2",8.462104,false,0,0,0,NA,false,0,0,0,NA,-1,-1,-1,-1,-1,-2,-2,false,0,0,0,NA,-1,-1,-1,-1,-1,-2,-2
2,"Environment: 2, FiringMode: 2",8.463488,false,0,0,0,NA,false,0,0,0,NA,-1,-1,-1,-1,-1,-2,-2,false,0,0,0,NA,-1,-1,-1,-1,-1,-2,-2
2,"Environment: 2, FiringMode: 2",8.4648,false,0,0,0,NA,false,0,0,0,NA,-1,-1,-1,-1,-1,-2,-2,false,0,0,0,NA,-1,-1,-1,-1,-1,-2,-2
2,"Environment: 2, FiringMode: 2",8.466107,false,0,0,0,NA,false,0,0,0,NA,-1,-1,-1,-1,-1,-2,-2,false,0,0,0,NA,-1,-1,-1,-1,-1,-2,-2
2,"Environment: 2, FiringMode: 2",8.467462,false,0,0,0,NA,false,0,0,0,NA,-1,-1,-1,-1,-1,-2,-2,false,0,0,0,NA,-1,-1,-1,-1,-1,-2,-2
2,"Environment: 2, FiringMode: 2",8.468782,false,0,0,0,NA,false,0,0,0,NA,-1,-1,-1,-1,-1,-2,-2,false,0,0,0,NA,-1,-1,-1,-1,-1,-2,-2
2,"Environment: 2, FiringMode: 2",8.470083,false,0,0,0,NA,false,0,0,0,NA,-1,-1,-1,-1,-1,-2,-2,false,0,0,0,NA,-1,-1,-1,-1,-1,-2,-2
2,"Environment: 2, FiringMode: 2",8.471347,false,0,0,0,NA,false,0,0,0,NA,-1,-1,-1,-1,-1,-2,-2,false,0,0,0,NA,-1,-1,-1,-1,-1,-2,-2
2,"Environment: 2, FiringMode: 2",8.472719,false,0,0,0,NA,false,0,0,0,NA,-1,-1,-1,-1,-1,-2,-2,false,0,0,0,NA,-1,-1,-1,-1,-1,-2,-2
2,"Environment: 2, FiringMode: 2",8.474032,false,0,0,0,NA,false,0,0,0,NA,-1,-1,-1,-1,-1,-2,-2,false,0,0,0,NA,-1,-1,-1,-1,-1,-2,-2
2,"Environment: 2, FiringMode: 2",8.47534,false,0,0,0,NA,false,0,0,0,NA,-1,-1,-1,-1,-1,-2,-2,false,0,0,0,NA,-1,-1,-1,-1,-1,-2,-2
2,"Environment: 2, FiringMode: 2",8.476695,false,0,0,0,NA,false,0,0,0,NA,-1,-1,-1,-1,-1,-2,-2,false,0,0,0,NA,-1,-1,-1,-1,-1,-2,-2
2,"Environment: 2, FiringMode: 2",8.478022,false,0,0,0,NA,false,0,0,0,NA,-1,-1,-1,-1,-1,-2,-2,false,0,0,0,NA,-1,-1,-1,-1,-1,-2,-2
2,"Environment: 2, FiringMode: 2",8.479529,false,0,0,0,NA,false,0,0,0,NA,-1,-1,-1,-1,-1,-2,-2,false,0,0,0,NA,-1,-1,-1,-1,-1,-2,-2
2,"Environment: 2, FiringMode: 2",8.480866,false,0,0,0,NA,false,0,0,0,NA,-1,-1,-1,-1,-1,-2,-2,false,0,0,0,NA,-1,-1,-1,-1,-1,-2,-2
2,"Environment: 2, FiringMode: 2",8.482112,false,0,0,0,NA,false,0,0,0,NA,-1,-1,-1,-1,-1,-2,-2,false,0,0,0,NA,-1,-1,-1,-1,-1,-2,-2
2,"Environment: 2, FiringMode: 2",8.483445,false,0,0,0,NA,false,0,0,0,NA,-1,-1,-1,-1,-1,-2,-2,false,0,0,0,NA,-1,-1,-1,-1,-1,-2,-2
2,"Environment: 2, FiringMode: 2",8.484675,false,0,0,0,NA,false,0,0,0,NA,-1,-1,-1,-1,-1,-2,-2,false,0,0,0,NA,-1,-1,-1,-1,-1,-2,-2
2,"Environment: 2, FiringMode: 2",8.485975,false,0,0,0,NA,false,0,0,0,NA,-1,-1,-1,-1,-1,-2,-2,false,0,0,0,NA,-1,-1,-1,-1,-1,-2,-2
2,"Environment: 2, FiringMode: 2",8.487267,false,0,0,0,NA,false,0,0,0,NA,-1,-1,-1,-1,-1,-2,-2,false,0,0,0,NA,-1,-1,-1,-1,-1,-2,-2
2,"Environment: 2, FiringMode: 2",8.488618,false,0,0,0,NA,false,0,0,0,NA,-1,-1,-1,-1,-1,-2,-2,false,0,0,0,NA,-1,-1,-1,-1,-1,-2,-2
2,"Environment: 2, FiringMode: 2",8.489959,false,0,0,0,NA,false,0,0,0,NA,-1,-1,-1,-1,-1,-2,-2,false,0,0,0,NA,-1,-1,-1,-1,-1,-2,-2
2,"Environment: 2, FiringMode: 2",8.491628,false,0,0,0,NA,false,0,0,0,NA,-1,-1,-1,-1,-1,-2,-2,false,0,0,0,NA,-1,-1,-1,-1,-1,-2,-2
2,"Environment: 2, FiringMode: 2",8.492981,false,0,0,0,NA,false,0,0,0,NA,-1,-1,-1,-1,-1,-2,-2,false,0,0,0,NA,-1,-1,-1,-1,-1,-2,-2
2,"Environment: 2, FiringMode: 2",8.494331,false,0,0,0,NA,false,0,0,0,NA,-1,-1,-1,-1,-1,-2,-2,false,0,0,0,NA,-1,-1,-1,-1,-1,-2,-2
2,"Environment: 2, FiringMode: 2",8.495629,false,0,0,0,NA,false,0,0,0,NA,-1,-1,-1,-1,-1,-2,-2,false,0,0,0,NA,-1,-1,-1,-1,-1,-2,-2
2,"Environment: 2, FiringMode: 2",8.496914,false,0,0,0,NA,false,0,0,0,NA,-1,-1,-1,-1,-1,-2,-2,false,0,0,0,NA,-1,-1,-1,-1,-1,-2,-2
2,"Environment: 2, FiringMode: 2",8.498222,false,0,0,0,NA,false,0,0,0,NA,-1,-1,-1,-1,-1,-2,-2,false,0,0,0,NA,-1,-1,-1,-1,-1,-2,-2
2,"Environment: 2, FiringMode: 2",8.49962,false,0,0,0,NA,false,0,0,0,NA,-1,-1,-1,-1,-1,-2,-2,false,0,0,0,NA,-1,-1,-1,-1,-1,-2,-2
2,"Environment: 2, FiringMode: 2",8.500991,false,0,0,0,NA,false,0,0,0,NA,-1,-1,-1,-1,-1,-2,-2,false,0,0,0,NA,-1,-1,-1,-1,-1,-2,-2
2,"Environment: 2, FiringMode: 2",8.502374,false,0,0,0,NA,false,0,0,0,NA,-1,-1,-1,-1,-1,-2,-2,false,0,0,0,NA,-1,-1,-1,-1,-1,-2,-2
2,"Environment: 2, FiringMode: 2",8.503755,false,0,0,0,NA,false,0,0,0,NA,-1,-1,-1,-1,-1,-2,-2,false,0,0,0,NA,-1,-1,-1,-1,-1,-2,-2
2,"Environment: 2, FiringMode: 2",8.505176,false,0,0,0,NA,false,0,0,0,NA,-1,-1,-1,-1,-1,-2,-2,false,0,0,0,NA,-1,-1,-1,-1,-1,-2,-2
2,"Environment: 2, FiringMode: 2",8.506594,false,0,0,0,NA,false,0,0,0,NA,-1,-1,-1,-1,-1,-2,-2,false,0,0,0,NA,-1,-1,-1,-1,-1,-2,-2
2,"Environment: 2, FiringMode: 2",8.50797,false,0,0,0,NA,false,0,0,0,NA,-1,-1,-1,-1,-1,-2,-2,false,0,0,0,NA,-1,-1,-1,-1,-1,-2,-2
2,"Environment: 2, FiringMode: 2",8.509292,false,0,0,0,NA,false,0,0,0,NA,-1,-1,-1,-1,-1,-2,-2,false,0,0,0,NA,-1,-1,-1,-1,-1,-2,-2
2,"Environment: 2, FiringMode: 2",8.510627,false,0,0,0,NA,false,0,0,0,NA,-1,-1,-1,-1,-1,-2,-2,false,0,0,0,NA,-1,-1,-1,-1,-1,-2,-2
2,"Environment: 2, FiringMode: 2",8.511889,false,0,0,0,NA,false,0,0,0,NA,-1,-1,-1,-1,-1,-2,-2,false,0,0,0,NA,-1,-1,-1,-1,-1,-2,-2
2,"Environment: 2, FiringMode: 2",8.513205,false,0,0,0,NA,false,0,0,0,NA,-1,-1,-1,-1,-1,-2,-2,false,0,0,0,NA,-1,-1,-1,-1,-1,-2,-2
2,"Environment: 2, FiringMode: 2",8.514537,false,0,0,0,NA,false,0,0,0,NA,-1,-1,-1,-1,-1,-2,-2,false,0,0,0,NA,-1,-1,-1,-1,-1,-2,-2
2,"Environment: 2, FiringMode: 2",8.515902,false,0,0,0,NA,false,0,0,0,NA,-1,-1,-1,-1,-1,-2,-2,false,0,0,0,NA,-1,-1,-1,-1,-1,-2,-2
2,"Environment: 2, FiringMode: 2",8.517242,false,0,0,0,NA,false,0,0,0,NA,-1,-1,-1,-1,-1,-2,-2,false,0,0,0,NA,-1,-1,-1,-1,-1,-2,-2
2,"Environment: 2, FiringMode: 2",8.518645,false,0,0,0,NA,false,0,0,0,NA,-1,-1,-1,-1,-1,-2,-2,false,0,0,0,NA,-1,-1,-1,-1,-1,-2,-2
2,"Environment: 2, FiringMode: 2",8.520043,false,0,0,0,NA,false,0,0,0,NA,-1,-1,-1,-1,-1,-2,-2,false,0,0,0,NA,-1,-1,-1,-1,-1,-2,-2
2,"Environment: 2, FiringMode: 2",8.521382,false,0,0,0,NA,false,0,0,0,NA,-1,-1,-1,-1,-1,-2,-2,false,0,0,0,NA,-1,-1,-1,-1,-1,-2,-2
2,"Environment: 2, FiringMode: 2",8.522682,false,0,0,0,NA,false,0,0,0,NA,-1,-1,-1,-1,-1,-2,-2,false,0,0,0,NA,-1,-1,-1,-1,-1,-2,-2
2,"Environment: 2, FiringMode: 2",8.524029,false,0,0,0,NA,false,0,0,0,NA,-1,-1,-1,-1,-1,-2,-2,false,0,0,0,NA,-1,-1,-1,-1,-1,-2,-2
2,"Environment: 2, FiringMode: 2",8.525371,false,0,0,0,NA,false,0,0,0,NA,-1,-1,-1,-1,-1,-2,-2,false,0,0,0,NA,-1,-1,-1,-1,-1,-2,-2
2,"Environment: 2, FiringMode: 2",8.52665,false,0,0,0,NA,false,0,0,0,NA,-1,-1,-1,-1,-1,-2,-2,false,0,0,0,NA,-1,-1,-1,-1,-1,-2,-2
2,"Environment: 2, FiringMode: 2",8.527974,false,0,0,0,NA,false,0,0,0,NA,-1,-1,-1,-1,-1,-2,-2,false,0,0,0,NA,-1,-1,-1,-1,-1,-2,-2
2,"Environment: 2, FiringMode: 2",8.52937,false,0,0,0,NA,false,0,0,0,NA,-1,-1,-1,-1,-1,-2,-2,false,0,0,0,NA,-1,-1,-1,-1,-1,-2,-2
2,"Environment: 2, FiringMode: 2",8.530781,false,0,0,0,NA,false,0,0,0,NA,-1,-1,-1,-1,-1,-2,-2,false,0,0,0,NA,-1,-1,-1,-1,-1,-2,-2
2,"Environment: 2, FiringMode: 2",8.532124,false,0,0,0,NA,false,0,0,0,NA,-1,-1,-1,-1,-1,-2,-2,false,0,0,0,NA,-1,-1,-1,-1,-1,-2,-2
2,"Environment: 2, FiringMode: 2",8.533409,false,0,0,0,NA,false,0,0,0,NA,-1,-1,-1,-1,-1,-2,-2,false,0,0,0,NA,-1,-1,-1,-1,-1,-2,-2
2,"Environment: 2, FiringMode: 2",8.534765,false,0,0,0,NA,false,0,0,0,NA,-1,-1,-1,-1,-1,-2,-2,false,0,0,0,NA,-1,-1,-1,-1,-1,-2,-2
2,"Environment: 2, FiringMode: 2",8.536153,false,0,0,0,NA,false,0,0,0,NA,-1,-1,-1,-1,-1,-2,-2,false,0,0,0,NA,-1,-1,-1,-1,-1,-2,-2
2,"Environment: 2, FiringMode: 2",8.537473,false,0,0,0,NA,false,0,0,0,NA,-1,-1,-1,-1,-1,-2,-2,false,0,0,0,NA,-1,-1,-1,-1,-1,-2,-2
2,"Environment: 2, FiringMode: 2",8.538955,false,0,0,0,NA,false,0,0,0,NA,-1,-1,-1,-1,-1,-2,-2,false,0,0,0,NA,-1,-1,-1,-1,-1,-2,-2
2,"Environment: 2, FiringMode: 2",8.54038,false,0,0,0,NA,false,0,0,0,NA,-1,-1,-1,-1,-1,-2,-2,false,0,0,0,NA,-1,-1,-1,-1,-1,-2,-2
2,"Environment: 2, FiringMode: 2",8.541822,false,0,0,0,NA,false,0,0,0,NA,-1,-1,-1,-1,-1,-2,-2,false,0,0,0,NA,-1,-1,-1,-1,-1,-2,-2
2,"Environment: 2, FiringMode: 2",8.543161,false,0,0,0,NA,false,0,0,0,NA,-1,-1,-1,-1,-1,-2,-2,false,0,0,0,NA,-1,-1,-1,-1,-1,-2,-2
2,"Environment: 2, FiringMode: 2",8.544532,false,0,0,0,NA,false,0,0,0,NA,-1,-1,-1,-1,-1,-2,-2,false,0,0,0,NA,-1,-1,-1,-1,-1,-2,-2
2,"Environment: 2, FiringMode: 2",8.545848,false,0,0,0,NA,false,0,0,0,NA,-1,-1,-1,-1,-1,-2,-2,false,0,0,0,NA,-1,-1,-1,-1,-1,-2,-2
2,"Environment: 2, FiringMode: 2",8.547156,false,0,0,0,NA,false,0,0,0,NA,-1,-1,-1,-1,-1,-2,-2,false,0,0,0,NA,-1,-1,-1,-1,-1,-2,-2
2,"Environment: 2, FiringMode: 2",8.548466,false,0,0,0,NA,false,0,0,0,NA,-1,-1,-1,-1,-1,-2,-2,false,0,0,0,NA,-1,-1,-1,-1,-1,-2,-2
2,"Environment: 2, FiringMode: 2",8.549718,false,0,0,0,NA,false,0,0,0,NA,-1,-1,-1,-1,-1,-2,-2,false,0,0,0,NA,-1,-1,-1,-1,-1,-2,-2
2,"Environment: 2, FiringMode: 2",8.551056,false,0,0,0,NA,false,0,0,0,NA,-1,-1,-1,-1,-1,-2,-2,false,0,0,0,NA,-1,-1,-1,-1,-1,-2,-2
2,"Environment: 2, FiringMode: 2",8.552296,false,0,0,0,NA,false,0,0,0,NA,-1,-1,-1,-1,-1,-2,-2,false,0,0,0,NA,-1,-1,-1,-1,-1,-2,-2
2,"Environment: 2, FiringMode: 2",8.55355,false,0,0,0,NA,false,0,0,0,NA,-1,-1,-1,-1,-1,-2,-2,false,0,0,0,NA,-1,-1,-1,-1,-1,-2,-2
2,"Environment: 2, FiringMode: 2",8.554832,false,0,0,0,NA,false,0,0,0,NA,-1,-1,-1,-1,-1,-2,-2,false,0,0,0,NA,-1,-1,-1,-1,-1,-2,-2
2,"Environment: 2, FiringMode: 2",8.556117,false,0,0,0,NA,false,0,0,0,NA,-1,-1,-1,-1,-1,-2,-2,false,0,0,0,NA,-1,-1,-1,-1,-1,-2,-2
2,"Environment: 2, FiringMode: 2",8.557355,false,0,0,0,NA,false,0,0,0,NA,-1,-1,-1,-1,-1,-2,-2,false,0,0,0,NA,-1,-1,-1,-1,-1,-2,-2
2,"Environment: 2, FiringMode: 2",8.558726,false,0,0,0,NA,false,0,0,0,NA,-1,-1,-1,-1,-1,-2,-2,false,0,0,0,NA,-1,-1,-1,-1,-1,-2,-2
2,"Environment: 2, FiringMode: 2",8.560137,false,0,0,0,NA,false,0,0,0,NA,-1,-1,-1,-1,-1,-2,-2,false,0,0,0,NA,-1,-1,-1,-1,-1,-2,-2
2,"Environment: 2, FiringMode: 2",8.561363,false,0,0,0,NA,false,0,0,0,NA,-1,-1,-1,-1,-1,-2,-2,false,0,0,0,NA,-1,-1,-1,-1,-1,-2,-2
2,"Environment: 2, FiringMode: 2",8.562602,false,0,0,0,NA,false,0,0,0,NA,-1,-1,-1,-1,-1,-2,-2,false,0,0,0,NA,-1,-1,-1,-1,-1,-2,-2
2,"Environment: 2, FiringMode: 2",8.563864,false,0,0,0,NA,false,0,0,0,NA,-1,-1,-1,-1,-1,-2,-2,false,0,0,0,NA,-1,-1,-1,-1,-1,-2,-2
2,"Environment: 2, FiringMode: 2",8.565156,false,0,0,0,NA,false,0,0,0,NA,-1,-1,-1,-1,-1,-2,-2,false,0,0,0,NA,-1,-1,-1,-1,-1,-2,-2
2,"Environment: 2, FiringMode: 2",8.566423,false,0,0,0,NA,false,0,0,0,NA,-1,-1,-1,-1,-1,-2,-2,false,0,0,0,NA,-1,-1,-1,-1,-1,-2,-2
2,"Environment: 2, FiringMode: 2",8.567739,false,0,0,0,NA,false,0,0,0,NA,-1,-1,-1,-1,-1,-2,-2,false,0,0,0,NA,-1,-1,-1,-1,-1,-2,-2
2,"Environment: 2, FiringMode: 2",8.569033,false,0,0,0,NA,false,0,0,0,NA,-1,-1,-1,-1,-1,-2,-2,false,0,0,0,NA,-1,-1,-1,-1,-1,-2,-2
2,"Environment: 2, FiringMode: 2",8.570349,false,0,0,0,NA,false,0,0,0,NA,-1,-1,-1,-1,-1,-2,-2,false,0,0,0,NA,-1,-1,-1,-1,-1,-2,-2
2,"Environment: 2, FiringMode: 2",8.571588,false,0,0,0,NA,false,0,0,0,NA,-1,-1,-1,-1,-1,-2,-2,false,0,0,0,NA,-1,-1,-1,-1,-1,-2,-2
2,"Environment: 2, FiringMode: 2",8.572914,false,0,0,0,NA,false,0,0,0,NA,-1,-1,-1,-1,-1,-2,-2,false,0,0,0,NA,-1,-1,-1,-1,-1,-2,-2
2,"Environment: 2, FiringMode: 2",8.574235,false,0,0,0,NA,false,0,0,0,NA,-1,-1,-1,-1,-1,-2,-2,false,0,0,0,NA,-1,-1,-1,-1,-1,-2,-2
2,"Environment: 2, FiringMode: 2",8.575504,false,0,0,0,NA,false,0,0,0,NA,-1,-1,-1,-1,-1,-2,-2,false,0,0,0,NA,-1,-1,-1,-1,-1,-2,-2
2,"Environment: 2, FiringMode: 2",8.576757,false,0,0,0,NA,false,0,0,0,NA,-1,-1,-1,-1,-1,-2,-2,false,0,0,0,NA,-1,-1,-1,-1,-1,-2,-2
2,"Environment: 2, FiringMode: 2",8.578,false,0,0,0,NA,false,0,0,0,NA,-1,-1,-1,-1,-1,-2,-2,false,0,0,0,NA,-1,-1,-1,-1,-1,-2,-2
2,"Environment: 2, FiringMode: 2",8.579424,false,0,0,0,NA,false,0,0,0,NA,-1,-1,-1,-1,-1,-2,-2,false,0,0,0,NA,-1,-1,-1,-1,-1,-2,-2
2,"Environment: 2, FiringMode: 2",8.580622,false,0,0,0,NA,false,0,0,0,NA,-1,-1,-1,-1,-1,-2,-2,false,0,0,0,NA,-1,-1,-1,-1,-1,-2,-2
2,"Environment: 2, FiringMode: 2",8.581899,false,0,0,0,NA,false,0,0,0,NA,-1,-1,-1,-1,-1,-2,-2,false,0,0,0,NA,-1,-1,-1,-1,-1,-2,-2
2,"Environment: 2, FiringMode: 2",8.583186,false,0,0,0,NA,false,0,0,0,NA,-1,-1,-1,-1,-1,-2,-2,false,0,0,0,NA,-1,-1,-1,-1,-1,-2,-2
2,"Environment: 2, FiringMode: 2",8.584489,false,0,0,0,NA,false,0,0,0,NA,-1,-1,-1,-1,-1,-2,-2,false,0,0,0,NA,-1,-1,-1,-1,-1,-2,-2
2,"Environment: 2, FiringMode: 2",8.585798,false,0,0,0,NA,false,0,0,0,NA,-1,-1,-1,-1,-1,-2,-2,false,0,0,0,NA,-1,-1,-1,-1,-1,-2,-2
2,"Environment: 2, FiringMode: 2",8.587104,false,0,0,0,NA,false,0,0,0,NA,-1,-1,-1,-1,-1,-2,-2,false,0,0,0,NA,-1,-1,-1,-1,-1,-2,-2
2,"Environment: 2, FiringMode: 2",8.588902,false,0,0,0,NA,false,0,0,0,NA,-1,-1,-1,-1,-1,-2,-2,false,0,0,0,NA,-1,-1,-1,-1,-1,-2,-2
2,"Environment: 2, FiringMode: 2",8.590179,false,0,0,0,NA,false,0,0,0,NA,-1,-1,-1,-1,-1,-2,-2,false,0,0,0,NA,-1,-1,-1,-1,-1,-2,-2
2,"Environment: 2, FiringMode: 2",8.59142,false,0,0,0,NA,false,0,0,0,NA,-1,-1,-1,-1,-1,-2,-2,false,0,0,0,NA,-1,-1,-1,-1,-1,-2,-2
2,"Environment: 2, FiringMode: 2",8.592685,false,0,0,0,NA,false,0,0,0,NA,-1,-1,-1,-1,-1,-2,-2,false,0,0,0,NA,-1,-1,-1,-1,-1,-2,-2
2,"Environment: 2, FiringMode: 2",8.593935,false,0,0,0,NA,false,0,0,0,NA,-1,-1,-1,-1,-1,-2,-2,false,0,0,0,NA,-1,-1,-1,-1,-1,-2,-2
2,"Environment: 2, FiringMode: 2",8.595226,false,0,0,0,NA,false,0,0,0,NA,-1,-1,-1,-1,-1,-2,-2,false,0,0,0,NA,-1,-1,-1,-1,-1,-2,-2
2,"Environment: 2, FiringMode: 2",8.596488,false,0,0,0,NA,false,0,0,0,NA,-1,-1,-1,-1,-1,-2,-2,false,0,0,0,NA,-1,-1,-1,-1,-1,-2,-2
2,"Environment: 2, FiringMode: 2",8.597797,false,0,0,0,NA,false,0,0,0,NA,-1,-1,-1,-1,-1,-2,-2,false,0,0,0,NA,-1,-1,-1,-1,-1,-2,-2
2,"Environment: 2, FiringMode: 2",8.599197,false,0,0,0,NA,false,0,0,0,NA,-1,-1,-1,-1,-1,-2,-2,false,0,0,0,NA,-1,-1,-1,-1,-1,-2,-2
2,"Environment: 2, FiringMode: 2",8.600573,false,0,0,0,NA,false,0,0,0,NA,-1,-1,-1,-1,-1,-2,-2,false,0,0,0,NA,-1,-1,-1,-1,-1,-2,-2
2,"Environment: 2, FiringMode: 2",8.601881,false,0,0,0,NA,false,0,0,0,NA,-1,-1,-1,-1,-1,-2,-2,false,0,0,0,NA,-1,-1,-1,-1,-1,-2,-2
2,"Environment: 2, FiringMode: 2",8.603153,false,0,0,0,NA,false,0,0,0,NA,-1,-1,-1,-1,-1,-2,-2,false,0,0,0,NA,-1,-1,-1,-1,-1,-2,-2
2,"Environment: 2, FiringMode: 2",8.604464,false,0,0,0,NA,false,0,0,0,NA,-1,-1,-1,-1,-1,-2,-2,false,0,0,0,NA,-1,-1,-1,-1,-1,-2,-2
2,"Environment: 2, FiringMode: 2",8.60579,false,0,0,0,NA,false,0,0,0,NA,-1,-1,-1,-1,-1,-2,-2,false,0,0,0,NA,-1,-1,-1,-1,-1,-2,-2
2,"Environment: 2, FiringMode: 2",8.607049,false,0,0,0,NA,false,0,0,0,NA,-1,-1,-1,-1,-1,-2,-2,false,0,0,0,NA,-1,-1,-1,-1,-1,-2,-2
2,"Environment: 2, FiringMode: 2",8.608315,false,0,0,0,NA,false,0,0,0,NA,-1,-1,-1,-1,-1,-2,-2,false,0,0,0,NA,-1,-1,-1,-1,-1,-2,-2
2,"Environment: 2, FiringMode: 2",8.609617,false,0,0,0,NA,false,0,0,0,NA,-1,-1,-1,-1,-1,-2,-2,false,0,0,0,NA,-1,-1,-1,-1,-1,-2,-2
2,"Environment: 2, FiringMode: 2",8.610872,false,0,0,0,NA,false,0,0,0,NA,-1,-1,-1,-1,-1,-2,-2,false,0,0,0,NA,-1,-1,-1,-1,-1,-2,-2
2,"Environment: 2, FiringMode: 2",8.61216,false,0,0,0,NA,false,0,0,0,NA,-1,-1,-1,-1,-1,-2,-2,false,0,0,0,NA,-1,-1,-1,-1,-1,-2,-2
2,"Environment: 2, FiringMode: 2",8.613579,false,0,0,0,NA,false,0,0,0,NA,-1,-1,-1,-1,-1,-2,-2,false,0,0,0,NA,-1,-1,-1,-1,-1,-2,-2
2,"Environment: 2, FiringMode: 2",8.61486,false,0,0,0,NA,false,0,0,0,NA,-1,-1,-1,-1,-1,-2,-2,false,0,0,0,NA,-1,-1,-1,-1,-1,-2,-2
2,"Environment: 2, FiringMode: 2",8.616125,false,0,0,0,NA,false,0,0,0,NA,-1,-1,-1,-1,-1,-2,-2,false,0,0,0,NA,-1,-1,-1,-1,-1,-2,-2
2,"Environment: 2, FiringMode: 2",8.617359,false,0,0,0,NA,false,0,0,0,NA,-1,-1,-1,-1,-1,-2,-2,false,0,0,0,NA,-1,-1,-1,-1,-1,-2,-2
2,"Environment: 2, FiringMode: 2",8.61865,false,0,0,0,NA,false,0,0,0,NA,-1,-1,-1,-1,-1,-2,-2,false,0,0,0,NA,-1,-1,-1,-1,-1,-2,-2
2,"Environment: 2, FiringMode: 2",8.620024,false,0,0,0,NA,false,0,0,0,NA,-1,-1,-1,-1,-1,-2,-2,false,0,0,0,NA,-1,-1,-1,-1,-1,-2,-2
2,"Environment: 2, FiringMode: 2",8.621343,false,0,0,0,NA,false,0,0,0,NA,-1,-1,-1,-1,-1,-2,-2,false,0,0,0,NA,-1,-1,-1,-1,-1,-2,-2
2,"Environment: 2, FiringMode: 2",8.622663,false,0,0,0,NA,false,0,0,0,NA,-1,-1,-1,-1,-1,-2,-2,false,0,0,0,NA,-1,-1,-1,-1,-1,-2,-2
2,"Environment: 2, FiringMode: 2",8.623926,false,0,0,0,NA,false,0,0,0,NA,-1,-1,-1,-1,-1,-2,-2,false,0,0,0,NA,-1,-1,-1,-1,-1,-2,-2
2,"Environment: 2, FiringMode: 2",8.625227,false,0,0,0,NA,false,0,0,0,NA,-1,-1,-1,-1,-1,-2,-2,false,0,0,0,NA,-1,-1,-1,-1,-1,-2,-2
2,"Environment: 2, FiringMode: 2",8.626618,false,0,0,0,NA,false,0,0,0,NA,-1,-1,-1,-1,-1,-2,-2,false,0,0,0,NA,-1,-1,-1,-1,-1,-2,-2
2,"Environment: 2, FiringMode: 2",8.628045,false,0,0,0,NA,false,0,0,0,NA,-1,-1,-1,-1,-1,-2,-2,false,0,0,0,NA,-1,-1,-1,-1,-1,-2,-2
2,"Environment: 2, FiringMode: 2",8.629377,false,0,0,0,NA,false,0,0,0,NA,-1,-1,-1,-1,-1,-2,-2,false,0,0,0,NA,-1,-1,-1,-1,-1,-2,-2
2,"Environment: 2, FiringMode: 2",8.630678,false,0,0,0,NA,false,0,0,0,NA,-1,-1,-1,-1,-1,-2,-2,false,0,0,0,NA,-1,-1,-1,-1,-1,-2,-2
2,"Environment: 2, FiringMode: 2",8.631989,false,0,0,0,NA,false,0,0,0,NA,-1,-1,-1,-1,-1,-2,-2,false,0,0,0,NA,-1,-1,-1,-1,-1,-2,-2
2,"Environment: 2, FiringMode: 2",8.633261,false,0,0,0,NA,false,0,0,0,NA,-1,-1,-1,-1,-1,-2,-2,false,0,0,0,NA,-1,-1,-1,-1,-1,-2,-2
2,"Environment: 2, FiringMode: 2",8.63452,false,0,0,0,NA,false,0,0,0,NA,-1,-1,-1,-1,-1,-2,-2,false,0,0,0,NA,-1,-1,-1,-1,-1,-2,-2
2,"Environment: 2, FiringMode: 2",8.635748,false,0,0,0,NA,false,0,0,0,NA,-1,-1,-1,-1,-1,-2,-2,false,0,0,0,NA,-1,-1,-1,-1,-1,-2,-2
2,"Environment: 2, FiringMode: 2",8.637047,false,0,0,0,NA,false,0,0,0,NA,-1,-1,-1,-1,-1,-2,-2,false,0,0,0,NA,-1,-1,-1,-1,-1,-2,-2
2,"Environment: 2, FiringMode: 2",8.638311,false,0,0,0,NA,false,0,0,0,NA,-1,-1,-1,-1,-1,-2,-2,false,0,0,0,NA,-1,-1,-1,-1,-1,-2,-2
2,"Environment: 2, FiringMode: 2",8.639748,false,0,0,0,NA,false,0,0,0,NA,-1,-1,-1,-1,-1,-2,-2,false,0,0,0,NA,-1,-1,-1,-1,-1,-2,-2
2,"Environment: 2, FiringMode: 2",8.641149,false,0,0,0,NA,false,0,0,0,NA,-1,-1,-1,-1,-1,-2,-2,false,0,0,0,NA,-1,-1,-1,-1,-1,-2,-2
2,"Environment: 2, FiringMode: 2",8.642515,false,0,0,0,NA,false,0,0,0,NA,-1,-1,-1,-1,-1,-2,-2,false,0,0,0,NA,-1,-1,-1,-1,-1,-2,-2
2,"Environment: 2, FiringMode: 2",8.643909,false,0,0,0,NA,false,0,0,0,NA,-1,-1,-1,-1,-1,-2,-2,false,0,0,0,NA,-1,-1,-1,-1,-1,-2,-2
2,"Environment: 2, FiringMode: 2",8.645383,false,0,0,0,NA,false,0,0,0,NA,-1,-1,-1,-1,-1,-2,-2,false,0,0,0,NA,-1,-1,-1,-1,-1,-2,-2
2,"Environment: 2, FiringMode: 2",8.646771,false,0,0,0,NA,false,0,0,0,NA,-1,-1,-1,-1,-1,-2,-2,false,0,0,0,NA,-1,-1,-1,-1,-1,-2,-2
2,"Environment: 2, FiringMode: 2",8.64812,false,0,0,0,NA,false,0,0,0,NA,-1,-1,-1,-1,-1,-2,-2,false,0,0,0,NA,-1,-1,-1,-1,-1,-2,-2
2,"Environment: 2, FiringMode: 2",8.649657,false,0,0,0,NA,false,0,0,0,NA,-1,-1,-1,-1,-1,-2,-2,false,0,0,0,NA,-1,-1,-1,-1,-1,-2,-2
2,"Environment: 2, FiringMode: 2",8.651079,false,0,0,0,NA,false,0,0,0,NA,-1,-1,-1,-1,-1,-2,-2,false,0,0,0,NA,-1,-1,-1,-1,-1,-2,-2
2,"Environment: 2, FiringMode: 2",8.652372,false,0,0,0,NA,false,0,0,0,NA,-1,-1,-1,-1,-1,-2,-2,false,0,0,0,NA,-1,-1,-1,-1,-1,-2,-2
2,"Environment: 2, FiringMode: 2",8.653827,false,0,0,0,NA,false,0,0,0,NA,-1,-1,-1,-1,-1,-2,-2,false,0,0,0,NA,-1,-1,-1,-1,-1,-2,-2
2,"Environment: 2, FiringMode: 2",8.655375,false,0,0,0,NA,false,0,0,0,NA,-1,-1,-1,-1,-1,-2,-2,false,0,0,0,NA,-1,-1,-1,-1,-1,-2,-2
2,"Environment: 2, FiringMode: 2",8.65684,false,0,0,0,NA,false,0,0,0,NA,-1,-1,-1,-1,-1,-2,-2,false,0,0,0,NA,-1,-1,-1,-1,-1,-2,-2
2,"Environment: 2, FiringMode: 2",8.658276,false,0,0,0,NA,false,0,0,0,NA,-1,-1,-1,-1,-1,-2,-2,false,0,0,0,NA,-1,-1,-1,-1,-1,-2,-2
2,"Environment: 2, FiringMode: 2",8.65973,false,0,0,0,NA,false,0,0,0,NA,-1,-1,-1,-1,-1,-2,-2,false,0,0,0,NA,-1,-1,-1,-1,-1,-2,-2
2,"Environment: 2, FiringMode: 2",8.661068,false,0,0,0,NA,false,0,0,0,NA,-1,-1,-1,-1,-1,-2,-2,false,0,0,0,NA,-1,-1,-1,-1,-1,-2,-2
2,"Environment: 2, FiringMode: 2",8.662429,false,0,0,0,NA,false,0,0,0,NA,-1,-1,-1,-1,-1,-2,-2,false,0,0,0,NA,-1,-1,-1,-1,-1,-2,-2
2,"Environment: 2, FiringMode: 2",8.663785,false,0,0,0,NA,false,0,0,0,NA,-1,-1,-1,-1,-1,-2,-2,false,0,0,0,NA,-1,-1,-1,-1,-1,-2,-2
2,"Environment: 2, FiringMode: 2",8.665086,false,0,0,0,NA,false,0,0,0,NA,-1,-1,-1,-1,-1,-2,-2,false,0,0,0,NA,-1,-1,-1,-1,-1,-2,-2
2,"Environment: 2, FiringMode: 2",8.666348,false,0,0,0,NA,false,0,0,0,NA,-1,-1,-1,-1,-1,-2,-2,false,0,0,0,NA,-1,-1,-1,-1,-1,-2,-2
2,"Environment: 2, FiringMode: 2",8.667822,false,0,0,0,NA,false,0,0,0,NA,-1,-1,-1,-1,-1,-2,-2,false,0,0,0,NA,-1,-1,-1,-1,-1,-2,-2
2,"Environment: 2, FiringMode: 2",8.669246,false,0,0,0,NA,false,0,0,0,NA,-1,-1,-1,-1,-1,-2,-2,false,0,0,0,NA,-1,-1,-1,-1,-1,-2,-2
2,"Environment: 2, FiringMode: 2",8.670659,false,0,0,0,NA,false,0,0,0,NA,-1,-1,-1,-1,-1,-2,-2,false,0,0,0,NA,-1,-1,-1,-1,-1,-2,-2
2,"Environment: 2, FiringMode: 2",8.67202,false,0,0,0,NA,false,0,0,0,NA,-1,-1,-1,-1,-1,-2,-2,false,0,0,0,NA,-1,-1,-1,-1,-1,-2,-2
2,"Environment: 2, FiringMode: 2",8.673366,false,0,0,0,NA,false,0,0,0,NA,-1,-1,-1,-1,-1,-2,-2,false,0,0,0,NA,-1,-1,-1,-1,-1,-2,-2
2,"Environment: 2, FiringMode: 2",8.674747,false,0,0,0,NA,false,0,0,0,NA,-1,-1,-1,-1,-1,-2,-2,false,0,0,0,NA,-1,-1,-1,-1,-1,-2,-2
2,"Environment: 2, FiringMode: 2",8.67608,false,0,0,0,NA,false,0,0,0,NA,-1,-1,-1,-1,-1,-2,-2,false,0,0,0,NA,-1,-1,-1,-1,-1,-2,-2
2,"Environment: 2, FiringMode: 2",8.677356,false,0,0,0,NA,false,0,0,0,NA,-1,-1,-1,-1,-1,-2,-2,false,0,0,0,NA,-1,-1,-1,-1,-1,-2,-2
2,"Environment: 2, FiringMode: 2",8.678694,false,0,0,0,NA,false,0,0,0,NA,-1,-1,-1,-1,-1,-2,-2,false,0,0,0,NA,-1,-1,-1,-1,-1,-2,-2
2,"Environment: 2, FiringMode: 2",8.680088,false,0,0,0,NA,false,0,0,0,NA,-1,-1,-1,-1,-1,-2,-2,false,0,0,0,NA,-1,-1,-1,-1,-1,-2,-2
2,"Environment: 2, FiringMode: 2",8.681435,false,0,0,0,NA,false,0,0,0,NA,-1,-1,-1,-1,-1,-2,-2,false,0,0,0,NA,-1,-1,-1,-1,-1,-2,-2
2,"Environment: 2, FiringMode: 2",8.682807,false,0,0,0,NA,false,0,0,0,NA,-1,-1,-1,-1,-1,-2,-2,false,0,0,0,NA,-1,-1,-1,-1,-1,-2,-2
2,"Environment: 2, FiringMode: 2",8.684058,false,0,0,0,NA,false,0,0,0,NA,-1,-1,-1,-1,-1,-2,-2,false,0,0,0,NA,-1,-1,-1,-1,-1,-2,-2
2,"Environment: 2, FiringMode: 2",8.685377,false,0,0,0,NA,false,0,0,0,NA,-1,-1,-1,-1,-1,-2,-2,false,0,0,0,NA,-1,-1,-1,-1,-1,-2,-2
2,"Environment: 2, FiringMode: 2",8.686656,false,0,0,0,NA,false,0,0,0,NA,-1,-1,-1,-1,-1,-2,-2,false,0,0,0,NA,-1,-1,-1,-1,-1,-2,-2
2,"Environment: 2, FiringMode: 2",8.687925,false,0,0,0,NA,false,0,0,0,NA,-1,-1,-1,-1,-1,-2,-2,false,0,0,0,NA,-1,-1,-1,-1,-1,-2,-2
2,"Environment: 2, FiringMode: 2",8.689242,false,0,0,0,NA,false,0,0,0,NA,-1,-1,-1,-1,-1,-2,-2,false,0,0,0,NA,-1,-1,-1,-1,-1,-2,-2
2,"Environment: 2, FiringMode: 2",8.690557,false,0,0,0,NA,false,0,0,0,NA,-1,-1,-1,-1,-1,-2,-2,false,0,0,0,NA,-1,-1,-1,-1,-1,-2,-2
2,"Environment: 2, FiringMode: 2",8.69182,false,0,0,0,NA,false,0,0,0,NA,-1,-1,-1,-1,-1,-2,-2,false,0,0,0,NA,-1,-1,-1,-1,-1,-2,-2
2,"Environment: 2, FiringMode: 2",8.693138,false,0,0,0,NA,false,0,0,0,NA,-1,-1,-1,-1,-1,-2,-2,false,0,0,0,NA,-1,-1,-1,-1,-1,-2,-2
2,"Environment: 2, FiringMode: 2",8.694745,false,0,0,0,NA,false,0,0,0,NA,-1,-1,-1,-1,-1,-2,-2,false,0,0,0,NA,-1,-1,-1,-1,-1,-2,-2
2,"Environment: 2, FiringMode: 2",8.696342,false,0,0,0,NA,false,0,0,0,NA,-1,-1,-1,-1,-1,-2,-2,false,0,0,0,NA,-1,-1,-1,-1,-1,-2,-2
2,"Environment: 2, FiringMode: 2",8.697909,false,0,0,0,NA,false,0,0,0,NA,-1,-1,-1,-1,-1,-2,-2,false,0,0,0,NA,-1,-1,-1,-1,-1,-2,-2
2,"Environment: 2, FiringMode: 2",8.699859,false,0,0,0,NA,false,0,0,0,NA,-1,-1,-1,-1,-1,-2,-2,false,0,0,0,NA,-1,-1,-1,-1,-1,-2,-2
2,"Environment: 2, FiringMode: 2",8.701241,false,0,0,0,NA,false,0,0,0,NA,-1,-1,-1,-1,-1,-2,-2,false,0,0,0,NA,-1,-1,-1,-1,-1,-2,-2
2,"Environment: 2, FiringMode: 2",8.702519,false,0,0,0,NA,false,0,0,0,NA,-1,-1,-1,-1,-1,-2,-2,false,0,0,0,NA,-1,-1,-1,-1,-1,-2,-2
2,"Environment: 2, FiringMode: 2",8.703768,false,0,0,0,NA,false,0,0,0,NA,-1,-1,-1,-1,-1,-2,-2,false,0,0,0,NA,-1,-1,-1,-1,-1,-2,-2
2,"Environment: 2, FiringMode: 2",8.70505,false,0,0,0,NA,false,0,0,0,NA,-1,-1,-1,-1,-1,-2,-2,false,0,0,0,NA,-1,-1,-1,-1,-1,-2,-2
2,"Environment: 2, FiringMode: 2",8.706415,false,0,0,0,NA,false,0,0,0,NA,-1,-1,-1,-1,-1,-2,-2,false,0,0,0,NA,-1,-1,-1,-1,-1,-2,-2
2,"Environment: 2, FiringMode: 2",8.707736,false,0,0,0,NA,false,0,0,0,NA,-1,-1,-1,-1,-1,-2,-2,false,0,0,0,NA,-1,-1,-1,-1,-1,-2,-2
2,"Environment: 2, FiringMode: 2",8.709123,false,0,0,0,NA,false,0,0,0,NA,-1,-1,-1,-1,-1,-2,-2,false,0,0,0,NA,-1,-1,-1,-1,-1,-2,-2
2,"Environment: 2, FiringMode: 2",8.710496,false,0,0,0,NA,false,0,0,0,NA,-1,-1,-1,-1,-1,-2,-2,false,0,0,0,NA,-1,-1,-1,-1,-1,-2,-2
2,"Environment: 2, FiringMode: 2",8.711805,false,0,0,0,NA,false,0,0,0,NA,-1,-1,-1,-1,-1,-2,-2,false,0,0,0,NA,-1,-1,-1,-1,-1,-2,-2
2,"Environment: 2, FiringMode: 2",8.713073,false,0,0,0,NA,false,0,0,0,NA,-1,-1,-1,-1,-1,-2,-2,false,0,0,0,NA,-1,-1,-1,-1,-1,-2,-2
2,"Environment: 2, FiringMode: 2",8.714359,false,0,0,0,NA,false,0,0,0,NA,-1,-1,-1,-1,-1,-2,-2,false,0,0,0,NA,-1,-1,-1,-1,-1,-2,-2
2,"Environment: 2, FiringMode: 2",8.715809,false,0,0,0,NA,false,0,0,0,NA,-1,-1,-1,-1,-1,-2,-2,false,0,0,0,NA,-1,-1,-1,-1,-1,-2,-2
2,"Environment: 2, FiringMode: 2",8.717384,false,0,0,0,NA,false,0,0,0,NA,-1,-1,-1,-1,-1,-2,-2,false,0,0,0,NA,-1,-1,-1,-1,-1,-2,-2
2,"Environment: 2, FiringMode: 2",8.71879,false,0,0,0,NA,false,0,0,0,NA,-1,-1,-1,-1,-1,-2,-2,false,0,0,0,NA,-1,-1,-1,-1,-1,-2,-2
2,"Environment: 2, FiringMode: 2",8.72027,false,0,0,0,NA,false,0,0,0,NA,-1,-1,-1,-1,-1,-2,-2,false,0,0,0,NA,-1,-1,-1,-1,-1,-2,-2
2,"Environment: 2, FiringMode: 2",8.721683,false,0,0,0,NA,false,0,0,0,NA,-1,-1,-1,-1,-1,-2,-2,false,0,0,0,NA,-1,-1,-1,-1,-1,-2,-2
2,"Environment: 2, FiringMode: 2",8.723206,false,0,0,0,NA,false,0,0,0,NA,-1,-1,-1,-1,-1,-2,-2,false,0,0,0,NA,-1,-1,-1,-1,-1,-2,-2
2,"Environment: 2, FiringMode: 2",8.725271,false,0,0,0,NA,false,0,0,0,NA,-1,-1,-1,-1,-1,-2,-2,false,0,0,0,NA,-1,-1,-1,-1,-1,-2,-2
2,"Environment: 2, FiringMode: 2",8.726692,false,0,0,0,NA,false,0,0,0,NA,-1,-1,-1,-1,-1,-2,-2,false,0,0,0,NA,-1,-1,-1,-1,-1,-2,-2
2,"Environment: 2, FiringMode: 2",8.728075,false,0,0,0,NA,false,0,0,0,NA,-1,-1,-1,-1,-1,-2,-2,false,0,0,0,NA,-1,-1,-1,-1,-1,-2,-2
2,"Environment: 2, FiringMode: 2",8.729413,false,0,0,0,NA,false,0,0,0,NA,-1,-1,-1,-1,-1,-2,-2,false,0,0,0,NA,-1,-1,-1,-1,-1,-2,-2
2,"Environment: 2, FiringMode: 2",8.730742,false,0,0,0,NA,false,0,0,0,NA,-1,-1,-1,-1,-1,-2,-2,false,0,0,0,NA,-1,-1,-1,-1,-1,-2,-2
2,"Environment: 2, FiringMode: 2",8.73203,false,0,0,0,NA,false,0,0,0,NA,-1,-1,-1,-1,-1,-2,-2,false,0,0,0,NA,-1,-1,-1,-1,-1,-2,-2
2,"Environment: 2, FiringMode: 2",8.733349,false,0,0,0,NA,false,0,0,0,NA,-1,-1,-1,-1,-1,-2,-2,false,0,0,0,NA,-1,-1,-1,-1,-1,-2,-2
2,"Environment: 2, FiringMode: 2",8.734654,false,0,0,0,NA,false,0,0,0,NA,-1,-1,-1,-1,-1,-2,-2,false,0,0,0,NA,-1,-1,-1,-1,-1,-2,-2
2,"Environment: 2, FiringMode: 2",8.735973,false,0,0,0,NA,false,0,0,0,NA,-1,-1,-1,-1,-1,-2,-2,false,0,0,0,NA,-1,-1,-1,-1,-1,-2,-2
2,"Environment: 2, FiringMode: 2",8.737396,false,0,0,0,NA,false,0,0,0,NA,-1,-1,-1,-1,-1,-2,-2,false,0,0,0,NA,-1,-1,-1,-1,-1,-2,-2
2,"Environment: 2, FiringMode: 2",8.738758,false,0,0,0,NA,false,0,0,0,NA,-1,-1,-1,-1,-1,-2,-2,false,0,0,0,NA,-1,-1,-1,-1,-1,-2,-2
2,"Environment: 2, FiringMode: 2",8.740268,false,0,0,0,NA,false,0,0,0,NA,-1,-1,-1,-1,-1,-2,-2,false,0,0,0,NA,-1,-1,-1,-1,-1,-2,-2
2,"Environment: 2, FiringMode: 2",8.741576,false,0,0,0,NA,false,0,0,0,NA,-1,-1,-1,-1,-1,-2,-2,false,0,0,0,NA,-1,-1,-1,-1,-1,-2,-2
2,"Environment: 2, FiringMode: 2",8.742873,false,0,0,0,NA,false,0,0,0,NA,-1,-1,-1,-1,-1,-2,-2,false,0,0,0,NA,-1,-1,-1,-1,-1,-2,-2
2,"Environment: 2, FiringMode: 2",8.744178,false,0,0,0,NA,false,0,0,0,NA,-1,-1,-1,-1,-1,-2,-2,false,0,0,0,NA,-1,-1,-1,-1,-1,-2,-2
2,"Environment: 2, FiringMode: 2",8.745474,false,0,0,0,NA,false,0,0,0,NA,-1,-1,-1,-1,-1,-2,-2,false,0,0,0,NA,-1,-1,-1,-1,-1,-2,-2
2,"Environment: 2, FiringMode: 2",8.746811,false,0,0,0,NA,false,0,0,0,NA,-1,-1,-1,-1,-1,-2,-2,false,0,0,0,NA,-1,-1,-1,-1,-1,-2,-2
2,"Environment: 2, FiringMode: 2",8.748349,false,0,0,0,NA,false,0,0,0,NA,-1,-1,-1,-1,-1,-2,-2,false,0,0,0,NA,-1,-1,-1,-1,-1,-2,-2
2,"Environment: 2, FiringMode: 2",8.750052,false,0,0,0,NA,false,0,0,0,NA,-1,-1,-1,-1,-1,-2,-2,false,0,0,0,NA,-1,-1,-1,-1,-1,-2,-2
2,"Environment: 2, FiringMode: 2",8.751458,false,0,0,0,NA,false,0,0,0,NA,-1,-1,-1,-1,-1,-2,-2,false,0,0,0,NA,-1,-1,-1,-1,-1,-2,-2
2,"Environment: 2, FiringMode: 2",8.75282,false,0,0,0,NA,false,0,0,0,NA,-1,-1,-1,-1,-1,-2,-2,false,0,0,0,NA,-1,-1,-1,-1,-1,-2,-2
2,"Environment: 2, FiringMode: 2",8.754095,false,0,0,0,NA,false,0,0,0,NA,-1,-1,-1,-1,-1,-2,-2,false,0,0,0,NA,-1,-1,-1,-1,-1,-2,-2
2,"Environment: 2, FiringMode: 2",8.755366,false,0,0,0,NA,false,0,0,0,NA,-1,-1,-1,-1,-1,-2,-2,false,0,0,0,NA,-1,-1,-1,-1,-1,-2,-2
2,"Environment: 2, FiringMode: 2",8.756661,false,0,0,0,NA,false,0,0,0,NA,-1,-1,-1,-1,-1,-2,-2,false,0,0,0,NA,-1,-1,-1,-1,-1,-2,-2
2,"Environment: 2, FiringMode: 2",8.758453,false,0,0,0,NA,false,0,0,0,NA,-1,-1,-1,-1,-1,-2,-2,false,0,0,0,NA,-1,-1,-1,-1,-1,-2,-2
2,"Environment: 2, FiringMode: 2",8.76008,false,0,0,0,NA,false,0,0,0,NA,-1,-1,-1,-1,-1,-2,-2,false,0,0,0,NA,-1,-1,-1,-1,-1,-2,-2
2,"Environment: 2, FiringMode: 2",8.761563,false,0,0,0,NA,false,0,0,0,NA,-1,-1,-1,-1,-1,-2,-2,false,0,0,0,NA,-1,-1,-1,-1,-1,-2,-2
2,"Environment: 2, FiringMode: 2",8.762965,false,0,0,0,NA,false,0,0,0,NA,-1,-1,-1,-1,-1,-2,-2,false,0,0,0,NA,-1,-1,-1,-1,-1,-2,-2
2,"Environment: 2, FiringMode: 2",8.764321,false,0,0,0,NA,false,0,0,0,NA,-1,-1,-1,-1,-1,-2,-2,false,0,0,0,NA,-1,-1,-1,-1,-1,-2,-2
2,"Environment: 2, FiringMode: 2",8.765654,false,0,0,0,NA,false,0,0,0,NA,-1,-1,-1,-1,-1,-2,-2,false,0,0,0,NA,-1,-1,-1,-1,-1,-2,-2
2,"Environment: 2, FiringMode: 2",8.767019,false,0,0,0,NA,false,0,0,0,NA,-1,-1,-1,-1,-1,-2,-2,false,0,0,0,NA,-1,-1,-1,-1,-1,-2,-2
2,"Environment: 2, FiringMode: 2",8.768417,false,0,0,0,NA,false,0,0,0,NA,-1,-1,-1,-1,-1,-2,-2,false,0,0,0,NA,-1,-1,-1,-1,-1,-2,-2
2,"Environment: 2, FiringMode: 2",8.769827,false,0,0,0,NA,false,0,0,0,NA,-1,-1,-1,-1,-1,-2,-2,false,0,0,0,NA,-1,-1,-1,-1,-1,-2,-2
2,"Environment: 2, FiringMode: 2",8.771201,false,0,0,0,NA,false,0,0,0,NA,-1,-1,-1,-1,-1,-2,-2,false,0,0,0,NA,-1,-1,-1,-1,-1,-2,-2
2,"Environment: 2, FiringMode: 2",8.772601,false,0,0,0,NA,false,0,0,0,NA,-1,-1,-1,-1,-1,-2,-2,false,0,0,0,NA,-1,-1,-1,-1,-1,-2,-2
2,"Environment: 2, FiringMode: 2",8.773837,false,0,0,0,NA,false,0,0,0,NA,-1,-1,-1,-1,-1,-2,-2,false,0,0,0,NA,-1,-1,-1,-1,-1,-2,-2
2,"Environment: 2, FiringMode: 2",8.775157,false,0,0,0,NA,false,0,0,0,NA,-1,-1,-1,-1,-1,-2,-2,false,0,0,0,NA,-1,-1,-1,-1,-1,-2,-2
2,"Environment: 2, FiringMode: 2",8.77659,false,0,0,0,NA,false,0,0,0,NA,-1,-1,-1,-1,-1,-2,-2,false,0,0,0,NA,-1,-1,-1,-1,-1,-2,-2
2,"Environment: 2, FiringMode: 2",8.777959,false,0,0,0,NA,false,0,0,0,NA,-1,-1,-1,-1,-1,-2,-2,false,0,0,0,NA,-1,-1,-1,-1,-1,-2,-2
2,"Environment: 2, FiringMode: 2",8.77951,false,0,0,0,NA,false,0,0,0,NA,-1,-1,-1,-1,-1,-2,-2,false,0,0,0,NA,-1,-1,-1,-1,-1,-2,-2
2,"Environment: 2, FiringMode: 2",8.780849,false,0,0,0,NA,false,0,0,0,NA,-1,-1,-1,-1,-1,-2,-2,false,0,0,0,NA,-1,-1,-1,-1,-1,-2,-2
2,"Environment: 2, FiringMode: 2",8.782174,false,0,0,0,NA,false,0,0,0,NA,-1,-1,-1,-1,-1,-2,-2,false,0,0,0,NA,-1,-1,-1,-1,-1,-2,-2
2,"Environment: 2, FiringMode: 2",8.783531,false,0,0,0,NA,false,0,0,0,NA,-1,-1,-1,-1,-1,-2,-2,false,0,0,0,NA,-1,-1,-1,-1,-1,-2,-2
2,"Environment: 2, FiringMode: 2",8.784816,false,0,0,0,NA,false,0,0,0,NA,-1,-1,-1,-1,-1,-2,-2,false,0,0,0,NA,-1,-1,-1,-1,-1,-2,-2
2,"Environment: 2, FiringMode: 2",8.786093,false,0,0,0,NA,false,0,0,0,NA,-1,-1,-1,-1,-1,-2,-2,false,0,0,0,NA,-1,-1,-1,-1,-1,-2,-2
2,"Environment: 2, FiringMode: 2",8.787403,false,0,0,0,NA,false,0,0,0,NA,-1,-1,-1,-1,-1,-2,-2,false,0,0,0,NA,-1,-1,-1,-1,-1,-2,-2
2,"Environment: 2, FiringMode: 2",8.788695,false,0,0,0,NA,false,0,0,0,NA,-1,-1,-1,-1,-1,-2,-2,false,0,0,0,NA,-1,-1,-1,-1,-1,-2,-2
2,"Environment: 2, FiringMode: 2",8.78999,false,0,0,0,NA,false,0,0,0,NA,-1,-1,-1,-1,-1,-2,-2,false,0,0,0,NA,-1,-1,-1,-1,-1,-2,-2
2,"Environment: 2, FiringMode: 2",8.791356,false,0,0,0,NA,false,0,0,0,NA,-1,-1,-1,-1,-1,-2,-2,false,0,0,0,NA,-1,-1,-1,-1,-1,-2,-2
2,"Environment: 2, FiringMode: 2",8.792682,false,0,0,0,NA,false,0,0,0,NA,-1,-1,-1,-1,-1,-2,-2,false,0,0,0,NA,-1,-1,-1,-1,-1,-2,-2
2,"Environment: 2, FiringMode: 2",8.794063,false,0,0,0,NA,false,0,0,0,NA,-1,-1,-1,-1,-1,-2,-2,false,0,0,0,NA,-1,-1,-1,-1,-1,-2,-2
2,"Environment: 2, FiringMode: 2",8.795413,false,0,0,0,NA,false,0,0,0,NA,-1,-1,-1,-1,-1,-2,-2,false,0,0,0,NA,-1,-1,-1,-1,-1,-2,-2
2,"Environment: 2, FiringMode: 2",8.796701,false,0,0,0,NA,false,0,0,0,NA,-1,-1,-1,-1,-1,-2,-2,false,0,0,0,NA,-1,-1,-1,-1,-1,-2,-2
2,"Environment: 2, FiringMode: 2",8.797989,false,0,0,0,NA,false,0,0,0,NA,-1,-1,-1,-1,-1,-2,-2,false,0,0,0,NA,-1,-1,-1,-1,-1,-2,-2
2,"Environment: 2, FiringMode: 2",8.799487,false,0,0,0,NA,false,0,0,0,NA,-1,-1,-1,-1,-1,-2,-2,false,0,0,0,NA,-1,-1,-1,-1,-1,-2,-2
2,"Environment: 2, FiringMode: 2",8.800972,false,0,0,0,NA,false,0,0,0,NA,-1,-1,-1,-1,-1,-2,-2,false,0,0,0,NA,-1,-1,-1,-1,-1,-2,-2
2,"Environment: 2, FiringMode: 2",8.802263,false,0,0,0,NA,false,0,0,0,NA,-1,-1,-1,-1,-1,-2,-2,false,0,0,0,NA,-1,-1,-1,-1,-1,-2,-2
2,"Environment: 2, FiringMode: 2",8.803532,false,0,0,0,NA,false,0,0,0,NA,-1,-1,-1,-1,-1,-2,-2,false,0,0,0,NA,-1,-1,-1,-1,-1,-2,-2
2,"Environment: 2, FiringMode: 2",8.804816,false,0,0,0,NA,false,0,0,0,NA,-1,-1,-1,-1,-1,-2,-2,false,0,0,0,NA,-1,-1,-1,-1,-1,-2,-2
2,"Environment: 2, FiringMode: 2",8.806172,false,0,0,0,NA,false,0,0,0,NA,-1,-1,-1,-1,-1,-2,-2,false,0,0,0,NA,-1,-1,-1,-1,-1,-2,-2
2,"Environment: 2, FiringMode: 2",8.80763,false,0,0,0,NA,false,0,0,0,NA,-1,-1,-1,-1,-1,-2,-2,false,0,0,0,NA,-1,-1,-1,-1,-1,-2,-2
2,"Environment: 2, FiringMode: 2",8.808973,false,0,0,0,NA,false,0,0,0,NA,-1,-1,-1,-1,-1,-2,-2,false,0,0,0,NA,-1,-1,-1,-1,-1,-2,-2
2,"Environment: 2, FiringMode: 2",8.810295,false,0,0,0,NA,false,0,0,0,NA,-1,-1,-1,-1,-1,-2,-2,false,0,0,0,NA,-1,-1,-1,-1,-1,-2,-2
2,"Environment: 2, FiringMode: 2",8.811563,false,0,0,0,NA,false,0,0,0,NA,-1,-1,-1,-1,-1,-2,-2,false,0,0,0,NA,-1,-1,-1,-1,-1,-2,-2
2,"Environment: 2, FiringMode: 2",8.812899,false,0,0,0,NA,false,0,0,0,NA,-1,-1,-1,-1,-1,-2,-2,false,0,0,0,NA,-1,-1,-1,-1,-1,-2,-2
2,"Environment: 2, FiringMode: 2",8.814221,false,0,0,0,NA,false,0,0,0,NA,-1,-1,-1,-1,-1,-2,-2,false,0,0,0,NA,-1,-1,-1,-1,-1,-2,-2
2,"Environment: 2, FiringMode: 2",8.815555,false,0,0,0,NA,false,0,0,0,NA,-1,-1,-1,-1,-1,-2,-2,false,0,0,0,NA,-1,-1,-1,-1,-1,-2,-2
2,"Environment: 2, FiringMode: 2",8.816811,false,0,0,0,NA,false,0,0,0,NA,-1,-1,-1,-1,-1,-2,-2,false,0,0,0,NA,-1,-1,-1,-1,-1,-2,-2
2,"Environment: 2, FiringMode: 2",8.818151,false,0,0,0,NA,false,0,0,0,NA,-1,-1,-1,-1,-1,-2,-2,false,0,0,0,NA,-1,-1,-1,-1,-1,-2,-2
2,"Environment: 2, FiringMode: 2",8.819599,false,0,0,0,NA,false,0,0,0,NA,-1,-1,-1,-1,-1,-2,-2,false,0,0,0,NA,-1,-1,-1,-1,-1,-2,-2
2,"Environment: 2, FiringMode: 2",8.821063,false,0,0,0,NA,false,0,0,0,NA,-1,-1,-1,-1,-1,-2,-2,false,0,0,0,NA,-1,-1,-1,-1,-1,-2,-2
2,"Environment: 2, FiringMode: 2",8.822449,false,0,0,0,NA,false,0,0,0,NA,-1,-1,-1,-1,-1,-2,-2,false,0,0,0,NA,-1,-1,-1,-1,-1,-2,-2
2,"Environment: 2, FiringMode: 2",8.823792,false,0,0,0,NA,false,0,0,0,NA,-1,-1,-1,-1,-1,-2,-2,false,0,0,0,NA,-1,-1,-1,-1,-1,-2,-2
2,"Environment: 2, FiringMode: 2",8.825327,false,0,0,0,NA,false,0,0,0,NA,-1,-1,-1,-1,-1,-2,-2,false,0,0,0,NA,-1,-1,-1,-1,-1,-2,-2
2,"Environment: 2, FiringMode: 2",8.826692,false,0,0,0,NA,false,0,0,0,NA,-1,-1,-1,-1,-1,-2,-2,false,0,0,0,NA,-1,-1,-1,-1,-1,-2,-2
2,"Environment: 2, FiringMode: 2",8.827997,false,0,0,0,NA,false,0,0,0,NA,-1,-1,-1,-1,-1,-2,-2,false,0,0,0,NA,-1,-1,-1,-1,-1,-2,-2
2,"Environment: 2, FiringMode: 2",8.829329,false,0,0,0,NA,false,0,0,0,NA,-1,-1,-1,-1,-1,-2,-2,false,0,0,0,NA,-1,-1,-1,-1,-1,-2,-2
2,"Environment: 2, FiringMode: 2",8.830622,false,0,0,0,NA,false,0,0,0,NA,-1,-1,-1,-1,-1,-2,-2,false,0,0,0,NA,-1,-1,-1,-1,-1,-2,-2
2,"Environment: 2, FiringMode: 2",8.831969,false,0,0,0,NA,false,0,0,0,NA,-1,-1,-1,-1,-1,-2,-2,false,0,0,0,NA,-1,-1,-1,-1,-1,-2,-2
2,"Environment: 2, FiringMode: 2",8.833282,false,0,0,0,NA,false,0,0,0,NA,-1,-1,-1,-1,-1,-2,-2,false,0,0,0,NA,-1,-1,-1,-1,-1,-2,-2
2,"Environment: 2, FiringMode: 2",8.834682,false,0,0,0,NA,false,0,0,0,NA,-1,-1,-1,-1,-1,-2,-2,false,0,0,0,NA,-1,-1,-1,-1,-1,-2,-2
2,"Environment: 2, FiringMode: 2",8.835996,false,0,0,0,NA,false,0,0,0,NA,-1,-1,-1,-1,-1,-2,-2,false,0,0,0,NA,-1,-1,-1,-1,-1,-2,-2
2,"Environment: 2, FiringMode: 2",8.837321,false,0,0,0,NA,false,0,0,0,NA,-1,-1,-1,-1,-1,-2,-2,false,0,0,0,NA,-1,-1,-1,-1,-1,-2,-2
2,"Environment: 2, FiringMode: 2",8.838651,false,0,0,0,NA,false,0,0,0,NA,-1,-1,-1,-1,-1,-2,-2,false,0,0,0,NA,-1,-1,-1,-1,-1,-2,-2
2,"Environment: 2, FiringMode: 2",8.840122,false,0,0,0,NA,false,0,0,0,NA,-1,-1,-1,-1,-1,-2,-2,false,0,0,0,NA,-1,-1,-1,-1,-1,-2,-2
2,"Environment: 2, FiringMode: 2",8.841459,false,0,0,0,NA,false,0,0,0,NA,-1,-1,-1,-1,-1,-2,-2,false,0,0,0,NA,-1,-1,-1,-1,-1,-2,-2
2,"Environment: 2, FiringMode: 2",8.842772,false,0,0,0,NA,false,0,0,0,NA,-1,-1,-1,-1,-1,-2,-2,false,0,0,0,NA,-1,-1,-1,-1,-1,-2,-2
2,"Environment: 2, FiringMode: 2",8.844016,false,0,0,0,NA,false,0,0,0,NA,-1,-1,-1,-1,-1,-2,-2,false,0,0,0,NA,-1,-1,-1,-1,-1,-2,-2
2,"Environment: 2, FiringMode: 2",8.845346,false,0,0,0,NA,false,0,0,0,NA,-1,-1,-1,-1,-1,-2,-2,false,0,0,0,NA,-1,-1,-1,-1,-1,-2,-2
2,"Environment: 2, FiringMode: 2",8.846715,false,0,0,0,NA,false,0,0,0,NA,-1,-1,-1,-1,-1,-2,-2,false,0,0,0,NA,-1,-1,-1,-1,-1,-2,-2
2,"Environment: 2, FiringMode: 2",8.84808,false,0,0,0,NA,false,0,0,0,NA,-1,-1,-1,-1,-1,-2,-2,false,0,0,0,NA,-1,-1,-1,-1,-1,-2,-2
2,"Environment: 2, FiringMode: 2",8.84946,false,0,0,0,NA,false,0,0,0,NA,-1,-1,-1,-1,-1,-2,-2,false,0,0,0,NA,-1,-1,-1,-1,-1,-2,-2
2,"Environment: 2, FiringMode: 2",8.850773,false,0,0,0,NA,false,0,0,0,NA,-1,-1,-1,-1,-1,-2,-2,false,0,0,0,NA,-1,-1,-1,-1,-1,-2,-2
2,"Environment: 2, FiringMode: 2",8.852207,false,0,0,0,NA,false,0,0,0,NA,-1,-1,-1,-1,-1,-2,-2,false,0,0,0,NA,-1,-1,-1,-1,-1,-2,-2
2,"Environment: 2, FiringMode: 2",8.853536,false,0,0,0,NA,false,0,0,0,NA,-1,-1,-1,-1,-1,-2,-2,false,0,0,0,NA,-1,-1,-1,-1,-1,-2,-2
2,"Environment: 2, FiringMode: 2",8.854985,false,0,0,0,NA,false,0,0,0,NA,-1,-1,-1,-1,-1,-2,-2,false,0,0,0,NA,-1,-1,-1,-1,-1,-2,-2
2,"Environment: 2, FiringMode: 2",8.856304,false,0,0,0,NA,false,0,0,0,NA,-1,-1,-1,-1,-1,-2,-2,false,0,0,0,NA,-1,-1,-1,-1,-1,-2,-2
2,"Environment: 2, FiringMode: 2",8.857678,false,0,0,0,NA,false,0,0,0,NA,-1,-1,-1,-1,-1,-2,-2,false,0,0,0,NA,-1,-1,-1,-1,-1,-2,-2
2,"Environment: 2, FiringMode: 2",8.859077,false,0,0,0,NA,false,0,0,0,NA,-1,-1,-1,-1,-1,-2,-2,false,0,0,0,NA,-1,-1,-1,-1,-1,-2,-2
2,"Environment: 2, FiringMode: 2",8.860379,false,0,0,0,NA,false,0,0,0,NA,-1,-1,-1,-1,-1,-2,-2,false,0,0,0,NA,-1,-1,-1,-1,-1,-2,-2
2,"Environment: 2, FiringMode: 2",8.86229,false,0,0,0,NA,false,0,0,0,NA,-1,-1,-1,-1,-1,-2,-2,false,0,0,0,NA,-1,-1,-1,-1,-1,-2,-2
2,"Environment: 2, FiringMode: 2",8.863574,false,0,0,0,NA,false,0,0,0,NA,-1,-1,-1,-1,-1,-2,-2,false,0,0,0,NA,-1,-1,-1,-1,-1,-2,-2
2,"Environment: 2, FiringMode: 2",8.864887,false,0,0,0,NA,false,0,0,0,NA,-1,-1,-1,-1,-1,-2,-2,false,0,0,0,NA,-1,-1,-1,-1,-1,-2,-2
2,"Environment: 2, FiringMode: 2",8.866137,false,0,0,0,NA,false,0,0,0,NA,-1,-1,-1,-1,-1,-2,-2,false,0,0,0,NA,-1,-1,-1,-1,-1,-2,-2
2,"Environment: 2, FiringMode: 2",8.867445,false,0,0,0,NA,false,0,0,0,NA,-1,-1,-1,-1,-1,-2,-2,false,0,0,0,NA,-1,-1,-1,-1,-1,-2,-2
2,"Environment: 2, FiringMode: 2",8.868724,false,0,0,0,NA,false,0,0,0,NA,-1,-1,-1,-1,-1,-2,-2,false,0,0,0,NA,-1,-1,-1,-1,-1,-2,-2
2,"Environment: 2, FiringMode: 2",8.869995,false,0,0,0,NA,false,0,0,0,NA,-1,-1,-1,-1,-1,-2,-2,false,0,0,0,NA,-1,-1,-1,-1,-1,-2,-2
2,"Environment: 2, FiringMode: 2",8.871245,false,0,0,0,NA,false,0,0,0,NA,-1,-1,-1,-1,-1,-2,-2,false,0,0,0,NA,-1,-1,-1,-1,-1,-2,-2
2,"Environment: 2, FiringMode: 2",8.872516,false,0,0,0,NA,false,0,0,0,NA,-1,-1,-1,-1,-1,-2,-2,false,0,0,0,NA,-1,-1,-1,-1,-1,-2,-2
2,"Environment: 2, FiringMode: 2",8.873836,false,0,0,0,NA,false,0,0,0,NA,-1,-1,-1,-1,-1,-2,-2,false,0,0,0,NA,-1,-1,-1,-1,-1,-2,-2
2,"Environment: 2, FiringMode: 2",8.875182,false,0,0,0,NA,false,0,0,0,NA,-1,-1,-1,-1,-1,-2,-2,false,0,0,0,NA,-1,-1,-1,-1,-1,-2,-2
2,"Environment: 2, FiringMode: 2",8.876514,false,0,0,0,NA,false,0,0,0,NA,-1,-1,-1,-1,-1,-2,-2,false,0,0,0,NA,-1,-1,-1,-1,-1,-2,-2
2,"Environment: 2, FiringMode: 2",8.877803,false,0,0,0,NA,false,0,0,0,NA,-1,-1,-1,-1,-1,-2,-2,false,0,0,0,NA,-1,-1,-1,-1,-1,-2,-2
2,"Environment: 2, FiringMode: 2",8.879144,false,0,0,0,NA,false,0,0,0,NA,-1,-1,-1,-1,-1,-2,-2,false,0,0,0,NA,-1,-1,-1,-1,-1,-2,-2
2,"Environment: 2, FiringMode: 2",8.880452,false,0,0,0,NA,false,0,0,0,NA,-1,-1,-1,-1,-1,-2,-2,false,0,0,0,NA,-1,-1,-1,-1,-1,-2,-2
2,"Environment: 2, FiringMode: 2",8.881731,false,0,0,0,NA,false,0,0,0,NA,-1,-1,-1,-1,-1,-2,-2,false,0,0,0,NA,-1,-1,-1,-1,-1,-2,-2
2,"Environment: 2, FiringMode: 2",8.883049,false,0,0,0,NA,false,0,0,0,NA,-1,-1,-1,-1,-1,-2,-2,false,0,0,0,NA,-1,-1,-1,-1,-1,-2,-2
2,"Environment: 2, FiringMode: 2",8.884309,false,0,0,0,NA,false,0,0,0,NA,-1,-1,-1,-1,-1,-2,-2,false,0,0,0,NA,-1,-1,-1,-1,-1,-2,-2
2,"Environment: 2, FiringMode: 2",8.885574,false,0,0,0,NA,false,0,0,0,NA,-1,-1,-1,-1,-1,-2,-2,false,0,0,0,NA,-1,-1,-1,-1,-1,-2,-2
2,"Environment: 2, FiringMode: 2",8.886841,false,0,0,0,NA,false,0,0,0,NA,-1,-1,-1,-1,-1,-2,-2,false,0,0,0,NA,-1,-1,-1,-1,-1,-2,-2
2,"Environment: 2, FiringMode: 2",8.888179,false,0,0,0,NA,false,0,0,0,NA,-1,-1,-1,-1,-1,-2,-2,false,0,0,0,NA,-1,-1,-1,-1,-1,-2,-2
2,"Environment: 2, FiringMode: 2",8.889568,false,0,0,0,NA,false,0,0,0,NA,-1,-1,-1,-1,-1,-2,-2,false,0,0,0,NA,-1,-1,-1,-1,-1,-2,-2
2,"Environment: 2, FiringMode: 2",8.890906,false,0,0,0,NA,false,0,0,0,NA,-1,-1,-1,-1,-1,-2,-2,false,0,0,0,NA,-1,-1,-1,-1,-1,-2,-2
2,"Environment: 2, FiringMode: 2",8.892159,false,0,0,0,NA,false,0,0,0,NA,-1,-1,-1,-1,-1,-2,-2,false,0,0,0,NA,-1,-1,-1,-1,-1,-2,-2
2,"Environment: 2, FiringMode: 2",8.893417,false,0,0,0,NA,false,0,0,0,NA,-1,-1,-1,-1,-1,-2,-2,false,0,0,0,NA,-1,-1,-1,-1,-1,-2,-2
2,"Environment: 2, FiringMode: 2",8.894649,false,0,0,0,NA,false,0,0,0,NA,-1,-1,-1,-1,-1,-2,-2,false,0,0,0,NA,-1,-1,-1,-1,-1,-2,-2
2,"Environment: 2, FiringMode: 2",8.895937,false,0,0,0,NA,false,0,0,0,NA,-1,-1,-1,-1,-1,-2,-2,false,0,0,0,NA,-1,-1,-1,-1,-1,-2,-2
2,"Environment: 2, FiringMode: 2",8.897216,false,0,0,0,NA,false,0,0,0,NA,-1,-1,-1,-1,-1,-2,-2,false,0,0,0,NA,-1,-1,-1,-1,-1,-2,-2
2,"Environment: 2, FiringMode: 2",8.898567,false,0,0,0,NA,false,0,0,0,NA,-1,-1,-1,-1,-1,-2,-2,false,0,0,0,NA,-1,-1,-1,-1,-1,-2,-2
2,"Environment: 2, FiringMode: 2",8.899972,false,0,0,0,NA,false,0,0,0,NA,-1,-1,-1,-1,-1,-2,-2,false,0,0,0,NA,-1,-1,-1,-1,-1,-2,-2
2,"Environment: 2, FiringMode: 2",8.901328,false,0,0,0,NA,false,0,0,0,NA,-1,-1,-1,-1,-1,-2,-2,false,0,0,0,NA,-1,-1,-1,-1,-1,-2,-2
2,"Environment: 2, FiringMode: 2",8.902651,false,0,0,0,NA,false,0,0,0,NA,-1,-1,-1,-1,-1,-2,-2,false,0,0,0,NA,-1,-1,-1,-1,-1,-2,-2
2,"Environment: 2, FiringMode: 2",8.903987,false,0,0,0,NA,false,0,0,0,NA,-1,-1,-1,-1,-1,-2,-2,false,0,0,0,NA,-1,-1,-1,-1,-1,-2,-2
2,"Environment: 2, FiringMode: 2",8.905302,false,0,0,0,NA,false,0,0,0,NA,-1,-1,-1,-1,-1,-2,-2,false,0,0,0,NA,-1,-1,-1,-1,-1,-2,-2
2,"Environment: 2, FiringMode: 2",8.906588,false,0,0,0,NA,false,0,0,0,NA,-1,-1,-1,-1,-1,-2,-2,false,0,0,0,NA,-1,-1,-1,-1,-1,-2,-2
2,"Environment: 2, FiringMode: 2",8.907875,false,0,0,0,NA,false,0,0,0,NA,-1,-1,-1,-1,-1,-2,-2,false,0,0,0,NA,-1,-1,-1,-1,-1,-2,-2
2,"Environment: 2, FiringMode: 2",8.909092,false,0,0,0,NA,false,0,0,0,NA,-1,-1,-1,-1,-1,-2,-2,false,0,0,0,NA,-1,-1,-1,-1,-1,-2,-2
2,"Environment: 2, FiringMode: 2",8.91063,false,0,0,0,NA,false,0,0,0,NA,-1,-1,-1,-1,-1,-2,-2,false,0,0,0,NA,-1,-1,-1,-1,-1,-2,-2
2,"Environment: 2, FiringMode: 2",8.912012,false,0,0,0,NA,false,0,0,0,NA,-1,-1,-1,-1,-1,-2,-2,false,0,0,0,NA,-1,-1,-1,-1,-1,-2,-2
2,"Environment: 2, FiringMode: 2",8.913325,false,0,0,0,NA,false,0,0,0,NA,-1,-1,-1,-1,-1,-2,-2,false,0,0,0,NA,-1,-1,-1,-1,-1,-2,-2
2,"Environment: 2, FiringMode: 2",8.914651,false,0,0,0,NA,false,0,0,0,NA,-1,-1,-1,-1,-1,-2,-2,false,0,0,0,NA,-1,-1,-1,-1,-1,-2,-2
2,"Environment: 2, FiringMode: 2",8.916027,false,0,0,0,NA,false,0,0,0,NA,-1,-1,-1,-1,-1,-2,-2,false,0,0,0,NA,-1,-1,-1,-1,-1,-2,-2
2,"Environment: 2, FiringMode: 2",8.917437,false,0,0,0,NA,false,0,0,0,NA,-1,-1,-1,-1,-1,-2,-2,false,0,0,0,NA,-1,-1,-1,-1,-1,-2,-2
2,"Environment: 2, FiringMode: 2",8.919044,false,0,0,0,NA,false,0,0,0,NA,-1,-1,-1,-1,-1,-2,-2,false,0,0,0,NA,-1,-1,-1,-1,-1,-2,-2
2,"Environment: 2, FiringMode: 2",8.920372,false,0,0,0,NA,false,0,0,0,NA,-1,-1,-1,-1,-1,-2,-2,false,0,0,0,NA,-1,-1,-1,-1,-1,-2,-2
2,"Environment: 2, FiringMode: 2",8.921659,false,0,0,0,NA,false,0,0,0,NA,-1,-1,-1,-1,-1,-2,-2,false,0,0,0,NA,-1,-1,-1,-1,-1,-2,-2
2,"Environment: 2, FiringMode: 2",8.922999,false,0,0,0,NA,false,0,0,0,NA,-1,-1,-1,-1,-1,-2,-2,false,0,0,0,NA,-1,-1,-1,-1,-1,-2,-2
2,"Environment: 2, FiringMode: 2",8.924284,false,0,0,0,NA,false,0,0,0,NA,-1,-1,-1,-1,-1,-2,-2,false,0,0,0,NA,-1,-1,-1,-1,-1,-2,-2
2,"Environment: 2, FiringMode: 2",8.925569,false,0,0,0,NA,false,0,0,0,NA,-1,-1,-1,-1,-1,-2,-2,false,0,0,0,NA,-1,-1,-1,-1,-1,-2,-2
2,"Environment: 2, FiringMode: 2",8.926798,false,0,0,0,NA,false,0,0,0,NA,-1,-1,-1,-1,-1,-2,-2,false,0,0,0,NA,-1,-1,-1,-1,-1,-2,-2
2,"Environment: 2, FiringMode: 2",8.928026,false,0,0,0,NA,false,0,0,0,NA,-1,-1,-1,-1,-1,-2,-2,false,0,0,0,NA,-1,-1,-1,-1,-1,-2,-2
2,"Environment: 2, FiringMode: 2",8.929299,false,0,0,0,NA,false,0,0,0,NA,-1,-1,-1,-1,-1,-2,-2,false,0,0,0,NA,-1,-1,-1,-1,-1,-2,-2
2,"Environment: 2, FiringMode: 2",8.930628,false,0,0,0,NA,false,0,0,0,NA,-1,-1,-1,-1,-1,-2,-2,false,0,0,0,NA,-1,-1,-1,-1,-1,-2,-2
2,"Environment: 2, FiringMode: 2",8.931974,false,0,0,0,NA,false,0,0,0,NA,-1,-1,-1,-1,-1,-2,-2,false,0,0,0,NA,-1,-1,-1,-1,-1,-2,-2
2,"Environment: 2, FiringMode: 2",8.933326,false,0,0,0,NA,false,0,0,0,NA,-1,-1,-1,-1,-1,-2,-2,false,0,0,0,NA,-1,-1,-1,-1,-1,-2,-2
2,"Environment: 2, FiringMode: 2",8.934624,false,0,0,0,NA,false,0,0,0,NA,-1,-1,-1,-1,-1,-2,-2,false,0,0,0,NA,-1,-1,-1,-1,-1,-2,-2
2,"Environment: 2, FiringMode: 2",8.935894,false,0,0,0,NA,false,0,0,0,NA,-1,-1,-1,-1,-1,-2,-2,false,0,0,0,NA,-1,-1,-1,-1,-1,-2,-2
2,"Environment: 2, FiringMode: 2",8.937163,false,0,0,0,NA,false,0,0,0,NA,-1,-1,-1,-1,-1,-2,-2,false,0,0,0,NA,-1,-1,-1,-1,-1,-2,-2
2,"Environment: 2, FiringMode: 2",8.938372,false,0,0,0,NA,false,0,0,0,NA,-1,-1,-1,-1,-1,-2,-2,false,0,0,0,NA,-1,-1,-1,-1,-1,-2,-2
2,"Environment: 2, FiringMode: 2",8.939775,false,0,0,0,NA,false,0,0,0,NA,-1,-1,-1,-1,-1,-2,-2,false,0,0,0,NA,-1,-1,-1,-1,-1,-2,-2
2,"Environment: 2, FiringMode: 2",8.941041,false,0,0,0,NA,false,0,0,0,NA,-1,-1,-1,-1,-1,-2,-2,false,0,0,0,NA,-1,-1,-1,-1,-1,-2,-2
2,"Environment: 2, FiringMode: 2",8.942342,false,0,0,0,NA,false,0,0,0,NA,-1,-1,-1,-1,-1,-2,-2,false,0,0,0,NA,-1,-1,-1,-1,-1,-2,-2
2,"Environment: 2, FiringMode: 2",8.943668,false,0,0,0,NA,false,0,0,0,NA,-1,-1,-1,-1,-1,-2,-2,false,0,0,0,NA,-1,-1,-1,-1,-1,-2,-2
2,"Environment: 2, FiringMode: 2",8.944992,false,0,0,0,NA,false,0,0,0,NA,-1,-1,-1,-1,-1,-2,-2,false,0,0,0,NA,-1,-1,-1,-1,-1,-2,-2
2,"Environment: 2, FiringMode: 2",8.94647,false,0,0,0,NA,false,0,0,0,NA,-1,-1,-1,-1,-1,-2,-2,false,0,0,0,NA,-1,-1,-1,-1,-1,-2,-2
2,"Environment: 2, FiringMode: 2",8.948215,false,0,0,0,NA,false,0,0,0,NA,-1,-1,-1,-1,-1,-2,-2,false,0,0,0,NA,-1,-1,-1,-1,-1,-2,-2
2,"Environment: 2, FiringMode: 2",8.949626,false,0,0,0,NA,false,0,0,0,NA,-1,-1,-1,-1,-1,-2,-2,false,0,0,0,NA,-1,-1,-1,-1,-1,-2,-2
2,"Environment: 2, FiringMode: 2",8.950898,false,0,0,0,NA,false,0,0,0,NA,-1,-1,-1,-1,-1,-2,-2,false,0,0,0,NA,-1,-1,-1,-1,-1,-2,-2
2,"Environment: 2, FiringMode: 2",8.952172,false,0,0,0,NA,false,0,0,0,NA,-1,-1,-1,-1,-1,-2,-2,false,0,0,0,NA,-1,-1,-1,-1,-1,-2,-2
2,"Environment: 2, FiringMode: 2",8.953454,false,0,0,0,NA,false,0,0,0,NA,-1,-1,-1,-1,-1,-2,-2,false,0,0,0,NA,-1,-1,-1,-1,-1,-2,-2
2,"Environment: 2, FiringMode: 2",8.9547,false,0,0,0,NA,false,0,0,0,NA,-1,-1,-1,-1,-1,-2,-2,false,0,0,0,NA,-1,-1,-1,-1,-1,-2,-2
2,"Environment: 2, FiringMode: 2",8.955982,false,0,0,0,NA,false,0,0,0,NA,-1,-1,-1,-1,-1,-2,-2,false,0,0,0,NA,-1,-1,-1,-1,-1,-2,-2
2,"Environment: 2, FiringMode: 2",8.957401,false,0,0,0,NA,false,0,0,0,NA,-1,-1,-1,-1,-1,-2,-2,false,0,0,0,NA,-1,-1,-1,-1,-1,-2,-2
2,"Environment: 2, FiringMode: 2",8.958755,false,0,0,0,NA,false,0,0,0,NA,-1,-1,-1,-1,-1,-2,-2,false,0,0,0,NA,-1,-1,-1,-1,-1,-2,-2
2,"Environment: 2, FiringMode: 2",8.960167,false,0,0,0,NA,false,0,0,0,NA,-1,-1,-1,-1,-1,-2,-2,false,0,0,0,NA,-1,-1,-1,-1,-1,-2,-2
2,"Environment: 2, FiringMode: 2",8.961462,false,0,0,0,NA,false,0,0,0,NA,-1,-1,-1,-1,-1,-2,-2,false,0,0,0,NA,-1,-1,-1,-1,-1,-2,-2
2,"Environment: 2, FiringMode: 2",8.96274,false,0,0,0,NA,false,0,0,0,NA,-1,-1,-1,-1,-1,-2,-2,false,0,0,0,NA,-1,-1,-1,-1,-1,-2,-2
2,"Environment: 2, FiringMode: 2",8.96408,false,0,0,0,NA,false,0,0,0,NA,-1,-1,-1,-1,-1,-2,-2,false,0,0,0,NA,-1,-1,-1,-1,-1,-2,-2
2,"Environment: 2, FiringMode: 2",8.965438,false,0,0,0,NA,false,0,0,0,NA,-1,-1,-1,-1,-1,-2,-2,false,0,0,0,NA,-1,-1,-1,-1,-1,-2,-2
2,"Environment: 2, FiringMode: 2",8.96671,false,0,0,0,NA,false,0,0,0,NA,-1,-1,-1,-1,-1,-2,-2,false,0,0,0,NA,-1,-1,-1,-1,-1,-2,-2
2,"Environment: 2, FiringMode: 2",8.968164,false,0,0,0,NA,false,0,0,0,NA,-1,-1,-1,-1,-1,-2,-2,false,0,0,0,NA,-1,-1,-1,-1,-1,-2,-2
2,"Environment: 2, FiringMode: 2",8.969441,false,0,0,0,NA,false,0,0,0,NA,-1,-1,-1,-1,-1,-2,-2,false,0,0,0,NA,-1,-1,-1,-1,-1,-2,-2
2,"Environment: 2, FiringMode: 2",8.970675,false,0,0,0,NA,false,0,0,0,NA,-1,-1,-1,-1,-1,-2,-2,false,0,0,0,NA,-1,-1,-1,-1,-1,-2,-2
2,"Environment: 2, FiringMode: 2",8.972089,false,0,0,0,NA,false,0,0,0,NA,-1,-1,-1,-1,-1,-2,-2,false,0,0,0,NA,-1,-1,-1,-1,-1,-2,-2
2,"Environment: 2, FiringMode: 2",8.973339,false,0,0,0,NA,false,0,0,0,NA,-1,-1,-1,-1,-1,-2,-2,false,0,0,0,NA,-1,-1,-1,-1,-1,-2,-2
2,"Environment: 2, FiringMode: 2",8.974653,false,0,0,0,NA,false,0,0,0,NA,-1,-1,-1,-1,-1,-2,-2,false,0,0,0,NA,-1,-1,-1,-1,-1,-2,-2
2,"Environment: 2, FiringMode: 2",8.975968,false,0,0,0,NA,false,0,0,0,NA,-1,-1,-1,-1,-1,-2,-2,false,0,0,0,NA,-1,-1,-1,-1,-1,-2,-2
2,"Environment: 2, FiringMode: 2",8.977238,false,0,0,0,NA,false,0,0,0,NA,-1,-1,-1,-1,-1,-2,-2,false,0,0,0,NA,-1,-1,-1,-1,-1,-2,-2
2,"Environment: 2, FiringMode: 2",8.978538,false,0,0,0,NA,false,0,0,0,NA,-1,-1,-1,-1,-1,-2,-2,false,0,0,0,NA,-1,-1,-1,-1,-1,-2,-2
2,"Environment: 2, FiringMode: 2",8.979856,false,0,0,0,NA,false,0,0,0,NA,-1,-1,-1,-1,-1,-2,-2,false,0,0,0,NA,-1,-1,-1,-1,-1,-2,-2
2,"Environment: 2, FiringMode: 2",8.981152,false,0,0,0,NA,false,0,0,0,NA,-1,-1,-1,-1,-1,-2,-2,false,0,0,0,NA,-1,-1,-1,-1,-1,-2,-2
2,"Environment: 2, FiringMode: 2",8.982452,false,0,0,0,NA,false,0,0,0,NA,-1,-1,-1,-1,-1,-2,-2,false,0,0,0,NA,-1,-1,-1,-1,-1,-2,-2
2,"Environment: 2, FiringMode: 2",8.983693,false,0,0,0,NA,false,0,0,0,NA,-1,-1,-1,-1,-1,-2,-2,false,0,0,0,NA,-1,-1,-1,-1,-1,-2,-2
2,"Environment: 2, FiringMode: 2",8.984928,false,0,0,0,NA,false,0,0,0,NA,-1,-1,-1,-1,-1,-2,-2,false,0,0,0,NA,-1,-1,-1,-1,-1,-2,-2
2,"Environment: 2, FiringMode: 2",8.986286,false,0,0,0,NA,false,0,0,0,NA,-1,-1,-1,-1,-1,-2,-2,false,0,0,0,NA,-1,-1,-1,-1,-1,-2,-2
2,"Environment: 2, FiringMode: 2",8.987574,false,0,0,0,NA,false,0,0,0,NA,-1,-1,-1,-1,-1,-2,-2,false,0,0,0,NA,-1,-1,-1,-1,-1,-2,-2
2,"Environment: 2, FiringMode: 2",8.988917,false,0,0,0,NA,false,0,0,0,NA,-1,-1,-1,-1,-1,-2,-2,false,0,0,0,NA,-1,-1,-1,-1,-1,-2,-2
2,"Environment: 2, FiringMode: 2",8.990233,false,0,0,0,NA,false,0,0,0,NA,-1,-1,-1,-1,-1,-2,-2,false,0,0,0,NA,-1,-1,-1,-1,-1,-2,-2
2,"Environment: 2, FiringMode: 2",8.991535,false,0,0,0,NA,false,0,0,0,NA,-1,-1,-1,-1,-1,-2,-2,false,0,0,0,NA,-1,-1,-1,-1,-1,-2,-2
2,"Environment: 2, FiringMode: 2",8.992873,false,0,0,0,NA,false,0,0,0,NA,-1,-1,-1,-1,-1,-2,-2,false,0,0,0,NA,-1,-1,-1,-1,-1,-2,-2
2,"Environment: 2, FiringMode: 2",8.994686,false,0,0,0,NA,false,0,0,0,NA,-1,-1,-1,-1,-1,-2,-2,false,0,0,0,NA,-1,-1,-1,-1,-1,-2,-2
2,"Environment: 2, FiringMode: 2",8.996072,false,0,0,0,NA,false,0,0,0,NA,-1,-1,-1,-1,-1,-2,-2,false,0,0,0,NA,-1,-1,-1,-1,-1,-2,-2
2,"Environment: 2, FiringMode: 2",8.997416,false,0,0,0,NA,false,0,0,0,NA,-1,-1,-1,-1,-1,-2,-2,false,0,0,0,NA,-1,-1,-1,-1,-1,-2,-2
2,"Environment: 2, FiringMode: 2",8.998673,false,0,0,0,NA,false,0,0,0,NA,-1,-1,-1,-1,-1,-2,-2,false,0,0,0,NA,-1,-1,-1,-1,-1,-2,-2
2,"Environment: 2, FiringMode: 2",9.000181,false,0,0,0,NA,false,0,0,0,NA,-1,-1,-1,-1,-1,-2,-2,false,0,0,0,NA,-1,-1,-1,-1,-1,-2,-2
2,"Environment: 2, FiringMode: 2",9.001748,false,0,0,0,NA,false,0,0,0,NA,-1,-1,-1,-1,-1,-2,-2,false,0,0,0,NA,-1,-1,-1,-1,-1,-2,-2
2,"Environment: 2, FiringMode: 2",9.003064,false,0,0,0,NA,false,0,0,0,NA,-1,-1,-1,-1,-1,-2,-2,false,0,0,0,NA,-1,-1,-1,-1,-1,-2,-2
2,"Environment: 2, FiringMode: 2",9.00443,false,0,0,0,NA,false,0,0,0,NA,-1,-1,-1,-1,-1,-2,-2,false,0,0,0,NA,-1,-1,-1,-1,-1,-2,-2
2,"Environment: 2, FiringMode: 2",9.005725,false,0,0,0,NA,false,0,0,0,NA,-1,-1,-1,-1,-1,-2,-2,false,0,0,0,NA,-1,-1,-1,-1,-1,-2,-2
2,"Environment: 2, FiringMode: 2",9.007014,false,0,0,0,NA,false,0,0,0,NA,-1,-1,-1,-1,-1,-2,-2,false,0,0,0,NA,-1,-1,-1,-1,-1,-2,-2
2,"Environment: 2, FiringMode: 2",9.008338,false,0,0,0,NA,false,0,0,0,NA,-1,-1,-1,-1,-1,-2,-2,false,0,0,0,NA,-1,-1,-1,-1,-1,-2,-2
2,"Environment: 2, FiringMode: 2",9.009616,false,0,0,0,NA,false,0,0,0,NA,-1,-1,-1,-1,-1,-2,-2,false,0,0,0,NA,-1,-1,-1,-1,-1,-2,-2
2,"Environment: 2, FiringMode: 2",9.01091,false,0,0,0,NA,false,0,0,0,NA,-1,-1,-1,-1,-1,-2,-2,false,0,0,0,NA,-1,-1,-1,-1,-1,-2,-2
2,"Environment: 2, FiringMode: 2",9.012196,false,0,0,0,NA,false,0,0,0,NA,-1,-1,-1,-1,-1,-2,-2,false,0,0,0,NA,-1,-1,-1,-1,-1,-2,-2
2,"Environment: 2, FiringMode: 2",9.013539,false,0,0,0,NA,false,0,0,0,NA,-1,-1,-1,-1,-1,-2,-2,false,0,0,0,NA,-1,-1,-1,-1,-1,-2,-2
2,"Environment: 2, FiringMode: 2",9.014921,false,0,0,0,NA,false,0,0,0,NA,-1,-1,-1,-1,-1,-2,-2,false,0,0,0,NA,-1,-1,-1,-1,-1,-2,-2
2,"Environment: 2, FiringMode: 2",9.016356,false,0,0,0,NA,false,0,0,0,NA,-1,-1,-1,-1,-1,-2,-2,false,0,0,0,NA,-1,-1,-1,-1,-1,-2,-2
2,"Environment: 2, FiringMode: 2",9.017628,false,0,0,0,NA,false,0,0,0,NA,-1,-1,-1,-1,-1,-2,-2,false,0,0,0,NA,-1,-1,-1,-1,-1,-2,-2
2,"Environment: 2, FiringMode: 2",9.019096,false,0,0,0,NA,false,0,0,0,NA,-1,-1,-1,-1,-1,-2,-2,false,0,0,0,NA,-1,-1,-1,-1,-1,-2,-2
2,"Environment: 2, FiringMode: 2",9.020483,false,0,0,0,NA,false,0,0,0,NA,-1,-1,-1,-1,-1,-2,-2,false,0,0,0,NA,-1,-1,-1,-1,-1,-2,-2
2,"Environment: 2, FiringMode: 2",9.021832,false,0,0,0,NA,false,0,0,0,NA,-1,-1,-1,-1,-1,-2,-2,false,0,0,0,NA,-1,-1,-1,-1,-1,-2,-2
2,"Environment: 2, FiringMode: 2",9.023119,false,0,0,0,NA,false,0,0,0,NA,-1,-1,-1,-1,-1,-2,-2,false,0,0,0,NA,-1,-1,-1,-1,-1,-2,-2
2,"Environment: 2, FiringMode: 2",9.024392,false,0,0,0,NA,false,0,0,0,NA,-1,-1,-1,-1,-1,-2,-2,false,0,0,0,NA,-1,-1,-1,-1,-1,-2,-2
2,"Environment: 2, FiringMode: 2",9.025661,false,0,0,0,NA,false,0,0,0,NA,-1,-1,-1,-1,-1,-2,-2,false,0,0,0,NA,-1,-1,-1,-1,-1,-2,-2
2,"Environment: 2, FiringMode: 2",9.026947,false,0,0,0,NA,false,0,0,0,NA,-1,-1,-1,-1,-1,-2,-2,false,0,0,0,NA,-1,-1,-1,-1,-1,-2,-2
2,"Environment: 2, FiringMode: 2",9.028272,false,0,0,0,NA,false,0,0,0,NA,-1,-1,-1,-1,-1,-2,-2,false,0,0,0,NA,-1,-1,-1,-1,-1,-2,-2
2,"Environment: 2, FiringMode: 2",9.029574,false,0,0,0,NA,false,0,0,0,NA,-1,-1,-1,-1,-1,-2,-2,false,0,0,0,NA,-1,-1,-1,-1,-1,-2,-2
2,"Environment: 2, FiringMode: 2",9.030873,false,0,0,0,NA,false,0,0,0,NA,-1,-1,-1,-1,-1,-2,-2,false,0,0,0,NA,-1,-1,-1,-1,-1,-2,-2
2,"Environment: 2, FiringMode: 2",9.03221,false,0,0,0,NA,false,0,0,0,NA,-1,-1,-1,-1,-1,-2,-2,false,0,0,0,NA,-1,-1,-1,-1,-1,-2,-2
2,"Environment: 2, FiringMode: 2",9.033504,false,0,0,0,NA,false,0,0,0,NA,-1,-1,-1,-1,-1,-2,-2,false,0,0,0,NA,-1,-1,-1,-1,-1,-2,-2
2,"Environment: 2, FiringMode: 2",9.034838,false,0,0,0,NA,false,0,0,0,NA,-1,-1,-1,-1,-1,-2,-2,false,0,0,0,NA,-1,-1,-1,-1,-1,-2,-2
2,"Environment: 2, FiringMode: 2",9.036179,false,0,0,0,NA,false,0,0,0,NA,-1,-1,-1,-1,-1,-2,-2,false,0,0,0,NA,-1,-1,-1,-1,-1,-2,-2
2,"Environment: 2, FiringMode: 2",9.037441,false,0,0,0,NA,false,0,0,0,NA,-1,-1,-1,-1,-1,-2,-2,false,0,0,0,NA,-1,-1,-1,-1,-1,-2,-2
2,"Environment: 2, FiringMode: 2",9.038949,false,0,0,0,NA,false,0,0,0,NA,-1,-1,-1,-1,-1,-2,-2,false,0,0,0,NA,-1,-1,-1,-1,-1,-2,-2
2,"Environment: 2, FiringMode: 2",9.04026,false,0,0,0,NA,false,0,0,0,NA,-1,-1,-1,-1,-1,-2,-2,false,0,0,0,NA,-1,-1,-1,-1,-1,-2,-2
2,"Environment: 2, FiringMode: 2",9.041616,false,0,0,0,NA,false,0,0,0,NA,-1,-1,-1,-1,-1,-2,-2,false,0,0,0,NA,-1,-1,-1,-1,-1,-2,-2
2,"Environment: 2, FiringMode: 2",9.04303,false,0,0,0,NA,false,0,0,0,NA,-1,-1,-1,-1,-1,-2,-2,false,0,0,0,NA,-1,-1,-1,-1,-1,-2,-2
2,"Environment: 2, FiringMode: 2",9.044374,false,0,0,0,NA,false,0,0,0,NA,-1,-1,-1,-1,-1,-2,-2,false,0,0,0,NA,-1,-1,-1,-1,-1,-2,-2
2,"Environment: 2, FiringMode: 2",9.04572,false,0,0,0,NA,false,0,0,0,NA,-1,-1,-1,-1,-1,-2,-2,false,0,0,0,NA,-1,-1,-1,-1,-1,-2,-2
2,"Environment: 2, FiringMode: 2",9.047066,false,0,0,0,NA,false,0,0,0,NA,-1,-1,-1,-1,-1,-2,-2,false,0,0,0,NA,-1,-1,-1,-1,-1,-2,-2
2,"Environment: 2, FiringMode: 2",9.048342,false,0,0,0,NA,false,0,0,0,NA,-1,-1,-1,-1,-1,-2,-2,false,0,0,0,NA,-1,-1,-1,-1,-1,-2,-2
2,"Environment: 2, FiringMode: 2",9.049689,false,0,0,0,NA,false,0,0,0,NA,-1,-1,-1,-1,-1,-2,-2,false,0,0,0,NA,-1,-1,-1,-1,-1,-2,-2
2,"Environment: 2, FiringMode: 2",9.051009,false,0,0,0,NA,false,0,0,0,NA,-1,-1,-1,-1,-1,-2,-2,false,0,0,0,NA,-1,-1,-1,-1,-1,-2,-2
2,"Environment: 2, FiringMode: 2",9.052278,false,0,0,0,NA,false,0,0,0,NA,-1,-1,-1,-1,-1,-2,-2,false,0,0,0,NA,-1,-1,-1,-1,-1,-2,-2
2,"Environment: 2, FiringMode: 2",9.053526,false,0,0,0,NA,false,0,0,0,NA,-1,-1,-1,-1,-1,-2,-2,false,0,0,0,NA,-1,-1,-1,-1,-1,-2,-2
2,"Environment: 2, FiringMode: 2",9.054832,false,0,0,0,NA,false,0,0,0,NA,-1,-1,-1,-1,-1,-2,-2,false,0,0,0,NA,-1,-1,-1,-1,-1,-2,-2
2,"Environment: 2, FiringMode: 2",9.056214,false,0,0,0,NA,false,0,0,0,NA,-1,-1,-1,-1,-1,-2,-2,false,0,0,0,NA,-1,-1,-1,-1,-1,-2,-2
2,"Environment: 2, FiringMode: 2",9.057556,false,0,0,0,NA,false,0,0,0,NA,-1,-1,-1,-1,-1,-2,-2,false,0,0,0,NA,-1,-1,-1,-1,-1,-2,-2
2,"Environment: 2, FiringMode: 2",9.059008,false,0,0,0,NA,false,0,0,0,NA,-1,-1,-1,-1,-1,-2,-2,false,0,0,0,NA,-1,-1,-1,-1,-1,-2,-2
2,"Environment: 2, FiringMode: 2",9.060515,false,0,0,0,NA,false,0,0,0,NA,-1,-1,-1,-1,-1,-2,-2,false,0,0,0,NA,-1,-1,-1,-1,-1,-2,-2
2,"Environment: 2, FiringMode: 2",9.062016,false,0,0,0,NA,false,0,0,0,NA,-1,-1,-1,-1,-1,-2,-2,false,0,0,0,NA,-1,-1,-1,-1,-1,-2,-2
2,"Environment: 2, FiringMode: 2",9.063388,false,0,0,0,NA,false,0,0,0,NA,-1,-1,-1,-1,-1,-2,-2,false,0,0,0,NA,-1,-1,-1,-1,-1,-2,-2
2,"Environment: 2, FiringMode: 2",9.064776,false,0,0,0,NA,false,0,0,0,NA,-1,-1,-1,-1,-1,-2,-2,false,0,0,0,NA,-1,-1,-1,-1,-1,-2,-2
2,"Environment: 2, FiringMode: 2",9.066073,false,0,0,0,NA,false,0,0,0,NA,-1,-1,-1,-1,-1,-2,-2,false,0,0,0,NA,-1,-1,-1,-1,-1,-2,-2
2,"Environment: 2, FiringMode: 2",9.067532,false,0,0,0,NA,false,0,0,0,NA,-1,-1,-1,-1,-1,-2,-2,false,0,0,0,NA,-1,-1,-1,-1,-1,-2,-2
2,"Environment: 2, FiringMode: 2",9.069075,false,0,0,0,NA,false,0,0,0,NA,-1,-1,-1,-1,-1,-2,-2,false,0,0,0,NA,-1,-1,-1,-1,-1,-2,-2
2,"Environment: 2, FiringMode: 2",9.070527,false,0,0,0,NA,false,0,0,0,NA,-1,-1,-1,-1,-1,-2,-2,false,0,0,0,NA,-1,-1,-1,-1,-1,-2,-2
2,"Environment: 2, FiringMode: 2",9.071911,false,0,0,0,NA,false,0,0,0,NA,-1,-1,-1,-1,-1,-2,-2,false,0,0,0,NA,-1,-1,-1,-1,-1,-2,-2
2,"Environment: 2, FiringMode: 2",9.073405,false,0,0,0,NA,false,0,0,0,NA,-1,-1,-1,-1,-1,-2,-2,false,0,0,0,NA,-1,-1,-1,-1,-1,-2,-2
2,"Environment: 2, FiringMode: 2",9.07478,false,0,0,0,NA,false,0,0,0,NA,-1,-1,-1,-1,-1,-2,-2,false,0,0,0,NA,-1,-1,-1,-1,-1,-2,-2
2,"Environment: 2, FiringMode: 2",9.076138,false,0,0,0,NA,false,0,0,0,NA,-1,-1,-1,-1,-1,-2,-2,false,0,0,0,NA,-1,-1,-1,-1,-1,-2,-2
2,"Environment: 2, FiringMode: 2",9.077362,false,0,0,0,NA,false,0,0,0,NA,-1,-1,-1,-1,-1,-2,-2,false,0,0,0,NA,-1,-1,-1,-1,-1,-2,-2
2,"Environment: 2, FiringMode: 2",9.078671,false,0,0,0,NA,false,0,0,0,NA,-1,-1,-1,-1,-1,-2,-2,false,0,0,0,NA,-1,-1,-1,-1,-1,-2,-2
2,"Environment: 2, FiringMode: 2",9.080057,false,0,0,0,NA,false,0,0,0,NA,-1,-1,-1,-1,-1,-2,-2,false,0,0,0,NA,-1,-1,-1,-1,-1,-2,-2
2,"Environment: 2, FiringMode: 2",9.081369,false,0,0,0,NA,false,0,0,0,NA,-1,-1,-1,-1,-1,-2,-2,false,0,0,0,NA,-1,-1,-1,-1,-1,-2,-2
2,"Environment: 2, FiringMode: 2",9.082723,false,0,0,0,NA,false,0,0,0,NA,-1,-1,-1,-1,-1,-2,-2,false,0,0,0,NA,-1,-1,-1,-1,-1,-2,-2
2,"Environment: 2, FiringMode: 2",9.084098,false,0,0,0,NA,false,0,0,0,NA,-1,-1,-1,-1,-1,-2,-2,false,0,0,0,NA,-1,-1,-1,-1,-1,-2,-2
2,"Environment: 2, FiringMode: 2",9.08536,false,0,0,0,NA,false,0,0,0,NA,-1,-1,-1,-1,-1,-2,-2,false,0,0,0,NA,-1,-1,-1,-1,-1,-2,-2
2,"Environment: 2, FiringMode: 2",9.086598,false,0,0,0,NA,false,0,0,0,NA,-1,-1,-1,-1,-1,-2,-2,false,0,0,0,NA,-1,-1,-1,-1,-1,-2,-2
2,"Environment: 2, FiringMode: 2",9.087934,false,0,0,0,NA,false,0,0,0,NA,-1,-1,-1,-1,-1,-2,-2,false,0,0,0,NA,-1,-1,-1,-1,-1,-2,-2
2,"Environment: 2, FiringMode: 2",9.089245,false,0,0,0,NA,false,0,0,0,NA,-1,-1,-1,-1,-1,-2,-2,false,0,0,0,NA,-1,-1,-1,-1,-1,-2,-2
2,"Environment: 2, FiringMode: 2",9.090638,false,0,0,0,NA,false,0,0,0,NA,-1,-1,-1,-1,-1,-2,-2,false,0,0,0,NA,-1,-1,-1,-1,-1,-2,-2
2,"Environment: 2, FiringMode: 2",9.092114,false,0,0,0,NA,false,0,0,0,NA,-1,-1,-1,-1,-1,-2,-2,false,0,0,0,NA,-1,-1,-1,-1,-1,-2,-2
2,"Environment: 2, FiringMode: 2",9.093421,false,0,0,0,NA,false,0,0,0,NA,-1,-1,-1,-1,-1,-2,-2,false,0,0,0,NA,-1,-1,-1,-1,-1,-2,-2
2,"Environment: 2, FiringMode: 2",9.094769,false,0,0,0,NA,false,0,0,0,NA,-1,-1,-1,-1,-1,-2,-2,false,0,0,0,NA,-1,-1,-1,-1,-1,-2,-2
2,"Environment: 2, FiringMode: 2",9.096058,false,0,0,0,NA,false,0,0,0,NA,-1,-1,-1,-1,-1,-2,-2,false,0,0,0,NA,-1,-1,-1,-1,-1,-2,-2
2,"Environment: 2, FiringMode: 2",9.097448,false,0,0,0,NA,false,0,0,0,NA,-1,-1,-1,-1,-1,-2,-2,false,0,0,0,NA,-1,-1,-1,-1,-1,-2,-2
2,"Environment: 2, FiringMode: 2",9.098938,false,0,0,0,NA,false,0,0,0,NA,-1,-1,-1,-1,-1,-2,-2,false,0,0,0,NA,-1,-1,-1,-1,-1,-2,-2
2,"Environment: 2, FiringMode: 2",9.100224,false,0,0,0,NA,false,0,0,0,NA,-1,-1,-1,-1,-1,-2,-2,false,0,0,0,NA,-1,-1,-1,-1,-1,-2,-2
2,"Environment: 2, FiringMode: 2",9.101796,false,0,0,0,NA,false,0,0,0,NA,-1,-1,-1,-1,-1,-2,-2,false,0,0,0,NA,-1,-1,-1,-1,-1,-2,-2
2,"Environment: 2, FiringMode: 2",9.103398,false,0,0,0,NA,false,0,0,0,NA,-1,-1,-1,-1,-1,-2,-2,false,0,0,0,NA,-1,-1,-1,-1,-1,-2,-2
2,"Environment: 2, FiringMode: 2",9.104927,false,0,0,0,NA,false,0,0,0,NA,-1,-1,-1,-1,-1,-2,-2,false,0,0,0,NA,-1,-1,-1,-1,-1,-2,-2
2,"Environment: 2, FiringMode: 2",9.106292,false,0,0,0,NA,false,0,0,0,NA,-1,-1,-1,-1,-1,-2,-2,false,0,0,0,NA,-1,-1,-1,-1,-1,-2,-2
2,"Environment: 2, FiringMode: 2",9.107718,false,0,0,0,NA,false,0,0,0,NA,-1,-1,-1,-1,-1,-2,-2,false,0,0,0,NA,-1,-1,-1,-1,-1,-2,-2
2,"Environment: 2, FiringMode: 2",9.109056,false,0,0,0,NA,false,0,0,0,NA,-1,-1,-1,-1,-1,-2,-2,false,0,0,0,NA,-1,-1,-1,-1,-1,-2,-2
2,"Environment: 2, FiringMode: 2",9.110506,false,0,0,0,NA,false,0,0,0,NA,-1,-1,-1,-1,-1,-2,-2,false,0,0,0,NA,-1,-1,-1,-1,-1,-2,-2
2,"Environment: 2, FiringMode: 2",9.111941,false,0,0,0,NA,false,0,0,0,NA,-1,-1,-1,-1,-1,-2,-2,false,0,0,0,NA,-1,-1,-1,-1,-1,-2,-2
2,"Environment: 2, FiringMode: 2",9.113361,false,0,0,0,NA,false,0,0,0,NA,-1,-1,-1,-1,-1,-2,-2,false,0,0,0,NA,-1,-1,-1,-1,-1,-2,-2
2,"Environment: 2, FiringMode: 2",9.114758,false,0,0,0,NA,false,0,0,0,NA,-1,-1,-1,-1,-1,-2,-2,false,0,0,0,NA,-1,-1,-1,-1,-1,-2,-2
2,"Environment: 2, FiringMode: 2",9.116236,false,0,0,0,NA,false,0,0,0,NA,-1,-1,-1,-1,-1,-2,-2,false,0,0,0,NA,-1,-1,-1,-1,-1,-2,-2
2,"Environment: 2, FiringMode: 2",9.117622,false,0,0,0,NA,false,0,0,0,NA,-1,-1,-1,-1,-1,-2,-2,false,0,0,0,NA,-1,-1,-1,-1,-1,-2,-2
2,"Environment: 2, FiringMode: 2",9.119147,false,0,0,0,NA,false,0,0,0,NA,-1,-1,-1,-1,-1,-2,-2,false,0,0,0,NA,-1,-1,-1,-1,-1,-2,-2
2,"Environment: 2, FiringMode: 2",9.120472,false,0,0,0,NA,false,0,0,0,NA,-1,-1,-1,-1,-1,-2,-2,false,0,0,0,NA,-1,-1,-1,-1,-1,-2,-2
2,"Environment: 2, FiringMode: 2",9.121786,false,0,0,0,NA,false,0,0,0,NA,-1,-1,-1,-1,-1,-2,-2,false,0,0,0,NA,-1,-1,-1,-1,-1,-2,-2
2,"Environment: 2, FiringMode: 2",9.123103,false,0,0,0,NA,false,0,0,0,NA,-1,-1,-1,-1,-1,-2,-2,false,0,0,0,NA,-1,-1,-1,-1,-1,-2,-2
2,"Environment: 2, FiringMode: 2",9.124369,false,0,0,0,NA,false,0,0,0,NA,-1,-1,-1,-1,-1,-2,-2,false,0,0,0,NA,-1,-1,-1,-1,-1,-2,-2
2,"Environment: 2, FiringMode: 2",9.125646,false,0,0,0,NA,false,0,0,0,NA,-1,-1,-1,-1,-1,-2,-2,false,0,0,0,NA,-1,-1,-1,-1,-1,-2,-2
2,"Environment: 2, FiringMode: 2",9.127124,false,0,0,0,NA,false,0,0,0,NA,-1,-1,-1,-1,-1,-2,-2,false,0,0,0,NA,-1,-1,-1,-1,-1,-2,-2
2,"Environment: 2, FiringMode: 2",9.128599,false,0,0,0,NA,false,0,0,0,NA,-1,-1,-1,-1,-1,-2,-2,false,0,0,0,NA,-1,-1,-1,-1,-1,-2,-2
2,"Environment: 2, FiringMode: 2",9.130067,false,0,0,0,NA,false,0,0,0,NA,-1,-1,-1,-1,-1,-2,-2,false,0,0,0,NA,-1,-1,-1,-1,-1,-2,-2
2,"Environment: 2, FiringMode: 2",9.132163,false,0,0,0,NA,false,0,0,0,NA,-1,-1,-1,-1,-1,-2,-2,false,0,0,0,NA,-1,-1,-1,-1,-1,-2,-2
2,"Environment: 2, FiringMode: 2",9.133692,false,0,0,0,NA,false,0,0,0,NA,-1,-1,-1,-1,-1,-2,-2,false,0,0,0,NA,-1,-1,-1,-1,-1,-2,-2
2,"Environment: 2, FiringMode: 2",9.135267,false,0,0,0,NA,false,0,0,0,NA,-1,-1,-1,-1,-1,-2,-2,false,0,0,0,NA,-1,-1,-1,-1,-1,-2,-2
2,"Environment: 2, FiringMode: 2",9.136632,false,0,0,0,NA,false,0,0,0,NA,-1,-1,-1,-1,-1,-2,-2,false,0,0,0,NA,-1,-1,-1,-1,-1,-2,-2
2,"Environment: 2, FiringMode: 2",9.137984,false,0,0,0,NA,false,0,0,0,NA,-1,-1,-1,-1,-1,-2,-2,false,0,0,0,NA,-1,-1,-1,-1,-1,-2,-2
2,"Environment: 2, FiringMode: 2",9.139526,false,0,0,0,NA,false,0,0,0,NA,-1,-1,-1,-1,-1,-2,-2,false,0,0,0,NA,-1,-1,-1,-1,-1,-2,-2
2,"Environment: 2, FiringMode: 2",9.141059,false,0,0,0,NA,false,0,0,0,NA,-1,-1,-1,-1,-1,-2,-2,false,0,0,0,NA,-1,-1,-1,-1,-1,-2,-2
2,"Environment: 2, FiringMode: 2",9.142487,false,0,0,0,NA,false,0,0,0,NA,-1,-1,-1,-1,-1,-2,-2,false,0,0,0,NA,-1,-1,-1,-1,-1,-2,-2
2,"Environment: 2, FiringMode: 2",9.143836,false,0,0,0,NA,false,0,0,0,NA,-1,-1,-1,-1,-1,-2,-2,false,0,0,0,NA,-1,-1,-1,-1,-1,-2,-2
2,"Environment: 2, FiringMode: 2",9.145228,false,0,0,0,NA,false,0,0,0,NA,-1,-1,-1,-1,-1,-2,-2,false,0,0,0,NA,-1,-1,-1,-1,-1,-2,-2
2,"Environment: 2, FiringMode: 2",9.146645,false,0,0,0,NA,false,0,0,0,NA,-1,-1,-1,-1,-1,-2,-2,false,0,0,0,NA,-1,-1,-1,-1,-1,-2,-2
2,"Environment: 2, FiringMode: 2",9.148005,false,0,0,0,NA,false,0,0,0,NA,-1,-1,-1,-1,-1,-2,-2,false,0,0,0,NA,-1,-1,-1,-1,-1,-2,-2
2,"Environment: 2, FiringMode: 2",9.149333,false,0,0,0,NA,false,0,0,0,NA,-1,-1,-1,-1,-1,-2,-2,false,0,0,0,NA,-1,-1,-1,-1,-1,-2,-2
2,"Environment: 2, FiringMode: 2",9.150604,false,0,0,0,NA,false,0,0,0,NA,-1,-1,-1,-1,-1,-2,-2,false,0,0,0,NA,-1,-1,-1,-1,-1,-2,-2
2,"Environment: 2, FiringMode: 2",9.152205,false,0,0,0,NA,false,0,0,0,NA,-1,-1,-1,-1,-1,-2,-2,false,0,0,0,NA,-1,-1,-1,-1,-1,-2,-2
2,"Environment: 2, FiringMode: 2",9.153697,false,0,0,0,NA,false,0,0,0,NA,-1,-1,-1,-1,-1,-2,-2,false,0,0,0,NA,-1,-1,-1,-1,-1,-2,-2
2,"Environment: 2, FiringMode: 2",9.155039,false,0,0,0,NA,false,0,0,0,NA,-1,-1,-1,-1,-1,-2,-2,false,0,0,0,NA,-1,-1,-1,-1,-1,-2,-2
2,"Environment: 2, FiringMode: 2",9.156434,false,0,0,0,NA,false,0,0,0,NA,-1,-1,-1,-1,-1,-2,-2,false,0,0,0,NA,-1,-1,-1,-1,-1,-2,-2
2,"Environment: 2, FiringMode: 2",9.157737,false,0,0,0,NA,false,0,0,0,NA,-1,-1,-1,-1,-1,-2,-2,false,0,0,0,NA,-1,-1,-1,-1,-1,-2,-2
2,"Environment: 2, FiringMode: 2",9.159213,false,0,0,0,NA,false,0,0,0,NA,-1,-1,-1,-1,-1,-2,-2,false,0,0,0,NA,-1,-1,-1,-1,-1,-2,-2
2,"Environment: 2, FiringMode: 2",9.160572,false,0,0,0,NA,false,0,0,0,NA,-1,-1,-1,-1,-1,-2,-2,false,0,0,0,NA,-1,-1,-1,-1,-1,-2,-2
2,"Environment: 2, FiringMode: 2",9.161901,false,0,0,0,NA,false,0,0,0,NA,-1,-1,-1,-1,-1,-2,-2,false,0,0,0,NA,-1,-1,-1,-1,-1,-2,-2
2,"Environment: 2, FiringMode: 2",9.163182,false,0,0,0,NA,false,0,0,0,NA,-1,-1,-1,-1,-1,-2,-2,false,0,0,0,NA,-1,-1,-1,-1,-1,-2,-2
2,"Environment: 2, FiringMode: 2",9.1645,false,0,0,0,NA,false,0,0,0,NA,-1,-1,-1,-1,-1,-2,-2,false,0,0,0,NA,-1,-1,-1,-1,-1,-2,-2
2,"Environment: 2, FiringMode: 2",9.16581,false,0,0,0,NA,false,0,0,0,NA,-1,-1,-1,-1,-1,-2,-2,false,0,0,0,NA,-1,-1,-1,-1,-1,-2,-2
2,"Environment: 2, FiringMode: 2",9.16741,false,0,0,0,NA,false,0,0,0,NA,-1,-1,-1,-1,-1,-2,-2,false,0,0,0,NA,-1,-1,-1,-1,-1,-2,-2
2,"Environment: 2, FiringMode: 2",9.168814,false,0,0,0,NA,false,0,0,0,NA,-1,-1,-1,-1,-1,-2,-2,false,0,0,0,NA,-1,-1,-1,-1,-1,-2,-2
2,"Environment: 2, FiringMode: 2",9.170147,false,0,0,0,NA,false,0,0,0,NA,-1,-1,-1,-1,-1,-2,-2,false,0,0,0,NA,-1,-1,-1,-1,-1,-2,-2
2,"Environment: 2, FiringMode: 2",9.171382,false,0,0,0,NA,false,0,0,0,NA,-1,-1,-1,-1,-1,-2,-2,false,0,0,0,NA,-1,-1,-1,-1,-1,-2,-2
2,"Environment: 2, FiringMode: 2",9.172645,false,0,0,0,NA,false,0,0,0,NA,-1,-1,-1,-1,-1,-2,-2,false,0,0,0,NA,-1,-1,-1,-1,-1,-2,-2
2,"Environment: 2, FiringMode: 2",9.173884,false,0,0,0,NA,false,0,0,0,NA,-1,-1,-1,-1,-1,-2,-2,false,0,0,0,NA,-1,-1,-1,-1,-1,-2,-2
2,"Environment: 2, FiringMode: 2",9.175101,false,0,0,0,NA,false,0,0,0,NA,-1,-1,-1,-1,-1,-2,-2,false,0,0,0,NA,-1,-1,-1,-1,-1,-2,-2
2,"Environment: 2, FiringMode: 2",9.17638,false,0,0,0,NA,false,0,0,0,NA,-1,-1,-1,-1,-1,-2,-2,false,0,0,0,NA,-1,-1,-1,-1,-1,-2,-2
2,"Environment: 2, FiringMode: 2",9.177649,false,0,0,0,NA,false,0,0,0,NA,-1,-1,-1,-1,-1,-2,-2,false,0,0,0,NA,-1,-1,-1,-1,-1,-2,-2
2,"Environment: 2, FiringMode: 2",9.179039,false,0,0,0,NA,false,0,0,0,NA,-1,-1,-1,-1,-1,-2,-2,false,0,0,0,NA,-1,-1,-1,-1,-1,-2,-2
2,"Environment: 2, FiringMode: 2",9.180513,false,0,0,0,NA,false,0,0,0,NA,-1,-1,-1,-1,-1,-2,-2,false,0,0,0,NA,-1,-1,-1,-1,-1,-2,-2
2,"Environment: 2, FiringMode: 2",9.181942,false,0,0,0,NA,false,0,0,0,NA,-1,-1,-1,-1,-1,-2,-2,false,0,0,0,NA,-1,-1,-1,-1,-1,-2,-2
2,"Environment: 2, FiringMode: 2",9.183539,false,0,0,0,NA,false,0,0,0,NA,-1,-1,-1,-1,-1,-2,-2,false,0,0,0,NA,-1,-1,-1,-1,-1,-2,-2
2,"Environment: 2, FiringMode: 2",9.184965,false,0,0,0,NA,false,0,0,0,NA,-1,-1,-1,-1,-1,-2,-2,false,0,0,0,NA,-1,-1,-1,-1,-1,-2,-2
2,"Environment: 2, FiringMode: 2",9.18638,false,0,0,0,NA,false,0,0,0,NA,-1,-1,-1,-1,-1,-2,-2,false,0,0,0,NA,-1,-1,-1,-1,-1,-2,-2
2,"Environment: 2, FiringMode: 2",9.187762,false,0,0,0,NA,false,0,0,0,NA,-1,-1,-1,-1,-1,-2,-2,false,0,0,0,NA,-1,-1,-1,-1,-1,-2,-2
2,"Environment: 2, FiringMode: 2",9.189142,false,0,0,0,NA,false,0,0,0,NA,-1,-1,-1,-1,-1,-2,-2,false,0,0,0,NA,-1,-1,-1,-1,-1,-2,-2
2,"Environment: 2, FiringMode: 2",9.19046,false,0,0,0,NA,false,0,0,0,NA,-1,-1,-1,-1,-1,-2,-2,false,0,0,0,NA,-1,-1,-1,-1,-1,-2,-2
2,"Environment: 2, FiringMode: 2",9.191846,false,0,0,0,NA,false,0,0,0,NA,-1,-1,-1,-1,-1,-2,-2,false,0,0,0,NA,-1,-1,-1,-1,-1,-2,-2
2,"Environment: 2, FiringMode: 2",9.193179,false,0,0,0,NA,false,0,0,0,NA,-1,-1,-1,-1,-1,-2,-2,false,0,0,0,NA,-1,-1,-1,-1,-1,-2,-2
2,"Environment: 2, FiringMode: 2",9.194654,false,0,0,0,NA,false,0,0,0,NA,-1,-1,-1,-1,-1,-2,-2,false,0,0,0,NA,-1,-1,-1,-1,-1,-2,-2
2,"Environment: 2, FiringMode: 2",9.196257,false,0,0,0,NA,false,0,0,0,NA,-1,-1,-1,-1,-1,-2,-2,false,0,0,0,NA,-1,-1,-1,-1,-1,-2,-2
2,"Environment: 2, FiringMode: 2",9.197648,false,0,0,0,NA,false,0,0,0,NA,-1,-1,-1,-1,-1,-2,-2,false,0,0,0,NA,-1,-1,-1,-1,-1,-2,-2
2,"Environment: 2, FiringMode: 2",9.199124,false,0,0,0,NA,false,0,0,0,NA,-1,-1,-1,-1,-1,-2,-2,false,0,0,0,NA,-1,-1,-1,-1,-1,-2,-2
2,"Environment: 2, FiringMode: 2",9.200611,false,0,0,0,NA,false,0,0,0,NA,-1,-1,-1,-1,-1,-2,-2,false,0,0,0,NA,-1,-1,-1,-1,-1,-2,-2
2,"Environment: 2, FiringMode: 2",9.202035,false,0,0,0,NA,false,0,0,0,NA,-1,-1,-1,-1,-1,-2,-2,false,0,0,0,NA,-1,-1,-1,-1,-1,-2,-2
2,"Environment: 2, FiringMode: 2",9.20339,false,0,0,0,NA,false,0,0,0,NA,-1,-1,-1,-1,-1,-2,-2,false,0,0,0,NA,-1,-1,-1,-1,-1,-2,-2
2,"Environment: 2, FiringMode: 2",9.204749,false,0,0,0,NA,false,0,0,0,NA,-1,-1,-1,-1,-1,-2,-2,false,0,0,0,NA,-1,-1,-1,-1,-1,-2,-2
2,"Environment: 2, FiringMode: 2",9.206112,false,0,0,0,NA,false,0,0,0,NA,-1,-1,-1,-1,-1,-2,-2,false,0,0,0,NA,-1,-1,-1,-1,-1,-2,-2
2,"Environment: 2, FiringMode: 2",9.207543,false,0,0,0,NA,false,0,0,0,NA,-1,-1,-1,-1,-1,-2,-2,false,0,0,0,NA,-1,-1,-1,-1,-1,-2,-2
2,"Environment: 2, FiringMode: 2",9.208909,false,0,0,0,NA,false,0,0,0,NA,-1,-1,-1,-1,-1,-2,-2,false,0,0,0,NA,-1,-1,-1,-1,-1,-2,-2
2,"Environment: 2, FiringMode: 2",9.210268,false,0,0,0,NA,false,0,0,0,NA,-1,-1,-1,-1,-1,-2,-2,false,0,0,0,NA,-1,-1,-1,-1,-1,-2,-2
2,"Environment: 2, FiringMode: 2",9.211694,false,0,0,0,NA,false,0,0,0,NA,-1,-1,-1,-1,-1,-2,-2,false,0,0,0,NA,-1,-1,-1,-1,-1,-2,-2
2,"Environment: 2, FiringMode: 2",9.213244,false,0,0,0,NA,false,0,0,0,NA,-1,-1,-1,-1,-1,-2,-2,false,0,0,0,NA,-1,-1,-1,-1,-1,-2,-2
2,"Environment: 2, FiringMode: 2",9.214622,false,0,0,0,NA,false,0,0,0,NA,-1,-1,-1,-1,-1,-2,-2,false,0,0,0,NA,-1,-1,-1,-1,-1,-2,-2
2,"Environment: 2, FiringMode: 2",9.215975,false,0,0,0,NA,false,0,0,0,NA,-1,-1,-1,-1,-1,-2,-2,false,0,0,0,NA,-1,-1,-1,-1,-1,-2,-2
2,"Environment: 2, FiringMode: 2",9.217327,false,0,0,0,NA,false,0,0,0,NA,-1,-1,-1,-1,-1,-2,-2,false,0,0,0,NA,-1,-1,-1,-1,-1,-2,-2
2,"Environment: 2, FiringMode: 2",9.218599,false,0,0,0,NA,false,0,0,0,NA,-1,-1,-1,-1,-1,-2,-2,false,0,0,0,NA,-1,-1,-1,-1,-1,-2,-2
2,"Environment: 2, FiringMode: 2",9.220063,false,0,0,0,NA,false,0,0,0,NA,-1,-1,-1,-1,-1,-2,-2,false,0,0,0,NA,-1,-1,-1,-1,-1,-2,-2
2,"Environment: 2, FiringMode: 2",9.221333,false,0,0,0,NA,false,0,0,0,NA,-1,-1,-1,-1,-1,-2,-2,false,0,0,0,NA,-1,-1,-1,-1,-1,-2,-2
2,"Environment: 2, FiringMode: 2",9.222723,false,0,0,0,NA,false,0,0,0,NA,-1,-1,-1,-1,-1,-2,-2,false,0,0,0,NA,-1,-1,-1,-1,-1,-2,-2
2,"Environment: 2, FiringMode: 2",9.224083,false,0,0,0,NA,false,0,0,0,NA,-1,-1,-1,-1,-1,-2,-2,false,0,0,0,NA,-1,-1,-1,-1,-1,-2,-2
2,"Environment: 2, FiringMode: 2",9.225498,false,0,0,0,NA,false,0,0,0,NA,-1,-1,-1,-1,-1,-2,-2,false,0,0,0,NA,-1,-1,-1,-1,-1,-2,-2
2,"Environment: 2, FiringMode: 2",9.226836,false,0,0,0,NA,false,0,0,0,NA,-1,-1,-1,-1,-1,-2,-2,false,0,0,0,NA,-1,-1,-1,-1,-1,-2,-2
2,"Environment: 2, FiringMode: 2",9.228141,false,0,0,0,NA,false,0,0,0,NA,-1,-1,-1,-1,-1,-2,-2,false,0,0,0,NA,-1,-1,-1,-1,-1,-2,-2
2,"Environment: 2, FiringMode: 2",9.22943,false,0,0,0,NA,false,0,0,0,NA,-1,-1,-1,-1,-1,-2,-2,false,0,0,0,NA,-1,-1,-1,-1,-1,-2,-2
2,"Environment: 2, FiringMode: 2",9.230724,false,0,0,0,NA,false,0,0,0,NA,-1,-1,-1,-1,-1,-2,-2,false,0,0,0,NA,-1,-1,-1,-1,-1,-2,-2
2,"Environment: 2, FiringMode: 2",9.232068,false,0,0,0,NA,false,0,0,0,NA,-1,-1,-1,-1,-1,-2,-2,false,0,0,0,NA,-1,-1,-1,-1,-1,-2,-2
2,"Environment: 2, FiringMode: 2",9.233346,false,0,0,0,NA,false,0,0,0,NA,-1,-1,-1,-1,-1,-2,-2,false,0,0,0,NA,-1,-1,-1,-1,-1,-2,-2
2,"Environment: 2, FiringMode: 2",9.234706,false,0,0,0,NA,false,0,0,0,NA,-1,-1,-1,-1,-1,-2,-2,false,0,0,0,NA,-1,-1,-1,-1,-1,-2,-2
2,"Environment: 2, FiringMode: 2",9.236051,false,0,0,0,NA,false,0,0,0,NA,-1,-1,-1,-1,-1,-2,-2,false,0,0,0,NA,-1,-1,-1,-1,-1,-2,-2
2,"Environment: 2, FiringMode: 2",9.237322,false,0,0,0,NA,false,0,0,0,NA,-1,-1,-1,-1,-1,-2,-2,false,0,0,0,NA,-1,-1,-1,-1,-1,-2,-2
2,"Environment: 2, FiringMode: 2",9.23862,false,0,0,0,NA,false,0,0,0,NA,-1,-1,-1,-1,-1,-2,-2,false,0,0,0,NA,-1,-1,-1,-1,-1,-2,-2
2,"Environment: 2, FiringMode: 2",9.239987,false,0,0,0,NA,false,0,0,0,NA,-1,-1,-1,-1,-1,-2,-2,false,0,0,0,NA,-1,-1,-1,-1,-1,-2,-2
2,"Environment: 2, FiringMode: 2",9.241387,false,0,0,0,NA,false,0,0,0,NA,-1,-1,-1,-1,-1,-2,-2,false,0,0,0,NA,-1,-1,-1,-1,-1,-2,-2
2,"Environment: 2, FiringMode: 2",9.242699,false,0,0,0,NA,false,0,0,0,NA,-1,-1,-1,-1,-1,-2,-2,false,0,0,0,NA,-1,-1,-1,-1,-1,-2,-2
2,"Environment: 2, FiringMode: 2",9.243994,false,0,0,0,NA,false,0,0,0,NA,-1,-1,-1,-1,-1,-2,-2,false,0,0,0,NA,-1,-1,-1,-1,-1,-2,-2
2,"Environment: 2, FiringMode: 2",9.245245,false,0,0,0,NA,false,0,0,0,NA,-1,-1,-1,-1,-1,-2,-2,false,0,0,0,NA,-1,-1,-1,-1,-1,-2,-2
2,"Environment: 2, FiringMode: 2",9.246474,false,0,0,0,NA,false,0,0,0,NA,-1,-1,-1,-1,-1,-2,-2,false,0,0,0,NA,-1,-1,-1,-1,-1,-2,-2
2,"Environment: 2, FiringMode: 2",9.24773,false,0,0,0,NA,false,0,0,0,NA,-1,-1,-1,-1,-1,-2,-2,false,0,0,0,NA,-1,-1,-1,-1,-1,-2,-2
2,"Environment: 2, FiringMode: 2",9.249206,false,0,0,0,NA,false,0,0,0,NA,-1,-1,-1,-1,-1,-2,-2,false,0,0,0,NA,-1,-1,-1,-1,-1,-2,-2
2,"Environment: 2, FiringMode: 2",9.250645,false,0,0,0,NA,false,0,0,0,NA,-1,-1,-1,-1,-1,-2,-2,false,0,0,0,NA,-1,-1,-1,-1,-1,-2,-2
2,"Environment: 2, FiringMode: 2",9.251968,false,0,0,0,NA,false,0,0,0,NA,-1,-1,-1,-1,-1,-2,-2,false,0,0,0,NA,-1,-1,-1,-1,-1,-2,-2
2,"Environment: 2, FiringMode: 2",9.253407,false,0,0,0,NA,false,0,0,0,NA,-1,-1,-1,-1,-1,-2,-2,false,0,0,0,NA,-1,-1,-1,-1,-1,-2,-2
2,"Environment: 2, FiringMode: 2",9.254793,false,0,0,0,NA,false,0,0,0,NA,-1,-1,-1,-1,-1,-2,-2,false,0,0,0,NA,-1,-1,-1,-1,-1,-2,-2
2,"Environment: 2, FiringMode: 2",9.25615,false,0,0,0,NA,false,0,0,0,NA,-1,-1,-1,-1,-1,-2,-2,false,0,0,0,NA,-1,-1,-1,-1,-1,-2,-2
2,"Environment: 2, FiringMode: 2",9.257456,false,0,0,0,NA,false,0,0,0,NA,-1,-1,-1,-1,-1,-2,-2,false,0,0,0,NA,-1,-1,-1,-1,-1,-2,-2
2,"Environment: 2, FiringMode: 2",9.258774,false,0,0,0,NA,false,0,0,0,NA,-1,-1,-1,-1,-1,-2,-2,false,0,0,0,NA,-1,-1,-1,-1,-1,-2,-2
2,"Environment: 2, FiringMode: 2",9.260159,false,0,0,0,NA,false,0,0,0,NA,-1,-1,-1,-1,-1,-2,-2,false,0,0,0,NA,-1,-1,-1,-1,-1,-2,-2
2,"Environment: 2, FiringMode: 2",9.261461,false,0,0,0,NA,false,0,0,0,NA,-1,-1,-1,-1,-1,-2,-2,false,0,0,0,NA,-1,-1,-1,-1,-1,-2,-2
2,"Environment: 2, FiringMode: 2",9.262678,false,0,0,0,NA,false,0,0,0,NA,-1,-1,-1,-1,-1,-2,-2,false,0,0,0,NA,-1,-1,-1,-1,-1,-2,-2
2,"Environment: 2, FiringMode: 2",9.264019,false,0,0,0,NA,false,0,0,0,NA,-1,-1,-1,-1,-1,-2,-2,false,0,0,0,NA,-1,-1,-1,-1,-1,-2,-2
2,"Environment: 2, FiringMode: 2",9.265291,false,0,0,0,NA,false,0,0,0,NA,-1,-1,-1,-1,-1,-2,-2,false,0,0,0,NA,-1,-1,-1,-1,-1,-2,-2
2,"Environment: 2, FiringMode: 2",9.266615,false,0,0,0,NA,false,0,0,0,NA,-1,-1,-1,-1,-1,-2,-2,false,0,0,0,NA,-1,-1,-1,-1,-1,-2,-2
2,"Environment: 2, FiringMode: 2",9.268044,false,0,0,0,NA,false,0,0,0,NA,-1,-1,-1,-1,-1,-2,-2,false,0,0,0,NA,-1,-1,-1,-1,-1,-2,-2
2,"Environment: 2, FiringMode: 2",9.269822,false,0,0,0,NA,false,0,0,0,NA,-1,-1,-1,-1,-1,-2,-2,false,0,0,0,NA,-1,-1,-1,-1,-1,-2,-2
2,"Environment: 2, FiringMode: 2",9.2711,false,0,0,0,NA,false,0,0,0,NA,-1,-1,-1,-1,-1,-2,-2,false,0,0,0,NA,-1,-1,-1,-1,-1,-2,-2
2,"Environment: 2, FiringMode: 2",9.272358,false,0,0,0,NA,false,0,0,0,NA,-1,-1,-1,-1,-1,-2,-2,false,0,0,0,NA,-1,-1,-1,-1,-1,-2,-2
2,"Environment: 2, FiringMode: 2",9.273685,false,0,0,0,NA,false,0,0,0,NA,-1,-1,-1,-1,-1,-2,-2,false,0,0,0,NA,-1,-1,-1,-1,-1,-2,-2
2,"Environment: 2, FiringMode: 2",9.274934,false,0,0,0,NA,false,0,0,0,NA,-1,-1,-1,-1,-1,-2,-2,false,0,0,0,NA,-1,-1,-1,-1,-1,-2,-2
2,"Environment: 2, FiringMode: 2",9.276222,false,0,0,0,NA,false,0,0,0,NA,-1,-1,-1,-1,-1,-2,-2,false,0,0,0,NA,-1,-1,-1,-1,-1,-2,-2
2,"Environment: 2, FiringMode: 2",9.277579,false,0,0,0,NA,false,0,0,0,NA,-1,-1,-1,-1,-1,-2,-2,false,0,0,0,NA,-1,-1,-1,-1,-1,-2,-2
2,"Environment: 2, FiringMode: 2",9.278947,false,0,0,0,NA,false,0,0,0,NA,-1,-1,-1,-1,-1,-2,-2,false,0,0,0,NA,-1,-1,-1,-1,-1,-2,-2
2,"Environment: 2, FiringMode: 2",9.280351,false,0,0,0,NA,false,0,0,0,NA,-1,-1,-1,-1,-1,-2,-2,false,0,0,0,NA,-1,-1,-1,-1,-1,-2,-2
2,"Environment: 2, FiringMode: 2",9.281646,false,0,0,0,NA,false,0,0,0,NA,-1,-1,-1,-1,-1,-2,-2,false,0,0,0,NA,-1,-1,-1,-1,-1,-2,-2
2,"Environment: 2, FiringMode: 2",9.282914,false,0,0,0,NA,false,0,0,0,NA,-1,-1,-1,-1,-1,-2,-2,false,0,0,0,NA,-1,-1,-1,-1,-1,-2,-2
2,"Environment: 2, FiringMode: 2",9.284184,false,0,0,0,NA,false,0,0,0,NA,-1,-1,-1,-1,-1,-2,-2,false,0,0,0,NA,-1,-1,-1,-1,-1,-2,-2
2,"Environment: 2, FiringMode: 2",9.285439,false,0,0,0,NA,false,0,0,0,NA,-1,-1,-1,-1,-1,-2,-2,false,0,0,0,NA,-1,-1,-1,-1,-1,-2,-2
2,"Environment: 2, FiringMode: 2",9.286734,false,0,0,0,NA,false,0,0,0,NA,-1,-1,-1,-1,-1,-2,-2,false,0,0,0,NA,-1,-1,-1,-1,-1,-2,-2
2,"Environment: 2, FiringMode: 2",9.288057,false,0,0,0,NA,false,0,0,0,NA,-1,-1,-1,-1,-1,-2,-2,false,0,0,0,NA,-1,-1,-1,-1,-1,-2,-2
2,"Environment: 2, FiringMode: 2",9.289304,false,0,0,0,NA,false,0,0,0,NA,-1,-1,-1,-1,-1,-2,-2,false,0,0,0,NA,-1,-1,-1,-1,-1,-2,-2
2,"Environment: 2, FiringMode: 2",9.290518,false,0,0,0,NA,false,0,0,0,NA,-1,-1,-1,-1,-1,-2,-2,false,0,0,0,NA,-1,-1,-1,-1,-1,-2,-2
2,"Environment: 2, FiringMode: 2",9.29189,false,0,0,0,NA,false,0,0,0,NA,-1,-1,-1,-1,-1,-2,-2,false,0,0,0,NA,-1,-1,-1,-1,-1,-2,-2
2,"Environment: 2, FiringMode: 2",9.29318,false,0,0,0,NA,false,0,0,0,NA,-1,-1,-1,-1,-1,-2,-2,false,0,0,0,NA,-1,-1,-1,-1,-1,-2,-2
2,"Environment: 2, FiringMode: 2",9.29447,false,0,0,0,NA,false,0,0,0,NA,-1,-1,-1,-1,-1,-2,-2,false,0,0,0,NA,-1,-1,-1,-1,-1,-2,-2
2,"Environment: 2, FiringMode: 2",9.295788,false,0,0,0,NA,false,0,0,0,NA,-1,-1,-1,-1,-1,-2,-2,false,0,0,0,NA,-1,-1,-1,-1,-1,-2,-2
2,"Environment: 2, FiringMode: 2",9.296991,false,0,0,0,NA,false,0,0,0,NA,-1,-1,-1,-1,-1,-2,-2,false,0,0,0,NA,-1,-1,-1,-1,-1,-2,-2
2,"Environment: 2, FiringMode: 2",9.298289,false,0,0,0,NA,false,0,0,0,NA,-1,-1,-1,-1,-1,-2,-2,false,0,0,0,NA,-1,-1,-1,-1,-1,-2,-2
2,"Environment: 2, FiringMode: 2",9.299663,false,0,0,0,NA,false,0,0,0,NA,-1,-1,-1,-1,-1,-2,-2,false,0,0,0,NA,-1,-1,-1,-1,-1,-2,-2
2,"Environment: 2, FiringMode: 2",9.30089,false,0,0,0,NA,false,0,0,0,NA,-1,-1,-1,-1,-1,-2,-2,false,0,0,0,NA,-1,-1,-1,-1,-1,-2,-2
2,"Environment: 2, FiringMode: 2",9.30221,false,0,0,0,NA,false,0,0,0,NA,-1,-1,-1,-1,-1,-2,-2,false,0,0,0,NA,-1,-1,-1,-1,-1,-2,-2
2,"Environment: 2, FiringMode: 2",9.30346,false,0,0,0,NA,false,0,0,0,NA,-1,-1,-1,-1,-1,-2,-2,false,0,0,0,NA,-1,-1,-1,-1,-1,-2,-2
2,"Environment: 2, FiringMode: 2",9.304789,false,0,0,0,NA,false,0,0,0,NA,-1,-1,-1,-1,-1,-2,-2,false,0,0,0,NA,-1,-1,-1,-1,-1,-2,-2
2,"Environment: 2, FiringMode: 2",9.306108,false,0,0,0,NA,false,0,0,0,NA,-1,-1,-1,-1,-1,-2,-2,false,0,0,0,NA,-1,-1,-1,-1,-1,-2,-2
2,"Environment: 2, FiringMode: 2",9.307397,false,0,0,0,NA,false,0,0,0,NA,-1,-1,-1,-1,-1,-2,-2,false,0,0,0,NA,-1,-1,-1,-1,-1,-2,-2
2,"Environment: 2, FiringMode: 2",9.308712,false,0,0,0,NA,false,0,0,0,NA,-1,-1,-1,-1,-1,-2,-2,false,0,0,0,NA,-1,-1,-1,-1,-1,-2,-2
2,"Environment: 2, FiringMode: 2",9.309993,false,0,0,0,NA,false,0,0,0,NA,-1,-1,-1,-1,-1,-2,-2,false,0,0,0,NA,-1,-1,-1,-1,-1,-2,-2
2,"Environment: 2, FiringMode: 2",9.311259,false,0,0,0,NA,false,0,0,0,NA,-1,-1,-1,-1,-1,-2,-2,false,0,0,0,NA,-1,-1,-1,-1,-1,-2,-2
2,"Environment: 2, FiringMode: 2",9.31258,false,0,0,0,NA,false,0,0,0,NA,-1,-1,-1,-1,-1,-2,-2,false,0,0,0,NA,-1,-1,-1,-1,-1,-2,-2
2,"Environment: 2, FiringMode: 2",9.313853,false,0,0,0,NA,false,0,0,0,NA,-1,-1,-1,-1,-1,-2,-2,false,0,0,0,NA,-1,-1,-1,-1,-1,-2,-2
2,"Environment: 2, FiringMode: 2",9.315116,false,0,0,0,NA,false,0,0,0,NA,-1,-1,-1,-1,-1,-2,-2,false,0,0,0,NA,-1,-1,-1,-1,-1,-2,-2
2,"Environment: 2, FiringMode: 2",9.316514,false,0,0,0,NA,false,0,0,0,NA,-1,-1,-1,-1,-1,-2,-2,false,0,0,0,NA,-1,-1,-1,-1,-1,-2,-2
2,"Environment: 2, FiringMode: 2",9.317789,false,0,0,0,NA,false,0,0,0,NA,-1,-1,-1,-1,-1,-2,-2,false,0,0,0,NA,-1,-1,-1,-1,-1,-2,-2
2,"Environment: 2, FiringMode: 2",9.319276,false,0,0,0,NA,false,0,0,0,NA,-1,-1,-1,-1,-1,-2,-2,false,0,0,0,NA,-1,-1,-1,-1,-1,-2,-2
2,"Environment: 2, FiringMode: 2",9.320618,false,0,0,0,NA,false,0,0,0,NA,-1,-1,-1,-1,-1,-2,-2,false,0,0,0,NA,-1,-1,-1,-1,-1,-2,-2
2,"Environment: 2, FiringMode: 2",9.321902,false,0,0,0,NA,false,0,0,0,NA,-1,-1,-1,-1,-1,-2,-2,false,0,0,0,NA,-1,-1,-1,-1,-1,-2,-2
2,"Environment: 2, FiringMode: 2",9.323149,false,0,0,0,NA,false,0,0,0,NA,-1,-1,-1,-1,-1,-2,-2,false,0,0,0,NA,-1,-1,-1,-1,-1,-2,-2
2,"Environment: 2, FiringMode: 2",9.324547,false,0,0,0,NA,false,0,0,0,NA,-1,-1,-1,-1,-1,-2,-2,false,0,0,0,NA,-1,-1,-1,-1,-1,-2,-2
2,"Environment: 2, FiringMode: 2",9.325923,false,0,0,0,NA,false,0,0,0,NA,-1,-1,-1,-1,-1,-2,-2,false,0,0,0,NA,-1,-1,-1,-1,-1,-2,-2
2,"Environment: 2, FiringMode: 2",9.327276,false,0,0,0,NA,false,0,0,0,NA,-1,-1,-1,-1,-1,-2,-2,false,0,0,0,NA,-1,-1,-1,-1,-1,-2,-2
2,"Environment: 2, FiringMode: 2",9.328582,false,0,0,0,NA,false,0,0,0,NA,-1,-1,-1,-1,-1,-2,-2,false,0,0,0,NA,-1,-1,-1,-1,-1,-2,-2
2,"Environment: 2, FiringMode: 2",9.329951,false,0,0,0,NA,false,0,0,0,NA,-1,-1,-1,-1,-1,-2,-2,false,0,0,0,NA,-1,-1,-1,-1,-1,-2,-2
2,"Environment: 2, FiringMode: 2",9.331282,false,0,0,0,NA,false,0,0,0,NA,-1,-1,-1,-1,-1,-2,-2,false,0,0,0,NA,-1,-1,-1,-1,-1,-2,-2
2,"Environment: 2, FiringMode: 2",9.332627,false,0,0,0,NA,false,0,0,0,NA,-1,-1,-1,-1,-1,-2,-2,false,0,0,0,NA,-1,-1,-1,-1,-1,-2,-2
2,"Environment: 2, FiringMode: 2",9.334067,false,0,0,0,NA,false,0,0,0,NA,-1,-1,-1,-1,-1,-2,-2,false,0,0,0,NA,-1,-1,-1,-1,-1,-2,-2
2,"Environment: 2, FiringMode: 2",9.335462,false,0,0,0,NA,false,0,0,0,NA,-1,-1,-1,-1,-1,-2,-2,false,0,0,0,NA,-1,-1,-1,-1,-1,-2,-2
2,"Environment: 2, FiringMode: 2",9.336857,false,0,0,0,NA,false,0,0,0,NA,-1,-1,-1,-1,-1,-2,-2,false,0,0,0,NA,-1,-1,-1,-1,-1,-2,-2
2,"Environment: 2, FiringMode: 2",9.338173,false,0,0,0,NA,false,0,0,0,NA,-1,-1,-1,-1,-1,-2,-2,false,0,0,0,NA,-1,-1,-1,-1,-1,-2,-2
2,"Environment: 2, FiringMode: 2",9.339586,false,0,0,0,NA,false,0,0,0,NA,-1,-1,-1,-1,-1,-2,-2,false,0,0,0,NA,-1,-1,-1,-1,-1,-2,-2
2,"Environment: 2, FiringMode: 2",9.340879,false,0,0,0,NA,false,0,0,0,NA,-1,-1,-1,-1,-1,-2,-2,false,0,0,0,NA,-1,-1,-1,-1,-1,-2,-2
2,"Environment: 2, FiringMode: 2",9.342109,false,0,0,0,NA,false,0,0,0,NA,-1,-1,-1,-1,-1,-2,-2,false,0,0,0,NA,-1,-1,-1,-1,-1,-2,-2
2,"Environment: 2, FiringMode: 2",9.343336,false,0,0,0,NA,false,0,0,0,NA,-1,-1,-1,-1,-1,-2,-2,false,0,0,0,NA,-1,-1,-1,-1,-1,-2,-2
2,"Environment: 2, FiringMode: 2",9.344559,false,0,0,0,NA,false,0,0,0,NA,-1,-1,-1,-1,-1,-2,-2,false,0,0,0,NA,-1,-1,-1,-1,-1,-2,-2
2,"Environment: 2, FiringMode: 2",9.345876,false,0,0,0,NA,false,0,0,0,NA,-1,-1,-1,-1,-1,-2,-2,false,0,0,0,NA,-1,-1,-1,-1,-1,-2,-2
2,"Environment: 2, FiringMode: 2",9.347245,false,0,0,0,NA,false,0,0,0,NA,-1,-1,-1,-1,-1,-2,-2,false,0,0,0,NA,-1,-1,-1,-1,-1,-2,-2
2,"Environment: 2, FiringMode: 2",9.348591,false,0,0,0,NA,false,0,0,0,NA,-1,-1,-1,-1,-1,-2,-2,false,0,0,0,NA,-1,-1,-1,-1,-1,-2,-2
2,"Environment: 2, FiringMode: 2",9.349919,false,0,0,0,NA,false,0,0,0,NA,-1,-1,-1,-1,-1,-2,-2,false,0,0,0,NA,-1,-1,-1,-1,-1,-2,-2
2,"Environment: 2, FiringMode: 2",9.351243,false,0,0,0,NA,false,0,0,0,NA,-1,-1,-1,-1,-1,-2,-2,false,0,0,0,NA,-1,-1,-1,-1,-1,-2,-2
2,"Environment: 2, FiringMode: 2",9.352578,false,0,0,0,NA,false,0,0,0,NA,-1,-1,-1,-1,-1,-2,-2,false,0,0,0,NA,-1,-1,-1,-1,-1,-2,-2
2,"Environment: 2, FiringMode: 2",9.353824,false,0,0,0,NA,false,0,0,0,NA,-1,-1,-1,-1,-1,-2,-2,false,0,0,0,NA,-1,-1,-1,-1,-1,-2,-2
2,"Environment: 2, FiringMode: 2",9.355131,false,0,0,0,NA,false,0,0,0,NA,-1,-1,-1,-1,-1,-2,-2,false,0,0,0,NA,-1,-1,-1,-1,-1,-2,-2
2,"Environment: 2, FiringMode: 2",9.356421,false,0,0,0,NA,false,0,0,0,NA,-1,-1,-1,-1,-1,-2,-2,false,0,0,0,NA,-1,-1,-1,-1,-1,-2,-2
2,"Environment: 2, FiringMode: 2",9.357689,false,0,0,0,NA,false,0,0,0,NA,-1,-1,-1,-1,-1,-2,-2,false,0,0,0,NA,-1,-1,-1,-1,-1,-2,-2
2,"Environment: 2, FiringMode: 2",9.359068,false,0,0,0,NA,false,0,0,0,NA,-1,-1,-1,-1,-1,-2,-2,false,0,0,0,NA,-1,-1,-1,-1,-1,-2,-2
2,"Environment: 2, FiringMode: 2",9.360362,false,0,0,0,NA,false,0,0,0,NA,-1,-1,-1,-1,-1,-2,-2,false,0,0,0,NA,-1,-1,-1,-1,-1,-2,-2
2,"Environment: 2, FiringMode: 2",9.361642,false,0,0,0,NA,false,0,0,0,NA,-1,-1,-1,-1,-1,-2,-2,false,0,0,0,NA,-1,-1,-1,-1,-1,-2,-2
2,"Environment: 2, FiringMode: 2",9.362856,false,0,0,0,NA,false,0,0,0,NA,-1,-1,-1,-1,-1,-2,-2,false,0,0,0,NA,-1,-1,-1,-1,-1,-2,-2
2,"Environment: 2, FiringMode: 2",9.364412,false,0,0,0,NA,false,0,0,0,NA,-1,-1,-1,-1,-1,-2,-2,false,0,0,0,NA,-1,-1,-1,-1,-1,-2,-2
2,"Environment: 2, FiringMode: 2",9.3657,false,0,0,0,NA,false,0,0,0,NA,-1,-1,-1,-1,-1,-2,-2,false,0,0,0,NA,-1,-1,-1,-1,-1,-2,-2
2,"Environment: 2, FiringMode: 2",9.366916,false,0,0,0,NA,false,0,0,0,NA,-1,-1,-1,-1,-1,-2,-2,false,0,0,0,NA,-1,-1,-1,-1,-1,-2,-2
2,"Environment: 2, FiringMode: 2",9.368179,false,0,0,0,NA,false,0,0,0,NA,-1,-1,-1,-1,-1,-2,-2,false,0,0,0,NA,-1,-1,-1,-1,-1,-2,-2
2,"Environment: 2, FiringMode: 2",9.369433,false,0,0,0,NA,false,0,0,0,NA,-1,-1,-1,-1,-1,-2,-2,false,0,0,0,NA,-1,-1,-1,-1,-1,-2,-2
2,"Environment: 2, FiringMode: 2",9.370667,false,0,0,0,NA,false,0,0,0,NA,-1,-1,-1,-1,-1,-2,-2,false,0,0,0,NA,-1,-1,-1,-1,-1,-2,-2
2,"Environment: 2, FiringMode: 2",9.372021,false,0,0,0,NA,false,0,0,0,NA,-1,-1,-1,-1,-1,-2,-2,false,0,0,0,NA,-1,-1,-1,-1,-1,-2,-2
2,"Environment: 2, FiringMode: 2",9.37324,false,0,0,0,NA,false,0,0,0,NA,-1,-1,-1,-1,-1,-2,-2,false,0,0,0,NA,-1,-1,-1,-1,-1,-2,-2
2,"Environment: 2, FiringMode: 2",9.374498,false,0,0,0,NA,false,0,0,0,NA,-1,-1,-1,-1,-1,-2,-2,false,0,0,0,NA,-1,-1,-1,-1,-1,-2,-2
2,"Environment: 2, FiringMode: 2",9.375828,false,0,0,0,NA,false,0,0,0,NA,-1,-1,-1,-1,-1,-2,-2,false,0,0,0,NA,-1,-1,-1,-1,-1,-2,-2
2,"Environment: 2, FiringMode: 2",9.377161,false,0,0,0,NA,false,0,0,0,NA,-1,-1,-1,-1,-1,-2,-2,false,0,0,0,NA,-1,-1,-1,-1,-1,-2,-2
2,"Environment: 2, FiringMode: 2",9.378429,false,0,0,0,NA,false,0,0,0,NA,-1,-1,-1,-1,-1,-2,-2,false,0,0,0,NA,-1,-1,-1,-1,-1,-2,-2
2,"Environment: 2, FiringMode: 2",9.379811,false,0,0,0,NA,false,0,0,0,NA,-1,-1,-1,-1,-1,-2,-2,false,0,0,0,NA,-1,-1,-1,-1,-1,-2,-2
2,"Environment: 2, FiringMode: 2",9.381005,false,0,0,0,NA,false,0,0,0,NA,-1,-1,-1,-1,-1,-2,-2,false,0,0,0,NA,-1,-1,-1,-1,-1,-2,-2
2,"Environment: 2, FiringMode: 2",9.382293,false,0,0,0,NA,false,0,0,0,NA,-1,-1,-1,-1,-1,-2,-2,false,0,0,0,NA,-1,-1,-1,-1,-1,-2,-2
2,"Environment: 2, FiringMode: 2",9.383598,false,0,0,0,NA,false,0,0,0,NA,-1,-1,-1,-1,-1,-2,-2,false,0,0,0,NA,-1,-1,-1,-1,-1,-2,-2
2,"Environment: 2, FiringMode: 2",9.384898,false,0,0,0,NA,false,0,0,0,NA,-1,-1,-1,-1,-1,-2,-2,false,0,0,0,NA,-1,-1,-1,-1,-1,-2,-2
2,"Environment: 2, FiringMode: 2",9.38619,false,0,0,0,NA,false,0,0,0,NA,-1,-1,-1,-1,-1,-2,-2,false,0,0,0,NA,-1,-1,-1,-1,-1,-2,-2
2,"Environment: 2, FiringMode: 2",9.387513,false,0,0,0,NA,false,0,0,0,NA,-1,-1,-1,-1,-1,-2,-2,false,0,0,0,NA,-1,-1,-1,-1,-1,-2,-2
2,"Environment: 2, FiringMode: 2",9.388837,false,0,0,0,NA,false,0,0,0,NA,-1,-1,-1,-1,-1,-2,-2,false,0,0,0,NA,-1,-1,-1,-1,-1,-2,-2
2,"Environment: 2, FiringMode: 2",9.390108,false,0,0,0,NA,false,0,0,0,NA,-1,-1,-1,-1,-1,-2,-2,false,0,0,0,NA,-1,-1,-1,-1,-1,-2,-2
2,"Environment: 2, FiringMode: 2",9.391408,false,0,0,0,NA,false,0,0,0,NA,-1,-1,-1,-1,-1,-2,-2,false,0,0,0,NA,-1,-1,-1,-1,-1,-2,-2
2,"Environment: 2, FiringMode: 2",9.392672,false,0,0,0,NA,false,0,0,0,NA,-1,-1,-1,-1,-1,-2,-2,false,0,0,0,NA,-1,-1,-1,-1,-1,-2,-2
2,"Environment: 2, FiringMode: 2",9.393978,false,0,0,0,NA,false,0,0,0,NA,-1,-1,-1,-1,-1,-2,-2,false,0,0,0,NA,-1,-1,-1,-1,-1,-2,-2
2,"Environment: 2, FiringMode: 2",9.395374,false,0,0,0,NA,false,0,0,0,NA,-1,-1,-1,-1,-1,-2,-2,false,0,0,0,NA,-1,-1,-1,-1,-1,-2,-2
2,"Environment: 2, FiringMode: 2",9.396787,false,0,0,0,NA,false,0,0,0,NA,-1,-1,-1,-1,-1,-2,-2,false,0,0,0,NA,-1,-1,-1,-1,-1,-2,-2
2,"Environment: 2, FiringMode: 2",9.398057,false,0,0,0,NA,false,0,0,0,NA,-1,-1,-1,-1,-1,-2,-2,false,0,0,0,NA,-1,-1,-1,-1,-1,-2,-2
2,"Environment: 2, FiringMode: 2",9.399396,false,0,0,0,NA,false,0,0,0,NA,-1,-1,-1,-1,-1,-2,-2,false,0,0,0,NA,-1,-1,-1,-1,-1,-2,-2
2,"Environment: 2, FiringMode: 2",9.401218,false,0,0,0,NA,false,0,0,0,NA,-1,-1,-1,-1,-1,-2,-2,false,0,0,0,NA,-1,-1,-1,-1,-1,-2,-2
2,"Environment: 2, FiringMode: 2",9.402492,false,0,0,0,NA,false,0,0,0,NA,-1,-1,-1,-1,-1,-2,-2,false,0,0,0,NA,-1,-1,-1,-1,-1,-2,-2
2,"Environment: 2, FiringMode: 2",9.403777,false,0,0,0,NA,false,0,0,0,NA,-1,-1,-1,-1,-1,-2,-2,false,0,0,0,NA,-1,-1,-1,-1,-1,-2,-2
2,"Environment: 2, FiringMode: 2",9.40503,false,0,0,0,NA,false,0,0,0,NA,-1,-1,-1,-1,-1,-2,-2,false,0,0,0,NA,-1,-1,-1,-1,-1,-2,-2
2,"Environment: 2, FiringMode: 2",9.40628,false,0,0,0,NA,false,0,0,0,NA,-1,-1,-1,-1,-1,-2,-2,false,0,0,0,NA,-1,-1,-1,-1,-1,-2,-2
2,"Environment: 2, FiringMode: 2",9.407516,false,0,0,0,NA,false,0,0,0,NA,-1,-1,-1,-1,-1,-2,-2,false,0,0,0,NA,-1,-1,-1,-1,-1,-2,-2
2,"Environment: 2, FiringMode: 2",9.408815,false,0,0,0,NA,false,0,0,0,NA,-1,-1,-1,-1,-1,-2,-2,false,0,0,0,NA,-1,-1,-1,-1,-1,-2,-2
2,"Environment: 2, FiringMode: 2",9.410074,false,0,0,0,NA,false,0,0,0,NA,-1,-1,-1,-1,-1,-2,-2,false,0,0,0,NA,-1,-1,-1,-1,-1,-2,-2
2,"Environment: 2, FiringMode: 2",9.411368,false,0,0,0,NA,false,0,0,0,NA,-1,-1,-1,-1,-1,-2,-2,false,0,0,0,NA,-1,-1,-1,-1,-1,-2,-2
2,"Environment: 2, FiringMode: 2",9.412626,false,0,0,0,NA,false,0,0,0,NA,-1,-1,-1,-1,-1,-2,-2,false,0,0,0,NA,-1,-1,-1,-1,-1,-2,-2
2,"Environment: 2, FiringMode: 2",9.413952,false,0,0,0,NA,false,0,0,0,NA,-1,-1,-1,-1,-1,-2,-2,false,0,0,0,NA,-1,-1,-1,-1,-1,-2,-2
2,"Environment: 2, FiringMode: 2",9.415212,false,0,0,0,NA,false,0,0,0,NA,-1,-1,-1,-1,-1,-2,-2,false,0,0,0,NA,-1,-1,-1,-1,-1,-2,-2
2,"Environment: 2, FiringMode: 2",9.416545,false,0,0,0,NA,false,0,0,0,NA,-1,-1,-1,-1,-1,-2,-2,false,0,0,0,NA,-1,-1,-1,-1,-1,-2,-2
2,"Environment: 2, FiringMode: 2",9.417847,false,0,0,0,NA,false,0,0,0,NA,-1,-1,-1,-1,-1,-2,-2,false,0,0,0,NA,-1,-1,-1,-1,-1,-2,-2
2,"Environment: 2, FiringMode: 2",9.419262,false,0,0,0,NA,false,0,0,0,NA,-1,-1,-1,-1,-1,-2,-2,false,0,0,0,NA,-1,-1,-1,-1,-1,-2,-2
2,"Environment: 2, FiringMode: 2",9.420675,false,0,0,0,NA,false,0,0,0,NA,-1,-1,-1,-1,-1,-2,-2,false,0,0,0,NA,-1,-1,-1,-1,-1,-2,-2
2,"Environment: 2, FiringMode: 2",9.422022,false,0,0,0,NA,false,0,0,0,NA,-1,-1,-1,-1,-1,-2,-2,false,0,0,0,NA,-1,-1,-1,-1,-1,-2,-2
2,"Environment: 2, FiringMode: 2",9.423397,false,0,0,0,NA,false,0,0,0,NA,-1,-1,-1,-1,-1,-2,-2,false,0,0,0,NA,-1,-1,-1,-1,-1,-2,-2
2,"Environment: 2, FiringMode: 2",9.424767,false,0,0,0,NA,false,0,0,0,NA,-1,-1,-1,-1,-1,-2,-2,false,0,0,0,NA,-1,-1,-1,-1,-1,-2,-2
2,"Environment: 2, FiringMode: 2",9.426113,false,0,0,0,NA,false,0,0,0,NA,-1,-1,-1,-1,-1,-2,-2,false,0,0,0,NA,-1,-1,-1,-1,-1,-2,-2
2,"Environment: 2, FiringMode: 2",9.427468,false,0,0,0,NA,false,0,0,0,NA,-1,-1,-1,-1,-1,-2,-2,false,0,0,0,NA,-1,-1,-1,-1,-1,-2,-2
2,"Environment: 2, FiringMode: 2",9.428802,false,0,0,0,NA,false,0,0,0,NA,-1,-1,-1,-1,-1,-2,-2,false,0,0,0,NA,-1,-1,-1,-1,-1,-2,-2
2,"Environment: 2, FiringMode: 2",9.430163,false,0,0,0,NA,false,0,0,0,NA,-1,-1,-1,-1,-1,-2,-2,false,0,0,0,NA,-1,-1,-1,-1,-1,-2,-2
2,"Environment: 2, FiringMode: 2",9.431581,false,0,0,0,NA,false,0,0,0,NA,-1,-1,-1,-1,-1,-2,-2,false,0,0,0,NA,-1,-1,-1,-1,-1,-2,-2
2,"Environment: 2, FiringMode: 2",9.432897,false,0,0,0,NA,false,0,0,0,NA,-1,-1,-1,-1,-1,-2,-2,false,0,0,0,NA,-1,-1,-1,-1,-1,-2,-2
2,"Environment: 2, FiringMode: 2",9.434298,false,0,0,0,NA,false,0,0,0,NA,-1,-1,-1,-1,-1,-2,-2,false,0,0,0,NA,-1,-1,-1,-1,-1,-2,-2
2,"Environment: 2, FiringMode: 2",9.435658,false,0,0,0,NA,false,0,0,0,NA,-1,-1,-1,-1,-1,-2,-2,false,0,0,0,NA,-1,-1,-1,-1,-1,-2,-2
2,"Environment: 2, FiringMode: 2",9.437,false,0,0,0,NA,false,0,0,0,NA,-1,-1,-1,-1,-1,-2,-2,false,0,0,0,NA,-1,-1,-1,-1,-1,-2,-2
2,"Environment: 2, FiringMode: 2",9.438233,false,0,0,0,NA,false,0,0,0,NA,-1,-1,-1,-1,-1,-2,-2,false,0,0,0,NA,-1,-1,-1,-1,-1,-2,-2
2,"Environment: 2, FiringMode: 2",9.43958,false,0,0,0,NA,false,0,0,0,NA,-1,-1,-1,-1,-1,-2,-2,false,0,0,0,NA,-1,-1,-1,-1,-1,-2,-2
2,"Environment: 2, FiringMode: 2",9.440859,false,0,0,0,NA,false,0,0,0,NA,-1,-1,-1,-1,-1,-2,-2,false,0,0,0,NA,-1,-1,-1,-1,-1,-2,-2
2,"Environment: 2, FiringMode: 2",9.442265,false,0,0,0,NA,false,0,0,0,NA,-1,-1,-1,-1,-1,-2,-2,false,0,0,0,NA,-1,-1,-1,-1,-1,-2,-2
2,"Environment: 2, FiringMode: 2",9.4435,false,0,0,0,NA,false,0,0,0,NA,-1,-1,-1,-1,-1,-2,-2,false,0,0,0,NA,-1,-1,-1,-1,-1,-2,-2
2,"Environment: 2, FiringMode: 2",9.444834,false,0,0,0,NA,false,0,0,0,NA,-1,-1,-1,-1,-1,-2,-2,false,0,0,0,NA,-1,-1,-1,-1,-1,-2,-2
2,"Environment: 2, FiringMode: 2",9.446162,false,0,0,0,NA,false,0,0,0,NA,-1,-1,-1,-1,-1,-2,-2,false,0,0,0,NA,-1,-1,-1,-1,-1,-2,-2
2,"Environment: 2, FiringMode: 2",9.447385,false,0,0,0,NA,false,0,0,0,NA,-1,-1,-1,-1,-1,-2,-2,false,0,0,0,NA,-1,-1,-1,-1,-1,-2,-2
2,"Environment: 2, FiringMode: 2",9.448573,false,0,0,0,NA,false,0,0,0,NA,-1,-1,-1,-1,-1,-2,-2,false,0,0,0,NA,-1,-1,-1,-1,-1,-2,-2
2,"Environment: 2, FiringMode: 2",9.449779,false,0,0,0,NA,false,0,0,0,NA,-1,-1,-1,-1,-1,-2,-2,false,0,0,0,NA,-1,-1,-1,-1,-1,-2,-2
2,"Environment: 2, FiringMode: 2",9.450985,false,0,0,0,NA,false,0,0,0,NA,-1,-1,-1,-1,-1,-2,-2,false,0,0,0,NA,-1,-1,-1,-1,-1,-2,-2
2,"Environment: 2, FiringMode: 2",9.452216,false,0,0,0,NA,false,0,0,0,NA,-1,-1,-1,-1,-1,-2,-2,false,0,0,0,NA,-1,-1,-1,-1,-1,-2,-2
2,"Environment: 2, FiringMode: 2",9.453402,false,0,0,0,NA,false,0,0,0,NA,-1,-1,-1,-1,-1,-2,-2,false,0,0,0,NA,-1,-1,-1,-1,-1,-2,-2
2,"Environment: 2, FiringMode: 2",9.454589,false,0,0,0,NA,false,0,0,0,NA,-1,-1,-1,-1,-1,-2,-2,false,0,0,0,NA,-1,-1,-1,-1,-1,-2,-2
2,"Environment: 2, FiringMode: 2",9.455846,false,0,0,0,NA,false,0,0,0,NA,-1,-1,-1,-1,-1,-2,-2,false,0,0,0,NA,-1,-1,-1,-1,-1,-2,-2
2,"Environment: 2, FiringMode: 2",9.457173,false,0,0,0,NA,false,0,0,0,NA,-1,-1,-1,-1,-1,-2,-2,false,0,0,0,NA,-1,-1,-1,-1,-1,-2,-2
2,"Environment: 2, FiringMode: 2",9.458548,false,0,0,0,NA,false,0,0,0,NA,-1,-1,-1,-1,-1,-2,-2,false,0,0,0,NA,-1,-1,-1,-1,-1,-2,-2
2,"Environment: 2, FiringMode: 2",9.459988,false,0,0,0,NA,false,0,0,0,NA,-1,-1,-1,-1,-1,-2,-2,false,0,0,0,NA,-1,-1,-1,-1,-1,-2,-2
2,"Environment: 2, FiringMode: 2",9.461261,false,0,0,0,NA,false,0,0,0,NA,-1,-1,-1,-1,-1,-2,-2,false,0,0,0,NA,-1,-1,-1,-1,-1,-2,-2
2,"Environment: 2, FiringMode: 2",9.462555,false,0,0,0,NA,false,0,0,0,NA,-1,-1,-1,-1,-1,-2,-2,false,0,0,0,NA,-1,-1,-1,-1,-1,-2,-2
2,"Environment: 2, FiringMode: 2",9.463815,false,0,0,0,NA,false,0,0,0,NA,-1,-1,-1,-1,-1,-2,-2,false,0,0,0,NA,-1,-1,-1,-1,-1,-2,-2
2,"Environment: 2, FiringMode: 2",9.465065,false,0,0,0,NA,false,0,0,0,NA,-1,-1,-1,-1,-1,-2,-2,false,0,0,0,NA,-1,-1,-1,-1,-1,-2,-2
2,"Environment: 2, FiringMode: 2",9.46638,false,0,0,0,NA,false,0,0,0,NA,-1,-1,-1,-1,-1,-2,-2,false,0,0,0,NA,-1,-1,-1,-1,-1,-2,-2
2,"Environment: 2, FiringMode: 2",9.467654,false,0,0,0,NA,false,0,0,0,NA,-1,-1,-1,-1,-1,-2,-2,false,0,0,0,NA,-1,-1,-1,-1,-1,-2,-2
2,"Environment: 2, FiringMode: 2",9.468876,false,0,0,0,NA,false,0,0,0,NA,-1,-1,-1,-1,-1,-2,-2,false,0,0,0,NA,-1,-1,-1,-1,-1,-2,-2
2,"Environment: 2, FiringMode: 2",9.470075,false,0,0,0,NA,false,0,0,0,NA,-1,-1,-1,-1,-1,-2,-2,false,0,0,0,NA,-1,-1,-1,-1,-1,-2,-2
2,"Environment: 2, FiringMode: 2",9.471341,false,0,0,0,NA,false,0,0,0,NA,-1,-1,-1,-1,-1,-2,-2,false,0,0,0,NA,-1,-1,-1,-1,-1,-2,-2
2,"Environment: 2, FiringMode: 2",9.472657,false,0,0,0,NA,false,0,0,0,NA,-1,-1,-1,-1,-1,-2,-2,false,0,0,0,NA,-1,-1,-1,-1,-1,-2,-2
2,"Environment: 2, FiringMode: 2",9.473994,false,0,0,0,NA,false,0,0,0,NA,-1,-1,-1,-1,-1,-2,-2,false,0,0,0,NA,-1,-1,-1,-1,-1,-2,-2
2,"Environment: 2, FiringMode: 2",9.475239,false,0,0,0,NA,false,0,0,0,NA,-1,-1,-1,-1,-1,-2,-2,false,0,0,0,NA,-1,-1,-1,-1,-1,-2,-2
2,"Environment: 2, FiringMode: 2",9.476502,false,0,0,0,NA,false,0,0,0,NA,-1,-1,-1,-1,-1,-2,-2,false,0,0,0,NA,-1,-1,-1,-1,-1,-2,-2
2,"Environment: 2, FiringMode: 2",9.477819,false,0,0,0,NA,false,0,0,0,NA,-1,-1,-1,-1,-1,-2,-2,false,0,0,0,NA,-1,-1,-1,-1,-1,-2,-2
2,"Environment: 2, FiringMode: 2",9.479184,false,0,0,0,NA,false,0,0,0,NA,-1,-1,-1,-1,-1,-2,-2,false,0,0,0,NA,-1,-1,-1,-1,-1,-2,-2
2,"Environment: 2, FiringMode: 2",9.480437,false,0,0,0,NA,false,0,0,0,NA,-1,-1,-1,-1,-1,-2,-2,false,0,0,0,NA,-1,-1,-1,-1,-1,-2,-2
2,"Environment: 2, FiringMode: 2",9.481666,false,0,0,0,NA,false,0,0,0,NA,-1,-1,-1,-1,-1,-2,-2,false,0,0,0,NA,-1,-1,-1,-1,-1,-2,-2
2,"Environment: 2, FiringMode: 2",9.482867,false,0,0,0,NA,false,0,0,0,NA,-1,-1,-1,-1,-1,-2,-2,false,0,0,0,NA,-1,-1,-1,-1,-1,-2,-2
2,"Environment: 2, FiringMode: 2",9.484033,false,0,0,0,NA,false,0,0,0,NA,-1,-1,-1,-1,-1,-2,-2,false,0,0,0,NA,-1,-1,-1,-1,-1,-2,-2
2,"Environment: 2, FiringMode: 2",9.485256,false,0,0,0,NA,false,0,0,0,NA,-1,-1,-1,-1,-1,-2,-2,false,0,0,0,NA,-1,-1,-1,-1,-1,-2,-2
2,"Environment: 2, FiringMode: 2",9.486545,false,0,0,0,NA,false,0,0,0,NA,-1,-1,-1,-1,-1,-2,-2,false,0,0,0,NA,-1,-1,-1,-1,-1,-2,-2
2,"Environment: 2, FiringMode: 2",9.487796,false,0,0,0,NA,false,0,0,0,NA,-1,-1,-1,-1,-1,-2,-2,false,0,0,0,NA,-1,-1,-1,-1,-1,-2,-2
2,"Environment: 2, FiringMode: 2",9.489037,false,0,0,0,NA,false,0,0,0,NA,-1,-1,-1,-1,-1,-2,-2,false,0,0,0,NA,-1,-1,-1,-1,-1,-2,-2
2,"Environment: 2, FiringMode: 2",9.490224,false,0,0,0,NA,false,0,0,0,NA,-1,-1,-1,-1,-1,-2,-2,false,0,0,0,NA,-1,-1,-1,-1,-1,-2,-2
2,"Environment: 2, FiringMode: 2",9.49141,false,0,0,0,NA,false,0,0,0,NA,-1,-1,-1,-1,-1,-2,-2,false,0,0,0,NA,-1,-1,-1,-1,-1,-2,-2
2,"Environment: 2, FiringMode: 2",9.492599,false,0,0,0,NA,false,0,0,0,NA,-1,-1,-1,-1,-1,-2,-2,false,0,0,0,NA,-1,-1,-1,-1,-1,-2,-2
2,"Environment: 2, FiringMode: 2",9.493767,false,0,0,0,NA,false,0,0,0,NA,-1,-1,-1,-1,-1,-2,-2,false,0,0,0,NA,-1,-1,-1,-1,-1,-2,-2
2,"Environment: 2, FiringMode: 2",9.494989,false,0,0,0,NA,false,0,0,0,NA,-1,-1,-1,-1,-1,-2,-2,false,0,0,0,NA,-1,-1,-1,-1,-1,-2,-2
2,"Environment: 2, FiringMode: 2",9.496203,false,0,0,0,NA,false,0,0,0,NA,-1,-1,-1,-1,-1,-2,-2,false,0,0,0,NA,-1,-1,-1,-1,-1,-2,-2
2,"Environment: 2, FiringMode: 2",9.497374,false,0,0,0,NA,false,0,0,0,NA,-1,-1,-1,-1,-1,-2,-2,false,0,0,0,NA,-1,-1,-1,-1,-1,-2,-2
2,"Environment: 2, FiringMode: 2",9.498618,false,0,0,0,NA,false,0,0,0,NA,-1,-1,-1,-1,-1,-2,-2,false,0,0,0,NA,-1,-1,-1,-1,-1,-2,-2
2,"Environment: 2, FiringMode: 2",9.499965,false,0,0,0,NA,false,0,0,0,NA,-1,-1,-1,-1,-1,-2,-2,false,0,0,0,NA,-1,-1,-1,-1,-1,-2,-2
2,"Environment: 2, FiringMode: 2",9.501254,false,0,0,0,NA,false,0,0,0,NA,-1,-1,-1,-1,-1,-2,-2,false,0,0,0,NA,-1,-1,-1,-1,-1,-2,-2
2,"Environment: 2, FiringMode: 2",9.502447,false,0,0,0,NA,false,0,0,0,NA,-1,-1,-1,-1,-1,-2,-2,false,0,0,0,NA,-1,-1,-1,-1,-1,-2,-2
2,"Environment: 2, FiringMode: 2",9.503698,false,0,0,0,NA,false,0,0,0,NA,-1,-1,-1,-1,-1,-2,-2,false,0,0,0,NA,-1,-1,-1,-1,-1,-2,-2
2,"Environment: 2, FiringMode: 2",9.505018,false,0,0,0,NA,false,0,0,0,NA,-1,-1,-1,-1,-1,-2,-2,false,0,0,0,NA,-1,-1,-1,-1,-1,-2,-2
2,"Environment: 2, FiringMode: 2",9.506324,false,0,0,0,NA,false,0,0,0,NA,-1,-1,-1,-1,-1,-2,-2,false,0,0,0,NA,-1,-1,-1,-1,-1,-2,-2
2,"Environment: 2, FiringMode: 2",9.507637,false,0,0,0,NA,false,0,0,0,NA,-1,-1,-1,-1,-1,-2,-2,false,0,0,0,NA,-1,-1,-1,-1,-1,-2,-2
2,"Environment: 2, FiringMode: 2",9.508886,false,0,0,0,NA,false,0,0,0,NA,-1,-1,-1,-1,-1,-2,-2,false,0,0,0,NA,-1,-1,-1,-1,-1,-2,-2
2,"Environment: 2, FiringMode: 2",9.510101,false,0,0,0,NA,false,0,0,0,NA,-1,-1,-1,-1,-1,-2,-2,false,0,0,0,NA,-1,-1,-1,-1,-1,-2,-2
2,"Environment: 2, FiringMode: 2",9.511345,false,0,0,0,NA,false,0,0,0,NA,-1,-1,-1,-1,-1,-2,-2,false,0,0,0,NA,-1,-1,-1,-1,-1,-2,-2
2,"Environment: 2, FiringMode: 2",9.512589,false,0,0,0,NA,false,0,0,0,NA,-1,-1,-1,-1,-1,-2,-2,false,0,0,0,NA,-1,-1,-1,-1,-1,-2,-2
2,"Environment: 2, FiringMode: 2",9.513995,false,0,0,0,NA,false,0,0,0,NA,-1,-1,-1,-1,-1,-2,-2,false,0,0,0,NA,-1,-1,-1,-1,-1,-2,-2
2,"Environment: 2, FiringMode: 2",9.515326,false,0,0,0,NA,false,0,0,0,NA,-1,-1,-1,-1,-1,-2,-2,false,0,0,0,NA,-1,-1,-1,-1,-1,-2,-2
2,"Environment: 2, FiringMode: 2",9.51668,false,0,0,0,NA,false,0,0,0,NA,-1,-1,-1,-1,-1,-2,-2,false,0,0,0,NA,-1,-1,-1,-1,-1,-2,-2
2,"Environment: 2, FiringMode: 2",9.517925,false,0,0,0,NA,false,0,0,0,NA,-1,-1,-1,-1,-1,-2,-2,false,0,0,0,NA,-1,-1,-1,-1,-1,-2,-2
2,"Environment: 2, FiringMode: 2",9.519305,false,0,0,0,NA,false,0,0,0,NA,-1,-1,-1,-1,-1,-2,-2,false,0,0,0,NA,-1,-1,-1,-1,-1,-2,-2
2,"Environment: 2, FiringMode: 2",9.520604,false,0,0,0,NA,false,0,0,0,NA,-1,-1,-1,-1,-1,-2,-2,false,0,0,0,NA,-1,-1,-1,-1,-1,-2,-2
2,"Environment: 2, FiringMode: 2",9.521873,false,0,0,0,NA,false,0,0,0,NA,-1,-1,-1,-1,-1,-2,-2,false,0,0,0,NA,-1,-1,-1,-1,-1,-2,-2
2,"Environment: 2, FiringMode: 2",9.523103,false,0,0,0,NA,false,0,0,0,NA,-1,-1,-1,-1,-1,-2,-2,false,0,0,0,NA,-1,-1,-1,-1,-1,-2,-2
2,"Environment: 2, FiringMode: 2",9.524285,false,0,0,0,NA,false,0,0,0,NA,-1,-1,-1,-1,-1,-2,-2,false,0,0,0,NA,-1,-1,-1,-1,-1,-2,-2
2,"Environment: 2, FiringMode: 2",9.525547,false,0,0,0,NA,false,0,0,0,NA,-1,-1,-1,-1,-1,-2,-2,false,0,0,0,NA,-1,-1,-1,-1,-1,-2,-2
2,"Environment: 2, FiringMode: 2",9.526761,false,0,0,0,NA,false,0,0,0,NA,-1,-1,-1,-1,-1,-2,-2,false,0,0,0,NA,-1,-1,-1,-1,-1,-2,-2
2,"Environment: 2, FiringMode: 2",9.528166,false,0,0,0,NA,false,0,0,0,NA,-1,-1,-1,-1,-1,-2,-2,false,0,0,0,NA,-1,-1,-1,-1,-1,-2,-2
2,"Environment: 2, FiringMode: 2",9.53008,false,0,0,0,NA,false,0,0,0,NA,-1,-1,-1,-1,-1,-2,-2,false,0,0,0,NA,-1,-1,-1,-1,-1,-2,-2
2,"Environment: 2, FiringMode: 2",9.531363,false,0,0,0,NA,false,0,0,0,NA,-1,-1,-1,-1,-1,-2,-2,false,0,0,0,NA,-1,-1,-1,-1,-1,-2,-2
2,"Environment: 2, FiringMode: 2",9.532663,false,0,0,0,NA,false,0,0,0,NA,-1,-1,-1,-1,-1,-2,-2,false,0,0,0,NA,-1,-1,-1,-1,-1,-2,-2
2,"Environment: 2, FiringMode: 2",9.53388,false,0,0,0,NA,false,0,0,0,NA,-1,-1,-1,-1,-1,-2,-2,false,0,0,0,NA,-1,-1,-1,-1,-1,-2,-2
2,"Environment: 2, FiringMode: 2",9.535166,false,0,0,0,NA,false,0,0,0,NA,-1,-1,-1,-1,-1,-2,-2,false,0,0,0,NA,-1,-1,-1,-1,-1,-2,-2
2,"Environment: 2, FiringMode: 2",9.536443,false,0,0,0,NA,false,0,0,0,NA,-1,-1,-1,-1,-1,-2,-2,false,0,0,0,NA,-1,-1,-1,-1,-1,-2,-2
2,"Environment: 2, FiringMode: 2",9.537695,false,0,0,0,NA,false,0,0,0,NA,-1,-1,-1,-1,-1,-2,-2,false,0,0,0,NA,-1,-1,-1,-1,-1,-2,-2
2,"Environment: 2, FiringMode: 2",9.539005,false,0,0,0,NA,false,0,0,0,NA,-1,-1,-1,-1,-1,-2,-2,false,0,0,0,NA,-1,-1,-1,-1,-1,-2,-2
2,"Environment: 2, FiringMode: 2",9.540282,false,0,0,0,NA,false,0,0,0,NA,-1,-1,-1,-1,-1,-2,-2,false,0,0,0,NA,-1,-1,-1,-1,-1,-2,-2
2,"Environment: 2, FiringMode: 2",9.541555,false,0,0,0,NA,false,0,0,0,NA,-1,-1,-1,-1,-1,-2,-2,false,0,0,0,NA,-1,-1,-1,-1,-1,-2,-2
2,"Environment: 2, FiringMode: 2",9.542809,false,0,0,0,NA,false,0,0,0,NA,-1,-1,-1,-1,-1,-2,-2,false,0,0,0,NA,-1,-1,-1,-1,-1,-2,-2
2,"Environment: 2, FiringMode: 2",9.544081,false,0,0,0,NA,false,0,0,0,NA,-1,-1,-1,-1,-1,-2,-2,false,0,0,0,NA,-1,-1,-1,-1,-1,-2,-2
2,"Environment: 2, FiringMode: 2",9.545345,false,0,0,0,NA,false,0,0,0,NA,-1,-1,-1,-1,-1,-2,-2,false,0,0,0,NA,-1,-1,-1,-1,-1,-2,-2
2,"Environment: 2, FiringMode: 2",9.546633,false,0,0,0,NA,false,0,0,0,NA,-1,-1,-1,-1,-1,-2,-2,false,0,0,0,NA,-1,-1,-1,-1,-1,-2,-2
2,"Environment: 2, FiringMode: 2",9.5479,false,0,0,0,NA,false,0,0,0,NA,-1,-1,-1,-1,-1,-2,-2,false,0,0,0,NA,-1,-1,-1,-1,-1,-2,-2
2,"Environment: 2, FiringMode: 2",9.549158,false,0,0,0,NA,false,0,0,0,NA,-1,-1,-1,-1,-1,-2,-2,false,0,0,0,NA,-1,-1,-1,-1,-1,-2,-2
2,"Environment: 2, FiringMode: 2",9.550492,false,0,0,0,NA,false,0,0,0,NA,-1,-1,-1,-1,-1,-2,-2,false,0,0,0,NA,-1,-1,-1,-1,-1,-2,-2
2,"Environment: 2, FiringMode: 2",9.551664,false,0,0,0,NA,false,0,0,0,NA,-1,-1,-1,-1,-1,-2,-2,false,0,0,0,NA,-1,-1,-1,-1,-1,-2,-2
2,"Environment: 2, FiringMode: 2",9.552911,false,0,0,0,NA,false,0,0,0,NA,-1,-1,-1,-1,-1,-2,-2,false,0,0,0,NA,-1,-1,-1,-1,-1,-2,-2
2,"Environment: 2, FiringMode: 2",9.554154,false,0,0,0,NA,false,0,0,0,NA,-1,-1,-1,-1,-1,-2,-2,false,0,0,0,NA,-1,-1,-1,-1,-1,-2,-2
2,"Environment: 2, FiringMode: 2",9.555451,false,0,0,0,NA,false,0,0,0,NA,-1,-1,-1,-1,-1,-2,-2,false,0,0,0,NA,-1,-1,-1,-1,-1,-2,-2
2,"Environment: 2, FiringMode: 2",9.556822,false,0,0,0,NA,false,0,0,0,NA,-1,-1,-1,-1,-1,-2,-2,false,0,0,0,NA,-1,-1,-1,-1,-1,-2,-2
2,"Environment: 2, FiringMode: 2",9.558119,false,0,0,0,NA,false,0,0,0,NA,-1,-1,-1,-1,-1,-2,-2,false,0,0,0,NA,-1,-1,-1,-1,-1,-2,-2
2,"Environment: 2, FiringMode: 2",9.559486,false,0,0,0,NA,false,0,0,0,NA,-1,-1,-1,-1,-1,-2,-2,false,0,0,0,NA,-1,-1,-1,-1,-1,-2,-2
2,"Environment: 2, FiringMode: 2",9.560804,false,0,0,0,NA,false,0,0,0,NA,-1,-1,-1,-1,-1,-2,-2,false,0,0,0,NA,-1,-1,-1,-1,-1,-2,-2
2,"Environment: 2, FiringMode: 2",9.562029,false,0,0,0,NA,false,0,0,0,NA,-1,-1,-1,-1,-1,-2,-2,false,0,0,0,NA,-1,-1,-1,-1,-1,-2,-2
2,"Environment: 2, FiringMode: 2",9.563275,false,0,0,0,NA,false,0,0,0,NA,-1,-1,-1,-1,-1,-2,-2,false,0,0,0,NA,-1,-1,-1,-1,-1,-2,-2
2,"Environment: 2, FiringMode: 2",9.564469,false,0,0,0,NA,false,0,0,0,NA,-1,-1,-1,-1,-1,-2,-2,false,0,0,0,NA,-1,-1,-1,-1,-1,-2,-2
2,"Environment: 2, FiringMode: 2",9.565691,false,0,0,0,NA,false,0,0,0,NA,-1,-1,-1,-1,-1,-2,-2,false,0,0,0,NA,-1,-1,-1,-1,-1,-2,-2
2,"Environment: 2, FiringMode: 2",9.566906,false,0,0,0,NA,false,0,0,0,NA,-1,-1,-1,-1,-1,-2,-2,false,0,0,0,NA,-1,-1,-1,-1,-1,-2,-2
2,"Environment: 2, FiringMode: 2",9.568088,false,0,0,0,NA,false,0,0,0,NA,-1,-1,-1,-1,-1,-2,-2,false,0,0,0,NA,-1,-1,-1,-1,-1,-2,-2
2,"Environment: 2, FiringMode: 2",9.569432,false,0,0,0,NA,false,0,0,0,NA,-1,-1,-1,-1,-1,-2,-2,false,0,0,0,NA,-1,-1,-1,-1,-1,-2,-2
2,"Environment: 2, FiringMode: 2",9.570746,false,0,0,0,NA,false,0,0,0,NA,-1,-1,-1,-1,-1,-2,-2,false,0,0,0,NA,-1,-1,-1,-1,-1,-2,-2
2,"Environment: 2, FiringMode: 2",9.572091,false,0,0,0,NA,false,0,0,0,NA,-1,-1,-1,-1,-1,-2,-2,false,0,0,0,NA,-1,-1,-1,-1,-1,-2,-2
2,"Environment: 2, FiringMode: 2",9.573332,false,0,0,0,NA,false,0,0,0,NA,-1,-1,-1,-1,-1,-2,-2,false,0,0,0,NA,-1,-1,-1,-1,-1,-2,-2
2,"Environment: 2, FiringMode: 2",9.574596,false,0,0,0,NA,false,0,0,0,NA,-1,-1,-1,-1,-1,-2,-2,false,0,0,0,NA,-1,-1,-1,-1,-1,-2,-2
2,"Environment: 2, FiringMode: 2",9.575858,false,0,0,0,NA,false,0,0,0,NA,-1,-1,-1,-1,-1,-2,-2,false,0,0,0,NA,-1,-1,-1,-1,-1,-2,-2
2,"Environment: 2, FiringMode: 2",9.57714,false,0,0,0,NA,false,0,0,0,NA,-1,-1,-1,-1,-1,-2,-2,false,0,0,0,NA,-1,-1,-1,-1,-1,-2,-2
2,"Environment: 2, FiringMode: 2",9.5784,false,0,0,0,NA,false,0,0,0,NA,-1,-1,-1,-1,-1,-2,-2,false,0,0,0,NA,-1,-1,-1,-1,-1,-2,-2
2,"Environment: 2, FiringMode: 2",9.579765,false,0,0,0,NA,false,0,0,0,NA,-1,-1,-1,-1,-1,-2,-2,false,0,0,0,NA,-1,-1,-1,-1,-1,-2,-2
2,"Environment: 2, FiringMode: 2",9.581031,false,0,0,0,NA,false,0,0,0,NA,-1,-1,-1,-1,-1,-2,-2,false,0,0,0,NA,-1,-1,-1,-1,-1,-2,-2
2,"Environment: 2, FiringMode: 2",9.582359,false,0,0,0,NA,false,0,0,0,NA,-1,-1,-1,-1,-1,-2,-2,false,0,0,0,NA,-1,-1,-1,-1,-1,-2,-2
2,"Environment: 2, FiringMode: 2",9.583812,false,0,0,0,NA,false,0,0,0,NA,-1,-1,-1,-1,-1,-2,-2,false,0,0,0,NA,-1,-1,-1,-1,-1,-2,-2
2,"Environment: 2, FiringMode: 2",9.585115,false,0,0,0,NA,false,0,0,0,NA,-1,-1,-1,-1,-1,-2,-2,false,0,0,0,NA,-1,-1,-1,-1,-1,-2,-2
2,"Environment: 2, FiringMode: 2",9.586311,false,0,0,0,NA,false,0,0,0,NA,-1,-1,-1,-1,-1,-2,-2,false,0,0,0,NA,-1,-1,-1,-1,-1,-2,-2
2,"Environment: 2, FiringMode: 2",9.587531,false,0,0,0,NA,false,0,0,0,NA,-1,-1,-1,-1,-1,-2,-2,false,0,0,0,NA,-1,-1,-1,-1,-1,-2,-2
2,"Environment: 2, FiringMode: 2",9.58877,false,0,0,0,NA,false,0,0,0,NA,-1,-1,-1,-1,-1,-2,-2,false,0,0,0,NA,-1,-1,-1,-1,-1,-2,-2
2,"Environment: 2, FiringMode: 2",9.589955,false,0,0,0,NA,false,0,0,0,NA,-1,-1,-1,-1,-1,-2,-2,false,0,0,0,NA,-1,-1,-1,-1,-1,-2,-2
2,"Environment: 2, FiringMode: 2",9.591128,false,0,0,0,NA,false,0,0,0,NA,-1,-1,-1,-1,-1,-2,-2,false,0,0,0,NA,-1,-1,-1,-1,-1,-2,-2
2,"Environment: 2, FiringMode: 2",9.592353,false,0,0,0,NA,false,0,0,0,NA,-1,-1,-1,-1,-1,-2,-2,false,0,0,0,NA,-1,-1,-1,-1,-1,-2,-2
2,"Environment: 2, FiringMode: 2",9.593607,false,0,0,0,NA,false,0,0,0,NA,-1,-1,-1,-1,-1,-2,-2,false,0,0,0,NA,-1,-1,-1,-1,-1,-2,-2
2,"Environment: 2, FiringMode: 2",9.594882,false,0,0,0,NA,false,0,0,0,NA,-1,-1,-1,-1,-1,-2,-2,false,0,0,0,NA,-1,-1,-1,-1,-1,-2,-2
2,"Environment: 2, FiringMode: 2",9.596091,false,0,0,0,NA,false,0,0,0,NA,-1,-1,-1,-1,-1,-2,-2,false,0,0,0,NA,-1,-1,-1,-1,-1,-2,-2
2,"Environment: 2, FiringMode: 2",9.597405,false,0,0,0,NA,false,0,0,0,NA,-1,-1,-1,-1,-1,-2,-2,false,0,0,0,NA,-1,-1,-1,-1,-1,-2,-2
2,"Environment: 2, FiringMode: 2",9.598729,false,0,0,0,NA,false,0,0,0,NA,-1,-1,-1,-1,-1,-2,-2,false,0,0,0,NA,-1,-1,-1,-1,-1,-2,-2
2,"Environment: 2, FiringMode: 2",9.600073,false,0,0,0,NA,false,0,0,0,NA,-1,-1,-1,-1,-1,-2,-2,false,0,0,0,NA,-1,-1,-1,-1,-1,-2,-2
2,"Environment: 2, FiringMode: 2",9.601359,false,0,0,0,NA,false,0,0,0,NA,-1,-1,-1,-1,-1,-2,-2,false,0,0,0,NA,-1,-1,-1,-1,-1,-2,-2
2,"Environment: 2, FiringMode: 2",9.602631,false,0,0,0,NA,false,0,0,0,NA,-1,-1,-1,-1,-1,-2,-2,false,0,0,0,NA,-1,-1,-1,-1,-1,-2,-2
2,"Environment: 2, FiringMode: 2",9.603912,false,0,0,0,NA,false,0,0,0,NA,-1,-1,-1,-1,-1,-2,-2,false,0,0,0,NA,-1,-1,-1,-1,-1,-2,-2
2,"Environment: 2, FiringMode: 2",9.605197,false,0,0,0,NA,false,0,0,0,NA,-1,-1,-1,-1,-1,-2,-2,false,0,0,0,NA,-1,-1,-1,-1,-1,-2,-2
2,"Environment: 2, FiringMode: 2",9.606403,false,0,0,0,NA,false,0,0,0,NA,-1,-1,-1,-1,-1,-2,-2,false,0,0,0,NA,-1,-1,-1,-1,-1,-2,-2
2,"Environment: 2, FiringMode: 2",9.607657,false,0,0,0,NA,false,0,0,0,NA,-1,-1,-1,-1,-1,-2,-2,false,0,0,0,NA,-1,-1,-1,-1,-1,-2,-2
2,"Environment: 2, FiringMode: 2",9.608882,false,0,0,0,NA,false,0,0,0,NA,-1,-1,-1,-1,-1,-2,-2,false,0,0,0,NA,-1,-1,-1,-1,-1,-2,-2
2,"Environment: 2, FiringMode: 2",9.610151,false,0,0,0,NA,false,0,0,0,NA,-1,-1,-1,-1,-1,-2,-2,false,0,0,0,NA,-1,-1,-1,-1,-1,-2,-2
2,"Environment: 2, FiringMode: 2",9.611503,false,0,0,0,NA,false,0,0,0,NA,-1,-1,-1,-1,-1,-2,-2,false,0,0,0,NA,-1,-1,-1,-1,-1,-2,-2
2,"Environment: 2, FiringMode: 2",9.612872,false,0,0,0,NA,false,0,0,0,NA,-1,-1,-1,-1,-1,-2,-2,false,0,0,0,NA,-1,-1,-1,-1,-1,-2,-2
2,"Environment: 2, FiringMode: 2",9.614289,false,0,0,0,NA,false,0,0,0,NA,-1,-1,-1,-1,-1,-2,-2,false,0,0,0,NA,-1,-1,-1,-1,-1,-2,-2
2,"Environment: 2, FiringMode: 2",9.615516,false,0,0,0,NA,false,0,0,0,NA,-1,-1,-1,-1,-1,-2,-2,false,0,0,0,NA,-1,-1,-1,-1,-1,-2,-2
2,"Environment: 2, FiringMode: 2",9.616749,false,0,0,0,NA,false,0,0,0,NA,-1,-1,-1,-1,-1,-2,-2,false,0,0,0,NA,-1,-1,-1,-1,-1,-2,-2
2,"Environment: 2, FiringMode: 2",9.617935,false,0,0,0,NA,false,0,0,0,NA,-1,-1,-1,-1,-1,-2,-2,false,0,0,0,NA,-1,-1,-1,-1,-1,-2,-2
2,"Environment: 2, FiringMode: 2",9.619257,false,0,0,0,NA,false,0,0,0,NA,-1,-1,-1,-1,-1,-2,-2,false,0,0,0,NA,-1,-1,-1,-1,-1,-2,-2
2,"Environment: 2, FiringMode: 2",9.620461,false,0,0,0,NA,false,0,0,0,NA,-1,-1,-1,-1,-1,-2,-2,false,0,0,0,NA,-1,-1,-1,-1,-1,-2,-2
2,"Environment: 2, FiringMode: 2",9.621636,false,0,0,0,NA,false,0,0,0,NA,-1,-1,-1,-1,-1,-2,-2,false,0,0,0,NA,-1,-1,-1,-1,-1,-2,-2
2,"Environment: 2, FiringMode: 2",9.6228,false,0,0,0,NA,false,0,0,0,NA,-1,-1,-1,-1,-1,-2,-2,false,0,0,0,NA,-1,-1,-1,-1,-1,-2,-2
2,"Environment: 2, FiringMode: 2",9.624014,false,0,0,0,NA,false,0,0,0,NA,-1,-1,-1,-1,-1,-2,-2,false,0,0,0,NA,-1,-1,-1,-1,-1,-2,-2
2,"Environment: 2, FiringMode: 2",9.625392,false,0,0,0,NA,false,0,0,0,NA,-1,-1,-1,-1,-1,-2,-2,false,0,0,0,NA,-1,-1,-1,-1,-1,-2,-2
2,"Environment: 2, FiringMode: 2",9.626653,false,0,0,0,NA,false,0,0,0,NA,-1,-1,-1,-1,-1,-2,-2,false,0,0,0,NA,-1,-1,-1,-1,-1,-2,-2
2,"Environment: 2, FiringMode: 2",9.62783,false,0,0,0,NA,false,0,0,0,NA,-1,-1,-1,-1,-1,-2,-2,false,0,0,0,NA,-1,-1,-1,-1,-1,-2,-2
2,"Environment: 2, FiringMode: 2",9.629012,false,0,0,0,NA,false,0,0,0,NA,-1,-1,-1,-1,-1,-2,-2,false,0,0,0,NA,-1,-1,-1,-1,-1,-2,-2
2,"Environment: 2, FiringMode: 2",9.630189,false,0,0,0,NA,false,0,0,0,NA,-1,-1,-1,-1,-1,-2,-2,false,0,0,0,NA,-1,-1,-1,-1,-1,-2,-2
2,"Environment: 2, FiringMode: 2",9.631421,false,0,0,0,NA,false,0,0,0,NA,-1,-1,-1,-1,-1,-2,-2,false,0,0,0,NA,-1,-1,-1,-1,-1,-2,-2
2,"Environment: 2, FiringMode: 2",9.632636,false,0,0,0,NA,false,0,0,0,NA,-1,-1,-1,-1,-1,-2,-2,false,0,0,0,NA,-1,-1,-1,-1,-1,-2,-2
2,"Environment: 2, FiringMode: 2",9.633796,false,0,0,0,NA,false,0,0,0,NA,-1,-1,-1,-1,-1,-2,-2,false,0,0,0,NA,-1,-1,-1,-1,-1,-2,-2
2,"Environment: 2, FiringMode: 2",9.635065,false,0,0,0,NA,false,0,0,0,NA,-1,-1,-1,-1,-1,-2,-2,false,0,0,0,NA,-1,-1,-1,-1,-1,-2,-2
2,"Environment: 2, FiringMode: 2",9.636248,false,0,0,0,NA,false,0,0,0,NA,-1,-1,-1,-1,-1,-2,-2,false,0,0,0,NA,-1,-1,-1,-1,-1,-2,-2
2,"Environment: 2, FiringMode: 2",9.637436,false,0,0,0,NA,false,0,0,0,NA,-1,-1,-1,-1,-1,-2,-2,false,0,0,0,NA,-1,-1,-1,-1,-1,-2,-2
2,"Environment: 2, FiringMode: 2",9.63866,false,0,0,0,NA,false,0,0,0,NA,-1,-1,-1,-1,-1,-2,-2,false,0,0,0,NA,-1,-1,-1,-1,-1,-2,-2
2,"Environment: 2, FiringMode: 2",9.640003,false,0,0,0,NA,false,0,0,0,NA,-1,-1,-1,-1,-1,-2,-2,false,0,0,0,NA,-1,-1,-1,-1,-1,-2,-2
2,"Environment: 2, FiringMode: 2",9.641204,false,0,0,0,NA,false,0,0,0,NA,-1,-1,-1,-1,-1,-2,-2,false,0,0,0,NA,-1,-1,-1,-1,-1,-2,-2
2,"Environment: 2, FiringMode: 2",9.642367,false,0,0,0,NA,false,0,0,0,NA,-1,-1,-1,-1,-1,-2,-2,false,0,0,0,NA,-1,-1,-1,-1,-1,-2,-2
2,"Environment: 2, FiringMode: 2",9.643552,false,0,0,0,NA,false,0,0,0,NA,-1,-1,-1,-1,-1,-2,-2,false,0,0,0,NA,-1,-1,-1,-1,-1,-2,-2
2,"Environment: 2, FiringMode: 2",9.644887,false,0,0,0,NA,false,0,0,0,NA,-1,-1,-1,-1,-1,-2,-2,false,0,0,0,NA,-1,-1,-1,-1,-1,-2,-2
2,"Environment: 2, FiringMode: 2",9.646249,false,0,0,0,NA,false,0,0,0,NA,-1,-1,-1,-1,-1,-2,-2,false,0,0,0,NA,-1,-1,-1,-1,-1,-2,-2
2,"Environment: 2, FiringMode: 2",9.647508,false,0,0,0,NA,false,0,0,0,NA,-1,-1,-1,-1,-1,-2,-2,false,0,0,0,NA,-1,-1,-1,-1,-1,-2,-2
2,"Environment: 2, FiringMode: 2",9.648752,false,0,0,0,NA,false,0,0,0,NA,-1,-1,-1,-1,-1,-2,-2,false,0,0,0,NA,-1,-1,-1,-1,-1,-2,-2
2,"Environment: 2, FiringMode: 2",9.650033,false,0,0,0,NA,false,0,0,0,NA,-1,-1,-1,-1,-1,-2,-2,false,0,0,0,NA,-1,-1,-1,-1,-1,-2,-2
2,"Environment: 2, FiringMode: 2",9.651317,false,0,0,0,NA,false,0,0,0,NA,-1,-1,-1,-1,-1,-2,-2,false,0,0,0,NA,-1,-1,-1,-1,-1,-2,-2
2,"Environment: 2, FiringMode: 2",9.652643,false,0,0,0,NA,false,0,0,0,NA,-1,-1,-1,-1,-1,-2,-2,false,0,0,0,NA,-1,-1,-1,-1,-1,-2,-2
2,"Environment: 2, FiringMode: 2",9.653967,false,0,0,0,NA,false,0,0,0,NA,-1,-1,-1,-1,-1,-2,-2,false,0,0,0,NA,-1,-1,-1,-1,-1,-2,-2
2,"Environment: 2, FiringMode: 2",9.655251,false,0,0,0,NA,false,0,0,0,NA,-1,-1,-1,-1,-1,-2,-2,false,0,0,0,NA,-1,-1,-1,-1,-1,-2,-2
2,"Environment: 2, FiringMode: 2",9.657122,false,0,0,0,NA,false,0,0,0,NA,-1,-1,-1,-1,-1,-2,-2,false,0,0,0,NA,-1,-1,-1,-1,-1,-2,-2
2,"Environment: 2, FiringMode: 2",9.65839,false,0,0,0,NA,false,0,0,0,NA,-1,-1,-1,-1,-1,-2,-2,false,0,0,0,NA,-1,-1,-1,-1,-1,-2,-2
2,"Environment: 2, FiringMode: 2",9.659756,false,0,0,0,NA,false,0,0,0,NA,-1,-1,-1,-1,-1,-2,-2,false,0,0,0,NA,-1,-1,-1,-1,-1,-2,-2
2,"Environment: 2, FiringMode: 2",9.661168,false,0,0,0,NA,false,0,0,0,NA,-1,-1,-1,-1,-1,-2,-2,false,0,0,0,NA,-1,-1,-1,-1,-1,-2,-2
2,"Environment: 2, FiringMode: 2",9.662543,false,0,0,0,NA,false,0,0,0,NA,-1,-1,-1,-1,-1,-2,-2,false,0,0,0,NA,-1,-1,-1,-1,-1,-2,-2
2,"Environment: 2, FiringMode: 2",9.663744,false,0,0,0,NA,false,0,0,0,NA,-1,-1,-1,-1,-1,-2,-2,false,0,0,0,NA,-1,-1,-1,-1,-1,-2,-2
2,"Environment: 2, FiringMode: 2",9.664938,false,0,0,0,NA,false,0,0,0,NA,-1,-1,-1,-1,-1,-2,-2,false,0,0,0,NA,-1,-1,-1,-1,-1,-2,-2
2,"Environment: 2, FiringMode: 2",9.666249,false,0,0,0,NA,false,0,0,0,NA,-1,-1,-1,-1,-1,-2,-2,false,0,0,0,NA,-1,-1,-1,-1,-1,-2,-2
2,"Environment: 2, FiringMode: 2",9.667633,false,0,0,0,NA,false,0,0,0,NA,-1,-1,-1,-1,-1,-2,-2,false,0,0,0,NA,-1,-1,-1,-1,-1,-2,-2
2,"Environment: 2, FiringMode: 2",9.668928,false,0,0,0,NA,false,0,0,0,NA,-1,-1,-1,-1,-1,-2,-2,false,0,0,0,NA,-1,-1,-1,-1,-1,-2,-2
2,"Environment: 2, FiringMode: 2",9.670113,false,0,0,0,NA,false,0,0,0,NA,-1,-1,-1,-1,-1,-2,-2,false,0,0,0,NA,-1,-1,-1,-1,-1,-2,-2
2,"Environment: 2, FiringMode: 2",9.67129,false,0,0,0,NA,false,0,0,0,NA,-1,-1,-1,-1,-1,-2,-2,false,0,0,0,NA,-1,-1,-1,-1,-1,-2,-2
2,"Environment: 2, FiringMode: 2",9.672489,false,0,0,0,NA,false,0,0,0,NA,-1,-1,-1,-1,-1,-2,-2,false,0,0,0,NA,-1,-1,-1,-1,-1,-2,-2
2,"Environment: 2, FiringMode: 2",9.673715,false,0,0,0,NA,false,0,0,0,NA,-1,-1,-1,-1,-1,-2,-2,false,0,0,0,NA,-1,-1,-1,-1,-1,-2,-2
2,"Environment: 2, FiringMode: 2",9.674893,false,0,0,0,NA,false,0,0,0,NA,-1,-1,-1,-1,-1,-2,-2,false,0,0,0,NA,-1,-1,-1,-1,-1,-2,-2
2,"Environment: 2, FiringMode: 2",9.676097,false,0,0,0,NA,false,0,0,0,NA,-1,-1,-1,-1,-1,-2,-2,false,0,0,0,NA,-1,-1,-1,-1,-1,-2,-2
2,"Environment: 2, FiringMode: 2",9.677309,false,0,0,0,NA,false,0,0,0,NA,-1,-1,-1,-1,-1,-2,-2,false,0,0,0,NA,-1,-1,-1,-1,-1,-2,-2
2,"Environment: 2, FiringMode: 2",9.678537,false,0,0,0,NA,false,0,0,0,NA,-1,-1,-1,-1,-1,-2,-2,false,0,0,0,NA,-1,-1,-1,-1,-1,-2,-2
2,"Environment: 2, FiringMode: 2",9.679895,false,0,0,0,NA,false,0,0,0,NA,-1,-1,-1,-1,-1,-2,-2,false,0,0,0,NA,-1,-1,-1,-1,-1,-2,-2
2,"Environment: 2, FiringMode: 2",9.681202,false,0,0,0,NA,false,0,0,0,NA,-1,-1,-1,-1,-1,-2,-2,false,0,0,0,NA,-1,-1,-1,-1,-1,-2,-2
2,"Environment: 2, FiringMode: 2",9.682755,false,0,0,0,NA,false,0,0,0,NA,-1,-1,-1,-1,-1,-2,-2,false,0,0,0,NA,-1,-1,-1,-1,-1,-2,-2
2,"Environment: 2, FiringMode: 2",9.684056,false,0,0,0,NA,false,0,0,0,NA,-1,-1,-1,-1,-1,-2,-2,false,0,0,0,NA,-1,-1,-1,-1,-1,-2,-2
2,"Environment: 2, FiringMode: 2",9.685438,false,0,0,0,NA,false,0,0,0,NA,-1,-1,-1,-1,-1,-2,-2,false,0,0,0,NA,-1,-1,-1,-1,-1,-2,-2
2,"Environment: 2, FiringMode: 2",9.686789,false,0,0,0,NA,false,0,0,0,NA,-1,-1,-1,-1,-1,-2,-2,false,0,0,0,NA,-1,-1,-1,-1,-1,-2,-2
2,"Environment: 2, FiringMode: 2",9.688073,false,0,0,0,NA,false,0,0,0,NA,-1,-1,-1,-1,-1,-2,-2,false,0,0,0,NA,-1,-1,-1,-1,-1,-2,-2
2,"Environment: 2, FiringMode: 2",9.689568,false,0,0,0,NA,false,0,0,0,NA,-1,-1,-1,-1,-1,-2,-2,false,0,0,0,NA,-1,-1,-1,-1,-1,-2,-2
2,"Environment: 2, FiringMode: 2",9.69087,false,0,0,0,NA,false,0,0,0,NA,-1,-1,-1,-1,-1,-2,-2,false,0,0,0,NA,-1,-1,-1,-1,-1,-2,-2
2,"Environment: 2, FiringMode: 2",9.692243,false,0,0,0,NA,false,0,0,0,NA,-1,-1,-1,-1,-1,-2,-2,false,0,0,0,NA,-1,-1,-1,-1,-1,-2,-2
2,"Environment: 2, FiringMode: 2",9.693577,false,0,0,0,NA,false,0,0,0,NA,-1,-1,-1,-1,-1,-2,-2,false,0,0,0,NA,-1,-1,-1,-1,-1,-2,-2
2,"Environment: 2, FiringMode: 2",9.694942,false,0,0,0,NA,false,0,0,0,NA,-1,-1,-1,-1,-1,-2,-2,false,0,0,0,NA,-1,-1,-1,-1,-1,-2,-2
2,"Environment: 2, FiringMode: 2",9.696256,false,0,0,0,NA,false,0,0,0,NA,-1,-1,-1,-1,-1,-2,-2,false,0,0,0,NA,-1,-1,-1,-1,-1,-2,-2
2,"Environment: 2, FiringMode: 2",9.697708,false,0,0,0,NA,false,0,0,0,NA,-1,-1,-1,-1,-1,-2,-2,false,0,0,0,NA,-1,-1,-1,-1,-1,-2,-2
2,"Environment: 2, FiringMode: 2",9.699145,false,0,0,0,NA,false,0,0,0,NA,-1,-1,-1,-1,-1,-2,-2,false,0,0,0,NA,-1,-1,-1,-1,-1,-2,-2
2,"Environment: 2, FiringMode: 2",9.700567,false,0,0,0,NA,false,0,0,0,NA,-1,-1,-1,-1,-1,-2,-2,false,0,0,0,NA,-1,-1,-1,-1,-1,-2,-2
2,"Environment: 2, FiringMode: 2",9.701869,false,0,0,0,NA,false,0,0,0,NA,-1,-1,-1,-1,-1,-2,-2,false,0,0,0,NA,-1,-1,-1,-1,-1,-2,-2
2,"Environment: 2, FiringMode: 2",9.703077,false,0,0,0,NA,false,0,0,0,NA,-1,-1,-1,-1,-1,-2,-2,false,0,0,0,NA,-1,-1,-1,-1,-1,-2,-2
2,"Environment: 2, FiringMode: 2",9.704313,false,0,0,0,NA,false,0,0,0,NA,-1,-1,-1,-1,-1,-2,-2,false,0,0,0,NA,-1,-1,-1,-1,-1,-2,-2
2,"Environment: 2, FiringMode: 2",9.705539,false,0,0,0,NA,false,0,0,0,NA,-1,-1,-1,-1,-1,-2,-2,false,0,0,0,NA,-1,-1,-1,-1,-1,-2,-2
2,"Environment: 2, FiringMode: 2",9.706808,false,0,0,0,NA,false,0,0,0,NA,-1,-1,-1,-1,-1,-2,-2,false,0,0,0,NA,-1,-1,-1,-1,-1,-2,-2
2,"Environment: 2, FiringMode: 2",9.708115,false,0,0,0,NA,false,0,0,0,NA,-1,-1,-1,-1,-1,-2,-2,false,0,0,0,NA,-1,-1,-1,-1,-1,-2,-2
2,"Environment: 2, FiringMode: 2",9.709537,false,0,0,0,NA,false,0,0,0,NA,-1,-1,-1,-1,-1,-2,-2,false,0,0,0,NA,-1,-1,-1,-1,-1,-2,-2
2,"Environment: 2, FiringMode: 2",9.710871,false,0,0,0,NA,false,0,0,0,NA,-1,-1,-1,-1,-1,-2,-2,false,0,0,0,NA,-1,-1,-1,-1,-1,-2,-2
2,"Environment: 2, FiringMode: 2",9.712073,false,0,0,0,NA,false,0,0,0,NA,-1,-1,-1,-1,-1,-2,-2,false,0,0,0,NA,-1,-1,-1,-1,-1,-2,-2
2,"Environment: 2, FiringMode: 2",9.713337,false,0,0,0,NA,false,0,0,0,NA,-1,-1,-1,-1,-1,-2,-2,false,0,0,0,NA,-1,-1,-1,-1,-1,-2,-2
2,"Environment: 2, FiringMode: 2",9.714623,false,0,0,0,NA,false,0,0,0,NA,-1,-1,-1,-1,-1,-2,-2,false,0,0,0,NA,-1,-1,-1,-1,-1,-2,-2
2,"Environment: 2, FiringMode: 2",9.715916,false,0,0,0,NA,false,0,0,0,NA,-1,-1,-1,-1,-1,-2,-2,false,0,0,0,NA,-1,-1,-1,-1,-1,-2,-2
2,"Environment: 2, FiringMode: 2",9.717194,false,0,0,0,NA,false,0,0,0,NA,-1,-1,-1,-1,-1,-2,-2,false,0,0,0,NA,-1,-1,-1,-1,-1,-2,-2
2,"Environment: 2, FiringMode: 2",9.718415,false,0,0,0,NA,false,0,0,0,NA,-1,-1,-1,-1,-1,-2,-2,false,0,0,0,NA,-1,-1,-1,-1,-1,-2,-2
2,"Environment: 2, FiringMode: 2",9.71977,false,0,0,0,NA,false,0,0,0,NA,-1,-1,-1,-1,-1,-2,-2,false,0,0,0,NA,-1,-1,-1,-1,-1,-2,-2
2,"Environment: 2, FiringMode: 2",9.721042,false,0,0,0,NA,false,0,0,0,NA,-1,-1,-1,-1,-1,-2,-2,false,0,0,0,NA,-1,-1,-1,-1,-1,-2,-2
2,"Environment: 2, FiringMode: 2",9.722442,false,0,0,0,NA,false,0,0,0,NA,-1,-1,-1,-1,-1,-2,-2,false,0,0,0,NA,-1,-1,-1,-1,-1,-2,-2
2,"Environment: 2, FiringMode: 2",9.723813,false,0,0,0,NA,false,0,0,0,NA,-1,-1,-1,-1,-1,-2,-2,false,0,0,0,NA,-1,-1,-1,-1,-1,-2,-2
2,"Environment: 2, FiringMode: 2",9.72511,false,0,0,0,NA,false,0,0,0,NA,-1,-1,-1,-1,-1,-2,-2,false,0,0,0,NA,-1,-1,-1,-1,-1,-2,-2
2,"Environment: 2, FiringMode: 2",9.72636,false,0,0,0,NA,false,0,0,0,NA,-1,-1,-1,-1,-1,-2,-2,false,0,0,0,NA,-1,-1,-1,-1,-1,-2,-2
2,"Environment: 2, FiringMode: 2",9.727652,false,0,0,0,NA,false,0,0,0,NA,-1,-1,-1,-1,-1,-2,-2,false,0,0,0,NA,-1,-1,-1,-1,-1,-2,-2
2,"Environment: 2, FiringMode: 2",9.728896,false,0,0,0,NA,false,0,0,0,NA,-1,-1,-1,-1,-1,-2,-2,false,0,0,0,NA,-1,-1,-1,-1,-1,-2,-2
2,"Environment: 2, FiringMode: 2",9.730176,false,0,0,0,NA,false,0,0,0,NA,-1,-1,-1,-1,-1,-2,-2,false,0,0,0,NA,-1,-1,-1,-1,-1,-2,-2
2,"Environment: 2, FiringMode: 2",9.731447,false,0,0,0,NA,false,0,0,0,NA,-1,-1,-1,-1,-1,-2,-2,false,0,0,0,NA,-1,-1,-1,-1,-1,-2,-2
2,"Environment: 2, FiringMode: 2",9.732656,false,0,0,0,NA,false,0,0,0,NA,-1,-1,-1,-1,-1,-2,-2,false,0,0,0,NA,-1,-1,-1,-1,-1,-2,-2
2,"Environment: 2, FiringMode: 2",9.733891,false,0,0,0,NA,false,0,0,0,NA,-1,-1,-1,-1,-1,-2,-2,false,0,0,0,NA,-1,-1,-1,-1,-1,-2,-2
2,"Environment: 2, FiringMode: 2",9.735185,false,0,0,0,NA,false,0,0,0,NA,-1,-1,-1,-1,-1,-2,-2,false,0,0,0,NA,-1,-1,-1,-1,-1,-2,-2
2,"Environment: 2, FiringMode: 2",9.736547,false,0,0,0,NA,false,0,0,0,NA,-1,-1,-1,-1,-1,-2,-2,false,0,0,0,NA,-1,-1,-1,-1,-1,-2,-2
2,"Environment: 2, FiringMode: 2",9.737823,false,0,0,0,NA,false,0,0,0,NA,-1,-1,-1,-1,-1,-2,-2,false,0,0,0,NA,-1,-1,-1,-1,-1,-2,-2
2,"Environment: 2, FiringMode: 2",9.739152,false,0,0,0,NA,false,0,0,0,NA,-1,-1,-1,-1,-1,-2,-2,false,0,0,0,NA,-1,-1,-1,-1,-1,-2,-2
2,"Environment: 2, FiringMode: 2",9.740468,false,0,0,0,NA,false,0,0,0,NA,-1,-1,-1,-1,-1,-2,-2,false,0,0,0,NA,-1,-1,-1,-1,-1,-2,-2
2,"Environment: 2, FiringMode: 2",9.741784,false,0,0,0,NA,false,0,0,0,NA,-1,-1,-1,-1,-1,-2,-2,false,0,0,0,NA,-1,-1,-1,-1,-1,-2,-2
2,"Environment: 2, FiringMode: 2",9.742979,false,0,0,0,NA,false,0,0,0,NA,-1,-1,-1,-1,-1,-2,-2,false,0,0,0,NA,-1,-1,-1,-1,-1,-2,-2
2,"Environment: 2, FiringMode: 2",9.744209,false,0,0,0,NA,false,0,0,0,NA,-1,-1,-1,-1,-1,-2,-2,false,0,0,0,NA,-1,-1,-1,-1,-1,-2,-2
2,"Environment: 2, FiringMode: 2",9.745475,false,0,0,0,NA,false,0,0,0,NA,-1,-1,-1,-1,-1,-2,-2,false,0,0,0,NA,-1,-1,-1,-1,-1,-2,-2
2,"Environment: 2, FiringMode: 2",9.746707,false,0,0,0,NA,false,0,0,0,NA,-1,-1,-1,-1,-1,-2,-2,false,0,0,0,NA,-1,-1,-1,-1,-1,-2,-2
2,"Environment: 2, FiringMode: 2",9.747933,false,0,0,0,NA,false,0,0,0,NA,-1,-1,-1,-1,-1,-2,-2,false,0,0,0,NA,-1,-1,-1,-1,-1,-2,-2
2,"Environment: 2, FiringMode: 2",9.749182,false,0,0,0,NA,false,0,0,0,NA,-1,-1,-1,-1,-1,-2,-2,false,0,0,0,NA,-1,-1,-1,-1,-1,-2,-2
2,"Environment: 2, FiringMode: 2",9.750517,false,0,0,0,NA,false,0,0,0,NA,-1,-1,-1,-1,-1,-2,-2,false,0,0,0,NA,-1,-1,-1,-1,-1,-2,-2
2,"Environment: 2, FiringMode: 2",9.751841,false,0,0,0,NA,false,0,0,0,NA,-1,-1,-1,-1,-1,-2,-2,false,0,0,0,NA,-1,-1,-1,-1,-1,-2,-2
2,"Environment: 2, FiringMode: 2",9.753112,false,0,0,0,NA,false,0,0,0,NA,-1,-1,-1,-1,-1,-2,-2,false,0,0,0,NA,-1,-1,-1,-1,-1,-2,-2
2,"Environment: 2, FiringMode: 2",9.754369,false,0,0,0,NA,false,0,0,0,NA,-1,-1,-1,-1,-1,-2,-2,false,0,0,0,NA,-1,-1,-1,-1,-1,-2,-2
2,"Environment: 2, FiringMode: 2",9.755641,false,0,0,0,NA,false,0,0,0,NA,-1,-1,-1,-1,-1,-2,-2,false,0,0,0,NA,-1,-1,-1,-1,-1,-2,-2
2,"Environment: 2, FiringMode: 2",9.756889,false,0,0,0,NA,false,0,0,0,NA,-1,-1,-1,-1,-1,-2,-2,false,0,0,0,NA,-1,-1,-1,-1,-1,-2,-2
2,"Environment: 2, FiringMode: 2",9.760358,false,0,0,0,NA,false,0,0,0,NA,-1,-1,-1,-1,-1,-2,-2,false,0,0,0,NA,-1,-1,-1,-1,-1,-2,-2
2,"Environment: 2, FiringMode: 2",9.761868,false,0,0,0,NA,false,0,0,0,NA,-1,-1,-1,-1,-1,-2,-2,false,0,0,0,NA,-1,-1,-1,-1,-1,-2,-2
2,"Environment: 2, FiringMode: 2",9.763224,false,0,0,0,NA,false,0,0,0,NA,-1,-1,-1,-1,-1,-2,-2,false,0,0,0,NA,-1,-1,-1,-1,-1,-2,-2
2,"Environment: 2, FiringMode: 2",9.764618,false,0,0,0,NA,false,0,0,0,NA,-1,-1,-1,-1,-1,-2,-2,false,0,0,0,NA,-1,-1,-1,-1,-1,-2,-2
2,"Environment: 2, FiringMode: 2",9.765944,false,0,0,0,NA,false,0,0,0,NA,-1,-1,-1,-1,-1,-2,-2,false,0,0,0,NA,-1,-1,-1,-1,-1,-2,-2
2,"Environment: 2, FiringMode: 2",9.767148,false,0,0,0,NA,false,0,0,0,NA,-1,-1,-1,-1,-1,-2,-2,false,0,0,0,NA,-1,-1,-1,-1,-1,-2,-2
2,"Environment: 2, FiringMode: 2",9.768371,false,0,0,0,NA,false,0,0,0,NA,-1,-1,-1,-1,-1,-2,-2,false,0,0,0,NA,-1,-1,-1,-1,-1,-2,-2
2,"Environment: 2, FiringMode: 2",9.76983,false,0,0,0,NA,false,0,0,0,NA,-1,-1,-1,-1,-1,-2,-2,false,0,0,0,NA,-1,-1,-1,-1,-1,-2,-2
2,"Environment: 2, FiringMode: 2",9.771194,false,0,0,0,NA,false,0,0,0,NA,-1,-1,-1,-1,-1,-2,-2,false,0,0,0,NA,-1,-1,-1,-1,-1,-2,-2
2,"Environment: 2, FiringMode: 2",9.772476,false,0,0,0,NA,false,0,0,0,NA,-1,-1,-1,-1,-1,-2,-2,false,0,0,0,NA,-1,-1,-1,-1,-1,-2,-2
2,"Environment: 2, FiringMode: 2",9.773698,false,0,0,0,NA,false,0,0,0,NA,-1,-1,-1,-1,-1,-2,-2,false,0,0,0,NA,-1,-1,-1,-1,-1,-2,-2
2,"Environment: 2, FiringMode: 2",9.774997,false,0,0,0,NA,false,0,0,0,NA,-1,-1,-1,-1,-1,-2,-2,false,0,0,0,NA,-1,-1,-1,-1,-1,-2,-2
2,"Environment: 2, FiringMode: 2",9.776303,false,0,0,0,NA,false,0,0,0,NA,-1,-1,-1,-1,-1,-2,-2,false,0,0,0,NA,-1,-1,-1,-1,-1,-2,-2
2,"Environment: 2, FiringMode: 2",9.7776,false,0,0,0,NA,false,0,0,0,NA,-1,-1,-1,-1,-1,-2,-2,false,0,0,0,NA,-1,-1,-1,-1,-1,-2,-2
2,"Environment: 2, FiringMode: 2",9.779059,false,0,0,0,NA,false,0,0,0,NA,-1,-1,-1,-1,-1,-2,-2,false,0,0,0,NA,-1,-1,-1,-1,-1,-2,-2
2,"Environment: 2, FiringMode: 2",9.78042,false,0,0,0,NA,false,0,0,0,NA,-1,-1,-1,-1,-1,-2,-2,false,0,0,0,NA,-1,-1,-1,-1,-1,-2,-2
2,"Environment: 2, FiringMode: 2",9.781796,false,0,0,0,NA,false,0,0,0,NA,-1,-1,-1,-1,-1,-2,-2,false,0,0,0,NA,-1,-1,-1,-1,-1,-2,-2
2,"Environment: 2, FiringMode: 2",9.783194,false,0,0,0,NA,false,0,0,0,NA,-1,-1,-1,-1,-1,-2,-2,false,0,0,0,NA,-1,-1,-1,-1,-1,-2,-2
2,"Environment: 2, FiringMode: 2",9.78447,false,0,0,0,NA,false,0,0,0,NA,-1,-1,-1,-1,-1,-2,-2,false,0,0,0,NA,-1,-1,-1,-1,-1,-2,-2
2,"Environment: 2, FiringMode: 2",9.785728,false,0,0,0,NA,false,0,0,0,NA,-1,-1,-1,-1,-1,-2,-2,false,0,0,0,NA,-1,-1,-1,-1,-1,-2,-2
2,"Environment: 2, FiringMode: 2",9.786929,false,0,0,0,NA,false,0,0,0,NA,-1,-1,-1,-1,-1,-2,-2,false,0,0,0,NA,-1,-1,-1,-1,-1,-2,-2
2,"Environment: 2, FiringMode: 2",9.788188,false,0,0,0,NA,false,0,0,0,NA,-1,-1,-1,-1,-1,-2,-2,false,0,0,0,NA,-1,-1,-1,-1,-1,-2,-2
2,"Environment: 2, FiringMode: 2",9.789628,false,0,0,0,NA,false,0,0,0,NA,-1,-1,-1,-1,-1,-2,-2,false,0,0,0,NA,-1,-1,-1,-1,-1,-2,-2
2,"Environment: 2, FiringMode: 2",9.790983,false,0,0,0,NA,false,0,0,0,NA,-1,-1,-1,-1,-1,-2,-2,false,0,0,0,NA,-1,-1,-1,-1,-1,-2,-2
2,"Environment: 2, FiringMode: 2",9.79246,false,0,0,0,NA,false,0,0,0,NA,-1,-1,-1,-1,-1,-2,-2,false,0,0,0,NA,-1,-1,-1,-1,-1,-2,-2
2,"Environment: 2, FiringMode: 2",9.793996,false,0,0,0,NA,false,0,0,0,NA,-1,-1,-1,-1,-1,-2,-2,false,0,0,0,NA,-1,-1,-1,-1,-1,-2,-2
2,"Environment: 2, FiringMode: 2",9.795317,false,0,0,0,NA,false,0,0,0,NA,-1,-1,-1,-1,-1,-2,-2,false,0,0,0,NA,-1,-1,-1,-1,-1,-2,-2
2,"Environment: 2, FiringMode: 2",9.796596,false,0,0,0,NA,false,0,0,0,NA,-1,-1,-1,-1,-1,-2,-2,false,0,0,0,NA,-1,-1,-1,-1,-1,-2,-2
2,"Environment: 2, FiringMode: 2",9.797894,false,0,0,0,NA,false,0,0,0,NA,-1,-1,-1,-1,-1,-2,-2,false,0,0,0,NA,-1,-1,-1,-1,-1,-2,-2
2,"Environment: 2, FiringMode: 2",9.799247,false,0,0,0,NA,false,0,0,0,NA,-1,-1,-1,-1,-1,-2,-2,false,0,0,0,NA,-1,-1,-1,-1,-1,-2,-2
2,"Environment: 2, FiringMode: 2",9.800652,false,0,0,0,NA,false,0,0,0,NA,-1,-1,-1,-1,-1,-2,-2,false,0,0,0,NA,-1,-1,-1,-1,-1,-2,-2
2,"Environment: 2, FiringMode: 2",9.801999,false,0,0,0,NA,false,0,0,0,NA,-1,-1,-1,-1,-1,-2,-2,false,0,0,0,NA,-1,-1,-1,-1,-1,-2,-2
2,"Environment: 2, FiringMode: 2",9.803186,false,0,0,0,NA,false,0,0,0,NA,-1,-1,-1,-1,-1,-2,-2,false,0,0,0,NA,-1,-1,-1,-1,-1,-2,-2
2,"Environment: 2, FiringMode: 2",9.80446,false,0,0,0,NA,false,0,0,0,NA,-1,-1,-1,-1,-1,-2,-2,false,0,0,0,NA,-1,-1,-1,-1,-1,-2,-2
2,"Environment: 2, FiringMode: 2",9.805857,false,0,0,0,NA,false,0,0,0,NA,-1,-1,-1,-1,-1,-2,-2,false,0,0,0,NA,-1,-1,-1,-1,-1,-2,-2
2,"Environment: 2, FiringMode: 2",9.807214,false,0,0,0,NA,false,0,0,0,NA,-1,-1,-1,-1,-1,-2,-2,false,0,0,0,NA,-1,-1,-1,-1,-1,-2,-2
2,"Environment: 2, FiringMode: 2",9.808462,false,0,0,0,NA,false,0,0,0,NA,-1,-1,-1,-1,-1,-2,-2,false,0,0,0,NA,-1,-1,-1,-1,-1,-2,-2
2,"Environment: 2, FiringMode: 2",9.80975,false,0,0,0,NA,false,0,0,0,NA,-1,-1,-1,-1,-1,-2,-2,false,0,0,0,NA,-1,-1,-1,-1,-1,-2,-2
2,"Environment: 2, FiringMode: 2",9.811061,false,0,0,0,NA,false,0,0,0,NA,-1,-1,-1,-1,-1,-2,-2,false,0,0,0,NA,-1,-1,-1,-1,-1,-2,-2
2,"Environment: 2, FiringMode: 2",9.812341,false,0,0,0,NA,false,0,0,0,NA,-1,-1,-1,-1,-1,-2,-2,false,0,0,0,NA,-1,-1,-1,-1,-1,-2,-2
2,"Environment: 2, FiringMode: 2",9.813649,false,0,0,0,NA,false,0,0,0,NA,-1,-1,-1,-1,-1,-2,-2,false,0,0,0,NA,-1,-1,-1,-1,-1,-2,-2
2,"Environment: 2, FiringMode: 2",9.814939,false,0,0,0,NA,false,0,0,0,NA,-1,-1,-1,-1,-1,-2,-2,false,0,0,0,NA,-1,-1,-1,-1,-1,-2,-2
2,"Environment: 2, FiringMode: 2",9.816137,false,0,0,0,NA,false,0,0,0,NA,-1,-1,-1,-1,-1,-2,-2,false,0,0,0,NA,-1,-1,-1,-1,-1,-2,-2
2,"Environment: 2, FiringMode: 2",9.817406,false,0,0,0,NA,false,0,0,0,NA,-1,-1,-1,-1,-1,-2,-2,false,0,0,0,NA,-1,-1,-1,-1,-1,-2,-2
2,"Environment: 2, FiringMode: 2",9.819134,false,0,0,0,NA,false,0,0,0,NA,-1,-1,-1,-1,-1,-2,-2,false,0,0,0,NA,-1,-1,-1,-1,-1,-2,-2
2,"Environment: 2, FiringMode: 2",9.820455,false,0,0,0,NA,false,0,0,0,NA,-1,-1,-1,-1,-1,-2,-2,false,0,0,0,NA,-1,-1,-1,-1,-1,-2,-2
2,"Environment: 2, FiringMode: 2",9.821764,false,0,0,0,NA,false,0,0,0,NA,-1,-1,-1,-1,-1,-2,-2,false,0,0,0,NA,-1,-1,-1,-1,-1,-2,-2
2,"Environment: 2, FiringMode: 2",9.823029,false,0,0,0,NA,false,0,0,0,NA,-1,-1,-1,-1,-1,-2,-2,false,0,0,0,NA,-1,-1,-1,-1,-1,-2,-2
2,"Environment: 2, FiringMode: 2",9.824821,false,0,0,0,NA,false,0,0,0,NA,-1,-1,-1,-1,-1,-2,-2,false,0,0,0,NA,-1,-1,-1,-1,-1,-2,-2
2,"Environment: 2, FiringMode: 2",9.826205,false,0,0,0,NA,false,0,0,0,NA,-1,-1,-1,-1,-1,-2,-2,false,0,0,0,NA,-1,-1,-1,-1,-1,-2,-2
2,"Environment: 2, FiringMode: 2",9.827498,false,0,0,0,NA,false,0,0,0,NA,-1,-1,-1,-1,-1,-2,-2,false,0,0,0,NA,-1,-1,-1,-1,-1,-2,-2
2,"Environment: 2, FiringMode: 2",9.828716,false,0,0,0,NA,false,0,0,0,NA,-1,-1,-1,-1,-1,-2,-2,false,0,0,0,NA,-1,-1,-1,-1,-1,-2,-2
2,"Environment: 2, FiringMode: 2",9.829919,false,0,0,0,NA,false,0,0,0,NA,-1,-1,-1,-1,-1,-2,-2,false,0,0,0,NA,-1,-1,-1,-1,-1,-2,-2
2,"Environment: 2, FiringMode: 2",9.831139,false,0,0,0,NA,false,0,0,0,NA,-1,-1,-1,-1,-1,-2,-2,false,0,0,0,NA,-1,-1,-1,-1,-1,-2,-2
2,"Environment: 2, FiringMode: 2",9.832475,false,0,0,0,NA,false,0,0,0,NA,-1,-1,-1,-1,-1,-2,-2,false,0,0,0,NA,-1,-1,-1,-1,-1,-2,-2
2,"Environment: 2, FiringMode: 2",9.833784,false,0,0,0,NA,false,0,0,0,NA,-1,-1,-1,-1,-1,-2,-2,false,0,0,0,NA,-1,-1,-1,-1,-1,-2,-2
2,"Environment: 2, FiringMode: 2",9.835068,false,0,0,0,NA,false,0,0,0,NA,-1,-1,-1,-1,-1,-2,-2,false,0,0,0,NA,-1,-1,-1,-1,-1,-2,-2
2,"Environment: 2, FiringMode: 2",9.836304,false,0,0,0,NA,false,0,0,0,NA,-1,-1,-1,-1,-1,-2,-2,false,0,0,0,NA,-1,-1,-1,-1,-1,-2,-2
2,"Environment: 2, FiringMode: 2",9.837493,false,0,0,0,NA,false,0,0,0,NA,-1,-1,-1,-1,-1,-2,-2,false,0,0,0,NA,-1,-1,-1,-1,-1,-2,-2
2,"Environment: 2, FiringMode: 2",9.838675,false,0,0,0,NA,false,0,0,0,NA,-1,-1,-1,-1,-1,-2,-2,false,0,0,0,NA,-1,-1,-1,-1,-1,-2,-2
2,"Environment: 2, FiringMode: 2",9.839966,false,0,0,0,NA,false,0,0,0,NA,-1,-1,-1,-1,-1,-2,-2,false,0,0,0,NA,-1,-1,-1,-1,-1,-2,-2
2,"Environment: 2, FiringMode: 2",9.841204,false,0,0,0,NA,false,0,0,0,NA,-1,-1,-1,-1,-1,-2,-2,false,0,0,0,NA,-1,-1,-1,-1,-1,-2,-2
2,"Environment: 2, FiringMode: 2",9.842402,false,0,0,0,NA,false,0,0,0,NA,-1,-1,-1,-1,-1,-2,-2,false,0,0,0,NA,-1,-1,-1,-1,-1,-2,-2
2,"Environment: 2, FiringMode: 2",9.843576,false,0,0,0,NA,false,0,0,0,NA,-1,-1,-1,-1,-1,-2,-2,false,0,0,0,NA,-1,-1,-1,-1,-1,-2,-2
2,"Environment: 2, FiringMode: 2",9.844852,false,0,0,0,NA,false,0,0,0,NA,-1,-1,-1,-1,-1,-2,-2,false,0,0,0,NA,-1,-1,-1,-1,-1,-2,-2
2,"Environment: 2, FiringMode: 2",9.846467,false,0,0,0,NA,false,0,0,0,NA,-1,-1,-1,-1,-1,-2,-2,false,0,0,0,NA,-1,-1,-1,-1,-1,-2,-2
2,"Environment: 2, FiringMode: 2",9.847924,false,0,0,0,NA,false,0,0,0,NA,-1,-1,-1,-1,-1,-2,-2,false,0,0,0,NA,-1,-1,-1,-1,-1,-2,-2
2,"Environment: 2, FiringMode: 2",9.849211,false,0,0,0,NA,false,0,0,0,NA,-1,-1,-1,-1,-1,-2,-2,false,0,0,0,NA,-1,-1,-1,-1,-1,-2,-2
2,"Environment: 2, FiringMode: 2",9.850447,false,0,0,0,NA,false,0,0,0,NA,-1,-1,-1,-1,-1,-2,-2,false,0,0,0,NA,-1,-1,-1,-1,-1,-2,-2
2,"Environment: 2, FiringMode: 2",9.851673,false,0,0,0,NA,false,0,0,0,NA,-1,-1,-1,-1,-1,-2,-2,false,0,0,0,NA,-1,-1,-1,-1,-1,-2,-2
2,"Environment: 2, FiringMode: 2",9.852868,false,0,0,0,NA,false,0,0,0,NA,-1,-1,-1,-1,-1,-2,-2,false,0,0,0,NA,-1,-1,-1,-1,-1,-2,-2
2,"Environment: 2, FiringMode: 2",9.854141,false,0,0,0,NA,false,0,0,0,NA,-1,-1,-1,-1,-1,-2,-2,false,0,0,0,NA,-1,-1,-1,-1,-1,-2,-2
2,"Environment: 2, FiringMode: 2",9.855501,false,0,0,0,NA,false,0,0,0,NA,-1,-1,-1,-1,-1,-2,-2,false,0,0,0,NA,-1,-1,-1,-1,-1,-2,-2
2,"Environment: 2, FiringMode: 2",9.85685,false,0,0,0,NA,false,0,0,0,NA,-1,-1,-1,-1,-1,-2,-2,false,0,0,0,NA,-1,-1,-1,-1,-1,-2,-2
2,"Environment: 2, FiringMode: 2",9.858149,false,0,0,0,NA,false,0,0,0,NA,-1,-1,-1,-1,-1,-2,-2,false,0,0,0,NA,-1,-1,-1,-1,-1,-2,-2
2,"Environment: 2, FiringMode: 2",9.859488,false,0,0,0,NA,false,0,0,0,NA,-1,-1,-1,-1,-1,-2,-2,false,0,0,0,NA,-1,-1,-1,-1,-1,-2,-2
2,"Environment: 2, FiringMode: 2",9.860819,false,0,0,0,NA,false,0,0,0,NA,-1,-1,-1,-1,-1,-2,-2,false,0,0,0,NA,-1,-1,-1,-1,-1,-2,-2
2,"Environment: 2, FiringMode: 2",9.862239,false,0,0,0,NA,false,0,0,0,NA,-1,-1,-1,-1,-1,-2,-2,false,0,0,0,NA,-1,-1,-1,-1,-1,-2,-2
2,"Environment: 2, FiringMode: 2",9.863624,false,0,0,0,NA,false,0,0,0,NA,-1,-1,-1,-1,-1,-2,-2,false,0,0,0,NA,-1,-1,-1,-1,-1,-2,-2
2,"Environment: 2, FiringMode: 2",9.864894,false,0,0,0,NA,false,0,0,0,NA,-1,-1,-1,-1,-1,-2,-2,false,0,0,0,NA,-1,-1,-1,-1,-1,-2,-2
2,"Environment: 2, FiringMode: 2",9.866178,false,0,0,0,NA,false,0,0,0,NA,-1,-1,-1,-1,-1,-2,-2,false,0,0,0,NA,-1,-1,-1,-1,-1,-2,-2
2,"Environment: 2, FiringMode: 2",9.867565,false,0,0,0,NA,false,0,0,0,NA,-1,-1,-1,-1,-1,-2,-2,false,0,0,0,NA,-1,-1,-1,-1,-1,-2,-2
2,"Environment: 2, FiringMode: 2",9.86885,false,0,0,0,NA,false,0,0,0,NA,-1,-1,-1,-1,-1,-2,-2,false,0,0,0,NA,-1,-1,-1,-1,-1,-2,-2
2,"Environment: 2, FiringMode: 2",9.87006,false,0,0,0,NA,false,0,0,0,NA,-1,-1,-1,-1,-1,-2,-2,false,0,0,0,NA,-1,-1,-1,-1,-1,-2,-2
2,"Environment: 2, FiringMode: 2",9.871278,false,0,0,0,NA,false,0,0,0,NA,-1,-1,-1,-1,-1,-2,-2,false,0,0,0,NA,-1,-1,-1,-1,-1,-2,-2
2,"Environment: 2, FiringMode: 2",9.872494,false,0,0,0,NA,false,0,0,0,NA,-1,-1,-1,-1,-1,-2,-2,false,0,0,0,NA,-1,-1,-1,-1,-1,-2,-2
2,"Environment: 2, FiringMode: 2",9.873736,false,0,0,0,NA,false,0,0,0,NA,-1,-1,-1,-1,-1,-2,-2,false,0,0,0,NA,-1,-1,-1,-1,-1,-2,-2
2,"Environment: 2, FiringMode: 2",9.875038,false,0,0,0,NA,false,0,0,0,NA,-1,-1,-1,-1,-1,-2,-2,false,0,0,0,NA,-1,-1,-1,-1,-1,-2,-2
2,"Environment: 2, FiringMode: 2",9.876427,false,0,0,0,NA,false,0,0,0,NA,-1,-1,-1,-1,-1,-2,-2,false,0,0,0,NA,-1,-1,-1,-1,-1,-2,-2
2,"Environment: 2, FiringMode: 2",9.87781,false,0,0,0,NA,false,0,0,0,NA,-1,-1,-1,-1,-1,-2,-2,false,0,0,0,NA,-1,-1,-1,-1,-1,-2,-2
2,"Environment: 2, FiringMode: 2",9.879237,false,0,0,0,NA,false,0,0,0,NA,-1,-1,-1,-1,-1,-2,-2,false,0,0,0,NA,-1,-1,-1,-1,-1,-2,-2
2,"Environment: 2, FiringMode: 2",9.880622,false,0,0,0,NA,false,0,0,0,NA,-1,-1,-1,-1,-1,-2,-2,false,0,0,0,NA,-1,-1,-1,-1,-1,-2,-2
2,"Environment: 2, FiringMode: 2",9.88189,false,0,0,0,NA,false,0,0,0,NA,-1,-1,-1,-1,-1,-2,-2,false,0,0,0,NA,-1,-1,-1,-1,-1,-2,-2
2,"Environment: 2, FiringMode: 2",9.883101,false,0,0,0,NA,false,0,0,0,NA,-1,-1,-1,-1,-1,-2,-2,false,0,0,0,NA,-1,-1,-1,-1,-1,-2,-2
2,"Environment: 2, FiringMode: 2",9.884333,false,0,0,0,NA,false,0,0,0,NA,-1,-1,-1,-1,-1,-2,-2,false,0,0,0,NA,-1,-1,-1,-1,-1,-2,-2
2,"Environment: 2, FiringMode: 2",9.88559,false,0,0,0,NA,false,0,0,0,NA,-1,-1,-1,-1,-1,-2,-2,false,0,0,0,NA,-1,-1,-1,-1,-1,-2,-2
2,"Environment: 2, FiringMode: 2",9.886849,false,0,0,0,NA,false,0,0,0,NA,-1,-1,-1,-1,-1,-2,-2,false,0,0,0,NA,-1,-1,-1,-1,-1,-2,-2
2,"Environment: 2, FiringMode: 2",9.888144,false,0,0,0,NA,false,0,0,0,NA,-1,-1,-1,-1,-1,-2,-2,false,0,0,0,NA,-1,-1,-1,-1,-1,-2,-2
2,"Environment: 2, FiringMode: 2",9.889491,false,0,0,0,NA,false,0,0,0,NA,-1,-1,-1,-1,-1,-2,-2,false,0,0,0,NA,-1,-1,-1,-1,-1,-2,-2
2,"Environment: 2, FiringMode: 2",9.890788,false,0,0,0,NA,false,0,0,0,NA,-1,-1,-1,-1,-1,-2,-2,false,0,0,0,NA,-1,-1,-1,-1,-1,-2,-2
2,"Environment: 2, FiringMode: 2",9.892041,false,0,0,0,NA,false,0,0,0,NA,-1,-1,-1,-1,-1,-2,-2,false,0,0,0,NA,-1,-1,-1,-1,-1,-2,-2
2,"Environment: 2, FiringMode: 2",9.893327,false,0,0,0,NA,false,0,0,0,NA,-1,-1,-1,-1,-1,-2,-2,false,0,0,0,NA,-1,-1,-1,-1,-1,-2,-2
2,"Environment: 2, FiringMode: 2",9.894726,false,0,0,0,NA,false,0,0,0,NA,-1,-1,-1,-1,-1,-2,-2,false,0,0,0,NA,-1,-1,-1,-1,-1,-2,-2
2,"Environment: 2, FiringMode: 2",9.896034,false,0,0,0,NA,false,0,0,0,NA,-1,-1,-1,-1,-1,-2,-2,false,0,0,0,NA,-1,-1,-1,-1,-1,-2,-2
2,"Environment: 2, FiringMode: 2",9.897728,false,0,0,0,NA,false,0,0,0,NA,-1,-1,-1,-1,-1,-2,-2,false,0,0,0,NA,-1,-1,-1,-1,-1,-2,-2
2,"Environment: 2, FiringMode: 2",9.899135,false,0,0,0,NA,false,0,0,0,NA,-1,-1,-1,-1,-1,-2,-2,false,0,0,0,NA,-1,-1,-1,-1,-1,-2,-2
2,"Environment: 2, FiringMode: 2",9.90039,false,0,0,0,NA,false,0,0,0,NA,-1,-1,-1,-1,-1,-2,-2,false,0,0,0,NA,-1,-1,-1,-1,-1,-2,-2
2,"Environment: 2, FiringMode: 2",9.901624,false,0,0,0,NA,false,0,0,0,NA,-1,-1,-1,-1,-1,-2,-2,false,0,0,0,NA,-1,-1,-1,-1,-1,-2,-2
2,"Environment: 2, FiringMode: 2",9.90291,false,0,0,0,NA,false,0,0,0,NA,-1,-1,-1,-1,-1,-2,-2,false,0,0,0,NA,-1,-1,-1,-1,-1,-2,-2
2,"Environment: 2, FiringMode: 2",9.904242,false,0,0,0,NA,false,0,0,0,NA,-1,-1,-1,-1,-1,-2,-2,false,0,0,0,NA,-1,-1,-1,-1,-1,-2,-2
2,"Environment: 2, FiringMode: 2",9.905522,false,0,0,0,NA,false,0,0,0,NA,-1,-1,-1,-1,-1,-2,-2,false,0,0,0,NA,-1,-1,-1,-1,-1,-2,-2
2,"Environment: 2, FiringMode: 2",9.906829,false,0,0,0,NA,false,0,0,0,NA,-1,-1,-1,-1,-1,-2,-2,false,0,0,0,NA,-1,-1,-1,-1,-1,-2,-2
2,"Environment: 2, FiringMode: 2",9.908141,false,0,0,0,NA,false,0,0,0,NA,-1,-1,-1,-1,-1,-2,-2,false,0,0,0,NA,-1,-1,-1,-1,-1,-2,-2
2,"Environment: 2, FiringMode: 2",9.90946,false,0,0,0,NA,false,0,0,0,NA,-1,-1,-1,-1,-1,-2,-2,false,0,0,0,NA,-1,-1,-1,-1,-1,-2,-2
2,"Environment: 2, FiringMode: 2",9.910739,false,0,0,0,NA,false,0,0,0,NA,-1,-1,-1,-1,-1,-2,-2,false,0,0,0,NA,-1,-1,-1,-1,-1,-2,-2
2,"Environment: 2, FiringMode: 2",9.911986,false,0,0,0,NA,false,0,0,0,NA,-1,-1,-1,-1,-1,-2,-2,false,0,0,0,NA,-1,-1,-1,-1,-1,-2,-2
2,"Environment: 2, FiringMode: 2",9.91323,false,0,0,0,NA,false,0,0,0,NA,-1,-1,-1,-1,-1,-2,-2,false,0,0,0,NA,-1,-1,-1,-1,-1,-2,-2
2,"Environment: 2, FiringMode: 2",9.914489,false,0,0,0,NA,false,0,0,0,NA,-1,-1,-1,-1,-1,-2,-2,false,0,0,0,NA,-1,-1,-1,-1,-1,-2,-2
2,"Environment: 2, FiringMode: 2",9.9158,false,0,0,0,NA,false,0,0,0,NA,-1,-1,-1,-1,-1,-2,-2,false,0,0,0,NA,-1,-1,-1,-1,-1,-2,-2
2,"Environment: 2, FiringMode: 2",9.917211,false,0,0,0,NA,false,0,0,0,NA,-1,-1,-1,-1,-1,-2,-2,false,0,0,0,NA,-1,-1,-1,-1,-1,-2,-2
2,"Environment: 2, FiringMode: 2",9.918502,false,0,0,0,NA,false,0,0,0,NA,-1,-1,-1,-1,-1,-2,-2,false,0,0,0,NA,-1,-1,-1,-1,-1,-2,-2
2,"Environment: 2, FiringMode: 2",9.919905,false,0,0,0,NA,false,0,0,0,NA,-1,-1,-1,-1,-1,-2,-2,false,0,0,0,NA,-1,-1,-1,-1,-1,-2,-2
2,"Environment: 2, FiringMode: 2",9.921132,false,0,0,0,NA,false,0,0,0,NA,-1,-1,-1,-1,-1,-2,-2,false,0,0,0,NA,-1,-1,-1,-1,-1,-2,-2
2,"Environment: 2, FiringMode: 2",9.922351,false,0,0,0,NA,false,0,0,0,NA,-1,-1,-1,-1,-1,-2,-2,false,0,0,0,NA,-1,-1,-1,-1,-1,-2,-2
2,"Environment: 2, FiringMode: 2",9.923562,false,0,0,0,NA,false,0,0,0,NA,-1,-1,-1,-1,-1,-2,-2,false,0,0,0,NA,-1,-1,-1,-1,-1,-2,-2
2,"Environment: 2, FiringMode: 2",9.924844,false,0,0,0,NA,false,0,0,0,NA,-1,-1,-1,-1,-1,-2,-2,false,0,0,0,NA,-1,-1,-1,-1,-1,-2,-2
2,"Environment: 2, FiringMode: 2",9.926053,false,0,0,0,NA,false,0,0,0,NA,-1,-1,-1,-1,-1,-2,-2,false,0,0,0,NA,-1,-1,-1,-1,-1,-2,-2
2,"Environment: 2, FiringMode: 2",9.927231,false,0,0,0,NA,false,0,0,0,NA,-1,-1,-1,-1,-1,-2,-2,false,0,0,0,NA,-1,-1,-1,-1,-1,-2,-2
2,"Environment: 2, FiringMode: 2",9.928478,false,0,0,0,NA,false,0,0,0,NA,-1,-1,-1,-1,-1,-2,-2,false,0,0,0,NA,-1,-1,-1,-1,-1,-2,-2
2,"Environment: 2, FiringMode: 2",9.929704,false,0,0,0,NA,false,0,0,0,NA,-1,-1,-1,-1,-1,-2,-2,false,0,0,0,NA,-1,-1,-1,-1,-1,-2,-2
2,"Environment: 2, FiringMode: 2",9.931044,false,0,0,0,NA,false,0,0,0,NA,-1,-1,-1,-1,-1,-2,-2,false,0,0,0,NA,-1,-1,-1,-1,-1,-2,-2
2,"Environment: 2, FiringMode: 2",9.932251,false,0,0,0,NA,false,0,0,0,NA,-1,-1,-1,-1,-1,-2,-2,false,0,0,0,NA,-1,-1,-1,-1,-1,-2,-2
2,"Environment: 2, FiringMode: 2",9.933428,false,0,0,0,NA,false,0,0,0,NA,-1,-1,-1,-1,-1,-2,-2,false,0,0,0,NA,-1,-1,-1,-1,-1,-2,-2
2,"Environment: 2, FiringMode: 2",9.934786,false,0,0,0,NA,false,0,0,0,NA,-1,-1,-1,-1,-1,-2,-2,false,0,0,0,NA,-1,-1,-1,-1,-1,-2,-2
2,"Environment: 2, FiringMode: 2",9.936093,false,0,0,0,NA,false,0,0,0,NA,-1,-1,-1,-1,-1,-2,-2,false,0,0,0,NA,-1,-1,-1,-1,-1,-2,-2
2,"Environment: 2, FiringMode: 2",9.937387,false,0,0,0,NA,false,0,0,0,NA,-1,-1,-1,-1,-1,-2,-2,false,0,0,0,NA,-1,-1,-1,-1,-1,-2,-2
2,"Environment: 2, FiringMode: 2",9.938686,false,0,0,0,NA,false,0,0,0,NA,-1,-1,-1,-1,-1,-2,-2,false,0,0,0,NA,-1,-1,-1,-1,-1,-2,-2
2,"Environment: 2, FiringMode: 2",9.940173,false,0,0,0,NA,false,0,0,0,NA,-1,-1,-1,-1,-1,-2,-2,false,0,0,0,NA,-1,-1,-1,-1,-1,-2,-2
2,"Environment: 2, FiringMode: 2",9.941448,false,0,0,0,NA,false,0,0,0,NA,-1,-1,-1,-1,-1,-2,-2,false,0,0,0,NA,-1,-1,-1,-1,-1,-2,-2
2,"Environment: 2, FiringMode: 2",9.942664,false,0,0,0,NA,false,0,0,0,NA,-1,-1,-1,-1,-1,-2,-2,false,0,0,0,NA,-1,-1,-1,-1,-1,-2,-2
2,"Environment: 2, FiringMode: 2",9.943894,false,0,0,0,NA,false,0,0,0,NA,-1,-1,-1,-1,-1,-2,-2,false,0,0,0,NA,-1,-1,-1,-1,-1,-2,-2
2,"Environment: 2, FiringMode: 2",9.945338,false,0,0,0,NA,false,0,0,0,NA,-1,-1,-1,-1,-1,-2,-2,false,0,0,0,NA,-1,-1,-1,-1,-1,-2,-2
2,"Environment: 2, FiringMode: 2",9.946645,false,0,0,0,NA,false,0,0,0,NA,-1,-1,-1,-1,-1,-2,-2,false,0,0,0,NA,-1,-1,-1,-1,-1,-2,-2
2,"Environment: 2, FiringMode: 2",9.947948,false,0,0,0,NA,false,0,0,0,NA,-1,-1,-1,-1,-1,-2,-2,false,0,0,0,NA,-1,-1,-1,-1,-1,-2,-2
2,"Environment: 2, FiringMode: 2",9.949217,false,0,0,0,NA,false,0,0,0,NA,-1,-1,-1,-1,-1,-2,-2,false,0,0,0,NA,-1,-1,-1,-1,-1,-2,-2
2,"Environment: 2, FiringMode: 2",9.95054,false,0,0,0,NA,false,0,0,0,NA,-1,-1,-1,-1,-1,-2,-2,false,0,0,0,NA,-1,-1,-1,-1,-1,-2,-2
2,"Environment: 2, FiringMode: 2",9.951825,false,0,0,0,NA,false,0,0,0,NA,-1,-1,-1,-1,-1,-2,-2,false,0,0,0,NA,-1,-1,-1,-1,-1,-2,-2
2,"Environment: 2, FiringMode: 2",9.953115,false,0,0,0,NA,false,0,0,0,NA,-1,-1,-1,-1,-1,-2,-2,false,0,0,0,NA,-1,-1,-1,-1,-1,-2,-2
2,"Environment: 2, FiringMode: 2",9.954358,false,0,0,0,NA,false,0,0,0,NA,-1,-1,-1,-1,-1,-2,-2,false,0,0,0,NA,-1,-1,-1,-1,-1,-2,-2
2,"Environment: 2, FiringMode: 2",9.955571,false,0,0,0,NA,false,0,0,0,NA,-1,-1,-1,-1,-1,-2,-2,false,0,0,0,NA,-1,-1,-1,-1,-1,-2,-2
2,"Environment: 2, FiringMode: 2",9.956828,false,0,0,0,NA,false,0,0,0,NA,-1,-1,-1,-1,-1,-2,-2,false,0,0,0,NA,-1,-1,-1,-1,-1,-2,-2
2,"Environment: 2, FiringMode: 2",9.958166,false,0,0,0,NA,false,0,0,0,NA,-1,-1,-1,-1,-1,-2,-2,false,0,0,0,NA,-1,-1,-1,-1,-1,-2,-2
2,"Environment: 2, FiringMode: 2",9.959629,false,0,0,0,NA,false,0,0,0,NA,-1,-1,-1,-1,-1,-2,-2,false,0,0,0,NA,-1,-1,-1,-1,-1,-2,-2
2,"Environment: 2, FiringMode: 2",9.960938,false,0,0,0,NA,false,0,0,0,NA,-1,-1,-1,-1,-1,-2,-2,false,0,0,0,NA,-1,-1,-1,-1,-1,-2,-2
2,"Environment: 2, FiringMode: 2",9.962231,false,0,0,0,NA,false,0,0,0,NA,-1,-1,-1,-1,-1,-2,-2,false,0,0,0,NA,-1,-1,-1,-1,-1,-2,-2
2,"Environment: 2, FiringMode: 2",9.963511,false,0,0,0,NA,false,0,0,0,NA,-1,-1,-1,-1,-1,-2,-2,false,0,0,0,NA,-1,-1,-1,-1,-1,-2,-2
2,"Environment: 2, FiringMode: 2",9.964866,false,0,0,0,NA,false,0,0,0,NA,-1,-1,-1,-1,-1,-2,-2,false,0,0,0,NA,-1,-1,-1,-1,-1,-2,-2
2,"Environment: 2, FiringMode: 2",9.966164,false,0,0,0,NA,false,0,0,0,NA,-1,-1,-1,-1,-1,-2,-2,false,0,0,0,NA,-1,-1,-1,-1,-1,-2,-2
2,"Environment: 2, FiringMode: 2",9.967398,false,0,0,0,NA,false,0,0,0,NA,-1,-1,-1,-1,-1,-2,-2,false,0,0,0,NA,-1,-1,-1,-1,-1,-2,-2
2,"Environment: 2, FiringMode: 2",9.96865,false,0,0,0,NA,false,0,0,0,NA,-1,-1,-1,-1,-1,-2,-2,false,0,0,0,NA,-1,-1,-1,-1,-1,-2,-2
2,"Environment: 2, FiringMode: 2",9.96989,false,0,0,0,NA,false,0,0,0,NA,-1,-1,-1,-1,-1,-2,-2,false,0,0,0,NA,-1,-1,-1,-1,-1,-2,-2
2,"Environment: 2, FiringMode: 2",9.971107,false,0,0,0,NA,false,0,0,0,NA,-1,-1,-1,-1,-1,-2,-2,false,0,0,0,NA,-1,-1,-1,-1,-1,-2,-2
2,"Environment: 2, FiringMode: 2",9.97249,false,0,0,0,NA,false,0,0,0,NA,-1,-1,-1,-1,-1,-2,-2,false,0,0,0,NA,-1,-1,-1,-1,-1,-2,-2
2,"Environment: 2, FiringMode: 2",9.973806,false,0,0,0,NA,false,0,0,0,NA,-1,-1,-1,-1,-1,-2,-2,false,0,0,0,NA,-1,-1,-1,-1,-1,-2,-2
2,"Environment: 2, FiringMode: 2",9.975096,false,0,0,0,NA,false,0,0,0,NA,-1,-1,-1,-1,-1,-2,-2,false,0,0,0,NA,-1,-1,-1,-1,-1,-2,-2
2,"Environment: 2, FiringMode: 2",9.976325,false,0,0,0,NA,false,0,0,0,NA,-1,-1,-1,-1,-1,-2,-2,false,0,0,0,NA,-1,-1,-1,-1,-1,-2,-2
2,"Environment: 2, FiringMode: 2",9.977544,false,0,0,0,NA,false,0,0,0,NA,-1,-1,-1,-1,-1,-2,-2,false,0,0,0,NA,-1,-1,-1,-1,-1,-2,-2
2,"Environment: 2, FiringMode: 2",9.978763,false,0,0,0,NA,false,0,0,0,NA,-1,-1,-1,-1,-1,-2,-2,false,0,0,0,NA,-1,-1,-1,-1,-1,-2,-2
2,"Environment: 2, FiringMode: 2",9.980089,false,0,0,0,NA,false,0,0,0,NA,-1,-1,-1,-1,-1,-2,-2,false,0,0,0,NA,-1,-1,-1,-1,-1,-2,-2
2,"Environment: 2, FiringMode: 2",9.9815,false,0,0,0,NA,false,0,0,0,NA,-1,-1,-1,-1,-1,-2,-2,false,0,0,0,NA,-1,-1,-1,-1,-1,-2,-2
2,"Environment: 2, FiringMode: 2",9.982781,false,0,0,0,NA,false,0,0,0,NA,-1,-1,-1,-1,-1,-2,-2,false,0,0,0,NA,-1,-1,-1,-1,-1,-2,-2
2,"Environment: 2, FiringMode: 2",9.984106,false,0,0,0,NA,false,0,0,0,NA,-1,-1,-1,-1,-1,-2,-2,false,0,0,0,NA,-1,-1,-1,-1,-1,-2,-2
2,"Environment: 2, FiringMode: 2",9.98541,false,0,0,0,NA,false,0,0,0,NA,-1,-1,-1,-1,-1,-2,-2,false,0,0,0,NA,-1,-1,-1,-1,-1,-2,-2
2,"Environment: 2, FiringMode: 2",9.986828,false,0,0,0,NA,false,0,0,0,NA,-1,-1,-1,-1,-1,-2,-2,false,0,0,0,NA,-1,-1,-1,-1,-1,-2,-2
2,"Environment: 2, FiringMode: 2",9.988231,false,0,0,0,NA,false,0,0,0,NA,-1,-1,-1,-1,-1,-2,-2,false,0,0,0,NA,-1,-1,-1,-1,-1,-2,-2
2,"Environment: 2, FiringMode: 2",9.989551,false,0,0,0,NA,false,0,0,0,NA,-1,-1,-1,-1,-1,-2,-2,false,0,0,0,NA,-1,-1,-1,-1,-1,-2,-2
2,"Environment: 2, FiringMode: 2",9.990921,false,0,0,0,NA,false,0,0,0,NA,-1,-1,-1,-1,-1,-2,-2,false,0,0,0,NA,-1,-1,-1,-1,-1,-2,-2
2,"Environment: 2, FiringMode: 2",9.992224,false,0,0,0,NA,false,0,0,0,NA,-1,-1,-1,-1,-1,-2,-2,false,0,0,0,NA,-1,-1,-1,-1,-1,-2,-2
2,"Environment: 2, FiringMode: 2",9.993577,false,0,0,0,NA,false,0,0,0,NA,-1,-1,-1,-1,-1,-2,-2,false,0,0,0,NA,-1,-1,-1,-1,-1,-2,-2
2,"Environment: 2, FiringMode: 2",9.994869,false,0,0,0,NA,false,0,0,0,NA,-1,-1,-1,-1,-1,-2,-2,false,0,0,0,NA,-1,-1,-1,-1,-1,-2,-2
2,"Environment: 2, FiringMode: 2",9.996076,false,0,0,0,NA,false,0,0,0,NA,-1,-1,-1,-1,-1,-2,-2,false,0,0,0,NA,-1,-1,-1,-1,-1,-2,-2
2,"Environment: 2, FiringMode: 2",9.99737,false,0,0,0,NA,false,0,0,0,NA,-1,-1,-1,-1,-1,-2,-2,false,0,0,0,NA,-1,-1,-1,-1,-1,-2,-2
2,"Environment: 2, FiringMode: 2",9.998578,false,0,0,0,NA,false,0,0,0,NA,-1,-1,-1,-1,-1,-2,-2,false,0,0,0,NA,-1,-1,-1,-1,-1,-2,-2
2,"Environment: 2, FiringMode: 2",10.00003,false,0,0,0,NA,false,0,0,0,NA,-1,-1,-1,-1,-1,-2,-2,false,0,0,0,NA,-1,-1,-1,-1,-1,-2,-2
2,"Environment: 2, FiringMode: 2",10.00158,false,0,0,0,NA,false,0,0,0,NA,-1,-1,-1,-1,-1,-2,-2,false,0,0,0,NA,-1,-1,-1,-1,-1,-2,-2
2,"Environment: 2, FiringMode: 2",10.00289,false,0,0,0,NA,false,0,0,0,NA,-1,-1,-1,-1,-1,-2,-2,false,0,0,0,NA,-1,-1,-1,-1,-1,-2,-2
2,"Environment: 2, FiringMode: 2",10.00417,false,0,0,0,NA,false,0,0,0,NA,-1,-1,-1,-1,-1,-2,-2,false,0,0,0,NA,-1,-1,-1,-1,-1,-2,-2
2,"Environment: 2, FiringMode: 2",10.00536,false,0,0,0,NA,false,0,0,0,NA,-1,-1,-1,-1,-1,-2,-2,false,0,0,0,NA,-1,-1,-1,-1,-1,-2,-2
2,"Environment: 2, FiringMode: 2",10.0067,false,0,0,0,NA,false,0,0,0,NA,-1,-1,-1,-1,-1,-2,-2,false,0,0,0,NA,-1,-1,-1,-1,-1,-2,-2
2,"Environment: 2, FiringMode: 2",10.00793,false,0,0,0,NA,false,0,0,0,NA,-1,-1,-1,-1,-1,-2,-2,false,0,0,0,NA,-1,-1,-1,-1,-1,-2,-2
2,"Environment: 2, FiringMode: 2",10.00915,false,0,0,0,NA,false,0,0,0,NA,-1,-1,-1,-1,-1,-2,-2,false,0,0,0,NA,-1,-1,-1,-1,-1,-2,-2
2,"Environment: 2, FiringMode: 2",10.01036,false,0,0,0,NA,false,0,0,0,NA,-1,-1,-1,-1,-1,-2,-2,false,0,0,0,NA,-1,-1,-1,-1,-1,-2,-2
2,"Environment: 2, FiringMode: 2",10.01155,false,0,0,0,NA,false,0,0,0,NA,-1,-1,-1,-1,-1,-2,-2,false,0,0,0,NA,-1,-1,-1,-1,-1,-2,-2
2,"Environment: 2, FiringMode: 2",10.01274,false,0,0,0,NA,false,0,0,0,NA,-1,-1,-1,-1,-1,-2,-2,false,0,0,0,NA,-1,-1,-1,-1,-1,-2,-2
2,"Environment: 2, FiringMode: 2",10.01403,false,0,0,0,NA,false,0,0,0,NA,-1,-1,-1,-1,-1,-2,-2,false,0,0,0,NA,-1,-1,-1,-1,-1,-2,-2
2,"Environment: 2, FiringMode: 2",10.01549,false,0,0,0,NA,false,0,0,0,NA,-1,-1,-1,-1,-1,-2,-2,false,0,0,0,NA,-1,-1,-1,-1,-1,-2,-2
2,"Environment: 2, FiringMode: 2",10.01681,false,0,0,0,NA,false,0,0,0,NA,-1,-1,-1,-1,-1,-2,-2,false,0,0,0,NA,-1,-1,-1,-1,-1,-2,-2
2,"Environment: 2, FiringMode: 2",10.01806,false,0,0,0,NA,false,0,0,0,NA,-1,-1,-1,-1,-1,-2,-2,false,0,0,0,NA,-1,-1,-1,-1,-1,-2,-2
2,"Environment: 2, FiringMode: 2",10.01957,false,0,0,0,NA,false,0,0,0,NA,-1,-1,-1,-1,-1,-2,-2,false,0,0,0,NA,-1,-1,-1,-1,-1,-2,-2
2,"Environment: 2, FiringMode: 2",10.02083,false,0,0,0,NA,false,0,0,0,NA,-1,-1,-1,-1,-1,-2,-2,false,0,0,0,NA,-1,-1,-1,-1,-1,-2,-2
2,"Environment: 2, FiringMode: 2",10.02205,false,0,0,0,NA,false,0,0,0,NA,-1,-1,-1,-1,-1,-2,-2,false,0,0,0,NA,-1,-1,-1,-1,-1,-2,-2
2,"Environment: 2, FiringMode: 2",10.02324,false,0,0,0,NA,false,0,0,0,NA,-1,-1,-1,-1,-1,-2,-2,false,0,0,0,NA,-1,-1,-1,-1,-1,-2,-2
2,"Environment: 2, FiringMode: 2",10.02447,false,0,0,0,NA,false,0,0,0,NA,-1,-1,-1,-1,-1,-2,-2,false,0,0,0,NA,-1,-1,-1,-1,-1,-2,-2
2,"Environment: 2, FiringMode: 2",10.02577,false,0,0,0,NA,false,0,0,0,NA,-1,-1,-1,-1,-1,-2,-2,false,0,0,0,NA,-1,-1,-1,-1,-1,-2,-2
2,"Environment: 2, FiringMode: 2",10.02698,false,0,0,0,NA,false,0,0,0,NA,-1,-1,-1,-1,-1,-2,-2,false,0,0,0,NA,-1,-1,-1,-1,-1,-2,-2
2,"Environment: 2, FiringMode: 2",10.02827,false,0,0,0,NA,false,0,0,0,NA,-1,-1,-1,-1,-1,-2,-2,false,0,0,0,NA,-1,-1,-1,-1,-1,-2,-2
2,"Environment: 2, FiringMode: 2",10.0295,false,0,0,0,NA,false,0,0,0,NA,-1,-1,-1,-1,-1,-2,-2,false,0,0,0,NA,-1,-1,-1,-1,-1,-2,-2
2,"Environment: 2, FiringMode: 2",10.03068,false,0,0,0,NA,false,0,0,0,NA,-1,-1,-1,-1,-1,-2,-2,false,0,0,0,NA,-1,-1,-1,-1,-1,-2,-2
2,"Environment: 2, FiringMode: 2",10.03191,false,0,0,0,NA,false,0,0,0,NA,-1,-1,-1,-1,-1,-2,-2,false,0,0,0,NA,-1,-1,-1,-1,-1,-2,-2
2,"Environment: 2, FiringMode: 2",10.03312,false,0,0,0,NA,false,0,0,0,NA,-1,-1,-1,-1,-1,-2,-2,false,0,0,0,NA,-1,-1,-1,-1,-1,-2,-2
2,"Environment: 2, FiringMode: 2",10.03434,false,0,0,0,NA,false,0,0,0,NA,-1,-1,-1,-1,-1,-2,-2,false,0,0,0,NA,-1,-1,-1,-1,-1,-2,-2
2,"Environment: 2, FiringMode: 2",10.03561,false,0,0,0,NA,false,0,0,0,NA,-1,-1,-1,-1,-1,-2,-2,false,0,0,0,NA,-1,-1,-1,-1,-1,-2,-2
2,"Environment: 2, FiringMode: 2",10.03698,false,0,0,0,NA,false,0,0,0,NA,-1,-1,-1,-1,-1,-2,-2,false,0,0,0,NA,-1,-1,-1,-1,-1,-2,-2
2,"Environment: 2, FiringMode: 2",10.03823,false,0,0,0,NA,false,0,0,0,NA,-1,-1,-1,-1,-1,-2,-2,false,0,0,0,NA,-1,-1,-1,-1,-1,-2,-2
2,"Environment: 2, FiringMode: 2",10.03955,false,0,0,0,NA,false,0,0,0,NA,-1,-1,-1,-1,-1,-2,-2,false,0,0,0,NA,-1,-1,-1,-1,-1,-2,-2
2,"Environment: 2, FiringMode: 2",10.04083,false,0,0,0,NA,false,0,0,0,NA,-1,-1,-1,-1,-1,-2,-2,false,0,0,0,NA,-1,-1,-1,-1,-1,-2,-2
2,"Environment: 2, FiringMode: 2",10.04216,false,0,0,0,NA,false,0,0,0,NA,-1,-1,-1,-1,-1,-2,-2,false,0,0,0,NA,-1,-1,-1,-1,-1,-2,-2
2,"Environment: 2, FiringMode: 2",10.04346,false,0,0,0,NA,false,0,0,0,NA,-1,-1,-1,-1,-1,-2,-2,false,0,0,0,NA,-1,-1,-1,-1,-1,-2,-2
2,"Environment: 2, FiringMode: 2",10.04471,false,0,0,0,NA,false,0,0,0,NA,-1,-1,-1,-1,-1,-2,-2,false,0,0,0,NA,-1,-1,-1,-1,-1,-2,-2
2,"Environment: 2, FiringMode: 2",10.04599,false,0,0,0,NA,false,0,0,0,NA,-1,-1,-1,-1,-1,-2,-2,false,0,0,0,NA,-1,-1,-1,-1,-1,-2,-2
2,"Environment: 2, FiringMode: 2",10.04729,false,0,0,0,NA,false,0,0,0,NA,-1,-1,-1,-1,-1,-2,-2,false,0,0,0,NA,-1,-1,-1,-1,-1,-2,-2
2,"Environment: 2, FiringMode: 2",10.04856,false,0,0,0,NA,false,0,0,0,NA,-1,-1,-1,-1,-1,-2,-2,false,0,0,0,NA,-1,-1,-1,-1,-1,-2,-2
2,"Environment: 2, FiringMode: 2",10.05029,false,0,0,0,NA,false,0,0,0,NA,-1,-1,-1,-1,-1,-2,-2,false,0,0,0,NA,-1,-1,-1,-1,-1,-2,-2
2,"Environment: 2, FiringMode: 2",10.05156,false,0,0,0,NA,false,0,0,0,NA,-1,-1,-1,-1,-1,-2,-2,false,0,0,0,NA,-1,-1,-1,-1,-1,-2,-2
2,"Environment: 2, FiringMode: 2",10.05287,false,0,0,0,NA,false,0,0,0,NA,-1,-1,-1,-1,-1,-2,-2,false,0,0,0,NA,-1,-1,-1,-1,-1,-2,-2
2,"Environment: 2, FiringMode: 2",10.05412,false,0,0,0,NA,false,0,0,0,NA,-1,-1,-1,-1,-1,-2,-2,false,0,0,0,NA,-1,-1,-1,-1,-1,-2,-2
2,"Environment: 2, FiringMode: 2",10.05549,false,0,0,0,NA,false,0,0,0,NA,-1,-1,-1,-1,-1,-2,-2,false,0,0,0,NA,-1,-1,-1,-1,-1,-2,-2
2,"Environment: 2, FiringMode: 2",10.05685,false,0,0,0,NA,false,0,0,0,NA,-1,-1,-1,-1,-1,-2,-2,false,0,0,0,NA,-1,-1,-1,-1,-1,-2,-2
2,"Environment: 2, FiringMode: 2",10.0582,false,0,0,0,NA,false,0,0,0,NA,-1,-1,-1,-1,-1,-2,-2,false,0,0,0,NA,-1,-1,-1,-1,-1,-2,-2
2,"Environment: 2, FiringMode: 2",10.05959,false,0,0,0,NA,false,0,0,0,NA,-1,-1,-1,-1,-1,-2,-2,false,0,0,0,NA,-1,-1,-1,-1,-1,-2,-2
2,"Environment: 2, FiringMode: 2",10.0609,false,0,0,0,NA,false,0,0,0,NA,-1,-1,-1,-1,-1,-2,-2,false,0,0,0,NA,-1,-1,-1,-1,-1,-2,-2
2,"Environment: 2, FiringMode: 2",10.06218,false,0,0,0,NA,false,0,0,0,NA,-1,-1,-1,-1,-1,-2,-2,false,0,0,0,NA,-1,-1,-1,-1,-1,-2,-2
2,"Environment: 2, FiringMode: 2",10.06345,false,0,0,0,NA,false,0,0,0,NA,-1,-1,-1,-1,-1,-2,-2,false,0,0,0,NA,-1,-1,-1,-1,-1,-2,-2
2,"Environment: 2, FiringMode: 2",10.06465,false,0,0,0,NA,false,0,0,0,NA,-1,-1,-1,-1,-1,-2,-2,false,0,0,0,NA,-1,-1,-1,-1,-1,-2,-2
2,"Environment: 2, FiringMode: 2",10.06593,false,0,0,0,NA,false,0,0,0,NA,-1,-1,-1,-1,-1,-2,-2,false,0,0,0,NA,-1,-1,-1,-1,-1,-2,-2
2,"Environment: 2, FiringMode: 2",10.0672,false,0,0,0,NA,false,0,0,0,NA,-1,-1,-1,-1,-1,-2,-2,false,0,0,0,NA,-1,-1,-1,-1,-1,-2,-2
2,"Environment: 2, FiringMode: 2",10.06848,false,0,0,0,NA,false,0,0,0,NA,-1,-1,-1,-1,-1,-2,-2,false,0,0,0,NA,-1,-1,-1,-1,-1,-2,-2
2,"Environment: 2, FiringMode: 2",10.06984,false,0,0,0,NA,false,0,0,0,NA,-1,-1,-1,-1,-1,-2,-2,false,0,0,0,NA,-1,-1,-1,-1,-1,-2,-2
2,"Environment: 2, FiringMode: 2",10.07115,false,0,0,0,NA,false,0,0,0,NA,-1,-1,-1,-1,-1,-2,-2,false,0,0,0,NA,-1,-1,-1,-1,-1,-2,-2
2,"Environment: 2, FiringMode: 2",10.07241,false,0,0,0,NA,false,0,0,0,NA,-1,-1,-1,-1,-1,-2,-2,false,0,0,0,NA,-1,-1,-1,-1,-1,-2,-2
2,"Environment: 2, FiringMode: 2",10.07378,false,0,0,0,NA,false,0,0,0,NA,-1,-1,-1,-1,-1,-2,-2,false,0,0,0,NA,-1,-1,-1,-1,-1,-2,-2
2,"Environment: 2, FiringMode: 2",10.07515,false,0,0,0,NA,false,0,0,0,NA,-1,-1,-1,-1,-1,-2,-2,false,0,0,0,NA,-1,-1,-1,-1,-1,-2,-2
2,"Environment: 2, FiringMode: 2",10.0764,false,0,0,0,NA,false,0,0,0,NA,-1,-1,-1,-1,-1,-2,-2,false,0,0,0,NA,-1,-1,-1,-1,-1,-2,-2
2,"Environment: 2, FiringMode: 2",10.07763,false,0,0,0,NA,false,0,0,0,NA,-1,-1,-1,-1,-1,-2,-2,false,0,0,0,NA,-1,-1,-1,-1,-1,-2,-2
2,"Environment: 2, FiringMode: 2",10.07911,false,0,0,0,NA,false,0,0,0,NA,-1,-1,-1,-1,-1,-2,-2,false,0,0,0,NA,-1,-1,-1,-1,-1,-2,-2
2,"Environment: 2, FiringMode: 2",10.0804,false,0,0,0,NA,false,0,0,0,NA,-1,-1,-1,-1,-1,-2,-2,false,0,0,0,NA,-1,-1,-1,-1,-1,-2,-2
2,"Environment: 2, FiringMode: 2",10.08164,false,0,0,0,NA,false,0,0,0,NA,-1,-1,-1,-1,-1,-2,-2,false,0,0,0,NA,-1,-1,-1,-1,-1,-2,-2
2,"Environment: 2, FiringMode: 2",10.0829,false,0,0,0,NA,false,0,0,0,NA,-1,-1,-1,-1,-1,-2,-2,false,0,0,0,NA,-1,-1,-1,-1,-1,-2,-2
2,"Environment: 2, FiringMode: 2",10.08418,false,0,0,0,NA,false,0,0,0,NA,-1,-1,-1,-1,-1,-2,-2,false,0,0,0,NA,-1,-1,-1,-1,-1,-2,-2
2,"Environment: 2, FiringMode: 2",10.08555,false,0,0,0,NA,false,0,0,0,NA,-1,-1,-1,-1,-1,-2,-2,false,0,0,0,NA,-1,-1,-1,-1,-1,-2,-2
2,"Environment: 2, FiringMode: 2",10.08676,false,0,0,0,NA,false,0,0,0,NA,-1,-1,-1,-1,-1,-2,-2,false,0,0,0,NA,-1,-1,-1,-1,-1,-2,-2
2,"Environment: 2, FiringMode: 2",10.08808,false,0,0,0,NA,false,0,0,0,NA,-1,-1,-1,-1,-1,-2,-2,false,0,0,0,NA,-1,-1,-1,-1,-1,-2,-2
2,"Environment: 2, FiringMode: 2",10.08941,false,0,0,0,NA,false,0,0,0,NA,-1,-1,-1,-1,-1,-2,-2,false,0,0,0,NA,-1,-1,-1,-1,-1,-2,-2
2,"Environment: 2, FiringMode: 2",10.09062,false,0,0,0,NA,false,0,0,0,NA,-1,-1,-1,-1,-1,-2,-2,false,0,0,0,NA,-1,-1,-1,-1,-1,-2,-2
2,"Environment: 2, FiringMode: 2",10.09187,false,0,0,0,NA,false,0,0,0,NA,-1,-1,-1,-1,-1,-2,-2,false,0,0,0,NA,-1,-1,-1,-1,-1,-2,-2
2,"Environment: 2, FiringMode: 2",10.09309,false,0,0,0,NA,false,0,0,0,NA,-1,-1,-1,-1,-1,-2,-2,false,0,0,0,NA,-1,-1,-1,-1,-1,-2,-2
2,"Environment: 2, FiringMode: 2",10.09433,false,0,0,0,NA,false,0,0,0,NA,-1,-1,-1,-1,-1,-2,-2,false,0,0,0,NA,-1,-1,-1,-1,-1,-2,-2
2,"Environment: 2, FiringMode: 2",10.09557,false,0,0,0,NA,false,0,0,0,NA,-1,-1,-1,-1,-1,-2,-2,false,0,0,0,NA,-1,-1,-1,-1,-1,-2,-2
2,"Environment: 2, FiringMode: 2",10.09691,false,0,0,0,NA,false,0,0,0,NA,-1,-1,-1,-1,-1,-2,-2,false,0,0,0,NA,-1,-1,-1,-1,-1,-2,-2
2,"Environment: 2, FiringMode: 2",10.09834,false,0,0,0,NA,false,0,0,0,NA,-1,-1,-1,-1,-1,-2,-2,false,0,0,0,NA,-1,-1,-1,-1,-1,-2,-2
2,"Environment: 2, FiringMode: 2",10.09982,false,0,0,0,NA,false,0,0,0,NA,-1,-1,-1,-1,-1,-2,-2,false,0,0,0,NA,-1,-1,-1,-1,-1,-2,-2
2,"Environment: 2, FiringMode: 2",10.10108,false,0,0,0,NA,false,0,0,0,NA,-1,-1,-1,-1,-1,-2,-2,false,0,0,0,NA,-1,-1,-1,-1,-1,-2,-2
2,"Environment: 2, FiringMode: 2",10.10233,false,0,0,0,NA,false,0,0,0,NA,-1,-1,-1,-1,-1,-2,-2,false,0,0,0,NA,-1,-1,-1,-1,-1,-2,-2
2,"Environment: 2, FiringMode: 2",10.10362,false,0,0,0,NA,false,0,0,0,NA,-1,-1,-1,-1,-1,-2,-2,false,0,0,0,NA,-1,-1,-1,-1,-1,-2,-2
2,"Environment: 2, FiringMode: 2",10.10485,false,0,0,0,NA,false,0,0,0,NA,-1,-1,-1,-1,-1,-2,-2,false,0,0,0,NA,-1,-1,-1,-1,-1,-2,-2
2,"Environment: 2, FiringMode: 2",10.10605,false,0,0,0,NA,false,0,0,0,NA,-1,-1,-1,-1,-1,-2,-2,false,0,0,0,NA,-1,-1,-1,-1,-1,-2,-2
2,"Environment: 2, FiringMode: 2",10.10723,false,0,0,0,NA,false,0,0,0,NA,-1,-1,-1,-1,-1,-2,-2,false,0,0,0,NA,-1,-1,-1,-1,-1,-2,-2
2,"Environment: 2, FiringMode: 2",10.10841,false,0,0,0,NA,false,0,0,0,NA,-1,-1,-1,-1,-1,-2,-2,false,0,0,0,NA,-1,-1,-1,-1,-1,-2,-2
2,"Environment: 2, FiringMode: 2",10.10966,false,0,0,0,NA,false,0,0,0,NA,-1,-1,-1,-1,-1,-2,-2,false,0,0,0,NA,-1,-1,-1,-1,-1,-2,-2
2,"Environment: 2, FiringMode: 2",10.11109,false,0,0,0,NA,false,0,0,0,NA,-1,-1,-1,-1,-1,-2,-2,false,0,0,0,NA,-1,-1,-1,-1,-1,-2,-2
2,"Environment: 2, FiringMode: 2",10.11242,false,0,0,0,NA,false,0,0,0,NA,-1,-1,-1,-1,-1,-2,-2,false,0,0,0,NA,-1,-1,-1,-1,-1,-2,-2
2,"Environment: 2, FiringMode: 2",10.11366,false,0,0,0,NA,false,0,0,0,NA,-1,-1,-1,-1,-1,-2,-2,false,0,0,0,NA,-1,-1,-1,-1,-1,-2,-2
2,"Environment: 2, FiringMode: 2",10.11487,false,0,0,0,NA,false,0,0,0,NA,-1,-1,-1,-1,-1,-2,-2,false,0,0,0,NA,-1,-1,-1,-1,-1,-2,-2
2,"Environment: 2, FiringMode: 2",10.11619,false,0,0,0,NA,false,0,0,0,NA,-1,-1,-1,-1,-1,-2,-2,false,0,0,0,NA,-1,-1,-1,-1,-1,-2,-2
2,"Environment: 2, FiringMode: 2",10.11741,false,0,0,0,NA,false,0,0,0,NA,-1,-1,-1,-1,-1,-2,-2,false,0,0,0,NA,-1,-1,-1,-1,-1,-2,-2
2,"Environment: 2, FiringMode: 2",10.11859,false,0,0,0,NA,false,0,0,0,NA,-1,-1,-1,-1,-1,-2,-2,false,0,0,0,NA,-1,-1,-1,-1,-1,-2,-2
2,"Environment: 2, FiringMode: 2",10.11993,false,0,0,0,NA,false,0,0,0,NA,-1,-1,-1,-1,-1,-2,-2,false,0,0,0,NA,-1,-1,-1,-1,-1,-2,-2
2,"Environment: 2, FiringMode: 2",10.12113,false,0,0,0,NA,false,0,0,0,NA,-1,-1,-1,-1,-1,-2,-2,false,0,0,0,NA,-1,-1,-1,-1,-1,-2,-2
2,"Environment: 2, FiringMode: 2",10.12232,false,0,0,0,NA,false,0,0,0,NA,-1,-1,-1,-1,-1,-2,-2,false,0,0,0,NA,-1,-1,-1,-1,-1,-2,-2
2,"Environment: 2, FiringMode: 2",10.12354,false,0,0,0,NA,false,0,0,0,NA,-1,-1,-1,-1,-1,-2,-2,false,0,0,0,NA,-1,-1,-1,-1,-1,-2,-2
2,"Environment: 2, FiringMode: 2",10.12481,false,0,0,0,NA,false,0,0,0,NA,-1,-1,-1,-1,-1,-2,-2,false,0,0,0,NA,-1,-1,-1,-1,-1,-2,-2
2,"Environment: 2, FiringMode: 2",10.12625,false,0,0,0,NA,false,0,0,0,NA,-1,-1,-1,-1,-1,-2,-2,false,0,0,0,NA,-1,-1,-1,-1,-1,-2,-2
2,"Environment: 2, FiringMode: 2",10.12759,false,0,0,0,NA,false,0,0,0,NA,-1,-1,-1,-1,-1,-2,-2,false,0,0,0,NA,-1,-1,-1,-1,-1,-2,-2
2,"Environment: 2, FiringMode: 2",10.12885,false,0,0,0,NA,false,0,0,0,NA,-1,-1,-1,-1,-1,-2,-2,false,0,0,0,NA,-1,-1,-1,-1,-1,-2,-2
2,"Environment: 2, FiringMode: 2",10.13016,false,0,0,0,NA,false,0,0,0,NA,-1,-1,-1,-1,-1,-2,-2,false,0,0,0,NA,-1,-1,-1,-1,-1,-2,-2
2,"Environment: 2, FiringMode: 2",10.13146,false,0,0,0,NA,false,0,0,0,NA,-1,-1,-1,-1,-1,-2,-2,false,0,0,0,NA,-1,-1,-1,-1,-1,-2,-2
2,"Environment: 2, FiringMode: 2",10.13268,false,0,0,0,NA,false,0,0,0,NA,-1,-1,-1,-1,-1,-2,-2,false,0,0,0,NA,-1,-1,-1,-1,-1,-2,-2
2,"Environment: 2, FiringMode: 2",10.13394,false,0,0,0,NA,false,0,0,0,NA,-1,-1,-1,-1,-1,-2,-2,false,0,0,0,NA,-1,-1,-1,-1,-1,-2,-2
2,"Environment: 2, FiringMode: 2",10.13524,false,0,0,0,NA,false,0,0,0,NA,-1,-1,-1,-1,-1,-2,-2,false,0,0,0,NA,-1,-1,-1,-1,-1,-2,-2
2,"Environment: 2, FiringMode: 2",10.13648,false,0,0,0,NA,false,0,0,0,NA,-1,-1,-1,-1,-1,-2,-2,false,0,0,0,NA,-1,-1,-1,-1,-1,-2,-2
2,"Environment: 2, FiringMode: 2",10.13769,false,0,0,0,NA,false,0,0,0,NA,-1,-1,-1,-1,-1,-2,-2,false,0,0,0,NA,-1,-1,-1,-1,-1,-2,-2
2,"Environment: 2, FiringMode: 2",10.13911,false,0,0,0,NA,false,0,0,0,NA,-1,-1,-1,-1,-1,-2,-2,false,0,0,0,NA,-1,-1,-1,-1,-1,-2,-2
2,"Environment: 2, FiringMode: 2",10.14056,false,0,0,0,NA,false,0,0,0,NA,-1,-1,-1,-1,-1,-2,-2,false,0,0,0,NA,-1,-1,-1,-1,-1,-2,-2
2,"Environment: 2, FiringMode: 2",10.14198,false,0,0,0,NA,false,0,0,0,NA,-1,-1,-1,-1,-1,-2,-2,false,0,0,0,NA,-1,-1,-1,-1,-1,-2,-2
2,"Environment: 2, FiringMode: 2",10.14323,false,0,0,0,NA,false,0,0,0,NA,-1,-1,-1,-1,-1,-2,-2,false,0,0,0,NA,-1,-1,-1,-1,-1,-2,-2
2,"Environment: 2, FiringMode: 2",10.14453,false,0,0,0,NA,false,0,0,0,NA,-1,-1,-1,-1,-1,-2,-2,false,0,0,0,NA,-1,-1,-1,-1,-1,-2,-2
2,"Environment: 2, FiringMode: 2",10.14596,false,0,0,0,NA,false,0,0,0,NA,-1,-1,-1,-1,-1,-2,-2,false,0,0,0,NA,-1,-1,-1,-1,-1,-2,-2
2,"Environment: 2, FiringMode: 2",10.14726,false,0,0,0,NA,false,0,0,0,NA,-1,-1,-1,-1,-1,-2,-2,false,0,0,0,NA,-1,-1,-1,-1,-1,-2,-2
2,"Environment: 2, FiringMode: 2",10.14856,false,0,0,0,NA,false,0,0,0,NA,-1,-1,-1,-1,-1,-2,-2,false,0,0,0,NA,-1,-1,-1,-1,-1,-2,-2
2,"Environment: 2, FiringMode: 2",10.14987,false,0,0,0,NA,false,0,0,0,NA,-1,-1,-1,-1,-1,-2,-2,false,0,0,0,NA,-1,-1,-1,-1,-1,-2,-2
2,"Environment: 2, FiringMode: 2",10.15116,false,0,0,0,NA,false,0,0,0,NA,-1,-1,-1,-1,-1,-2,-2,false,0,0,0,NA,-1,-1,-1,-1,-1,-2,-2
2,"Environment: 2, FiringMode: 2",10.15259,false,0,0,0,NA,false,0,0,0,NA,-1,-1,-1,-1,-1,-2,-2,false,0,0,0,NA,-1,-1,-1,-1,-1,-2,-2
2,"Environment: 2, FiringMode: 2",10.15414,false,0,0,0,NA,false,0,0,0,NA,-1,-1,-1,-1,-1,-2,-2,false,0,0,0,NA,-1,-1,-1,-1,-1,-2,-2
2,"Environment: 2, FiringMode: 2",10.15556,false,0,0,0,NA,false,0,0,0,NA,-1,-1,-1,-1,-1,-2,-2,false,0,0,0,NA,-1,-1,-1,-1,-1,-2,-2
2,"Environment: 2, FiringMode: 2",10.15695,false,0,0,0,NA,false,0,0,0,NA,-1,-1,-1,-1,-1,-2,-2,false,0,0,0,NA,-1,-1,-1,-1,-1,-2,-2
2,"Environment: 2, FiringMode: 2",10.15828,false,0,0,0,NA,false,0,0,0,NA,-1,-1,-1,-1,-1,-2,-2,false,0,0,0,NA,-1,-1,-1,-1,-1,-2,-2
2,"Environment: 2, FiringMode: 2",10.1598,false,0,0,0,NA,false,0,0,0,NA,-1,-1,-1,-1,-1,-2,-2,false,0,0,0,NA,-1,-1,-1,-1,-1,-2,-2
2,"Environment: 2, FiringMode: 2",10.16119,false,0,0,0,NA,false,0,0,0,NA,-1,-1,-1,-1,-1,-2,-2,false,0,0,0,NA,-1,-1,-1,-1,-1,-2,-2
2,"Environment: 2, FiringMode: 2",10.16258,false,0,0,0,NA,false,0,0,0,NA,-1,-1,-1,-1,-1,-2,-2,false,0,0,0,NA,-1,-1,-1,-1,-1,-2,-2
2,"Environment: 2, FiringMode: 2",10.16386,false,0,0,0,NA,false,0,0,0,NA,-1,-1,-1,-1,-1,-2,-2,false,0,0,0,NA,-1,-1,-1,-1,-1,-2,-2
2,"Environment: 2, FiringMode: 2",10.16516,false,0,0,0,NA,false,0,0,0,NA,-1,-1,-1,-1,-1,-2,-2,false,0,0,0,NA,-1,-1,-1,-1,-1,-2,-2
2,"Environment: 2, FiringMode: 2",10.16674,false,0,0,0,NA,false,0,0,0,NA,-1,-1,-1,-1,-1,-2,-2,false,0,0,0,NA,-1,-1,-1,-1,-1,-2,-2
2,"Environment: 2, FiringMode: 2",10.1683,false,0,0,0,NA,false,0,0,0,NA,-1,-1,-1,-1,-1,-2,-2,false,0,0,0,NA,-1,-1,-1,-1,-1,-2,-2
2,"Environment: 2, FiringMode: 2",10.16972,false,0,0,0,NA,false,0,0,0,NA,-1,-1,-1,-1,-1,-2,-2,false,0,0,0,NA,-1,-1,-1,-1,-1,-2,-2
2,"Environment: 2, FiringMode: 2",10.17111,false,0,0,0,NA,false,0,0,0,NA,-1,-1,-1,-1,-1,-2,-2,false,0,0,0,NA,-1,-1,-1,-1,-1,-2,-2
2,"Environment: 2, FiringMode: 2",10.17254,false,0,0,0,NA,false,0,0,0,NA,-1,-1,-1,-1,-1,-2,-2,false,0,0,0,NA,-1,-1,-1,-1,-1,-2,-2
2,"Environment: 2, FiringMode: 2",10.17393,false,0,0,0,NA,false,0,0,0,NA,-1,-1,-1,-1,-1,-2,-2,false,0,0,0,NA,-1,-1,-1,-1,-1,-2,-2
2,"Environment: 2, FiringMode: 2",10.17539,false,0,0,0,NA,false,0,0,0,NA,-1,-1,-1,-1,-1,-2,-2,false,0,0,0,NA,-1,-1,-1,-1,-1,-2,-2
2,"Environment: 2, FiringMode: 2",10.1767,false,0,0,0,NA,false,0,0,0,NA,-1,-1,-1,-1,-1,-2,-2,false,0,0,0,NA,-1,-1,-1,-1,-1,-2,-2
2,"Environment: 2, FiringMode: 2",10.17798,false,0,0,0,NA,false,0,0,0,NA,-1,-1,-1,-1,-1,-2,-2,false,0,0,0,NA,-1,-1,-1,-1,-1,-2,-2
2,"Environment: 2, FiringMode: 2",10.17949,false,0,0,0,NA,false,0,0,0,NA,-1,-1,-1,-1,-1,-2,-2,false,0,0,0,NA,-1,-1,-1,-1,-1,-2,-2
2,"Environment: 2, FiringMode: 2",10.18079,false,0,0,0,NA,false,0,0,0,NA,-1,-1,-1,-1,-1,-2,-2,false,0,0,0,NA,-1,-1,-1,-1,-1,-2,-2
2,"Environment: 2, FiringMode: 2",10.18207,false,0,0,0,NA,false,0,0,0,NA,-1,-1,-1,-1,-1,-2,-2,false,0,0,0,NA,-1,-1,-1,-1,-1,-2,-2
2,"Environment: 2, FiringMode: 2",10.18354,false,0,0,0,NA,false,0,0,0,NA,-1,-1,-1,-1,-1,-2,-2,false,0,0,0,NA,-1,-1,-1,-1,-1,-2,-2
2,"Environment: 2, FiringMode: 2",10.18536,false,0,0,0,NA,false,0,0,0,NA,-1,-1,-1,-1,-1,-2,-2,false,0,0,0,NA,-1,-1,-1,-1,-1,-2,-2
2,"Environment: 2, FiringMode: 2",10.18698,false,0,0,0,NA,false,0,0,0,NA,-1,-1,-1,-1,-1,-2,-2,false,0,0,0,NA,-1,-1,-1,-1,-1,-2,-2
2,"Environment: 2, FiringMode: 2",10.18853,false,0,0,0,NA,false,0,0,0,NA,-1,-1,-1,-1,-1,-2,-2,false,0,0,0,NA,-1,-1,-1,-1,-1,-2,-2
2,"Environment: 2, FiringMode: 2",10.19005,false,0,0,0,NA,false,0,0,0,NA,-1,-1,-1,-1,-1,-2,-2,false,0,0,0,NA,-1,-1,-1,-1,-1,-2,-2
2,"Environment: 2, FiringMode: 2",10.19144,false,0,0,0,NA,false,0,0,0,NA,-1,-1,-1,-1,-1,-2,-2,false,0,0,0,NA,-1,-1,-1,-1,-1,-2,-2
2,"Environment: 2, FiringMode: 2",10.19276,false,0,0,0,NA,false,0,0,0,NA,-1,-1,-1,-1,-1,-2,-2,false,0,0,0,NA,-1,-1,-1,-1,-1,-2,-2
2,"Environment: 2, FiringMode: 2",10.19414,false,0,0,0,NA,false,0,0,0,NA,-1,-1,-1,-1,-1,-2,-2,false,0,0,0,NA,-1,-1,-1,-1,-1,-2,-2
2,"Environment: 2, FiringMode: 2",10.19559,false,0,0,0,NA,false,0,0,0,NA,-1,-1,-1,-1,-1,-2,-2,false,0,0,0,NA,-1,-1,-1,-1,-1,-2,-2
2,"Environment: 2, FiringMode: 2",10.19698,false,0,0,0,NA,false,0,0,0,NA,-1,-1,-1,-1,-1,-2,-2,false,0,0,0,NA,-1,-1,-1,-1,-1,-2,-2
2,"Environment: 2, FiringMode: 2",10.1983,false,0,0,0,NA,false,0,0,0,NA,-1,-1,-1,-1,-1,-2,-2,false,0,0,0,NA,-1,-1,-1,-1,-1,-2,-2
2,"Environment: 2, FiringMode: 2",10.1998,false,0,0,0,NA,false,0,0,0,NA,-1,-1,-1,-1,-1,-2,-2,false,0,0,0,NA,-1,-1,-1,-1,-1,-2,-2
2,"Environment: 2, FiringMode: 2",10.2013,false,0,0,0,NA,false,0,0,0,NA,-1,-1,-1,-1,-1,-2,-2,false,0,0,0,NA,-1,-1,-1,-1,-1,-2,-2
2,"Environment: 2, FiringMode: 2",10.2028,false,0,0,0,NA,false,0,0,0,NA,-1,-1,-1,-1,-1,-2,-2,false,0,0,0,NA,-1,-1,-1,-1,-1,-2,-2
2,"Environment: 2, FiringMode: 2",10.20419,false,0,0,0,NA,false,0,0,0,NA,-1,-1,-1,-1,-1,-2,-2,false,0,0,0,NA,-1,-1,-1,-1,-1,-2,-2
2,"Environment: 2, FiringMode: 2",10.20563,false,0,0,0,NA,false,0,0,0,NA,-1,-1,-1,-1,-1,-2,-2,false,0,0,0,NA,-1,-1,-1,-1,-1,-2,-2
2,"Environment: 2, FiringMode: 2",10.20703,false,0,0,0,NA,false,0,0,0,NA,-1,-1,-1,-1,-1,-2,-2,false,0,0,0,NA,-1,-1,-1,-1,-1,-2,-2
2,"Environment: 2, FiringMode: 2",10.20837,false,0,0,0,NA,false,0,0,0,NA,-1,-1,-1,-1,-1,-2,-2,false,0,0,0,NA,-1,-1,-1,-1,-1,-2,-2
2,"Environment: 2, FiringMode: 2",10.20969,false,0,0,0,NA,false,0,0,0,NA,-1,-1,-1,-1,-1,-2,-2,false,0,0,0,NA,-1,-1,-1,-1,-1,-2,-2
2,"Environment: 2, FiringMode: 2",10.211,false,0,0,0,NA,false,0,0,0,NA,-1,-1,-1,-1,-1,-2,-2,false,0,0,0,NA,-1,-1,-1,-1,-1,-2,-2
2,"Environment: 2, FiringMode: 2",10.21233,false,0,0,0,NA,false,0,0,0,NA,-1,-1,-1,-1,-1,-2,-2,false,0,0,0,NA,-1,-1,-1,-1,-1,-2,-2
2,"Environment: 2, FiringMode: 2",10.21373,false,0,0,0,NA,false,0,0,0,NA,-1,-1,-1,-1,-1,-2,-2,false,0,0,0,NA,-1,-1,-1,-1,-1,-2,-2
2,"Environment: 2, FiringMode: 2",10.21507,false,0,0,0,NA,false,0,0,0,NA,-1,-1,-1,-1,-1,-2,-2,false,0,0,0,NA,-1,-1,-1,-1,-1,-2,-2
2,"Environment: 2, FiringMode: 2",10.21641,false,0,0,0,NA,false,0,0,0,NA,-1,-1,-1,-1,-1,-2,-2,false,0,0,0,NA,-1,-1,-1,-1,-1,-2,-2
2,"Environment: 2, FiringMode: 2",10.21767,false,0,0,0,NA,false,0,0,0,NA,-1,-1,-1,-1,-1,-2,-2,false,0,0,0,NA,-1,-1,-1,-1,-1,-2,-2
2,"Environment: 2, FiringMode: 2",10.21908,false,0,0,0,NA,false,0,0,0,NA,-1,-1,-1,-1,-1,-2,-2,false,0,0,0,NA,-1,-1,-1,-1,-1,-2,-2
2,"Environment: 2, FiringMode: 2",10.2204,false,0,0,0,NA,false,0,0,0,NA,-1,-1,-1,-1,-1,-2,-2,false,0,0,0,NA,-1,-1,-1,-1,-1,-2,-2
2,"Environment: 2, FiringMode: 2",10.22183,false,0,0,0,NA,false,0,0,0,NA,-1,-1,-1,-1,-1,-2,-2,false,0,0,0,NA,-1,-1,-1,-1,-1,-2,-2
2,"Environment: 2, FiringMode: 2",10.22314,false,0,0,0,NA,false,0,0,0,NA,-1,-1,-1,-1,-1,-2,-2,false,0,0,0,NA,-1,-1,-1,-1,-1,-2,-2
2,"Environment: 2, FiringMode: 2",10.22451,false,0,0,0,NA,false,0,0,0,NA,-1,-1,-1,-1,-1,-2,-2,false,0,0,0,NA,-1,-1,-1,-1,-1,-2,-2
2,"Environment: 2, FiringMode: 2",10.22591,false,0,0,0,NA,false,0,0,0,NA,-1,-1,-1,-1,-1,-2,-2,false,0,0,0,NA,-1,-1,-1,-1,-1,-2,-2
2,"Environment: 2, FiringMode: 2",10.22733,false,0,0,0,NA,false,0,0,0,NA,-1,-1,-1,-1,-1,-2,-2,false,0,0,0,NA,-1,-1,-1,-1,-1,-2,-2
2,"Environment: 2, FiringMode: 2",10.22864,false,0,0,0,NA,false,0,0,0,NA,-1,-1,-1,-1,-1,-2,-2,false,0,0,0,NA,-1,-1,-1,-1,-1,-2,-2
2,"Environment: 2, FiringMode: 2",10.22996,false,0,0,0,NA,false,0,0,0,NA,-1,-1,-1,-1,-1,-2,-2,false,0,0,0,NA,-1,-1,-1,-1,-1,-2,-2
2,"Environment: 2, FiringMode: 2",10.23125,false,0,0,0,NA,false,0,0,0,NA,-1,-1,-1,-1,-1,-2,-2,false,0,0,0,NA,-1,-1,-1,-1,-1,-2,-2
2,"Environment: 2, FiringMode: 2",10.23256,false,0,0,0,NA,false,0,0,0,NA,-1,-1,-1,-1,-1,-2,-2,false,0,0,0,NA,-1,-1,-1,-1,-1,-2,-2
2,"Environment: 2, FiringMode: 2",10.23383,false,0,0,0,NA,false,0,0,0,NA,-1,-1,-1,-1,-1,-2,-2,false,0,0,0,NA,-1,-1,-1,-1,-1,-2,-2
2,"Environment: 2, FiringMode: 2",10.23516,false,0,0,0,NA,false,0,0,0,NA,-1,-1,-1,-1,-1,-2,-2,false,0,0,0,NA,-1,-1,-1,-1,-1,-2,-2
2,"Environment: 2, FiringMode: 2",10.23682,false,0,0,0,NA,false,0,0,0,NA,-1,-1,-1,-1,-1,-2,-2,false,0,0,0,NA,-1,-1,-1,-1,-1,-2,-2
2,"Environment: 2, FiringMode: 2",10.23852,false,0,0,0,NA,false,0,0,0,NA,-1,-1,-1,-1,-1,-2,-2,false,0,0,0,NA,-1,-1,-1,-1,-1,-2,-2
2,"Environment: 2, FiringMode: 2",10.24019,false,0,0,0,NA,false,0,0,0,NA,-1,-1,-1,-1,-1,-2,-2,false,0,0,0,NA,-1,-1,-1,-1,-1,-2,-2
2,"Environment: 2, FiringMode: 2",10.24153,false,0,0,0,NA,false,0,0,0,NA,-1,-1,-1,-1,-1,-2,-2,false,0,0,0,NA,-1,-1,-1,-1,-1,-2,-2
2,"Environment: 2, FiringMode: 2",10.24282,false,0,0,0,NA,false,0,0,0,NA,-1,-1,-1,-1,-1,-2,-2,false,0,0,0,NA,-1,-1,-1,-1,-1,-2,-2
2,"Environment: 2, FiringMode: 2",10.24408,false,0,0,0,NA,false,0,0,0,NA,-1,-1,-1,-1,-1,-2,-2,false,0,0,0,NA,-1,-1,-1,-1,-1,-2,-2
2,"Environment: 2, FiringMode: 2",10.24531,false,0,0,0,NA,false,0,0,0,NA,-1,-1,-1,-1,-1,-2,-2,false,0,0,0,NA,-1,-1,-1,-1,-1,-2,-2
2,"Environment: 2, FiringMode: 2",10.2466,false,0,0,0,NA,false,0,0,0,NA,-1,-1,-1,-1,-1,-2,-2,false,0,0,0,NA,-1,-1,-1,-1,-1,-2,-2
2,"Environment: 2, FiringMode: 2",10.24788,false,0,0,0,NA,false,0,0,0,NA,-1,-1,-1,-1,-1,-2,-2,false,0,0,0,NA,-1,-1,-1,-1,-1,-2,-2
2,"Environment: 2, FiringMode: 2",10.24918,false,0,0,0,NA,false,0,0,0,NA,-1,-1,-1,-1,-1,-2,-2,false,0,0,0,NA,-1,-1,-1,-1,-1,-2,-2
2,"Environment: 2, FiringMode: 2",10.25049,false,0,0,0,NA,false,0,0,0,NA,-1,-1,-1,-1,-1,-2,-2,false,0,0,0,NA,-1,-1,-1,-1,-1,-2,-2
2,"Environment: 2, FiringMode: 2",10.25177,false,0,0,0,NA,false,0,0,0,NA,-1,-1,-1,-1,-1,-2,-2,false,0,0,0,NA,-1,-1,-1,-1,-1,-2,-2
2,"Environment: 2, FiringMode: 2",10.25304,false,0,0,0,NA,false,0,0,0,NA,-1,-1,-1,-1,-1,-2,-2,false,0,0,0,NA,-1,-1,-1,-1,-1,-2,-2
2,"Environment: 2, FiringMode: 2",10.25447,false,0,0,0,NA,false,0,0,0,NA,-1,-1,-1,-1,-1,-2,-2,false,0,0,0,NA,-1,-1,-1,-1,-1,-2,-2
2,"Environment: 2, FiringMode: 2",10.25582,false,0,0,0,NA,false,0,0,0,NA,-1,-1,-1,-1,-1,-2,-2,false,0,0,0,NA,-1,-1,-1,-1,-1,-2,-2
2,"Environment: 2, FiringMode: 2",10.25711,false,0,0,0,NA,false,0,0,0,NA,-1,-1,-1,-1,-1,-2,-2,false,0,0,0,NA,-1,-1,-1,-1,-1,-2,-2
2,"Environment: 2, FiringMode: 2",10.25843,false,0,0,0,NA,false,0,0,0,NA,-1,-1,-1,-1,-1,-2,-2,false,0,0,0,NA,-1,-1,-1,-1,-1,-2,-2
2,"Environment: 2, FiringMode: 2",10.2598,false,0,0,0,NA,false,0,0,0,NA,-1,-1,-1,-1,-1,-2,-2,false,0,0,0,NA,-1,-1,-1,-1,-1,-2,-2
2,"Environment: 2, FiringMode: 2",10.26112,false,0,0,0,NA,false,0,0,0,NA,-1,-1,-1,-1,-1,-2,-2,false,0,0,0,NA,-1,-1,-1,-1,-1,-2,-2
2,"Environment: 2, FiringMode: 2",10.2624,false,0,0,0,NA,false,0,0,0,NA,-1,-1,-1,-1,-1,-2,-2,false,0,0,0,NA,-1,-1,-1,-1,-1,-2,-2
2,"Environment: 2, FiringMode: 2",10.26367,false,0,0,0,NA,false,0,0,0,NA,-1,-1,-1,-1,-1,-2,-2,false,0,0,0,NA,-1,-1,-1,-1,-1,-2,-2
2,"Environment: 2, FiringMode: 2",10.2649,false,0,0,0,NA,false,0,0,0,NA,-1,-1,-1,-1,-1,-2,-2,false,0,0,0,NA,-1,-1,-1,-1,-1,-2,-2
2,"Environment: 2, FiringMode: 2",10.26613,false,0,0,0,NA,false,0,0,0,NA,-1,-1,-1,-1,-1,-2,-2,false,0,0,0,NA,-1,-1,-1,-1,-1,-2,-2
2,"Environment: 2, FiringMode: 2",10.26738,false,0,0,0,NA,false,0,0,0,NA,-1,-1,-1,-1,-1,-2,-2,false,0,0,0,NA,-1,-1,-1,-1,-1,-2,-2
2,"Environment: 2, FiringMode: 2",10.26865,false,0,0,0,NA,false,0,0,0,NA,-1,-1,-1,-1,-1,-2,-2,false,0,0,0,NA,-1,-1,-1,-1,-1,-2,-2
2,"Environment: 2, FiringMode: 2",10.26989,false,0,0,0,NA,false,0,0,0,NA,-1,-1,-1,-1,-1,-2,-2,false,0,0,0,NA,-1,-1,-1,-1,-1,-2,-2
2,"Environment: 2, FiringMode: 2",10.2711,false,0,0,0,NA,false,0,0,0,NA,-1,-1,-1,-1,-1,-2,-2,false,0,0,0,NA,-1,-1,-1,-1,-1,-2,-2
2,"Environment: 2, FiringMode: 2",10.27232,false,0,0,0,NA,false,0,0,0,NA,-1,-1,-1,-1,-1,-2,-2,false,0,0,0,NA,-1,-1,-1,-1,-1,-2,-2
2,"Environment: 2, FiringMode: 2",10.27358,false,0,0,0,NA,false,0,0,0,NA,-1,-1,-1,-1,-1,-2,-2,false,0,0,0,NA,-1,-1,-1,-1,-1,-2,-2
2,"Environment: 2, FiringMode: 2",10.27495,false,0,0,0,NA,false,0,0,0,NA,-1,-1,-1,-1,-1,-2,-2,false,0,0,0,NA,-1,-1,-1,-1,-1,-2,-2
2,"Environment: 2, FiringMode: 2",10.27627,false,0,0,0,NA,false,0,0,0,NA,-1,-1,-1,-1,-1,-2,-2,false,0,0,0,NA,-1,-1,-1,-1,-1,-2,-2
2,"Environment: 2, FiringMode: 2",10.27762,false,0,0,0,NA,false,0,0,0,NA,-1,-1,-1,-1,-1,-2,-2,false,0,0,0,NA,-1,-1,-1,-1,-1,-2,-2
2,"Environment: 2, FiringMode: 2",10.27909,false,0,0,0,NA,false,0,0,0,NA,-1,-1,-1,-1,-1,-2,-2,false,0,0,0,NA,-1,-1,-1,-1,-1,-2,-2
2,"Environment: 2, FiringMode: 2",10.28049,false,0,0,0,NA,false,0,0,0,NA,-1,-1,-1,-1,-1,-2,-2,false,0,0,0,NA,-1,-1,-1,-1,-1,-2,-2
2,"Environment: 2, FiringMode: 2",10.28179,false,0,0,0,NA,false,0,0,0,NA,-1,-1,-1,-1,-1,-2,-2,false,0,0,0,NA,-1,-1,-1,-1,-1,-2,-2
2,"Environment: 2, FiringMode: 2",10.28308,false,0,0,0,NA,false,0,0,0,NA,-1,-1,-1,-1,-1,-2,-2,false,0,0,0,NA,-1,-1,-1,-1,-1,-2,-2
2,"Environment: 2, FiringMode: 2",10.28439,false,0,0,0,NA,false,0,0,0,NA,-1,-1,-1,-1,-1,-2,-2,false,0,0,0,NA,-1,-1,-1,-1,-1,-2,-2
2,"Environment: 2, FiringMode: 2",10.28565,false,0,0,0,NA,false,0,0,0,NA,-1,-1,-1,-1,-1,-2,-2,false,0,0,0,NA,-1,-1,-1,-1,-1,-2,-2
2,"Environment: 2, FiringMode: 2",10.28689,false,0,0,0,NA,false,0,0,0,NA,-1,-1,-1,-1,-1,-2,-2,false,0,0,0,NA,-1,-1,-1,-1,-1,-2,-2
2,"Environment: 2, FiringMode: 2",10.28815,false,0,0,0,NA,false,0,0,0,NA,-1,-1,-1,-1,-1,-2,-2,false,0,0,0,NA,-1,-1,-1,-1,-1,-2,-2
2,"Environment: 2, FiringMode: 2",10.28944,false,0,0,0,NA,false,0,0,0,NA,-1,-1,-1,-1,-1,-2,-2,false,0,0,0,NA,-1,-1,-1,-1,-1,-2,-2
2,"Environment: 2, FiringMode: 2",10.29068,false,0,0,0,NA,false,0,0,0,NA,-1,-1,-1,-1,-1,-2,-2,false,0,0,0,NA,-1,-1,-1,-1,-1,-2,-2
2,"Environment: 2, FiringMode: 2",10.29198,false,0,0,0,NA,false,0,0,0,NA,-1,-1,-1,-1,-1,-2,-2,false,0,0,0,NA,-1,-1,-1,-1,-1,-2,-2
2,"Environment: 2, FiringMode: 2",10.29325,false,0,0,0,NA,false,0,0,0,NA,-1,-1,-1,-1,-1,-2,-2,false,0,0,0,NA,-1,-1,-1,-1,-1,-2,-2
2,"Environment: 2, FiringMode: 2",10.2945,false,0,0,0,NA,false,0,0,0,NA,-1,-1,-1,-1,-1,-2,-2,false,0,0,0,NA,-1,-1,-1,-1,-1,-2,-2
2,"Environment: 2, FiringMode: 2",10.2958,false,0,0,0,NA,false,0,0,0,NA,-1,-1,-1,-1,-1,-2,-2,false,0,0,0,NA,-1,-1,-1,-1,-1,-2,-2
2,"Environment: 2, FiringMode: 2",10.2971,false,0,0,0,NA,false,0,0,0,NA,-1,-1,-1,-1,-1,-2,-2,false,0,0,0,NA,-1,-1,-1,-1,-1,-2,-2
2,"Environment: 2, FiringMode: 2",10.29849,false,0,0,0,NA,false,0,0,0,NA,-1,-1,-1,-1,-1,-2,-2,false,0,0,0,NA,-1,-1,-1,-1,-1,-2,-2
2,"Environment: 2, FiringMode: 2",10.30002,false,0,0,0,NA,false,0,0,0,NA,-1,-1,-1,-1,-1,-2,-2,false,0,0,0,NA,-1,-1,-1,-1,-1,-2,-2
2,"Environment: 2, FiringMode: 2",10.3013,false,0,0,0,NA,false,0,0,0,NA,-1,-1,-1,-1,-1,-2,-2,false,0,0,0,NA,-1,-1,-1,-1,-1,-2,-2
2,"Environment: 2, FiringMode: 2",10.30254,false,0,0,0,NA,false,0,0,0,NA,-1,-1,-1,-1,-1,-2,-2,false,0,0,0,NA,-1,-1,-1,-1,-1,-2,-2
2,"Environment: 2, FiringMode: 2",10.30387,false,0,0,0,NA,false,0,0,0,NA,-1,-1,-1,-1,-1,-2,-2,false,0,0,0,NA,-1,-1,-1,-1,-1,-2,-2
2,"Environment: 2, FiringMode: 2",10.30513,false,0,0,0,NA,false,0,0,0,NA,-1,-1,-1,-1,-1,-2,-2,false,0,0,0,NA,-1,-1,-1,-1,-1,-2,-2
2,"Environment: 2, FiringMode: 2",10.30643,false,0,0,0,NA,false,0,0,0,NA,-1,-1,-1,-1,-1,-2,-2,false,0,0,0,NA,-1,-1,-1,-1,-1,-2,-2
2,"Environment: 2, FiringMode: 2",10.30941,false,0,0,0,NA,false,0,0,0,NA,-1,-1,-1,-1,-1,-2,-2,false,0,0,0,NA,-1,-1,-1,-1,-1,-2,-2
2,"Environment: 2, FiringMode: 2",10.31085,false,0,0,0,NA,false,0,0,0,NA,-1,-1,-1,-1,-1,-2,-2,false,0,0,0,NA,-1,-1,-1,-1,-1,-2,-2
2,"Environment: 2, FiringMode: 2",10.31224,false,0,0,0,NA,false,0,0,0,NA,-1,-1,-1,-1,-1,-2,-2,false,0,0,0,NA,-1,-1,-1,-1,-1,-2,-2
2,"Environment: 2, FiringMode: 2",10.31355,false,0,0,0,NA,false,0,0,0,NA,-1,-1,-1,-1,-1,-2,-2,false,0,0,0,NA,-1,-1,-1,-1,-1,-2,-2
2,"Environment: 2, FiringMode: 2",10.31517,false,0,0,0,NA,false,0,0,0,NA,-1,-1,-1,-1,-1,-2,-2,false,0,0,0,NA,-1,-1,-1,-1,-1,-2,-2
2,"Environment: 2, FiringMode: 2",10.31697,false,0,0,0,NA,false,0,0,0,NA,-1,-1,-1,-1,-1,-2,-2,false,0,0,0,NA,-1,-1,-1,-1,-1,-2,-2
2,"Environment: 2, FiringMode: 2",10.31828,false,0,0,0,NA,false,0,0,0,NA,-1,-1,-1,-1,-1,-2,-2,false,0,0,0,NA,-1,-1,-1,-1,-1,-2,-2
2,"Environment: 2, FiringMode: 2",10.31966,false,0,0,0,NA,false,0,0,0,NA,-1,-1,-1,-1,-1,-2,-2,false,0,0,0,NA,-1,-1,-1,-1,-1,-2,-2
2,"Environment: 2, FiringMode: 2",10.32096,false,0,0,0,NA,false,0,0,0,NA,-1,-1,-1,-1,-1,-2,-2,false,0,0,0,NA,-1,-1,-1,-1,-1,-2,-2
2,"Environment: 2, FiringMode: 2",10.32221,false,0,0,0,NA,false,0,0,0,NA,-1,-1,-1,-1,-1,-2,-2,false,0,0,0,NA,-1,-1,-1,-1,-1,-2,-2
2,"Environment: 2, FiringMode: 2",10.32343,false,0,0,0,NA,false,0,0,0,NA,-1,-1,-1,-1,-1,-2,-2,false,0,0,0,NA,-1,-1,-1,-1,-1,-2,-2
2,"Environment: 2, FiringMode: 2",10.32465,false,0,0,0,NA,false,0,0,0,NA,-1,-1,-1,-1,-1,-2,-2,false,0,0,0,NA,-1,-1,-1,-1,-1,-2,-2
2,"Environment: 2, FiringMode: 2",10.32587,false,0,0,0,NA,false,0,0,0,NA,-1,-1,-1,-1,-1,-2,-2,false,0,0,0,NA,-1,-1,-1,-1,-1,-2,-2
2,"Environment: 2, FiringMode: 2",10.32707,false,0,0,0,NA,false,0,0,0,NA,-1,-1,-1,-1,-1,-2,-2,false,0,0,0,NA,-1,-1,-1,-1,-1,-2,-2
2,"Environment: 2, FiringMode: 2",10.32827,false,0,0,0,NA,false,0,0,0,NA,-1,-1,-1,-1,-1,-2,-2,false,0,0,0,NA,-1,-1,-1,-1,-1,-2,-2
2,"Environment: 2, FiringMode: 2",10.32961,false,0,0,0,NA,false,0,0,0,NA,-1,-1,-1,-1,-1,-2,-2,false,0,0,0,NA,-1,-1,-1,-1,-1,-2,-2
2,"Environment: 2, FiringMode: 2",10.33118,false,0,0,0,NA,false,0,0,0,NA,-1,-1,-1,-1,-1,-2,-2,false,0,0,0,NA,-1,-1,-1,-1,-1,-2,-2
2,"Environment: 2, FiringMode: 2",10.33254,false,0,0,0,NA,false,0,0,0,NA,-1,-1,-1,-1,-1,-2,-2,false,0,0,0,NA,-1,-1,-1,-1,-1,-2,-2
2,"Environment: 2, FiringMode: 2",10.33417,false,0,0,0,NA,false,0,0,0,NA,-1,-1,-1,-1,-1,-2,-2,false,0,0,0,NA,-1,-1,-1,-1,-1,-2,-2
2,"Environment: 2, FiringMode: 2",10.33549,false,0,0,0,NA,false,0,0,0,NA,-1,-1,-1,-1,-1,-2,-2,false,0,0,0,NA,-1,-1,-1,-1,-1,-2,-2
2,"Environment: 2, FiringMode: 2",10.3367,false,0,0,0,NA,false,0,0,0,NA,-1,-1,-1,-1,-1,-2,-2,false,0,0,0,NA,-1,-1,-1,-1,-1,-2,-2
2,"Environment: 2, FiringMode: 2",10.3379,false,0,0,0,NA,false,0,0,0,NA,-1,-1,-1,-1,-1,-2,-2,false,0,0,0,NA,-1,-1,-1,-1,-1,-2,-2
2,"Environment: 2, FiringMode: 2",10.33934,false,0,0,0,NA,false,0,0,0,NA,-1,-1,-1,-1,-1,-2,-2,false,0,0,0,NA,-1,-1,-1,-1,-1,-2,-2
2,"Environment: 2, FiringMode: 2",10.34062,false,0,0,0,NA,false,0,0,0,NA,-1,-1,-1,-1,-1,-2,-2,false,0,0,0,NA,-1,-1,-1,-1,-1,-2,-2
2,"Environment: 2, FiringMode: 2",10.3419,false,0,0,0,NA,false,0,0,0,NA,-1,-1,-1,-1,-1,-2,-2,false,0,0,0,NA,-1,-1,-1,-1,-1,-2,-2
2,"Environment: 2, FiringMode: 2",10.34313,false,0,0,0,NA,false,0,0,0,NA,-1,-1,-1,-1,-1,-2,-2,false,0,0,0,NA,-1,-1,-1,-1,-1,-2,-2
2,"Environment: 2, FiringMode: 2",10.34439,false,0,0,0,NA,false,0,0,0,NA,-1,-1,-1,-1,-1,-2,-2,false,0,0,0,NA,-1,-1,-1,-1,-1,-2,-2
2,"Environment: 2, FiringMode: 2",10.34569,false,0,0,0,NA,false,0,0,0,NA,-1,-1,-1,-1,-1,-2,-2,false,0,0,0,NA,-1,-1,-1,-1,-1,-2,-2
2,"Environment: 2, FiringMode: 2",10.34708,false,0,0,0,NA,false,0,0,0,NA,-1,-1,-1,-1,-1,-2,-2,false,0,0,0,NA,-1,-1,-1,-1,-1,-2,-2
2,"Environment: 2, FiringMode: 2",10.34837,false,0,0,0,NA,false,0,0,0,NA,-1,-1,-1,-1,-1,-2,-2,false,0,0,0,NA,-1,-1,-1,-1,-1,-2,-2
2,"Environment: 2, FiringMode: 2",10.34963,false,0,0,0,NA,false,0,0,0,NA,-1,-1,-1,-1,-1,-2,-2,false,0,0,0,NA,-1,-1,-1,-1,-1,-2,-2
2,"Environment: 2, FiringMode: 2",10.35084,false,0,0,0,NA,false,0,0,0,NA,-1,-1,-1,-1,-1,-2,-2,false,0,0,0,NA,-1,-1,-1,-1,-1,-2,-2
2,"Environment: 2, FiringMode: 2",10.35216,false,0,0,0,NA,false,0,0,0,NA,-1,-1,-1,-1,-1,-2,-2,false,0,0,0,NA,-1,-1,-1,-1,-1,-2,-2
2,"Environment: 2, FiringMode: 2",10.35337,false,0,0,0,NA,false,0,0,0,NA,-1,-1,-1,-1,-1,-2,-2,false,0,0,0,NA,-1,-1,-1,-1,-1,-2,-2
2,"Environment: 2, FiringMode: 2",10.3546,false,0,0,0,NA,false,0,0,0,NA,-1,-1,-1,-1,-1,-2,-2,false,0,0,0,NA,-1,-1,-1,-1,-1,-2,-2
2,"Environment: 2, FiringMode: 2",10.35584,false,0,0,0,NA,false,0,0,0,NA,-1,-1,-1,-1,-1,-2,-2,false,0,0,0,NA,-1,-1,-1,-1,-1,-2,-2
2,"Environment: 2, FiringMode: 2",10.35705,false,0,0,0,NA,false,0,0,0,NA,-1,-1,-1,-1,-1,-2,-2,false,0,0,0,NA,-1,-1,-1,-1,-1,-2,-2
2,"Environment: 2, FiringMode: 2",10.35829,false,0,0,0,NA,false,0,0,0,NA,-1,-1,-1,-1,-1,-2,-2,false,0,0,0,NA,-1,-1,-1,-1,-1,-2,-2
2,"Environment: 2, FiringMode: 2",10.35984,false,0,0,0,NA,false,0,0,0,NA,-1,-1,-1,-1,-1,-2,-2,false,0,0,0,NA,-1,-1,-1,-1,-1,-2,-2
2,"Environment: 2, FiringMode: 2",10.3612,false,0,0,0,NA,false,0,0,0,NA,-1,-1,-1,-1,-1,-2,-2,false,0,0,0,NA,-1,-1,-1,-1,-1,-2,-2
2,"Environment: 2, FiringMode: 2",10.36254,false,0,0,0,NA,false,0,0,0,NA,-1,-1,-1,-1,-1,-2,-2,false,0,0,0,NA,-1,-1,-1,-1,-1,-2,-2
2,"Environment: 2, FiringMode: 2",10.3639,false,0,0,0,NA,false,0,0,0,NA,-1,-1,-1,-1,-1,-2,-2,false,0,0,0,NA,-1,-1,-1,-1,-1,-2,-2
2,"Environment: 2, FiringMode: 2",10.36527,false,0,0,0,NA,false,0,0,0,NA,-1,-1,-1,-1,-1,-2,-2,false,0,0,0,NA,-1,-1,-1,-1,-1,-2,-2
2,"Environment: 2, FiringMode: 2",10.36659,false,0,0,0,NA,false,0,0,0,NA,-1,-1,-1,-1,-1,-2,-2,false,0,0,0,NA,-1,-1,-1,-1,-1,-2,-2
2,"Environment: 2, FiringMode: 2",10.36792,false,0,0,0,NA,false,0,0,0,NA,-1,-1,-1,-1,-1,-2,-2,false,0,0,0,NA,-1,-1,-1,-1,-1,-2,-2
2,"Environment: 2, FiringMode: 2",10.36914,false,0,0,0,NA,false,0,0,0,NA,-1,-1,-1,-1,-1,-2,-2,false,0,0,0,NA,-1,-1,-1,-1,-1,-2,-2
2,"Environment: 2, FiringMode: 2",10.37075,false,0,0,0,NA,false,0,0,0,NA,-1,-1,-1,-1,-1,-2,-2,false,0,0,0,NA,-1,-1,-1,-1,-1,-2,-2
2,"Environment: 2, FiringMode: 2",10.37203,false,0,0,0,NA,false,0,0,0,NA,-1,-1,-1,-1,-1,-2,-2,false,0,0,0,NA,-1,-1,-1,-1,-1,-2,-2
2,"Environment: 2, FiringMode: 2",10.37335,false,0,0,0,NA,false,0,0,0,NA,-1,-1,-1,-1,-1,-2,-2,false,0,0,0,NA,-1,-1,-1,-1,-1,-2,-2
2,"Environment: 2, FiringMode: 2",10.37479,false,0,0,0,NA,false,0,0,0,NA,-1,-1,-1,-1,-1,-2,-2,false,0,0,0,NA,-1,-1,-1,-1,-1,-2,-2
2,"Environment: 2, FiringMode: 2",10.37626,false,0,0,0,NA,false,0,0,0,NA,-1,-1,-1,-1,-1,-2,-2,false,0,0,0,NA,-1,-1,-1,-1,-1,-2,-2
2,"Environment: 2, FiringMode: 2",10.37761,false,0,0,0,NA,false,0,0,0,NA,-1,-1,-1,-1,-1,-2,-2,false,0,0,0,NA,-1,-1,-1,-1,-1,-2,-2
2,"Environment: 2, FiringMode: 2",10.37912,false,0,0,0,NA,false,0,0,0,NA,-1,-1,-1,-1,-1,-2,-2,false,0,0,0,NA,-1,-1,-1,-1,-1,-2,-2
2,"Environment: 2, FiringMode: 2",10.38042,false,0,0,0,NA,false,0,0,0,NA,-1,-1,-1,-1,-1,-2,-2,false,0,0,0,NA,-1,-1,-1,-1,-1,-2,-2
2,"Environment: 2, FiringMode: 2",10.3817,false,0,0,0,NA,false,0,0,0,NA,-1,-1,-1,-1,-1,-2,-2,false,0,0,0,NA,-1,-1,-1,-1,-1,-2,-2
2,"Environment: 2, FiringMode: 2",10.38302,false,0,0,0,NA,false,0,0,0,NA,-1,-1,-1,-1,-1,-2,-2,false,0,0,0,NA,-1,-1,-1,-1,-1,-2,-2
2,"Environment: 2, FiringMode: 2",10.38436,false,0,0,0,NA,false,0,0,0,NA,-1,-1,-1,-1,-1,-2,-2,false,0,0,0,NA,-1,-1,-1,-1,-1,-2,-2
2,"Environment: 2, FiringMode: 2",10.38564,false,0,0,0,NA,false,0,0,0,NA,-1,-1,-1,-1,-1,-2,-2,false,0,0,0,NA,-1,-1,-1,-1,-1,-2,-2
2,"Environment: 2, FiringMode: 2",10.38697,false,0,0,0,NA,false,0,0,0,NA,-1,-1,-1,-1,-1,-2,-2,false,0,0,0,NA,-1,-1,-1,-1,-1,-2,-2
2,"Environment: 2, FiringMode: 2",10.38828,false,0,0,0,NA,false,0,0,0,NA,-1,-1,-1,-1,-1,-2,-2,false,0,0,0,NA,-1,-1,-1,-1,-1,-2,-2
2,"Environment: 2, FiringMode: 2",10.38963,false,0,0,0,NA,false,0,0,0,NA,-1,-1,-1,-1,-1,-2,-2,false,0,0,0,NA,-1,-1,-1,-1,-1,-2,-2
2,"Environment: 2, FiringMode: 2",10.39093,false,0,0,0,NA,false,0,0,0,NA,-1,-1,-1,-1,-1,-2,-2,false,0,0,0,NA,-1,-1,-1,-1,-1,-2,-2
2,"Environment: 2, FiringMode: 2",10.39215,false,0,0,0,NA,false,0,0,0,NA,-1,-1,-1,-1,-1,-2,-2,false,0,0,0,NA,-1,-1,-1,-1,-1,-2,-2
2,"Environment: 2, FiringMode: 2",10.39335,false,0,0,0,NA,false,0,0,0,NA,-1,-1,-1,-1,-1,-2,-2,false,0,0,0,NA,-1,-1,-1,-1,-1,-2,-2
2,"Environment: 2, FiringMode: 2",10.39478,false,0,0,0,NA,false,0,0,0,NA,-1,-1,-1,-1,-1,-2,-2,false,0,0,0,NA,-1,-1,-1,-1,-1,-2,-2
2,"Environment: 2, FiringMode: 2",10.39626,false,0,0,0,NA,false,0,0,0,NA,-1,-1,-1,-1,-1,-2,-2,false,0,0,0,NA,-1,-1,-1,-1,-1,-2,-2
2,"Environment: 2, FiringMode: 2",10.39753,false,0,0,0,NA,false,0,0,0,NA,-1,-1,-1,-1,-1,-2,-2,false,0,0,0,NA,-1,-1,-1,-1,-1,-2,-2
2,"Environment: 2, FiringMode: 2",10.39898,false,0,0,0,NA,false,0,0,0,NA,-1,-1,-1,-1,-1,-2,-2,false,0,0,0,NA,-1,-1,-1,-1,-1,-2,-2
2,"Environment: 2, FiringMode: 2",10.40022,false,0,0,0,NA,false,0,0,0,NA,-1,-1,-1,-1,-1,-2,-2,false,0,0,0,NA,-1,-1,-1,-1,-1,-2,-2
2,"Environment: 2, FiringMode: 2",10.40151,false,0,0,0,NA,false,0,0,0,NA,-1,-1,-1,-1,-1,-2,-2,false,0,0,0,NA,-1,-1,-1,-1,-1,-2,-2
2,"Environment: 2, FiringMode: 2",10.4028,false,0,0,0,NA,false,0,0,0,NA,-1,-1,-1,-1,-1,-2,-2,false,0,0,0,NA,-1,-1,-1,-1,-1,-2,-2
2,"Environment: 2, FiringMode: 2",10.40406,false,0,0,0,NA,false,0,0,0,NA,-1,-1,-1,-1,-1,-2,-2,false,0,0,0,NA,-1,-1,-1,-1,-1,-2,-2
2,"Environment: 2, FiringMode: 2",10.40538,false,0,0,0,NA,false,0,0,0,NA,-1,-1,-1,-1,-1,-2,-2,false,0,0,0,NA,-1,-1,-1,-1,-1,-2,-2
2,"Environment: 2, FiringMode: 2",10.40666,false,0,0,0,NA,false,0,0,0,NA,-1,-1,-1,-1,-1,-2,-2,false,0,0,0,NA,-1,-1,-1,-1,-1,-2,-2
2,"Environment: 2, FiringMode: 2",10.40786,false,0,0,0,NA,false,0,0,0,NA,-1,-1,-1,-1,-1,-2,-2,false,0,0,0,NA,-1,-1,-1,-1,-1,-2,-2
2,"Environment: 2, FiringMode: 2",10.40909,false,0,0,0,NA,false,0,0,0,NA,-1,-1,-1,-1,-1,-2,-2,false,0,0,0,NA,-1,-1,-1,-1,-1,-2,-2
2,"Environment: 2, FiringMode: 2",10.41029,false,0,0,0,NA,false,0,0,0,NA,-1,-1,-1,-1,-1,-2,-2,false,0,0,0,NA,-1,-1,-1,-1,-1,-2,-2
2,"Environment: 2, FiringMode: 2",10.41155,false,0,0,0,NA,false,0,0,0,NA,-1,-1,-1,-1,-1,-2,-2,false,0,0,0,NA,-1,-1,-1,-1,-1,-2,-2
2,"Environment: 2, FiringMode: 2",10.41278,false,0,0,0,NA,false,0,0,0,NA,-1,-1,-1,-1,-1,-2,-2,false,0,0,0,NA,-1,-1,-1,-1,-1,-2,-2
2,"Environment: 2, FiringMode: 2",10.41407,false,0,0,0,NA,false,0,0,0,NA,-1,-1,-1,-1,-1,-2,-2,false,0,0,0,NA,-1,-1,-1,-1,-1,-2,-2
2,"Environment: 2, FiringMode: 2",10.41538,false,0,0,0,NA,false,0,0,0,NA,-1,-1,-1,-1,-1,-2,-2,false,0,0,0,NA,-1,-1,-1,-1,-1,-2,-2
2,"Environment: 2, FiringMode: 2",10.41673,false,0,0,0,NA,false,0,0,0,NA,-1,-1,-1,-1,-1,-2,-2,false,0,0,0,NA,-1,-1,-1,-1,-1,-2,-2
2,"Environment: 2, FiringMode: 2",10.41804,false,0,0,0,NA,false,0,0,0,NA,-1,-1,-1,-1,-1,-2,-2,false,0,0,0,NA,-1,-1,-1,-1,-1,-2,-2
2,"Environment: 2, FiringMode: 2",10.4194,false,0,0,0,NA,false,0,0,0,NA,-1,-1,-1,-1,-1,-2,-2,false,0,0,0,NA,-1,-1,-1,-1,-1,-2,-2
2,"Environment: 2, FiringMode: 2",10.42062,false,0,0,0,NA,false,0,0,0,NA,-1,-1,-1,-1,-1,-2,-2,false,0,0,0,NA,-1,-1,-1,-1,-1,-2,-2
2,"Environment: 2, FiringMode: 2",10.42183,false,0,0,0,NA,false,0,0,0,NA,-1,-1,-1,-1,-1,-2,-2,false,0,0,0,NA,-1,-1,-1,-1,-1,-2,-2
2,"Environment: 2, FiringMode: 2",10.42305,false,0,0,0,NA,false,0,0,0,NA,-1,-1,-1,-1,-1,-2,-2,false,0,0,0,NA,-1,-1,-1,-1,-1,-2,-2
2,"Environment: 2, FiringMode: 2",10.42425,false,0,0,0,NA,false,0,0,0,NA,-1,-1,-1,-1,-1,-2,-2,false,0,0,0,NA,-1,-1,-1,-1,-1,-2,-2
2,"Environment: 2, FiringMode: 2",10.42553,false,0,0,0,NA,false,0,0,0,NA,-1,-1,-1,-1,-1,-2,-2,false,0,0,0,NA,-1,-1,-1,-1,-1,-2,-2
2,"Environment: 2, FiringMode: 2",10.42677,false,0,0,0,NA,false,0,0,0,NA,-1,-1,-1,-1,-1,-2,-2,false,0,0,0,NA,-1,-1,-1,-1,-1,-2,-2
2,"Environment: 2, FiringMode: 2",10.42799,false,0,0,0,NA,false,0,0,0,NA,-1,-1,-1,-1,-1,-2,-2,false,0,0,0,NA,-1,-1,-1,-1,-1,-2,-2
2,"Environment: 2, FiringMode: 2",10.4292,false,0,0,0,NA,false,0,0,0,NA,-1,-1,-1,-1,-1,-2,-2,false,0,0,0,NA,-1,-1,-1,-1,-1,-2,-2
2,"Environment: 2, FiringMode: 2",10.43044,false,0,0,0,NA,false,0,0,0,NA,-1,-1,-1,-1,-1,-2,-2,false,0,0,0,NA,-1,-1,-1,-1,-1,-2,-2
2,"Environment: 2, FiringMode: 2",10.43177,false,0,0,0,NA,false,0,0,0,NA,-1,-1,-1,-1,-1,-2,-2,false,0,0,0,NA,-1,-1,-1,-1,-1,-2,-2
2,"Environment: 2, FiringMode: 2",10.43303,false,0,0,0,NA,false,0,0,0,NA,-1,-1,-1,-1,-1,-2,-2,false,0,0,0,NA,-1,-1,-1,-1,-1,-2,-2
2,"Environment: 2, FiringMode: 2",10.4343,false,0,0,0,NA,false,0,0,0,NA,-1,-1,-1,-1,-1,-2,-2,false,0,0,0,NA,-1,-1,-1,-1,-1,-2,-2
2,"Environment: 2, FiringMode: 2",10.43566,false,0,0,0,NA,false,0,0,0,NA,-1,-1,-1,-1,-1,-2,-2,false,0,0,0,NA,-1,-1,-1,-1,-1,-2,-2
2,"Environment: 2, FiringMode: 2",10.43698,false,0,0,0,NA,false,0,0,0,NA,-1,-1,-1,-1,-1,-2,-2,false,0,0,0,NA,-1,-1,-1,-1,-1,-2,-2
2,"Environment: 2, FiringMode: 2",10.43824,false,0,0,0,NA,false,0,0,0,NA,-1,-1,-1,-1,-1,-2,-2,false,0,0,0,NA,-1,-1,-1,-1,-1,-2,-2
2,"Environment: 2, FiringMode: 2",10.43961,false,0,0,0,NA,false,0,0,0,NA,-1,-1,-1,-1,-1,-2,-2,false,0,0,0,NA,-1,-1,-1,-1,-1,-2,-2
2,"Environment: 2, FiringMode: 2",10.44148,false,0,0,0,NA,false,0,0,0,NA,-1,-1,-1,-1,-1,-2,-2,false,0,0,0,NA,-1,-1,-1,-1,-1,-2,-2
2,"Environment: 2, FiringMode: 2",10.4428,false,0,0,0,NA,false,0,0,0,NA,-1,-1,-1,-1,-1,-2,-2,false,0,0,0,NA,-1,-1,-1,-1,-1,-2,-2
2,"Environment: 2, FiringMode: 2",10.44423,false,0,0,0,NA,false,0,0,0,NA,-1,-1,-1,-1,-1,-2,-2,false,0,0,0,NA,-1,-1,-1,-1,-1,-2,-2
2,"Environment: 2, FiringMode: 2",10.44563,false,0,0,0,NA,false,0,0,0,NA,-1,-1,-1,-1,-1,-2,-2,false,0,0,0,NA,-1,-1,-1,-1,-1,-2,-2
2,"Environment: 2, FiringMode: 2",10.44702,false,0,0,0,NA,false,0,0,0,NA,-1,-1,-1,-1,-1,-2,-2,false,0,0,0,NA,-1,-1,-1,-1,-1,-2,-2
2,"Environment: 2, FiringMode: 2",10.44841,false,0,0,0,NA,false,0,0,0,NA,-1,-1,-1,-1,-1,-2,-2,false,0,0,0,NA,-1,-1,-1,-1,-1,-2,-2
2,"Environment: 2, FiringMode: 2",10.44984,false,0,0,0,NA,false,0,0,0,NA,-1,-1,-1,-1,-1,-2,-2,false,0,0,0,NA,-1,-1,-1,-1,-1,-2,-2
2,"Environment: 2, FiringMode: 2",10.45119,false,0,0,0,NA,false,0,0,0,NA,-1,-1,-1,-1,-1,-2,-2,false,0,0,0,NA,-1,-1,-1,-1,-1,-2,-2
2,"Environment: 2, FiringMode: 2",10.45248,false,0,0,0,NA,false,0,0,0,NA,-1,-1,-1,-1,-1,-2,-2,false,0,0,0,NA,-1,-1,-1,-1,-1,-2,-2
2,"Environment: 2, FiringMode: 2",10.45379,false,0,0,0,NA,false,0,0,0,NA,-1,-1,-1,-1,-1,-2,-2,false,0,0,0,NA,-1,-1,-1,-1,-1,-2,-2
2,"Environment: 2, FiringMode: 2",10.4552,false,0,0,0,NA,false,0,0,0,NA,-1,-1,-1,-1,-1,-2,-2,false,0,0,0,NA,-1,-1,-1,-1,-1,-2,-2
2,"Environment: 2, FiringMode: 2",10.45664,false,0,0,0,NA,false,0,0,0,NA,-1,-1,-1,-1,-1,-2,-2,false,0,0,0,NA,-1,-1,-1,-1,-1,-2,-2
2,"Environment: 2, FiringMode: 2",10.45799,false,0,0,0,NA,false,0,0,0,NA,-1,-1,-1,-1,-1,-2,-2,false,0,0,0,NA,-1,-1,-1,-1,-1,-2,-2
2,"Environment: 2, FiringMode: 2",10.45955,false,0,0,0,NA,false,0,0,0,NA,-1,-1,-1,-1,-1,-2,-2,false,0,0,0,NA,-1,-1,-1,-1,-1,-2,-2
2,"Environment: 2, FiringMode: 2",10.46104,false,0,0,0,NA,false,0,0,0,NA,-1,-1,-1,-1,-1,-2,-2,false,0,0,0,NA,-1,-1,-1,-1,-1,-2,-2
2,"Environment: 2, FiringMode: 2",10.46249,false,0,0,0,NA,false,0,0,0,NA,-1,-1,-1,-1,-1,-2,-2,false,0,0,0,NA,-1,-1,-1,-1,-1,-2,-2
2,"Environment: 2, FiringMode: 2",10.4639,false,0,0,0,NA,false,0,0,0,NA,-1,-1,-1,-1,-1,-2,-2,false,0,0,0,NA,-1,-1,-1,-1,-1,-2,-2
2,"Environment: 2, FiringMode: 2",10.46529,false,0,0,0,NA,false,0,0,0,NA,-1,-1,-1,-1,-1,-2,-2,false,0,0,0,NA,-1,-1,-1,-1,-1,-2,-2
2,"Environment: 2, FiringMode: 2",10.46663,false,0,0,0,NA,false,0,0,0,NA,-1,-1,-1,-1,-1,-2,-2,false,0,0,0,NA,-1,-1,-1,-1,-1,-2,-2
2,"Environment: 2, FiringMode: 2",10.46799,false,0,0,0,NA,false,0,0,0,NA,-1,-1,-1,-1,-1,-2,-2,false,0,0,0,NA,-1,-1,-1,-1,-1,-2,-2
2,"Environment: 2, FiringMode: 2",10.46929,false,0,0,0,NA,false,0,0,0,NA,-1,-1,-1,-1,-1,-2,-2,false,0,0,0,NA,-1,-1,-1,-1,-1,-2,-2
2,"Environment: 2, FiringMode: 2",10.47054,false,0,0,0,NA,false,0,0,0,NA,-1,-1,-1,-1,-1,-2,-2,false,0,0,0,NA,-1,-1,-1,-1,-1,-2,-2
2,"Environment: 2, FiringMode: 2",10.47197,false,0,0,0,NA,false,0,0,0,NA,-1,-1,-1,-1,-1,-2,-2,false,0,0,0,NA,-1,-1,-1,-1,-1,-2,-2
2,"Environment: 2, FiringMode: 2",10.4734,false,0,0,0,NA,false,0,0,0,NA,-1,-1,-1,-1,-1,-2,-2,false,0,0,0,NA,-1,-1,-1,-1,-1,-2,-2
2,"Environment: 2, FiringMode: 2",10.47478,false,0,0,0,NA,false,0,0,0,NA,-1,-1,-1,-1,-1,-2,-2,false,0,0,0,NA,-1,-1,-1,-1,-1,-2,-2
2,"Environment: 2, FiringMode: 2",10.47606,false,0,0,0,NA,false,0,0,0,NA,-1,-1,-1,-1,-1,-2,-2,false,0,0,0,NA,-1,-1,-1,-1,-1,-2,-2
2,"Environment: 2, FiringMode: 2",10.47739,false,0,0,0,NA,false,0,0,0,NA,-1,-1,-1,-1,-1,-2,-2,false,0,0,0,NA,-1,-1,-1,-1,-1,-2,-2
2,"Environment: 2, FiringMode: 2",10.47875,false,0,0,0,NA,false,0,0,0,NA,-1,-1,-1,-1,-1,-2,-2,false,0,0,0,NA,-1,-1,-1,-1,-1,-2,-2
2,"Environment: 2, FiringMode: 2",10.48023,false,0,0,0,NA,false,0,0,0,NA,-1,-1,-1,-1,-1,-2,-2,false,0,0,0,NA,-1,-1,-1,-1,-1,-2,-2
2,"Environment: 2, FiringMode: 2",10.48158,false,0,0,0,NA,false,0,0,0,NA,-1,-1,-1,-1,-1,-2,-2,false,0,0,0,NA,-1,-1,-1,-1,-1,-2,-2
2,"Environment: 2, FiringMode: 2",10.48284,false,0,0,0,NA,false,0,0,0,NA,-1,-1,-1,-1,-1,-2,-2,false,0,0,0,NA,-1,-1,-1,-1,-1,-2,-2
2,"Environment: 2, FiringMode: 2",10.48409,false,0,0,0,NA,false,0,0,0,NA,-1,-1,-1,-1,-1,-2,-2,false,0,0,0,NA,-1,-1,-1,-1,-1,-2,-2
2,"Environment: 2, FiringMode: 2",10.48537,false,0,0,0,NA,false,0,0,0,NA,-1,-1,-1,-1,-1,-2,-2,false,0,0,0,NA,-1,-1,-1,-1,-1,-2,-2
2,"Environment: 2, FiringMode: 2",10.48683,false,0,0,0,NA,false,0,0,0,NA,-1,-1,-1,-1,-1,-2,-2,false,0,0,0,NA,-1,-1,-1,-1,-1,-2,-2
2,"Environment: 2, FiringMode: 2",10.48814,false,0,0,0,NA,false,0,0,0,NA,-1,-1,-1,-1,-1,-2,-2,false,0,0,0,NA,-1,-1,-1,-1,-1,-2,-2
2,"Environment: 2, FiringMode: 2",10.48939,false,0,0,0,NA,false,0,0,0,NA,-1,-1,-1,-1,-1,-2,-2,false,0,0,0,NA,-1,-1,-1,-1,-1,-2,-2
2,"Environment: 2, FiringMode: 2",10.49064,false,0,0,0,NA,false,0,0,0,NA,-1,-1,-1,-1,-1,-2,-2,false,0,0,0,NA,-1,-1,-1,-1,-1,-2,-2
2,"Environment: 2, FiringMode: 2",10.4919,false,0,0,0,NA,false,0,0,0,NA,-1,-1,-1,-1,-1,-2,-2,false,0,0,0,NA,-1,-1,-1,-1,-1,-2,-2
2,"Environment: 2, FiringMode: 2",10.49311,false,0,0,0,NA,false,0,0,0,NA,-1,-1,-1,-1,-1,-2,-2,false,0,0,0,NA,-1,-1,-1,-1,-1,-2,-2
2,"Environment: 2, FiringMode: 2",10.49437,false,0,0,0,NA,false,0,0,0,NA,-1,-1,-1,-1,-1,-2,-2,false,0,0,0,NA,-1,-1,-1,-1,-1,-2,-2
2,"Environment: 2, FiringMode: 2",10.49568,false,0,0,0,NA,false,0,0,0,NA,-1,-1,-1,-1,-1,-2,-2,false,0,0,0,NA,-1,-1,-1,-1,-1,-2,-2
2,"Environment: 2, FiringMode: 2",10.4971,false,0,0,0,NA,false,0,0,0,NA,-1,-1,-1,-1,-1,-2,-2,false,0,0,0,NA,-1,-1,-1,-1,-1,-2,-2
2,"Environment: 2, FiringMode: 2",10.4985,false,0,0,0,NA,false,0,0,0,NA,-1,-1,-1,-1,-1,-2,-2,false,0,0,0,NA,-1,-1,-1,-1,-1,-2,-2
2,"Environment: 2, FiringMode: 2",10.50013,false,0,0,0,NA,false,0,0,0,NA,-1,-1,-1,-1,-1,-2,-2,false,0,0,0,NA,-1,-1,-1,-1,-1,-2,-2
2,"Environment: 2, FiringMode: 2",10.50156,false,0,0,0,NA,false,0,0,0,NA,-1,-1,-1,-1,-1,-2,-2,false,0,0,0,NA,-1,-1,-1,-1,-1,-2,-2
2,"Environment: 2, FiringMode: 2",10.50289,false,0,0,0,NA,false,0,0,0,NA,-1,-1,-1,-1,-1,-2,-2,false,0,0,0,NA,-1,-1,-1,-1,-1,-2,-2
2,"Environment: 2, FiringMode: 2",10.50425,false,0,0,0,NA,false,0,0,0,NA,-1,-1,-1,-1,-1,-2,-2,false,0,0,0,NA,-1,-1,-1,-1,-1,-2,-2
2,"Environment: 2, FiringMode: 2",10.50569,false,0,0,0,NA,false,0,0,0,NA,-1,-1,-1,-1,-1,-2,-2,false,0,0,0,NA,-1,-1,-1,-1,-1,-2,-2
2,"Environment: 2, FiringMode: 2",10.50702,false,0,0,0,NA,false,0,0,0,NA,-1,-1,-1,-1,-1,-2,-2,false,0,0,0,NA,-1,-1,-1,-1,-1,-2,-2
2,"Environment: 2, FiringMode: 2",10.50833,false,0,0,0,NA,false,0,0,0,NA,-1,-1,-1,-1,-1,-2,-2,false,0,0,0,NA,-1,-1,-1,-1,-1,-2,-2
2,"Environment: 2, FiringMode: 2",10.5097,false,0,0,0,NA,false,0,0,0,NA,-1,-1,-1,-1,-1,-2,-2,false,0,0,0,NA,-1,-1,-1,-1,-1,-2,-2
2,"Environment: 2, FiringMode: 2",10.51114,false,0,0,0,NA,false,0,0,0,NA,-1,-1,-1,-1,-1,-2,-2,false,0,0,0,NA,-1,-1,-1,-1,-1,-2,-2
2,"Environment: 2, FiringMode: 2",10.51243,false,0,0,0,NA,false,0,0,0,NA,-1,-1,-1,-1,-1,-2,-2,false,0,0,0,NA,-1,-1,-1,-1,-1,-2,-2
2,"Environment: 2, FiringMode: 2",10.5139,false,0,0,0,NA,false,0,0,0,NA,-1,-1,-1,-1,-1,-2,-2,false,0,0,0,NA,-1,-1,-1,-1,-1,-2,-2
2,"Environment: 2, FiringMode: 2",10.51533,false,0,0,0,NA,false,0,0,0,NA,-1,-1,-1,-1,-1,-2,-2,false,0,0,0,NA,-1,-1,-1,-1,-1,-2,-2
2,"Environment: 2, FiringMode: 2",10.5168,false,0,0,0,NA,false,0,0,0,NA,-1,-1,-1,-1,-1,-2,-2,false,0,0,0,NA,-1,-1,-1,-1,-1,-2,-2
2,"Environment: 2, FiringMode: 2",10.51813,false,0,0,0,NA,false,0,0,0,NA,-1,-1,-1,-1,-1,-2,-2,false,0,0,0,NA,-1,-1,-1,-1,-1,-2,-2
2,"Environment: 2, FiringMode: 2",10.51958,false,0,0,0,NA,false,0,0,0,NA,-1,-1,-1,-1,-1,-2,-2,false,0,0,0,NA,-1,-1,-1,-1,-1,-2,-2
2,"Environment: 2, FiringMode: 2",10.52093,false,0,0,0,NA,false,0,0,0,NA,-1,-1,-1,-1,-1,-2,-2,false,0,0,0,NA,-1,-1,-1,-1,-1,-2,-2
2,"Environment: 2, FiringMode: 2",10.52233,false,0,0,0,NA,false,0,0,0,NA,-1,-1,-1,-1,-1,-2,-2,false,0,0,0,NA,-1,-1,-1,-1,-1,-2,-2
2,"Environment: 2, FiringMode: 2",10.52367,false,0,0,0,NA,false,0,0,0,NA,-1,-1,-1,-1,-1,-2,-2,false,0,0,0,NA,-1,-1,-1,-1,-1,-2,-2
2,"Environment: 2, FiringMode: 2",10.52505,false,0,0,0,NA,false,0,0,0,NA,-1,-1,-1,-1,-1,-2,-2,false,0,0,0,NA,-1,-1,-1,-1,-1,-2,-2
2,"Environment: 2, FiringMode: 2",10.52638,false,0,0,0,NA,false,0,0,0,NA,-1,-1,-1,-1,-1,-2,-2,false,0,0,0,NA,-1,-1,-1,-1,-1,-2,-2
2,"Environment: 2, FiringMode: 2",10.5278,false,0,0,0,NA,false,0,0,0,NA,-1,-1,-1,-1,-1,-2,-2,false,0,0,0,NA,-1,-1,-1,-1,-1,-2,-2
2,"Environment: 2, FiringMode: 2",10.52917,false,0,0,0,NA,false,0,0,0,NA,-1,-1,-1,-1,-1,-2,-2,false,0,0,0,NA,-1,-1,-1,-1,-1,-2,-2
2,"Environment: 2, FiringMode: 2",10.53055,false,0,0,0,NA,false,0,0,0,NA,-1,-1,-1,-1,-1,-2,-2,false,0,0,0,NA,-1,-1,-1,-1,-1,-2,-2
2,"Environment: 2, FiringMode: 2",10.53187,false,0,0,0,NA,false,0,0,0,NA,-1,-1,-1,-1,-1,-2,-2,false,0,0,0,NA,-1,-1,-1,-1,-1,-2,-2
2,"Environment: 2, FiringMode: 2",10.53324,false,0,0,0,NA,false,0,0,0,NA,-1,-1,-1,-1,-1,-2,-2,false,0,0,0,NA,-1,-1,-1,-1,-1,-2,-2
2,"Environment: 2, FiringMode: 2",10.53467,false,0,0,0,NA,false,0,0,0,NA,-1,-1,-1,-1,-1,-2,-2,false,0,0,0,NA,-1,-1,-1,-1,-1,-2,-2
2,"Environment: 2, FiringMode: 2",10.536,false,0,0,0,NA,false,0,0,0,NA,-1,-1,-1,-1,-1,-2,-2,false,0,0,0,NA,-1,-1,-1,-1,-1,-2,-2
2,"Environment: 2, FiringMode: 2",10.53731,false,0,0,0,NA,false,0,0,0,NA,-1,-1,-1,-1,-1,-2,-2,false,0,0,0,NA,-1,-1,-1,-1,-1,-2,-2
2,"Environment: 2, FiringMode: 2",10.53854,false,0,0,0,NA,false,0,0,0,NA,-1,-1,-1,-1,-1,-2,-2,false,0,0,0,NA,-1,-1,-1,-1,-1,-2,-2
2,"Environment: 2, FiringMode: 2",10.53992,false,0,0,0,NA,false,0,0,0,NA,-1,-1,-1,-1,-1,-2,-2,false,0,0,0,NA,-1,-1,-1,-1,-1,-2,-2
2,"Environment: 2, FiringMode: 2",10.54145,false,0,0,0,NA,false,0,0,0,NA,-1,-1,-1,-1,-1,-2,-2,false,0,0,0,NA,-1,-1,-1,-1,-1,-2,-2
2,"Environment: 2, FiringMode: 2",10.54292,false,0,0,0,NA,false,0,0,0,NA,-1,-1,-1,-1,-1,-2,-2,false,0,0,0,NA,-1,-1,-1,-1,-1,-2,-2
2,"Environment: 2, FiringMode: 2",10.54435,false,0,0,0,NA,false,0,0,0,NA,-1,-1,-1,-1,-1,-2,-2,false,0,0,0,NA,-1,-1,-1,-1,-1,-2,-2
2,"Environment: 2, FiringMode: 2",10.54582,false,0,0,0,NA,false,0,0,0,NA,-1,-1,-1,-1,-1,-2,-2,false,0,0,0,NA,-1,-1,-1,-1,-1,-2,-2
2,"Environment: 2, FiringMode: 2",10.54753,false,0,0,0,NA,false,0,0,0,NA,-1,-1,-1,-1,-1,-2,-2,false,0,0,0,NA,-1,-1,-1,-1,-1,-2,-2
2,"Environment: 2, FiringMode: 2",10.54892,false,0,0,0,NA,false,0,0,0,NA,-1,-1,-1,-1,-1,-2,-2,false,0,0,0,NA,-1,-1,-1,-1,-1,-2,-2
2,"Environment: 2, FiringMode: 2",10.55026,false,0,0,0,NA,false,0,0,0,NA,-1,-1,-1,-1,-1,-2,-2,false,0,0,0,NA,-1,-1,-1,-1,-1,-2,-2
2,"Environment: 2, FiringMode: 2",10.55154,false,0,0,0,NA,false,0,0,0,NA,-1,-1,-1,-1,-1,-2,-2,false,0,0,0,NA,-1,-1,-1,-1,-1,-2,-2
2,"Environment: 2, FiringMode: 2",10.55299,false,0,0,0,NA,false,0,0,0,NA,-1,-1,-1,-1,-1,-2,-2,false,0,0,0,NA,-1,-1,-1,-1,-1,-2,-2
2,"Environment: 2, FiringMode: 2",10.55448,false,0,0,0,NA,false,0,0,0,NA,-1,-1,-1,-1,-1,-2,-2,false,0,0,0,NA,-1,-1,-1,-1,-1,-2,-2
2,"Environment: 2, FiringMode: 2",10.55597,false,0,0,0,NA,false,0,0,0,NA,-1,-1,-1,-1,-1,-2,-2,false,0,0,0,NA,-1,-1,-1,-1,-1,-2,-2
2,"Environment: 2, FiringMode: 2",10.55742,false,0,0,0,NA,false,0,0,0,NA,-1,-1,-1,-1,-1,-2,-2,false,0,0,0,NA,-1,-1,-1,-1,-1,-2,-2
2,"Environment: 2, FiringMode: 2",10.55908,false,0,0,0,NA,false,0,0,0,NA,-1,-1,-1,-1,-1,-2,-2,false,0,0,0,NA,-1,-1,-1,-1,-1,-2,-2
2,"Environment: 2, FiringMode: 2",10.56048,false,0,0,0,NA,false,0,0,0,NA,-1,-1,-1,-1,-1,-2,-2,false,0,0,0,NA,-1,-1,-1,-1,-1,-2,-2
2,"Environment: 2, FiringMode: 2",10.56193,false,0,0,0,NA,false,0,0,0,NA,-1,-1,-1,-1,-1,-2,-2,false,0,0,0,NA,-1,-1,-1,-1,-1,-2,-2
2,"Environment: 2, FiringMode: 2",10.56342,false,0,0,0,NA,false,0,0,0,NA,-1,-1,-1,-1,-1,-2,-2,false,0,0,0,NA,-1,-1,-1,-1,-1,-2,-2
2,"Environment: 2, FiringMode: 2",10.56511,false,0,0,0,NA,false,0,0,0,NA,-1,-1,-1,-1,-1,-2,-2,false,0,0,0,NA,-1,-1,-1,-1,-1,-2,-2
2,"Environment: 2, FiringMode: 2",10.56655,false,0,0,0,NA,false,0,0,0,NA,-1,-1,-1,-1,-1,-2,-2,false,0,0,0,NA,-1,-1,-1,-1,-1,-2,-2
2,"Environment: 2, FiringMode: 2",10.56784,false,0,0,0,NA,false,0,0,0,NA,-1,-1,-1,-1,-1,-2,-2,false,0,0,0,NA,-1,-1,-1,-1,-1,-2,-2
2,"Environment: 2, FiringMode: 2",10.56926,false,0,0,0,NA,false,0,0,0,NA,-1,-1,-1,-1,-1,-2,-2,false,0,0,0,NA,-1,-1,-1,-1,-1,-2,-2
2,"Environment: 2, FiringMode: 2",10.57106,false,0,0,0,NA,false,0,0,0,NA,-1,-1,-1,-1,-1,-2,-2,false,0,0,0,NA,-1,-1,-1,-1,-1,-2,-2
2,"Environment: 2, FiringMode: 2",10.57255,false,0,0,0,NA,false,0,0,0,NA,-1,-1,-1,-1,-1,-2,-2,false,0,0,0,NA,-1,-1,-1,-1,-1,-2,-2
2,"Environment: 2, FiringMode: 2",10.5739,false,0,0,0,NA,false,0,0,0,NA,-1,-1,-1,-1,-1,-2,-2,false,0,0,0,NA,-1,-1,-1,-1,-1,-2,-2
2,"Environment: 2, FiringMode: 2",10.57534,false,0,0,0,NA,false,0,0,0,NA,-1,-1,-1,-1,-1,-2,-2,false,0,0,0,NA,-1,-1,-1,-1,-1,-2,-2
2,"Environment: 2, FiringMode: 2",10.5768,false,0,0,0,NA,false,0,0,0,NA,-1,-1,-1,-1,-1,-2,-2,false,0,0,0,NA,-1,-1,-1,-1,-1,-2,-2
2,"Environment: 2, FiringMode: 2",10.57816,false,0,0,0,NA,false,0,0,0,NA,-1,-1,-1,-1,-1,-2,-2,false,0,0,0,NA,-1,-1,-1,-1,-1,-2,-2
2,"Environment: 2, FiringMode: 2",10.57977,false,0,0,0,NA,false,0,0,0,NA,-1,-1,-1,-1,-1,-2,-2,false,0,0,0,NA,-1,-1,-1,-1,-1,-2,-2
2,"Environment: 2, FiringMode: 2",10.5817,false,0,0,0,NA,false,0,0,0,NA,-1,-1,-1,-1,-1,-2,-2,false,0,0,0,NA,-1,-1,-1,-1,-1,-2,-2
2,"Environment: 2, FiringMode: 2",10.58307,false,0,0,0,NA,false,0,0,0,NA,-1,-1,-1,-1,-1,-2,-2,false,0,0,0,NA,-1,-1,-1,-1,-1,-2,-2
2,"Environment: 2, FiringMode: 2",10.58455,false,0,0,0,NA,false,0,0,0,NA,-1,-1,-1,-1,-1,-2,-2,false,0,0,0,NA,-1,-1,-1,-1,-1,-2,-2
2,"Environment: 2, FiringMode: 2",10.58607,false,0,0,0,NA,false,0,0,0,NA,-1,-1,-1,-1,-1,-2,-2,false,0,0,0,NA,-1,-1,-1,-1,-1,-2,-2
2,"Environment: 2, FiringMode: 2",10.5875,false,0,0,0,NA,false,0,0,0,NA,-1,-1,-1,-1,-1,-2,-2,false,0,0,0,NA,-1,-1,-1,-1,-1,-2,-2
2,"Environment: 2, FiringMode: 2",10.58888,false,0,0,0,NA,false,0,0,0,NA,-1,-1,-1,-1,-1,-2,-2,false,0,0,0,NA,-1,-1,-1,-1,-1,-2,-2
2,"Environment: 2, FiringMode: 2",10.59023,false,0,0,0,NA,false,0,0,0,NA,-1,-1,-1,-1,-1,-2,-2,false,0,0,0,NA,-1,-1,-1,-1,-1,-2,-2
2,"Environment: 2, FiringMode: 2",10.59157,false,0,0,0,NA,false,0,0,0,NA,-1,-1,-1,-1,-1,-2,-2,false,0,0,0,NA,-1,-1,-1,-1,-1,-2,-2
2,"Environment: 2, FiringMode: 2",10.59287,false,0,0,0,NA,false,0,0,0,NA,-1,-1,-1,-1,-1,-2,-2,false,0,0,0,NA,-1,-1,-1,-1,-1,-2,-2
2,"Environment: 2, FiringMode: 2",10.59413,false,0,0,0,NA,false,0,0,0,NA,-1,-1,-1,-1,-1,-2,-2,false,0,0,0,NA,-1,-1,-1,-1,-1,-2,-2
2,"Environment: 2, FiringMode: 2",10.59556,false,0,0,0,NA,false,0,0,0,NA,-1,-1,-1,-1,-1,-2,-2,false,0,0,0,NA,-1,-1,-1,-1,-1,-2,-2
2,"Environment: 2, FiringMode: 2",10.59703,false,0,0,0,NA,false,0,0,0,NA,-1,-1,-1,-1,-1,-2,-2,false,0,0,0,NA,-1,-1,-1,-1,-1,-2,-2
2,"Environment: 2, FiringMode: 2",10.59844,false,0,0,0,NA,false,0,0,0,NA,-1,-1,-1,-1,-1,-2,-2,false,0,0,0,NA,-1,-1,-1,-1,-1,-2,-2
2,"Environment: 2, FiringMode: 2",10.60019,false,0,0,0,NA,false,0,0,0,NA,-1,-1,-1,-1,-1,-2,-2,false,0,0,0,NA,-1,-1,-1,-1,-1,-2,-2
2,"Environment: 2, FiringMode: 2",10.60155,false,0,0,0,NA,false,0,0,0,NA,-1,-1,-1,-1,-1,-2,-2,false,0,0,0,NA,-1,-1,-1,-1,-1,-2,-2
2,"Environment: 2, FiringMode: 2",10.60283,false,0,0,0,NA,false,0,0,0,NA,-1,-1,-1,-1,-1,-2,-2,false,0,0,0,NA,-1,-1,-1,-1,-1,-2,-2
2,"Environment: 2, FiringMode: 2",10.60409,false,0,0,0,NA,false,0,0,0,NA,-1,-1,-1,-1,-1,-2,-2,false,0,0,0,NA,-1,-1,-1,-1,-1,-2,-2
2,"Environment: 2, FiringMode: 2",10.60531,false,0,0,0,NA,false,0,0,0,NA,-1,-1,-1,-1,-1,-2,-2,false,0,0,0,NA,-1,-1,-1,-1,-1,-2,-2
2,"Environment: 2, FiringMode: 2",10.60661,false,0,0,0,NA,false,0,0,0,NA,-1,-1,-1,-1,-1,-2,-2,false,0,0,0,NA,-1,-1,-1,-1,-1,-2,-2
2,"Environment: 2, FiringMode: 2",10.60788,false,0,0,0,NA,false,0,0,0,NA,-1,-1,-1,-1,-1,-2,-2,false,0,0,0,NA,-1,-1,-1,-1,-1,-2,-2
2,"Environment: 2, FiringMode: 2",10.6091,false,0,0,0,NA,false,0,0,0,NA,-1,-1,-1,-1,-1,-2,-2,false,0,0,0,NA,-1,-1,-1,-1,-1,-2,-2
2,"Environment: 2, FiringMode: 2",10.61036,false,0,0,0,NA,false,0,0,0,NA,-1,-1,-1,-1,-1,-2,-2,false,0,0,0,NA,-1,-1,-1,-1,-1,-2,-2
2,"Environment: 2, FiringMode: 2",10.61168,false,0,0,0,NA,false,0,0,0,NA,-1,-1,-1,-1,-1,-2,-2,false,0,0,0,NA,-1,-1,-1,-1,-1,-2,-2
2,"Environment: 2, FiringMode: 2",10.61299,false,0,0,0,NA,false,0,0,0,NA,-1,-1,-1,-1,-1,-2,-2,false,0,0,0,NA,-1,-1,-1,-1,-1,-2,-2
2,"Environment: 2, FiringMode: 2",10.61425,false,0,0,0,NA,false,0,0,0,NA,-1,-1,-1,-1,-1,-2,-2,false,0,0,0,NA,-1,-1,-1,-1,-1,-2,-2
2,"Environment: 2, FiringMode: 2",10.61552,false,0,0,0,NA,false,0,0,0,NA,-1,-1,-1,-1,-1,-2,-2,false,0,0,0,NA,-1,-1,-1,-1,-1,-2,-2
2,"Environment: 2, FiringMode: 2",10.61674,false,0,0,0,NA,false,0,0,0,NA,-1,-1,-1,-1,-1,-2,-2,false,0,0,0,NA,-1,-1,-1,-1,-1,-2,-2
2,"Environment: 2, FiringMode: 2",10.61802,false,0,0,0,NA,false,0,0,0,NA,-1,-1,-1,-1,-1,-2,-2,false,0,0,0,NA,-1,-1,-1,-1,-1,-2,-2
2,"Environment: 2, FiringMode: 2",10.61937,false,0,0,0,NA,false,0,0,0,NA,-1,-1,-1,-1,-1,-2,-2,false,0,0,0,NA,-1,-1,-1,-1,-1,-2,-2
2,"Environment: 2, FiringMode: 2",10.6206,false,0,0,0,NA,false,0,0,0,NA,-1,-1,-1,-1,-1,-2,-2,false,0,0,0,NA,-1,-1,-1,-1,-1,-2,-2
2,"Environment: 2, FiringMode: 2",10.6219,false,0,0,0,NA,false,0,0,0,NA,-1,-1,-1,-1,-1,-2,-2,false,0,0,0,NA,-1,-1,-1,-1,-1,-2,-2
2,"Environment: 2, FiringMode: 2",10.62321,false,0,0,0,NA,false,0,0,0,NA,-1,-1,-1,-1,-1,-2,-2,false,0,0,0,NA,-1,-1,-1,-1,-1,-2,-2
2,"Environment: 2, FiringMode: 2",10.62462,false,0,0,0,NA,false,0,0,0,NA,-1,-1,-1,-1,-1,-2,-2,false,0,0,0,NA,-1,-1,-1,-1,-1,-2,-2
2,"Environment: 2, FiringMode: 2",10.62624,false,0,0,0,NA,false,0,0,0,NA,-1,-1,-1,-1,-1,-2,-2,false,0,0,0,NA,-1,-1,-1,-1,-1,-2,-2
2,"Environment: 2, FiringMode: 2",10.62771,false,0,0,0,NA,false,0,0,0,NA,-1,-1,-1,-1,-1,-2,-2,false,0,0,0,NA,-1,-1,-1,-1,-1,-2,-2
2,"Environment: 2, FiringMode: 2",10.62905,false,0,0,0,NA,false,0,0,0,NA,-1,-1,-1,-1,-1,-2,-2,false,0,0,0,NA,-1,-1,-1,-1,-1,-2,-2
2,"Environment: 2, FiringMode: 2",10.63034,false,0,0,0,NA,false,0,0,0,NA,-1,-1,-1,-1,-1,-2,-2,false,0,0,0,NA,-1,-1,-1,-1,-1,-2,-2
2,"Environment: 2, FiringMode: 2",10.63169,false,0,0,0,NA,false,0,0,0,NA,-1,-1,-1,-1,-1,-2,-2,false,0,0,0,NA,-1,-1,-1,-1,-1,-2,-2
2,"Environment: 2, FiringMode: 2",10.63297,false,0,0,0,NA,false,0,0,0,NA,-1,-1,-1,-1,-1,-2,-2,false,0,0,0,NA,-1,-1,-1,-1,-1,-2,-2
2,"Environment: 2, FiringMode: 2",10.63429,false,0,0,0,NA,false,0,0,0,NA,-1,-1,-1,-1,-1,-2,-2,false,0,0,0,NA,-1,-1,-1,-1,-1,-2,-2
2,"Environment: 2, FiringMode: 2",10.63562,false,0,0,0,NA,false,0,0,0,NA,-1,-1,-1,-1,-1,-2,-2,false,0,0,0,NA,-1,-1,-1,-1,-1,-2,-2
2,"Environment: 2, FiringMode: 2",10.63701,false,0,0,0,NA,false,0,0,0,NA,-1,-1,-1,-1,-1,-2,-2,false,0,0,0,NA,-1,-1,-1,-1,-1,-2,-2
2,"Environment: 2, FiringMode: 2",10.63835,false,0,0,0,NA,false,0,0,0,NA,-1,-1,-1,-1,-1,-2,-2,false,0,0,0,NA,-1,-1,-1,-1,-1,-2,-2
2,"Environment: 2, FiringMode: 2",10.63995,false,0,0,0,NA,false,0,0,0,NA,-1,-1,-1,-1,-1,-2,-2,false,0,0,0,NA,-1,-1,-1,-1,-1,-2,-2
2,"Environment: 2, FiringMode: 2",10.64131,false,0,0,0,NA,false,0,0,0,NA,-1,-1,-1,-1,-1,-2,-2,false,0,0,0,NA,-1,-1,-1,-1,-1,-2,-2
2,"Environment: 2, FiringMode: 2",10.64266,false,0,0,0,NA,false,0,0,0,NA,-1,-1,-1,-1,-1,-2,-2,false,0,0,0,NA,-1,-1,-1,-1,-1,-2,-2
2,"Environment: 2, FiringMode: 2",10.64398,false,0,0,0,NA,false,0,0,0,NA,-1,-1,-1,-1,-1,-2,-2,false,0,0,0,NA,-1,-1,-1,-1,-1,-2,-2
2,"Environment: 2, FiringMode: 2",10.64533,false,0,0,0,NA,false,0,0,0,NA,-1,-1,-1,-1,-1,-2,-2,false,0,0,0,NA,-1,-1,-1,-1,-1,-2,-2
2,"Environment: 2, FiringMode: 2",10.64664,false,0,0,0,NA,false,0,0,0,NA,-1,-1,-1,-1,-1,-2,-2,false,0,0,0,NA,-1,-1,-1,-1,-1,-2,-2
2,"Environment: 2, FiringMode: 2",10.64793,false,0,0,0,NA,false,0,0,0,NA,-1,-1,-1,-1,-1,-2,-2,false,0,0,0,NA,-1,-1,-1,-1,-1,-2,-2
2,"Environment: 2, FiringMode: 2",10.64918,false,0,0,0,NA,false,0,0,0,NA,-1,-1,-1,-1,-1,-2,-2,false,0,0,0,NA,-1,-1,-1,-1,-1,-2,-2
2,"Environment: 2, FiringMode: 2",10.65047,false,0,0,0,NA,false,0,0,0,NA,-1,-1,-1,-1,-1,-2,-2,false,0,0,0,NA,-1,-1,-1,-1,-1,-2,-2
2,"Environment: 2, FiringMode: 2",10.65177,false,0,0,0,NA,false,0,0,0,NA,-1,-1,-1,-1,-1,-2,-2,false,0,0,0,NA,-1,-1,-1,-1,-1,-2,-2
2,"Environment: 2, FiringMode: 2",10.6531,false,0,0,0,NA,false,0,0,0,NA,-1,-1,-1,-1,-1,-2,-2,false,0,0,0,NA,-1,-1,-1,-1,-1,-2,-2
2,"Environment: 2, FiringMode: 2",10.65451,false,0,0,0,NA,false,0,0,0,NA,-1,-1,-1,-1,-1,-2,-2,false,0,0,0,NA,-1,-1,-1,-1,-1,-2,-2
2,"Environment: 2, FiringMode: 2",10.65599,false,0,0,0,NA,false,0,0,0,NA,-1,-1,-1,-1,-1,-2,-2,false,0,0,0,NA,-1,-1,-1,-1,-1,-2,-2
2,"Environment: 2, FiringMode: 2",10.65733,false,0,0,0,NA,false,0,0,0,NA,-1,-1,-1,-1,-1,-2,-2,false,0,0,0,NA,-1,-1,-1,-1,-1,-2,-2
2,"Environment: 2, FiringMode: 2",10.65862,false,0,0,0,NA,false,0,0,0,NA,-1,-1,-1,-1,-1,-2,-2,false,0,0,0,NA,-1,-1,-1,-1,-1,-2,-2
2,"Environment: 2, FiringMode: 2",10.66006,false,0,0,0,NA,false,0,0,0,NA,-1,-1,-1,-1,-1,-2,-2,false,0,0,0,NA,-1,-1,-1,-1,-1,-2,-2
2,"Environment: 2, FiringMode: 2",10.66138,false,0,0,0,NA,false,0,0,0,NA,-1,-1,-1,-1,-1,-2,-2,false,0,0,0,NA,-1,-1,-1,-1,-1,-2,-2
2,"Environment: 2, FiringMode: 2",10.66269,false,0,0,0,NA,false,0,0,0,NA,-1,-1,-1,-1,-1,-2,-2,false,0,0,0,NA,-1,-1,-1,-1,-1,-2,-2
2,"Environment: 2, FiringMode: 2",10.66392,false,0,0,0,NA,false,0,0,0,NA,-1,-1,-1,-1,-1,-2,-2,false,0,0,0,NA,-1,-1,-1,-1,-1,-2,-2
2,"Environment: 2, FiringMode: 2",10.66512,false,0,0,0,NA,false,0,0,0,NA,-1,-1,-1,-1,-1,-2,-2,false,0,0,0,NA,-1,-1,-1,-1,-1,-2,-2
2,"Environment: 2, FiringMode: 2",10.66652,false,0,0,0,NA,false,0,0,0,NA,-1,-1,-1,-1,-1,-2,-2,false,0,0,0,NA,-1,-1,-1,-1,-1,-2,-2
2,"Environment: 2, FiringMode: 2",10.66794,false,0,0,0,NA,false,0,0,0,NA,-1,-1,-1,-1,-1,-2,-2,false,0,0,0,NA,-1,-1,-1,-1,-1,-2,-2
2,"Environment: 2, FiringMode: 2",10.66925,false,0,0,0,NA,false,0,0,0,NA,-1,-1,-1,-1,-1,-2,-2,false,0,0,0,NA,-1,-1,-1,-1,-1,-2,-2
2,"Environment: 2, FiringMode: 2",10.67053,false,0,0,0,NA,false,0,0,0,NA,-1,-1,-1,-1,-1,-2,-2,false,0,0,0,NA,-1,-1,-1,-1,-1,-2,-2
2,"Environment: 2, FiringMode: 2",10.67194,false,0,0,0,NA,false,0,0,0,NA,-1,-1,-1,-1,-1,-2,-2,false,0,0,0,NA,-1,-1,-1,-1,-1,-2,-2
2,"Environment: 2, FiringMode: 2",10.67326,false,0,0,0,NA,false,0,0,0,NA,-1,-1,-1,-1,-1,-2,-2,false,0,0,0,NA,-1,-1,-1,-1,-1,-2,-2
2,"Environment: 2, FiringMode: 2",10.67458,false,0,0,0,NA,false,0,0,0,NA,-1,-1,-1,-1,-1,-2,-2,false,0,0,0,NA,-1,-1,-1,-1,-1,-2,-2
2,"Environment: 2, FiringMode: 2",10.67582,false,0,0,0,NA,false,0,0,0,NA,-1,-1,-1,-1,-1,-2,-2,false,0,0,0,NA,-1,-1,-1,-1,-1,-2,-2
2,"Environment: 2, FiringMode: 2",10.67709,false,0,0,0,NA,false,0,0,0,NA,-1,-1,-1,-1,-1,-2,-2,false,0,0,0,NA,-1,-1,-1,-1,-1,-2,-2
2,"Environment: 2, FiringMode: 2",10.67836,false,0,0,0,NA,false,0,0,0,NA,-1,-1,-1,-1,-1,-2,-2,false,0,0,0,NA,-1,-1,-1,-1,-1,-2,-2
2,"Environment: 2, FiringMode: 2",10.67989,false,0,0,0,NA,false,0,0,0,NA,-1,-1,-1,-1,-1,-2,-2,false,0,0,0,NA,-1,-1,-1,-1,-1,-2,-2
2,"Environment: 2, FiringMode: 2",10.68132,false,0,0,0,NA,false,0,0,0,NA,-1,-1,-1,-1,-1,-2,-2,false,0,0,0,NA,-1,-1,-1,-1,-1,-2,-2
2,"Environment: 2, FiringMode: 2",10.6827,false,0,0,0,NA,false,0,0,0,NA,-1,-1,-1,-1,-1,-2,-2,false,0,0,0,NA,-1,-1,-1,-1,-1,-2,-2
2,"Environment: 2, FiringMode: 2",10.68397,false,0,0,0,NA,false,0,0,0,NA,-1,-1,-1,-1,-1,-2,-2,false,0,0,0,NA,-1,-1,-1,-1,-1,-2,-2
2,"Environment: 2, FiringMode: 2",10.68522,false,0,0,0,NA,false,0,0,0,NA,-1,-1,-1,-1,-1,-2,-2,false,0,0,0,NA,-1,-1,-1,-1,-1,-2,-2
2,"Environment: 2, FiringMode: 2",10.68663,false,0,0,0,NA,false,0,0,0,NA,-1,-1,-1,-1,-1,-2,-2,false,0,0,0,NA,-1,-1,-1,-1,-1,-2,-2
2,"Environment: 2, FiringMode: 2",10.68796,false,0,0,0,NA,false,0,0,0,NA,-1,-1,-1,-1,-1,-2,-2,false,0,0,0,NA,-1,-1,-1,-1,-1,-2,-2
2,"Environment: 2, FiringMode: 2",10.68924,false,0,0,0,NA,false,0,0,0,NA,-1,-1,-1,-1,-1,-2,-2,false,0,0,0,NA,-1,-1,-1,-1,-1,-2,-2
2,"Environment: 2, FiringMode: 2",10.6905,false,0,0,0,NA,false,0,0,0,NA,-1,-1,-1,-1,-1,-2,-2,false,0,0,0,NA,-1,-1,-1,-1,-1,-2,-2
2,"Environment: 2, FiringMode: 2",10.69176,false,0,0,0,NA,false,0,0,0,NA,-1,-1,-1,-1,-1,-2,-2,false,0,0,0,NA,-1,-1,-1,-1,-1,-2,-2
2,"Environment: 2, FiringMode: 2",10.69306,false,0,0,0,NA,false,0,0,0,NA,-1,-1,-1,-1,-1,-2,-2,false,0,0,0,NA,-1,-1,-1,-1,-1,-2,-2
2,"Environment: 2, FiringMode: 2",10.69435,false,0,0,0,NA,false,0,0,0,NA,-1,-1,-1,-1,-1,-2,-2,false,0,0,0,NA,-1,-1,-1,-1,-1,-2,-2
2,"Environment: 2, FiringMode: 2",10.69588,false,0,0,0,NA,false,0,0,0,NA,-1,-1,-1,-1,-1,-2,-2,false,0,0,0,NA,-1,-1,-1,-1,-1,-2,-2
2,"Environment: 2, FiringMode: 2",10.69727,false,0,0,0,NA,false,0,0,0,NA,-1,-1,-1,-1,-1,-2,-2,false,0,0,0,NA,-1,-1,-1,-1,-1,-2,-2
2,"Environment: 2, FiringMode: 2",10.69905,false,0,0,0,NA,false,0,0,0,NA,-1,-1,-1,-1,-1,-2,-2,false,0,0,0,NA,-1,-1,-1,-1,-1,-2,-2
2,"Environment: 2, FiringMode: 2",10.70044,false,0,0,0,NA,false,0,0,0,NA,-1,-1,-1,-1,-1,-2,-2,false,0,0,0,NA,-1,-1,-1,-1,-1,-2,-2
2,"Environment: 2, FiringMode: 2",10.70173,false,0,0,0,NA,false,0,0,0,NA,-1,-1,-1,-1,-1,-2,-2,false,0,0,0,NA,-1,-1,-1,-1,-1,-2,-2
2,"Environment: 2, FiringMode: 2",10.70298,false,0,0,0,NA,false,0,0,0,NA,-1,-1,-1,-1,-1,-2,-2,false,0,0,0,NA,-1,-1,-1,-1,-1,-2,-2
2,"Environment: 2, FiringMode: 2",10.70434,false,0,0,0,NA,false,0,0,0,NA,-1,-1,-1,-1,-1,-2,-2,false,0,0,0,NA,-1,-1,-1,-1,-1,-2,-2
2,"Environment: 2, FiringMode: 2",10.70564,false,0,0,0,NA,false,0,0,0,NA,-1,-1,-1,-1,-1,-2,-2,false,0,0,0,NA,-1,-1,-1,-1,-1,-2,-2
2,"Environment: 2, FiringMode: 2",10.70701,false,0,0,0,NA,false,0,0,0,NA,-1,-1,-1,-1,-1,-2,-2,false,0,0,0,NA,-1,-1,-1,-1,-1,-2,-2
2,"Environment: 2, FiringMode: 2",10.70838,false,0,0,0,NA,false,0,0,0,NA,-1,-1,-1,-1,-1,-2,-2,false,0,0,0,NA,-1,-1,-1,-1,-1,-2,-2
2,"Environment: 2, FiringMode: 2",10.70979,false,0,0,0,NA,false,0,0,0,NA,-1,-1,-1,-1,-1,-2,-2,false,0,0,0,NA,-1,-1,-1,-1,-1,-2,-2
2,"Environment: 2, FiringMode: 2",10.71109,false,0,0,0,NA,false,0,0,0,NA,-1,-1,-1,-1,-1,-2,-2,false,0,0,0,NA,-1,-1,-1,-1,-1,-2,-2
2,"Environment: 2, FiringMode: 2",10.7124,false,0,0,0,NA,false,0,0,0,NA,-1,-1,-1,-1,-1,-2,-2,false,0,0,0,NA,-1,-1,-1,-1,-1,-2,-2
2,"Environment: 2, FiringMode: 2",10.71375,false,0,0,0,NA,false,0,0,0,NA,-1,-1,-1,-1,-1,-2,-2,false,0,0,0,NA,-1,-1,-1,-1,-1,-2,-2
2,"Environment: 2, FiringMode: 2",10.7151,false,0,0,0,NA,false,0,0,0,NA,-1,-1,-1,-1,-1,-2,-2,false,0,0,0,NA,-1,-1,-1,-1,-1,-2,-2
2,"Environment: 2, FiringMode: 2",10.71757,false,0,0,0,NA,false,0,0,0,NA,-1,-1,-1,-1,-1,-2,-2,false,0,0,0,NA,-1,-1,-1,-1,-1,-2,-2
2,"Environment: 2, FiringMode: 2",10.71912,false,0,0,0,NA,false,0,0,0,NA,-1,-1,-1,-1,-1,-2,-2,false,0,0,0,NA,-1,-1,-1,-1,-1,-2,-2
2,"Environment: 2, FiringMode: 2",10.72048,false,0,0,0,NA,false,0,0,0,NA,-1,-1,-1,-1,-1,-2,-2,false,0,0,0,NA,-1,-1,-1,-1,-1,-2,-2
2,"Environment: 2, FiringMode: 2",10.72189,false,0,0,0,NA,false,0,0,0,NA,-1,-1,-1,-1,-1,-2,-2,false,0,0,0,NA,-1,-1,-1,-1,-1,-2,-2
2,"Environment: 2, FiringMode: 2",10.72333,false,0,0,0,NA,false,0,0,0,NA,-1,-1,-1,-1,-1,-2,-2,false,0,0,0,NA,-1,-1,-1,-1,-1,-2,-2
2,"Environment: 2, FiringMode: 2",10.72468,false,0,0,0,NA,false,0,0,0,NA,-1,-1,-1,-1,-1,-2,-2,false,0,0,0,NA,-1,-1,-1,-1,-1,-2,-2
2,"Environment: 2, FiringMode: 2",10.72605,false,0,0,0,NA,false,0,0,0,NA,-1,-1,-1,-1,-1,-2,-2,false,0,0,0,NA,-1,-1,-1,-1,-1,-2,-2
2,"Environment: 2, FiringMode: 2",10.72744,false,0,0,0,NA,false,0,0,0,NA,-1,-1,-1,-1,-1,-2,-2,false,0,0,0,NA,-1,-1,-1,-1,-1,-2,-2
2,"Environment: 2, FiringMode: 2",10.72875,false,0,0,0,NA,false,0,0,0,NA,-1,-1,-1,-1,-1,-2,-2,false,0,0,0,NA,-1,-1,-1,-1,-1,-2,-2
2,"Environment: 2, FiringMode: 2",10.73,false,0,0,0,NA,false,0,0,0,NA,-1,-1,-1,-1,-1,-2,-2,false,0,0,0,NA,-1,-1,-1,-1,-1,-2,-2
2,"Environment: 2, FiringMode: 2",10.73123,false,0,0,0,NA,false,0,0,0,NA,-1,-1,-1,-1,-1,-2,-2,false,0,0,0,NA,-1,-1,-1,-1,-1,-2,-2
2,"Environment: 2, FiringMode: 2",10.73246,false,0,0,0,NA,false,0,0,0,NA,-1,-1,-1,-1,-1,-2,-2,false,0,0,0,NA,-1,-1,-1,-1,-1,-2,-2
2,"Environment: 2, FiringMode: 2",10.73373,false,0,0,0,NA,false,0,0,0,NA,-1,-1,-1,-1,-1,-2,-2,false,0,0,0,NA,-1,-1,-1,-1,-1,-2,-2
2,"Environment: 2, FiringMode: 2",10.73516,false,0,0,0,NA,false,0,0,0,NA,-1,-1,-1,-1,-1,-2,-2,false,0,0,0,NA,-1,-1,-1,-1,-1,-2,-2
2,"Environment: 2, FiringMode: 2",10.7366,false,0,0,0,NA,false,0,0,0,NA,-1,-1,-1,-1,-1,-2,-2,false,0,0,0,NA,-1,-1,-1,-1,-1,-2,-2
2,"Environment: 2, FiringMode: 2",10.738,false,0,0,0,NA,false,0,0,0,NA,-1,-1,-1,-1,-1,-2,-2,false,0,0,0,NA,-1,-1,-1,-1,-1,-2,-2
2,"Environment: 2, FiringMode: 2",10.7395,false,0,0,0,NA,false,0,0,0,NA,-1,-1,-1,-1,-1,-2,-2,false,0,0,0,NA,-1,-1,-1,-1,-1,-2,-2
2,"Environment: 2, FiringMode: 2",10.74091,false,0,0,0,NA,false,0,0,0,NA,-1,-1,-1,-1,-1,-2,-2,false,0,0,0,NA,-1,-1,-1,-1,-1,-2,-2
2,"Environment: 2, FiringMode: 2",10.74221,false,0,0,0,NA,false,0,0,0,NA,-1,-1,-1,-1,-1,-2,-2,false,0,0,0,NA,-1,-1,-1,-1,-1,-2,-2
2,"Environment: 2, FiringMode: 2",10.74349,false,0,0,0,NA,false,0,0,0,NA,-1,-1,-1,-1,-1,-2,-2,false,0,0,0,NA,-1,-1,-1,-1,-1,-2,-2
2,"Environment: 2, FiringMode: 2",10.74477,false,0,0,0,NA,false,0,0,0,NA,-1,-1,-1,-1,-1,-2,-2,false,0,0,0,NA,-1,-1,-1,-1,-1,-2,-2
2,"Environment: 2, FiringMode: 2",10.74612,false,0,0,0,NA,false,0,0,0,NA,-1,-1,-1,-1,-1,-2,-2,false,0,0,0,NA,-1,-1,-1,-1,-1,-2,-2
2,"Environment: 2, FiringMode: 2",10.74746,false,0,0,0,NA,false,0,0,0,NA,-1,-1,-1,-1,-1,-2,-2,false,0,0,0,NA,-1,-1,-1,-1,-1,-2,-2
2,"Environment: 2, FiringMode: 2",10.74872,false,0,0,0,NA,false,0,0,0,NA,-1,-1,-1,-1,-1,-2,-2,false,0,0,0,NA,-1,-1,-1,-1,-1,-2,-2
2,"Environment: 2, FiringMode: 2",10.75009,false,0,0,0,NA,false,0,0,0,NA,-1,-1,-1,-1,-1,-2,-2,false,0,0,0,NA,-1,-1,-1,-1,-1,-2,-2
2,"Environment: 2, FiringMode: 2",10.75143,false,0,0,0,NA,false,0,0,0,NA,-1,-1,-1,-1,-1,-2,-2,false,0,0,0,NA,-1,-1,-1,-1,-1,-2,-2
2,"Environment: 2, FiringMode: 2",10.75273,false,0,0,0,NA,false,0,0,0,NA,-1,-1,-1,-1,-1,-2,-2,false,0,0,0,NA,-1,-1,-1,-1,-1,-2,-2
2,"Environment: 2, FiringMode: 2",10.75411,false,0,0,0,NA,false,0,0,0,NA,-1,-1,-1,-1,-1,-2,-2,false,0,0,0,NA,-1,-1,-1,-1,-1,-2,-2
2,"Environment: 2, FiringMode: 2",10.75549,false,0,0,0,NA,false,0,0,0,NA,-1,-1,-1,-1,-1,-2,-2,false,0,0,0,NA,-1,-1,-1,-1,-1,-2,-2
2,"Environment: 2, FiringMode: 2",10.75685,false,0,0,0,NA,false,0,0,0,NA,-1,-1,-1,-1,-1,-2,-2,false,0,0,0,NA,-1,-1,-1,-1,-1,-2,-2
2,"Environment: 2, FiringMode: 2",10.75822,false,0,0,0,NA,false,0,0,0,NA,-1,-1,-1,-1,-1,-2,-2,false,0,0,0,NA,-1,-1,-1,-1,-1,-2,-2
2,"Environment: 2, FiringMode: 2",10.75963,false,0,0,0,NA,false,0,0,0,NA,-1,-1,-1,-1,-1,-2,-2,false,0,0,0,NA,-1,-1,-1,-1,-1,-2,-2
2,"Environment: 2, FiringMode: 2",10.76089,false,0,0,0,NA,false,0,0,0,NA,-1,-1,-1,-1,-1,-2,-2,false,0,0,0,NA,-1,-1,-1,-1,-1,-2,-2
2,"Environment: 2, FiringMode: 2",10.76225,false,0,0,0,NA,false,0,0,0,NA,-1,-1,-1,-1,-1,-2,-2,false,0,0,0,NA,-1,-1,-1,-1,-1,-2,-2
2,"Environment: 2, FiringMode: 2",10.76367,false,0,0,0,NA,false,0,0,0,NA,-1,-1,-1,-1,-1,-2,-2,false,0,0,0,NA,-1,-1,-1,-1,-1,-2,-2
2,"Environment: 2, FiringMode: 2",10.76522,false,0,0,0,NA,false,0,0,0,NA,-1,-1,-1,-1,-1,-2,-2,false,0,0,0,NA,-1,-1,-1,-1,-1,-2,-2
2,"Environment: 2, FiringMode: 2",10.76669,false,0,0,0,NA,false,0,0,0,NA,-1,-1,-1,-1,-1,-2,-2,false,0,0,0,NA,-1,-1,-1,-1,-1,-2,-2
2,"Environment: 2, FiringMode: 2",10.76812,false,0,0,0,NA,false,0,0,0,NA,-1,-1,-1,-1,-1,-2,-2,false,0,0,0,NA,-1,-1,-1,-1,-1,-2,-2
2,"Environment: 2, FiringMode: 2",10.76953,false,0,0,0,NA,false,0,0,0,NA,-1,-1,-1,-1,-1,-2,-2,false,0,0,0,NA,-1,-1,-1,-1,-1,-2,-2
2,"Environment: 2, FiringMode: 2",10.77089,false,0,0,0,NA,false,0,0,0,NA,-1,-1,-1,-1,-1,-2,-2,false,0,0,0,NA,-1,-1,-1,-1,-1,-2,-2
2,"Environment: 2, FiringMode: 2",10.77221,false,0,0,0,NA,false,0,0,0,NA,-1,-1,-1,-1,-1,-2,-2,false,0,0,0,NA,-1,-1,-1,-1,-1,-2,-2
2,"Environment: 2, FiringMode: 2",10.77351,false,0,0,0,NA,false,0,0,0,NA,-1,-1,-1,-1,-1,-2,-2,false,0,0,0,NA,-1,-1,-1,-1,-1,-2,-2
2,"Environment: 2, FiringMode: 2",10.77484,false,0,0,0,NA,false,0,0,0,NA,-1,-1,-1,-1,-1,-2,-2,false,0,0,0,NA,-1,-1,-1,-1,-1,-2,-2
2,"Environment: 2, FiringMode: 2",10.7763,false,0,0,0,NA,false,0,0,0,NA,-1,-1,-1,-1,-1,-2,-2,false,0,0,0,NA,-1,-1,-1,-1,-1,-2,-2
2,"Environment: 2, FiringMode: 2",10.77783,false,0,0,0,NA,false,0,0,0,NA,-1,-1,-1,-1,-1,-2,-2,false,0,0,0,NA,-1,-1,-1,-1,-1,-2,-2
2,"Environment: 2, FiringMode: 2",10.77945,false,0,0,0,NA,false,0,0,0,NA,-1,-1,-1,-1,-1,-2,-2,false,0,0,0,NA,-1,-1,-1,-1,-1,-2,-2
2,"Environment: 2, FiringMode: 2",10.78087,false,0,0,0,NA,false,0,0,0,NA,-1,-1,-1,-1,-1,-2,-2,false,0,0,0,NA,-1,-1,-1,-1,-1,-2,-2
2,"Environment: 2, FiringMode: 2",10.78219,false,0,0,0,NA,false,0,0,0,NA,-1,-1,-1,-1,-1,-2,-2,false,0,0,0,NA,-1,-1,-1,-1,-1,-2,-2
2,"Environment: 2, FiringMode: 2",10.78361,false,0,0,0,NA,false,0,0,0,NA,-1,-1,-1,-1,-1,-2,-2,false,0,0,0,NA,-1,-1,-1,-1,-1,-2,-2
2,"Environment: 2, FiringMode: 2",10.78494,false,0,0,0,NA,false,0,0,0,NA,-1,-1,-1,-1,-1,-2,-2,false,0,0,0,NA,-1,-1,-1,-1,-1,-2,-2
2,"Environment: 2, FiringMode: 2",10.78632,false,0,0,0,NA,false,0,0,0,NA,-1,-1,-1,-1,-1,-2,-2,false,0,0,0,NA,-1,-1,-1,-1,-1,-2,-2
2,"Environment: 2, FiringMode: 2",10.78772,false,0,0,0,NA,false,0,0,0,NA,-1,-1,-1,-1,-1,-2,-2,false,0,0,0,NA,-1,-1,-1,-1,-1,-2,-2
2,"Environment: 2, FiringMode: 2",10.78922,false,0,0,0,NA,false,0,0,0,NA,-1,-1,-1,-1,-1,-2,-2,false,0,0,0,NA,-1,-1,-1,-1,-1,-2,-2
2,"Environment: 2, FiringMode: 2",10.7905,false,0,0,0,NA,false,0,0,0,NA,-1,-1,-1,-1,-1,-2,-2,false,0,0,0,NA,-1,-1,-1,-1,-1,-2,-2
2,"Environment: 2, FiringMode: 2",10.79196,false,0,0,0,NA,false,0,0,0,NA,-1,-1,-1,-1,-1,-2,-2,false,0,0,0,NA,-1,-1,-1,-1,-1,-2,-2
2,"Environment: 2, FiringMode: 2",10.79336,false,0,0,0,NA,false,0,0,0,NA,-1,-1,-1,-1,-1,-2,-2,false,0,0,0,NA,-1,-1,-1,-1,-1,-2,-2
2,"Environment: 2, FiringMode: 2",10.79475,false,0,0,0,NA,false,0,0,0,NA,-1,-1,-1,-1,-1,-2,-2,false,0,0,0,NA,-1,-1,-1,-1,-1,-2,-2
2,"Environment: 2, FiringMode: 2",10.79608,false,0,0,0,NA,false,0,0,0,NA,-1,-1,-1,-1,-1,-2,-2,false,0,0,0,NA,-1,-1,-1,-1,-1,-2,-2
2,"Environment: 2, FiringMode: 2",10.79742,false,0,0,0,NA,false,0,0,0,NA,-1,-1,-1,-1,-1,-2,-2,false,0,0,0,NA,-1,-1,-1,-1,-1,-2,-2
2,"Environment: 2, FiringMode: 2",10.79877,false,0,0,0,NA,false,0,0,0,NA,-1,-1,-1,-1,-1,-2,-2,false,0,0,0,NA,-1,-1,-1,-1,-1,-2,-2
2,"Environment: 2, FiringMode: 2",10.80021,false,0,0,0,NA,false,0,0,0,NA,-1,-1,-1,-1,-1,-2,-2,false,0,0,0,NA,-1,-1,-1,-1,-1,-2,-2
2,"Environment: 2, FiringMode: 2",10.80165,false,0,0,0,NA,false,0,0,0,NA,-1,-1,-1,-1,-1,-2,-2,false,0,0,0,NA,-1,-1,-1,-1,-1,-2,-2
2,"Environment: 2, FiringMode: 2",10.803,false,0,0,0,NA,false,0,0,0,NA,-1,-1,-1,-1,-1,-2,-2,false,0,0,0,NA,-1,-1,-1,-1,-1,-2,-2
2,"Environment: 2, FiringMode: 2",10.80437,false,0,0,0,NA,false,0,0,0,NA,-1,-1,-1,-1,-1,-2,-2,false,0,0,0,NA,-1,-1,-1,-1,-1,-2,-2
2,"Environment: 2, FiringMode: 2",10.80592,false,0,0,0,NA,false,0,0,0,NA,-1,-1,-1,-1,-1,-2,-2,false,0,0,0,NA,-1,-1,-1,-1,-1,-2,-2
2,"Environment: 2, FiringMode: 2",10.80736,false,0,0,0,NA,false,0,0,0,NA,-1,-1,-1,-1,-1,-2,-2,false,0,0,0,NA,-1,-1,-1,-1,-1,-2,-2
2,"Environment: 2, FiringMode: 2",10.80874,false,0,0,0,NA,false,0,0,0,NA,-1,-1,-1,-1,-1,-2,-2,false,0,0,0,NA,-1,-1,-1,-1,-1,-2,-2
2,"Environment: 2, FiringMode: 2",10.81047,false,0,0,0,NA,false,0,0,0,NA,-1,-1,-1,-1,-1,-2,-2,false,0,0,0,NA,-1,-1,-1,-1,-1,-2,-2
2,"Environment: 2, FiringMode: 2",10.81189,false,0,0,0,NA,false,0,0,0,NA,-1,-1,-1,-1,-1,-2,-2,false,0,0,0,NA,-1,-1,-1,-1,-1,-2,-2
2,"Environment: 2, FiringMode: 2",10.81337,false,0,0,0,NA,false,0,0,0,NA,-1,-1,-1,-1,-1,-2,-2,false,0,0,0,NA,-1,-1,-1,-1,-1,-2,-2
2,"Environment: 2, FiringMode: 2",10.81475,false,0,0,0,NA,false,0,0,0,NA,-1,-1,-1,-1,-1,-2,-2,false,0,0,0,NA,-1,-1,-1,-1,-1,-2,-2
2,"Environment: 2, FiringMode: 2",10.81617,false,0,0,0,NA,false,0,0,0,NA,-1,-1,-1,-1,-1,-2,-2,false,0,0,0,NA,-1,-1,-1,-1,-1,-2,-2
2,"Environment: 2, FiringMode: 2",10.81747,false,0,0,0,NA,false,0,0,0,NA,-1,-1,-1,-1,-1,-2,-2,false,0,0,0,NA,-1,-1,-1,-1,-1,-2,-2
2,"Environment: 2, FiringMode: 2",10.81896,false,0,0,0,NA,false,0,0,0,NA,-1,-1,-1,-1,-1,-2,-2,false,0,0,0,NA,-1,-1,-1,-1,-1,-2,-2
2,"Environment: 2, FiringMode: 2",10.82035,false,0,0,0,NA,false,0,0,0,NA,-1,-1,-1,-1,-1,-2,-2,false,0,0,0,NA,-1,-1,-1,-1,-1,-2,-2
2,"Environment: 2, FiringMode: 2",10.82172,false,0,0,0,NA,false,0,0,0,NA,-1,-1,-1,-1,-1,-2,-2,false,0,0,0,NA,-1,-1,-1,-1,-1,-2,-2
2,"Environment: 2, FiringMode: 2",10.82306,false,0,0,0,NA,false,0,0,0,NA,-1,-1,-1,-1,-1,-2,-2,false,0,0,0,NA,-1,-1,-1,-1,-1,-2,-2
2,"Environment: 2, FiringMode: 2",10.82452,false,0,0,0,NA,false,0,0,0,NA,-1,-1,-1,-1,-1,-2,-2,false,0,0,0,NA,-1,-1,-1,-1,-1,-2,-2
2,"Environment: 2, FiringMode: 2",10.82592,false,0,0,0,NA,false,0,0,0,NA,-1,-1,-1,-1,-1,-2,-2,false,0,0,0,NA,-1,-1,-1,-1,-1,-2,-2
2,"Environment: 2, FiringMode: 2",10.8272,false,0,0,0,NA,false,0,0,0,NA,-1,-1,-1,-1,-1,-2,-2,false,0,0,0,NA,-1,-1,-1,-1,-1,-2,-2
2,"Environment: 2, FiringMode: 2",10.8285,false,0,0,0,NA,false,0,0,0,NA,-1,-1,-1,-1,-1,-2,-2,false,0,0,0,NA,-1,-1,-1,-1,-1,-2,-2
2,"Environment: 2, FiringMode: 2",10.82981,false,0,0,0,NA,false,0,0,0,NA,-1,-1,-1,-1,-1,-2,-2,false,0,0,0,NA,-1,-1,-1,-1,-1,-2,-2
2,"Environment: 2, FiringMode: 2",10.83117,false,0,0,0,NA,false,0,0,0,NA,-1,-1,-1,-1,-1,-2,-2,false,0,0,0,NA,-1,-1,-1,-1,-1,-2,-2
2,"Environment: 2, FiringMode: 2",10.83249,false,0,0,0,NA,false,0,0,0,NA,-1,-1,-1,-1,-1,-2,-2,false,0,0,0,NA,-1,-1,-1,-1,-1,-2,-2
2,"Environment: 2, FiringMode: 2",10.83384,false,0,0,0,NA,false,0,0,0,NA,-1,-1,-1,-1,-1,-2,-2,false,0,0,0,NA,-1,-1,-1,-1,-1,-2,-2
2,"Environment: 2, FiringMode: 2",10.83525,false,0,0,0,NA,false,0,0,0,NA,-1,-1,-1,-1,-1,-2,-2,false,0,0,0,NA,-1,-1,-1,-1,-1,-2,-2
2,"Environment: 2, FiringMode: 2",10.83662,false,0,0,0,NA,false,0,0,0,NA,-1,-1,-1,-1,-1,-2,-2,false,0,0,0,NA,-1,-1,-1,-1,-1,-2,-2
2,"Environment: 2, FiringMode: 2",10.83799,false,0,0,0,NA,false,0,0,0,NA,-1,-1,-1,-1,-1,-2,-2,false,0,0,0,NA,-1,-1,-1,-1,-1,-2,-2
2,"Environment: 2, FiringMode: 2",10.83957,false,0,0,0,NA,false,0,0,0,NA,-1,-1,-1,-1,-1,-2,-2,false,0,0,0,NA,-1,-1,-1,-1,-1,-2,-2
2,"Environment: 2, FiringMode: 2",10.84093,false,0,0,0,NA,false,0,0,0,NA,-1,-1,-1,-1,-1,-2,-2,false,0,0,0,NA,-1,-1,-1,-1,-1,-2,-2
2,"Environment: 2, FiringMode: 2",10.84219,false,0,0,0,NA,false,0,0,0,NA,-1,-1,-1,-1,-1,-2,-2,false,0,0,0,NA,-1,-1,-1,-1,-1,-2,-2
2,"Environment: 2, FiringMode: 2",10.84347,false,0,0,0,NA,false,0,0,0,NA,-1,-1,-1,-1,-1,-2,-2,false,0,0,0,NA,-1,-1,-1,-1,-1,-2,-2
2,"Environment: 2, FiringMode: 2",10.84475,false,0,0,0,NA,false,0,0,0,NA,-1,-1,-1,-1,-1,-2,-2,false,0,0,0,NA,-1,-1,-1,-1,-1,-2,-2
2,"Environment: 2, FiringMode: 2",10.84609,false,0,0,0,NA,false,0,0,0,NA,-1,-1,-1,-1,-1,-2,-2,false,0,0,0,NA,-1,-1,-1,-1,-1,-2,-2
2,"Environment: 2, FiringMode: 2",10.84751,false,0,0,0,NA,false,0,0,0,NA,-1,-1,-1,-1,-1,-2,-2,false,0,0,0,NA,-1,-1,-1,-1,-1,-2,-2
2,"Environment: 2, FiringMode: 2",10.84893,false,0,0,0,NA,false,0,0,0,NA,-1,-1,-1,-1,-1,-2,-2,false,0,0,0,NA,-1,-1,-1,-1,-1,-2,-2
2,"Environment: 2, FiringMode: 2",10.85037,false,0,0,0,NA,false,0,0,0,NA,-1,-1,-1,-1,-1,-2,-2,false,0,0,0,NA,-1,-1,-1,-1,-1,-2,-2
2,"Environment: 2, FiringMode: 2",10.85185,false,0,0,0,NA,false,0,0,0,NA,-1,-1,-1,-1,-1,-2,-2,false,0,0,0,NA,-1,-1,-1,-1,-1,-2,-2
2,"Environment: 2, FiringMode: 2",10.85328,false,0,0,0,NA,false,0,0,0,NA,-1,-1,-1,-1,-1,-2,-2,false,0,0,0,NA,-1,-1,-1,-1,-1,-2,-2
2,"Environment: 2, FiringMode: 2",10.85486,false,0,0,0,NA,false,0,0,0,NA,-1,-1,-1,-1,-1,-2,-2,false,0,0,0,NA,-1,-1,-1,-1,-1,-2,-2
2,"Environment: 2, FiringMode: 2",10.85713,false,0,0,0,NA,false,0,0,0,NA,-1,-1,-1,-1,-1,-2,-2,false,0,0,0,NA,-1,-1,-1,-1,-1,-2,-2
2,"Environment: 2, FiringMode: 2",10.85853,false,0,0,0,NA,false,0,0,0,NA,-1,-1,-1,-1,-1,-2,-2,false,0,0,0,NA,-1,-1,-1,-1,-1,-2,-2
2,"Environment: 2, FiringMode: 2",10.86002,false,0,0,0,NA,false,0,0,0,NA,-1,-1,-1,-1,-1,-2,-2,false,0,0,0,NA,-1,-1,-1,-1,-1,-2,-2
2,"Environment: 2, FiringMode: 2",10.86165,false,0,0,0,NA,false,0,0,0,NA,-1,-1,-1,-1,-1,-2,-2,false,0,0,0,NA,-1,-1,-1,-1,-1,-2,-2
2,"Environment: 2, FiringMode: 2",10.86305,false,0,0,0,NA,false,0,0,0,NA,-1,-1,-1,-1,-1,-2,-2,false,0,0,0,NA,-1,-1,-1,-1,-1,-2,-2
2,"Environment: 2, FiringMode: 2",10.86441,false,0,0,0,NA,false,0,0,0,NA,-1,-1,-1,-1,-1,-2,-2,false,0,0,0,NA,-1,-1,-1,-1,-1,-2,-2
2,"Environment: 2, FiringMode: 2",10.86573,false,0,0,0,NA,false,0,0,0,NA,-1,-1,-1,-1,-1,-2,-2,false,0,0,0,NA,-1,-1,-1,-1,-1,-2,-2
2,"Environment: 2, FiringMode: 2",10.86714,false,0,0,0,NA,false,0,0,0,NA,-1,-1,-1,-1,-1,-2,-2,false,0,0,0,NA,-1,-1,-1,-1,-1,-2,-2
2,"Environment: 2, FiringMode: 2",10.86844,false,0,0,0,NA,false,0,0,0,NA,-1,-1,-1,-1,-1,-2,-2,false,0,0,0,NA,-1,-1,-1,-1,-1,-2,-2
2,"Environment: 2, FiringMode: 2",10.86975,false,0,0,0,NA,false,0,0,0,NA,-1,-1,-1,-1,-1,-2,-2,false,0,0,0,NA,-1,-1,-1,-1,-1,-2,-2
2,"Environment: 2, FiringMode: 2",10.87101,false,0,0,0,NA,false,0,0,0,NA,-1,-1,-1,-1,-1,-2,-2,false,0,0,0,NA,-1,-1,-1,-1,-1,-2,-2
2,"Environment: 2, FiringMode: 2",10.87224,false,0,0,0,NA,false,0,0,0,NA,-1,-1,-1,-1,-1,-2,-2,false,0,0,0,NA,-1,-1,-1,-1,-1,-2,-2
2,"Environment: 2, FiringMode: 2",10.87355,false,0,0,0,NA,false,0,0,0,NA,-1,-1,-1,-1,-1,-2,-2,false,0,0,0,NA,-1,-1,-1,-1,-1,-2,-2
2,"Environment: 2, FiringMode: 2",10.87518,false,0,0,0,NA,false,0,0,0,NA,-1,-1,-1,-1,-1,-2,-2,false,0,0,0,NA,-1,-1,-1,-1,-1,-2,-2
2,"Environment: 2, FiringMode: 2",10.87663,false,0,0,0,NA,false,0,0,0,NA,-1,-1,-1,-1,-1,-2,-2,false,0,0,0,NA,-1,-1,-1,-1,-1,-2,-2
2,"Environment: 2, FiringMode: 2",10.87803,false,0,0,0,NA,false,0,0,0,NA,-1,-1,-1,-1,-1,-2,-2,false,0,0,0,NA,-1,-1,-1,-1,-1,-2,-2
2,"Environment: 2, FiringMode: 2",10.87948,false,0,0,0,NA,false,0,0,0,NA,-1,-1,-1,-1,-1,-2,-2,false,0,0,0,NA,-1,-1,-1,-1,-1,-2,-2
2,"Environment: 2, FiringMode: 2",10.88088,false,0,0,0,NA,false,0,0,0,NA,-1,-1,-1,-1,-1,-2,-2,false,0,0,0,NA,-1,-1,-1,-1,-1,-2,-2
2,"Environment: 2, FiringMode: 2",10.88221,false,0,0,0,NA,false,0,0,0,NA,-1,-1,-1,-1,-1,-2,-2,false,0,0,0,NA,-1,-1,-1,-1,-1,-2,-2
2,"Environment: 2, FiringMode: 2",10.88348,false,0,0,0,NA,false,0,0,0,NA,-1,-1,-1,-1,-1,-2,-2,false,0,0,0,NA,-1,-1,-1,-1,-1,-2,-2
2,"Environment: 2, FiringMode: 2",10.88478,false,0,0,0,NA,false,0,0,0,NA,-1,-1,-1,-1,-1,-2,-2,false,0,0,0,NA,-1,-1,-1,-1,-1,-2,-2
2,"Environment: 2, FiringMode: 2",10.88616,false,0,0,0,NA,false,0,0,0,NA,-1,-1,-1,-1,-1,-2,-2,false,0,0,0,NA,-1,-1,-1,-1,-1,-2,-2
2,"Environment: 2, FiringMode: 2",10.88745,false,0,0,0,NA,false,0,0,0,NA,-1,-1,-1,-1,-1,-2,-2,false,0,0,0,NA,-1,-1,-1,-1,-1,-2,-2
2,"Environment: 2, FiringMode: 2",10.88897,false,0,0,0,NA,false,0,0,0,NA,-1,-1,-1,-1,-1,-2,-2,false,0,0,0,NA,-1,-1,-1,-1,-1,-2,-2
2,"Environment: 2, FiringMode: 2",10.89036,false,0,0,0,NA,false,0,0,0,NA,-1,-1,-1,-1,-1,-2,-2,false,0,0,0,NA,-1,-1,-1,-1,-1,-2,-2
2,"Environment: 2, FiringMode: 2",10.89169,false,0,0,0,NA,false,0,0,0,NA,-1,-1,-1,-1,-1,-2,-2,false,0,0,0,NA,-1,-1,-1,-1,-1,-2,-2
2,"Environment: 2, FiringMode: 2",10.89307,false,0,0,0,NA,false,0,0,0,NA,-1,-1,-1,-1,-1,-2,-2,false,0,0,0,NA,-1,-1,-1,-1,-1,-2,-2
2,"Environment: 2, FiringMode: 2",10.89437,false,0,0,0,NA,false,0,0,0,NA,-1,-1,-1,-1,-1,-2,-2,false,0,0,0,NA,-1,-1,-1,-1,-1,-2,-2
2,"Environment: 2, FiringMode: 2",10.89573,false,0,0,0,NA,false,0,0,0,NA,-1,-1,-1,-1,-1,-2,-2,false,0,0,0,NA,-1,-1,-1,-1,-1,-2,-2
2,"Environment: 2, FiringMode: 2",10.89703,false,0,0,0,NA,false,0,0,0,NA,-1,-1,-1,-1,-1,-2,-2,false,0,0,0,NA,-1,-1,-1,-1,-1,-2,-2
2,"Environment: 2, FiringMode: 2",10.89837,false,0,0,0,NA,false,0,0,0,NA,-1,-1,-1,-1,-1,-2,-2,false,0,0,0,NA,-1,-1,-1,-1,-1,-2,-2
2,"Environment: 2, FiringMode: 2",10.8998,false,0,0,0,NA,false,0,0,0,NA,-1,-1,-1,-1,-1,-2,-2,false,0,0,0,NA,-1,-1,-1,-1,-1,-2,-2
2,"Environment: 2, FiringMode: 2",10.90114,false,0,0,0,NA,false,0,0,0,NA,-1,-1,-1,-1,-1,-2,-2,false,0,0,0,NA,-1,-1,-1,-1,-1,-2,-2
2,"Environment: 2, FiringMode: 2",10.90248,false,0,0,0,NA,false,0,0,0,NA,-1,-1,-1,-1,-1,-2,-2,false,0,0,0,NA,-1,-1,-1,-1,-1,-2,-2
2,"Environment: 2, FiringMode: 2",10.90386,false,0,0,0,NA,false,0,0,0,NA,-1,-1,-1,-1,-1,-2,-2,false,0,0,0,NA,-1,-1,-1,-1,-1,-2,-2
2,"Environment: 2, FiringMode: 2",10.90537,false,0,0,0,NA,false,0,0,0,NA,-1,-1,-1,-1,-1,-2,-2,false,0,0,0,NA,-1,-1,-1,-1,-1,-2,-2
2,"Environment: 2, FiringMode: 2",10.90671,false,0,0,0,NA,false,0,0,0,NA,-1,-1,-1,-1,-1,-2,-2,false,0,0,0,NA,-1,-1,-1,-1,-1,-2,-2
2,"Environment: 2, FiringMode: 2",10.90807,false,0,0,0,NA,false,0,0,0,NA,-1,-1,-1,-1,-1,-2,-2,false,0,0,0,NA,-1,-1,-1,-1,-1,-2,-2
2,"Environment: 2, FiringMode: 2",10.90938,false,0,0,0,NA,false,0,0,0,NA,-1,-1,-1,-1,-1,-2,-2,false,0,0,0,NA,-1,-1,-1,-1,-1,-2,-2
2,"Environment: 2, FiringMode: 2",10.91072,false,0,0,0,NA,false,0,0,0,NA,-1,-1,-1,-1,-1,-2,-2,false,0,0,0,NA,-1,-1,-1,-1,-1,-2,-2
2,"Environment: 2, FiringMode: 2",10.91195,false,0,0,0,NA,false,0,0,0,NA,-1,-1,-1,-1,-1,-2,-2,false,0,0,0,NA,-1,-1,-1,-1,-1,-2,-2
2,"Environment: 2, FiringMode: 2",10.91321,false,0,0,0,NA,false,0,0,0,NA,-1,-1,-1,-1,-1,-2,-2,false,0,0,0,NA,-1,-1,-1,-1,-1,-2,-2
2,"Environment: 2, FiringMode: 2",10.91451,false,0,0,0,NA,false,0,0,0,NA,-1,-1,-1,-1,-1,-2,-2,false,0,0,0,NA,-1,-1,-1,-1,-1,-2,-2
2,"Environment: 2, FiringMode: 2",10.91586,false,0,0,0,NA,false,0,0,0,NA,-1,-1,-1,-1,-1,-2,-2,false,0,0,0,NA,-1,-1,-1,-1,-1,-2,-2
2,"Environment: 2, FiringMode: 2",10.91728,false,0,0,0,NA,false,0,0,0,NA,-1,-1,-1,-1,-1,-2,-2,false,0,0,0,NA,-1,-1,-1,-1,-1,-2,-2
2,"Environment: 2, FiringMode: 2",10.9186,false,0,0,0,NA,false,0,0,0,NA,-1,-1,-1,-1,-1,-2,-2,false,0,0,0,NA,-1,-1,-1,-1,-1,-2,-2
2,"Environment: 2, FiringMode: 2",10.92004,false,0,0,0,NA,false,0,0,0,NA,-1,-1,-1,-1,-1,-2,-2,false,0,0,0,NA,-1,-1,-1,-1,-1,-2,-2
2,"Environment: 2, FiringMode: 2",10.92139,false,0,0,0,NA,false,0,0,0,NA,-1,-1,-1,-1,-1,-2,-2,false,0,0,0,NA,-1,-1,-1,-1,-1,-2,-2
2,"Environment: 2, FiringMode: 2",10.92268,false,0,0,0,NA,false,0,0,0,NA,-1,-1,-1,-1,-1,-2,-2,false,0,0,0,NA,-1,-1,-1,-1,-1,-2,-2
2,"Environment: 2, FiringMode: 2",10.92397,false,0,0,0,NA,false,0,0,0,NA,-1,-1,-1,-1,-1,-2,-2,false,0,0,0,NA,-1,-1,-1,-1,-1,-2,-2
2,"Environment: 2, FiringMode: 2",10.92524,false,0,0,0,NA,false,0,0,0,NA,-1,-1,-1,-1,-1,-2,-2,false,0,0,0,NA,-1,-1,-1,-1,-1,-2,-2
2,"Environment: 2, FiringMode: 2",10.92649,false,0,0,0,NA,false,0,0,0,NA,-1,-1,-1,-1,-1,-2,-2,false,0,0,0,NA,-1,-1,-1,-1,-1,-2,-2
2,"Environment: 2, FiringMode: 2",10.92784,false,0,0,0,NA,false,0,0,0,NA,-1,-1,-1,-1,-1,-2,-2,false,0,0,0,NA,-1,-1,-1,-1,-1,-2,-2
2,"Environment: 2, FiringMode: 2",10.92915,false,0,0,0,NA,false,0,0,0,NA,-1,-1,-1,-1,-1,-2,-2,false,0,0,0,NA,-1,-1,-1,-1,-1,-2,-2
2,"Environment: 2, FiringMode: 2",10.93048,false,0,0,0,NA,false,0,0,0,NA,-1,-1,-1,-1,-1,-2,-2,false,0,0,0,NA,-1,-1,-1,-1,-1,-2,-2
2,"Environment: 2, FiringMode: 2",10.93182,false,0,0,0,NA,false,0,0,0,NA,-1,-1,-1,-1,-1,-2,-2,false,0,0,0,NA,-1,-1,-1,-1,-1,-2,-2
2,"Environment: 2, FiringMode: 2",10.9331,false,0,0,0,NA,false,0,0,0,NA,-1,-1,-1,-1,-1,-2,-2,false,0,0,0,NA,-1,-1,-1,-1,-1,-2,-2
2,"Environment: 2, FiringMode: 2",10.93447,false,0,0,0,NA,false,0,0,0,NA,-1,-1,-1,-1,-1,-2,-2,false,0,0,0,NA,-1,-1,-1,-1,-1,-2,-2
2,"Environment: 2, FiringMode: 2",10.93573,false,0,0,0,NA,false,0,0,0,NA,-1,-1,-1,-1,-1,-2,-2,false,0,0,0,NA,-1,-1,-1,-1,-1,-2,-2
2,"Environment: 2, FiringMode: 2",10.93713,false,0,0,0,NA,false,0,0,0,NA,-1,-1,-1,-1,-1,-2,-2,false,0,0,0,NA,-1,-1,-1,-1,-1,-2,-2
2,"Environment: 2, FiringMode: 2",10.93846,false,0,0,0,NA,false,0,0,0,NA,-1,-1,-1,-1,-1,-2,-2,false,0,0,0,NA,-1,-1,-1,-1,-1,-2,-2
2,"Environment: 2, FiringMode: 2",10.93987,false,0,0,0,NA,false,0,0,0,NA,-1,-1,-1,-1,-1,-2,-2,false,0,0,0,NA,-1,-1,-1,-1,-1,-2,-2
2,"Environment: 2, FiringMode: 2",10.94118,false,0,0,0,NA,false,0,0,0,NA,-1,-1,-1,-1,-1,-2,-2,false,0,0,0,NA,-1,-1,-1,-1,-1,-2,-2
2,"Environment: 2, FiringMode: 2",10.94246,false,0,0,0,NA,false,0,0,0,NA,-1,-1,-1,-1,-1,-2,-2,false,0,0,0,NA,-1,-1,-1,-1,-1,-2,-2
2,"Environment: 2, FiringMode: 2",10.94371,false,0,0,0,NA,false,0,0,0,NA,-1,-1,-1,-1,-1,-2,-2,false,0,0,0,NA,-1,-1,-1,-1,-1,-2,-2
2,"Environment: 2, FiringMode: 2",10.94519,false,0,0,0,NA,false,0,0,0,NA,-1,-1,-1,-1,-1,-2,-2,false,0,0,0,NA,-1,-1,-1,-1,-1,-2,-2
2,"Environment: 2, FiringMode: 2",10.94661,false,0,0,0,NA,false,0,0,0,NA,-1,-1,-1,-1,-1,-2,-2,false,0,0,0,NA,-1,-1,-1,-1,-1,-2,-2
2,"Environment: 2, FiringMode: 2",10.9479,false,0,0,0,NA,false,0,0,0,NA,-1,-1,-1,-1,-1,-2,-2,false,0,0,0,NA,-1,-1,-1,-1,-1,-2,-2
2,"Environment: 2, FiringMode: 2",10.94933,false,0,0,0,NA,false,0,0,0,NA,-1,-1,-1,-1,-1,-2,-2,false,0,0,0,NA,-1,-1,-1,-1,-1,-2,-2
2,"Environment: 2, FiringMode: 2",10.95075,false,0,0,0,NA,false,0,0,0,NA,-1,-1,-1,-1,-1,-2,-2,false,0,0,0,NA,-1,-1,-1,-1,-1,-2,-2
2,"Environment: 2, FiringMode: 2",10.95206,false,0,0,0,NA,false,0,0,0,NA,-1,-1,-1,-1,-1,-2,-2,false,0,0,0,NA,-1,-1,-1,-1,-1,-2,-2
2,"Environment: 2, FiringMode: 2",10.9534,false,0,0,0,NA,false,0,0,0,NA,-1,-1,-1,-1,-1,-2,-2,false,0,0,0,NA,-1,-1,-1,-1,-1,-2,-2
2,"Environment: 2, FiringMode: 2",10.95471,false,0,0,0,NA,false,0,0,0,NA,-1,-1,-1,-1,-1,-2,-2,false,0,0,0,NA,-1,-1,-1,-1,-1,-2,-2
2,"Environment: 2, FiringMode: 2",10.95605,false,0,0,0,NA,false,0,0,0,NA,-1,-1,-1,-1,-1,-2,-2,false,0,0,0,NA,-1,-1,-1,-1,-1,-2,-2
2,"Environment: 2, FiringMode: 2",10.95738,false,0,0,0,NA,false,0,0,0,NA,-1,-1,-1,-1,-1,-2,-2,false,0,0,0,NA,-1,-1,-1,-1,-1,-2,-2
2,"Environment: 2, FiringMode: 2",10.95895,false,0,0,0,NA,false,0,0,0,NA,-1,-1,-1,-1,-1,-2,-2,false,0,0,0,NA,-1,-1,-1,-1,-1,-2,-2
2,"Environment: 2, FiringMode: 2",10.96044,false,0,0,0,NA,false,0,0,0,NA,-1,-1,-1,-1,-1,-2,-2,false,0,0,0,NA,-1,-1,-1,-1,-1,-2,-2
2,"Environment: 2, FiringMode: 2",10.96191,false,0,0,0,NA,false,0,0,0,NA,-1,-1,-1,-1,-1,-2,-2,false,0,0,0,NA,-1,-1,-1,-1,-1,-2,-2
2,"Environment: 2, FiringMode: 2",10.96329,false,0,0,0,NA,false,0,0,0,NA,-1,-1,-1,-1,-1,-2,-2,false,0,0,0,NA,-1,-1,-1,-1,-1,-2,-2
2,"Environment: 2, FiringMode: 2",10.96474,false,0,0,0,NA,false,0,0,0,NA,-1,-1,-1,-1,-1,-2,-2,false,0,0,0,NA,-1,-1,-1,-1,-1,-2,-2
2,"Environment: 2, FiringMode: 2",10.96618,false,0,0,0,NA,false,0,0,0,NA,-1,-1,-1,-1,-1,-2,-2,false,0,0,0,NA,-1,-1,-1,-1,-1,-2,-2
2,"Environment: 2, FiringMode: 2",10.96748,false,0,0,0,NA,false,0,0,0,NA,-1,-1,-1,-1,-1,-2,-2,false,0,0,0,NA,-1,-1,-1,-1,-1,-2,-2
2,"Environment: 2, FiringMode: 2",10.9687,false,0,0,0,NA,false,0,0,0,NA,-1,-1,-1,-1,-1,-2,-2,false,0,0,0,NA,-1,-1,-1,-1,-1,-2,-2
2,"Environment: 2, FiringMode: 2",10.96999,false,0,0,0,NA,false,0,0,0,NA,-1,-1,-1,-1,-1,-2,-2,false,0,0,0,NA,-1,-1,-1,-1,-1,-2,-2
2,"Environment: 2, FiringMode: 2",10.97143,false,0,0,0,NA,false,0,0,0,NA,-1,-1,-1,-1,-1,-2,-2,false,0,0,0,NA,-1,-1,-1,-1,-1,-2,-2
2,"Environment: 2, FiringMode: 2",10.97282,false,0,0,0,NA,false,0,0,0,NA,-1,-1,-1,-1,-1,-2,-2,false,0,0,0,NA,-1,-1,-1,-1,-1,-2,-2
2,"Environment: 2, FiringMode: 2",10.97411,false,0,0,0,NA,false,0,0,0,NA,-1,-1,-1,-1,-1,-2,-2,false,0,0,0,NA,-1,-1,-1,-1,-1,-2,-2
2,"Environment: 2, FiringMode: 2",10.97547,false,0,0,0,NA,false,0,0,0,NA,-1,-1,-1,-1,-1,-2,-2,false,0,0,0,NA,-1,-1,-1,-1,-1,-2,-2
2,"Environment: 2, FiringMode: 2",10.97692,false,0,0,0,NA,false,0,0,0,NA,-1,-1,-1,-1,-1,-2,-2,false,0,0,0,NA,-1,-1,-1,-1,-1,-2,-2
2,"Environment: 2, FiringMode: 2",10.97824,false,0,0,0,NA,false,0,0,0,NA,-1,-1,-1,-1,-1,-2,-2,false,0,0,0,NA,-1,-1,-1,-1,-1,-2,-2
2,"Environment: 2, FiringMode: 2",10.9797,false,0,0,0,NA,false,0,0,0,NA,-1,-1,-1,-1,-1,-2,-2,false,0,0,0,NA,-1,-1,-1,-1,-1,-2,-2
2,"Environment: 2, FiringMode: 2",10.98094,false,0,0,0,NA,false,0,0,0,NA,-1,-1,-1,-1,-1,-2,-2,false,0,0,0,NA,-1,-1,-1,-1,-1,-2,-2
2,"Environment: 2, FiringMode: 2",10.98226,false,0,0,0,NA,false,0,0,0,NA,-1,-1,-1,-1,-1,-2,-2,false,0,0,0,NA,-1,-1,-1,-1,-1,-2,-2
2,"Environment: 2, FiringMode: 2",10.98357,false,0,0,0,NA,false,0,0,0,NA,-1,-1,-1,-1,-1,-2,-2,false,0,0,0,NA,-1,-1,-1,-1,-1,-2,-2
2,"Environment: 2, FiringMode: 2",10.98481,false,0,0,0,NA,false,0,0,0,NA,-1,-1,-1,-1,-1,-2,-2,false,0,0,0,NA,-1,-1,-1,-1,-1,-2,-2
2,"Environment: 2, FiringMode: 2",10.98624,false,0,0,0,NA,false,0,0,0,NA,-1,-1,-1,-1,-1,-2,-2,false,0,0,0,NA,-1,-1,-1,-1,-1,-2,-2
2,"Environment: 2, FiringMode: 2",10.98757,false,0,0,0,NA,false,0,0,0,NA,-1,-1,-1,-1,-1,-2,-2,false,0,0,0,NA,-1,-1,-1,-1,-1,-2,-2
2,"Environment: 2, FiringMode: 2",10.98886,false,0,0,0,NA,false,0,0,0,NA,-1,-1,-1,-1,-1,-2,-2,false,0,0,0,NA,-1,-1,-1,-1,-1,-2,-2
2,"Environment: 2, FiringMode: 2",10.99013,false,0,0,0,NA,false,0,0,0,NA,-1,-1,-1,-1,-1,-2,-2,false,0,0,0,NA,-1,-1,-1,-1,-1,-2,-2
2,"Environment: 2, FiringMode: 2",10.99144,false,0,0,0,NA,false,0,0,0,NA,-1,-1,-1,-1,-1,-2,-2,false,0,0,0,NA,-1,-1,-1,-1,-1,-2,-2
2,"Environment: 2, FiringMode: 2",10.99339,false,0,0,0,NA,false,0,0,0,NA,-1,-1,-1,-1,-1,-2,-2,false,0,0,0,NA,-1,-1,-1,-1,-1,-2,-2
2,"Environment: 2, FiringMode: 2",10.99475,false,0,0,0,NA,false,0,0,0,NA,-1,-1,-1,-1,-1,-2,-2,false,0,0,0,NA,-1,-1,-1,-1,-1,-2,-2
2,"Environment: 2, FiringMode: 2",10.99605,false,0,0,0,NA,false,0,0,0,NA,-1,-1,-1,-1,-1,-2,-2,false,0,0,0,NA,-1,-1,-1,-1,-1,-2,-2
2,"Environment: 2, FiringMode: 2",10.99735,false,0,0,0,NA,false,0,0,0,NA,-1,-1,-1,-1,-1,-2,-2,false,0,0,0,NA,-1,-1,-1,-1,-1,-2,-2
2,"Environment: 2, FiringMode: 2",10.99861,false,0,0,0,NA,false,0,0,0,NA,-1,-1,-1,-1,-1,-2,-2,false,0,0,0,NA,-1,-1,-1,-1,-1,-2,-2
2,"Environment: 2, FiringMode: 2",11.00011,false,0,0,0,NA,false,0,0,0,NA,-1,-1,-1,-1,-1,-2,-2,false,0,0,0,NA,-1,-1,-1,-1,-1,-2,-2
2,"Environment: 2, FiringMode: 2",11.00152,false,0,0,0,NA,false,0,0,0,NA,-1,-1,-1,-1,-1,-2,-2,false,0,0,0,NA,-1,-1,-1,-1,-1,-2,-2
2,"Environment: 2, FiringMode: 2",11.00279,false,0,0,0,NA,false,0,0,0,NA,-1,-1,-1,-1,-1,-2,-2,false,0,0,0,NA,-1,-1,-1,-1,-1,-2,-2
2,"Environment: 2, FiringMode: 2",11.00412,false,0,0,0,NA,false,0,0,0,NA,-1,-1,-1,-1,-1,-2,-2,false,0,0,0,NA,-1,-1,-1,-1,-1,-2,-2
2,"Environment: 2, FiringMode: 2",11.00544,false,0,0,0,NA,false,0,0,0,NA,-1,-1,-1,-1,-1,-2,-2,false,0,0,0,NA,-1,-1,-1,-1,-1,-2,-2
2,"Environment: 2, FiringMode: 2",11.00671,false,0,0,0,NA,false,0,0,0,NA,-1,-1,-1,-1,-1,-2,-2,false,0,0,0,NA,-1,-1,-1,-1,-1,-2,-2
2,"Environment: 2, FiringMode: 2",11.00816,false,0,0,0,NA,false,0,0,0,NA,-1,-1,-1,-1,-1,-2,-2,false,0,0,0,NA,-1,-1,-1,-1,-1,-2,-2
2,"Environment: 2, FiringMode: 2",11.0095,false,0,0,0,NA,false,0,0,0,NA,-1,-1,-1,-1,-1,-2,-2,false,0,0,0,NA,-1,-1,-1,-1,-1,-2,-2
2,"Environment: 2, FiringMode: 2",11.01075,false,0,0,0,NA,false,0,0,0,NA,-1,-1,-1,-1,-1,-2,-2,false,0,0,0,NA,-1,-1,-1,-1,-1,-2,-2
2,"Environment: 2, FiringMode: 2",11.01198,false,0,0,0,NA,false,0,0,0,NA,-1,-1,-1,-1,-1,-2,-2,false,0,0,0,NA,-1,-1,-1,-1,-1,-2,-2
2,"Environment: 2, FiringMode: 2",11.01333,false,0,0,0,NA,false,0,0,0,NA,-1,-1,-1,-1,-1,-2,-2,false,0,0,0,NA,-1,-1,-1,-1,-1,-2,-2
2,"Environment: 2, FiringMode: 2",11.01468,false,0,0,0,NA,false,0,0,0,NA,-1,-1,-1,-1,-1,-2,-2,false,0,0,0,NA,-1,-1,-1,-1,-1,-2,-2
2,"Environment: 2, FiringMode: 2",11.016,false,0,0,0,NA,false,0,0,0,NA,-1,-1,-1,-1,-1,-2,-2,false,0,0,0,NA,-1,-1,-1,-1,-1,-2,-2
2,"Environment: 2, FiringMode: 2",11.01727,false,0,0,0,NA,false,0,0,0,NA,-1,-1,-1,-1,-1,-2,-2,false,0,0,0,NA,-1,-1,-1,-1,-1,-2,-2
2,"Environment: 2, FiringMode: 2",11.0186,false,0,0,0,NA,false,0,0,0,NA,-1,-1,-1,-1,-1,-2,-2,false,0,0,0,NA,-1,-1,-1,-1,-1,-2,-2
2,"Environment: 2, FiringMode: 2",11.02004,false,0,0,0,NA,false,0,0,0,NA,-1,-1,-1,-1,-1,-2,-2,false,0,0,0,NA,-1,-1,-1,-1,-1,-2,-2
2,"Environment: 2, FiringMode: 2",11.0213,false,0,0,0,NA,false,0,0,0,NA,-1,-1,-1,-1,-1,-2,-2,false,0,0,0,NA,-1,-1,-1,-1,-1,-2,-2
2,"Environment: 2, FiringMode: 2",11.02255,false,0,0,0,NA,false,0,0,0,NA,-1,-1,-1,-1,-1,-2,-2,false,0,0,0,NA,-1,-1,-1,-1,-1,-2,-2
2,"Environment: 2, FiringMode: 2",11.02382,false,0,0,0,NA,false,0,0,0,NA,-1,-1,-1,-1,-1,-2,-2,false,0,0,0,NA,-1,-1,-1,-1,-1,-2,-2
2,"Environment: 2, FiringMode: 2",11.02507,false,0,0,0,NA,false,0,0,0,NA,-1,-1,-1,-1,-1,-2,-2,false,0,0,0,NA,-1,-1,-1,-1,-1,-2,-2
2,"Environment: 2, FiringMode: 2",11.02629,false,0,0,0,NA,false,0,0,0,NA,-1,-1,-1,-1,-1,-2,-2,false,0,0,0,NA,-1,-1,-1,-1,-1,-2,-2
2,"Environment: 2, FiringMode: 2",11.02765,false,0,0,0,NA,false,0,0,0,NA,-1,-1,-1,-1,-1,-2,-2,false,0,0,0,NA,-1,-1,-1,-1,-1,-2,-2
2,"Environment: 2, FiringMode: 2",11.029,false,0,0,0,NA,false,0,0,0,NA,-1,-1,-1,-1,-1,-2,-2,false,0,0,0,NA,-1,-1,-1,-1,-1,-2,-2
2,"Environment: 2, FiringMode: 2",11.0303,false,0,0,0,NA,false,0,0,0,NA,-1,-1,-1,-1,-1,-2,-2,false,0,0,0,NA,-1,-1,-1,-1,-1,-2,-2
2,"Environment: 2, FiringMode: 2",11.03163,false,0,0,0,NA,false,0,0,0,NA,-1,-1,-1,-1,-1,-2,-2,false,0,0,0,NA,-1,-1,-1,-1,-1,-2,-2
2,"Environment: 2, FiringMode: 2",11.03295,false,0,0,0,NA,false,0,0,0,NA,-1,-1,-1,-1,-1,-2,-2,false,0,0,0,NA,-1,-1,-1,-1,-1,-2,-2
2,"Environment: 2, FiringMode: 2",11.03427,false,0,0,0,NA,false,0,0,0,NA,-1,-1,-1,-1,-1,-2,-2,false,0,0,0,NA,-1,-1,-1,-1,-1,-2,-2
2,"Environment: 2, FiringMode: 2",11.03556,false,0,0,0,NA,false,0,0,0,NA,-1,-1,-1,-1,-1,-2,-2,false,0,0,0,NA,-1,-1,-1,-1,-1,-2,-2
2,"Environment: 2, FiringMode: 2",11.03691,false,0,0,0,NA,false,0,0,0,NA,-1,-1,-1,-1,-1,-2,-2,false,0,0,0,NA,-1,-1,-1,-1,-1,-2,-2
2,"Environment: 2, FiringMode: 2",11.03823,false,0,0,0,NA,false,0,0,0,NA,-1,-1,-1,-1,-1,-2,-2,false,0,0,0,NA,-1,-1,-1,-1,-1,-2,-2
2,"Environment: 2, FiringMode: 2",11.03976,false,0,0,0,NA,false,0,0,0,NA,-1,-1,-1,-1,-1,-2,-2,false,0,0,0,NA,-1,-1,-1,-1,-1,-2,-2
2,"Environment: 2, FiringMode: 2",11.0411,false,0,0,0,NA,false,0,0,0,NA,-1,-1,-1,-1,-1,-2,-2,false,0,0,0,NA,-1,-1,-1,-1,-1,-2,-2
2,"Environment: 2, FiringMode: 2",11.04247,false,0,0,0,NA,false,0,0,0,NA,-1,-1,-1,-1,-1,-2,-2,false,0,0,0,NA,-1,-1,-1,-1,-1,-2,-2
2,"Environment: 2, FiringMode: 2",11.0438,false,0,0,0,NA,false,0,0,0,NA,-1,-1,-1,-1,-1,-2,-2,false,0,0,0,NA,-1,-1,-1,-1,-1,-2,-2
2,"Environment: 2, FiringMode: 2",11.0451,false,0,0,0,NA,false,0,0,0,NA,-1,-1,-1,-1,-1,-2,-2,false,0,0,0,NA,-1,-1,-1,-1,-1,-2,-2
2,"Environment: 2, FiringMode: 2",11.04639,false,0,0,0,NA,false,0,0,0,NA,-1,-1,-1,-1,-1,-2,-2,false,0,0,0,NA,-1,-1,-1,-1,-1,-2,-2
2,"Environment: 2, FiringMode: 2",11.04773,false,0,0,0,NA,false,0,0,0,NA,-1,-1,-1,-1,-1,-2,-2,false,0,0,0,NA,-1,-1,-1,-1,-1,-2,-2
2,"Environment: 2, FiringMode: 2",11.04903,false,0,0,0,NA,false,0,0,0,NA,-1,-1,-1,-1,-1,-2,-2,false,0,0,0,NA,-1,-1,-1,-1,-1,-2,-2
2,"Environment: 2, FiringMode: 2",11.05036,false,0,0,0,NA,false,0,0,0,NA,-1,-1,-1,-1,-1,-2,-2,false,0,0,0,NA,-1,-1,-1,-1,-1,-2,-2
2,"Environment: 2, FiringMode: 2",11.0516,false,0,0,0,NA,false,0,0,0,NA,-1,-1,-1,-1,-1,-2,-2,false,0,0,0,NA,-1,-1,-1,-1,-1,-2,-2
2,"Environment: 2, FiringMode: 2",11.05284,false,0,0,0,NA,false,0,0,0,NA,-1,-1,-1,-1,-1,-2,-2,false,0,0,0,NA,-1,-1,-1,-1,-1,-2,-2
2,"Environment: 2, FiringMode: 2",11.0541,false,0,0,0,NA,false,0,0,0,NA,-1,-1,-1,-1,-1,-2,-2,false,0,0,0,NA,-1,-1,-1,-1,-1,-2,-2
2,"Environment: 2, FiringMode: 2",11.0555,false,0,0,0,NA,false,0,0,0,NA,-1,-1,-1,-1,-1,-2,-2,false,0,0,0,NA,-1,-1,-1,-1,-1,-2,-2
2,"Environment: 2, FiringMode: 2",11.05696,false,0,0,0,NA,false,0,0,0,NA,-1,-1,-1,-1,-1,-2,-2,false,0,0,0,NA,-1,-1,-1,-1,-1,-2,-2
2,"Environment: 2, FiringMode: 2",11.05826,false,0,0,0,NA,false,0,0,0,NA,-1,-1,-1,-1,-1,-2,-2,false,0,0,0,NA,-1,-1,-1,-1,-1,-2,-2
2,"Environment: 2, FiringMode: 2",11.05966,false,0,0,0,NA,false,0,0,0,NA,-1,-1,-1,-1,-1,-2,-2,false,0,0,0,NA,-1,-1,-1,-1,-1,-2,-2
2,"Environment: 2, FiringMode: 2",11.061,false,0,0,0,NA,false,0,0,0,NA,-1,-1,-1,-1,-1,-2,-2,false,0,0,0,NA,-1,-1,-1,-1,-1,-2,-2
2,"Environment: 2, FiringMode: 2",11.06231,false,0,0,0,NA,false,0,0,0,NA,-1,-1,-1,-1,-1,-2,-2,false,0,0,0,NA,-1,-1,-1,-1,-1,-2,-2
2,"Environment: 2, FiringMode: 2",11.06362,false,0,0,0,NA,false,0,0,0,NA,-1,-1,-1,-1,-1,-2,-2,false,0,0,0,NA,-1,-1,-1,-1,-1,-2,-2
2,"Environment: 2, FiringMode: 2",11.06492,false,0,0,0,NA,false,0,0,0,NA,-1,-1,-1,-1,-1,-2,-2,false,0,0,0,NA,-1,-1,-1,-1,-1,-2,-2
2,"Environment: 2, FiringMode: 2",11.06623,false,0,0,0,NA,false,0,0,0,NA,-1,-1,-1,-1,-1,-2,-2,false,0,0,0,NA,-1,-1,-1,-1,-1,-2,-2
2,"Environment: 2, FiringMode: 2",11.06751,false,0,0,0,NA,false,0,0,0,NA,-1,-1,-1,-1,-1,-2,-2,false,0,0,0,NA,-1,-1,-1,-1,-1,-2,-2
2,"Environment: 2, FiringMode: 2",11.06886,false,0,0,0,NA,false,0,0,0,NA,-1,-1,-1,-1,-1,-2,-2,false,0,0,0,NA,-1,-1,-1,-1,-1,-2,-2
2,"Environment: 2, FiringMode: 2",11.07023,false,0,0,0,NA,false,0,0,0,NA,-1,-1,-1,-1,-1,-2,-2,false,0,0,0,NA,-1,-1,-1,-1,-1,-2,-2
2,"Environment: 2, FiringMode: 2",11.07164,false,0,0,0,NA,false,0,0,0,NA,-1,-1,-1,-1,-1,-2,-2,false,0,0,0,NA,-1,-1,-1,-1,-1,-2,-2
2,"Environment: 2, FiringMode: 2",11.07302,false,0,0,0,NA,false,0,0,0,NA,-1,-1,-1,-1,-1,-2,-2,false,0,0,0,NA,-1,-1,-1,-1,-1,-2,-2
2,"Environment: 2, FiringMode: 2",11.07436,false,0,0,0,NA,false,0,0,0,NA,-1,-1,-1,-1,-1,-2,-2,false,0,0,0,NA,-1,-1,-1,-1,-1,-2,-2
2,"Environment: 2, FiringMode: 2",11.07574,false,0,0,0,NA,false,0,0,0,NA,-1,-1,-1,-1,-1,-2,-2,false,0,0,0,NA,-1,-1,-1,-1,-1,-2,-2
2,"Environment: 2, FiringMode: 2",11.07707,false,0,0,0,NA,false,0,0,0,NA,-1,-1,-1,-1,-1,-2,-2,false,0,0,0,NA,-1,-1,-1,-1,-1,-2,-2
2,"Environment: 2, FiringMode: 2",11.07834,false,0,0,0,NA,false,0,0,0,NA,-1,-1,-1,-1,-1,-2,-2,false,0,0,0,NA,-1,-1,-1,-1,-1,-2,-2
2,"Environment: 2, FiringMode: 2",11.07979,false,0,0,0,NA,false,0,0,0,NA,-1,-1,-1,-1,-1,-2,-2,false,0,0,0,NA,-1,-1,-1,-1,-1,-2,-2
2,"Environment: 2, FiringMode: 2",11.08106,false,0,0,0,NA,false,0,0,0,NA,-1,-1,-1,-1,-1,-2,-2,false,0,0,0,NA,-1,-1,-1,-1,-1,-2,-2
2,"Environment: 2, FiringMode: 2",11.08246,false,0,0,0,NA,false,0,0,0,NA,-1,-1,-1,-1,-1,-2,-2,false,0,0,0,NA,-1,-1,-1,-1,-1,-2,-2
2,"Environment: 2, FiringMode: 2",11.08386,false,0,0,0,NA,false,0,0,0,NA,-1,-1,-1,-1,-1,-2,-2,false,0,0,0,NA,-1,-1,-1,-1,-1,-2,-2
2,"Environment: 2, FiringMode: 2",11.0852,false,0,0,0,NA,false,0,0,0,NA,-1,-1,-1,-1,-1,-2,-2,false,0,0,0,NA,-1,-1,-1,-1,-1,-2,-2
2,"Environment: 2, FiringMode: 2",11.08664,false,0,0,0,NA,false,0,0,0,NA,-1,-1,-1,-1,-1,-2,-2,false,0,0,0,NA,-1,-1,-1,-1,-1,-2,-2
2,"Environment: 2, FiringMode: 2",11.08802,false,0,0,0,NA,false,0,0,0,NA,-1,-1,-1,-1,-1,-2,-2,false,0,0,0,NA,-1,-1,-1,-1,-1,-2,-2
2,"Environment: 2, FiringMode: 2",11.08933,false,0,0,0,NA,false,0,0,0,NA,-1,-1,-1,-1,-1,-2,-2,false,0,0,0,NA,-1,-1,-1,-1,-1,-2,-2
2,"Environment: 2, FiringMode: 2",11.09062,false,0,0,0,NA,false,0,0,0,NA,-1,-1,-1,-1,-1,-2,-2,false,0,0,0,NA,-1,-1,-1,-1,-1,-2,-2
2,"Environment: 2, FiringMode: 2",11.09185,false,0,0,0,NA,false,0,0,0,NA,-1,-1,-1,-1,-1,-2,-2,false,0,0,0,NA,-1,-1,-1,-1,-1,-2,-2
2,"Environment: 2, FiringMode: 2",11.09312,false,0,0,0,NA,false,0,0,0,NA,-1,-1,-1,-1,-1,-2,-2,false,0,0,0,NA,-1,-1,-1,-1,-1,-2,-2
2,"Environment: 2, FiringMode: 2",11.09439,false,0,0,0,NA,false,0,0,0,NA,-1,-1,-1,-1,-1,-2,-2,false,0,0,0,NA,-1,-1,-1,-1,-1,-2,-2
2,"Environment: 2, FiringMode: 2",11.09569,false,0,0,0,NA,false,0,0,0,NA,-1,-1,-1,-1,-1,-2,-2,false,0,0,0,NA,-1,-1,-1,-1,-1,-2,-2
2,"Environment: 2, FiringMode: 2",11.09706,false,0,0,0,NA,false,0,0,0,NA,-1,-1,-1,-1,-1,-2,-2,false,0,0,0,NA,-1,-1,-1,-1,-1,-2,-2
2,"Environment: 2, FiringMode: 2",11.0985,false,0,0,0,NA,false,0,0,0,NA,-1,-1,-1,-1,-1,-2,-2,false,0,0,0,NA,-1,-1,-1,-1,-1,-2,-2
2,"Environment: 2, FiringMode: 2",11.09993,false,0,0,0,NA,false,0,0,0,NA,-1,-1,-1,-1,-1,-2,-2,false,0,0,0,NA,-1,-1,-1,-1,-1,-2,-2
2,"Environment: 2, FiringMode: 2",11.10118,false,0,0,0,NA,false,0,0,0,NA,-1,-1,-1,-1,-1,-2,-2,false,0,0,0,NA,-1,-1,-1,-1,-1,-2,-2
2,"Environment: 2, FiringMode: 2",11.10251,false,0,0,0,NA,false,0,0,0,NA,-1,-1,-1,-1,-1,-2,-2,false,0,0,0,NA,-1,-1,-1,-1,-1,-2,-2
2,"Environment: 2, FiringMode: 2",11.10389,false,0,0,0,NA,false,0,0,0,NA,-1,-1,-1,-1,-1,-2,-2,false,0,0,0,NA,-1,-1,-1,-1,-1,-2,-2
2,"Environment: 2, FiringMode: 2",11.1052,false,0,0,0,NA,false,0,0,0,NA,-1,-1,-1,-1,-1,-2,-2,false,0,0,0,NA,-1,-1,-1,-1,-1,-2,-2
2,"Environment: 2, FiringMode: 2",11.10644,false,0,0,0,NA,false,0,0,0,NA,-1,-1,-1,-1,-1,-2,-2,false,0,0,0,NA,-1,-1,-1,-1,-1,-2,-2
2,"Environment: 2, FiringMode: 2",11.10769,false,0,0,0,NA,false,0,0,0,NA,-1,-1,-1,-1,-1,-2,-2,false,0,0,0,NA,-1,-1,-1,-1,-1,-2,-2
2,"Environment: 2, FiringMode: 2",11.10895,false,0,0,0,NA,false,0,0,0,NA,-1,-1,-1,-1,-1,-2,-2,false,0,0,0,NA,-1,-1,-1,-1,-1,-2,-2
2,"Environment: 2, FiringMode: 2",11.11026,false,0,0,0,NA,false,0,0,0,NA,-1,-1,-1,-1,-1,-2,-2,false,0,0,0,NA,-1,-1,-1,-1,-1,-2,-2
2,"Environment: 2, FiringMode: 2",11.11161,false,0,0,0,NA,false,0,0,0,NA,-1,-1,-1,-1,-1,-2,-2,false,0,0,0,NA,-1,-1,-1,-1,-1,-2,-2
2,"Environment: 2, FiringMode: 2",11.11292,false,0,0,0,NA,false,0,0,0,NA,-1,-1,-1,-1,-1,-2,-2,false,0,0,0,NA,-1,-1,-1,-1,-1,-2,-2
2,"Environment: 2, FiringMode: 2",11.11421,false,0,0,0,NA,false,0,0,0,NA,-1,-1,-1,-1,-1,-2,-2,false,0,0,0,NA,-1,-1,-1,-1,-1,-2,-2
2,"Environment: 2, FiringMode: 2",11.11556,false,0,0,0,NA,false,0,0,0,NA,-1,-1,-1,-1,-1,-2,-2,false,0,0,0,NA,-1,-1,-1,-1,-1,-2,-2
2,"Environment: 2, FiringMode: 2",11.11701,false,0,0,0,NA,false,0,0,0,NA,-1,-1,-1,-1,-1,-2,-2,false,0,0,0,NA,-1,-1,-1,-1,-1,-2,-2
2,"Environment: 2, FiringMode: 2",11.11831,false,0,0,0,NA,false,0,0,0,NA,-1,-1,-1,-1,-1,-2,-2,false,0,0,0,NA,-1,-1,-1,-1,-1,-2,-2
2,"Environment: 2, FiringMode: 2",11.11966,false,0,0,0,NA,false,0,0,0,NA,-1,-1,-1,-1,-1,-2,-2,false,0,0,0,NA,-1,-1,-1,-1,-1,-2,-2
2,"Environment: 2, FiringMode: 2",11.12089,false,0,0,0,NA,false,0,0,0,NA,-1,-1,-1,-1,-1,-2,-2,false,0,0,0,NA,-1,-1,-1,-1,-1,-2,-2
2,"Environment: 2, FiringMode: 2",11.12217,false,0,0,0,NA,false,0,0,0,NA,-1,-1,-1,-1,-1,-2,-2,false,0,0,0,NA,-1,-1,-1,-1,-1,-2,-2
2,"Environment: 2, FiringMode: 2",11.1234,false,0,0,0,NA,false,0,0,0,NA,-1,-1,-1,-1,-1,-2,-2,false,0,0,0,NA,-1,-1,-1,-1,-1,-2,-2
2,"Environment: 2, FiringMode: 2",11.12488,false,0,0,0,NA,false,0,0,0,NA,-1,-1,-1,-1,-1,-2,-2,false,0,0,0,NA,-1,-1,-1,-1,-1,-2,-2
2,"Environment: 2, FiringMode: 2",11.12687,false,0,0,0,NA,false,0,0,0,NA,-1,-1,-1,-1,-1,-2,-2,false,0,0,0,NA,-1,-1,-1,-1,-1,-2,-2
2,"Environment: 2, FiringMode: 2",11.12827,false,0,0,0,NA,false,0,0,0,NA,-1,-1,-1,-1,-1,-2,-2,false,0,0,0,NA,-1,-1,-1,-1,-1,-2,-2
2,"Environment: 2, FiringMode: 2",11.12962,false,0,0,0,NA,false,0,0,0,NA,-1,-1,-1,-1,-1,-2,-2,false,0,0,0,NA,-1,-1,-1,-1,-1,-2,-2
2,"Environment: 2, FiringMode: 2",11.13132,false,0,0,0,NA,false,0,0,0,NA,-1,-1,-1,-1,-1,-2,-2,false,0,0,0,NA,-1,-1,-1,-1,-1,-2,-2
2,"Environment: 2, FiringMode: 2",11.13273,false,0,0,0,NA,false,0,0,0,NA,-1,-1,-1,-1,-1,-2,-2,false,0,0,0,NA,-1,-1,-1,-1,-1,-2,-2
2,"Environment: 2, FiringMode: 2",11.13416,false,0,0,0,NA,false,0,0,0,NA,-1,-1,-1,-1,-1,-2,-2,false,0,0,0,NA,-1,-1,-1,-1,-1,-2,-2
2,"Environment: 2, FiringMode: 2",11.13579,false,0,0,0,NA,false,0,0,0,NA,-1,-1,-1,-1,-1,-2,-2,false,0,0,0,NA,-1,-1,-1,-1,-1,-2,-2
2,"Environment: 2, FiringMode: 2",11.13714,false,0,0,0,NA,false,0,0,0,NA,-1,-1,-1,-1,-1,-2,-2,false,0,0,0,NA,-1,-1,-1,-1,-1,-2,-2
2,"Environment: 2, FiringMode: 2",11.13846,false,0,0,0,NA,false,0,0,0,NA,-1,-1,-1,-1,-1,-2,-2,false,0,0,0,NA,-1,-1,-1,-1,-1,-2,-2
2,"Environment: 2, FiringMode: 2",11.13997,false,0,0,0,NA,false,0,0,0,NA,-1,-1,-1,-1,-1,-2,-2,false,0,0,0,NA,-1,-1,-1,-1,-1,-2,-2
2,"Environment: 2, FiringMode: 2",11.14129,false,0,0,0,NA,false,0,0,0,NA,-1,-1,-1,-1,-1,-2,-2,false,0,0,0,NA,-1,-1,-1,-1,-1,-2,-2
2,"Environment: 2, FiringMode: 2",11.14254,false,0,0,0,NA,false,0,0,0,NA,-1,-1,-1,-1,-1,-2,-2,false,0,0,0,NA,-1,-1,-1,-1,-1,-2,-2
2,"Environment: 2, FiringMode: 2",11.14378,false,0,0,0,NA,false,0,0,0,NA,-1,-1,-1,-1,-1,-2,-2,false,0,0,0,NA,-1,-1,-1,-1,-1,-2,-2
2,"Environment: 2, FiringMode: 2",11.14509,false,0,0,0,NA,false,0,0,0,NA,-1,-1,-1,-1,-1,-2,-2,false,0,0,0,NA,-1,-1,-1,-1,-1,-2,-2
2,"Environment: 2, FiringMode: 2",11.14669,false,0,0,0,NA,false,0,0,0,NA,-1,-1,-1,-1,-1,-2,-2,false,0,0,0,NA,-1,-1,-1,-1,-1,-2,-2
2,"Environment: 2, FiringMode: 2",11.14808,false,0,0,0,NA,false,0,0,0,NA,-1,-1,-1,-1,-1,-2,-2,false,0,0,0,NA,-1,-1,-1,-1,-1,-2,-2
2,"Environment: 2, FiringMode: 2",11.14942,false,0,0,0,NA,false,0,0,0,NA,-1,-1,-1,-1,-1,-2,-2,false,0,0,0,NA,-1,-1,-1,-1,-1,-2,-2
2,"Environment: 2, FiringMode: 2",11.15078,false,0,0,0,NA,false,0,0,0,NA,-1,-1,-1,-1,-1,-2,-2,false,0,0,0,NA,-1,-1,-1,-1,-1,-2,-2
2,"Environment: 2, FiringMode: 2",11.15212,false,0,0,0,NA,false,0,0,0,NA,-1,-1,-1,-1,-1,-2,-2,false,0,0,0,NA,-1,-1,-1,-1,-1,-2,-2
2,"Environment: 2, FiringMode: 2",11.15362,false,0,0,0,NA,false,0,0,0,NA,-1,-1,-1,-1,-1,-2,-2,false,0,0,0,NA,-1,-1,-1,-1,-1,-2,-2
2,"Environment: 2, FiringMode: 2",11.155,false,0,0,0,NA,false,0,0,0,NA,-1,-1,-1,-1,-1,-2,-2,false,0,0,0,NA,-1,-1,-1,-1,-1,-2,-2
2,"Environment: 2, FiringMode: 2",11.1563,false,0,0,0,NA,false,0,0,0,NA,-1,-1,-1,-1,-1,-2,-2,false,0,0,0,NA,-1,-1,-1,-1,-1,-2,-2
2,"Environment: 2, FiringMode: 2",11.15768,false,0,0,0,NA,false,0,0,0,NA,-1,-1,-1,-1,-1,-2,-2,false,0,0,0,NA,-1,-1,-1,-1,-1,-2,-2
2,"Environment: 2, FiringMode: 2",11.15928,false,0,0,0,NA,false,0,0,0,NA,-1,-1,-1,-1,-1,-2,-2,false,0,0,0,NA,-1,-1,-1,-1,-1,-2,-2
2,"Environment: 2, FiringMode: 2",11.16065,false,0,0,0,NA,false,0,0,0,NA,-1,-1,-1,-1,-1,-2,-2,false,0,0,0,NA,-1,-1,-1,-1,-1,-2,-2
2,"Environment: 2, FiringMode: 2",11.16192,false,0,0,0,NA,false,0,0,0,NA,-1,-1,-1,-1,-1,-2,-2,false,0,0,0,NA,-1,-1,-1,-1,-1,-2,-2
2,"Environment: 2, FiringMode: 2",11.16318,false,0,0,0,NA,false,0,0,0,NA,-1,-1,-1,-1,-1,-2,-2,false,0,0,0,NA,-1,-1,-1,-1,-1,-2,-2
2,"Environment: 2, FiringMode: 2",11.16454,false,0,0,0,NA,false,0,0,0,NA,-1,-1,-1,-1,-1,-2,-2,false,0,0,0,NA,-1,-1,-1,-1,-1,-2,-2
2,"Environment: 2, FiringMode: 2",11.16582,false,0,0,0,NA,false,0,0,0,NA,-1,-1,-1,-1,-1,-2,-2,false,0,0,0,NA,-1,-1,-1,-1,-1,-2,-2
2,"Environment: 2, FiringMode: 2",11.16717,false,0,0,0,NA,false,0,0,0,NA,-1,-1,-1,-1,-1,-2,-2,false,0,0,0,NA,-1,-1,-1,-1,-1,-2,-2
2,"Environment: 2, FiringMode: 2",11.16852,false,0,0,0,NA,false,0,0,0,NA,-1,-1,-1,-1,-1,-2,-2,false,0,0,0,NA,-1,-1,-1,-1,-1,-2,-2
2,"Environment: 2, FiringMode: 2",11.16979,false,0,0,0,NA,false,0,0,0,NA,-1,-1,-1,-1,-1,-2,-2,false,0,0,0,NA,-1,-1,-1,-1,-1,-2,-2
2,"Environment: 2, FiringMode: 2",11.17099,false,0,0,0,NA,false,0,0,0,NA,-1,-1,-1,-1,-1,-2,-2,false,0,0,0,NA,-1,-1,-1,-1,-1,-2,-2
2,"Environment: 2, FiringMode: 2",11.17219,false,0,0,0,NA,false,0,0,0,NA,-1,-1,-1,-1,-1,-2,-2,false,0,0,0,NA,-1,-1,-1,-1,-1,-2,-2
2,"Environment: 2, FiringMode: 2",11.17339,false,0,0,0,NA,false,0,0,0,NA,-1,-1,-1,-1,-1,-2,-2,false,0,0,0,NA,-1,-1,-1,-1,-1,-2,-2
2,"Environment: 2, FiringMode: 2",11.17461,false,0,0,0,NA,false,0,0,0,NA,-1,-1,-1,-1,-1,-2,-2,false,0,0,0,NA,-1,-1,-1,-1,-1,-2,-2
2,"Environment: 2, FiringMode: 2",11.17588,false,0,0,0,NA,false,0,0,0,NA,-1,-1,-1,-1,-1,-2,-2,false,0,0,0,NA,-1,-1,-1,-1,-1,-2,-2
2,"Environment: 2, FiringMode: 2",11.17707,false,0,0,0,NA,false,0,0,0,NA,-1,-1,-1,-1,-1,-2,-2,false,0,0,0,NA,-1,-1,-1,-1,-1,-2,-2
2,"Environment: 2, FiringMode: 2",11.17827,false,0,0,0,NA,false,0,0,0,NA,-1,-1,-1,-1,-1,-2,-2,false,0,0,0,NA,-1,-1,-1,-1,-1,-2,-2
2,"Environment: 2, FiringMode: 2",11.17962,false,0,0,0,NA,false,0,0,0,NA,-1,-1,-1,-1,-1,-2,-2,false,0,0,0,NA,-1,-1,-1,-1,-1,-2,-2
2,"Environment: 2, FiringMode: 2",11.18086,false,0,0,0,NA,false,0,0,0,NA,-1,-1,-1,-1,-1,-2,-2,false,0,0,0,NA,-1,-1,-1,-1,-1,-2,-2
2,"Environment: 2, FiringMode: 2",11.18212,false,0,0,0,NA,false,0,0,0,NA,-1,-1,-1,-1,-1,-2,-2,false,0,0,0,NA,-1,-1,-1,-1,-1,-2,-2
2,"Environment: 2, FiringMode: 2",11.18337,false,0,0,0,NA,false,0,0,0,NA,-1,-1,-1,-1,-1,-2,-2,false,0,0,0,NA,-1,-1,-1,-1,-1,-2,-2
2,"Environment: 2, FiringMode: 2",11.18467,false,0,0,0,NA,false,0,0,0,NA,-1,-1,-1,-1,-1,-2,-2,false,0,0,0,NA,-1,-1,-1,-1,-1,-2,-2
2,"Environment: 2, FiringMode: 2",11.18598,false,0,0,0,NA,false,0,0,0,NA,-1,-1,-1,-1,-1,-2,-2,false,0,0,0,NA,-1,-1,-1,-1,-1,-2,-2
2,"Environment: 2, FiringMode: 2",11.18722,false,0,0,0,NA,false,0,0,0,NA,-1,-1,-1,-1,-1,-2,-2,false,0,0,0,NA,-1,-1,-1,-1,-1,-2,-2
2,"Environment: 2, FiringMode: 2",11.18846,false,0,0,0,NA,false,0,0,0,NA,-1,-1,-1,-1,-1,-2,-2,false,0,0,0,NA,-1,-1,-1,-1,-1,-2,-2
2,"Environment: 2, FiringMode: 2",11.18978,false,0,0,0,NA,false,0,0,0,NA,-1,-1,-1,-1,-1,-2,-2,false,0,0,0,NA,-1,-1,-1,-1,-1,-2,-2
2,"Environment: 2, FiringMode: 2",11.19106,false,0,0,0,NA,false,0,0,0,NA,-1,-1,-1,-1,-1,-2,-2,false,0,0,0,NA,-1,-1,-1,-1,-1,-2,-2
2,"Environment: 2, FiringMode: 2",11.19227,false,0,0,0,NA,false,0,0,0,NA,-1,-1,-1,-1,-1,-2,-2,false,0,0,0,NA,-1,-1,-1,-1,-1,-2,-2
2,"Environment: 2, FiringMode: 2",11.19355,false,0,0,0,NA,false,0,0,0,NA,-1,-1,-1,-1,-1,-2,-2,false,0,0,0,NA,-1,-1,-1,-1,-1,-2,-2
2,"Environment: 2, FiringMode: 2",11.19495,false,0,0,0,NA,false,0,0,0,NA,-1,-1,-1,-1,-1,-2,-2,false,0,0,0,NA,-1,-1,-1,-1,-1,-2,-2
2,"Environment: 2, FiringMode: 2",11.19628,false,0,0,0,NA,false,0,0,0,NA,-1,-1,-1,-1,-1,-2,-2,false,0,0,0,NA,-1,-1,-1,-1,-1,-2,-2
2,"Environment: 2, FiringMode: 2",11.19754,false,0,0,0,NA,false,0,0,0,NA,-1,-1,-1,-1,-1,-2,-2,false,0,0,0,NA,-1,-1,-1,-1,-1,-2,-2
2,"Environment: 2, FiringMode: 2",11.1989,false,0,0,0,NA,false,0,0,0,NA,-1,-1,-1,-1,-1,-2,-2,false,0,0,0,NA,-1,-1,-1,-1,-1,-2,-2
2,"Environment: 2, FiringMode: 2",11.20024,false,0,0,0,NA,false,0,0,0,NA,-1,-1,-1,-1,-1,-2,-2,false,0,0,0,NA,-1,-1,-1,-1,-1,-2,-2
2,"Environment: 2, FiringMode: 2",11.20149,false,0,0,0,NA,false,0,0,0,NA,-1,-1,-1,-1,-1,-2,-2,false,0,0,0,NA,-1,-1,-1,-1,-1,-2,-2
2,"Environment: 2, FiringMode: 2",11.20273,false,0,0,0,NA,false,0,0,0,NA,-1,-1,-1,-1,-1,-2,-2,false,0,0,0,NA,-1,-1,-1,-1,-1,-2,-2
2,"Environment: 2, FiringMode: 2",11.20395,false,0,0,0,NA,false,0,0,0,NA,-1,-1,-1,-1,-1,-2,-2,false,0,0,0,NA,-1,-1,-1,-1,-1,-2,-2
2,"Environment: 2, FiringMode: 2",11.20515,false,0,0,0,NA,false,0,0,0,NA,-1,-1,-1,-1,-1,-2,-2,false,0,0,0,NA,-1,-1,-1,-1,-1,-2,-2
2,"Environment: 2, FiringMode: 2",11.20637,false,0,0,0,NA,false,0,0,0,NA,-1,-1,-1,-1,-1,-2,-2,false,0,0,0,NA,-1,-1,-1,-1,-1,-2,-2
2,"Environment: 2, FiringMode: 2",11.20765,false,0,0,0,NA,false,0,0,0,NA,-1,-1,-1,-1,-1,-2,-2,false,0,0,0,NA,-1,-1,-1,-1,-1,-2,-2
2,"Environment: 2, FiringMode: 2",11.20896,false,0,0,0,NA,false,0,0,0,NA,-1,-1,-1,-1,-1,-2,-2,false,0,0,0,NA,-1,-1,-1,-1,-1,-2,-2
2,"Environment: 2, FiringMode: 2",11.21026,false,0,0,0,NA,false,0,0,0,NA,-1,-1,-1,-1,-1,-2,-2,false,0,0,0,NA,-1,-1,-1,-1,-1,-2,-2
2,"Environment: 2, FiringMode: 2",11.2115,false,0,0,0,NA,false,0,0,0,NA,-1,-1,-1,-1,-1,-2,-2,false,0,0,0,NA,-1,-1,-1,-1,-1,-2,-2
2,"Environment: 2, FiringMode: 2",11.21278,false,0,0,0,NA,false,0,0,0,NA,-1,-1,-1,-1,-1,-2,-2,false,0,0,0,NA,-1,-1,-1,-1,-1,-2,-2
2,"Environment: 2, FiringMode: 2",11.21416,false,0,0,0,NA,false,0,0,0,NA,-1,-1,-1,-1,-1,-2,-2,false,0,0,0,NA,-1,-1,-1,-1,-1,-2,-2
2,"Environment: 2, FiringMode: 2",11.21539,false,0,0,0,NA,false,0,0,0,NA,-1,-1,-1,-1,-1,-2,-2,false,0,0,0,NA,-1,-1,-1,-1,-1,-2,-2
2,"Environment: 2, FiringMode: 2",11.21661,false,0,0,0,NA,false,0,0,0,NA,-1,-1,-1,-1,-1,-2,-2,false,0,0,0,NA,-1,-1,-1,-1,-1,-2,-2
2,"Environment: 2, FiringMode: 2",11.21781,false,0,0,0,NA,false,0,0,0,NA,-1,-1,-1,-1,-1,-2,-2,false,0,0,0,NA,-1,-1,-1,-1,-1,-2,-2
2,"Environment: 2, FiringMode: 2",11.21912,false,0,0,0,NA,false,0,0,0,NA,-1,-1,-1,-1,-1,-2,-2,false,0,0,0,NA,-1,-1,-1,-1,-1,-2,-2
2,"Environment: 2, FiringMode: 2",11.22039,false,0,0,0,NA,false,0,0,0,NA,-1,-1,-1,-1,-1,-2,-2,false,0,0,0,NA,-1,-1,-1,-1,-1,-2,-2
2,"Environment: 2, FiringMode: 2",11.22169,false,0,0,0,NA,false,0,0,0,NA,-1,-1,-1,-1,-1,-2,-2,false,0,0,0,NA,-1,-1,-1,-1,-1,-2,-2
2,"Environment: 2, FiringMode: 2",11.223,false,0,0,0,NA,false,0,0,0,NA,-1,-1,-1,-1,-1,-2,-2,false,0,0,0,NA,-1,-1,-1,-1,-1,-2,-2
2,"Environment: 2, FiringMode: 2",11.22425,false,0,0,0,NA,false,0,0,0,NA,-1,-1,-1,-1,-1,-2,-2,false,0,0,0,NA,-1,-1,-1,-1,-1,-2,-2
2,"Environment: 2, FiringMode: 2",11.22557,false,0,0,0,NA,false,0,0,0,NA,-1,-1,-1,-1,-1,-2,-2,false,0,0,0,NA,-1,-1,-1,-1,-1,-2,-2
2,"Environment: 2, FiringMode: 2",11.22681,false,0,0,0,NA,false,0,0,0,NA,-1,-1,-1,-1,-1,-2,-2,false,0,0,0,NA,-1,-1,-1,-1,-1,-2,-2
2,"Environment: 2, FiringMode: 2",11.22802,false,0,0,0,NA,false,0,0,0,NA,-1,-1,-1,-1,-1,-2,-2,false,0,0,0,NA,-1,-1,-1,-1,-1,-2,-2
2,"Environment: 2, FiringMode: 2",11.22925,false,0,0,0,NA,false,0,0,0,NA,-1,-1,-1,-1,-1,-2,-2,false,0,0,0,NA,-1,-1,-1,-1,-1,-2,-2
2,"Environment: 2, FiringMode: 2",11.23047,false,0,0,0,NA,false,0,0,0,NA,-1,-1,-1,-1,-1,-2,-2,false,0,0,0,NA,-1,-1,-1,-1,-1,-2,-2
2,"Environment: 2, FiringMode: 2",11.23184,false,0,0,0,NA,false,0,0,0,NA,-1,-1,-1,-1,-1,-2,-2,false,0,0,0,NA,-1,-1,-1,-1,-1,-2,-2
2,"Environment: 2, FiringMode: 2",11.23311,false,0,0,0,NA,false,0,0,0,NA,-1,-1,-1,-1,-1,-2,-2,false,0,0,0,NA,-1,-1,-1,-1,-1,-2,-2
2,"Environment: 2, FiringMode: 2",11.23438,false,0,0,0,NA,false,0,0,0,NA,-1,-1,-1,-1,-1,-2,-2,false,0,0,0,NA,-1,-1,-1,-1,-1,-2,-2
2,"Environment: 2, FiringMode: 2",11.23565,false,0,0,0,NA,false,0,0,0,NA,-1,-1,-1,-1,-1,-2,-2,false,0,0,0,NA,-1,-1,-1,-1,-1,-2,-2
2,"Environment: 2, FiringMode: 2",11.23701,false,0,0,0,NA,false,0,0,0,NA,-1,-1,-1,-1,-1,-2,-2,false,0,0,0,NA,-1,-1,-1,-1,-1,-2,-2
2,"Environment: 2, FiringMode: 2",11.23829,false,0,0,0,NA,false,0,0,0,NA,-1,-1,-1,-1,-1,-2,-2,false,0,0,0,NA,-1,-1,-1,-1,-1,-2,-2
2,"Environment: 2, FiringMode: 2",11.23966,false,0,0,0,NA,false,0,0,0,NA,-1,-1,-1,-1,-1,-2,-2,false,0,0,0,NA,-1,-1,-1,-1,-1,-2,-2
2,"Environment: 2, FiringMode: 2",11.24104,false,0,0,0,NA,false,0,0,0,NA,-1,-1,-1,-1,-1,-2,-2,false,0,0,0,NA,-1,-1,-1,-1,-1,-2,-2
2,"Environment: 2, FiringMode: 2",11.24228,false,0,0,0,NA,false,0,0,0,NA,-1,-1,-1,-1,-1,-2,-2,false,0,0,0,NA,-1,-1,-1,-1,-1,-2,-2
2,"Environment: 2, FiringMode: 2",11.24353,false,0,0,0,NA,false,0,0,0,NA,-1,-1,-1,-1,-1,-2,-2,false,0,0,0,NA,-1,-1,-1,-1,-1,-2,-2
2,"Environment: 2, FiringMode: 2",11.24473,false,0,0,0,NA,false,0,0,0,NA,-1,-1,-1,-1,-1,-2,-2,false,0,0,0,NA,-1,-1,-1,-1,-1,-2,-2
2,"Environment: 2, FiringMode: 2",11.24599,false,0,0,0,NA,false,0,0,0,NA,-1,-1,-1,-1,-1,-2,-2,false,0,0,0,NA,-1,-1,-1,-1,-1,-2,-2
2,"Environment: 2, FiringMode: 2",11.24729,false,0,0,0,NA,false,0,0,0,NA,-1,-1,-1,-1,-1,-2,-2,false,0,0,0,NA,-1,-1,-1,-1,-1,-2,-2
2,"Environment: 2, FiringMode: 2",11.24852,false,0,0,0,NA,false,0,0,0,NA,-1,-1,-1,-1,-1,-2,-2,false,0,0,0,NA,-1,-1,-1,-1,-1,-2,-2
2,"Environment: 2, FiringMode: 2",11.24994,false,0,0,0,NA,false,0,0,0,NA,-1,-1,-1,-1,-1,-2,-2,false,0,0,0,NA,-1,-1,-1,-1,-1,-2,-2
2,"Environment: 2, FiringMode: 2",11.25135,false,0,0,0,NA,false,0,0,0,NA,-1,-1,-1,-1,-1,-2,-2,false,0,0,0,NA,-1,-1,-1,-1,-1,-2,-2
2,"Environment: 2, FiringMode: 2",11.25263,false,0,0,0,NA,false,0,0,0,NA,-1,-1,-1,-1,-1,-2,-2,false,0,0,0,NA,-1,-1,-1,-1,-1,-2,-2
2,"Environment: 2, FiringMode: 2",11.25391,false,0,0,0,NA,false,0,0,0,NA,-1,-1,-1,-1,-1,-2,-2,false,0,0,0,NA,-1,-1,-1,-1,-1,-2,-2
2,"Environment: 2, FiringMode: 2",11.25526,false,0,0,0,NA,false,0,0,0,NA,-1,-1,-1,-1,-1,-2,-2,false,0,0,0,NA,-1,-1,-1,-1,-1,-2,-2
2,"Environment: 2, FiringMode: 2",11.25663,false,0,0,0,NA,false,0,0,0,NA,-1,-1,-1,-1,-1,-2,-2,false,0,0,0,NA,-1,-1,-1,-1,-1,-2,-2
2,"Environment: 2, FiringMode: 2",11.25849,false,0,0,0,NA,false,0,0,0,NA,-1,-1,-1,-1,-1,-2,-2,false,0,0,0,NA,-1,-1,-1,-1,-1,-2,-2
2,"Environment: 2, FiringMode: 2",11.25994,false,0,0,0,NA,false,0,0,0,NA,-1,-1,-1,-1,-1,-2,-2,false,0,0,0,NA,-1,-1,-1,-1,-1,-2,-2
2,"Environment: 2, FiringMode: 2",11.2612,false,0,0,0,NA,false,0,0,0,NA,-1,-1,-1,-1,-1,-2,-2,false,0,0,0,NA,-1,-1,-1,-1,-1,-2,-2
2,"Environment: 2, FiringMode: 2",11.26247,false,0,0,0,NA,false,0,0,0,NA,-1,-1,-1,-1,-1,-2,-2,false,0,0,0,NA,-1,-1,-1,-1,-1,-2,-2
2,"Environment: 2, FiringMode: 2",11.26377,false,0,0,0,NA,false,0,0,0,NA,-1,-1,-1,-1,-1,-2,-2,false,0,0,0,NA,-1,-1,-1,-1,-1,-2,-2
2,"Environment: 2, FiringMode: 2",11.26521,false,0,0,0,NA,false,0,0,0,NA,-1,-1,-1,-1,-1,-2,-2,false,0,0,0,NA,-1,-1,-1,-1,-1,-2,-2
2,"Environment: 2, FiringMode: 2",11.26651,false,0,0,0,NA,false,0,0,0,NA,-1,-1,-1,-1,-1,-2,-2,false,0,0,0,NA,-1,-1,-1,-1,-1,-2,-2
2,"Environment: 2, FiringMode: 2",11.26776,false,0,0,0,NA,false,0,0,0,NA,-1,-1,-1,-1,-1,-2,-2,false,0,0,0,NA,-1,-1,-1,-1,-1,-2,-2
2,"Environment: 2, FiringMode: 2",11.269,false,0,0,0,NA,false,0,0,0,NA,-1,-1,-1,-1,-1,-2,-2,false,0,0,0,NA,-1,-1,-1,-1,-1,-2,-2
2,"Environment: 2, FiringMode: 2",11.27021,false,0,0,0,NA,false,0,0,0,NA,-1,-1,-1,-1,-1,-2,-2,false,0,0,0,NA,-1,-1,-1,-1,-1,-2,-2
2,"Environment: 2, FiringMode: 2",11.27143,false,0,0,0,NA,false,0,0,0,NA,-1,-1,-1,-1,-1,-2,-2,false,0,0,0,NA,-1,-1,-1,-1,-1,-2,-2
2,"Environment: 2, FiringMode: 2",11.27265,false,0,0,0,NA,false,0,0,0,NA,-1,-1,-1,-1,-1,-2,-2,false,0,0,0,NA,-1,-1,-1,-1,-1,-2,-2
2,"Environment: 2, FiringMode: 2",11.27384,false,0,0,0,NA,false,0,0,0,NA,-1,-1,-1,-1,-1,-2,-2,false,0,0,0,NA,-1,-1,-1,-1,-1,-2,-2
2,"Environment: 2, FiringMode: 2",11.27504,false,0,0,0,NA,false,0,0,0,NA,-1,-1,-1,-1,-1,-2,-2,false,0,0,0,NA,-1,-1,-1,-1,-1,-2,-2
2,"Environment: 2, FiringMode: 2",11.27626,false,0,0,0,NA,false,0,0,0,NA,-1,-1,-1,-1,-1,-2,-2,false,0,0,0,NA,-1,-1,-1,-1,-1,-2,-2
2,"Environment: 2, FiringMode: 2",11.27747,false,0,0,0,NA,false,0,0,0,NA,-1,-1,-1,-1,-1,-2,-2,false,0,0,0,NA,-1,-1,-1,-1,-1,-2,-2
2,"Environment: 2, FiringMode: 2",11.27878,false,0,0,0,NA,false,0,0,0,NA,-1,-1,-1,-1,-1,-2,-2,false,0,0,0,NA,-1,-1,-1,-1,-1,-2,-2
2,"Environment: 2, FiringMode: 2",11.2802,false,0,0,0,NA,false,0,0,0,NA,-1,-1,-1,-1,-1,-2,-2,false,0,0,0,NA,-1,-1,-1,-1,-1,-2,-2
2,"Environment: 2, FiringMode: 2",11.28157,false,0,0,0,NA,false,0,0,0,NA,-1,-1,-1,-1,-1,-2,-2,false,0,0,0,NA,-1,-1,-1,-1,-1,-2,-2
2,"Environment: 2, FiringMode: 2",11.28292,false,0,0,0,NA,false,0,0,0,NA,-1,-1,-1,-1,-1,-2,-2,false,0,0,0,NA,-1,-1,-1,-1,-1,-2,-2
2,"Environment: 2, FiringMode: 2",11.28425,false,0,0,0,NA,false,0,0,0,NA,-1,-1,-1,-1,-1,-2,-2,false,0,0,0,NA,-1,-1,-1,-1,-1,-2,-2
2,"Environment: 2, FiringMode: 2",11.28552,false,0,0,0,NA,false,0,0,0,NA,-1,-1,-1,-1,-1,-2,-2,false,0,0,0,NA,-1,-1,-1,-1,-1,-2,-2
2,"Environment: 2, FiringMode: 2",11.2868,false,0,0,0,NA,false,0,0,0,NA,-1,-1,-1,-1,-1,-2,-2,false,0,0,0,NA,-1,-1,-1,-1,-1,-2,-2
2,"Environment: 2, FiringMode: 2",11.28804,false,0,0,0,NA,false,0,0,0,NA,-1,-1,-1,-1,-1,-2,-2,false,0,0,0,NA,-1,-1,-1,-1,-1,-2,-2
2,"Environment: 2, FiringMode: 2",11.28928,false,0,0,0,NA,false,0,0,0,NA,-1,-1,-1,-1,-1,-2,-2,false,0,0,0,NA,-1,-1,-1,-1,-1,-2,-2
2,"Environment: 2, FiringMode: 2",11.2906,false,0,0,0,NA,false,0,0,0,NA,-1,-1,-1,-1,-1,-2,-2,false,0,0,0,NA,-1,-1,-1,-1,-1,-2,-2
2,"Environment: 2, FiringMode: 2",11.29195,false,0,0,0,NA,false,0,0,0,NA,-1,-1,-1,-1,-1,-2,-2,false,0,0,0,NA,-1,-1,-1,-1,-1,-2,-2
2,"Environment: 2, FiringMode: 2",11.29327,false,0,0,0,NA,false,0,0,0,NA,-1,-1,-1,-1,-1,-2,-2,false,0,0,0,NA,-1,-1,-1,-1,-1,-2,-2
2,"Environment: 2, FiringMode: 2",11.29447,false,0,0,0,NA,false,0,0,0,NA,-1,-1,-1,-1,-1,-2,-2,false,0,0,0,NA,-1,-1,-1,-1,-1,-2,-2
2,"Environment: 2, FiringMode: 2",11.29581,false,0,0,0,NA,false,0,0,0,NA,-1,-1,-1,-1,-1,-2,-2,false,0,0,0,NA,-1,-1,-1,-1,-1,-2,-2
2,"Environment: 2, FiringMode: 2",11.29716,false,0,0,0,NA,false,0,0,0,NA,-1,-1,-1,-1,-1,-2,-2,false,0,0,0,NA,-1,-1,-1,-1,-1,-2,-2
2,"Environment: 2, FiringMode: 2",11.29852,false,0,0,0,NA,false,0,0,0,NA,-1,-1,-1,-1,-1,-2,-2,false,0,0,0,NA,-1,-1,-1,-1,-1,-2,-2
2,"Environment: 2, FiringMode: 2",11.29997,false,0,0,0,NA,false,0,0,0,NA,-1,-1,-1,-1,-1,-2,-2,false,0,0,0,NA,-1,-1,-1,-1,-1,-2,-2
2,"Environment: 2, FiringMode: 2",11.30119,false,0,0,0,NA,false,0,0,0,NA,-1,-1,-1,-1,-1,-2,-2,false,0,0,0,NA,-1,-1,-1,-1,-1,-2,-2
2,"Environment: 2, FiringMode: 2",11.3024,false,0,0,0,NA,false,0,0,0,NA,-1,-1,-1,-1,-1,-2,-2,false,0,0,0,NA,-1,-1,-1,-1,-1,-2,-2
2,"Environment: 2, FiringMode: 2",11.30365,false,0,0,0,NA,false,0,0,0,NA,-1,-1,-1,-1,-1,-2,-2,false,0,0,0,NA,-1,-1,-1,-1,-1,-2,-2
2,"Environment: 2, FiringMode: 2",11.30493,false,0,0,0,NA,false,0,0,0,NA,-1,-1,-1,-1,-1,-2,-2,false,0,0,0,NA,-1,-1,-1,-1,-1,-2,-2
2,"Environment: 2, FiringMode: 2",11.30626,false,0,0,0,NA,false,0,0,0,NA,-1,-1,-1,-1,-1,-2,-2,false,0,0,0,NA,-1,-1,-1,-1,-1,-2,-2
2,"Environment: 2, FiringMode: 2",11.30749,false,0,0,0,NA,false,0,0,0,NA,-1,-1,-1,-1,-1,-2,-2,false,0,0,0,NA,-1,-1,-1,-1,-1,-2,-2
2,"Environment: 2, FiringMode: 2",11.30873,false,0,0,0,NA,false,0,0,0,NA,-1,-1,-1,-1,-1,-2,-2,false,0,0,0,NA,-1,-1,-1,-1,-1,-2,-2
2,"Environment: 2, FiringMode: 2",11.31012,false,0,0,0,NA,false,0,0,0,NA,-1,-1,-1,-1,-1,-2,-2,false,0,0,0,NA,-1,-1,-1,-1,-1,-2,-2
2,"Environment: 2, FiringMode: 2",11.31149,false,0,0,0,NA,false,0,0,0,NA,-1,-1,-1,-1,-1,-2,-2,false,0,0,0,NA,-1,-1,-1,-1,-1,-2,-2
2,"Environment: 2, FiringMode: 2",11.31277,false,0,0,0,NA,false,0,0,0,NA,-1,-1,-1,-1,-1,-2,-2,false,0,0,0,NA,-1,-1,-1,-1,-1,-2,-2
2,"Environment: 2, FiringMode: 2",11.31405,false,0,0,0,NA,false,0,0,0,NA,-1,-1,-1,-1,-1,-2,-2,false,0,0,0,NA,-1,-1,-1,-1,-1,-2,-2
2,"Environment: 2, FiringMode: 2",11.31528,false,0,0,0,NA,false,0,0,0,NA,-1,-1,-1,-1,-1,-2,-2,false,0,0,0,NA,-1,-1,-1,-1,-1,-2,-2
2,"Environment: 2, FiringMode: 2",11.31653,false,0,0,0,NA,false,0,0,0,NA,-1,-1,-1,-1,-1,-2,-2,false,0,0,0,NA,-1,-1,-1,-1,-1,-2,-2
2,"Environment: 2, FiringMode: 2",11.31776,false,0,0,0,NA,false,0,0,0,NA,-1,-1,-1,-1,-1,-2,-2,false,0,0,0,NA,-1,-1,-1,-1,-1,-2,-2
2,"Environment: 2, FiringMode: 2",11.31913,false,0,0,0,NA,false,0,0,0,NA,-1,-1,-1,-1,-1,-2,-2,false,0,0,0,NA,-1,-1,-1,-1,-1,-2,-2
2,"Environment: 2, FiringMode: 2",11.32051,false,0,0,0,NA,false,0,0,0,NA,-1,-1,-1,-1,-1,-2,-2,false,0,0,0,NA,-1,-1,-1,-1,-1,-2,-2
2,"Environment: 2, FiringMode: 2",11.32181,false,0,0,0,NA,false,0,0,0,NA,-1,-1,-1,-1,-1,-2,-2,false,0,0,0,NA,-1,-1,-1,-1,-1,-2,-2
2,"Environment: 2, FiringMode: 2",11.32309,false,0,0,0,NA,false,0,0,0,NA,-1,-1,-1,-1,-1,-2,-2,false,0,0,0,NA,-1,-1,-1,-1,-1,-2,-2
2,"Environment: 2, FiringMode: 2",11.32438,false,0,0,0,NA,false,0,0,0,NA,-1,-1,-1,-1,-1,-2,-2,false,0,0,0,NA,-1,-1,-1,-1,-1,-2,-2
2,"Environment: 2, FiringMode: 2",11.32564,false,0,0,0,NA,false,0,0,0,NA,-1,-1,-1,-1,-1,-2,-2,false,0,0,0,NA,-1,-1,-1,-1,-1,-2,-2
2,"Environment: 2, FiringMode: 2",11.32689,false,0,0,0,NA,false,0,0,0,NA,-1,-1,-1,-1,-1,-2,-2,false,0,0,0,NA,-1,-1,-1,-1,-1,-2,-2
2,"Environment: 2, FiringMode: 2",11.32813,false,0,0,0,NA,false,0,0,0,NA,-1,-1,-1,-1,-1,-2,-2,false,0,0,0,NA,-1,-1,-1,-1,-1,-2,-2
2,"Environment: 2, FiringMode: 2",11.32944,false,0,0,0,NA,false,0,0,0,NA,-1,-1,-1,-1,-1,-2,-2,false,0,0,0,NA,-1,-1,-1,-1,-1,-2,-2
2,"Environment: 2, FiringMode: 2",11.33066,false,0,0,0,NA,false,0,0,0,NA,-1,-1,-1,-1,-1,-2,-2,false,0,0,0,NA,-1,-1,-1,-1,-1,-2,-2
2,"Environment: 2, FiringMode: 2",11.33186,false,0,0,0,NA,false,0,0,0,NA,-1,-1,-1,-1,-1,-2,-2,false,0,0,0,NA,-1,-1,-1,-1,-1,-2,-2
2,"Environment: 2, FiringMode: 2",11.33335,false,0,0,0,NA,false,0,0,0,NA,-1,-1,-1,-1,-1,-2,-2,false,0,0,0,NA,-1,-1,-1,-1,-1,-2,-2
2,"Environment: 2, FiringMode: 2",11.33564,false,0,0,0,NA,false,0,0,0,NA,-1,-1,-1,-1,-1,-2,-2,false,0,0,0,NA,-1,-1,-1,-1,-1,-2,-2
2,"Environment: 2, FiringMode: 2",11.33711,false,0,0,0,NA,false,0,0,0,NA,-1,-1,-1,-1,-1,-2,-2,false,0,0,0,NA,-1,-1,-1,-1,-1,-2,-2
2,"Environment: 2, FiringMode: 2",11.33834,false,0,0,0,NA,false,0,0,0,NA,-1,-1,-1,-1,-1,-2,-2,false,0,0,0,NA,-1,-1,-1,-1,-1,-2,-2
2,"Environment: 2, FiringMode: 2",11.33972,false,0,0,0,NA,false,0,0,0,NA,-1,-1,-1,-1,-1,-2,-2,false,0,0,0,NA,-1,-1,-1,-1,-1,-2,-2
2,"Environment: 2, FiringMode: 2",11.34096,false,0,0,0,NA,false,0,0,0,NA,-1,-1,-1,-1,-1,-2,-2,false,0,0,0,NA,-1,-1,-1,-1,-1,-2,-2
2,"Environment: 2, FiringMode: 2",11.34216,false,0,0,0,NA,false,0,0,0,NA,-1,-1,-1,-1,-1,-2,-2,false,0,0,0,NA,-1,-1,-1,-1,-1,-2,-2
2,"Environment: 2, FiringMode: 2",11.34333,false,0,0,0,NA,false,0,0,0,NA,-1,-1,-1,-1,-1,-2,-2,false,0,0,0,NA,-1,-1,-1,-1,-1,-2,-2
2,"Environment: 2, FiringMode: 2",11.34453,false,0,0,0,NA,false,0,0,0,NA,-1,-1,-1,-1,-1,-2,-2,false,0,0,0,NA,-1,-1,-1,-1,-1,-2,-2
2,"Environment: 2, FiringMode: 2",11.34577,false,0,0,0,NA,false,0,0,0,NA,-1,-1,-1,-1,-1,-2,-2,false,0,0,0,NA,-1,-1,-1,-1,-1,-2,-2
2,"Environment: 2, FiringMode: 2",11.34721,false,0,0,0,NA,false,0,0,0,NA,-1,-1,-1,-1,-1,-2,-2,false,0,0,0,NA,-1,-1,-1,-1,-1,-2,-2
2,"Environment: 2, FiringMode: 2",11.34863,false,0,0,0,NA,false,0,0,0,NA,-1,-1,-1,-1,-1,-2,-2,false,0,0,0,NA,-1,-1,-1,-1,-1,-2,-2
2,"Environment: 2, FiringMode: 2",11.34992,false,0,0,0,NA,false,0,0,0,NA,-1,-1,-1,-1,-1,-2,-2,false,0,0,0,NA,-1,-1,-1,-1,-1,-2,-2
2,"Environment: 2, FiringMode: 2",11.35131,false,0,0,0,NA,false,0,0,0,NA,-1,-1,-1,-1,-1,-2,-2,false,0,0,0,NA,-1,-1,-1,-1,-1,-2,-2
2,"Environment: 2, FiringMode: 2",11.35329,false,0,0,0,NA,false,0,0,0,NA,-1,-1,-1,-1,-1,-2,-2,false,0,0,0,NA,-1,-1,-1,-1,-1,-2,-2
2,"Environment: 2, FiringMode: 2",11.35469,false,0,0,0,NA,false,0,0,0,NA,-1,-1,-1,-1,-1,-2,-2,false,0,0,0,NA,-1,-1,-1,-1,-1,-2,-2
2,"Environment: 2, FiringMode: 2",11.35603,false,0,0,0,NA,false,0,0,0,NA,-1,-1,-1,-1,-1,-2,-2,false,0,0,0,NA,-1,-1,-1,-1,-1,-2,-2
2,"Environment: 2, FiringMode: 2",11.35727,false,0,0,0,NA,false,0,0,0,NA,-1,-1,-1,-1,-1,-2,-2,false,0,0,0,NA,-1,-1,-1,-1,-1,-2,-2
2,"Environment: 2, FiringMode: 2",11.35853,false,0,0,0,NA,false,0,0,0,NA,-1,-1,-1,-1,-1,-2,-2,false,0,0,0,NA,-1,-1,-1,-1,-1,-2,-2
2,"Environment: 2, FiringMode: 2",11.35992,false,0,0,0,NA,false,0,0,0,NA,-1,-1,-1,-1,-1,-2,-2,false,0,0,0,NA,-1,-1,-1,-1,-1,-2,-2
2,"Environment: 2, FiringMode: 2",11.36135,false,0,0,0,NA,false,0,0,0,NA,-1,-1,-1,-1,-1,-2,-2,false,0,0,0,NA,-1,-1,-1,-1,-1,-2,-2
2,"Environment: 2, FiringMode: 2",11.36264,false,0,0,0,NA,false,0,0,0,NA,-1,-1,-1,-1,-1,-2,-2,false,0,0,0,NA,-1,-1,-1,-1,-1,-2,-2
2,"Environment: 2, FiringMode: 2",11.36385,false,0,0,0,NA,false,0,0,0,NA,-1,-1,-1,-1,-1,-2,-2,false,0,0,0,NA,-1,-1,-1,-1,-1,-2,-2
2,"Environment: 2, FiringMode: 2",11.36524,false,0,0,0,NA,false,0,0,0,NA,-1,-1,-1,-1,-1,-2,-2,false,0,0,0,NA,-1,-1,-1,-1,-1,-2,-2
2,"Environment: 2, FiringMode: 2",11.3728,false,0,0,0,NA,false,0,0,0,NA,-1,-1,-1,-1,-1,-2,-2,false,0,0,0,NA,-1,-1,-1,-1,-1,-2,-2
2,"Environment: 2, FiringMode: 2",11.3773,false,0,0,0,NA,false,0,0,0,NA,-1,-1,-1,-1,-1,-2,-2,false,0,0,0,NA,-1,-1,-1,-1,-1,-2,-2
2,"Environment: 2, FiringMode: 2",11.3821,false,0,0,0,NA,false,0,0,0,NA,-1,-1,-1,-1,-1,-2,-2,false,0,0,0,NA,-1,-1,-1,-1,-1,-2,-2
2,"Environment: 2, FiringMode: 2",11.38679,false,0,0,0,NA,false,0,0,0,NA,-1,-1,-1,-1,-1,-2,-2,false,0,0,0,NA,-1,-1,-1,-1,-1,-2,-2
2,"Environment: 2, FiringMode: 2",11.39142,false,0,0,0,NA,false,0,0,0,NA,-1,-1,-1,-1,-1,-2,-2,false,0,0,0,NA,-1,-1,-1,-1,-1,-2,-2
2,"Environment: 2, FiringMode: 2",11.39684,false,0,0,0,NA,false,0,0,0,NA,-1,-1,-1,-1,-1,-2,-2,false,0,0,0,NA,-1,-1,-1,-1,-1,-2,-2
2,"Environment: 2, FiringMode: 2",11.40181,false,0,0,0,NA,false,0,0,0,NA,-1,-1,-1,-1,-1,-2,-2,false,0,0,0,NA,-1,-1,-1,-1,-1,-2,-2
2,"Environment: 2, FiringMode: 2",11.40691,false,0,0,0,NA,false,0,0,0,NA,-1,-1,-1,-1,-1,-2,-2,false,0,0,0,NA,-1,-1,-1,-1,-1,-2,-2
2,"Environment: 2, FiringMode: 2",11.41158,false,0,0,0,NA,false,0,0,0,NA,-1,-1,-1,-1,-1,-2,-2,false,0,0,0,NA,-1,-1,-1,-1,-1,-2,-2
2,"Environment: 2, FiringMode: 2",11.41632,false,0,0,0,NA,false,0,0,0,NA,-1,-1,-1,-1,-1,-2,-2,false,0,0,0,NA,-1,-1,-1,-1,-1,-2,-2
2,"Environment: 2, FiringMode: 2",11.42117,false,0,0,0,NA,false,0,0,0,NA,-1,-1,-1,-1,-1,-2,-2,false,0,0,0,NA,-1,-1,-1,-1,-1,-2,-2
2,"Environment: 2, FiringMode: 2",11.42592,false,0,0,0,NA,false,0,0,0,NA,-1,-1,-1,-1,-1,-2,-2,false,0,0,0,NA,-1,-1,-1,-1,-1,-2,-2
2,"Environment: 2, FiringMode: 2",11.43069,false,0,0,0,NA,false,0,0,0,NA,-1,-1,-1,-1,-1,-2,-2,false,0,0,0,NA,-1,-1,-1,-1,-1,-2,-2
2,"Environment: 2, FiringMode: 2",11.43545,false,0,0,0,NA,false,0,0,0,NA,-1,-1,-1,-1,-1,-2,-2,false,0,0,0,NA,-1,-1,-1,-1,-1,-2,-2
2,"Environment: 2, FiringMode: 2",11.44023,false,0,0,0,NA,false,0,0,0,NA,-1,-1,-1,-1,-1,-2,-2,false,0,0,0,NA,-1,-1,-1,-1,-1,-2,-2
2,"Environment: 2, FiringMode: 2",11.44493,false,0,0,0,NA,false,0,0,0,NA,-1,-1,-1,-1,-1,-2,-2,false,0,0,0,NA,-1,-1,-1,-1,-1,-2,-2
2,"Environment: 2, FiringMode: 2",11.4497,false,0,0,0,NA,false,0,0,0,NA,-1,-1,-1,-1,-1,-2,-2,false,0,0,0,NA,-1,-1,-1,-1,-1,-2,-2
2,"Environment: 2, FiringMode: 2",11.47168,false,0,0,0,NA,false,0,0,0,NA,-1,-1,-1,-1,-1,-2,-2,false,0,0,0,NA,-1,-1,-1,-1,-1,-2,-2
2,"Environment: 2, FiringMode: 2",11.4745,false,0,0,0,NA,false,0,0,0,NA,-1,-1,-1,-1,-1,-2,-2,false,0,0,0,NA,-1,-1,-1,-1,-1,-2,-2
2,"Environment: 2, FiringMode: 2",11.48001,false,0,0,0,NA,false,0,0,0,NA,-1,-1,-1,-1,-1,-2,-2,false,0,0,0,NA,-1,-1,-1,-1,-1,-2,-2
2,"Environment: 2, FiringMode: 2",11.48267,false,0,0,0,NA,false,0,0,0,NA,-1,-1,-1,-1,-1,-2,-2,false,0,0,0,NA,-1,-1,-1,-1,-1,-2,-2
2,"Environment: 2, FiringMode: 2",11.48675,false,0,0,0,NA,false,0,0,0,NA,-1,-1,-1,-1,-1,-2,-2,false,0,0,0,NA,-1,-1,-1,-1,-1,-2,-2
2,"Environment: 2, FiringMode: 2",11.49066,false,0,0,0,NA,false,0,0,0,NA,-1,-1,-1,-1,-1,-2,-2,false,0,0,0,NA,-1,-1,-1,-1,-1,-2,-2
2,"Environment: 2, FiringMode: 2",11.49196,false,0,0,0,NA,false,0,0,0,NA,-1,-1,-1,-1,-1,-2,-2,false,0,0,0,NA,-1,-1,-1,-1,-1,-2,-2
2,"Environment: 2, FiringMode: 2",11.49452,false,0,0,0,NA,false,0,0,0,NA,-1,-1,-1,-1,-1,-2,-2,false,0,0,0,NA,-1,-1,-1,-1,-1,-2,-2
2,"Environment: 2, FiringMode: 2",11.49578,false,0,0,0,NA,false,0,0,0,NA,-1,-1,-1,-1,-1,-2,-2,false,0,0,0,NA,-1,-1,-1,-1,-1,-2,-2
2,"Environment: 2, FiringMode: 2",11.49982,false,0,0,0,NA,false,0,0,0,NA,-1,-1,-1,-1,-1,-2,-2,false,0,0,0,NA,-1,-1,-1,-1,-1,-2,-2
2,"Environment: 2, FiringMode: 2",11.5038,false,0,0,0,NA,false,0,0,0,NA,-1,-1,-1,-1,-1,-2,-2,false,0,0,0,NA,-1,-1,-1,-1,-1,-2,-2
2,"Environment: 2, FiringMode: 2",11.50508,false,0,0,0,NA,false,0,0,0,NA,-1,-1,-1,-1,-1,-2,-2,false,0,0,0,NA,-1,-1,-1,-1,-1,-2,-2
2,"Environment: 2, FiringMode: 2",11.5063,false,0,0,0,NA,false,0,0,0,NA,-1,-1,-1,-1,-1,-2,-2,false,0,0,0,NA,-1,-1,-1,-1,-1,-2,-2
2,"Environment: 2, FiringMode: 2",11.50751,false,0,0,0,NA,false,0,0,0,NA,-1,-1,-1,-1,-1,-2,-2,false,0,0,0,NA,-1,-1,-1,-1,-1,-2,-2
2,"Environment: 2, FiringMode: 2",11.50869,false,0,0,0,NA,false,0,0,0,NA,-1,-1,-1,-1,-1,-2,-2,false,0,0,0,NA,-1,-1,-1,-1,-1,-2,-2
2,"Environment: 2, FiringMode: 2",11.50992,false,0,0,0,NA,false,0,0,0,NA,-1,-1,-1,-1,-1,-2,-2,false,0,0,0,NA,-1,-1,-1,-1,-1,-2,-2
2,"Environment: 2, FiringMode: 2",11.51111,false,0,0,0,NA,false,0,0,0,NA,-1,-1,-1,-1,-1,-2,-2,false,0,0,0,NA,-1,-1,-1,-1,-1,-2,-2
2,"Environment: 2, FiringMode: 2",11.51229,false,0,0,0,NA,false,0,0,0,NA,-1,-1,-1,-1,-1,-2,-2,false,0,0,0,NA,-1,-1,-1,-1,-1,-2,-2
2,"Environment: 2, FiringMode: 2",11.5135,false,0,0,0,NA,false,0,0,0,NA,-1,-1,-1,-1,-1,-2,-2,false,0,0,0,NA,-1,-1,-1,-1,-1,-2,-2
2,"Environment: 2, FiringMode: 2",11.51473,false,0,0,0,NA,false,0,0,0,NA,-1,-1,-1,-1,-1,-2,-2,false,0,0,0,NA,-1,-1,-1,-1,-1,-2,-2
2,"Environment: 2, FiringMode: 2",11.51596,false,0,0,0,NA,false,0,0,0,NA,-1,-1,-1,-1,-1,-2,-2,false,0,0,0,NA,-1,-1,-1,-1,-1,-2,-2
2,"Environment: 2, FiringMode: 2",11.51717,false,0,0,0,NA,false,0,0,0,NA,-1,-1,-1,-1,-1,-2,-2,false,0,0,0,NA,-1,-1,-1,-1,-1,-2,-2
2,"Environment: 2, FiringMode: 2",11.51836,false,0,0,0,NA,false,0,0,0,NA,-1,-1,-1,-1,-1,-2,-2,false,0,0,0,NA,-1,-1,-1,-1,-1,-2,-2
2,"Environment: 2, FiringMode: 2",11.51984,false,0,0,0,NA,false,0,0,0,NA,-1,-1,-1,-1,-1,-2,-2,false,0,0,0,NA,-1,-1,-1,-1,-1,-2,-2
2,"Environment: 2, FiringMode: 2",11.52115,false,0,0,0,NA,false,0,0,0,NA,-1,-1,-1,-1,-1,-2,-2,false,0,0,0,NA,-1,-1,-1,-1,-1,-2,-2
2,"Environment: 2, FiringMode: 2",11.52239,false,0,0,0,NA,false,0,0,0,NA,-1,-1,-1,-1,-1,-2,-2,false,0,0,0,NA,-1,-1,-1,-1,-1,-2,-2
2,"Environment: 2, FiringMode: 2",11.5236,false,0,0,0,NA,false,0,0,0,NA,-1,-1,-1,-1,-1,-2,-2,false,0,0,0,NA,-1,-1,-1,-1,-1,-2,-2
2,"Environment: 2, FiringMode: 2",11.52479,false,0,0,0,NA,false,0,0,0,NA,-1,-1,-1,-1,-1,-2,-2,false,0,0,0,NA,-1,-1,-1,-1,-1,-2,-2
2,"Environment: 2, FiringMode: 2",11.52617,false,0,0,0,NA,false,0,0,0,NA,-1,-1,-1,-1,-1,-2,-2,false,0,0,0,NA,-1,-1,-1,-1,-1,-2,-2
2,"Environment: 2, FiringMode: 2",11.52757,false,0,0,0,NA,false,0,0,0,NA,-1,-1,-1,-1,-1,-2,-2,false,0,0,0,NA,-1,-1,-1,-1,-1,-2,-2
2,"Environment: 2, FiringMode: 2",11.52892,false,0,0,0,NA,false,0,0,0,NA,-1,-1,-1,-1,-1,-2,-2,false,0,0,0,NA,-1,-1,-1,-1,-1,-2,-2
2,"Environment: 2, FiringMode: 2",11.53019,false,0,0,0,NA,false,0,0,0,NA,-1,-1,-1,-1,-1,-2,-2,false,0,0,0,NA,-1,-1,-1,-1,-1,-2,-2
2,"Environment: 2, FiringMode: 2",11.53149,false,0,0,0,NA,false,0,0,0,NA,-1,-1,-1,-1,-1,-2,-2,false,0,0,0,NA,-1,-1,-1,-1,-1,-2,-2
2,"Environment: 2, FiringMode: 2",11.53276,false,0,0,0,NA,false,0,0,0,NA,-1,-1,-1,-1,-1,-2,-2,false,0,0,0,NA,-1,-1,-1,-1,-1,-2,-2
2,"Environment: 2, FiringMode: 2",11.53416,false,0,0,0,NA,false,0,0,0,NA,-1,-1,-1,-1,-1,-2,-2,false,0,0,0,NA,-1,-1,-1,-1,-1,-2,-2
2,"Environment: 2, FiringMode: 2",11.53553,false,0,0,0,NA,false,0,0,0,NA,-1,-1,-1,-1,-1,-2,-2,false,0,0,0,NA,-1,-1,-1,-1,-1,-2,-2
2,"Environment: 2, FiringMode: 2",11.53678,false,0,0,0,NA,false,0,0,0,NA,-1,-1,-1,-1,-1,-2,-2,false,0,0,0,NA,-1,-1,-1,-1,-1,-2,-2
2,"Environment: 2, FiringMode: 2",11.53806,false,0,0,0,NA,false,0,0,0,NA,-1,-1,-1,-1,-1,-2,-2,false,0,0,0,NA,-1,-1,-1,-1,-1,-2,-2
2,"Environment: 2, FiringMode: 2",11.53949,false,0,0,0,NA,false,0,0,0,NA,-1,-1,-1,-1,-1,-2,-2,false,0,0,0,NA,-1,-1,-1,-1,-1,-2,-2
2,"Environment: 2, FiringMode: 2",11.54082,false,0,0,0,NA,false,0,0,0,NA,-1,-1,-1,-1,-1,-2,-2,false,0,0,0,NA,-1,-1,-1,-1,-1,-2,-2
2,"Environment: 2, FiringMode: 2",11.54219,false,0,0,0,NA,false,0,0,0,NA,-1,-1,-1,-1,-1,-2,-2,false,0,0,0,NA,-1,-1,-1,-1,-1,-2,-2
2,"Environment: 2, FiringMode: 2",11.5435,false,0,0,0,NA,false,0,0,0,NA,-1,-1,-1,-1,-1,-2,-2,false,0,0,0,NA,-1,-1,-1,-1,-1,-2,-2
2,"Environment: 2, FiringMode: 2",11.54485,false,0,0,0,NA,false,0,0,0,NA,-1,-1,-1,-1,-1,-2,-2,false,0,0,0,NA,-1,-1,-1,-1,-1,-2,-2
2,"Environment: 2, FiringMode: 2",11.54621,false,0,0,0,NA,false,0,0,0,NA,-1,-1,-1,-1,-1,-2,-2,false,0,0,0,NA,-1,-1,-1,-1,-1,-2,-2
2,"Environment: 2, FiringMode: 2",11.54762,false,0,0,0,NA,false,0,0,0,NA,-1,-1,-1,-1,-1,-2,-2,false,0,0,0,NA,-1,-1,-1,-1,-1,-2,-2
2,"Environment: 2, FiringMode: 2",11.54887,false,0,0,0,NA,false,0,0,0,NA,-1,-1,-1,-1,-1,-2,-2,false,0,0,0,NA,-1,-1,-1,-1,-1,-2,-2
2,"Environment: 2, FiringMode: 2",11.55011,false,0,0,0,NA,false,0,0,0,NA,-1,-1,-1,-1,-1,-2,-2,false,0,0,0,NA,-1,-1,-1,-1,-1,-2,-2
2,"Environment: 2, FiringMode: 2",11.55142,false,0,0,0,NA,false,0,0,0,NA,-1,-1,-1,-1,-1,-2,-2,false,0,0,0,NA,-1,-1,-1,-1,-1,-2,-2
2,"Environment: 2, FiringMode: 2",11.55273,false,0,0,0,NA,false,0,0,0,NA,-1,-1,-1,-1,-1,-2,-2,false,0,0,0,NA,-1,-1,-1,-1,-1,-2,-2
2,"Environment: 2, FiringMode: 2",11.55395,false,0,0,0,NA,false,0,0,0,NA,-1,-1,-1,-1,-1,-2,-2,false,0,0,0,NA,-1,-1,-1,-1,-1,-2,-2
2,"Environment: 2, FiringMode: 2",11.55528,false,0,0,0,NA,false,0,0,0,NA,-1,-1,-1,-1,-1,-2,-2,false,0,0,0,NA,-1,-1,-1,-1,-1,-2,-2
2,"Environment: 2, FiringMode: 2",11.55661,false,0,0,0,NA,false,0,0,0,NA,-1,-1,-1,-1,-1,-2,-2,false,0,0,0,NA,-1,-1,-1,-1,-1,-2,-2
2,"Environment: 2, FiringMode: 2",11.55792,false,0,0,0,NA,false,0,0,0,NA,-1,-1,-1,-1,-1,-2,-2,false,0,0,0,NA,-1,-1,-1,-1,-1,-2,-2
2,"Environment: 2, FiringMode: 2",11.55929,false,0,0,0,NA,false,0,0,0,NA,-1,-1,-1,-1,-1,-2,-2,false,0,0,0,NA,-1,-1,-1,-1,-1,-2,-2
2,"Environment: 2, FiringMode: 2",11.56066,false,0,0,0,NA,false,0,0,0,NA,-1,-1,-1,-1,-1,-2,-2,false,0,0,0,NA,-1,-1,-1,-1,-1,-2,-2
2,"Environment: 2, FiringMode: 2",11.56192,false,0,0,0,NA,false,0,0,0,NA,-1,-1,-1,-1,-1,-2,-2,false,0,0,0,NA,-1,-1,-1,-1,-1,-2,-2
2,"Environment: 2, FiringMode: 2",11.5632,false,0,0,0,NA,false,0,0,0,NA,-1,-1,-1,-1,-1,-2,-2,false,0,0,0,NA,-1,-1,-1,-1,-1,-2,-2
2,"Environment: 2, FiringMode: 2",11.5646,false,0,0,0,NA,false,0,0,0,NA,-1,-1,-1,-1,-1,-2,-2,false,0,0,0,NA,-1,-1,-1,-1,-1,-2,-2
2,"Environment: 2, FiringMode: 2",11.5659,false,0,0,0,NA,false,0,0,0,NA,-1,-1,-1,-1,-1,-2,-2,false,0,0,0,NA,-1,-1,-1,-1,-1,-2,-2
2,"Environment: 2, FiringMode: 2",11.56712,false,0,0,0,NA,false,0,0,0,NA,-1,-1,-1,-1,-1,-2,-2,false,0,0,0,NA,-1,-1,-1,-1,-1,-2,-2
2,"Environment: 2, FiringMode: 2",11.5683,false,0,0,0,NA,false,0,0,0,NA,-1,-1,-1,-1,-1,-2,-2,false,0,0,0,NA,-1,-1,-1,-1,-1,-2,-2
2,"Environment: 2, FiringMode: 2",11.56968,false,0,0,0,NA,false,0,0,0,NA,-1,-1,-1,-1,-1,-2,-2,false,0,0,0,NA,-1,-1,-1,-1,-1,-2,-2
2,"Environment: 2, FiringMode: 2",11.57102,false,0,0,0,NA,false,0,0,0,NA,-1,-1,-1,-1,-1,-2,-2,false,0,0,0,NA,-1,-1,-1,-1,-1,-2,-2
2,"Environment: 2, FiringMode: 2",11.57231,false,0,0,0,NA,false,0,0,0,NA,-1,-1,-1,-1,-1,-2,-2,false,0,0,0,NA,-1,-1,-1,-1,-1,-2,-2
2,"Environment: 2, FiringMode: 2",11.57359,false,0,0,0,NA,false,0,0,0,NA,-1,-1,-1,-1,-1,-2,-2,false,0,0,0,NA,-1,-1,-1,-1,-1,-2,-2
2,"Environment: 2, FiringMode: 2",11.57494,false,0,0,0,NA,false,0,0,0,NA,-1,-1,-1,-1,-1,-2,-2,false,0,0,0,NA,-1,-1,-1,-1,-1,-2,-2
2,"Environment: 2, FiringMode: 2",11.57627,false,0,0,0,NA,false,0,0,0,NA,-1,-1,-1,-1,-1,-2,-2,false,0,0,0,NA,-1,-1,-1,-1,-1,-2,-2
2,"Environment: 2, FiringMode: 2",11.57755,false,0,0,0,NA,false,0,0,0,NA,-1,-1,-1,-1,-1,-2,-2,false,0,0,0,NA,-1,-1,-1,-1,-1,-2,-2
2,"Environment: 2, FiringMode: 2",11.57899,false,0,0,0,NA,false,0,0,0,NA,-1,-1,-1,-1,-1,-2,-2,false,0,0,0,NA,-1,-1,-1,-1,-1,-2,-2
2,"Environment: 2, FiringMode: 2",11.58024,false,0,0,0,NA,false,0,0,0,NA,-1,-1,-1,-1,-1,-2,-2,false,0,0,0,NA,-1,-1,-1,-1,-1,-2,-2
2,"Environment: 2, FiringMode: 2",11.58148,false,0,0,0,NA,false,0,0,0,NA,-1,-1,-1,-1,-1,-2,-2,false,0,0,0,NA,-1,-1,-1,-1,-1,-2,-2
2,"Environment: 2, FiringMode: 2",11.58288,false,0,0,0,NA,false,0,0,0,NA,-1,-1,-1,-1,-1,-2,-2,false,0,0,0,NA,-1,-1,-1,-1,-1,-2,-2
2,"Environment: 2, FiringMode: 2",11.58429,false,0,0,0,NA,false,0,0,0,NA,-1,-1,-1,-1,-1,-2,-2,false,0,0,0,NA,-1,-1,-1,-1,-1,-2,-2
2,"Environment: 2, FiringMode: 2",11.58554,false,0,0,0,NA,false,0,0,0,NA,-1,-1,-1,-1,-1,-2,-2,false,0,0,0,NA,-1,-1,-1,-1,-1,-2,-2
2,"Environment: 2, FiringMode: 2",11.58678,false,0,0,0,NA,false,0,0,0,NA,-1,-1,-1,-1,-1,-2,-2,false,0,0,0,NA,-1,-1,-1,-1,-1,-2,-2
2,"Environment: 2, FiringMode: 2",11.58802,false,0,0,0,NA,false,0,0,0,NA,-1,-1,-1,-1,-1,-2,-2,false,0,0,0,NA,-1,-1,-1,-1,-1,-2,-2
2,"Environment: 2, FiringMode: 2",11.58927,false,0,0,0,NA,false,0,0,0,NA,-1,-1,-1,-1,-1,-2,-2,false,0,0,0,NA,-1,-1,-1,-1,-1,-2,-2
2,"Environment: 2, FiringMode: 2",11.59047,false,0,0,0,NA,false,0,0,0,NA,-1,-1,-1,-1,-1,-2,-2,false,0,0,0,NA,-1,-1,-1,-1,-1,-2,-2
2,"Environment: 2, FiringMode: 2",11.59166,false,0,0,0,NA,false,0,0,0,NA,-1,-1,-1,-1,-1,-2,-2,false,0,0,0,NA,-1,-1,-1,-1,-1,-2,-2
2,"Environment: 2, FiringMode: 2",11.59288,false,0,0,0,NA,false,0,0,0,NA,-1,-1,-1,-1,-1,-2,-2,false,0,0,0,NA,-1,-1,-1,-1,-1,-2,-2
2,"Environment: 2, FiringMode: 2",11.59413,false,0,0,0,NA,false,0,0,0,NA,-1,-1,-1,-1,-1,-2,-2,false,0,0,0,NA,-1,-1,-1,-1,-1,-2,-2
2,"Environment: 2, FiringMode: 2",11.59539,false,0,0,0,NA,false,0,0,0,NA,-1,-1,-1,-1,-1,-2,-2,false,0,0,0,NA,-1,-1,-1,-1,-1,-2,-2
2,"Environment: 2, FiringMode: 2",11.59664,false,0,0,0,NA,false,0,0,0,NA,-1,-1,-1,-1,-1,-2,-2,false,0,0,0,NA,-1,-1,-1,-1,-1,-2,-2
2,"Environment: 2, FiringMode: 2",11.59795,false,0,0,0,NA,false,0,0,0,NA,-1,-1,-1,-1,-1,-2,-2,false,0,0,0,NA,-1,-1,-1,-1,-1,-2,-2
2,"Environment: 2, FiringMode: 2",11.59937,false,0,0,0,NA,false,0,0,0,NA,-1,-1,-1,-1,-1,-2,-2,false,0,0,0,NA,-1,-1,-1,-1,-1,-2,-2
2,"Environment: 2, FiringMode: 2",11.60059,false,0,0,0,NA,false,0,0,0,NA,-1,-1,-1,-1,-1,-2,-2,false,0,0,0,NA,-1,-1,-1,-1,-1,-2,-2
2,"Environment: 2, FiringMode: 2",11.60183,false,0,0,0,NA,false,0,0,0,NA,-1,-1,-1,-1,-1,-2,-2,false,0,0,0,NA,-1,-1,-1,-1,-1,-2,-2
2,"Environment: 2, FiringMode: 2",11.60302,false,0,0,0,NA,false,0,0,0,NA,-1,-1,-1,-1,-1,-2,-2,false,0,0,0,NA,-1,-1,-1,-1,-1,-2,-2
2,"Environment: 2, FiringMode: 2",11.60422,false,0,0,0,NA,false,0,0,0,NA,-1,-1,-1,-1,-1,-2,-2,false,0,0,0,NA,-1,-1,-1,-1,-1,-2,-2
2,"Environment: 2, FiringMode: 2",11.60545,false,0,0,0,NA,false,0,0,0,NA,-1,-1,-1,-1,-1,-2,-2,false,0,0,0,NA,-1,-1,-1,-1,-1,-2,-2
2,"Environment: 2, FiringMode: 2",11.60668,false,0,0,0,NA,false,0,0,0,NA,-1,-1,-1,-1,-1,-2,-2,false,0,0,0,NA,-1,-1,-1,-1,-1,-2,-2
2,"Environment: 2, FiringMode: 2",11.60788,false,0,0,0,NA,false,0,0,0,NA,-1,-1,-1,-1,-1,-2,-2,false,0,0,0,NA,-1,-1,-1,-1,-1,-2,-2
2,"Environment: 2, FiringMode: 2",11.60911,false,0,0,0,NA,false,0,0,0,NA,-1,-1,-1,-1,-1,-2,-2,false,0,0,0,NA,-1,-1,-1,-1,-1,-2,-2
2,"Environment: 2, FiringMode: 2",11.61068,false,0,0,0,NA,false,0,0,0,NA,-1,-1,-1,-1,-1,-2,-2,false,0,0,0,NA,-1,-1,-1,-1,-1,-2,-2
2,"Environment: 2, FiringMode: 2",11.61217,false,0,0,0,NA,false,0,0,0,NA,-1,-1,-1,-1,-1,-2,-2,false,0,0,0,NA,-1,-1,-1,-1,-1,-2,-2
2,"Environment: 2, FiringMode: 2",11.61364,false,0,0,0,NA,false,0,0,0,NA,-1,-1,-1,-1,-1,-2,-2,false,0,0,0,NA,-1,-1,-1,-1,-1,-2,-2
2,"Environment: 2, FiringMode: 2",11.61499,false,0,0,0,NA,false,0,0,0,NA,-1,-1,-1,-1,-1,-2,-2,false,0,0,0,NA,-1,-1,-1,-1,-1,-2,-2
2,"Environment: 2, FiringMode: 2",11.61635,false,0,0,0,NA,false,0,0,0,NA,-1,-1,-1,-1,-1,-2,-2,false,0,0,0,NA,-1,-1,-1,-1,-1,-2,-2
2,"Environment: 2, FiringMode: 2",11.61764,false,0,0,0,NA,false,0,0,0,NA,-1,-1,-1,-1,-1,-2,-2,false,0,0,0,NA,-1,-1,-1,-1,-1,-2,-2
2,"Environment: 2, FiringMode: 2",11.61906,false,0,0,0,NA,false,0,0,0,NA,-1,-1,-1,-1,-1,-2,-2,false,0,0,0,NA,-1,-1,-1,-1,-1,-2,-2
2,"Environment: 2, FiringMode: 2",11.62032,false,0,0,0,NA,false,0,0,0,NA,-1,-1,-1,-1,-1,-2,-2,false,0,0,0,NA,-1,-1,-1,-1,-1,-2,-2
2,"Environment: 2, FiringMode: 2",11.62207,false,0,0,0,NA,false,0,0,0,NA,-1,-1,-1,-1,-1,-2,-2,false,0,0,0,NA,-1,-1,-1,-1,-1,-2,-2
2,"Environment: 2, FiringMode: 2",11.62333,false,0,0,0,NA,false,0,0,0,NA,-1,-1,-1,-1,-1,-2,-2,false,0,0,0,NA,-1,-1,-1,-1,-1,-2,-2
2,"Environment: 2, FiringMode: 2",11.62488,false,0,0,0,NA,false,0,0,0,NA,-1,-1,-1,-1,-1,-2,-2,false,0,0,0,NA,-1,-1,-1,-1,-1,-2,-2
2,"Environment: 2, FiringMode: 2",11.62642,false,0,0,0,NA,false,0,0,0,NA,-1,-1,-1,-1,-1,-2,-2,false,0,0,0,NA,-1,-1,-1,-1,-1,-2,-2
2,"Environment: 2, FiringMode: 2",11.62775,false,0,0,0,NA,false,0,0,0,NA,-1,-1,-1,-1,-1,-2,-2,false,0,0,0,NA,-1,-1,-1,-1,-1,-2,-2
2,"Environment: 2, FiringMode: 2",11.62901,false,0,0,0,NA,false,0,0,0,NA,-1,-1,-1,-1,-1,-2,-2,false,0,0,0,NA,-1,-1,-1,-1,-1,-2,-2
2,"Environment: 2, FiringMode: 2",11.63034,false,0,0,0,NA,false,0,0,0,NA,-1,-1,-1,-1,-1,-2,-2,false,0,0,0,NA,-1,-1,-1,-1,-1,-2,-2
2,"Environment: 2, FiringMode: 2",11.6317,false,0,0,0,NA,false,0,0,0,NA,-1,-1,-1,-1,-1,-2,-2,false,0,0,0,NA,-1,-1,-1,-1,-1,-2,-2
2,"Environment: 2, FiringMode: 2",11.63295,false,0,0,0,NA,false,0,0,0,NA,-1,-1,-1,-1,-1,-2,-2,false,0,0,0,NA,-1,-1,-1,-1,-1,-2,-2
2,"Environment: 2, FiringMode: 2",11.63414,false,0,0,0,NA,false,0,0,0,NA,-1,-1,-1,-1,-1,-2,-2,false,0,0,0,NA,-1,-1,-1,-1,-1,-2,-2
2,"Environment: 2, FiringMode: 2",11.63537,false,0,0,0,NA,false,0,0,0,NA,-1,-1,-1,-1,-1,-2,-2,false,0,0,0,NA,-1,-1,-1,-1,-1,-2,-2
2,"Environment: 2, FiringMode: 2",11.63659,false,0,0,0,NA,false,0,0,0,NA,-1,-1,-1,-1,-1,-2,-2,false,0,0,0,NA,-1,-1,-1,-1,-1,-2,-2
2,"Environment: 2, FiringMode: 2",11.63782,false,0,0,0,NA,false,0,0,0,NA,-1,-1,-1,-1,-1,-2,-2,false,0,0,0,NA,-1,-1,-1,-1,-1,-2,-2
2,"Environment: 2, FiringMode: 2",11.63926,false,0,0,0,NA,false,0,0,0,NA,-1,-1,-1,-1,-1,-2,-2,false,0,0,0,NA,-1,-1,-1,-1,-1,-2,-2
2,"Environment: 2, FiringMode: 2",11.64052,false,0,0,0,NA,false,0,0,0,NA,-1,-1,-1,-1,-1,-2,-2,false,0,0,0,NA,-1,-1,-1,-1,-1,-2,-2
2,"Environment: 2, FiringMode: 2",11.64178,false,0,0,0,NA,false,0,0,0,NA,-1,-1,-1,-1,-1,-2,-2,false,0,0,0,NA,-1,-1,-1,-1,-1,-2,-2
2,"Environment: 2, FiringMode: 2",11.643,false,0,0,0,NA,false,0,0,0,NA,-1,-1,-1,-1,-1,-2,-2,false,0,0,0,NA,-1,-1,-1,-1,-1,-2,-2
2,"Environment: 2, FiringMode: 2",11.64423,false,0,0,0,NA,false,0,0,0,NA,-1,-1,-1,-1,-1,-2,-2,false,0,0,0,NA,-1,-1,-1,-1,-1,-2,-2
2,"Environment: 2, FiringMode: 2",11.64562,false,0,0,0,NA,false,0,0,0,NA,-1,-1,-1,-1,-1,-2,-2,false,0,0,0,NA,-1,-1,-1,-1,-1,-2,-2
2,"Environment: 2, FiringMode: 2",11.64694,false,0,0,0,NA,false,0,0,0,NA,-1,-1,-1,-1,-1,-2,-2,false,0,0,0,NA,-1,-1,-1,-1,-1,-2,-2
2,"Environment: 2, FiringMode: 2",11.6482,false,0,0,0,NA,false,0,0,0,NA,-1,-1,-1,-1,-1,-2,-2,false,0,0,0,NA,-1,-1,-1,-1,-1,-2,-2
2,"Environment: 2, FiringMode: 2",11.6495,false,0,0,0,NA,false,0,0,0,NA,-1,-1,-1,-1,-1,-2,-2,false,0,0,0,NA,-1,-1,-1,-1,-1,-2,-2
2,"Environment: 2, FiringMode: 2",11.65079,false,0,0,0,NA,false,0,0,0,NA,-1,-1,-1,-1,-1,-2,-2,false,0,0,0,NA,-1,-1,-1,-1,-1,-2,-2
2,"Environment: 2, FiringMode: 2",11.6521,false,0,0,0,NA,false,0,0,0,NA,-1,-1,-1,-1,-1,-2,-2,false,0,0,0,NA,-1,-1,-1,-1,-1,-2,-2
2,"Environment: 2, FiringMode: 2",11.65347,false,0,0,0,NA,false,0,0,0,NA,-1,-1,-1,-1,-1,-2,-2,false,0,0,0,NA,-1,-1,-1,-1,-1,-2,-2
2,"Environment: 2, FiringMode: 2",11.65477,false,0,0,0,NA,false,0,0,0,NA,-1,-1,-1,-1,-1,-2,-2,false,0,0,0,NA,-1,-1,-1,-1,-1,-2,-2
2,"Environment: 2, FiringMode: 2",11.65608,false,0,0,0,NA,false,0,0,0,NA,-1,-1,-1,-1,-1,-2,-2,false,0,0,0,NA,-1,-1,-1,-1,-1,-2,-2
2,"Environment: 2, FiringMode: 2",11.65749,false,0,0,0,NA,false,0,0,0,NA,-1,-1,-1,-1,-1,-2,-2,false,0,0,0,NA,-1,-1,-1,-1,-1,-2,-2
2,"Environment: 2, FiringMode: 2",11.659,false,0,0,0,NA,false,0,0,0,NA,-1,-1,-1,-1,-1,-2,-2,false,0,0,0,NA,-1,-1,-1,-1,-1,-2,-2
2,"Environment: 2, FiringMode: 2",11.66028,false,0,0,0,NA,false,0,0,0,NA,-1,-1,-1,-1,-1,-2,-2,false,0,0,0,NA,-1,-1,-1,-1,-1,-2,-2
2,"Environment: 2, FiringMode: 2",11.66163,false,0,0,0,NA,false,0,0,0,NA,-1,-1,-1,-1,-1,-2,-2,false,0,0,0,NA,-1,-1,-1,-1,-1,-2,-2
2,"Environment: 2, FiringMode: 2",11.66283,false,0,0,0,NA,false,0,0,0,NA,-1,-1,-1,-1,-1,-2,-2,false,0,0,0,NA,-1,-1,-1,-1,-1,-2,-2
2,"Environment: 2, FiringMode: 2",11.66406,false,0,0,0,NA,false,0,0,0,NA,-1,-1,-1,-1,-1,-2,-2,false,0,0,0,NA,-1,-1,-1,-1,-1,-2,-2
2,"Environment: 2, FiringMode: 2",11.66532,false,0,0,0,NA,false,0,0,0,NA,-1,-1,-1,-1,-1,-2,-2,false,0,0,0,NA,-1,-1,-1,-1,-1,-2,-2
2,"Environment: 2, FiringMode: 2",11.6667,false,0,0,0,NA,false,0,0,0,NA,-1,-1,-1,-1,-1,-2,-2,false,0,0,0,NA,-1,-1,-1,-1,-1,-2,-2
2,"Environment: 2, FiringMode: 2",11.66815,false,0,0,0,NA,false,0,0,0,NA,-1,-1,-1,-1,-1,-2,-2,false,0,0,0,NA,-1,-1,-1,-1,-1,-2,-2
2,"Environment: 2, FiringMode: 2",11.66949,false,0,0,0,NA,false,0,0,0,NA,-1,-1,-1,-1,-1,-2,-2,false,0,0,0,NA,-1,-1,-1,-1,-1,-2,-2
2,"Environment: 2, FiringMode: 2",11.67075,false,0,0,0,NA,false,0,0,0,NA,-1,-1,-1,-1,-1,-2,-2,false,0,0,0,NA,-1,-1,-1,-1,-1,-2,-2
2,"Environment: 2, FiringMode: 2",11.67205,false,0,0,0,NA,false,0,0,0,NA,-1,-1,-1,-1,-1,-2,-2,false,0,0,0,NA,-1,-1,-1,-1,-1,-2,-2
2,"Environment: 2, FiringMode: 2",11.67338,false,0,0,0,NA,false,0,0,0,NA,-1,-1,-1,-1,-1,-2,-2,false,0,0,0,NA,-1,-1,-1,-1,-1,-2,-2
2,"Environment: 2, FiringMode: 2",11.67465,false,0,0,0,NA,false,0,0,0,NA,-1,-1,-1,-1,-1,-2,-2,false,0,0,0,NA,-1,-1,-1,-1,-1,-2,-2
2,"Environment: 2, FiringMode: 2",11.6759,false,0,0,0,NA,false,0,0,0,NA,-1,-1,-1,-1,-1,-2,-2,false,0,0,0,NA,-1,-1,-1,-1,-1,-2,-2
2,"Environment: 2, FiringMode: 2",11.67715,false,0,0,0,NA,false,0,0,0,NA,-1,-1,-1,-1,-1,-2,-2,false,0,0,0,NA,-1,-1,-1,-1,-1,-2,-2
2,"Environment: 2, FiringMode: 2",11.67841,false,0,0,0,NA,false,0,0,0,NA,-1,-1,-1,-1,-1,-2,-2,false,0,0,0,NA,-1,-1,-1,-1,-1,-2,-2
2,"Environment: 2, FiringMode: 2",11.67985,false,0,0,0,NA,false,0,0,0,NA,-1,-1,-1,-1,-1,-2,-2,false,0,0,0,NA,-1,-1,-1,-1,-1,-2,-2
2,"Environment: 2, FiringMode: 2",11.68124,false,0,0,0,NA,false,0,0,0,NA,-1,-1,-1,-1,-1,-2,-2,false,0,0,0,NA,-1,-1,-1,-1,-1,-2,-2
2,"Environment: 2, FiringMode: 2",11.68257,false,0,0,0,NA,false,0,0,0,NA,-1,-1,-1,-1,-1,-2,-2,false,0,0,0,NA,-1,-1,-1,-1,-1,-2,-2
2,"Environment: 2, FiringMode: 2",11.68383,false,0,0,0,NA,false,0,0,0,NA,-1,-1,-1,-1,-1,-2,-2,false,0,0,0,NA,-1,-1,-1,-1,-1,-2,-2
2,"Environment: 2, FiringMode: 2",11.68514,false,0,0,0,NA,false,0,0,0,NA,-1,-1,-1,-1,-1,-2,-2,false,0,0,0,NA,-1,-1,-1,-1,-1,-2,-2
2,"Environment: 2, FiringMode: 2",11.68641,false,0,0,0,NA,false,0,0,0,NA,-1,-1,-1,-1,-1,-2,-2,false,0,0,0,NA,-1,-1,-1,-1,-1,-2,-2
2,"Environment: 2, FiringMode: 2",11.68768,false,0,0,0,NA,false,0,0,0,NA,-1,-1,-1,-1,-1,-2,-2,false,0,0,0,NA,-1,-1,-1,-1,-1,-2,-2
2,"Environment: 2, FiringMode: 2",11.68896,false,0,0,0,NA,false,0,0,0,NA,-1,-1,-1,-1,-1,-2,-2,false,0,0,0,NA,-1,-1,-1,-1,-1,-2,-2
2,"Environment: 2, FiringMode: 2",11.6902,false,0,0,0,NA,false,0,0,0,NA,-1,-1,-1,-1,-1,-2,-2,false,0,0,0,NA,-1,-1,-1,-1,-1,-2,-2
2,"Environment: 2, FiringMode: 2",11.69143,false,0,0,0,NA,false,0,0,0,NA,-1,-1,-1,-1,-1,-2,-2,false,0,0,0,NA,-1,-1,-1,-1,-1,-2,-2
2,"Environment: 2, FiringMode: 2",11.69279,false,0,0,0,NA,false,0,0,0,NA,-1,-1,-1,-1,-1,-2,-2,false,0,0,0,NA,-1,-1,-1,-1,-1,-2,-2
2,"Environment: 2, FiringMode: 2",11.69434,false,0,0,0,NA,false,0,0,0,NA,-1,-1,-1,-1,-1,-2,-2,false,0,0,0,NA,-1,-1,-1,-1,-1,-2,-2
2,"Environment: 2, FiringMode: 2",11.69599,false,0,0,0,NA,false,0,0,0,NA,-1,-1,-1,-1,-1,-2,-2,false,0,0,0,NA,-1,-1,-1,-1,-1,-2,-2
2,"Environment: 2, FiringMode: 2",11.69748,false,0,0,0,NA,false,0,0,0,NA,-1,-1,-1,-1,-1,-2,-2,false,0,0,0,NA,-1,-1,-1,-1,-1,-2,-2
2,"Environment: 2, FiringMode: 2",11.69933,false,0,0,0,NA,false,0,0,0,NA,-1,-1,-1,-1,-1,-2,-2,false,0,0,0,NA,-1,-1,-1,-1,-1,-2,-2
2,"Environment: 2, FiringMode: 2",11.7007,false,0,0,0,NA,false,0,0,0,NA,-1,-1,-1,-1,-1,-2,-2,false,0,0,0,NA,-1,-1,-1,-1,-1,-2,-2
2,"Environment: 2, FiringMode: 2",11.70205,false,0,0,0,NA,false,0,0,0,NA,-1,-1,-1,-1,-1,-2,-2,false,0,0,0,NA,-1,-1,-1,-1,-1,-2,-2
2,"Environment: 2, FiringMode: 2",11.70344,false,0,0,0,NA,false,0,0,0,NA,-1,-1,-1,-1,-1,-2,-2,false,0,0,0,NA,-1,-1,-1,-1,-1,-2,-2
2,"Environment: 2, FiringMode: 2",11.70485,false,0,0,0,NA,false,0,0,0,NA,-1,-1,-1,-1,-1,-2,-2,false,0,0,0,NA,-1,-1,-1,-1,-1,-2,-2
2,"Environment: 2, FiringMode: 2",11.7062,false,0,0,0,NA,false,0,0,0,NA,-1,-1,-1,-1,-1,-2,-2,false,0,0,0,NA,-1,-1,-1,-1,-1,-2,-2
2,"Environment: 2, FiringMode: 2",11.70774,false,0,0,0,NA,false,0,0,0,NA,-1,-1,-1,-1,-1,-2,-2,false,0,0,0,NA,-1,-1,-1,-1,-1,-2,-2
2,"Environment: 2, FiringMode: 2",11.70915,false,0,0,0,NA,false,0,0,0,NA,-1,-1,-1,-1,-1,-2,-2,false,0,0,0,NA,-1,-1,-1,-1,-1,-2,-2
2,"Environment: 2, FiringMode: 2",11.71068,false,0,0,0,NA,false,0,0,0,NA,-1,-1,-1,-1,-1,-2,-2,false,0,0,0,NA,-1,-1,-1,-1,-1,-2,-2
2,"Environment: 2, FiringMode: 2",11.71205,false,0,0,0,NA,false,0,0,0,NA,-1,-1,-1,-1,-1,-2,-2,false,0,0,0,NA,-1,-1,-1,-1,-1,-2,-2
2,"Environment: 2, FiringMode: 2",11.71335,false,0,0,0,NA,false,0,0,0,NA,-1,-1,-1,-1,-1,-2,-2,false,0,0,0,NA,-1,-1,-1,-1,-1,-2,-2
2,"Environment: 2, FiringMode: 2",11.71461,false,0,0,0,NA,false,0,0,0,NA,-1,-1,-1,-1,-1,-2,-2,false,0,0,0,NA,-1,-1,-1,-1,-1,-2,-2
2,"Environment: 2, FiringMode: 2",11.7159,false,0,0,0,NA,false,0,0,0,NA,-1,-1,-1,-1,-1,-2,-2,false,0,0,0,NA,-1,-1,-1,-1,-1,-2,-2
2,"Environment: 2, FiringMode: 2",11.71716,false,0,0,0,NA,false,0,0,0,NA,-1,-1,-1,-1,-1,-2,-2,false,0,0,0,NA,-1,-1,-1,-1,-1,-2,-2
2,"Environment: 2, FiringMode: 2",11.71839,false,0,0,0,NA,false,0,0,0,NA,-1,-1,-1,-1,-1,-2,-2,false,0,0,0,NA,-1,-1,-1,-1,-1,-2,-2
2,"Environment: 2, FiringMode: 2",11.71993,false,0,0,0,NA,false,0,0,0,NA,-1,-1,-1,-1,-1,-2,-2,false,0,0,0,NA,-1,-1,-1,-1,-1,-2,-2
2,"Environment: 2, FiringMode: 2",11.72123,false,0,0,0,NA,false,0,0,0,NA,-1,-1,-1,-1,-1,-2,-2,false,0,0,0,NA,-1,-1,-1,-1,-1,-2,-2
2,"Environment: 2, FiringMode: 2",11.72264,false,0,0,0,NA,false,0,0,0,NA,-1,-1,-1,-1,-1,-2,-2,false,0,0,0,NA,-1,-1,-1,-1,-1,-2,-2
2,"Environment: 2, FiringMode: 2",11.72403,false,0,0,0,NA,false,0,0,0,NA,-1,-1,-1,-1,-1,-2,-2,false,0,0,0,NA,-1,-1,-1,-1,-1,-2,-2
2,"Environment: 2, FiringMode: 2",11.72545,false,0,0,0,NA,false,0,0,0,NA,-1,-1,-1,-1,-1,-2,-2,false,0,0,0,NA,-1,-1,-1,-1,-1,-2,-2
2,"Environment: 2, FiringMode: 2",11.72675,false,0,0,0,NA,false,0,0,0,NA,-1,-1,-1,-1,-1,-2,-2,false,0,0,0,NA,-1,-1,-1,-1,-1,-2,-2
2,"Environment: 2, FiringMode: 2",11.72813,false,0,0,0,NA,false,0,0,0,NA,-1,-1,-1,-1,-1,-2,-2,false,0,0,0,NA,-1,-1,-1,-1,-1,-2,-2
2,"Environment: 2, FiringMode: 2",11.72948,false,0,0,0,NA,false,0,0,0,NA,-1,-1,-1,-1,-1,-2,-2,false,0,0,0,NA,-1,-1,-1,-1,-1,-2,-2
2,"Environment: 2, FiringMode: 2",11.73083,false,0,0,0,NA,false,0,0,0,NA,-1,-1,-1,-1,-1,-2,-2,false,0,0,0,NA,-1,-1,-1,-1,-1,-2,-2
2,"Environment: 2, FiringMode: 2",11.73206,false,0,0,0,NA,false,0,0,0,NA,-1,-1,-1,-1,-1,-2,-2,false,0,0,0,NA,-1,-1,-1,-1,-1,-2,-2
2,"Environment: 2, FiringMode: 2",11.73341,false,0,0,0,NA,false,0,0,0,NA,-1,-1,-1,-1,-1,-2,-2,false,0,0,0,NA,-1,-1,-1,-1,-1,-2,-2
2,"Environment: 2, FiringMode: 2",11.73474,false,0,0,0,NA,false,0,0,0,NA,-1,-1,-1,-1,-1,-2,-2,false,0,0,0,NA,-1,-1,-1,-1,-1,-2,-2
2,"Environment: 2, FiringMode: 2",11.73619,false,0,0,0,NA,false,0,0,0,NA,-1,-1,-1,-1,-1,-2,-2,false,0,0,0,NA,-1,-1,-1,-1,-1,-2,-2
2,"Environment: 2, FiringMode: 2",11.73767,false,0,0,0,NA,false,0,0,0,NA,-1,-1,-1,-1,-1,-2,-2,false,0,0,0,NA,-1,-1,-1,-1,-1,-2,-2
2,"Environment: 2, FiringMode: 2",11.73913,false,0,0,0,NA,false,0,0,0,NA,-1,-1,-1,-1,-1,-2,-2,false,0,0,0,NA,-1,-1,-1,-1,-1,-2,-2
2,"Environment: 2, FiringMode: 2",11.74044,false,0,0,0,NA,false,0,0,0,NA,-1,-1,-1,-1,-1,-2,-2,false,0,0,0,NA,-1,-1,-1,-1,-1,-2,-2
2,"Environment: 2, FiringMode: 2",11.74177,false,0,0,0,NA,false,0,0,0,NA,-1,-1,-1,-1,-1,-2,-2,false,0,0,0,NA,-1,-1,-1,-1,-1,-2,-2
2,"Environment: 2, FiringMode: 2",11.74301,false,0,0,0,NA,false,0,0,0,NA,-1,-1,-1,-1,-1,-2,-2,false,0,0,0,NA,-1,-1,-1,-1,-1,-2,-2
2,"Environment: 2, FiringMode: 2",11.74423,false,0,0,0,NA,false,0,0,0,NA,-1,-1,-1,-1,-1,-2,-2,false,0,0,0,NA,-1,-1,-1,-1,-1,-2,-2
2,"Environment: 2, FiringMode: 2",11.74566,false,0,0,0,NA,false,0,0,0,NA,-1,-1,-1,-1,-1,-2,-2,false,0,0,0,NA,-1,-1,-1,-1,-1,-2,-2
2,"Environment: 2, FiringMode: 2",11.74702,false,0,0,0,NA,false,0,0,0,NA,-1,-1,-1,-1,-1,-2,-2,false,0,0,0,NA,-1,-1,-1,-1,-1,-2,-2
2,"Environment: 2, FiringMode: 2",11.74832,false,0,0,0,NA,false,0,0,0,NA,-1,-1,-1,-1,-1,-2,-2,false,0,0,0,NA,-1,-1,-1,-1,-1,-2,-2
2,"Environment: 2, FiringMode: 2",11.74978,false,0,0,0,NA,false,0,0,0,NA,-1,-1,-1,-1,-1,-2,-2,false,0,0,0,NA,-1,-1,-1,-1,-1,-2,-2
2,"Environment: 2, FiringMode: 2",11.75126,false,0,0,0,NA,false,0,0,0,NA,-1,-1,-1,-1,-1,-2,-2,false,0,0,0,NA,-1,-1,-1,-1,-1,-2,-2
2,"Environment: 2, FiringMode: 2",11.75265,false,0,0,0,NA,false,0,0,0,NA,-1,-1,-1,-1,-1,-2,-2,false,0,0,0,NA,-1,-1,-1,-1,-1,-2,-2
2,"Environment: 2, FiringMode: 2",11.75393,false,0,0,0,NA,false,0,0,0,NA,-1,-1,-1,-1,-1,-2,-2,false,0,0,0,NA,-1,-1,-1,-1,-1,-2,-2
2,"Environment: 2, FiringMode: 2",11.75521,false,0,0,0,NA,false,0,0,0,NA,-1,-1,-1,-1,-1,-2,-2,false,0,0,0,NA,-1,-1,-1,-1,-1,-2,-2
2,"Environment: 2, FiringMode: 2",11.75698,false,0,0,0,NA,false,0,0,0,NA,-1,-1,-1,-1,-1,-2,-2,false,0,0,0,NA,-1,-1,-1,-1,-1,-2,-2
2,"Environment: 2, FiringMode: 2",11.75825,false,0,0,0,NA,false,0,0,0,NA,-1,-1,-1,-1,-1,-2,-2,false,0,0,0,NA,-1,-1,-1,-1,-1,-2,-2
2,"Environment: 2, FiringMode: 2",11.7596,false,0,0,0,NA,false,0,0,0,NA,-1,-1,-1,-1,-1,-2,-2,false,0,0,0,NA,-1,-1,-1,-1,-1,-2,-2
2,"Environment: 2, FiringMode: 2",11.76082,false,0,0,0,NA,false,0,0,0,NA,-1,-1,-1,-1,-1,-2,-2,false,0,0,0,NA,-1,-1,-1,-1,-1,-2,-2
2,"Environment: 2, FiringMode: 2",11.76208,false,0,0,0,NA,false,0,0,0,NA,-1,-1,-1,-1,-1,-2,-2,false,0,0,0,NA,-1,-1,-1,-1,-1,-2,-2
2,"Environment: 2, FiringMode: 2",11.76337,false,0,0,0,NA,false,0,0,0,NA,-1,-1,-1,-1,-1,-2,-2,false,0,0,0,NA,-1,-1,-1,-1,-1,-2,-2
2,"Environment: 2, FiringMode: 2",11.76475,false,0,0,0,NA,false,0,0,0,NA,-1,-1,-1,-1,-1,-2,-2,false,0,0,0,NA,-1,-1,-1,-1,-1,-2,-2
2,"Environment: 2, FiringMode: 2",11.76612,false,0,0,0,NA,false,0,0,0,NA,-1,-1,-1,-1,-1,-2,-2,false,0,0,0,NA,-1,-1,-1,-1,-1,-2,-2
2,"Environment: 2, FiringMode: 2",11.76751,false,0,0,0,NA,false,0,0,0,NA,-1,-1,-1,-1,-1,-2,-2,false,0,0,0,NA,-1,-1,-1,-1,-1,-2,-2
2,"Environment: 2, FiringMode: 2",11.76889,false,0,0,0,NA,false,0,0,0,NA,-1,-1,-1,-1,-1,-2,-2,false,0,0,0,NA,-1,-1,-1,-1,-1,-2,-2
2,"Environment: 2, FiringMode: 2",11.77023,false,0,0,0,NA,false,0,0,0,NA,-1,-1,-1,-1,-1,-2,-2,false,0,0,0,NA,-1,-1,-1,-1,-1,-2,-2
2,"Environment: 2, FiringMode: 2",11.77162,false,0,0,0,NA,false,0,0,0,NA,-1,-1,-1,-1,-1,-2,-2,false,0,0,0,NA,-1,-1,-1,-1,-1,-2,-2
2,"Environment: 2, FiringMode: 2",11.7729,false,0,0,0,NA,false,0,0,0,NA,-1,-1,-1,-1,-1,-2,-2,false,0,0,0,NA,-1,-1,-1,-1,-1,-2,-2
2,"Environment: 2, FiringMode: 2",11.7742,false,0,0,0,NA,false,0,0,0,NA,-1,-1,-1,-1,-1,-2,-2,false,0,0,0,NA,-1,-1,-1,-1,-1,-2,-2
2,"Environment: 2, FiringMode: 2",11.77552,false,0,0,0,NA,false,0,0,0,NA,-1,-1,-1,-1,-1,-2,-2,false,0,0,0,NA,-1,-1,-1,-1,-1,-2,-2
2,"Environment: 2, FiringMode: 2",11.77679,false,0,0,0,NA,false,0,0,0,NA,-1,-1,-1,-1,-1,-2,-2,false,0,0,0,NA,-1,-1,-1,-1,-1,-2,-2
2,"Environment: 2, FiringMode: 2",11.77809,false,0,0,0,NA,false,0,0,0,NA,-1,-1,-1,-1,-1,-2,-2,false,0,0,0,NA,-1,-1,-1,-1,-1,-2,-2
2,"Environment: 2, FiringMode: 2",11.77954,false,0,0,0,NA,false,0,0,0,NA,-1,-1,-1,-1,-1,-2,-2,false,0,0,0,NA,-1,-1,-1,-1,-1,-2,-2
2,"Environment: 2, FiringMode: 2",11.78088,false,0,0,0,NA,false,0,0,0,NA,-1,-1,-1,-1,-1,-2,-2,false,0,0,0,NA,-1,-1,-1,-1,-1,-2,-2
2,"Environment: 2, FiringMode: 2",11.7823,false,0,0,0,NA,false,0,0,0,NA,-1,-1,-1,-1,-1,-2,-2,false,0,0,0,NA,-1,-1,-1,-1,-1,-2,-2
2,"Environment: 2, FiringMode: 2",11.78374,false,0,0,0,NA,false,0,0,0,NA,-1,-1,-1,-1,-1,-2,-2,false,0,0,0,NA,-1,-1,-1,-1,-1,-2,-2
2,"Environment: 2, FiringMode: 2",11.78506,false,0,0,0,NA,false,0,0,0,NA,-1,-1,-1,-1,-1,-2,-2,false,0,0,0,NA,-1,-1,-1,-1,-1,-2,-2
2,"Environment: 2, FiringMode: 2",11.78629,false,0,0,0,NA,false,0,0,0,NA,-1,-1,-1,-1,-1,-2,-2,false,0,0,0,NA,-1,-1,-1,-1,-1,-2,-2
2,"Environment: 2, FiringMode: 2",11.78753,false,0,0,0,NA,false,0,0,0,NA,-1,-1,-1,-1,-1,-2,-2,false,0,0,0,NA,-1,-1,-1,-1,-1,-2,-2
2,"Environment: 2, FiringMode: 2",11.78881,false,0,0,0,NA,false,0,0,0,NA,-1,-1,-1,-1,-1,-2,-2,false,0,0,0,NA,-1,-1,-1,-1,-1,-2,-2
2,"Environment: 2, FiringMode: 2",11.79016,false,0,0,0,NA,false,0,0,0,NA,-1,-1,-1,-1,-1,-2,-2,false,0,0,0,NA,-1,-1,-1,-1,-1,-2,-2
2,"Environment: 2, FiringMode: 2",11.79156,false,0,0,0,NA,false,0,0,0,NA,-1,-1,-1,-1,-1,-2,-2,false,0,0,0,NA,-1,-1,-1,-1,-1,-2,-2
2,"Environment: 2, FiringMode: 2",11.79291,false,0,0,0,NA,false,0,0,0,NA,-1,-1,-1,-1,-1,-2,-2,false,0,0,0,NA,-1,-1,-1,-1,-1,-2,-2
2,"Environment: 2, FiringMode: 2",11.79427,false,0,0,0,NA,false,0,0,0,NA,-1,-1,-1,-1,-1,-2,-2,false,0,0,0,NA,-1,-1,-1,-1,-1,-2,-2
2,"Environment: 2, FiringMode: 2",11.79561,false,0,0,0,NA,false,0,0,0,NA,-1,-1,-1,-1,-1,-2,-2,false,0,0,0,NA,-1,-1,-1,-1,-1,-2,-2
2,"Environment: 2, FiringMode: 2",11.79693,false,0,0,0,NA,false,0,0,0,NA,-1,-1,-1,-1,-1,-2,-2,false,0,0,0,NA,-1,-1,-1,-1,-1,-2,-2
2,"Environment: 2, FiringMode: 2",11.79826,false,0,0,0,NA,false,0,0,0,NA,-1,-1,-1,-1,-1,-2,-2,false,0,0,0,NA,-1,-1,-1,-1,-1,-2,-2
2,"Environment: 2, FiringMode: 2",11.79972,false,0,0,0,NA,false,0,0,0,NA,-1,-1,-1,-1,-1,-2,-2,false,0,0,0,NA,-1,-1,-1,-1,-1,-2,-2
2,"Environment: 2, FiringMode: 2",11.80104,false,0,0,0,NA,false,0,0,0,NA,-1,-1,-1,-1,-1,-2,-2,false,0,0,0,NA,-1,-1,-1,-1,-1,-2,-2
2,"Environment: 2, FiringMode: 2",11.80232,false,0,0,0,NA,false,0,0,0,NA,-1,-1,-1,-1,-1,-2,-2,false,0,0,0,NA,-1,-1,-1,-1,-1,-2,-2
2,"Environment: 2, FiringMode: 2",11.80359,false,0,0,0,NA,false,0,0,0,NA,-1,-1,-1,-1,-1,-2,-2,false,0,0,0,NA,-1,-1,-1,-1,-1,-2,-2
2,"Environment: 2, FiringMode: 2",11.80485,false,0,0,0,NA,false,0,0,0,NA,-1,-1,-1,-1,-1,-2,-2,false,0,0,0,NA,-1,-1,-1,-1,-1,-2,-2
2,"Environment: 2, FiringMode: 2",11.80624,false,0,0,0,NA,false,0,0,0,NA,-1,-1,-1,-1,-1,-2,-2,false,0,0,0,NA,-1,-1,-1,-1,-1,-2,-2
2,"Environment: 2, FiringMode: 2",11.80757,false,0,0,0,NA,false,0,0,0,NA,-1,-1,-1,-1,-1,-2,-2,false,0,0,0,NA,-1,-1,-1,-1,-1,-2,-2
2,"Environment: 2, FiringMode: 2",11.80884,false,0,0,0,NA,false,0,0,0,NA,-1,-1,-1,-1,-1,-2,-2,false,0,0,0,NA,-1,-1,-1,-1,-1,-2,-2
2,"Environment: 2, FiringMode: 2",11.81009,false,0,0,0,NA,false,0,0,0,NA,-1,-1,-1,-1,-1,-2,-2,false,0,0,0,NA,-1,-1,-1,-1,-1,-2,-2
2,"Environment: 2, FiringMode: 2",11.81132,false,0,0,0,NA,false,0,0,0,NA,-1,-1,-1,-1,-1,-2,-2,false,0,0,0,NA,-1,-1,-1,-1,-1,-2,-2
2,"Environment: 2, FiringMode: 2",11.81255,false,0,0,0,NA,false,0,0,0,NA,-1,-1,-1,-1,-1,-2,-2,false,0,0,0,NA,-1,-1,-1,-1,-1,-2,-2
2,"Environment: 2, FiringMode: 2",11.8138,false,0,0,0,NA,false,0,0,0,NA,-1,-1,-1,-1,-1,-2,-2,false,0,0,0,NA,-1,-1,-1,-1,-1,-2,-2
2,"Environment: 2, FiringMode: 2",11.81513,false,0,0,0,NA,false,0,0,0,NA,-1,-1,-1,-1,-1,-2,-2,false,0,0,0,NA,-1,-1,-1,-1,-1,-2,-2
2,"Environment: 2, FiringMode: 2",11.8165,false,0,0,0,NA,false,0,0,0,NA,-1,-1,-1,-1,-1,-2,-2,false,0,0,0,NA,-1,-1,-1,-1,-1,-2,-2
2,"Environment: 2, FiringMode: 2",11.81774,false,0,0,0,NA,false,0,0,0,NA,-1,-1,-1,-1,-1,-2,-2,false,0,0,0,NA,-1,-1,-1,-1,-1,-2,-2
2,"Environment: 2, FiringMode: 2",11.81934,false,0,0,0,NA,false,0,0,0,NA,-1,-1,-1,-1,-1,-2,-2,false,0,0,0,NA,-1,-1,-1,-1,-1,-2,-2
2,"Environment: 2, FiringMode: 2",11.82072,false,0,0,0,NA,false,0,0,0,NA,-1,-1,-1,-1,-1,-2,-2,false,0,0,0,NA,-1,-1,-1,-1,-1,-2,-2
2,"Environment: 2, FiringMode: 2",11.82207,false,0,0,0,NA,false,0,0,0,NA,-1,-1,-1,-1,-1,-2,-2,false,0,0,0,NA,-1,-1,-1,-1,-1,-2,-2
2,"Environment: 2, FiringMode: 2",11.82333,false,0,0,0,NA,false,0,0,0,NA,-1,-1,-1,-1,-1,-2,-2,false,0,0,0,NA,-1,-1,-1,-1,-1,-2,-2
2,"Environment: 2, FiringMode: 2",11.82462,false,0,0,0,NA,false,0,0,0,NA,-1,-1,-1,-1,-1,-2,-2,false,0,0,0,NA,-1,-1,-1,-1,-1,-2,-2
2,"Environment: 2, FiringMode: 2",11.82592,false,0,0,0,NA,false,0,0,0,NA,-1,-1,-1,-1,-1,-2,-2,false,0,0,0,NA,-1,-1,-1,-1,-1,-2,-2
2,"Environment: 2, FiringMode: 2",11.82726,false,0,0,0,NA,false,0,0,0,NA,-1,-1,-1,-1,-1,-2,-2,false,0,0,0,NA,-1,-1,-1,-1,-1,-2,-2
2,"Environment: 2, FiringMode: 2",11.82846,false,0,0,0,NA,false,0,0,0,NA,-1,-1,-1,-1,-1,-2,-2,false,0,0,0,NA,-1,-1,-1,-1,-1,-2,-2
2,"Environment: 2, FiringMode: 2",11.82978,false,0,0,0,NA,false,0,0,0,NA,-1,-1,-1,-1,-1,-2,-2,false,0,0,0,NA,-1,-1,-1,-1,-1,-2,-2
2,"Environment: 2, FiringMode: 2",11.83107,false,0,0,0,NA,false,0,0,0,NA,-1,-1,-1,-1,-1,-2,-2,false,0,0,0,NA,-1,-1,-1,-1,-1,-2,-2
2,"Environment: 2, FiringMode: 2",11.83242,false,0,0,0,NA,false,0,0,0,NA,-1,-1,-1,-1,-1,-2,-2,false,0,0,0,NA,-1,-1,-1,-1,-1,-2,-2
2,"Environment: 2, FiringMode: 2",11.83381,false,0,0,0,NA,false,0,0,0,NA,-1,-1,-1,-1,-1,-2,-2,false,0,0,0,NA,-1,-1,-1,-1,-1,-2,-2
2,"Environment: 2, FiringMode: 2",11.83514,false,0,0,0,NA,false,0,0,0,NA,-1,-1,-1,-1,-1,-2,-2,false,0,0,0,NA,-1,-1,-1,-1,-1,-2,-2
2,"Environment: 2, FiringMode: 2",11.83644,false,0,0,0,NA,false,0,0,0,NA,-1,-1,-1,-1,-1,-2,-2,false,0,0,0,NA,-1,-1,-1,-1,-1,-2,-2
2,"Environment: 2, FiringMode: 2",11.83775,false,0,0,0,NA,false,0,0,0,NA,-1,-1,-1,-1,-1,-2,-2,false,0,0,0,NA,-1,-1,-1,-1,-1,-2,-2
2,"Environment: 2, FiringMode: 2",11.83923,false,0,0,0,NA,false,0,0,0,NA,-1,-1,-1,-1,-1,-2,-2,false,0,0,0,NA,-1,-1,-1,-1,-1,-2,-2
2,"Environment: 2, FiringMode: 2",11.84052,false,0,0,0,NA,false,0,0,0,NA,-1,-1,-1,-1,-1,-2,-2,false,0,0,0,NA,-1,-1,-1,-1,-1,-2,-2
2,"Environment: 2, FiringMode: 2",11.84177,false,0,0,0,NA,false,0,0,0,NA,-1,-1,-1,-1,-1,-2,-2,false,0,0,0,NA,-1,-1,-1,-1,-1,-2,-2
2,"Environment: 2, FiringMode: 2",11.84305,false,0,0,0,NA,false,0,0,0,NA,-1,-1,-1,-1,-1,-2,-2,false,0,0,0,NA,-1,-1,-1,-1,-1,-2,-2
2,"Environment: 2, FiringMode: 2",11.84436,false,0,0,0,NA,false,0,0,0,NA,-1,-1,-1,-1,-1,-2,-2,false,0,0,0,NA,-1,-1,-1,-1,-1,-2,-2
2,"Environment: 2, FiringMode: 2",11.84568,false,0,0,0,NA,false,0,0,0,NA,-1,-1,-1,-1,-1,-2,-2,false,0,0,0,NA,-1,-1,-1,-1,-1,-2,-2
2,"Environment: 2, FiringMode: 2",11.84703,false,0,0,0,NA,false,0,0,0,NA,-1,-1,-1,-1,-1,-2,-2,false,0,0,0,NA,-1,-1,-1,-1,-1,-2,-2
2,"Environment: 2, FiringMode: 2",11.8484,false,0,0,0,NA,false,0,0,0,NA,-1,-1,-1,-1,-1,-2,-2,false,0,0,0,NA,-1,-1,-1,-1,-1,-2,-2
2,"Environment: 2, FiringMode: 2",11.84975,false,0,0,0,NA,false,0,0,0,NA,-1,-1,-1,-1,-1,-2,-2,false,0,0,0,NA,-1,-1,-1,-1,-1,-2,-2
2,"Environment: 2, FiringMode: 2",11.85104,false,0,0,0,NA,false,0,0,0,NA,-1,-1,-1,-1,-1,-2,-2,false,0,0,0,NA,-1,-1,-1,-1,-1,-2,-2
2,"Environment: 2, FiringMode: 2",11.85251,false,0,0,0,NA,false,0,0,0,NA,-1,-1,-1,-1,-1,-2,-2,false,0,0,0,NA,-1,-1,-1,-1,-1,-2,-2
2,"Environment: 2, FiringMode: 2",11.85382,false,0,0,0,NA,false,0,0,0,NA,-1,-1,-1,-1,-1,-2,-2,false,0,0,0,NA,-1,-1,-1,-1,-1,-2,-2
2,"Environment: 2, FiringMode: 2",11.85511,false,0,0,0,NA,false,0,0,0,NA,-1,-1,-1,-1,-1,-2,-2,false,0,0,0,NA,-1,-1,-1,-1,-1,-2,-2
2,"Environment: 2, FiringMode: 2",11.85643,false,0,0,0,NA,false,0,0,0,NA,-1,-1,-1,-1,-1,-2,-2,false,0,0,0,NA,-1,-1,-1,-1,-1,-2,-2
2,"Environment: 2, FiringMode: 2",11.85763,false,0,0,0,NA,false,0,0,0,NA,-1,-1,-1,-1,-1,-2,-2,false,0,0,0,NA,-1,-1,-1,-1,-1,-2,-2
2,"Environment: 2, FiringMode: 2",11.85909,false,0,0,0,NA,false,0,0,0,NA,-1,-1,-1,-1,-1,-2,-2,false,0,0,0,NA,-1,-1,-1,-1,-1,-2,-2
2,"Environment: 2, FiringMode: 2",11.8604,false,0,0,0,NA,false,0,0,0,NA,-1,-1,-1,-1,-1,-2,-2,false,0,0,0,NA,-1,-1,-1,-1,-1,-2,-2
2,"Environment: 2, FiringMode: 2",11.86178,false,0,0,0,NA,false,0,0,0,NA,-1,-1,-1,-1,-1,-2,-2,false,0,0,0,NA,-1,-1,-1,-1,-1,-2,-2
2,"Environment: 2, FiringMode: 2",11.86309,false,0,0,0,NA,false,0,0,0,NA,-1,-1,-1,-1,-1,-2,-2,false,0,0,0,NA,-1,-1,-1,-1,-1,-2,-2
2,"Environment: 2, FiringMode: 2",11.86432,false,0,0,0,NA,false,0,0,0,NA,-1,-1,-1,-1,-1,-2,-2,false,0,0,0,NA,-1,-1,-1,-1,-1,-2,-2
2,"Environment: 2, FiringMode: 2",11.86555,false,0,0,0,NA,false,0,0,0,NA,-1,-1,-1,-1,-1,-2,-2,false,0,0,0,NA,-1,-1,-1,-1,-1,-2,-2
2,"Environment: 2, FiringMode: 2",11.86685,false,0,0,0,NA,false,0,0,0,NA,-1,-1,-1,-1,-1,-2,-2,false,0,0,0,NA,-1,-1,-1,-1,-1,-2,-2
2,"Environment: 2, FiringMode: 2",11.86814,false,0,0,0,NA,false,0,0,0,NA,-1,-1,-1,-1,-1,-2,-2,false,0,0,0,NA,-1,-1,-1,-1,-1,-2,-2
2,"Environment: 2, FiringMode: 2",11.8694,false,0,0,0,NA,false,0,0,0,NA,-1,-1,-1,-1,-1,-2,-2,false,0,0,0,NA,-1,-1,-1,-1,-1,-2,-2
2,"Environment: 2, FiringMode: 2",11.87061,false,0,0,0,NA,false,0,0,0,NA,-1,-1,-1,-1,-1,-2,-2,false,0,0,0,NA,-1,-1,-1,-1,-1,-2,-2
2,"Environment: 2, FiringMode: 2",11.87185,false,0,0,0,NA,false,0,0,0,NA,-1,-1,-1,-1,-1,-2,-2,false,0,0,0,NA,-1,-1,-1,-1,-1,-2,-2
2,"Environment: 2, FiringMode: 2",11.87306,false,0,0,0,NA,false,0,0,0,NA,-1,-1,-1,-1,-1,-2,-2,false,0,0,0,NA,-1,-1,-1,-1,-1,-2,-2
2,"Environment: 2, FiringMode: 2",11.87444,false,0,0,0,NA,false,0,0,0,NA,-1,-1,-1,-1,-1,-2,-2,false,0,0,0,NA,-1,-1,-1,-1,-1,-2,-2
2,"Environment: 2, FiringMode: 2",11.87591,false,0,0,0,NA,false,0,0,0,NA,-1,-1,-1,-1,-1,-2,-2,false,0,0,0,NA,-1,-1,-1,-1,-1,-2,-2
2,"Environment: 2, FiringMode: 2",11.87729,false,0,0,0,NA,false,0,0,0,NA,-1,-1,-1,-1,-1,-2,-2,false,0,0,0,NA,-1,-1,-1,-1,-1,-2,-2
2,"Environment: 2, FiringMode: 2",11.8786,false,0,0,0,NA,false,0,0,0,NA,-1,-1,-1,-1,-1,-2,-2,false,0,0,0,NA,-1,-1,-1,-1,-1,-2,-2
2,"Environment: 2, FiringMode: 2",11.88013,false,0,0,0,NA,false,0,0,0,NA,-1,-1,-1,-1,-1,-2,-2,false,0,0,0,NA,-1,-1,-1,-1,-1,-2,-2
2,"Environment: 2, FiringMode: 2",11.88145,false,0,0,0,NA,false,0,0,0,NA,-1,-1,-1,-1,-1,-2,-2,false,0,0,0,NA,-1,-1,-1,-1,-1,-2,-2
2,"Environment: 2, FiringMode: 2",11.88273,false,0,0,0,NA,false,0,0,0,NA,-1,-1,-1,-1,-1,-2,-2,false,0,0,0,NA,-1,-1,-1,-1,-1,-2,-2
2,"Environment: 2, FiringMode: 2",11.88399,false,0,0,0,NA,false,0,0,0,NA,-1,-1,-1,-1,-1,-2,-2,false,0,0,0,NA,-1,-1,-1,-1,-1,-2,-2
2,"Environment: 2, FiringMode: 2",11.88523,false,0,0,0,NA,false,0,0,0,NA,-1,-1,-1,-1,-1,-2,-2,false,0,0,0,NA,-1,-1,-1,-1,-1,-2,-2
2,"Environment: 2, FiringMode: 2",11.88648,false,0,0,0,NA,false,0,0,0,NA,-1,-1,-1,-1,-1,-2,-2,false,0,0,0,NA,-1,-1,-1,-1,-1,-2,-2
2,"Environment: 2, FiringMode: 2",11.88771,false,0,0,0,NA,false,0,0,0,NA,-1,-1,-1,-1,-1,-2,-2,false,0,0,0,NA,-1,-1,-1,-1,-1,-2,-2
2,"Environment: 2, FiringMode: 2",11.88968,false,0,0,0,NA,false,0,0,0,NA,-1,-1,-1,-1,-1,-2,-2,false,0,0,0,NA,-1,-1,-1,-1,-1,-2,-2
2,"Environment: 2, FiringMode: 2",11.89106,false,0,0,0,NA,false,0,0,0,NA,-1,-1,-1,-1,-1,-2,-2,false,0,0,0,NA,-1,-1,-1,-1,-1,-2,-2
2,"Environment: 2, FiringMode: 2",11.89242,false,0,0,0,NA,false,0,0,0,NA,-1,-1,-1,-1,-1,-2,-2,false,0,0,0,NA,-1,-1,-1,-1,-1,-2,-2
2,"Environment: 2, FiringMode: 2",11.89372,false,0,0,0,NA,false,0,0,0,NA,-1,-1,-1,-1,-1,-2,-2,false,0,0,0,NA,-1,-1,-1,-1,-1,-2,-2
2,"Environment: 2, FiringMode: 2",11.89509,false,0,0,0,NA,false,0,0,0,NA,-1,-1,-1,-1,-1,-2,-2,false,0,0,0,NA,-1,-1,-1,-1,-1,-2,-2
2,"Environment: 2, FiringMode: 2",11.89638,false,0,0,0,NA,false,0,0,0,NA,-1,-1,-1,-1,-1,-2,-2,false,0,0,0,NA,-1,-1,-1,-1,-1,-2,-2
2,"Environment: 2, FiringMode: 2",11.89765,false,0,0,0,NA,false,0,0,0,NA,-1,-1,-1,-1,-1,-2,-2,false,0,0,0,NA,-1,-1,-1,-1,-1,-2,-2
2,"Environment: 2, FiringMode: 2",11.89903,false,0,0,0,NA,false,0,0,0,NA,-1,-1,-1,-1,-1,-2,-2,false,0,0,0,NA,-1,-1,-1,-1,-1,-2,-2
2,"Environment: 2, FiringMode: 2",11.90028,false,0,0,0,NA,false,0,0,0,NA,-1,-1,-1,-1,-1,-2,-2,false,0,0,0,NA,-1,-1,-1,-1,-1,-2,-2
2,"Environment: 2, FiringMode: 2",11.90155,false,0,0,0,NA,false,0,0,0,NA,-1,-1,-1,-1,-1,-2,-2,false,0,0,0,NA,-1,-1,-1,-1,-1,-2,-2
2,"Environment: 2, FiringMode: 2",11.9029,false,0,0,0,NA,false,0,0,0,NA,-1,-1,-1,-1,-1,-2,-2,false,0,0,0,NA,-1,-1,-1,-1,-1,-2,-2
2,"Environment: 2, FiringMode: 2",11.90432,false,0,0,0,NA,false,0,0,0,NA,-1,-1,-1,-1,-1,-2,-2,false,0,0,0,NA,-1,-1,-1,-1,-1,-2,-2
2,"Environment: 2, FiringMode: 2",11.90561,false,0,0,0,NA,false,0,0,0,NA,-1,-1,-1,-1,-1,-2,-2,false,0,0,0,NA,-1,-1,-1,-1,-1,-2,-2
2,"Environment: 2, FiringMode: 2",11.90687,false,0,0,0,NA,false,0,0,0,NA,-1,-1,-1,-1,-1,-2,-2,false,0,0,0,NA,-1,-1,-1,-1,-1,-2,-2
2,"Environment: 2, FiringMode: 2",11.90822,false,0,0,0,NA,false,0,0,0,NA,-1,-1,-1,-1,-1,-2,-2,false,0,0,0,NA,-1,-1,-1,-1,-1,-2,-2
2,"Environment: 2, FiringMode: 2",11.90951,false,0,0,0,NA,false,0,0,0,NA,-1,-1,-1,-1,-1,-2,-2,false,0,0,0,NA,-1,-1,-1,-1,-1,-2,-2
2,"Environment: 2, FiringMode: 2",11.91079,false,0,0,0,NA,false,0,0,0,NA,-1,-1,-1,-1,-1,-2,-2,false,0,0,0,NA,-1,-1,-1,-1,-1,-2,-2
2,"Environment: 2, FiringMode: 2",11.91206,false,0,0,0,NA,false,0,0,0,NA,-1,-1,-1,-1,-1,-2,-2,false,0,0,0,NA,-1,-1,-1,-1,-1,-2,-2
2,"Environment: 2, FiringMode: 2",11.91338,false,0,0,0,NA,false,0,0,0,NA,-1,-1,-1,-1,-1,-2,-2,false,0,0,0,NA,-1,-1,-1,-1,-1,-2,-2
2,"Environment: 2, FiringMode: 2",11.91469,false,0,0,0,NA,false,0,0,0,NA,-1,-1,-1,-1,-1,-2,-2,false,0,0,0,NA,-1,-1,-1,-1,-1,-2,-2
2,"Environment: 2, FiringMode: 2",11.91605,false,0,0,0,NA,false,0,0,0,NA,-1,-1,-1,-1,-1,-2,-2,false,0,0,0,NA,-1,-1,-1,-1,-1,-2,-2
2,"Environment: 2, FiringMode: 2",11.91745,false,0,0,0,NA,false,0,0,0,NA,-1,-1,-1,-1,-1,-2,-2,false,0,0,0,NA,-1,-1,-1,-1,-1,-2,-2
2,"Environment: 2, FiringMode: 2",11.91875,false,0,0,0,NA,false,0,0,0,NA,-1,-1,-1,-1,-1,-2,-2,false,0,0,0,NA,-1,-1,-1,-1,-1,-2,-2
2,"Environment: 2, FiringMode: 2",11.92017,false,0,0,0,NA,false,0,0,0,NA,-1,-1,-1,-1,-1,-2,-2,false,0,0,0,NA,-1,-1,-1,-1,-1,-2,-2
2,"Environment: 2, FiringMode: 2",11.92155,false,0,0,0,NA,false,0,0,0,NA,-1,-1,-1,-1,-1,-2,-2,false,0,0,0,NA,-1,-1,-1,-1,-1,-2,-2
2,"Environment: 2, FiringMode: 2",11.92307,false,0,0,0,NA,false,0,0,0,NA,-1,-1,-1,-1,-1,-2,-2,false,0,0,0,NA,-1,-1,-1,-1,-1,-2,-2
2,"Environment: 2, FiringMode: 2",11.92439,false,0,0,0,NA,false,0,0,0,NA,-1,-1,-1,-1,-1,-2,-2,false,0,0,0,NA,-1,-1,-1,-1,-1,-2,-2
2,"Environment: 2, FiringMode: 2",11.92587,false,0,0,0,NA,false,0,0,0,NA,-1,-1,-1,-1,-1,-2,-2,false,0,0,0,NA,-1,-1,-1,-1,-1,-2,-2
2,"Environment: 2, FiringMode: 2",11.92718,false,0,0,0,NA,false,0,0,0,NA,-1,-1,-1,-1,-1,-2,-2,false,0,0,0,NA,-1,-1,-1,-1,-1,-2,-2
2,"Environment: 2, FiringMode: 2",11.92846,false,0,0,0,NA,false,0,0,0,NA,-1,-1,-1,-1,-1,-2,-2,false,0,0,0,NA,-1,-1,-1,-1,-1,-2,-2
2,"Environment: 2, FiringMode: 2",11.92973,false,0,0,0,NA,false,0,0,0,NA,-1,-1,-1,-1,-1,-2,-2,false,0,0,0,NA,-1,-1,-1,-1,-1,-2,-2
2,"Environment: 2, FiringMode: 2",11.93105,false,0,0,0,NA,false,0,0,0,NA,-1,-1,-1,-1,-1,-2,-2,false,0,0,0,NA,-1,-1,-1,-1,-1,-2,-2
2,"Environment: 2, FiringMode: 2",11.93237,false,0,0,0,NA,false,0,0,0,NA,-1,-1,-1,-1,-1,-2,-2,false,0,0,0,NA,-1,-1,-1,-1,-1,-2,-2
2,"Environment: 2, FiringMode: 2",11.93364,false,0,0,0,NA,false,0,0,0,NA,-1,-1,-1,-1,-1,-2,-2,false,0,0,0,NA,-1,-1,-1,-1,-1,-2,-2
2,"Environment: 2, FiringMode: 2",11.93509,false,0,0,0,NA,false,0,0,0,NA,-1,-1,-1,-1,-1,-2,-2,false,0,0,0,NA,-1,-1,-1,-1,-1,-2,-2
2,"Environment: 2, FiringMode: 2",11.93643,false,0,0,0,NA,false,0,0,0,NA,-1,-1,-1,-1,-1,-2,-2,false,0,0,0,NA,-1,-1,-1,-1,-1,-2,-2
2,"Environment: 2, FiringMode: 2",11.93774,false,0,0,0,NA,false,0,0,0,NA,-1,-1,-1,-1,-1,-2,-2,false,0,0,0,NA,-1,-1,-1,-1,-1,-2,-2
2,"Environment: 2, FiringMode: 2",11.93913,false,0,0,0,NA,false,0,0,0,NA,-1,-1,-1,-1,-1,-2,-2,false,0,0,0,NA,-1,-1,-1,-1,-1,-2,-2
2,"Environment: 2, FiringMode: 2",11.94045,false,0,0,0,NA,false,0,0,0,NA,-1,-1,-1,-1,-1,-2,-2,false,0,0,0,NA,-1,-1,-1,-1,-1,-2,-2
2,"Environment: 2, FiringMode: 2",11.94172,false,0,0,0,NA,false,0,0,0,NA,-1,-1,-1,-1,-1,-2,-2,false,0,0,0,NA,-1,-1,-1,-1,-1,-2,-2
2,"Environment: 2, FiringMode: 2",11.94302,false,0,0,0,NA,false,0,0,0,NA,-1,-1,-1,-1,-1,-2,-2,false,0,0,0,NA,-1,-1,-1,-1,-1,-2,-2
2,"Environment: 2, FiringMode: 2",11.94455,false,0,0,0,NA,false,0,0,0,NA,-1,-1,-1,-1,-1,-2,-2,false,0,0,0,NA,-1,-1,-1,-1,-1,-2,-2
2,"Environment: 2, FiringMode: 2",11.94608,false,0,0,0,NA,false,0,0,0,NA,-1,-1,-1,-1,-1,-2,-2,false,0,0,0,NA,-1,-1,-1,-1,-1,-2,-2
2,"Environment: 2, FiringMode: 2",11.94741,false,0,0,0,NA,false,0,0,0,NA,-1,-1,-1,-1,-1,-2,-2,false,0,0,0,NA,-1,-1,-1,-1,-1,-2,-2
2,"Environment: 2, FiringMode: 2",11.94867,false,0,0,0,NA,false,0,0,0,NA,-1,-1,-1,-1,-1,-2,-2,false,0,0,0,NA,-1,-1,-1,-1,-1,-2,-2
2,"Environment: 2, FiringMode: 2",11.94991,false,0,0,0,NA,false,0,0,0,NA,-1,-1,-1,-1,-1,-2,-2,false,0,0,0,NA,-1,-1,-1,-1,-1,-2,-2
2,"Environment: 2, FiringMode: 2",11.95114,false,0,0,0,NA,false,0,0,0,NA,-1,-1,-1,-1,-1,-2,-2,false,0,0,0,NA,-1,-1,-1,-1,-1,-2,-2
2,"Environment: 2, FiringMode: 2",11.9524,false,0,0,0,NA,false,0,0,0,NA,-1,-1,-1,-1,-1,-2,-2,false,0,0,0,NA,-1,-1,-1,-1,-1,-2,-2
2,"Environment: 2, FiringMode: 2",11.9537,false,0,0,0,NA,false,0,0,0,NA,-1,-1,-1,-1,-1,-2,-2,false,0,0,0,NA,-1,-1,-1,-1,-1,-2,-2
2,"Environment: 2, FiringMode: 2",11.95496,false,0,0,0,NA,false,0,0,0,NA,-1,-1,-1,-1,-1,-2,-2,false,0,0,0,NA,-1,-1,-1,-1,-1,-2,-2
2,"Environment: 2, FiringMode: 2",11.9563,false,0,0,0,NA,false,0,0,0,NA,-1,-1,-1,-1,-1,-2,-2,false,0,0,0,NA,-1,-1,-1,-1,-1,-2,-2
2,"Environment: 2, FiringMode: 2",11.95759,false,0,0,0,NA,false,0,0,0,NA,-1,-1,-1,-1,-1,-2,-2,false,0,0,0,NA,-1,-1,-1,-1,-1,-2,-2
2,"Environment: 2, FiringMode: 2",11.95908,false,0,0,0,NA,false,0,0,0,NA,-1,-1,-1,-1,-1,-2,-2,false,0,0,0,NA,-1,-1,-1,-1,-1,-2,-2
2,"Environment: 2, FiringMode: 2",11.96045,false,0,0,0,NA,false,0,0,0,NA,-1,-1,-1,-1,-1,-2,-2,false,0,0,0,NA,-1,-1,-1,-1,-1,-2,-2
2,"Environment: 2, FiringMode: 2",11.9618,false,0,0,0,NA,false,0,0,0,NA,-1,-1,-1,-1,-1,-2,-2,false,0,0,0,NA,-1,-1,-1,-1,-1,-2,-2
2,"Environment: 2, FiringMode: 2",11.96309,false,0,0,0,NA,false,0,0,0,NA,-1,-1,-1,-1,-1,-2,-2,false,0,0,0,NA,-1,-1,-1,-1,-1,-2,-2
2,"Environment: 2, FiringMode: 2",11.96442,false,0,0,0,NA,false,0,0,0,NA,-1,-1,-1,-1,-1,-2,-2,false,0,0,0,NA,-1,-1,-1,-1,-1,-2,-2
2,"Environment: 2, FiringMode: 2",11.96578,false,0,0,0,NA,false,0,0,0,NA,-1,-1,-1,-1,-1,-2,-2,false,0,0,0,NA,-1,-1,-1,-1,-1,-2,-2
2,"Environment: 2, FiringMode: 2",11.96712,false,0,0,0,NA,false,0,0,0,NA,-1,-1,-1,-1,-1,-2,-2,false,0,0,0,NA,-1,-1,-1,-1,-1,-2,-2
2,"Environment: 2, FiringMode: 2",11.96837,false,0,0,0,NA,false,0,0,0,NA,-1,-1,-1,-1,-1,-2,-2,false,0,0,0,NA,-1,-1,-1,-1,-1,-2,-2
2,"Environment: 2, FiringMode: 2",11.96967,false,0,0,0,NA,false,0,0,0,NA,-1,-1,-1,-1,-1,-2,-2,false,0,0,0,NA,-1,-1,-1,-1,-1,-2,-2
2,"Environment: 2, FiringMode: 2",11.97096,false,0,0,0,NA,false,0,0,0,NA,-1,-1,-1,-1,-1,-2,-2,false,0,0,0,NA,-1,-1,-1,-1,-1,-2,-2
2,"Environment: 2, FiringMode: 2",11.97233,false,0,0,0,NA,false,0,0,0,NA,-1,-1,-1,-1,-1,-2,-2,false,0,0,0,NA,-1,-1,-1,-1,-1,-2,-2
2,"Environment: 2, FiringMode: 2",11.97369,false,0,0,0,NA,false,0,0,0,NA,-1,-1,-1,-1,-1,-2,-2,false,0,0,0,NA,-1,-1,-1,-1,-1,-2,-2
2,"Environment: 2, FiringMode: 2",11.97502,false,0,0,0,NA,false,0,0,0,NA,-1,-1,-1,-1,-1,-2,-2,false,0,0,0,NA,-1,-1,-1,-1,-1,-2,-2
2,"Environment: 2, FiringMode: 2",11.97634,false,0,0,0,NA,false,0,0,0,NA,-1,-1,-1,-1,-1,-2,-2,false,0,0,0,NA,-1,-1,-1,-1,-1,-2,-2
2,"Environment: 2, FiringMode: 2",11.97774,false,0,0,0,NA,false,0,0,0,NA,-1,-1,-1,-1,-1,-2,-2,false,0,0,0,NA,-1,-1,-1,-1,-1,-2,-2
2,"Environment: 2, FiringMode: 2",11.97914,false,0,0,0,NA,false,0,0,0,NA,-1,-1,-1,-1,-1,-2,-2,false,0,0,0,NA,-1,-1,-1,-1,-1,-2,-2
2,"Environment: 2, FiringMode: 2",11.9804,false,0,0,0,NA,false,0,0,0,NA,-1,-1,-1,-1,-1,-2,-2,false,0,0,0,NA,-1,-1,-1,-1,-1,-2,-2
2,"Environment: 2, FiringMode: 2",11.98165,false,0,0,0,NA,false,0,0,0,NA,-1,-1,-1,-1,-1,-2,-2,false,0,0,0,NA,-1,-1,-1,-1,-1,-2,-2
2,"Environment: 2, FiringMode: 2",11.98293,false,0,0,0,NA,false,0,0,0,NA,-1,-1,-1,-1,-1,-2,-2,false,0,0,0,NA,-1,-1,-1,-1,-1,-2,-2
2,"Environment: 2, FiringMode: 2",11.98423,false,0,0,0,NA,false,0,0,0,NA,-1,-1,-1,-1,-1,-2,-2,false,0,0,0,NA,-1,-1,-1,-1,-1,-2,-2
2,"Environment: 2, FiringMode: 2",11.98558,false,0,0,0,NA,false,0,0,0,NA,-1,-1,-1,-1,-1,-2,-2,false,0,0,0,NA,-1,-1,-1,-1,-1,-2,-2
2,"Environment: 2, FiringMode: 2",11.98708,false,0,0,0,NA,false,0,0,0,NA,-1,-1,-1,-1,-1,-2,-2,false,0,0,0,NA,-1,-1,-1,-1,-1,-2,-2
2,"Environment: 2, FiringMode: 2",11.9884,false,0,0,0,NA,false,0,0,0,NA,-1,-1,-1,-1,-1,-2,-2,false,0,0,0,NA,-1,-1,-1,-1,-1,-2,-2
2,"Environment: 2, FiringMode: 2",11.98974,false,0,0,0,NA,false,0,0,0,NA,-1,-1,-1,-1,-1,-2,-2,false,0,0,0,NA,-1,-1,-1,-1,-1,-2,-2
2,"Environment: 2, FiringMode: 2",11.99104,false,0,0,0,NA,false,0,0,0,NA,-1,-1,-1,-1,-1,-2,-2,false,0,0,0,NA,-1,-1,-1,-1,-1,-2,-2
2,"Environment: 2, FiringMode: 2",11.99235,false,0,0,0,NA,false,0,0,0,NA,-1,-1,-1,-1,-1,-2,-2,false,0,0,0,NA,-1,-1,-1,-1,-1,-2,-2
2,"Environment: 2, FiringMode: 2",11.99363,false,0,0,0,NA,false,0,0,0,NA,-1,-1,-1,-1,-1,-2,-2,false,0,0,0,NA,-1,-1,-1,-1,-1,-2,-2
2,"Environment: 2, FiringMode: 2",11.99495,false,0,0,0,NA,false,0,0,0,NA,-1,-1,-1,-1,-1,-2,-2,false,0,0,0,NA,-1,-1,-1,-1,-1,-2,-2
2,"Environment: 2, FiringMode: 2",11.99622,false,0,0,0,NA,false,0,0,0,NA,-1,-1,-1,-1,-1,-2,-2,false,0,0,0,NA,-1,-1,-1,-1,-1,-2,-2
2,"Environment: 2, FiringMode: 2",11.99747,false,0,0,0,NA,false,0,0,0,NA,-1,-1,-1,-1,-1,-2,-2,false,0,0,0,NA,-1,-1,-1,-1,-1,-2,-2
2,"Environment: 2, FiringMode: 2",11.99876,false,0,0,0,NA,false,0,0,0,NA,-1,-1,-1,-1,-1,-2,-2,false,0,0,0,NA,-1,-1,-1,-1,-1,-2,-2
2,"Environment: 2, FiringMode: 2",12.00024,false,0,0,0,NA,false,0,0,0,NA,-1,-1,-1,-1,-1,-2,-2,false,0,0,0,NA,-1,-1,-1,-1,-1,-2,-2
2,"Environment: 2, FiringMode: 2",12.00166,false,0,0,0,NA,false,0,0,0,NA,-1,-1,-1,-1,-1,-2,-2,false,0,0,0,NA,-1,-1,-1,-1,-1,-2,-2
2,"Environment: 2, FiringMode: 2",12.00295,false,0,0,0,NA,false,0,0,0,NA,-1,-1,-1,-1,-1,-2,-2,false,0,0,0,NA,-1,-1,-1,-1,-1,-2,-2
2,"Environment: 2, FiringMode: 2",12.00427,false,0,0,0,NA,false,0,0,0,NA,-1,-1,-1,-1,-1,-2,-2,false,0,0,0,NA,-1,-1,-1,-1,-1,-2,-2
2,"Environment: 2, FiringMode: 2",12.00563,false,0,0,0,NA,false,0,0,0,NA,-1,-1,-1,-1,-1,-2,-2,false,0,0,0,NA,-1,-1,-1,-1,-1,-2,-2
2,"Environment: 2, FiringMode: 2",12.00692,false,0,0,0,NA,false,0,0,0,NA,-1,-1,-1,-1,-1,-2,-2,false,0,0,0,NA,-1,-1,-1,-1,-1,-2,-2
2,"Environment: 2, FiringMode: 2",12.00823,false,0,0,0,NA,false,0,0,0,NA,-1,-1,-1,-1,-1,-2,-2,false,0,0,0,NA,-1,-1,-1,-1,-1,-2,-2
2,"Environment: 2, FiringMode: 2",12.00948,false,0,0,0,NA,false,0,0,0,NA,-1,-1,-1,-1,-1,-2,-2,false,0,0,0,NA,-1,-1,-1,-1,-1,-2,-2
2,"Environment: 2, FiringMode: 2",12.01072,false,0,0,0,NA,false,0,0,0,NA,-1,-1,-1,-1,-1,-2,-2,false,0,0,0,NA,-1,-1,-1,-1,-1,-2,-2
2,"Environment: 2, FiringMode: 2",12.01195,false,0,0,0,NA,false,0,0,0,NA,-1,-1,-1,-1,-1,-2,-2,false,0,0,0,NA,-1,-1,-1,-1,-1,-2,-2
2,"Environment: 2, FiringMode: 2",12.01329,false,0,0,0,NA,false,0,0,0,NA,-1,-1,-1,-1,-1,-2,-2,false,0,0,0,NA,-1,-1,-1,-1,-1,-2,-2
2,"Environment: 2, FiringMode: 2",12.01466,false,0,0,0,NA,false,0,0,0,NA,-1,-1,-1,-1,-1,-2,-2,false,0,0,0,NA,-1,-1,-1,-1,-1,-2,-2
2,"Environment: 2, FiringMode: 2",12.01599,false,0,0,0,NA,false,0,0,0,NA,-1,-1,-1,-1,-1,-2,-2,false,0,0,0,NA,-1,-1,-1,-1,-1,-2,-2
2,"Environment: 2, FiringMode: 2",12.0173,false,0,0,0,NA,false,0,0,0,NA,-1,-1,-1,-1,-1,-2,-2,false,0,0,0,NA,-1,-1,-1,-1,-1,-2,-2
2,"Environment: 2, FiringMode: 2",12.01865,false,0,0,0,NA,false,0,0,0,NA,-1,-1,-1,-1,-1,-2,-2,false,0,0,0,NA,-1,-1,-1,-1,-1,-2,-2
2,"Environment: 2, FiringMode: 2",12.02012,false,0,0,0,NA,false,0,0,0,NA,-1,-1,-1,-1,-1,-2,-2,false,0,0,0,NA,-1,-1,-1,-1,-1,-2,-2
2,"Environment: 2, FiringMode: 2",12.02137,false,0,0,0,NA,false,0,0,0,NA,-1,-1,-1,-1,-1,-2,-2,false,0,0,0,NA,-1,-1,-1,-1,-1,-2,-2
2,"Environment: 2, FiringMode: 2",12.02313,false,0,0,0,NA,false,0,0,0,NA,-1,-1,-1,-1,-1,-2,-2,false,0,0,0,NA,-1,-1,-1,-1,-1,-2,-2
2,"Environment: 2, FiringMode: 2",12.02437,false,0,0,0,NA,false,0,0,0,NA,-1,-1,-1,-1,-1,-2,-2,false,0,0,0,NA,-1,-1,-1,-1,-1,-2,-2
2,"Environment: 2, FiringMode: 2",12.02563,false,0,0,0,NA,false,0,0,0,NA,-1,-1,-1,-1,-1,-2,-2,false,0,0,0,NA,-1,-1,-1,-1,-1,-2,-2
2,"Environment: 2, FiringMode: 2",12.02697,false,0,0,0,NA,false,0,0,0,NA,-1,-1,-1,-1,-1,-2,-2,false,0,0,0,NA,-1,-1,-1,-1,-1,-2,-2
2,"Environment: 2, FiringMode: 2",12.02827,false,0,0,0,NA,false,0,0,0,NA,-1,-1,-1,-1,-1,-2,-2,false,0,0,0,NA,-1,-1,-1,-1,-1,-2,-2
2,"Environment: 2, FiringMode: 2",12.02963,false,0,0,0,NA,false,0,0,0,NA,-1,-1,-1,-1,-1,-2,-2,false,0,0,0,NA,-1,-1,-1,-1,-1,-2,-2
2,"Environment: 2, FiringMode: 2",12.03103,false,0,0,0,NA,false,0,0,0,NA,-1,-1,-1,-1,-1,-2,-2,false,0,0,0,NA,-1,-1,-1,-1,-1,-2,-2
2,"Environment: 2, FiringMode: 2",12.03236,false,0,0,0,NA,false,0,0,0,NA,-1,-1,-1,-1,-1,-2,-2,false,0,0,0,NA,-1,-1,-1,-1,-1,-2,-2
2,"Environment: 2, FiringMode: 2",12.03369,false,0,0,0,NA,false,0,0,0,NA,-1,-1,-1,-1,-1,-2,-2,false,0,0,0,NA,-1,-1,-1,-1,-1,-2,-2
2,"Environment: 2, FiringMode: 2",12.03501,false,0,0,0,NA,false,0,0,0,NA,-1,-1,-1,-1,-1,-2,-2,false,0,0,0,NA,-1,-1,-1,-1,-1,-2,-2
2,"Environment: 2, FiringMode: 2",12.03631,false,0,0,0,NA,false,0,0,0,NA,-1,-1,-1,-1,-1,-2,-2,false,0,0,0,NA,-1,-1,-1,-1,-1,-2,-2
2,"Environment: 2, FiringMode: 2",12.03753,false,0,0,0,NA,false,0,0,0,NA,-1,-1,-1,-1,-1,-2,-2,false,0,0,0,NA,-1,-1,-1,-1,-1,-2,-2
2,"Environment: 2, FiringMode: 2",12.03876,false,0,0,0,NA,false,0,0,0,NA,-1,-1,-1,-1,-1,-2,-2,false,0,0,0,NA,-1,-1,-1,-1,-1,-2,-2
2,"Environment: 2, FiringMode: 2",12.04018,false,0,0,0,NA,false,0,0,0,NA,-1,-1,-1,-1,-1,-2,-2,false,0,0,0,NA,-1,-1,-1,-1,-1,-2,-2
2,"Environment: 2, FiringMode: 2",12.04157,false,0,0,0,NA,false,0,0,0,NA,-1,-1,-1,-1,-1,-2,-2,false,0,0,0,NA,-1,-1,-1,-1,-1,-2,-2
2,"Environment: 2, FiringMode: 2",12.04293,false,0,0,0,NA,false,0,0,0,NA,-1,-1,-1,-1,-1,-2,-2,false,0,0,0,NA,-1,-1,-1,-1,-1,-2,-2
2,"Environment: 2, FiringMode: 2",12.04427,false,0,0,0,NA,false,0,0,0,NA,-1,-1,-1,-1,-1,-2,-2,false,0,0,0,NA,-1,-1,-1,-1,-1,-2,-2
2,"Environment: 2, FiringMode: 2",12.04554,false,0,0,0,NA,false,0,0,0,NA,-1,-1,-1,-1,-1,-2,-2,false,0,0,0,NA,-1,-1,-1,-1,-1,-2,-2
2,"Environment: 2, FiringMode: 2",12.04681,false,0,0,0,NA,false,0,0,0,NA,-1,-1,-1,-1,-1,-2,-2,false,0,0,0,NA,-1,-1,-1,-1,-1,-2,-2
2,"Environment: 2, FiringMode: 2",12.0481,false,0,0,0,NA,false,0,0,0,NA,-1,-1,-1,-1,-1,-2,-2,false,0,0,0,NA,-1,-1,-1,-1,-1,-2,-2
2,"Environment: 2, FiringMode: 2",12.04941,false,0,0,0,NA,false,0,0,0,NA,-1,-1,-1,-1,-1,-2,-2,false,0,0,0,NA,-1,-1,-1,-1,-1,-2,-2
2,"Environment: 2, FiringMode: 2",12.0507,false,0,0,0,NA,false,0,0,0,NA,-1,-1,-1,-1,-1,-2,-2,false,0,0,0,NA,-1,-1,-1,-1,-1,-2,-2
2,"Environment: 2, FiringMode: 2",12.05191,false,0,0,0,NA,false,0,0,0,NA,-1,-1,-1,-1,-1,-2,-2,false,0,0,0,NA,-1,-1,-1,-1,-1,-2,-2
2,"Environment: 2, FiringMode: 2",12.05314,false,0,0,0,NA,false,0,0,0,NA,-1,-1,-1,-1,-1,-2,-2,false,0,0,0,NA,-1,-1,-1,-1,-1,-2,-2
2,"Environment: 2, FiringMode: 2",12.05442,false,0,0,0,NA,false,0,0,0,NA,-1,-1,-1,-1,-1,-2,-2,false,0,0,0,NA,-1,-1,-1,-1,-1,-2,-2
2,"Environment: 2, FiringMode: 2",12.05574,false,0,0,0,NA,false,0,0,0,NA,-1,-1,-1,-1,-1,-2,-2,false,0,0,0,NA,-1,-1,-1,-1,-1,-2,-2
2,"Environment: 2, FiringMode: 2",12.05705,false,0,0,0,NA,false,0,0,0,NA,-1,-1,-1,-1,-1,-2,-2,false,0,0,0,NA,-1,-1,-1,-1,-1,-2,-2
2,"Environment: 2, FiringMode: 2",12.05833,false,0,0,0,NA,false,0,0,0,NA,-1,-1,-1,-1,-1,-2,-2,false,0,0,0,NA,-1,-1,-1,-1,-1,-2,-2
2,"Environment: 2, FiringMode: 2",12.05967,false,0,0,0,NA,false,0,0,0,NA,-1,-1,-1,-1,-1,-2,-2,false,0,0,0,NA,-1,-1,-1,-1,-1,-2,-2
2,"Environment: 2, FiringMode: 2",12.06101,false,0,0,0,NA,false,0,0,0,NA,-1,-1,-1,-1,-1,-2,-2,false,0,0,0,NA,-1,-1,-1,-1,-1,-2,-2
2,"Environment: 2, FiringMode: 2",12.06231,false,0,0,0,NA,false,0,0,0,NA,-1,-1,-1,-1,-1,-2,-2,false,0,0,0,NA,-1,-1,-1,-1,-1,-2,-2
2,"Environment: 2, FiringMode: 2",12.0636,false,0,0,0,NA,false,0,0,0,NA,-1,-1,-1,-1,-1,-2,-2,false,0,0,0,NA,-1,-1,-1,-1,-1,-2,-2
2,"Environment: 2, FiringMode: 2",12.06481,false,0,0,0,NA,false,0,0,0,NA,-1,-1,-1,-1,-1,-2,-2,false,0,0,0,NA,-1,-1,-1,-1,-1,-2,-2
2,"Environment: 2, FiringMode: 2",12.06609,false,0,0,0,NA,false,0,0,0,NA,-1,-1,-1,-1,-1,-2,-2,false,0,0,0,NA,-1,-1,-1,-1,-1,-2,-2
2,"Environment: 2, FiringMode: 2",12.06735,false,0,0,0,NA,false,0,0,0,NA,-1,-1,-1,-1,-1,-2,-2,false,0,0,0,NA,-1,-1,-1,-1,-1,-2,-2
2,"Environment: 2, FiringMode: 2",12.06857,false,0,0,0,NA,false,0,0,0,NA,-1,-1,-1,-1,-1,-2,-2,false,0,0,0,NA,-1,-1,-1,-1,-1,-2,-2
2,"Environment: 2, FiringMode: 2",12.06993,false,0,0,0,NA,false,0,0,0,NA,-1,-1,-1,-1,-1,-2,-2,false,0,0,0,NA,-1,-1,-1,-1,-1,-2,-2
2,"Environment: 2, FiringMode: 2",12.07124,false,0,0,0,NA,false,0,0,0,NA,-1,-1,-1,-1,-1,-2,-2,false,0,0,0,NA,-1,-1,-1,-1,-1,-2,-2
2,"Environment: 2, FiringMode: 2",12.07248,false,0,0,0,NA,false,0,0,0,NA,-1,-1,-1,-1,-1,-2,-2,false,0,0,0,NA,-1,-1,-1,-1,-1,-2,-2
2,"Environment: 2, FiringMode: 2",12.07382,false,0,0,0,NA,false,0,0,0,NA,-1,-1,-1,-1,-1,-2,-2,false,0,0,0,NA,-1,-1,-1,-1,-1,-2,-2
2,"Environment: 2, FiringMode: 2",12.07514,false,0,0,0,NA,false,0,0,0,NA,-1,-1,-1,-1,-1,-2,-2,false,0,0,0,NA,-1,-1,-1,-1,-1,-2,-2
2,"Environment: 2, FiringMode: 2",12.07657,false,0,0,0,NA,false,0,0,0,NA,-1,-1,-1,-1,-1,-2,-2,false,0,0,0,NA,-1,-1,-1,-1,-1,-2,-2
2,"Environment: 2, FiringMode: 2",12.0782,false,0,0,0,NA,false,0,0,0,NA,-1,-1,-1,-1,-1,-2,-2,false,0,0,0,NA,-1,-1,-1,-1,-1,-2,-2
2,"Environment: 2, FiringMode: 2",12.07965,false,0,0,0,NA,false,0,0,0,NA,-1,-1,-1,-1,-1,-2,-2,false,0,0,0,NA,-1,-1,-1,-1,-1,-2,-2
2,"Environment: 2, FiringMode: 2",12.08096,false,0,0,0,NA,false,0,0,0,NA,-1,-1,-1,-1,-1,-2,-2,false,0,0,0,NA,-1,-1,-1,-1,-1,-2,-2
2,"Environment: 2, FiringMode: 2",12.08227,false,0,0,0,NA,false,0,0,0,NA,-1,-1,-1,-1,-1,-2,-2,false,0,0,0,NA,-1,-1,-1,-1,-1,-2,-2
2,"Environment: 2, FiringMode: 2",12.08365,false,0,0,0,NA,false,0,0,0,NA,-1,-1,-1,-1,-1,-2,-2,false,0,0,0,NA,-1,-1,-1,-1,-1,-2,-2
2,"Environment: 2, FiringMode: 2",12.08498,false,0,0,0,NA,false,0,0,0,NA,-1,-1,-1,-1,-1,-2,-2,false,0,0,0,NA,-1,-1,-1,-1,-1,-2,-2
2,"Environment: 2, FiringMode: 2",12.08627,false,0,0,0,NA,false,0,0,0,NA,-1,-1,-1,-1,-1,-2,-2,false,0,0,0,NA,-1,-1,-1,-1,-1,-2,-2
2,"Environment: 2, FiringMode: 2",12.08755,false,0,0,0,NA,false,0,0,0,NA,-1,-1,-1,-1,-1,-2,-2,false,0,0,0,NA,-1,-1,-1,-1,-1,-2,-2
2,"Environment: 2, FiringMode: 2",12.08893,false,0,0,0,NA,false,0,0,0,NA,-1,-1,-1,-1,-1,-2,-2,false,0,0,0,NA,-1,-1,-1,-1,-1,-2,-2
2,"Environment: 2, FiringMode: 2",12.09021,false,0,0,0,NA,false,0,0,0,NA,-1,-1,-1,-1,-1,-2,-2,false,0,0,0,NA,-1,-1,-1,-1,-1,-2,-2
2,"Environment: 2, FiringMode: 2",12.0915,false,0,0,0,NA,false,0,0,0,NA,-1,-1,-1,-1,-1,-2,-2,false,0,0,0,NA,-1,-1,-1,-1,-1,-2,-2
2,"Environment: 2, FiringMode: 2",12.09285,false,0,0,0,NA,false,0,0,0,NA,-1,-1,-1,-1,-1,-2,-2,false,0,0,0,NA,-1,-1,-1,-1,-1,-2,-2
2,"Environment: 2, FiringMode: 2",12.09412,false,0,0,0,NA,false,0,0,0,NA,-1,-1,-1,-1,-1,-2,-2,false,0,0,0,NA,-1,-1,-1,-1,-1,-2,-2
2,"Environment: 2, FiringMode: 2",12.0954,false,0,0,0,NA,false,0,0,0,NA,-1,-1,-1,-1,-1,-2,-2,false,0,0,0,NA,-1,-1,-1,-1,-1,-2,-2
2,"Environment: 2, FiringMode: 2",12.09672,false,0,0,0,NA,false,0,0,0,NA,-1,-1,-1,-1,-1,-2,-2,false,0,0,0,NA,-1,-1,-1,-1,-1,-2,-2
2,"Environment: 2, FiringMode: 2",12.09811,false,0,0,0,NA,false,0,0,0,NA,-1,-1,-1,-1,-1,-2,-2,false,0,0,0,NA,-1,-1,-1,-1,-1,-2,-2
2,"Environment: 2, FiringMode: 2",12.09988,false,0,0,0,NA,false,0,0,0,NA,-1,-1,-1,-1,-1,-2,-2,false,0,0,0,NA,-1,-1,-1,-1,-1,-2,-2
2,"Environment: 2, FiringMode: 2",12.10115,false,0,0,0,NA,false,0,0,0,NA,-1,-1,-1,-1,-1,-2,-2,false,0,0,0,NA,-1,-1,-1,-1,-1,-2,-2
2,"Environment: 2, FiringMode: 2",12.10247,false,0,0,0,NA,false,0,0,0,NA,-1,-1,-1,-1,-1,-2,-2,false,0,0,0,NA,-1,-1,-1,-1,-1,-2,-2
2,"Environment: 2, FiringMode: 2",12.10383,false,0,0,0,NA,false,0,0,0,NA,-1,-1,-1,-1,-1,-2,-2,false,0,0,0,NA,-1,-1,-1,-1,-1,-2,-2
2,"Environment: 2, FiringMode: 2",12.10508,false,0,0,0,NA,false,0,0,0,NA,-1,-1,-1,-1,-1,-2,-2,false,0,0,0,NA,-1,-1,-1,-1,-1,-2,-2
2,"Environment: 2, FiringMode: 2",12.10642,false,0,0,0,NA,false,0,0,0,NA,-1,-1,-1,-1,-1,-2,-2,false,0,0,0,NA,-1,-1,-1,-1,-1,-2,-2
2,"Environment: 2, FiringMode: 2",12.10772,false,0,0,0,NA,false,0,0,0,NA,-1,-1,-1,-1,-1,-2,-2,false,0,0,0,NA,-1,-1,-1,-1,-1,-2,-2
2,"Environment: 2, FiringMode: 2",12.10899,false,0,0,0,NA,false,0,0,0,NA,-1,-1,-1,-1,-1,-2,-2,false,0,0,0,NA,-1,-1,-1,-1,-1,-2,-2
2,"Environment: 2, FiringMode: 2",12.11029,false,0,0,0,NA,false,0,0,0,NA,-1,-1,-1,-1,-1,-2,-2,false,0,0,0,NA,-1,-1,-1,-1,-1,-2,-2
2,"Environment: 2, FiringMode: 2",12.12198,false,0,0,0,NA,false,0,0,0,NA,-1,-1,-1,-1,-1,-2,-2,false,0,0,0,NA,-1,-1,-1,-1,-1,-2,-2
2,"Environment: 2, FiringMode: 2",12.12643,false,0,0,0,NA,false,0,0,0,NA,-1,-1,-1,-1,-1,-2,-2,false,0,0,0,NA,-1,-1,-1,-1,-1,-2,-2
2,"Environment: 2, FiringMode: 2",12.12857,false,0,0,0,NA,false,0,0,0,NA,-1,-1,-1,-1,-1,-2,-2,false,0,0,0,NA,-1,-1,-1,-1,-1,-2,-2
2,"Environment: 2, FiringMode: 2",12.13,false,0,0,0,NA,false,0,0,0,NA,-1,-1,-1,-1,-1,-2,-2,false,0,0,0,NA,-1,-1,-1,-1,-1,-2,-2
2,"Environment: 2, FiringMode: 2",12.13141,false,0,0,0,NA,false,0,0,0,NA,-1,-1,-1,-1,-1,-2,-2,false,0,0,0,NA,-1,-1,-1,-1,-1,-2,-2
2,"Environment: 2, FiringMode: 2",12.13283,false,0,0,0,NA,false,0,0,0,NA,-1,-1,-1,-1,-1,-2,-2,false,0,0,0,NA,-1,-1,-1,-1,-1,-2,-2
2,"Environment: 2, FiringMode: 2",12.1342,false,0,0,0,NA,false,0,0,0,NA,-1,-1,-1,-1,-1,-2,-2,false,0,0,0,NA,-1,-1,-1,-1,-1,-2,-2
2,"Environment: 2, FiringMode: 2",12.13548,false,0,0,0,NA,false,0,0,0,NA,-1,-1,-1,-1,-1,-2,-2,false,0,0,0,NA,-1,-1,-1,-1,-1,-2,-2
2,"Environment: 2, FiringMode: 2",12.13704,false,0,0,0,NA,false,0,0,0,NA,-1,-1,-1,-1,-1,-2,-2,false,0,0,0,NA,-1,-1,-1,-1,-1,-2,-2
2,"Environment: 2, FiringMode: 2",12.13842,false,0,0,0,NA,false,0,0,0,NA,-1,-1,-1,-1,-1,-2,-2,false,0,0,0,NA,-1,-1,-1,-1,-1,-2,-2
2,"Environment: 2, FiringMode: 2",12.14035,false,0,0,0,NA,false,0,0,0,NA,-1,-1,-1,-1,-1,-2,-2,false,0,0,0,NA,-1,-1,-1,-1,-1,-2,-2
2,"Environment: 2, FiringMode: 2",12.14169,false,0,0,0,NA,false,0,0,0,NA,-1,-1,-1,-1,-1,-2,-2,false,0,0,0,NA,-1,-1,-1,-1,-1,-2,-2
2,"Environment: 2, FiringMode: 2",12.14312,false,0,0,0,NA,false,0,0,0,NA,-1,-1,-1,-1,-1,-2,-2,false,0,0,0,NA,-1,-1,-1,-1,-1,-2,-2
2,"Environment: 2, FiringMode: 2",12.1445,false,0,0,0,NA,false,0,0,0,NA,-1,-1,-1,-1,-1,-2,-2,false,0,0,0,NA,-1,-1,-1,-1,-1,-2,-2
2,"Environment: 2, FiringMode: 2",12.14585,false,0,0,0,NA,false,0,0,0,NA,-1,-1,-1,-1,-1,-2,-2,false,0,0,0,NA,-1,-1,-1,-1,-1,-2,-2
2,"Environment: 2, FiringMode: 2",12.14717,false,0,0,0,NA,false,0,0,0,NA,-1,-1,-1,-1,-1,-2,-2,false,0,0,0,NA,-1,-1,-1,-1,-1,-2,-2
2,"Environment: 2, FiringMode: 2",12.14848,false,0,0,0,NA,false,0,0,0,NA,-1,-1,-1,-1,-1,-2,-2,false,0,0,0,NA,-1,-1,-1,-1,-1,-2,-2
2,"Environment: 2, FiringMode: 2",12.14979,false,0,0,0,NA,false,0,0,0,NA,-1,-1,-1,-1,-1,-2,-2,false,0,0,0,NA,-1,-1,-1,-1,-1,-2,-2
2,"Environment: 2, FiringMode: 2",12.15105,false,0,0,0,NA,false,0,0,0,NA,-1,-1,-1,-1,-1,-2,-2,false,0,0,0,NA,-1,-1,-1,-1,-1,-2,-2
2,"Environment: 2, FiringMode: 2",12.15243,false,0,0,0,NA,false,0,0,0,NA,-1,-1,-1,-1,-1,-2,-2,false,0,0,0,NA,-1,-1,-1,-1,-1,-2,-2
2,"Environment: 2, FiringMode: 2",12.15383,false,0,0,0,NA,false,0,0,0,NA,-1,-1,-1,-1,-1,-2,-2,false,0,0,0,NA,-1,-1,-1,-1,-1,-2,-2
2,"Environment: 2, FiringMode: 2",12.1553,false,0,0,0,NA,false,0,0,0,NA,-1,-1,-1,-1,-1,-2,-2,false,0,0,0,NA,-1,-1,-1,-1,-1,-2,-2
2,"Environment: 2, FiringMode: 2",12.1566,false,0,0,0,NA,false,0,0,0,NA,-1,-1,-1,-1,-1,-2,-2,false,0,0,0,NA,-1,-1,-1,-1,-1,-2,-2
2,"Environment: 2, FiringMode: 2",12.15793,false,0,0,0,NA,false,0,0,0,NA,-1,-1,-1,-1,-1,-2,-2,false,0,0,0,NA,-1,-1,-1,-1,-1,-2,-2
2,"Environment: 2, FiringMode: 2",12.15937,false,0,0,0,NA,false,0,0,0,NA,-1,-1,-1,-1,-1,-2,-2,false,0,0,0,NA,-1,-1,-1,-1,-1,-2,-2
2,"Environment: 2, FiringMode: 2",12.16061,false,0,0,0,NA,false,0,0,0,NA,-1,-1,-1,-1,-1,-2,-2,false,0,0,0,NA,-1,-1,-1,-1,-1,-2,-2
2,"Environment: 2, FiringMode: 2",12.1619,false,0,0,0,NA,false,0,0,0,NA,-1,-1,-1,-1,-1,-2,-2,false,0,0,0,NA,-1,-1,-1,-1,-1,-2,-2
2,"Environment: 2, FiringMode: 2",12.16309,false,0,0,0,NA,false,0,0,0,NA,-1,-1,-1,-1,-1,-2,-2,false,0,0,0,NA,-1,-1,-1,-1,-1,-2,-2
2,"Environment: 2, FiringMode: 2",12.16435,false,0,0,0,NA,false,0,0,0,NA,-1,-1,-1,-1,-1,-2,-2,false,0,0,0,NA,-1,-1,-1,-1,-1,-2,-2
2,"Environment: 2, FiringMode: 2",12.16565,false,0,0,0,NA,false,0,0,0,NA,-1,-1,-1,-1,-1,-2,-2,false,0,0,0,NA,-1,-1,-1,-1,-1,-2,-2
2,"Environment: 2, FiringMode: 2",12.167,false,0,0,0,NA,false,0,0,0,NA,-1,-1,-1,-1,-1,-2,-2,false,0,0,0,NA,-1,-1,-1,-1,-1,-2,-2
2,"Environment: 2, FiringMode: 2",12.16829,false,0,0,0,NA,false,0,0,0,NA,-1,-1,-1,-1,-1,-2,-2,false,0,0,0,NA,-1,-1,-1,-1,-1,-2,-2
2,"Environment: 2, FiringMode: 2",12.16962,false,0,0,0,NA,false,0,0,0,NA,-1,-1,-1,-1,-1,-2,-2,false,0,0,0,NA,-1,-1,-1,-1,-1,-2,-2
2,"Environment: 2, FiringMode: 2",12.17148,false,0,0,0,NA,false,0,0,0,NA,-1,-1,-1,-1,-1,-2,-2,false,0,0,0,NA,-1,-1,-1,-1,-1,-2,-2
2,"Environment: 2, FiringMode: 2",12.17276,false,0,0,0,NA,false,0,0,0,NA,-1,-1,-1,-1,-1,-2,-2,false,0,0,0,NA,-1,-1,-1,-1,-1,-2,-2
2,"Environment: 2, FiringMode: 2",12.17402,false,0,0,0,NA,false,0,0,0,NA,-1,-1,-1,-1,-1,-2,-2,false,0,0,0,NA,-1,-1,-1,-1,-1,-2,-2
2,"Environment: 2, FiringMode: 2",12.17524,false,0,0,0,NA,false,0,0,0,NA,-1,-1,-1,-1,-1,-2,-2,false,0,0,0,NA,-1,-1,-1,-1,-1,-2,-2
2,"Environment: 2, FiringMode: 2",12.17649,false,0,0,0,NA,false,0,0,0,NA,-1,-1,-1,-1,-1,-2,-2,false,0,0,0,NA,-1,-1,-1,-1,-1,-2,-2
2,"Environment: 2, FiringMode: 2",12.17769,false,0,0,0,NA,false,0,0,0,NA,-1,-1,-1,-1,-1,-2,-2,false,0,0,0,NA,-1,-1,-1,-1,-1,-2,-2
2,"Environment: 2, FiringMode: 2",12.17903,false,0,0,0,NA,false,0,0,0,NA,-1,-1,-1,-1,-1,-2,-2,false,0,0,0,NA,-1,-1,-1,-1,-1,-2,-2
2,"Environment: 2, FiringMode: 2",12.18054,false,0,0,0,NA,false,0,0,0,NA,-1,-1,-1,-1,-1,-2,-2,false,0,0,0,NA,-1,-1,-1,-1,-1,-2,-2
2,"Environment: 2, FiringMode: 2",12.18197,false,0,0,0,NA,false,0,0,0,NA,-1,-1,-1,-1,-1,-2,-2,false,0,0,0,NA,-1,-1,-1,-1,-1,-2,-2
2,"Environment: 2, FiringMode: 2",12.18339,false,0,0,0,NA,false,0,0,0,NA,-1,-1,-1,-1,-1,-2,-2,false,0,0,0,NA,-1,-1,-1,-1,-1,-2,-2
2,"Environment: 2, FiringMode: 2",12.18463,false,0,0,0,NA,false,0,0,0,NA,-1,-1,-1,-1,-1,-2,-2,false,0,0,0,NA,-1,-1,-1,-1,-1,-2,-2
2,"Environment: 2, FiringMode: 2",12.18595,false,0,0,0,NA,false,0,0,0,NA,-1,-1,-1,-1,-1,-2,-2,false,0,0,0,NA,-1,-1,-1,-1,-1,-2,-2
2,"Environment: 2, FiringMode: 2",12.22575,false,0,0,0,NA,false,0,0,0,NA,-1,-1,-1,-1,-1,-2,-2,false,0,0,0,NA,-1,-1,-1,-1,-1,-2,-2
