pID,conditions,ts,headsetDetected,headsetPosX,headsetPosY,headsetPosZ,headsetRot,leftDetected,leftControllerPosX,leftControllerPosY,leftControllerPosZ,leftControllerRot,leftTrigger,leftGrip,leftPrimaryButton,leftSecondaryButton,leftPrimary2DAxisClick,leftThumbstickX,leftThumbstickY,rightDetected,rightControllerPosX,rightControllerPosY,rightControllerPosZ,rightControllerRot,rightTrigger,rightGrip,rightPrimaryButton,rightSecondaryButton,rightPrimary2DAxisClick,rightThumbstickX,rightThumbstickY
5,"Environment: 2, FiringMode: 1",5.146518,true,-1.586184,2.275203,1.01107,"(0.0344,0.9949,-0.0730,0.0599)",true,-1.356544,2.01751,0.6732335,"(0.0612,-0.9717,-0.1209,-0.1936)",0,0,0,0,0,0,0,true,-1.826637,2.014392,0.7730947,"(-0.0441,0.9959,0.0738,-0.0274)",0,0,0,0,0,0,0
5,"Environment: 2, FiringMode: 1",5.159611,true,-1.586285,2.274957,1.010979,"(0.0343,0.9949,-0.0738,0.0597)",true,-1.356546,2.017504,0.6731932,"(0.0613,-0.9717,-0.1209,-0.1935)",0,0,0,0,0,0,0,true,-1.826558,2.013958,0.7726415,"(-0.0404,0.9963,0.0699,-0.0298)",0,0,0,0,0,0,0
5,"Environment: 2, FiringMode: 1",5.173894,true,-1.586349,2.274702,1.010936,"(0.0341,0.9949,-0.0747,0.0594)",true,-1.356586,2.017498,0.6731976,"(0.0615,-0.9717,-0.1209,-0.1935)",0,0,0,0,0,0,0,true,-1.826401,2.013438,0.7720134,"(-0.0364,0.9967,0.0651,-0.0327)",0,0,0,0,0,0,0
5,"Environment: 2, FiringMode: 1",5.187041,true,-1.586353,2.274576,1.010928,"(0.0338,0.9948,-0.0750,0.0593)",true,-1.356639,2.017495,0.6732255,"(0.0617,-0.9717,-0.1209,-0.1936)",0,0,0,0,0,0,0,true,-1.825933,2.01295,0.7714366,"(-0.0329,0.9973,0.0575,-0.0323)",0,0,0,0,0,0,0
5,"Environment: 2, FiringMode: 1",5.200426,true,-1.586313,2.274584,1.010946,"(0.0338,0.9948,-0.0753,0.0593)",true,-1.356688,2.017499,0.6732641,"(0.0618,-0.9716,-0.1209,-0.1937)",0,0,0,0,0,0,0,true,-1.825491,2.012775,0.7711092,"(-0.0325,0.9977,0.0512,-0.0298)",0,0,0,0,0,0,0
5,"Environment: 2, FiringMode: 1",5.213807,true,-1.586318,2.274484,1.010972,"(0.0340,0.9947,-0.0761,0.0594)",true,-1.356651,2.017504,0.6732476,"(0.0618,-0.9716,-0.1209,-0.1938)",0,0,0,0,0,0,0,true,-1.824598,2.012158,0.7703506,"(-0.0311,0.9985,0.0381,-0.0246)",0,0,0,0,0,0,0
5,"Environment: 2, FiringMode: 1",5.227201,true,-1.586321,2.274388,1.011026,"(0.0339,0.9947,-0.0769,0.0594)",true,-1.356578,2.017517,0.6732321,"(0.0616,-0.9716,-0.1209,-0.1939)",0,0,0,0,0,0,0,true,-1.823374,2.011408,0.7694931,"(-0.0294,0.9991,0.0248,-0.0172)",0,0,0,0,0,0,0
5,"Environment: 2, FiringMode: 1",5.24121,true,-1.58633,2.274337,1.011014,"(0.0336,0.9946,-0.0777,0.0594)",true,-1.356577,2.017533,0.6732852,"(0.0615,-0.9716,-0.1210,-0.1940)",0,0,0,0,0,0,0,true,-1.821899,2.010491,0.768214,"(-0.0299,0.9995,0.0065,-0.0075)",0,0,0,0,0,0,0
5,"Environment: 2, FiringMode: 1",5.254874,true,-1.586338,2.274348,1.01091,"(0.0338,0.9946,-0.0777,0.0593)",true,-1.356552,2.017562,0.6733702,"(0.0614,-0.9715,-0.1211,-0.1944)",0,0,0,0,0,0,0,true,-1.820045,2.009458,0.7668264,"(-0.0272,0.9995,-0.0175,0.0009)",0,0,0,0,0,0,0
5,"Environment: 2, FiringMode: 1",5.268579,true,-1.586358,2.274423,1.010755,"(0.0338,0.9946,-0.0777,0.0592)",true,-1.356452,2.017625,0.6734475,"(0.0607,-0.9715,-0.1213,-0.1946)",0,0,0,0,0,0,0,true,-1.818086,2.007969,0.7659702,"(-0.0338,0.9988,-0.0328,0.0111)",0,0,0,0,0,0,0
5,"Environment: 2, FiringMode: 1",5.282278,true,-1.586354,2.274445,1.010574,"(0.0333,0.9947,-0.0774,0.0586)",true,-1.356166,2.017728,0.6734948,"(0.0591,-0.9715,-0.1215,-0.1949)",0,0,0,0,0,0,0,true,-1.815548,2.00672,0.7653615,"(-0.0264,0.9984,-0.0457,0.0192)",0,0,0,0,0,0,0
5,"Environment: 2, FiringMode: 1",5.29631,true,-1.586334,2.274378,1.01043,"(0.0327,0.9947,-0.0780,0.0579)",true,-1.355866,2.017743,0.6734648,"(0.0572,-0.9716,-0.1214,-0.1951)",0,0,0,0,0,0,0,true,-1.813166,2.005587,0.765046,"(-0.0097,0.9983,-0.0531,0.0219)",0,0,0,0,0,0,0
5,"Environment: 2, FiringMode: 1",5.310113,true,-1.586324,2.274225,1.010332,"(0.0325,0.9946,-0.0794,0.0576)",true,-1.355853,2.017726,0.6734611,"(0.0573,-0.9716,-0.1209,-0.1953)",0,0,0,0,0,0,0,true,-1.811489,2.003725,0.7641882,"(0.0043,0.9973,-0.0712,0.0168)",0,0,0,0,0,0,0
5,"Environment: 2, FiringMode: 1",5.323602,true,-1.58634,2.274022,1.010234,"(0.0329,0.9945,-0.0807,0.0576)",true,-1.355882,2.017728,0.6735324,"(0.0571,-0.9715,-0.1207,-0.1956)",0,0,0,0,0,0,0,true,-1.810266,2.001519,0.763134,"(0.0073,0.9950,-0.0992,0.0100)",0,0,0,0,0,0,0
5,"Environment: 2, FiringMode: 1",5.336827,true,-1.586375,2.273763,1.010089,"(0.0335,0.9944,-0.0818,0.0578)",true,-1.355949,2.017733,0.6735957,"(0.0571,-0.9715,-0.1207,-0.1957)",0,0,0,0,0,0,0,true,-1.808535,2.000341,0.762759,"(0.0069,0.9930,-0.1173,0.0070)",0,0,0,0,0,0,0
5,"Environment: 2, FiringMode: 1",5.350749,true,-1.58645,2.273482,1.009861,"(0.0337,0.9943,-0.0828,0.0579)",true,-1.355963,2.017703,0.6735636,"(0.0572,-0.9716,-0.1205,-0.1956)",0,0,0,0,0,0,0,true,-1.805,2.001103,0.7634575,"(0.0079,0.9926,-0.1208,0.0134)",0,0,0,0,0,0,0
5,"Environment: 2, FiringMode: 1",5.364533,true,-1.586558,2.273215,1.009596,"(0.0332,0.9942,-0.0840,0.0576)",true,-1.355996,2.017655,0.6734943,"(0.0575,-0.9716,-0.1203,-0.1955)",0,0,0,0,0,0,0,true,-1.800731,2.001744,0.7642266,"(0.0108,0.9915,-0.1278,0.0234)",0,0,0,0,0,0,0
5,"Environment: 2, FiringMode: 1",5.379358,true,-1.586855,2.272569,1.009365,"(0.0325,0.9942,-0.0855,0.0568)",true,-1.356248,2.017634,0.673529,"(0.0584,-0.9716,-0.1202,-0.1954)",0,0,0,0,0,0,0,true,-1.796743,2.000495,0.7639377,"(0.0120,0.9871,-0.1574,0.0280)",0,0,0,0,0,0,0
5,"Environment: 2, FiringMode: 1",5.392625,true,-1.587092,2.272022,1.009305,"(0.0322,0.9941,-0.0873,0.0563)",true,-1.356501,2.017633,0.6735557,"(0.0593,-0.9716,-0.1201,-0.1952)",0,0,0,0,0,0,0,true,-1.79273,1.998404,0.7634053,"(0.0189,0.9812,-0.1894,0.0308)",0,0,0,0,0,0,0
5,"Environment: 2, FiringMode: 1",5.406296,true,-1.587385,2.271605,1.009175,"(0.0322,0.9938,-0.0903,0.0558)",true,-1.356719,2.017621,0.6735389,"(0.0600,-0.9716,-0.1200,-0.1949)",0,0,0,0,0,0,0,true,-1.788401,1.99701,0.7633429,"(0.0311,0.9766,-0.2099,0.0340)",0,0,0,0,0,0,0
5,"Environment: 2, FiringMode: 1",5.421936,true,-1.58751,2.27112,1.009379,"(0.0318,0.9937,-0.0928,0.0545)",true,-1.356785,2.017589,0.6734498,"(0.0605,-0.9716,-0.1198,-0.1949)",0,0,0,0,0,0,0,true,-1.784681,1.998019,0.763597,"(0.0408,0.9766,-0.2086,0.0340)",0,0,0,0,0,0,0
5,"Environment: 2, FiringMode: 1",5.434385,true,-1.587709,2.2707,1.009324,"(0.0313,0.9936,-0.0951,0.0533)",true,-1.356783,2.017579,0.6734056,"(0.0606,-0.9716,-0.1197,-0.1950)",0,0,0,0,0,0,0,true,-1.781839,1.999714,0.7636066,"(0.0421,0.9775,-0.2045,0.0317)",0,0,0,0,0,0,0
5,"Environment: 2, FiringMode: 1",5.447935,true,-1.587911,2.270493,1.009216,"(0.0307,0.9935,-0.0968,0.0520)",true,-1.356797,2.017615,0.6734765,"(0.0606,-0.9716,-0.1196,-0.1951)",0,0,0,0,0,0,0,true,-1.779504,2.000265,0.7629746,"(0.0383,0.9758,-0.2135,0.0277)",0,0,0,0,0,0,0
5,"Environment: 2, FiringMode: 1",5.461915,true,-1.588074,2.270312,1.009133,"(0.0303,0.9934,-0.0978,0.0509)",true,-1.356801,2.017652,0.6735566,"(0.0605,-0.9716,-0.1196,-0.1952)",0,0,0,0,0,0,0,true,-1.776476,2.000657,0.7627832,"(0.0421,0.9746,-0.2178,0.0303)",0,0,0,0,0,0,0
5,"Environment: 2, FiringMode: 1",5.475963,true,-1.588184,2.270184,1.009055,"(0.0297,0.9935,-0.0984,0.0496)",true,-1.356735,2.017675,0.6735752,"(0.0602,-0.9716,-0.1196,-0.1954)",0,0,0,0,0,0,0,true,-1.772959,2.001359,0.7629452,"(0.0513,0.9743,-0.2163,0.0368)",0,0,0,0,0,0,0
5,"Environment: 2, FiringMode: 1",5.489278,true,-1.58828,2.270149,1.008979,"(0.0291,0.9935,-0.0985,0.0485)",true,-1.356645,2.017699,0.6736006,"(0.0599,-0.9715,-0.1197,-0.1954)",0,0,0,0,0,0,0,true,-1.769787,2.002635,0.7631969,"(0.0519,0.9755,-0.2083,0.0477)",0,0,0,0,0,0,0
5,"Environment: 2, FiringMode: 1",5.503134,true,-1.588452,2.269831,1.008923,"(0.0288,0.9936,-0.0987,0.0475)",true,-1.356548,2.017748,0.6736619,"(0.0595,-0.9715,-0.1200,-0.1955)",0,0,0,0,0,0,0,true,-1.767298,2.003269,0.763173,"(0.0458,0.9750,-0.2103,0.0555)",0,0,0,0,0,0,0
5,"Environment: 2, FiringMode: 1",5.517282,true,-1.588476,2.269882,1.008819,"(0.0282,0.9937,-0.0982,0.0467)",true,-1.356481,2.017797,0.6737229,"(0.0592,-0.9715,-0.1203,-0.1955)",0,0,0,0,0,0,0,true,-1.765483,2.00339,0.7629437,"(0.0380,0.9737,-0.2160,0.0615)",0,0,0,0,0,0,0
5,"Environment: 2, FiringMode: 1",5.531273,true,-1.588502,2.269933,1.008693,"(0.0284,0.9937,-0.0979,0.0463)",true,-1.356461,2.017819,0.6737396,"(0.0591,-0.9715,-0.1204,-0.1956)",0,0,0,0,0,0,0,true,-1.763743,2.003325,0.7626425,"(0.0377,0.9728,-0.2188,0.0653)",0,0,0,0,0,0,0
5,"Environment: 2, FiringMode: 1",5.545147,true,-1.588486,2.269976,1.008566,"(0.0285,0.9938,-0.0974,0.0459)",true,-1.356439,2.017826,0.673738,"(0.0591,-0.9715,-0.1204,-0.1956)",0,0,0,0,0,0,0,true,-1.761964,2.003596,0.762354,"(0.0431,0.9730,-0.2165,0.0669)",0,0,0,0,0,0,0
5,"Environment: 2, FiringMode: 1",5.559284,true,-1.588426,2.269996,1.008461,"(0.0280,0.9938,-0.0974,0.0457)",true,-1.35641,2.017821,0.6737108,"(0.0590,-0.9715,-0.1204,-0.1956)",0,0,0,0,0,0,0,true,-1.76069,2.004029,0.7620854,"(0.0514,0.9736,-0.2126,0.0652)",0,0,0,0,0,0,0
5,"Environment: 2, FiringMode: 1",5.573235,true,-1.588323,2.270019,1.008402,"(0.0277,0.9938,-0.0974,0.0454)",true,-1.356463,2.017825,0.673712,"(0.0591,-0.9715,-0.1202,-0.1955)",0,0,0,0,0,0,0,true,-1.759945,2.004499,0.7618143,"(0.0598,0.9741,-0.2095,0.0612)",0,0,0,0,0,0,0
5,"Environment: 2, FiringMode: 1",5.586957,true,-1.588166,2.270046,1.008342,"(0.0274,0.9938,-0.0974,0.0454)",true,-1.356666,2.017862,0.6737824,"(0.0595,-0.9715,-0.1200,-0.1955)",0,0,0,0,0,0,0,true,-1.759648,2.004675,0.7615489,"(0.0670,0.9738,-0.2099,0.0567)",0,0,0,0,0,0,0
5,"Environment: 2, FiringMode: 1",5.600994,true,-1.588027,2.270077,1.00826,"(0.0276,0.9938,-0.0975,0.0456)",true,-1.356841,2.017901,0.6738405,"(0.0599,-0.9715,-0.1199,-0.1955)",0,0,0,0,0,0,0,true,-1.759458,2.005033,0.7610924,"(0.0725,0.9737,-0.2096,0.0526)",0,0,0,0,0,0,0
5,"Environment: 2, FiringMode: 1",5.615104,true,-1.587883,2.270114,1.008175,"(0.0280,0.9938,-0.0976,0.0458)",true,-1.356873,2.017897,0.6737909,"(0.0602,-0.9715,-0.1199,-0.1954)",0,0,0,0,0,0,0,true,-1.759054,2.005769,0.7606774,"(0.0727,0.9742,-0.2074,0.0510)",0,0,0,0,0,0,0
5,"Environment: 2, FiringMode: 1",5.629032,true,-1.587758,2.270138,1.008058,"(0.0279,0.9938,-0.0977,0.0458)",true,-1.35689,2.017903,0.673752,"(0.0603,-0.9715,-0.1199,-0.1953)",0,0,0,0,0,0,0,true,-1.759956,2.005981,0.7608304,"(0.0618,0.9744,-0.2091,0.0541)",0,0,0,0,0,0,0
5,"Environment: 2, FiringMode: 1",5.642174,true,-1.587656,2.270157,1.007946,"(0.0280,0.9938,-0.0978,0.0459)",true,-1.356933,2.017917,0.6738009,"(0.0603,-0.9715,-0.1199,-0.1954)",0,0,0,0,0,0,0,true,-1.758259,2.006922,0.7603576,"(0.0565,0.9736,-0.2134,0.0584)",0,0,0,0,0,0,0
5,"Environment: 2, FiringMode: 1",5.656185,true,-1.587546,2.270172,1.00786,"(0.0279,0.9937,-0.0980,0.0459)",true,-1.356981,2.017936,0.6738871,"(0.0604,-0.9715,-0.1199,-0.1955)",0,0,0,0,0,0,0,true,-1.757451,2.006964,0.7606672,"(0.0580,0.9726,-0.2157,0.0638)",0,0,0,0,0,0,0
5,"Environment: 2, FiringMode: 1",5.67031,true,-1.587411,2.270164,1.007813,"(0.0279,0.9937,-0.0981,0.0461)",true,-1.356984,2.01794,0.6739217,"(0.0604,-0.9714,-0.1199,-0.1956)",0,0,0,0,0,0,0,true,-1.756893,2.00695,0.7607619,"(0.0598,0.9719,-0.2174,0.0672)",0,0,0,0,0,0,0
5,"Environment: 2, FiringMode: 1",5.683949,true,-1.587277,2.270158,1.007753,"(0.0279,0.9937,-0.0981,0.0462)",true,-1.356931,2.017928,0.6738828,"(0.0603,-0.9715,-0.1198,-0.1957)",0,0,0,0,0,0,0,true,-1.757063,2.006777,0.7604761,"(0.0590,0.9714,-0.2207,0.0652)",0.02075696,0,0,0,0,0,0
5,"Environment: 2, FiringMode: 1",5.697852,true,-1.587157,2.270133,1.007688,"(0.0279,0.9937,-0.0980,0.0463)",true,-1.356881,2.017917,0.6738448,"(0.0602,-0.9715,-0.1197,-0.1957)",0,0,0,0,0,0,0,true,-1.75782,2.006824,0.7602844,"(0.0614,0.9722,-0.2176,0.0604)",0.06910861,0,0,0,0,0,0
5,"Environment: 2, FiringMode: 1",5.711656,true,-1.587046,2.270091,1.007644,"(0.0279,0.9937,-0.0980,0.0463)",true,-1.356929,2.017942,0.6739015,"(0.0602,-0.9714,-0.1196,-0.1959)",0,0,0,0,0,0,0,true,-1.757808,2.007282,0.7598298,"(0.0661,0.9724,-0.2164,0.0560)",0.2466422,0,0,0,0,0,0
5,"Environment: 2, FiringMode: 1",5.725473,true,-1.586942,2.270046,1.007606,"(0.0280,0.9937,-0.0982,0.0462)",true,-1.356989,2.017974,0.673961,"(0.0603,-0.9714,-0.1196,-0.1960)",0,0,0,0,0,0,0,true,-1.758384,2.007369,0.7600255,"(0.0671,0.9724,-0.2172,0.0524)",0.4388278,0,0,0,0,0,0
5,"Environment: 2, FiringMode: 1",5.744121,true,-1.58684,2.26999,1.007553,"(0.0281,0.9937,-0.0984,0.0461)",true,-1.357009,2.017992,0.6739711,"(0.0603,-0.9714,-0.1195,-0.1961)",0,0,0,0,0,0,0,true,-1.75829,2.007188,0.760123,"(0.0699,0.9716,-0.2192,0.0544)",0.9167277,0,0,0,0,0,0
5,"Environment: 2, FiringMode: 1",5.76677,true,-1.586764,2.269932,1.007519,"(0.0283,0.9937,-0.0985,0.0455)",true,-1.356974,2.017978,0.6738692,"(0.0605,-0.9714,-0.1194,-0.1961)",0,0,0,0,0,0,0,true,-1.758567,2.007133,0.7601821,"(0.0659,0.9713,-0.2215,0.0558)",1,0,0,0,0,0,0
5,"Environment: 2, FiringMode: 1",5.780434,true,-1.58663,2.269852,1.007467,"(0.0285,0.9937,-0.0987,0.0454)",true,-1.35707,2.018013,0.6739293,"(0.0606,-0.9714,-0.1193,-0.1962)",0,0,0,0,0,0,0,true,-1.758762,2.007456,0.7603003,"(0.0645,0.9717,-0.2204,0.0553)",0.9997558,0,0,0,0,0,0
5,"Environment: 2, FiringMode: 1",5.794456,true,-1.586605,2.269798,1.00748,"(0.0286,0.9937,-0.0986,0.0451)",true,-1.357176,2.01805,0.6739862,"(0.0609,-0.9714,-0.1191,-0.1962)",0,0,0,0,0,0,0,true,-1.758848,2.007719,0.7604481,"(0.0646,0.9717,-0.2202,0.0555)",0.9978022,0,0,0,0,0,0
5,"Environment: 2, FiringMode: 1",5.808327,true,-1.586591,2.269736,1.007517,"(0.0288,0.9937,-0.0988,0.0451)",true,-1.357235,2.018077,0.6740119,"(0.0611,-0.9714,-0.1191,-0.1963)",0,0,0,0,0,0,0,true,-1.759092,2.007867,0.7605407,"(0.0640,0.9716,-0.2209,0.0553)",0.9899878,0,0,0,0,0,0
5,"Environment: 2, FiringMode: 1",5.822423,true,-1.586601,2.269681,1.007561,"(0.0292,0.9936,-0.0991,0.0452)",true,-1.357241,2.018086,0.6740043,"(0.0611,-0.9714,-0.1192,-0.1963)",0,0,0,0,0,0,0,true,-1.759359,2.008018,0.7606432,"(0.0631,0.9717,-0.2210,0.0550)",0.9514042,0,0,0,0,0,0
5,"Environment: 2, FiringMode: 1",5.836436,true,-1.586653,2.269668,1.007538,"(0.0294,0.9936,-0.0994,0.0453)",true,-1.357246,2.018102,0.6740055,"(0.0612,-0.9713,-0.1193,-0.1963)",0,0,0,0,0,0,0,true,-1.759855,2.008418,0.7609058,"(0.0617,0.9720,-0.2203,0.0539)",0.9125763,0,0,0,0,0,0
5,"Environment: 2, FiringMode: 1",5.850554,true,-1.586712,2.26966,1.00751,"(0.0288,0.9936,-0.0994,0.0453)",true,-1.357266,2.018136,0.6740529,"(0.0613,-0.9713,-0.1194,-0.1963)",0,0,0,0,0,0,0,true,-1.760423,2.008854,0.7611328,"(0.0606,0.9722,-0.2200,0.0526)",0.8547009,0,0,0,0,0,0
5,"Environment: 2, FiringMode: 1",5.865439,true,-1.586766,2.269651,1.007533,"(0.0288,0.9936,-0.0993,0.0455)",true,-1.357273,2.018174,0.6741035,"(0.0612,-0.9713,-0.1195,-0.1964)",0,0,0,0,0,0,0,true,-1.76106,2.009273,0.7614365,"(0.0608,0.9726,-0.2185,0.0507)",0.3609279,0,0,0,0,0,0
5,"Environment: 2, FiringMode: 1",5.878591,true,-1.586815,2.26964,1.00759,"(0.0285,0.9936,-0.0994,0.0456)",true,-1.357253,2.018183,0.6741033,"(0.0611,-0.9713,-0.1195,-0.1964)",0,0,0,0,0,0,0,true,-1.761047,2.00927,0.7615631,"(0.0618,0.9726,-0.2180,0.0517)",0.1489621,0,0,0,0,0,0
5,"Environment: 2, FiringMode: 1",5.892324,true,-1.586899,2.269639,1.007676,"(0.0281,0.9936,-0.0993,0.0455)",true,-1.357211,2.018182,0.6740783,"(0.0611,-0.9713,-0.1195,-0.1965)",0,0,0,0,0,0,0,true,-1.760803,2.009047,0.7614769,"(0.0613,0.9723,-0.2192,0.0532)",0,0,0,0,0,0,0
5,"Environment: 2, FiringMode: 1",5.906155,true,-1.587022,2.269655,1.007775,"(0.0280,0.9936,-0.0994,0.0454)",true,-1.35721,2.018196,0.6740832,"(0.0612,-0.9713,-0.1194,-0.1966)",0,0,0,0,0,0,0,true,-1.761302,2.009233,0.7619834,"(0.0610,0.9724,-0.2186,0.0536)",0,0,0,0,0,0,0
5,"Environment: 2, FiringMode: 1",5.920276,true,-1.587146,2.269678,1.007868,"(0.0279,0.9936,-0.0994,0.0452)",true,-1.357226,2.018221,0.6741041,"(0.0613,-0.9712,-0.1195,-0.1967)",0,0,0,0,0,0,0,true,-1.76174,2.009337,0.7623917,"(0.0607,0.9724,-0.2187,0.0550)",0,0,0,0,0,0,0
5,"Environment: 2, FiringMode: 1",5.934232,true,-1.587281,2.269723,1.007906,"(0.0279,0.9937,-0.0992,0.0449)",true,-1.357258,2.018259,0.6741462,"(0.0614,-0.9712,-0.1195,-0.1969)",0,0,0,0,0,0,0,true,-1.762312,2.00947,0.7627096,"(0.0601,0.9724,-0.2186,0.0550)",0,0,0,0,0,0,0
5,"Environment: 2, FiringMode: 1",5.948154,true,-1.587424,2.269788,1.007906,"(0.0277,0.9937,-0.0989,0.0446)",true,-1.357245,2.018272,0.6741433,"(0.0613,-0.9712,-0.1196,-0.1969)",0,0,0,0,0,0,0,true,-1.763126,2.009652,0.7633197,"(0.0594,0.9727,-0.2178,0.0541)",0,0,0,0,0,0,0
5,"Environment: 2, FiringMode: 1",5.961296,true,-1.587537,2.269869,1.007898,"(0.0277,0.9938,-0.0984,0.0445)",true,-1.357211,2.018275,0.67412,"(0.0614,-0.9712,-0.1195,-0.1969)",0,0,0,0,0,0,0,true,-1.764372,2.009955,0.7640849,"(0.0587,0.9732,-0.2163,0.0521)",0,0,0,0,0,0,0
5,"Environment: 2, FiringMode: 1",5.97543,true,-1.587635,2.269973,1.007908,"(0.0277,0.9938,-0.0981,0.0442)",true,-1.357214,2.018293,0.674147,"(0.0614,-0.9711,-0.1196,-0.1971)",0,0,0,0,0,0,0,true,-1.766405,2.010283,0.7649113,"(0.0587,0.9737,-0.2149,0.0486)",0,0,0,0,0,0,0
5,"Environment: 2, FiringMode: 1",5.989331,true,-1.587716,2.270052,1.007938,"(0.0276,0.9938,-0.0980,0.0440)",true,-1.357234,2.018331,0.6742175,"(0.0613,-0.9711,-0.1196,-0.1972)",0,0,0,0,0,0,0,true,-1.76807,2.010403,0.7653642,"(0.0598,0.9739,-0.2139,0.0459)",0,0,0,0,0,0,0
5,"Environment: 2, FiringMode: 1",6.003156,true,-1.587757,2.270111,1.007961,"(0.0274,0.9939,-0.0978,0.0439)",true,-1.357245,2.018358,0.6742701,"(0.0613,-0.9711,-0.1197,-0.1973)",0,0,0,0,0,0,0,true,-1.769797,2.010582,0.7658669,"(0.0615,0.9745,-0.2114,0.0435)",0,0,0,0,0,0,0
5,"Environment: 2, FiringMode: 1",6.017325,true,-1.587785,2.270183,1.007946,"(0.0273,0.9939,-0.0975,0.0440)",true,-1.357211,2.018368,0.6742703,"(0.0613,-0.9711,-0.1198,-0.1973)",0,0,0,0,0,0,0,true,-1.771599,2.01074,0.7663811,"(0.0621,0.9752,-0.2087,0.0403)",0,0,0,0,0,0,0
5,"Environment: 2, FiringMode: 1",6.031274,true,-1.587806,2.27028,1.007851,"(0.0270,0.9939,-0.0970,0.0440)",true,-1.357151,2.018385,0.6742651,"(0.0612,-0.9710,-0.1198,-0.1974)",0,0,0,0,0,0,0,true,-1.773798,2.010895,0.7668076,"(0.0626,0.9762,-0.2047,0.0360)",0,0,0,0,0,0,0
5,"Environment: 2, FiringMode: 1",6.0451,true,-1.587813,2.270335,1.007754,"(0.0266,0.9940,-0.0967,0.0437)",true,-1.35715,2.018408,0.6743343,"(0.0610,-0.9710,-0.1199,-0.1975)",0,0,0,0,0,0,0,true,-1.776293,2.011282,0.7670077,"(0.0633,0.9776,-0.1981,0.0315)",0,0,0,0,0,0,0
5,"Environment: 2, FiringMode: 1",6.059339,true,-1.587786,2.270341,1.007695,"(0.0263,0.9940,-0.0970,0.0435)",true,-1.357175,2.018418,0.6744018,"(0.0607,-0.9711,-0.1198,-0.1974)",0,0,0,0,0,0,0,true,-1.779459,2.012261,0.7670813,"(0.0610,0.9803,-0.1860,0.0257)",0,0,0,0,0,0,0
5,"Environment: 2, FiringMode: 1",6.073149,true,-1.587739,2.270315,1.007718,"(0.0263,0.9940,-0.0974,0.0434)",true,-1.357185,2.018416,0.6744188,"(0.0607,-0.9711,-0.1197,-0.1974)",0,0,0,0,0,0,0,true,-1.782789,2.012764,0.7672665,"(0.0552,0.9821,-0.1792,0.0194)",0,0,0,0,0,0,0
5,"Environment: 2, FiringMode: 1",6.086983,true,-1.587688,2.270277,1.007757,"(0.0267,0.9939,-0.0976,0.0436)",true,-1.357147,2.01841,0.6743827,"(0.0607,-0.9711,-0.1197,-0.1974)",0,0,0,0,0,0,0,true,-1.786544,2.013017,0.767433,"(0.0497,0.9839,-0.1711,0.0130)",0,0,0,0,0,0,0
5,"Environment: 2, FiringMode: 1",6.101079,true,-1.587611,2.270247,1.007789,"(0.0270,0.9939,-0.0979,0.0438)",true,-1.357129,2.018414,0.6743743,"(0.0606,-0.9711,-0.1197,-0.1974)",0,0,0,0,0,0,0,true,-1.790076,2.013242,0.7676704,"(0.0489,0.9859,-0.1599,0.0070)",0,0,0,0,0,0,0
5,"Environment: 2, FiringMode: 1",6.114313,true,-1.587509,2.270228,1.007812,"(0.0271,0.9938,-0.0981,0.0439)",true,-1.357176,2.018421,0.6744502,"(0.0605,-0.9711,-0.1197,-0.1974)",0,0,0,0,0,0,0,true,-1.794151,2.013327,0.7677932,"(0.0504,0.9882,-0.1445,0.0007)",0,0,0,0,0,0,0
5,"Environment: 2, FiringMode: 1",6.128041,true,-1.587378,2.270208,1.007828,"(0.0270,0.9938,-0.0980,0.0440)",true,-1.357226,2.018426,0.6745418,"(0.0605,-0.9711,-0.1198,-0.1974)",0,0,0,0,0,0,0,true,-1.798672,2.013968,0.7678412,"(0.0559,0.9913,-0.1192,-0.0076)",0,0,0,0,0,0,0
5,"Environment: 2, FiringMode: 1",6.142348,true,-1.587262,2.270204,1.007825,"(0.0270,0.9938,-0.0980,0.0442)",true,-1.357207,2.018431,0.6745597,"(0.0604,-0.9711,-0.1199,-0.1974)",0,0,0,0,0,0,0,true,-1.803275,2.015399,0.7679551,"(0.0620,0.9940,-0.0884,-0.0199)",0,0,0,0,0,0,0
5,"Environment: 2, FiringMode: 1",6.156244,true,-1.587161,2.270196,1.007809,"(0.0275,0.9938,-0.0978,0.0446)",true,-1.357155,2.018443,0.6745657,"(0.0602,-0.9711,-0.1199,-0.1974)",0,0,0,0,0,0,0,true,-1.808792,2.017085,0.7679338,"(0.0699,0.9955,-0.0518,-0.0382)",0,0,0,0,0,0,0
5,"Environment: 2, FiringMode: 1",6.170117,true,-1.587075,2.270152,1.007832,"(0.0279,0.9938,-0.0976,0.0449)",true,-1.357097,2.018465,0.674586,"(0.0599,-0.9711,-0.1200,-0.1975)",0,0,0,0,0,0,0,true,-1.814224,2.017411,0.7679864,"(0.0730,0.9955,-0.0294,-0.0530)",0,0,0,0,0,0,0
5,"Environment: 2, FiringMode: 1",6.183913,true,-1.587022,2.270105,1.007863,"(0.0283,0.9938,-0.0978,0.0452)",true,-1.357074,2.018492,0.6746289,"(0.0595,-0.9711,-0.1200,-0.1975)",0,0,0,0,0,0,0,true,-1.819417,2.016837,0.7681074,"(0.0711,0.9953,-0.0149,-0.0638)",0,0,0,0,0,0,0
5,"Environment: 2, FiringMode: 1",6.198053,true,-1.587003,2.270034,1.00793,"(0.0287,0.9937,-0.0981,0.0453)",true,-1.357066,2.018497,0.6746355,"(0.0592,-0.9711,-0.1198,-0.1976)",0,0,0,0,0,0,0,true,-1.824279,2.015247,0.7682948,"(0.0614,0.9957,-0.0106,-0.0682)",0,0,0,0,0,0,0
5,"Environment: 2, FiringMode: 1",6.212026,true,-1.586995,2.269955,1.008014,"(0.0288,0.9937,-0.0984,0.0456)",true,-1.35705,2.018474,0.6745808,"(0.0591,-0.9712,-0.1196,-0.1976)",0,0,0,0,0,0,0,true,-1.828544,2.013122,0.7687362,"(0.0435,0.9967,-0.0165,-0.0670)",0,0,0,0,0,0,0
5,"Environment: 2, FiringMode: 1",6.225846,true,-1.587012,2.269891,1.008067,"(0.0289,0.9937,-0.0986,0.0459)",true,-1.35705,2.018442,0.6745108,"(0.0591,-0.9712,-0.1194,-0.1975)",0,0,0,0,0,0,0,true,-1.8323,2.012015,0.7695616,"(0.0259,0.9974,-0.0118,-0.0659)",0,0,0,0,0,0,0
5,"Environment: 2, FiringMode: 1",6.239839,true,-1.587083,2.269858,1.008001,"(0.0287,0.9936,-0.0984,0.0465)",true,-1.357147,2.018413,0.6744663,"(0.0595,-0.9712,-0.1191,-0.1973)",0,0,0,0,0,0,0,true,-1.836168,2.012373,0.7706699,"(0.0101,0.9974,0.0081,-0.0708)",0,0,0,0,0,0,0
5,"Environment: 2, FiringMode: 1",6.253953,true,-1.587144,2.269857,1.007927,"(0.0285,0.9937,-0.0982,0.0467)",true,-1.35727,2.018423,0.6745097,"(0.0599,-0.9712,-0.1192,-0.1973)",0,0,0,0,0,0,0,true,-1.840218,2.012269,0.7713265,"(-0.0028,0.9966,0.0241,-0.0792)",0,0,0,0,0,0,0
5,"Environment: 2, FiringMode: 1",6.267194,true,-1.58724,2.269849,1.007855,"(0.0282,0.9937,-0.0982,0.0471)",true,-1.357402,2.018453,0.6745952,"(0.0601,-0.9712,-0.1193,-0.1972)",0,0,0,0,0,0,0,true,-1.843847,2.010641,0.7716118,"(-0.0110,0.9956,0.0283,-0.0882)",0,0,0,0,0,0,0
5,"Environment: 2, FiringMode: 1",6.281232,true,-1.587343,2.269801,1.007822,"(0.0279,0.9936,-0.0984,0.0473)",true,-1.357415,2.018459,0.6746054,"(0.0601,-0.9712,-0.1194,-0.1972)",0,0,0,0,0,0,0,true,-1.846819,2.008394,0.7719364,"(-0.0141,0.9950,0.0276,-0.0947)",0,0,0,0,0,0,0
5,"Environment: 2, FiringMode: 1",6.295235,true,-1.587494,2.269761,1.007784,"(0.0278,0.9936,-0.0988,0.0476)",true,-1.357408,2.018474,0.6746222,"(0.0601,-0.9712,-0.1195,-0.1971)",0,0,0,0,0,0,0,true,-1.848652,2.005526,0.77223,"(-0.0101,0.9947,0.0231,-0.0993)",0,0,0,0,0,0,0
5,"Environment: 2, FiringMode: 1",6.309252,true,-1.587662,2.269702,1.007707,"(0.0277,0.9936,-0.0991,0.0477)",true,-1.357363,2.018487,0.6746759,"(0.0598,-0.9712,-0.1198,-0.1973)",0,0,0,0,0,0,0,true,-1.849875,2.008635,0.7725246,"(-0.0036,0.9932,0.0121,-0.1156)",0,0,0,0,0,0,0
5,"Environment: 2, FiringMode: 1",6.323108,true,-1.587828,2.269617,1.007599,"(0.0270,0.9935,-0.0993,0.0478)",true,-1.357219,2.018388,0.674713,"(0.0587,-0.9712,-0.1196,-0.1974)",0,0,0,0,0,0,0,true,-1.849183,2.018407,0.7778676,"(-0.0137,0.9925,0.0727,-0.0976)",0,0,0,0,0,0,0
5,"Environment: 2, FiringMode: 1",6.33725,true,-1.587973,2.26951,1.007496,"(0.0272,0.9935,-0.0999,0.0482)",true,-1.357202,2.018423,0.6746054,"(0.0600,-0.9712,-0.1184,-0.1978)",0,0,0,0,0,0,0,true,-1.850741,2.020415,0.780977,"(-0.0628,0.9914,0.0799,-0.0823)",0,0,0,0,0,0,0
5,"Environment: 2, FiringMode: 1",6.351125,true,-1.58813,2.269354,1.007465,"(0.0267,0.9934,-0.1008,0.0484)",true,-1.357051,2.018739,0.6749086,"(0.0584,-0.9709,-0.1209,-0.1981)",0,0,0,0,0,0,0,true,-1.851473,2.018738,0.7802445,"(-0.0762,0.9920,0.0609,-0.0795)",0,0,0,0,0,0,0
5,"Environment: 2, FiringMode: 1",6.364935,true,-1.588277,2.269196,1.007498,"(0.0263,0.9933,-0.1018,0.0483)",true,-1.356737,2.01868,0.6750387,"(0.0541,-0.9713,-0.1217,-0.1972)",0,0,0,0,0,0,0,true,-1.851569,2.016491,0.7799395,"(-0.0765,0.9923,0.0548,-0.0810)",0,0,0,0,0,0,0
5,"Environment: 2, FiringMode: 1",6.380473,true,-1.588409,2.26906,1.007539,"(0.0256,0.9932,-0.1024,0.0481)",true,-1.356943,2.018465,0.6745291,"(0.0597,-0.9710,-0.1188,-0.1988)",0,0,0,0,0,0,0,true,-1.851098,2.015629,0.7798531,"(-0.0597,0.9927,0.0560,-0.0885)",0,0,0,0,0,0,0
5,"Environment: 2, FiringMode: 1",6.392553,true,-1.588527,2.268966,1.007538,"(0.0250,0.9932,-0.1027,0.0480)",true,-1.356958,2.018464,0.6745791,"(0.0591,-0.9710,-0.1194,-0.1987)",0,0,0,0,0,0,0,true,-1.850829,2.01648,0.7806489,"(-0.0513,0.9924,0.0654,-0.0906)",0,0,0,0,0,0,0
5,"Environment: 2, FiringMode: 1",6.406357,true,-1.588619,2.268919,1.007513,"(0.0246,0.9932,-0.1027,0.0481)",true,-1.356812,2.018366,0.6745058,"(0.0571,-0.9712,-0.1194,-0.1982)",0,0,0,0,0,0,0,true,-1.850853,2.017282,0.7816279,"(-0.0597,0.9915,0.0725,-0.0902)",0,0,0,0,0,0,0
5,"Environment: 2, FiringMode: 1",6.420305,true,-1.58869,2.268884,1.007493,"(0.0245,0.9933,-0.1026,0.0483)",true,-1.35687,2.018359,0.6743956,"(0.0585,-0.9711,-0.1188,-0.1984)",0,0,0,0,0,0,0,true,-1.85092,2.017721,0.7821498,"(-0.0721,0.9905,0.0736,-0.0908)",0,0,0,0,0,0,0
5,"Environment: 2, FiringMode: 1",6.434369,true,-1.588787,2.268856,1.007445,"(0.0244,0.9932,-0.1026,0.0484)",true,-1.35689,2.018415,0.6744181,"(0.0588,-0.9711,-0.1192,-0.1985)",0,0,0,0,0,0,0,true,-1.850488,2.018201,0.7827653,"(-0.0721,0.9898,0.0796,-0.0935)",0,0,0,0,0,0,0
5,"Environment: 2, FiringMode: 1",6.448035,true,-1.588872,2.268805,1.007412,"(0.0244,0.9932,-0.1029,0.0485)",true,-1.356919,2.018479,0.6744876,"(0.0574,-0.9712,-0.1195,-0.1978)",0,0,0,0,0,0,0,true,-1.850012,2.017906,0.7827243,"(-0.0664,0.9898,0.0811,-0.0967)",0,0,0,0,0,0,0
5,"Environment: 2, FiringMode: 1",6.462169,true,-1.588897,2.268741,1.007448,"(0.0245,0.9932,-0.1033,0.0487)",true,-1.35703,2.018492,0.6744956,"(0.0584,-0.9712,-0.1190,-0.1979)",0,0,0,0,0,0,0,true,-1.849469,2.017506,0.7825045,"(-0.0607,0.9901,0.0798,-0.0986)",0,0,0,0,0,0,0
5,"Environment: 2, FiringMode: 1",6.476095,true,-1.588869,2.268675,1.007548,"(0.0242,0.9931,-0.1035,0.0489)",true,-1.357081,2.018476,0.6744455,"(0.0590,-0.9712,-0.1189,-0.1980)",0,0,0,0,0,0,0,true,-1.848534,2.017133,0.7822911,"(-0.0522,0.9905,0.0792,-0.0992)",0,0,0,0,0,0,0
5,"Environment: 2, FiringMode: 1",6.490046,true,-1.588813,2.26862,1.007642,"(0.0239,0.9931,-0.1038,0.0489)",true,-1.357068,2.018463,0.6744207,"(0.0587,-0.9712,-0.1190,-0.1979)",0,0,0,0,0,0,0,true,-1.847825,2.016901,0.7822718,"(-0.0494,0.9908,0.0789,-0.0987)",0,0,0,0,0,0,0
5,"Environment: 2, FiringMode: 1",6.503797,true,-1.588735,2.268584,1.007724,"(0.0239,0.9931,-0.1039,0.0490)",true,-1.357086,2.018457,0.6743764,"(0.0589,-0.9712,-0.1189,-0.1978)",0,0,0,0,0,0,0,true,-1.84736,2.016793,0.7822197,"(-0.0486,0.9909,0.0786,-0.0977)",0,0,0,0,0,0,0
5,"Environment: 2, FiringMode: 1",6.518035,true,-1.58864,2.268554,1.00779,"(0.0236,0.9931,-0.1039,0.0492)",true,-1.357142,2.01848,0.6743751,"(0.0591,-0.9712,-0.1190,-0.1979)",0,0,0,0,0,0,0,true,-1.84728,2.016809,0.7819486,"(-0.0486,0.9911,0.0785,-0.0953)",0,0,0,0,0,0,0
5,"Environment: 2, FiringMode: 1",6.53198,true,-1.588542,2.268508,1.007869,"(0.0236,0.9931,-0.1036,0.0495)",true,-1.357154,2.018505,0.6743772,"(0.0589,-0.9712,-0.1191,-0.1979)",0,0,0,0,0,0,0,true,-1.847633,2.016789,0.7817144,"(-0.0499,0.9912,0.0784,-0.0945)",0,0,0,0,0,0,0
5,"Environment: 2, FiringMode: 1",6.545654,true,-1.588422,2.26847,1.007953,"(0.0236,0.9931,-0.1036,0.0497)",true,-1.357106,2.018505,0.6743426,"(0.0587,-0.9712,-0.1191,-0.1979)",0,0,0,0,0,0,0,true,-1.847912,2.016716,0.7815304,"(-0.0508,0.9912,0.0775,-0.0943)",0,0,0,0,0,0,0
5,"Environment: 2, FiringMode: 1",6.55942,true,-1.58829,2.268449,1.008017,"(0.0236,0.9931,-0.1034,0.0503)",true,-1.357047,2.018494,0.6742953,"(0.0587,-0.9712,-0.1190,-0.1980)",0,0,0,0,0,0,0,true,-1.847946,2.016646,0.7814342,"(-0.0506,0.9913,0.0768,-0.0942)",0,0,0,0,0,0,0
5,"Environment: 2, FiringMode: 1",6.572867,true,-1.588112,2.268456,1.008069,"(0.0237,0.9931,-0.1034,0.0507)",true,-1.357038,2.018497,0.6742965,"(0.0586,-0.9712,-0.1189,-0.1980)",0,0,0,0,0,0,0,true,-1.848097,2.016578,0.7813343,"(-0.0507,0.9913,0.0764,-0.0944)",0,0,0,0,0,0,0
5,"Environment: 2, FiringMode: 1",6.586638,true,-1.587908,2.268471,1.008125,"(0.0239,0.9931,-0.1031,0.0513)",true,-1.357128,2.018521,0.6743777,"(0.0585,-0.9712,-0.1190,-0.1980)",0,0,0,0,0,0,0,true,-1.848472,2.016389,0.7810686,"(-0.0513,0.9913,0.0761,-0.0945)",0,0,0,0,0,0,0
5,"Environment: 2, FiringMode: 1",6.600781,true,-1.587698,2.268496,1.008161,"(0.0240,0.9930,-0.1030,0.0520)",true,-1.357229,2.018558,0.6744649,"(0.0585,-0.9712,-0.1191,-0.1981)",0,0,0,0,0,0,0,true,-1.848917,2.016226,0.780804,"(-0.0522,0.9912,0.0757,-0.0948)",0,0,0,0,0,0,0
5,"Environment: 2, FiringMode: 1",6.614862,true,-1.587465,2.268539,1.008179,"(0.0240,0.9930,-0.1027,0.0527)",true,-1.357189,2.01858,0.6744529,"(0.0585,-0.9711,-0.1193,-0.1981)",0,0,0,0,0,0,0,true,-1.849234,2.016229,0.7807482,"(-0.0536,0.9911,0.0754,-0.0952)",0,0,0,0,0,0,0
5,"Environment: 2, FiringMode: 1",6.628881,true,-1.587229,2.268607,1.008161,"(0.0241,0.9930,-0.1023,0.0536)",true,-1.357136,2.018597,0.6744322,"(0.0583,-0.9711,-0.1194,-0.1981)",0,0,0,0,0,0,0,true,-1.849572,2.016259,0.7807387,"(-0.0554,0.9910,0.0754,-0.0954)",0,0,0,0,0,0,0
5,"Environment: 2, FiringMode: 1",6.642614,true,-1.587026,2.268703,1.008104,"(0.0241,0.9930,-0.1018,0.0548)",true,-1.357165,2.018557,0.6744367,"(0.0582,-0.9711,-0.1194,-0.1981)",0,0,0,0,0,0,0,true,-1.849841,2.016304,0.7807686,"(-0.0567,0.9909,0.0756,-0.0957)",0,0,0,0,0,0,0
5,"Environment: 2, FiringMode: 1",6.656718,true,-1.586791,2.268789,1.008056,"(0.0239,0.9930,-0.1014,0.0559)",true,-1.35719,2.018512,0.6744218,"(0.0582,-0.9711,-0.1193,-0.1981)",0,0,0,0,0,0,0,true,-1.849966,2.016345,0.7807994,"(-0.0573,0.9908,0.0757,-0.0960)",0,0,0,0,0,0,0
5,"Environment: 2, FiringMode: 1",6.670628,true,-1.586492,2.268838,1.008014,"(0.0237,0.9929,-0.1012,0.0571)",true,-1.357225,2.018467,0.6744167,"(0.0583,-0.9711,-0.1192,-0.1982)",0,0,0,0,0,0,0,true,-1.85009,2.016374,0.7808571,"(-0.0580,0.9908,0.0758,-0.0961)",0,0,0,0,0,0,0
5,"Environment: 2, FiringMode: 1",6.684433,true,-1.58617,2.268878,1.007963,"(0.0236,0.9929,-0.1007,0.0584)",true,-1.357163,2.018446,0.6743433,"(0.0580,-0.9712,-0.1192,-0.1981)",0,0,0,0,0,0,0,true,-1.850111,2.016366,0.780905,"(-0.0582,0.9908,0.0758,-0.0962)",0,0,0,0,0,0,0
5,"Environment: 2, FiringMode: 1",6.698471,true,-1.585862,2.268915,1.007903,"(0.0235,0.9929,-0.1005,0.0599)",true,-1.357137,2.018438,0.674295,"(0.0579,-0.9712,-0.1191,-0.1981)",0,0,0,0,0,0,0,true,-1.850064,2.016375,0.7809297,"(-0.0579,0.9908,0.0758,-0.0962)",0,0,0,0,0,0,0
5,"Environment: 2, FiringMode: 1",6.712465,true,-1.585449,2.268971,1.007891,"(0.0233,0.9928,-0.1004,0.0612)",true,-1.357177,2.018454,0.6742759,"(0.0579,-0.9712,-0.1191,-0.1980)",0,0,0,0,0,0,0,true,-1.850125,2.016339,0.7808934,"(-0.0581,0.9908,0.0759,-0.0962)",0,0,0,0,0,0,0
5,"Environment: 2, FiringMode: 1",6.725718,true,-1.585147,2.269032,1.007803,"(0.0231,0.9927,-0.1002,0.0629)",true,-1.357224,2.018444,0.6742384,"(0.0578,-0.9713,-0.1189,-0.1979)",0,0,0,0,0,0,0,true,-1.850164,2.016295,0.7808603,"(-0.0584,0.9908,0.0759,-0.0961)",0,0,0,0,0,0,0
5,"Environment: 2, FiringMode: 1",6.739772,true,-1.584789,2.269161,1.007711,"(0.0231,0.9926,-0.0998,0.0645)",true,-1.357281,2.018404,0.6741629,"(0.0580,-0.9713,-0.1187,-0.1977)",0,0,0,0,0,0,0,true,-1.850175,2.016265,0.7808349,"(-0.0583,0.9908,0.0760,-0.0961)",0,0,0,0,0,0,0
5,"Environment: 2, FiringMode: 1",6.75369,true,-1.58447,2.269309,1.00758,"(0.0230,0.9926,-0.0990,0.0664)",true,-1.357304,2.018351,0.6740557,"(0.0585,-0.9713,-0.1185,-0.1977)",0,0,0,0,0,0,0,true,-1.850119,2.016262,0.7809132,"(-0.0582,0.9908,0.0761,-0.0960)",0,0,0,0,0,0,0
5,"Environment: 2, FiringMode: 1",6.767024,true,-1.584095,2.269304,1.007482,"(0.0226,0.9926,-0.0982,0.0679)",true,-1.35732,2.018363,0.6740756,"(0.0585,-0.9713,-0.1186,-0.1977)",0,0,0,0,0,0,0,true,-1.850082,2.016244,0.7809615,"(-0.0581,0.9908,0.0762,-0.0961)",0,0,0,0,0,0,0
5,"Environment: 2, FiringMode: 1",6.781214,true,-1.583737,2.269309,1.007416,"(0.0221,0.9925,-0.0977,0.0696)",true,-1.357386,2.018404,0.6741663,"(0.0585,-0.9713,-0.1187,-0.1977)",0,0,0,0,0,0,0,true,-1.850123,2.016173,0.7809112,"(-0.0578,0.9908,0.0762,-0.0961)",0,0,0,0,0,0,0
5,"Environment: 2, FiringMode: 1",6.795166,true,-1.583322,2.269331,1.007426,"(0.0217,0.9924,-0.0977,0.0712)",true,-1.357409,2.018448,0.6742417,"(0.0582,-0.9713,-0.1187,-0.1976)",0,0,0,0,0,0,0,true,-1.850168,2.016105,0.7808415,"(-0.0575,0.9908,0.0762,-0.0962)",0,0,0,0,0,0,0
5,"Environment: 2, FiringMode: 1",6.809153,true,-1.582984,2.269331,1.007439,"(0.0214,0.9923,-0.0978,0.0730)",true,-1.357353,2.018438,0.6742209,"(0.0580,-0.9713,-0.1187,-0.1977)",0,0,0,0,0,0,0,true,-1.850154,2.016061,0.7808219,"(-0.0574,0.9908,0.0761,-0.0960)",0,0,0,0,0,0,0
5,"Environment: 2, FiringMode: 1",6.823014,true,-1.582653,2.269364,1.007404,"(0.0215,0.9921,-0.0982,0.0750)",true,-1.357268,2.0184,0.6741608,"(0.0579,-0.9713,-0.1185,-0.1977)",0,0,0,0,0,0,0,true,-1.850094,2.016032,0.7808375,"(-0.0573,0.9908,0.0760,-0.0958)",0,0,0,0,0,0,0
5,"Environment: 2, FiringMode: 1",6.837154,true,-1.582358,2.269369,1.007423,"(0.0212,0.9920,-0.0982,0.0765)",true,-1.357212,2.018389,0.6741604,"(0.0577,-0.9713,-0.1184,-0.1979)",0,0,0,0,0,0,0,true,-1.85006,2.015993,0.7808111,"(-0.0571,0.9909,0.0758,-0.0956)",0,0,0,0,0,0,0
5,"Environment: 2, FiringMode: 1",6.851169,true,-1.582116,2.269463,1.007341,"(0.0211,0.9918,-0.0983,0.0784)",true,-1.357218,2.018427,0.674251,"(0.0575,-0.9713,-0.1185,-0.1980)",0,0,0,0,0,0,0,true,-1.850115,2.015932,0.7807041,"(-0.0569,0.9909,0.0757,-0.0956)",0,0,0,0,0,0,0
5,"Environment: 2, FiringMode: 1",6.865027,true,-1.581797,2.26946,1.007344,"(0.0211,0.9917,-0.0981,0.0799)",true,-1.357233,2.018512,0.6744002,"(0.0572,-0.9713,-0.1188,-0.1982)",0,0,0,0,0,0,0,true,-1.850201,2.015855,0.7805685,"(-0.0566,0.9909,0.0756,-0.0957)",0,0,0,0,0,0,0
5,"Environment: 2, FiringMode: 1",6.878545,true,-1.581501,2.269463,1.007372,"(0.0208,0.9916,-0.0981,0.0814)",true,-1.357176,2.018532,0.674412,"(0.0570,-0.9712,-0.1189,-0.1983)",0,0,0,0,0,0,0,true,-1.850199,2.015828,0.7805468,"(-0.0564,0.9909,0.0756,-0.0959)",0,0,0,0,0,0,0
5,"Environment: 2, FiringMode: 1",6.892458,true,-1.581225,2.269435,1.00746,"(0.0205,0.9915,-0.0982,0.0826)",true,-1.357106,2.018525,0.6743969,"(0.0567,-0.9712,-0.1189,-0.1983)",0,0,0,0,0,0,0,true,-1.850186,2.015818,0.7805538,"(-0.0564,0.9909,0.0756,-0.0959)",0,0,0,0,0,0,0
5,"Environment: 2, FiringMode: 1",6.906174,true,-1.580946,2.26945,1.007509,"(0.0206,0.9914,-0.0982,0.0838)",true,-1.357088,2.018501,0.6743767,"(0.0567,-0.9713,-0.1188,-0.1984)",0,0,0,0,0,0,0,true,-1.850182,2.01581,0.7805252,"(-0.0563,0.9909,0.0756,-0.0958)",0,0,0,0,0,0,0
5,"Environment: 2, FiringMode: 1",6.92031,true,-1.580751,2.269482,1.007459,"(0.0206,0.9913,-0.0981,0.0849)",true,-1.357114,2.018453,0.6743344,"(0.0568,-0.9713,-0.1186,-0.1984)",0,0,0,0,0,0,0,true,-1.850199,2.015812,0.7804263,"(-0.0562,0.9909,0.0755,-0.0958)",0,0,0,0,0,0,0
5,"Environment: 2, FiringMode: 1",6.934312,true,-1.580585,2.269495,1.007569,"(0.0208,0.9913,-0.0979,0.0858)",true,-1.357158,2.018413,0.674292,"(0.0570,-0.9713,-0.1184,-0.1983)",0,0,0,0,0,0,0,true,-1.850205,2.015807,0.7803627,"(-0.0560,0.9910,0.0755,-0.0958)",0,0,0,0,0,0,0
5,"Environment: 2, FiringMode: 1",6.94808,true,-1.580297,2.269526,1.007665,"(0.0210,0.9912,-0.0978,0.0863)",true,-1.357191,2.01835,0.6742003,"(0.0573,-0.9713,-0.1181,-0.1982)",0,0,0,0,0,0,0,true,-1.850144,2.015774,0.7804134,"(-0.0555,0.9910,0.0756,-0.0960)",0,0,0,0,0,0,0
5,"Environment: 2, FiringMode: 1",6.962206,true,-1.580143,2.269544,1.007738,"(0.0211,0.9912,-0.0976,0.0870)",true,-1.357224,2.018304,0.6741108,"(0.0577,-0.9713,-0.1179,-0.1982)",0,0,0,0,0,0,0,true,-1.850092,2.01576,0.7804551,"(-0.0552,0.9910,0.0756,-0.0960)",0,0,0,0,0,0,0
5,"Environment: 2, FiringMode: 1",6.976141,true,-1.580012,2.269593,1.007787,"(0.0214,0.9911,-0.0977,0.0874)",true,-1.357273,2.018339,0.6741347,"(0.0579,-0.9713,-0.1180,-0.1982)",0,0,0,0,0,0,0,true,-1.850072,2.015748,0.780453,"(-0.0549,0.9910,0.0756,-0.0960)",0,0,0,0,0,0,0
5,"Environment: 2, FiringMode: 1",6.990103,true,-1.579896,2.269629,1.007842,"(0.0215,0.9911,-0.0976,0.0877)",true,-1.357317,2.018389,0.6741878,"(0.0578,-0.9713,-0.1181,-0.1981)",0,0,0,0,0,0,0,true,-1.850079,2.015731,0.7804098,"(-0.0548,0.9910,0.0756,-0.0959)",0,0,0,0,0,0,0
5,"Environment: 2, FiringMode: 1",7.003945,true,-1.579784,2.269662,1.007891,"(0.0217,0.9911,-0.0973,0.0878)",true,-1.357304,2.018421,0.6742112,"(0.0577,-0.9713,-0.1181,-0.1981)",0,0,0,0,0,0,0,true,-1.850067,2.015709,0.7803791,"(-0.0544,0.9910,0.0756,-0.0958)",0,0,0,0,0,0,0
5,"Environment: 2, FiringMode: 1",7.018011,true,-1.57971,2.269712,1.007937,"(0.0220,0.9911,-0.0972,0.0880)",true,-1.357203,2.018404,0.6741832,"(0.0575,-0.9713,-0.1181,-0.1983)",0,0,0,0,0,0,0,true,-1.850003,2.015686,0.7804213,"(-0.0540,0.9910,0.0757,-0.0958)",0,0,0,0,0,0,0
5,"Environment: 2, FiringMode: 1",7.031455,true,-1.579722,2.269835,1.007981,"(0.0223,0.9911,-0.0970,0.0880)",true,-1.357111,2.018388,0.6741551,"(0.0573,-0.9713,-0.1180,-0.1984)",0,0,0,0,0,0,0,true,-1.849956,2.015658,0.7804536,"(-0.0536,0.9911,0.0757,-0.0960)",0,0,0,0,0,0,0
5,"Environment: 2, FiringMode: 1",7.04504,true,-1.579767,2.269938,1.008008,"(0.0223,0.9912,-0.0965,0.0880)",true,-1.357101,2.018401,0.6741826,"(0.0570,-0.9713,-0.1179,-0.1984)",0,0,0,0,0,0,0,true,-1.849956,2.015635,0.7804189,"(-0.0532,0.9910,0.0758,-0.0962)",0,0,0,0,0,0,0
5,"Environment: 2, FiringMode: 1",7.059122,true,-1.57976,2.270056,1.008026,"(0.0222,0.9912,-0.0964,0.0878)",true,-1.357121,2.018409,0.6742048,"(0.0570,-0.9713,-0.1178,-0.1985)",0,0,0,0,0,0,0,true,-1.849982,2.015624,0.7803688,"(-0.0531,0.9910,0.0758,-0.0962)",0,0,0,0,0,0,0
5,"Environment: 2, FiringMode: 1",7.073167,true,-1.579732,2.270118,1.008044,"(0.0224,0.9912,-0.0962,0.0879)",true,-1.35713,2.018401,0.6741977,"(0.0570,-0.9713,-0.1178,-0.1985)",0,0,0,0,0,0,0,true,-1.849995,2.015611,0.780351,"(-0.0530,0.9910,0.0758,-0.0963)",0,0,0,0,0,0,0
5,"Environment: 2, FiringMode: 1",7.087229,true,-1.579713,2.270154,1.008079,"(0.0226,0.9912,-0.0962,0.0878)",true,-1.357117,2.01835,0.674114,"(0.0572,-0.9714,-0.1176,-0.1984)",0,0,0,0,0,0,0,true,-1.849987,2.015592,0.7803838,"(-0.0529,0.9910,0.0758,-0.0965)",0,0,0,0,0,0,0
5,"Environment: 2, FiringMode: 1",7.100831,true,-1.579711,2.270174,1.008114,"(0.0227,0.9912,-0.0961,0.0878)",true,-1.357125,2.018318,0.674054,"(0.0573,-0.9714,-0.1175,-0.1984)",0,0,0,0,0,0,0,true,-1.849988,2.015578,0.7804147,"(-0.0528,0.9910,0.0759,-0.0966)",0,0,0,0,0,0,0
5,"Environment: 2, FiringMode: 1",7.114745,true,-1.579732,2.270179,1.008146,"(0.0227,0.9912,-0.0961,0.0876)",true,-1.35717,2.018322,0.6740115,"(0.0575,-0.9714,-0.1174,-0.1982)",0,0,0,0,0,0,0,true,-1.850032,2.015595,0.7803957,"(-0.0527,0.9910,0.0759,-0.0967)",0,0,0,0,0,0,0
5,"Environment: 2, FiringMode: 1",7.128863,true,-1.579762,2.270198,1.008201,"(0.0226,0.9913,-0.0961,0.0874)",true,-1.357197,2.018326,0.6739748,"(0.0576,-0.9714,-0.1173,-0.1982)",0,0,0,0,0,0,0,true,-1.850061,2.015608,0.7803887,"(-0.0526,0.9910,0.0759,-0.0967)",0,0,0,0,0,0,0
5,"Environment: 2, FiringMode: 1",7.142518,true,-1.579817,2.270225,1.008277,"(0.0224,0.9913,-0.0958,0.0869)",true,-1.357195,2.018313,0.6739097,"(0.0577,-0.9714,-0.1171,-0.1981)",0,0,0,0,0,0,0,true,-1.850067,2.015604,0.7804182,"(-0.0524,0.9910,0.0760,-0.0969)",0,0,0,0,0,0,0
5,"Environment: 2, FiringMode: 1",7.156558,true,-1.57991,2.270267,1.008323,"(0.0223,0.9914,-0.0958,0.0865)",true,-1.357142,2.018274,0.6737949,"(0.0576,-0.9715,-0.1169,-0.1980)",0,0,0,0,0,0,0,true,-1.850043,2.015586,0.7804766,"(-0.0522,0.9910,0.0761,-0.0970)",0,0,0,0,0,0,0
5,"Environment: 2, FiringMode: 1",7.170514,true,-1.579981,2.270308,1.008302,"(0.0225,0.9914,-0.0957,0.0859)",true,-1.357107,2.018252,0.673712,"(0.0574,-0.9716,-0.1166,-0.1980)",0,0,0,0,0,0,0,true,-1.850037,2.015583,0.7804973,"(-0.0521,0.9910,0.0762,-0.0970)",0,0,0,0,0,0,0
5,"Environment: 2, FiringMode: 1",7.183669,true,-1.5801,2.270349,1.008253,"(0.0226,0.9915,-0.0957,0.0854)",true,-1.357113,2.018255,0.673654,"(0.0573,-0.9716,-0.1162,-0.1979)",0,0,0,0,0,0,0,true,-1.850044,2.015599,0.78048,"(-0.0519,0.9910,0.0762,-0.0971)",0,0,0,0,0,0,0
5,"Environment: 2, FiringMode: 1",7.197677,true,-1.580198,2.270375,1.008221,"(0.0228,0.9915,-0.0955,0.0849)",true,-1.357139,2.018254,0.673602,"(0.0573,-0.9716,-0.1157,-0.1980)",0,0,0,0,0,0,0,true,-1.850054,2.015609,0.7804551,"(-0.0518,0.9910,0.0762,-0.0970)",0,0,0,0,0,0,0
5,"Environment: 2, FiringMode: 1",7.211613,true,-1.580318,2.270415,1.008164,"(0.0229,0.9916,-0.0954,0.0843)",true,-1.357128,2.018231,0.6735022,"(0.0574,-0.9717,-0.1155,-0.1981)",0,0,0,0,0,0,0,true,-1.85004,2.015606,0.7804945,"(-0.0517,0.9910,0.0763,-0.0970)",0,0,0,0,0,0,0
5,"Environment: 2, FiringMode: 1",7.225427,true,-1.580446,2.270475,1.008097,"(0.0226,0.9916,-0.0954,0.0837)",true,-1.357106,2.018218,0.6733911,"(0.0575,-0.9717,-0.1153,-0.1980)",0,0,0,0,0,0,0,true,-1.85003,2.015604,0.780573,"(-0.0515,0.9910,0.0765,-0.0972)",0,0,0,0,0,0,0
5,"Environment: 2, FiringMode: 1",7.239575,true,-1.580682,2.27054,1.008031,"(0.0223,0.9917,-0.0953,0.0831)",true,-1.357126,2.018247,0.6733209,"(0.0574,-0.9717,-0.1151,-0.1980)",0,0,0,0,0,0,0,true,-1.850057,2.015619,0.7805998,"(-0.0514,0.9910,0.0767,-0.0973)",0,0,0,0,0,0,0
5,"Environment: 2, FiringMode: 1",7.25366,true,-1.580906,2.270598,1.007942,"(0.0222,0.9918,-0.0949,0.0826)",true,-1.357173,2.018277,0.6732503,"(0.0575,-0.9718,-0.1147,-0.1980)",0,0,0,0,0,0,0,true,-1.850104,2.015645,0.7806057,"(-0.0515,0.9909,0.0768,-0.0975)",0,0,0,0,0,0,0
5,"Environment: 2, FiringMode: 1",7.267515,true,-1.58106,2.270664,1.0078,"(0.0221,0.9918,-0.0948,0.0822)",true,-1.357214,2.01825,0.6731329,"(0.0577,-0.9718,-0.1140,-0.1981)",0,0,0,0,0,0,0,true,-1.850153,2.015671,0.7806146,"(-0.0516,0.9909,0.0769,-0.0976)",0,0,0,0,0,0,0
5,"Environment: 2, FiringMode: 1",7.281526,true,-1.581186,2.270705,1.007664,"(0.0219,0.9919,-0.0947,0.0816)",true,-1.357181,2.01817,0.6729637,"(0.0580,-0.9719,-0.1135,-0.1981)",0,0,0,0,0,0,0,true,-1.850182,2.015675,0.7806555,"(-0.0517,0.9909,0.0770,-0.0977)",0,0,0,0,0,0,0
5,"Environment: 2, FiringMode: 1",7.297236,true,-1.581329,2.270716,1.00751,"(0.0215,0.9920,-0.0947,0.0811)",true,-1.357141,2.018093,0.6727937,"(0.0581,-0.9719,-0.1129,-0.1981)",0,0,0,0,0,0,0,true,-1.850236,2.015677,0.7807121,"(-0.0519,0.9908,0.0771,-0.0979)",0,0,0,0,0,0,0
5,"Environment: 2, FiringMode: 1",7.309093,true,-1.581456,2.270734,1.00736,"(0.0212,0.9920,-0.0948,0.0804)",true,-1.357189,2.018126,0.6728001,"(0.0581,-0.9719,-0.1128,-0.1981)",0,0,0,0,0,0,0,true,-1.850276,2.015711,0.7807238,"(-0.0520,0.9908,0.0772,-0.0980)",0,0,0,0,0,0,0
5,"Environment: 2, FiringMode: 1",7.322869,true,-1.581602,2.270711,1.007214,"(0.0210,0.9921,-0.0948,0.0797)",true,-1.357285,2.018222,0.67286,"(0.0583,-0.9719,-0.1128,-0.1981)",0,0,0,0,0,0,0,true,-1.850332,2.015775,0.7807232,"(-0.0523,0.9908,0.0773,-0.0981)",0,0,0,0,0,0,0
5,"Environment: 2, FiringMode: 1",7.336874,true,-1.581827,2.270631,1.007141,"(0.0208,0.9921,-0.0949,0.0793)",true,-1.357331,2.018279,0.672877,"(0.0582,-0.9719,-0.1127,-0.1981)",0,0,0,0,0,0,0,true,-1.850368,2.015817,0.780714,"(-0.0524,0.9908,0.0773,-0.0982)",0,0,0,0,0,0,0
5,"Environment: 2, FiringMode: 1",7.350951,true,-1.58202,2.270539,1.007074,"(0.0206,0.9922,-0.0950,0.0787)",true,-1.357289,2.018266,0.672801,"(0.0581,-0.9720,-0.1125,-0.1980)",0,0,0,0,0,0,0,true,-1.850386,2.015817,0.780713,"(-0.0525,0.9908,0.0774,-0.0983)",0,0,0,0,0,0,0
5,"Environment: 2, FiringMode: 1",7.364838,true,-1.582173,2.270441,1.006974,"(0.0202,0.9922,-0.0951,0.0781)",true,-1.357223,2.018224,0.6726737,"(0.0581,-0.9720,-0.1122,-0.1980)",0,0,0,0,0,0,0,true,-1.850419,2.015816,0.7807056,"(-0.0526,0.9907,0.0774,-0.0984)",0,0,0,0,0,0,0
5,"Environment: 2, FiringMode: 1",7.378562,true,-1.582298,2.27036,1.006852,"(0.0201,0.9922,-0.0953,0.0776)",true,-1.357285,2.018222,0.6726322,"(0.0582,-0.9721,-0.1118,-0.1980)",0,0,0,0,0,0,0,true,-1.850462,2.015849,0.7807139,"(-0.0527,0.9907,0.0774,-0.0985)",0,0,0,0,0,0,0
5,"Environment: 2, FiringMode: 1",7.392541,true,-1.582428,2.270295,1.00673,"(0.0202,0.9922,-0.0956,0.0771)",true,-1.357352,2.018228,0.672606,"(0.0584,-0.9721,-0.1115,-0.1980)",0,0,0,0,0,0,0,true,-1.850492,2.015881,0.7807231,"(-0.0527,0.9907,0.0775,-0.0986)",0,0,0,0,0,0,0
5,"Environment: 2, FiringMode: 1",7.406374,true,-1.582561,2.270246,1.006618,"(0.0201,0.9922,-0.0960,0.0768)",true,-1.357407,2.018243,0.6726013,"(0.0586,-0.9721,-0.1115,-0.1980)",0,0,0,0,0,0,0,true,-1.850497,2.015894,0.7807242,"(-0.0527,0.9907,0.0775,-0.0986)",0,0,0,0,0,0,0
5,"Environment: 2, FiringMode: 1",7.420462,true,-1.58266,2.270206,1.00652,"(0.0199,0.9922,-0.0962,0.0762)",true,-1.357402,2.018224,0.672542,"(0.0588,-0.9721,-0.1113,-0.1980)",0,0,0,0,0,0,0,true,-1.850479,2.015893,0.7807229,"(-0.0527,0.9907,0.0776,-0.0986)",0,0,0,0,0,0,0
5,"Environment: 2, FiringMode: 1",7.434447,true,-1.582835,2.270156,1.006456,"(0.0200,0.9923,-0.0960,0.0759)",true,-1.357404,2.018218,0.6724998,"(0.0590,-0.9721,-0.1113,-0.1979)",0,0,0,0,0,0,0,true,-1.850464,2.015899,0.7807274,"(-0.0526,0.9907,0.0777,-0.0987)",0,0,0,0,0,0,0
5,"Environment: 2, FiringMode: 1",7.448384,true,-1.583009,2.270153,1.006348,"(0.0199,0.9923,-0.0959,0.0757)",true,-1.357422,2.018212,0.6724522,"(0.0591,-0.9721,-0.1113,-0.1978)",0,0,0,0,0,0,0,true,-1.850482,2.015911,0.780726,"(-0.0526,0.9907,0.0778,-0.0987)",0,0,0,0,0,0,0
5,"Environment: 2, FiringMode: 1",7.462424,true,-1.583147,2.270154,1.006195,"(0.0196,0.9924,-0.0955,0.0754)",true,-1.357431,2.018202,0.672399,"(0.0592,-0.9721,-0.1112,-0.1978)",0,0,0,0,0,0,0,true,-1.850512,2.015929,0.7807254,"(-0.0526,0.9907,0.0779,-0.0987)",0,0,0,0,0,0,0
5,"Environment: 2, FiringMode: 1",7.476511,true,-1.583228,2.270146,1.006057,"(0.0195,0.9924,-0.0955,0.0750)",true,-1.357413,2.01819,0.672358,"(0.0593,-0.9721,-0.1112,-0.1977)",0,0,0,0,0,0,0,true,-1.85054,2.015941,0.7807295,"(-0.0527,0.9907,0.0780,-0.0987)",0,0,0,0,0,0,0
5,"Environment: 2, FiringMode: 1",7.489804,true,-1.58331,2.270118,1.00598,"(0.0193,0.9924,-0.0959,0.0748)",true,-1.357383,2.018178,0.6723397,"(0.0593,-0.9721,-0.1111,-0.1977)",0,0,0,0,0,0,0,true,-1.850551,2.015944,0.7807327,"(-0.0528,0.9907,0.0780,-0.0987)",0,0,0,0,0,0,0
5,"Environment: 2, FiringMode: 1",7.503556,true,-1.583404,2.27007,1.005964,"(0.0194,0.9923,-0.0965,0.0747)",true,-1.357361,2.018149,0.6723107,"(0.0594,-0.9722,-0.1110,-0.1976)",0,0,0,0,0,0,0,true,-1.850572,2.01595,0.7807329,"(-0.0529,0.9906,0.0780,-0.0987)",0,0,0,0,0,0,0
5,"Environment: 2, FiringMode: 1",7.517661,true,-1.5835,2.270026,1.005954,"(0.0195,0.9923,-0.0971,0.0746)",true,-1.357385,2.018111,0.6722769,"(0.0595,-0.9721,-0.1110,-0.1977)",0,0,0,0,0,0,0,true,-1.850607,2.015959,0.7807315,"(-0.0530,0.9906,0.0780,-0.0987)",0,0,0,0,0,0,0
5,"Environment: 2, FiringMode: 1",7.531691,true,-1.583598,2.269949,1.006018,"(0.0194,0.9923,-0.0972,0.0746)",true,-1.35742,2.018083,0.6722579,"(0.0598,-0.9721,-0.1110,-0.1978)",0,0,0,0,0,0,0,true,-1.850646,2.015969,0.7807258,"(-0.0532,0.9906,0.0780,-0.0988)",0,0,0,0,0,0,0
5,"Environment: 2, FiringMode: 1",7.545541,true,-1.5837,2.269854,1.006102,"(0.0192,0.9923,-0.0970,0.0745)",true,-1.357395,2.018085,0.6722739,"(0.0597,-0.9721,-0.1112,-0.1978)",0,0,0,0,0,0,0,true,-1.850658,2.015966,0.7807089,"(-0.0532,0.9906,0.0780,-0.0987)",0,0,0,0,0,0,0
5,"Environment: 2, FiringMode: 1",7.559392,true,-1.583783,2.269791,1.006161,"(0.0190,0.9923,-0.0970,0.0744)",true,-1.357342,2.018096,0.6723063,"(0.0597,-0.9721,-0.1113,-0.1978)",0,0,0,0,0,0,0,true,-1.850659,2.01596,0.7806896,"(-0.0533,0.9906,0.0780,-0.0987)",0,0,0,0,0,0,0
5,"Environment: 2, FiringMode: 1",7.573409,true,-1.583853,2.269782,1.006171,"(0.0188,0.9923,-0.0972,0.0743)",true,-1.357299,2.018076,0.6722949,"(0.0596,-0.9720,-0.1115,-0.1980)",0,0,0,0,0,0,0,true,-1.850671,2.015962,0.7806877,"(-0.0533,0.9906,0.0780,-0.0987)",0,0,0,0,0,0,0
5,"Environment: 2, FiringMode: 1",7.58725,true,-1.583915,2.269779,1.006184,"(0.0190,0.9923,-0.0970,0.0743)",true,-1.357265,2.018025,0.6722449,"(0.0596,-0.9720,-0.1115,-0.1981)",0,0,0,0,0,0,0,true,-1.8507,2.015979,0.7807093,"(-0.0533,0.9906,0.0780,-0.0987)",0,0,0,0,0,0,0
5,"Environment: 2, FiringMode: 1",7.601421,true,-1.583996,2.269782,1.006186,"(0.0188,0.9923,-0.0969,0.0742)",true,-1.357236,2.017971,0.6721936,"(0.0596,-0.9720,-0.1115,-0.1982)",0,0,0,0,0,0,0,true,-1.85073,2.016,0.7807402,"(-0.0534,0.9906,0.0780,-0.0986)",0,0,0,0,0,0,0
5,"Environment: 2, FiringMode: 1",7.615332,true,-1.584056,2.269809,1.006194,"(0.0189,0.9924,-0.0968,0.0741)",true,-1.357191,2.017954,0.6721953,"(0.0596,-0.9719,-0.1116,-0.1983)",0,0,0,0,0,0,0,true,-1.850733,2.016003,0.7807487,"(-0.0534,0.9906,0.0781,-0.0986)",0,0,0,0,0,0,0
5,"Environment: 2, FiringMode: 1",7.629381,true,-1.584128,2.269795,1.006229,"(0.0189,0.9924,-0.0966,0.0740)",true,-1.357159,2.017941,0.6721999,"(0.0597,-0.9719,-0.1116,-0.1983)",0,0,0,0,0,0,0,true,-1.850736,2.016003,0.7807599,"(-0.0534,0.9906,0.0781,-0.0986)",0,0,0,0,0,0,0
5,"Environment: 2, FiringMode: 1",7.642511,true,-1.584197,2.269737,1.006313,"(0.0189,0.9924,-0.0965,0.0739)",true,-1.357144,2.017896,0.67216,"(0.0598,-0.9719,-0.1118,-0.1982)",0,0,0,0,0,0,0,true,-1.85075,2.016016,0.7807764,"(-0.0534,0.9906,0.0782,-0.0986)",0,0,0,0,0,0,0
5,"Environment: 2, FiringMode: 1",7.656509,true,-1.58426,2.269699,1.006379,"(0.0188,0.9924,-0.0966,0.0738)",true,-1.357142,2.017854,0.6721237,"(0.0600,-0.9719,-0.1119,-0.1982)",0,0,0,0,0,0,0,true,-1.85076,2.016033,0.7808005,"(-0.0534,0.9906,0.0783,-0.0986)",0,0,0,0,0,0,0
5,"Environment: 2, FiringMode: 1",7.670597,true,-1.584329,2.269694,1.006394,"(0.0188,0.9924,-0.0966,0.0737)",true,-1.357128,2.017825,0.6721051,"(0.0603,-0.9718,-0.1121,-0.1983)",0,0,0,0,0,0,0,true,-1.85077,2.01605,0.7808258,"(-0.0534,0.9906,0.0784,-0.0985)",0,0,0,0,0,0,0
5,"Environment: 2, FiringMode: 1",7.684376,true,-1.584383,2.269683,1.006421,"(0.0190,0.9924,-0.0966,0.0737)",true,-1.357094,2.017817,0.6721314,"(0.0603,-0.9718,-0.1123,-0.1983)",0,0,0,0,0,0,0,true,-1.850768,2.01605,0.7808443,"(-0.0534,0.9906,0.0785,-0.0985)",0,0,0,0,0,0,0
5,"Environment: 2, FiringMode: 1",7.698452,true,-1.584437,2.269656,1.006447,"(0.0191,0.9924,-0.0967,0.0736)",true,-1.357056,2.017803,0.6721479,"(0.0603,-0.9718,-0.1123,-0.1983)",0,0,0,0,0,0,0,true,-1.850764,2.016047,0.7808508,"(-0.0534,0.9906,0.0785,-0.0985)",0,0,0,0,0,0,0
5,"Environment: 2, FiringMode: 1",7.712426,true,-1.584489,2.269649,1.006481,"(0.0194,0.9924,-0.0969,0.0736)",true,-1.357121,2.017748,0.6722147,"(0.0604,-0.9718,-0.1124,-0.1984)",0,0,0,0,0,0,0,true,-1.850775,2.016038,0.7808533,"(-0.0534,0.9906,0.0785,-0.0984)",0,0,0,0,0,0,0
5,"Environment: 2, FiringMode: 1",7.726301,true,-1.584524,2.269646,1.006515,"(0.0196,0.9924,-0.0969,0.0737)",true,-1.357191,2.01769,0.672272,"(0.0605,-0.9717,-0.1124,-0.1985)",0,0,0,0,0,0,0,true,-1.850785,2.016031,0.7808507,"(-0.0535,0.9906,0.0785,-0.0983)",0,0,0,0,0,0,0
5,"Environment: 2, FiringMode: 1",7.740433,true,-1.584513,2.269619,1.006606,"(0.0195,0.9924,-0.0967,0.0737)",true,-1.357218,2.017662,0.6723043,"(0.0606,-0.9717,-0.1125,-0.1986)",0,0,0,0,0,0,0,true,-1.850791,2.016024,0.780847,"(-0.0536,0.9906,0.0785,-0.0982)",0,0,0,0,0,0,0
5,"Environment: 2, FiringMode: 1",7.767875,true,-1.584463,2.269611,1.00674,"(0.0193,0.9924,-0.0966,0.0736)",true,-1.357163,2.017639,0.6723272,"(0.0606,-0.9717,-0.1127,-0.1986)",0,0,0,0,0,0,0,true,-1.850772,2.015999,0.7808358,"(-0.0534,0.9907,0.0783,-0.0980)",0,0,0,0,0,0,0
5,"Environment: 2, FiringMode: 1",7.781221,true,-1.584551,2.269637,1.00678,"(0.0195,0.9924,-0.0967,0.0737)",true,-1.357224,2.017622,0.6723592,"(0.0606,-0.9717,-0.1127,-0.1986)",0,0,0,0,0,0,0,true,-1.850743,2.015999,0.7808706,"(-0.0534,0.9907,0.0782,-0.0978)",0,0,0,0,0,0,0
5,"Environment: 2, FiringMode: 1",7.795041,true,-1.5846,2.269668,1.006802,"(0.0197,0.9924,-0.0967,0.0737)",true,-1.357305,2.017565,0.6723549,"(0.0609,-0.9717,-0.1126,-0.1986)",0,0,0,0,0,0,0,true,-1.850722,2.016003,0.7809143,"(-0.0534,0.9907,0.0782,-0.0977)",0,0,0,0,0,0,0
5,"Environment: 2, FiringMode: 1",7.80889,true,-1.584643,2.2697,1.006808,"(0.0197,0.9924,-0.0965,0.0737)",true,-1.357352,2.01752,0.6723306,"(0.0612,-0.9716,-0.1126,-0.1987)",0,0,0,0,0,0,0,true,-1.850719,2.015998,0.780941,"(-0.0535,0.9907,0.0782,-0.0976)",0,0,0,0,0,0,0
5,"Environment: 2, FiringMode: 1",7.822687,true,-1.584686,2.269728,1.00681,"(0.0197,0.9924,-0.0962,0.0737)",true,-1.357351,2.017501,0.6722996,"(0.0613,-0.9716,-0.1127,-0.1986)",0,0,0,0,0,0,0,true,-1.850725,2.015987,0.780962,"(-0.0535,0.9907,0.0782,-0.0976)",0,0,0,0,0,0,0
5,"Environment: 2, FiringMode: 1",7.836877,true,-1.584669,2.269744,1.006867,"(0.0195,0.9925,-0.0961,0.0736)",true,-1.357369,2.017486,0.6722909,"(0.0614,-0.9716,-0.1127,-0.1986)",0,0,0,0,0,0,0,true,-1.850733,2.015973,0.7809819,"(-0.0534,0.9907,0.0782,-0.0975)",0,0,0,0,0,0,0
5,"Environment: 2, FiringMode: 1",7.851015,true,-1.58467,2.269739,1.006924,"(0.0192,0.9925,-0.0958,0.0733)",true,-1.357432,2.017483,0.6723238,"(0.0615,-0.9716,-0.1128,-0.1986)",0,0,0,0,0,0,0,true,-1.850746,2.015958,0.7809934,"(-0.0534,0.9907,0.0782,-0.0974)",0,0,0,0,0,0,0
5,"Environment: 2, FiringMode: 1",7.864857,true,-1.584718,2.269755,1.006932,"(0.0193,0.9925,-0.0957,0.0733)",true,-1.357498,2.017476,0.6723539,"(0.0615,-0.9716,-0.1128,-0.1986)",0,0,0,0,0,0,0,true,-1.850756,2.015936,0.7810048,"(-0.0533,0.9907,0.0782,-0.0974)",0,0,0,0,0,0,0
5,"Environment: 2, FiringMode: 1",7.879001,true,-1.584778,2.269774,1.006922,"(0.0194,0.9925,-0.0957,0.0731)",true,-1.357498,2.017436,0.6723009,"(0.0616,-0.9716,-0.1128,-0.1986)",0,0,0,0,0,0,0,true,-1.850756,2.015919,0.7810145,"(-0.0533,0.9907,0.0782,-0.0974)",0,0,0,0,0,0,0
5,"Environment: 2, FiringMode: 1",7.89292,true,-1.58484,2.269794,1.006909,"(0.0195,0.9926,-0.0956,0.0728)",true,-1.357474,2.017409,0.6722463,"(0.0616,-0.9716,-0.1128,-0.1986)",0,0,0,0,0,0,0,true,-1.85075,2.015906,0.7810232,"(-0.0532,0.9907,0.0782,-0.0974)",0,0,0,0,0,0,0
5,"Environment: 2, FiringMode: 1",7.906689,true,-1.584904,2.269804,1.006889,"(0.0195,0.9926,-0.0956,0.0725)",true,-1.357463,2.017387,0.6722136,"(0.0616,-0.9716,-0.1127,-0.1986)",0,0,0,0,0,0,0,true,-1.85074,2.015892,0.7810381,"(-0.0532,0.9907,0.0782,-0.0974)",0,0,0,0,0,0,0
5,"Environment: 2, FiringMode: 1",7.920817,true,-1.58497,2.269822,1.006856,"(0.0194,0.9926,-0.0955,0.0723)",true,-1.357483,2.017383,0.6722242,"(0.0616,-0.9716,-0.1127,-0.1985)",0,0,0,0,0,0,0,true,-1.850735,2.015886,0.7810519,"(-0.0532,0.9907,0.0783,-0.0975)",0,0,0,0,0,0,0
5,"Environment: 2, FiringMode: 1",7.934703,true,-1.584965,2.269857,1.006847,"(0.0192,0.9926,-0.0954,0.0721)",true,-1.357519,2.017348,0.6721899,"(0.0617,-0.9717,-0.1125,-0.1984)",0,0,0,0,0,0,0,true,-1.850731,2.015877,0.781078,"(-0.0532,0.9907,0.0783,-0.0975)",0,0,0,0,0,0,0
5,"Environment: 2, FiringMode: 1",7.947947,true,-1.584956,2.269889,1.006834,"(0.0193,0.9927,-0.0953,0.0719)",true,-1.357526,2.017279,0.6720748,"(0.0620,-0.9717,-0.1123,-0.1983)",0,0,0,0,0,0,0,true,-1.850731,2.015869,0.7810951,"(-0.0532,0.9907,0.0783,-0.0976)",0,0,0,0,0,0,0
5,"Environment: 2, FiringMode: 1",7.961987,true,-1.584975,2.269888,1.006817,"(0.0193,0.9927,-0.0953,0.0719)",true,-1.357563,2.017199,0.6719431,"(0.0623,-0.9718,-0.1120,-0.1980)",0,0,0,0,0,0,0,true,-1.850733,2.015857,0.7811155,"(-0.0532,0.9907,0.0783,-0.0976)",0,0,0,0,0,0,0
5,"Environment: 2, FiringMode: 1",7.975924,true,-1.585002,2.26989,1.006789,"(0.0193,0.9927,-0.0955,0.0717)",true,-1.357698,2.017174,0.6719817,"(0.0625,-0.9718,-0.1119,-0.1978)",0,0,0,0,0,0,0,true,-1.850737,2.015849,0.7811337,"(-0.0531,0.9907,0.0783,-0.0977)",0,0,0,0,0,0,0
5,"Environment: 2, FiringMode: 1",7.989919,true,-1.58504,2.26989,1.006742,"(0.0193,0.9927,-0.0956,0.0716)",true,-1.357921,2.017135,0.6720285,"(0.0630,-0.9719,-0.1115,-0.1974)",0,0,0,0,0,0,0,true,-1.850743,2.015847,0.7811511,"(-0.0531,0.9907,0.0783,-0.0977)",0,0,0,0,0,0,0
5,"Environment: 2, FiringMode: 1",8.003728,true,-1.585071,2.269886,1.006691,"(0.0192,0.9927,-0.0955,0.0713)",true,-1.358159,2.017072,0.672087,"(0.0631,-0.9722,-0.1103,-0.1969)",0,0,0,0,0,0,0,true,-1.850746,2.015846,0.7811651,"(-0.0531,0.9907,0.0783,-0.0977)",0,0,0,0,0,0,0
5,"Environment: 2, FiringMode: 1",8.017822,true,-1.585085,2.269905,1.006623,"(0.0192,0.9927,-0.0959,0.0712)",true,-1.35829,2.017043,0.6723299,"(0.0539,-0.9744,-0.1031,-0.1922)",0,0,0,0,0,0,0,true,-1.850743,2.015839,0.7811826,"(-0.0532,0.9907,0.0782,-0.0977)",0,0,0,0,0,0,0
5,"Environment: 2, FiringMode: 1",8.031768,true,-1.585093,2.269991,1.006534,"(0.0197,0.9926,-0.0960,0.0714)",true,-1.358427,2.017363,0.6726449,"(0.0342,-0.9790,-0.0896,-0.1799)",0,0,0,0,0,0,0,true,-1.850749,2.015837,0.7812017,"(-0.0532,0.9907,0.0782,-0.0977)",0,0,0,0,0,0,0
5,"Environment: 2, FiringMode: 1",8.045718,true,-1.585112,2.270193,1.006355,"(0.0203,0.9926,-0.0958,0.0714)",true,-1.359466,2.017448,0.6728232,"(0.0090,-0.9841,-0.0718,-0.1619)",0,0,0,0,0,0,0,true,-1.8508,2.015844,0.7811762,"(-0.0533,0.9907,0.0782,-0.0978)",0,0,0,0,0,0,0
5,"Environment: 2, FiringMode: 1",8.059782,true,-1.585178,2.270489,1.006012,"(0.0209,0.9926,-0.0953,0.0719)",true,-1.361966,2.016712,0.672148,"(-0.0143,-0.9896,-0.0431,-0.1368)",0,0,0,0,0,0,0,true,-1.850883,2.01586,0.7811719,"(-0.0536,0.9907,0.0782,-0.0978)",0,0,0,0,0,0,0
5,"Environment: 2, FiringMode: 1",8.073476,true,-1.585389,2.270954,1.005144,"(0.0212,0.9927,-0.0940,0.0722)",true,-1.366793,2.013518,0.6695321,"(-0.0508,-0.9942,0.0185,-0.0928)",0,0,0,0,0,0,0,true,-1.850999,2.015864,0.7812096,"(-0.0542,0.9906,0.0783,-0.0978)",0,0,0,0,0,0,0
5,"Environment: 2, FiringMode: 1",8.087399,true,-1.585518,2.27108,1.004781,"(0.0212,0.9928,-0.0934,0.0723)",true,-1.375816,2.010114,0.6669443,"(-0.0458,-0.9935,0.0889,-0.0551)",0,0,0,0,0,0,0,true,-1.851078,2.015851,0.7812477,"(-0.0545,0.9906,0.0782,-0.0979)",0,0,0,0,0,0,0
5,"Environment: 2, FiringMode: 1",8.100739,true,-1.585675,2.271164,1.004392,"(0.0210,0.9928,-0.0934,0.0723)",true,-1.386901,2.008318,0.6665239,"(-0.0197,-0.9899,0.1398,-0.0149)",0,0,0,0,0,0,0,true,-1.851148,2.01586,0.7812937,"(-0.0547,0.9906,0.0782,-0.0980)",0,0,0,0,0,0,0
5,"Environment: 2, FiringMode: 1",8.11485,true,-1.585955,2.271156,1.004108,"(0.0207,0.9927,-0.0937,0.0728)",true,-1.400426,2.009764,0.6704259,"(0.0520,-0.9865,0.1551,0.0078)",0,0,0,0,0,0,0,true,-1.851269,2.015921,0.7813808,"(-0.0557,0.9905,0.0784,-0.0979)",0,0,0,0,0,0,0
5,"Environment: 2, FiringMode: 1",8.128787,true,-1.586139,2.27092,1.003916,"(0.0202,0.9926,-0.0945,0.0729)",true,-1.412561,2.013544,0.6776612,"(0.1287,-0.9818,0.1375,0.0230)",0,0,0,0,0,0,0,true,-1.851344,2.015981,0.7814224,"(-0.0563,0.9905,0.0785,-0.0980)",0,0,0,0,0,0,0
5,"Environment: 2, FiringMode: 1",8.142536,true,-1.586335,2.270695,1.003717,"(0.0197,0.9925,-0.0954,0.0732)",true,-1.420685,2.015092,0.6824394,"(0.1553,-0.9757,0.1488,0.0421)",0,0,0,0,0,0,0,true,-1.851423,2.016015,0.78145,"(-0.0568,0.9904,0.0786,-0.0981)",0,0,0,0,0,0,0
5,"Environment: 2, FiringMode: 1",8.156812,true,-1.586514,2.270388,1.003558,"(0.0192,0.9925,-0.0958,0.0734)",true,-1.425959,2.014179,0.6863873,"(0.1476,-0.9696,0.1863,0.0581)",0,0,0,0,0,0,0,true,-1.851533,2.016042,0.7814785,"(-0.0576,0.9904,0.0788,-0.0981)",0,0,0,0,0,0,0
5,"Environment: 2, FiringMode: 1",8.170086,true,-1.586782,2.270019,1.003442,"(0.0181,0.9925,-0.0965,0.0733)",true,-1.430184,2.011489,0.6896925,"(0.1268,-0.9619,0.2315,0.0717)",0,0,0,0,0,0,0,true,-1.851598,2.016052,0.7814534,"(-0.0582,0.9904,0.0787,-0.0980)",0,0,0,0,0,0,0
5,"Environment: 2, FiringMode: 1",8.183739,true,-1.586935,2.269672,1.003409,"(0.0168,0.9924,-0.0976,0.0727)",true,-1.434882,2.008855,0.6932569,"(0.1161,-0.9543,0.2640,0.0784)",0,0,0,0,0,0,0,true,-1.85162,2.01607,0.7814072,"(-0.0582,0.9904,0.0786,-0.0980)",0,0,0,0,0,0,0
5,"Environment: 2, FiringMode: 1",8.197818,true,-1.587206,2.269292,1.003427,"(0.0159,0.9923,-0.0991,0.0720)",true,-1.441342,2.009784,0.6968652,"(0.1452,-0.9554,0.2419,0.0872)",0,0,0,0,0,0,0,true,-1.85164,2.01609,0.7813665,"(-0.0583,0.9904,0.0785,-0.0979)",0,0,0,0,0,0,0
5,"Environment: 2, FiringMode: 1",8.211745,true,-1.587571,2.268978,1.003463,"(0.0159,0.9923,-0.1005,0.0712)",true,-1.445572,2.010393,0.6983961,"(0.1529,-0.9566,0.2287,0.0964)",0,0,0,0,0,0,0,true,-1.851651,2.016075,0.781306,"(-0.0584,0.9904,0.0783,-0.0979)",0,0,0,0,0,0,0
5,"Environment: 2, FiringMode: 1",8.225535,true,-1.587957,2.268717,1.003484,"(0.0161,0.9922,-0.1016,0.0706)",true,-1.446755,2.009782,0.6979313,"(0.1400,-0.9567,0.2382,0.0916)",0,0,0,0,0,0,0,true,-1.851644,2.016065,0.7812779,"(-0.0584,0.9904,0.0782,-0.0978)",0,0,0,0,0,0,0
5,"Environment: 2, FiringMode: 1",8.239787,true,-1.588251,2.2686,1.003502,"(0.0164,0.9922,-0.1024,0.0698)",true,-1.447278,2.009706,0.6976722,"(0.1435,-0.9583,0.2350,0.0760)",0,0,0,0,0,0,0,true,-1.85164,2.016081,0.7812682,"(-0.0584,0.9904,0.0782,-0.0978)",0,0,0,0,0,0,0
5,"Environment: 2, FiringMode: 1",8.253193,true,-1.588529,2.268539,1.003498,"(0.0164,0.9922,-0.1026,0.0688)",true,-1.44872,2.00905,0.6974697,"(0.1639,-0.9570,0.2296,0.0670)",0,0,0,0,0,0,0,true,-1.851644,2.016129,0.7813007,"(-0.0583,0.9904,0.0783,-0.0978)",0,0,0,0,0,0,0
5,"Environment: 2, FiringMode: 1",8.266932,true,-1.588875,2.268563,1.003513,"(0.0166,0.9923,-0.1025,0.0678)",true,-1.450436,2.008003,0.6974761,"(0.1842,-0.9539,0.2291,0.0611)",0,0,0,0,0,0,0,true,-1.851657,2.016181,0.7814108,"(-0.0584,0.9904,0.0784,-0.0978)",0,0,0,0,0,0,0
5,"Environment: 2, FiringMode: 1",8.281099,true,-1.589238,2.268524,1.0036,"(0.0168,0.9924,-0.1023,0.0667)",true,-1.450823,2.006686,0.6968206,"(0.1940,-0.9515,0.2319,0.0564)",0,0,0,0,0,0,0,true,-1.851676,2.016207,0.7816336,"(-0.0584,0.9903,0.0789,-0.0980)",0,0,0,0,0,0,0
5,"Environment: 2, FiringMode: 1",8.295157,true,-1.589611,2.268508,1.003751,"(0.0166,0.9925,-0.1021,0.0657)",true,-1.451253,2.006335,0.6960416,"(0.1992,-0.9512,0.2303,0.0509)",0,0,0,0,0,0,0,true,-1.851709,2.016233,0.7818622,"(-0.0584,0.9903,0.0792,-0.0982)",0,0,0,0,0,0,0
5,"Environment: 2, FiringMode: 1",8.309129,true,-1.589994,2.268666,1.003818,"(0.0165,0.9925,-0.1021,0.0648)",true,-1.450952,2.006849,0.694651,"(0.1959,-0.9536,0.2241,0.0453)",0,0,0,0,0,0,0,true,-1.851816,2.016267,0.7821432,"(-0.0586,0.9902,0.0797,-0.0985)",0,0,0,0,0,0,0
5,"Environment: 2, FiringMode: 1",8.322909,true,-1.59041,2.268726,1.003961,"(0.0163,0.9926,-0.1016,0.0639)",true,-1.450864,2.007031,0.6934611,"(0.1922,-0.9549,0.2225,0.0404)",0,0,0,0,0,0,0,true,-1.851917,2.016299,0.7823439,"(-0.0588,0.9902,0.0800,-0.0987)",0,0,0,0,0,0,0
5,"Environment: 2, FiringMode: 1",8.337076,true,-1.59077,2.268898,1.004005,"(0.0160,0.9927,-0.1012,0.0630)",true,-1.450411,2.006914,0.6922111,"(0.1901,-0.9559,0.2206,0.0378)",0,0,0,0,0,0,0,true,-1.852055,2.016342,0.7826132,"(-0.0592,0.9901,0.0804,-0.0988)",0,0,0,0,0,0,0
5,"Environment: 2, FiringMode: 1",8.350753,true,-1.591139,2.269147,1.004055,"(0.0157,0.9929,-0.1006,0.0621)",true,-1.449965,2.00666,0.6911784,"(0.1948,-0.9560,0.2169,0.0326)",0,0,0,0,0,0,0,true,-1.852123,2.016373,0.7828314,"(-0.0595,0.9900,0.0807,-0.0989)",0,0,0,0,0,0,0
5,"Environment: 2, FiringMode: 1",8.364608,true,-1.591509,2.269354,1.004094,"(0.0150,0.9930,-0.0995,0.0611)",true,-1.449217,2.00652,0.690073,"(0.1965,-0.9566,0.2135,0.0275)",0,0,0,0,0,0,0,true,-1.852209,2.01641,0.783077,"(-0.0597,0.9900,0.0810,-0.0992)",0,0,0,0,0,0,0
5,"Environment: 2, FiringMode: 1",8.378905,true,-1.5919,2.269558,1.004094,"(0.0144,0.9932,-0.0986,0.0598)",true,-1.44872,2.006809,0.689068,"(0.1941,-0.9580,0.2098,0.0247)",0.1357753,0,0,0,0,0,0,true,-1.852355,2.016457,0.7832202,"(-0.0599,0.9899,0.0812,-0.0995)",0,0,0,0,0,0,0
5,"Environment: 2, FiringMode: 1",8.392731,true,-1.592239,2.26968,1.004183,"(0.0140,0.9934,-0.0979,0.0586)",true,-1.448778,2.007211,0.6882676,"(0.1910,-0.9593,0.2065,0.0248)",0.2449328,0,0,0,0,0,0,true,-1.852434,2.016476,0.7832857,"(-0.0601,0.9899,0.0813,-0.0997)",0,0,0,0,0,0,0
5,"Environment: 2, FiringMode: 1",8.408238,true,-1.592627,2.269759,1.004282,"(0.0136,0.9935,-0.0972,0.0574)",true,-1.448961,2.00741,0.687694,"(0.1809,-0.9606,0.2090,0.0283)",0.5245421,0,0,0,0,0,0,true,-1.852521,2.016501,0.7834078,"(-0.0602,0.9898,0.0815,-0.1000)",0,0,0,0,0,0,0
5,"Environment: 2, FiringMode: 1",8.422079,true,-1.592971,2.269913,1.004233,"(0.0133,0.9937,-0.0966,0.0559)",true,-1.449661,2.007556,0.6875916,"(0.1771,-0.9614,0.2077,0.0331)",0.6993895,0,0,0,0,0,0,true,-1.852558,2.016518,0.7835323,"(-0.0602,0.9898,0.0817,-0.1002)",0,0,0,0,0,0,0
5,"Environment: 2, FiringMode: 1",8.437399,true,-1.59339,2.270049,1.004109,"(0.0129,0.9938,-0.0957,0.0547)",true,-1.450748,2.007547,0.6877069,"(0.1792,-0.9613,0.2055,0.0391)",0.9040293,0,0,0,0,0,0,true,-1.852587,2.016526,0.7836257,"(-0.0604,0.9897,0.0818,-0.1003)",0,0,0,0,0,0,0
5,"Environment: 2, FiringMode: 1",8.451138,true,-1.593912,2.270383,1.003908,"(0.0119,0.9942,-0.0941,0.0516)",true,-1.45186,2.007997,0.6873411,"(0.1762,-0.9625,0.2016,0.0445)",0.9897436,0,0,0,0,0,0,true,-1.852629,2.016514,0.7836789,"(-0.0605,0.9897,0.0819,-0.1005)",0,0,0,0,0,0,0
5,"Environment: 2, FiringMode: 1",8.464282,true,-1.593902,2.270338,1.00388,"(0.0115,0.9941,-0.0942,0.0517)",true,-1.451564,2.008237,0.6874224,"(0.1744,-0.9627,0.2024,0.0423)",1,0,0,0,0,0,0,true,-1.852653,2.016499,0.7836976,"(-0.0605,0.9897,0.0820,-0.1006)",0,0,0,0,0,0,0
5,"Environment: 2, FiringMode: 1",8.478028,true,-1.594207,2.270414,1.003767,"(0.0110,0.9942,-0.0939,0.0504)",true,-1.451724,2.008314,0.6868662,"(0.1751,-0.9628,0.2017,0.0400)",1,0,0,0,0,0,0,true,-1.852667,2.016488,0.7837095,"(-0.0605,0.9897,0.0821,-0.1007)",0,0,0,0,0,0,0
5,"Environment: 2, FiringMode: 1",8.49157,true,-1.594501,2.270585,1.00362,"(0.0104,0.9943,-0.0939,0.0492)",true,-1.451711,2.008145,0.6863103,"(0.1798,-0.9622,0.2012,0.0357)",1,0,0,0,0,0,0,true,-1.852674,2.016481,0.7837105,"(-0.0605,0.9897,0.0821,-0.1009)",0,0,0,0,0,0,0
5,"Environment: 2, FiringMode: 1",8.506602,true,-1.594708,2.27071,1.003492,"(0.0100,0.9944,-0.0937,0.0480)",true,-1.451567,2.008217,0.6856014,"(0.1825,-0.9620,0.2007,0.0300)",1,0,0,0,0,0,0,true,-1.852695,2.01648,0.783691,"(-0.0606,0.9896,0.0821,-0.1011)",0,0,0,0,0,0,0
5,"Environment: 2, FiringMode: 1",8.522242,true,-1.594872,2.270736,1.003312,"(0.0097,0.9945,-0.0932,0.0470)",true,-1.451542,2.008715,0.6853263,"(0.1833,-0.9622,0.1994,0.0269)",1,0,0,0,0,0,0,true,-1.852735,2.016485,0.7836501,"(-0.0608,0.9896,0.0820,-0.1012)",0,0,0,0,0,0,0
5,"Environment: 2, FiringMode: 1",8.534995,true,-1.595233,2.270802,1.002942,"(0.0091,0.9946,-0.0925,0.0452)",true,-1.451919,2.009604,0.6846374,"(0.1844,-0.9629,0.1958,0.0242)",1,0,0,0,0,0,0,true,-1.852759,2.016489,0.7836022,"(-0.0608,0.9896,0.0819,-0.1015)",0,0,0,0,0,0,0
5,"Environment: 2, FiringMode: 1",8.549079,true,-1.595316,2.270888,1.002989,"(0.0093,0.9946,-0.0929,0.0455)",true,-1.451931,2.010159,0.6848946,"(0.1806,-0.9635,0.1961,0.0266)",1,0,0,0,0,0,0,true,-1.852763,2.016476,0.7835342,"(-0.0607,0.9896,0.0818,-0.1017)",0,0,0,0,0,0,0
5,"Environment: 2, FiringMode: 1",8.562212,true,-1.595403,2.270893,1.002819,"(0.0090,0.9946,-0.0929,0.0446)",true,-1.451863,2.010832,0.6846617,"(0.1768,-0.9643,0.1955,0.0256)",0.971917,0,0,0,0,0,0,true,-1.852756,2.016462,0.7834708,"(-0.0608,0.9896,0.0817,-0.1019)",0,0,0,0,0,0,0
5,"Environment: 2, FiringMode: 1",8.575753,true,-1.59543,2.270862,1.002645,"(0.0089,0.9946,-0.0930,0.0443)",true,-1.452009,2.011552,0.6847134,"(0.1786,-0.9645,0.1930,0.0260)",0.8527473,0,0,0,0,0,0,true,-1.852738,2.016464,0.7834259,"(-0.0607,0.9896,0.0816,-0.1020)",0,0,0,0,0,0,0
5,"Environment: 2, FiringMode: 1",8.589128,true,-1.59542,2.270806,1.002496,"(0.0087,0.9946,-0.0932,0.0437)",true,-1.451983,2.011933,0.6849068,"(0.1792,-0.9646,0.1919,0.0267)",0.2749695,0,0,0,0,0,0,true,-1.852719,2.016482,0.7834097,"(-0.0605,0.9896,0.0815,-0.1021)",0,0,0,0,0,0,0
5,"Environment: 2, FiringMode: 1",8.602413,true,-1.59537,2.270723,1.002367,"(0.0086,0.9947,-0.0934,0.0432)",true,-1.451947,2.011974,0.6853409,"(0.1800,-0.9642,0.1925,0.0282)",0.1181929,0,0,0,0,0,0,true,-1.852693,2.016501,0.7834007,"(-0.0604,0.9896,0.0814,-0.1023)",0,0,0,0,0,0,0
5,"Environment: 2, FiringMode: 1",8.616259,true,-1.59536,2.270628,1.002237,"(0.0086,0.9947,-0.0936,0.0428)",true,-1.451843,2.011805,0.6855068,"(0.1802,-0.9640,0.1934,0.0290)",0.05006099,0,0,0,0,0,0,true,-1.852671,2.016495,0.7833734,"(-0.0602,0.9896,0.0813,-0.1023)",0,0,0,0,0,0,0
5,"Environment: 2, FiringMode: 1",8.629787,true,-1.59533,2.270542,1.00212,"(0.0085,0.9946,-0.0939,0.0424)",true,-1.451743,2.011791,0.6855254,"(0.1808,-0.9638,0.1937,0.0295)",0,0,0,0,0,0,0,true,-1.852652,2.016486,0.7833489,"(-0.0601,0.9896,0.0813,-0.1024)",0,0,0,0,0,0,0
5,"Environment: 2, FiringMode: 1",8.643429,true,-1.595266,2.270456,1.00203,"(0.0085,0.9946,-0.0940,0.0422)",true,-1.451359,2.012081,0.6854793,"(0.1836,-0.9633,0.1932,0.0308)",0,0,0,0,0,0,0,true,-1.852648,2.01649,0.7833421,"(-0.0601,0.9896,0.0812,-0.1025)",0,0,0,0,0,0,0
5,"Environment: 2, FiringMode: 1",8.657243,true,-1.595207,2.270386,1.001939,"(0.0085,0.9946,-0.0942,0.0420)",true,-1.451016,2.012262,0.685586,"(0.1823,-0.9637,0.1930,0.0300)",0,0,0,0,0,0,0,true,-1.852652,2.016498,0.7833474,"(-0.0600,0.9896,0.0812,-0.1026)",0,0,0,0,0,0,0
5,"Environment: 2, FiringMode: 1",8.670942,true,-1.59512,2.270334,1.001883,"(0.0086,0.9946,-0.0945,0.0417)",true,-1.449923,2.012843,0.6853271,"(0.1807,-0.9641,0.1922,0.0290)",0,0,0,0,0,0,0,true,-1.852657,2.016506,0.7833619,"(-0.0599,0.9896,0.0811,-0.1027)",0,0,0,0,0,0,0
5,"Environment: 2, FiringMode: 1",8.684441,true,-1.595068,2.270285,1.001849,"(0.0089,0.9946,-0.0947,0.0416)",true,-1.447883,2.013673,0.6846088,"(0.1779,-0.9651,0.1902,0.0266)",0,0,0,0,0,0,0,true,-1.852649,2.016507,0.7833689,"(-0.0598,0.9896,0.0812,-0.1028)",0,0,0,0,0,0,0
5,"Environment: 2, FiringMode: 1",8.698479,true,-1.595013,2.270243,1.001847,"(0.0091,0.9946,-0.0950,0.0413)",true,-1.445916,2.014367,0.6840908,"(0.1772,-0.9657,0.1883,0.0237)",0,0,0,0,0,0,0,true,-1.85264,2.016511,0.7833828,"(-0.0598,0.9896,0.0812,-0.1029)",0,0,0,0,0,0,0
5,"Environment: 2, FiringMode: 1",8.711671,true,-1.594944,2.2702,1.001833,"(0.0096,0.9946,-0.0950,0.0412)",true,-1.443802,2.015306,0.6840658,"(0.1774,-0.9658,0.1877,0.0210)",0,0,0,0,0,0,0,true,-1.852641,2.016525,0.7833924,"(-0.0598,0.9896,0.0812,-0.1030)",0,0,0,0,0,0,0
5,"Environment: 2, FiringMode: 1",8.725304,true,-1.59487,2.270157,1.001817,"(0.0100,0.9946,-0.0949,0.0409)",true,-1.441325,2.016342,0.6840369,"(0.1779,-0.9659,0.1871,0.0177)",0,0,0,0,0,0,0,true,-1.852647,2.016538,0.7833945,"(-0.0597,0.9895,0.0813,-0.1030)",0,0,0,0,0,0,0
5,"Environment: 2, FiringMode: 1",8.739312,true,-1.594812,2.270135,1.001806,"(0.0107,0.9946,-0.0950,0.0410)",true,-1.437744,2.017694,0.6837577,"(0.1775,-0.9664,0.1853,0.0119)",0,0,0,0,0,0,0,true,-1.852649,2.016546,0.7833912,"(-0.0597,0.9895,0.0813,-0.1031)",0,0,0,0,0,0,0
5,"Environment: 2, FiringMode: 1",8.753301,true,-1.594764,2.270101,1.001804,"(0.0108,0.9946,-0.0951,0.0407)",true,-1.433677,2.018742,0.6829922,"(0.1758,-0.9671,0.1837,0.0049)",0,0,0,0,0,0,0,true,-1.852641,2.016543,0.7833886,"(-0.0596,0.9895,0.0813,-0.1032)",0,0,0,0,0,0,0
5,"Environment: 2, FiringMode: 1",8.767045,true,-1.594725,2.270063,1.001817,"(0.0110,0.9946,-0.0952,0.0408)",true,-1.429062,2.019748,0.6821338,"(0.1744,-0.9678,0.1817,-0.0039)",0,0,0,0,0,0,0,true,-1.85263,2.01654,0.7833864,"(-0.0595,0.9895,0.0812,-0.1033)",0,0,0,0,0,0,0
5,"Environment: 2, FiringMode: 1",8.78093,true,-1.594604,2.26998,1.001942,"(0.0113,0.9946,-0.0951,0.0407)",true,-1.424284,2.020862,0.6814805,"(0.1733,-0.9681,0.1805,-0.0134)",0,0,0,0,0,0,0,true,-1.852658,2.016556,0.7833689,"(-0.0595,0.9895,0.0812,-0.1033)",0,0,0,0,0,0,0
5,"Environment: 2, FiringMode: 1",8.794943,true,-1.594492,2.269901,1.002087,"(0.0116,0.9945,-0.0953,0.0408)",true,-1.418813,2.021808,0.6807944,"(0.1725,-0.9682,0.1797,-0.0241)",0,0,0,0,0,0,0,true,-1.852684,2.016571,0.7833506,"(-0.0595,0.9896,0.0811,-0.1032)",0,0,0,0,0,0,0
5,"Environment: 2, FiringMode: 1",8.808804,true,-1.594438,2.269869,1.002203,"(0.0117,0.9945,-0.0956,0.0410)",true,-1.412638,2.022242,0.6798353,"(0.1710,-0.9681,0.1795,-0.0350)",0,0,0,0,0,0,0,true,-1.852688,2.016576,0.7833407,"(-0.0593,0.9896,0.0811,-0.1032)",0,0,0,0,0,0,0
5,"Environment: 2, FiringMode: 1",8.822701,true,-1.594418,2.269852,1.002279,"(0.0118,0.9945,-0.0956,0.0412)",true,-1.406587,2.022422,0.6787597,"(0.1711,-0.9679,0.1784,-0.0463)",0,0,0,0,0,0,0,true,-1.852667,2.01657,0.7833418,"(-0.0592,0.9896,0.0810,-0.1032)",0,0,0,0,0,0,0
5,"Environment: 2, FiringMode: 1",8.836625,true,-1.594405,2.269857,1.002326,"(0.0117,0.9945,-0.0956,0.0411)",true,-1.399571,2.022361,0.6775289,"(0.1702,-0.9675,0.1769,-0.0600)",0,0,0,0,0,0,0,true,-1.852616,2.016558,0.7833576,"(-0.0590,0.9896,0.0810,-0.1031)",0,0,0,0,0,0,0
5,"Environment: 2, FiringMode: 1",8.850545,true,-1.594404,2.269894,1.002339,"(0.0118,0.9945,-0.0953,0.0412)",true,-1.392608,2.022545,0.6764609,"(0.1690,-0.9672,0.1740,-0.0753)",0,0,0,0,0,0,0,true,-1.852563,2.01654,0.7833927,"(-0.0589,0.9896,0.0810,-0.1030)",0,0,0,0,0,0,0
5,"Environment: 2, FiringMode: 1",8.863728,true,-1.594413,2.269967,1.002318,"(0.0117,0.9945,-0.0952,0.0410)",true,-1.385201,2.022442,0.6752456,"(0.1686,-0.9664,0.1703,-0.0930)",0,0,0,0,0,0,0,true,-1.852484,2.016516,0.7834352,"(-0.0586,0.9897,0.0809,-0.1028)",0,0,0,0,0,0,0
5,"Environment: 2, FiringMode: 1",8.877805,true,-1.594471,2.270001,1.002321,"(0.0114,0.9946,-0.0948,0.0409)",true,-1.377677,2.021651,0.6738312,"(0.1692,-0.9646,0.1688,-0.1116)",0,0,0,0,0,0,0,true,-1.852448,2.016505,0.7834377,"(-0.0585,0.9897,0.0809,-0.1027)",0,0,0,0,0,0,0
5,"Environment: 2, FiringMode: 1",8.89175,true,-1.59452,2.270037,1.002367,"(0.0112,0.9946,-0.0949,0.0407)",true,-1.370389,2.020474,0.6724833,"(0.1723,-0.9616,0.1688,-0.1306)",0,0,0,0,0,0,0,true,-1.852389,2.016487,0.7834189,"(-0.0582,0.9897,0.0808,-0.1026)",0,0,0,0,0,0,0
5,"Environment: 2, FiringMode: 1",8.905598,true,-1.594541,2.270063,1.002441,"(0.0113,0.9946,-0.0951,0.0407)",true,-1.363399,2.018722,0.6714311,"(0.1766,-0.9582,0.1708,-0.1469)",0,0,0,0,0,0,0,true,-1.852341,2.016466,0.7833909,"(-0.0580,0.9898,0.0807,-0.1025)",0,0,0,0,0,0,0
5,"Environment: 2, FiringMode: 1",8.91983,true,-1.594547,2.270092,1.002508,"(0.0114,0.9945,-0.0954,0.0408)",true,-1.356935,2.017003,0.6707639,"(0.1811,-0.9549,0.1724,-0.1600)",0,0,0,0,0,0,0,true,-1.852314,2.016433,0.7833561,"(-0.0579,0.9898,0.0806,-0.1024)",0,0,0,0,0,0,0
5,"Environment: 2, FiringMode: 1",8.933785,true,-1.594542,2.270142,1.002563,"(0.0115,0.9945,-0.0954,0.0408)",true,-1.350743,2.01561,0.670038,"(0.1827,-0.9526,0.1716,-0.1723)",0,0,0,0,0,0,0,true,-1.852295,2.016396,0.7833105,"(-0.0578,0.9898,0.0804,-0.1023)",0,0,0,0,0,0,0
5,"Environment: 2, FiringMode: 1",8.94753,true,-1.594534,2.270211,1.002578,"(0.0114,0.9946,-0.0952,0.0408)",true,-1.344611,2.014385,0.6689445,"(0.1777,-0.9522,0.1684,-0.1830)",0,0,0,0,0,0,0,true,-1.852271,2.01637,0.7832659,"(-0.0578,0.9898,0.0802,-0.1022)",0,0,0,0,0,0,0
5,"Environment: 2, FiringMode: 1",8.961641,true,-1.594519,2.270276,1.002596,"(0.0113,0.9946,-0.0950,0.0407)",true,-1.338605,2.013211,0.6677117,"(0.1690,-0.9523,0.1653,-0.1929)",0,0,0,0,0,0,0,true,-1.852247,2.016355,0.7832298,"(-0.0577,0.9899,0.0801,-0.1022)",0,0,0,0,0,0,0
5,"Environment: 2, FiringMode: 1",8.976912,true,-1.59442,2.27031,1.002688,"(0.0112,0.9946,-0.0947,0.0406)",true,-1.333342,2.012217,0.6666563,"(0.1613,-0.9517,0.1608,-0.2057)",0,0,0,0,0,0,0,true,-1.852233,2.01635,0.7832091,"(-0.0577,0.9899,0.0800,-0.1022)",0,0,0,0,0,0,0
5,"Environment: 2, FiringMode: 1",8.989019,true,-1.594329,2.270349,1.002784,"(0.0113,0.9946,-0.0947,0.0405)",true,-1.328069,2.011084,0.6659081,"(0.1562,-0.9513,0.1573,-0.2142)",0,0,0,0,0,0,0,true,-1.852227,2.016353,0.7832043,"(-0.0577,0.9899,0.0799,-0.1021)",0,0,0,0,0,0,0
5,"Environment: 2, FiringMode: 1",9.002652,true,-1.594219,2.270389,1.002879,"(0.0115,0.9947,-0.0943,0.0401)",true,-1.323567,2.009461,0.6656682,"(0.1526,-0.9502,0.1571,-0.2216)",0,0,0,0,0,0,0,true,-1.852218,2.016363,0.7832056,"(-0.0577,0.9899,0.0798,-0.1020)",0,0,0,0,0,0,0
5,"Environment: 2, FiringMode: 1",9.016704,true,-1.594245,2.270508,1.002874,"(0.0118,0.9947,-0.0938,0.0394)",true,-1.318712,2.007377,0.6650333,"(0.1514,-0.9474,0.1600,-0.2320)",0,0,0,0,0,0,0,true,-1.852201,2.016358,0.7832001,"(-0.0576,0.9899,0.0799,-0.1021)",0,0,0,0,0,0,0
5,"Environment: 2, FiringMode: 1",9.030566,true,-1.594326,2.270658,1.002826,"(0.0122,0.9948,-0.0931,0.0384)",true,-1.313625,2.004761,0.6641461,"(0.1514,-0.9409,0.1730,-0.2485)",0,0,0,0,0,0,0,true,-1.852205,2.016359,0.7832029,"(-0.0576,0.9898,0.0800,-0.1025)",0,0,0,0,0,0,0
5,"Environment: 2, FiringMode: 1",9.044527,true,-1.594449,2.270837,1.002761,"(0.0127,0.9950,-0.0923,0.0370)",true,-1.309193,2.002821,0.6638389,"(0.1539,-0.9359,0.1792,-0.2613)",0,0,0,0,0,0,0,true,-1.852215,2.016367,0.7832295,"(-0.0576,0.9898,0.0801,-0.1027)",0,0,0,0,0,0,0
5,"Environment: 2, FiringMode: 1",9.058678,true,-1.594648,2.271039,1.002698,"(0.0135,0.9951,-0.0915,0.0349)",true,-1.306337,2.001812,0.6640317,"(0.1570,-0.9342,0.1774,-0.2666)",0,0,0,0,0,0,0,true,-1.852243,2.016376,0.7832645,"(-0.0578,0.9898,0.0801,-0.1029)",0,0,0,0,0,0,0
5,"Environment: 2, FiringMode: 1",9.072662,true,-1.59488,2.271248,1.002667,"(0.0145,0.9952,-0.0908,0.0327)",true,-1.303467,2.001125,0.6640291,"(0.1552,-0.9337,0.1746,-0.2715)",0,0,0,0,0,0,0,true,-1.85232,2.016395,0.7833077,"(-0.0579,0.9897,0.0803,-0.1035)",0,0,0,0,0,0,0
5,"Environment: 2, FiringMode: 1",9.086519,true,-1.595262,2.271509,1.002653,"(0.0156,0.9954,-0.0900,0.0301)",true,-1.301192,2.000707,0.664247,"(0.1488,-0.9345,0.1718,-0.2738)",0,0,0,0,0,0,0,true,-1.852753,2.01652,0.783436,"(-0.0583,0.9892,0.0817,-0.1071)",0,0,0,0,0,0,0
5,"Environment: 2, FiringMode: 1",9.100629,true,-1.595965,2.271826,1.002662,"(0.0167,0.9955,-0.0888,0.0270)",true,-1.299722,2.000139,0.6646378,"(0.1407,-0.9363,0.1712,-0.2723)",0,0,0,0,0,0,0,true,-1.853197,2.016583,0.7834591,"(-0.0594,0.9888,0.0822,-0.1098)",0,0,0,0,0,0,0
5,"Environment: 2, FiringMode: 1",9.114721,true,-1.596425,2.272222,1.002641,"(0.0185,0.9957,-0.0879,0.0233)",true,-1.29843,1.999639,0.6650429,"(0.1377,-0.9369,0.1714,-0.2718)",0,0,0,0,0,0,0,true,-1.853293,2.016575,0.783432,"(-0.0597,0.9888,0.0818,-0.1100)",0,0,0,0,0,0,0
5,"Environment: 2, FiringMode: 1",9.128629,true,-1.59706,2.272573,1.002603,"(0.0205,0.9959,-0.0863,0.0189)",true,-1.297948,1.999514,0.6655399,"(0.1377,-0.9374,0.1710,-0.2704)",0,0,0,0,0,0,0,true,-1.853282,2.016587,0.7834083,"(-0.0592,0.9888,0.0817,-0.1100)",0,0,0,0,0,0,0
5,"Environment: 2, FiringMode: 1",9.142387,true,-1.597857,2.272958,1.002558,"(0.0221,0.9961,-0.0842,0.0131)",true,-1.297601,1.999556,0.6658288,"(0.1360,-0.9385,0.1699,-0.2680)",0,0,0,0,0,0,0,true,-1.853612,2.016683,0.7834268,"(-0.0593,0.9884,0.0826,-0.1131)",0,0,0,0,0,0,0
5,"Environment: 2, FiringMode: 1",9.156425,true,-1.598673,2.273597,1.002547,"(0.0249,0.9963,-0.0821,0.0063)",true,-1.297192,1.999824,0.6658908,"(0.1297,-0.9405,0.1685,-0.2649)",0,0,0,0,0,0,0,true,-1.854045,2.016816,0.783493,"(-0.0596,0.9877,0.0843,-0.1172)",0,0,0,0,0,0,0
5,"Environment: 2, FiringMode: 1",9.169816,true,-1.599638,2.274086,1.002706,"(0.0276,0.9964,-0.0796,-0.0009)",true,-1.296677,2.000369,0.6658617,"(0.1189,-0.9433,0.1653,-0.2621)",0,0,0,0,0,0,0,true,-1.854332,2.016922,0.783576,"(-0.0591,0.9873,0.0857,-0.1203)",0,0,0,0,0,0,0
5,"Environment: 2, FiringMode: 1",9.18351,true,-1.600713,2.274712,1.002862,"(0.0306,0.9965,-0.0769,-0.0098)",true,-1.296873,2.001256,0.6659542,"(0.1087,-0.9459,0.1618,-0.2593)",0,0,0,0,0,0,0,true,-1.854764,2.017154,0.7837938,"(-0.0573,0.9865,0.0880,-0.1257)",0,0,0,0,0,0,0
5,"Environment: 2, FiringMode: 1",9.197717,true,-1.601805,2.27528,1.003155,"(0.0340,0.9965,-0.0733,-0.0198)",true,-1.297033,2.001703,0.6660953,"(0.1081,-0.9463,0.1598,-0.2593)",0,0,0,0,0,0,0,true,-1.85554,2.01747,0.7841772,"(-0.0572,0.9855,0.0901,-0.1320)",0,0,0,0,0,0,0
5,"Environment: 2, FiringMode: 1",9.211888,true,-1.603239,2.275993,1.003371,"(0.0386,0.9964,-0.0702,-0.0293)",true,-1.297153,2.001713,0.6663277,"(0.1140,-0.9450,0.1604,-0.2614)",0,0,0,0,0,0,0,true,-1.856575,2.017934,0.7848313,"(-0.0591,0.9845,0.0931,-0.1364)",0,0,0,0,0,0,0
5,"Environment: 2, FiringMode: 1",9.225545,true,-1.604533,2.276651,1.003796,"(0.0431,0.9960,-0.0673,-0.0397)",true,-1.298027,2.001606,0.6664313,"(0.1220,-0.9433,0.1620,-0.2629)",0,0,0,0,0,0,0,true,-1.858065,2.018675,0.78573,"(-0.0630,0.9831,0.0975,-0.1415)",0,0,0,0,0,0,0
5,"Environment: 2, FiringMode: 1",9.239655,true,-1.605878,2.277482,1.004104,"(0.0464,0.9956,-0.0643,-0.0506)",true,-1.298255,2.001717,0.6665636,"(0.1254,-0.9426,0.1616,-0.2639)",0,0,0,0,0,0,0,true,-1.860049,2.019452,0.7865357,"(-0.0662,0.9811,0.1018,-0.1509)",0,0,0,0,0,0,0
5,"Environment: 2, FiringMode: 1",9.25343,true,-1.607428,2.278443,1.004457,"(0.0495,0.9950,-0.0598,-0.0633)",true,-1.299401,2.002263,0.666631,"(0.1282,-0.9434,0.1589,-0.2614)",0,0,0,0,0,0,0,true,-1.862815,2.020693,0.7877241,"(-0.0637,0.9772,0.1115,-0.1693)",0,0,0,0,0,0,0
5,"Environment: 2, FiringMode: 1",9.267219,true,-1.609379,2.279607,1.004851,"(0.0532,0.9941,-0.0548,-0.0770)",true,-1.30057,2.002935,0.6667728,"(0.1302,-0.9446,0.1549,-0.2584)",0,0,0,0,0,0,0,true,-1.864896,2.022046,0.7887511,"(-0.0559,0.9739,0.1204,-0.1839)",0,0,0,0,0,0,0
5,"Environment: 2, FiringMode: 1",9.281076,true,-1.611263,2.280688,1.005374,"(0.0576,0.9929,-0.0502,-0.0909)",true,-1.30154,2.00364,0.6670641,"(0.1313,-0.9458,0.1518,-0.2555)",0,0,0,0,0,0,0,true,-1.866118,2.023213,0.7896965,"(-0.0437,0.9717,0.1262,-0.1946)",0,0,0,0,0,0,0
5,"Environment: 2, FiringMode: 1",9.29503,true,-1.613021,2.281709,1.006049,"(0.0632,0.9915,-0.0460,-0.1044)",true,-1.30226,2.004256,0.6673223,"(0.1317,-0.9469,0.1494,-0.2526)",0,0,0,0,0,0,0,true,-1.866747,2.02419,0.7905077,"(-0.0292,0.9704,0.1285,-0.2024)",0,0,0,0,0,0,0
5,"Environment: 2, FiringMode: 1",9.30897,true,-1.614634,2.282585,1.006761,"(0.0682,0.9899,-0.0423,-0.1168)",true,-1.302812,2.00485,0.6674291,"(0.1285,-0.9476,0.1492,-0.2516)",0,0,0,0,0,0,0,true,-1.867877,2.025348,0.791556,"(-0.0236,0.9687,0.1300,-0.2101)",0,0,0,0,0,0,0
5,"Environment: 2, FiringMode: 1",9.322228,true,-1.615996,2.283455,1.007478,"(0.0722,0.9883,-0.0388,-0.1286)",true,-1.303351,2.005407,0.6673681,"(0.1254,-0.9478,0.1491,-0.2524)",0,0,0,0,0,0,0,true,-1.869606,2.026891,0.7932247,"(-0.0258,0.9666,0.1325,-0.2178)",0,0,0,0,0,0,0
5,"Environment: 2, FiringMode: 1",9.336302,true,-1.617514,2.284342,1.008078,"(0.0750,0.9869,-0.0353,-0.1386)",true,-1.303922,2.005558,0.6671557,"(0.1259,-0.9475,0.1493,-0.2531)",0,0,0,0,0,0,0,true,-1.871647,2.028844,0.7948033,"(-0.0299,0.9649,0.1324,-0.2246)",0,0,0,0,0,0,0
5,"Environment: 2, FiringMode: 1",9.350125,true,-1.618591,2.285021,1.008724,"(0.0775,0.9853,-0.0319,-0.1487)",true,-1.304762,2.005426,0.6668903,"(0.1308,-0.9475,0.1491,-0.2510)",0,0,0,0,0,0,0,true,-1.874357,2.030866,0.7960621,"(-0.0372,0.9634,0.1273,-0.2330)",0,0,0,0,0,0,0
5,"Environment: 2, FiringMode: 1",9.363996,true,-1.620041,2.285649,1.009439,"(0.0795,0.9840,-0.0287,-0.1571)",true,-1.305511,2.005521,0.6669087,"(0.1360,-0.9473,0.1485,-0.2492)",0,0,0,0,0,0,0,true,-1.877678,2.032961,0.797016,"(-0.0441,0.9608,0.1190,-0.2463)",0,0,0,0,0,0,0
5,"Environment: 2, FiringMode: 1",9.378255,true,-1.621121,2.286404,1.009987,"(0.0815,0.9826,-0.0261,-0.1648)",true,-1.305982,2.006581,0.6672312,"(0.1341,-0.9483,0.1447,-0.2486)",0,0,0,0,0,0,0,true,-1.881696,2.035755,0.7980878,"(-0.0514,0.9566,0.1117,-0.2642)",0,0,0,0,0,0,0
5,"Environment: 2, FiringMode: 1",9.392268,true,-1.622165,2.28697,1.0106,"(0.0832,0.9813,-0.0232,-0.1723)",true,-1.306171,2.00784,0.6674792,"(0.1291,-0.9498,0.1412,-0.2476)",0,0,0,0,0,0,0,true,-1.884962,2.038825,0.7995955,"(-0.0550,0.9526,0.1113,-0.2778)",0,0,0,0,0,0,0
5,"Environment: 2, FiringMode: 1",9.406115,true,-1.623043,2.287419,1.011234,"(0.0844,0.9801,-0.0210,-0.1784)",true,-1.305951,2.009218,0.6677332,"(0.1233,-0.9514,0.1379,-0.2462)",0,0,0,0,0,0,0,true,-1.887836,2.042374,0.801344,"(-0.0559,0.9489,0.1147,-0.2886)",0,0,0,0,0,0,0
5,"Environment: 2, FiringMode: 1",9.420135,true,-1.624014,2.28791,1.011865,"(0.0850,0.9791,-0.0196,-0.1835)",true,-1.304992,2.010305,0.6680793,"(0.1176,-0.9525,0.1366,-0.2455)",0,0,0,0,0,0,0,true,-1.890241,2.045753,0.8026855,"(-0.0519,0.9464,0.1157,-0.2971)",0,0,0,0,0,0,0
5,"Environment: 2, FiringMode: 1",9.434207,true,-1.624932,2.288295,1.012533,"(0.0861,0.9782,-0.0181,-0.1883)",true,-1.304059,2.011086,0.6684675,"(0.1168,-0.9522,0.1364,-0.2472)",0,0,0,0,0,0,0,true,-1.892563,2.048495,0.8035527,"(-0.0517,0.9451,0.1125,-0.3023)",0,0,0,0,0,0,0
5,"Environment: 2, FiringMode: 1",9.447965,true,-1.625512,2.288815,1.013248,"(0.0867,0.9772,-0.0172,-0.1930)",true,-1.303159,2.012108,0.6690159,"(0.1229,-0.9505,0.1347,-0.2514)",0,0,0,0,0,0,0,true,-1.895028,2.050593,0.8037689,"(-0.0539,0.9446,0.1045,-0.3063)",0,0,0,0,0,0,0
5,"Environment: 2, FiringMode: 1",9.462025,true,-1.626254,2.289319,1.013903,"(0.0876,0.9763,-0.0157,-0.1974)",true,-1.301542,2.013795,0.6697991,"(0.1260,-0.9493,0.1293,-0.2573)",0,0,0,0,0,0,0,true,-1.897827,2.05244,0.8040975,"(-0.0594,0.9435,0.0954,-0.3117)",0,0,0,0,0,0,0
5,"Environment: 2, FiringMode: 1",9.475428,true,-1.626869,2.28987,1.014539,"(0.0877,0.9755,-0.0134,-0.2016)",true,-1.298953,2.015658,0.6706226,"(0.1222,-0.9487,0.1235,-0.2643)",0,0,0,0,0,0,0,true,-1.900654,2.054361,0.8048913,"(-0.0695,0.9423,0.0897,-0.3150)",0,0,0,0,0,0,0
5,"Environment: 2, FiringMode: 1",9.489056,true,-1.627567,2.290435,1.015112,"(0.0886,0.9747,-0.0110,-0.2052)",true,-1.295976,2.017333,0.6714294,"(0.1187,-0.9478,0.1187,-0.2712)",0,0,0,0,0,0,0,true,-1.902949,2.056325,0.8059435,"(-0.0797,0.9418,0.0876,-0.3146)",0,0,0,0,0,0,0
5,"Environment: 2, FiringMode: 1",9.502899,true,-1.627944,2.290963,1.015705,"(0.0890,0.9739,-0.0087,-0.2087)",true,-1.292482,2.018775,0.6723964,"(0.1156,-0.9457,0.1151,-0.2810)",0,0,0,0,0,0,0,true,-1.904431,2.057879,0.8065225,"(-0.0829,0.9427,0.0838,-0.3121)",0,0,0,0,0,0,0
5,"Environment: 2, FiringMode: 1",9.517094,true,-1.628336,2.291501,1.016358,"(0.0888,0.9733,-0.0067,-0.2116)",true,-1.288499,2.019882,0.6733863,"(0.1088,-0.9429,0.1150,-0.2931)",0,0,0,0,0,0,0,true,-1.905382,2.058854,0.8065272,"(-0.0802,0.9443,0.0765,-0.3100)",0,0,0,0,0,0,0
5,"Environment: 2, FiringMode: 1",9.531012,true,-1.628715,2.291926,1.016943,"(0.0891,0.9728,-0.0045,-0.2140)",true,-1.283737,2.020288,0.6743457,"(0.0999,-0.9395,0.1205,-0.3046)",0,0,0,0,0,0,0,true,-1.906151,2.060037,0.8068864,"(-0.0775,0.9449,0.0747,-0.3092)",0,0,0,0,0,0,0
5,"Environment: 2, FiringMode: 1",9.544804,true,-1.628986,2.292408,1.017546,"(0.0894,0.9722,-0.0018,-0.2165)",true,-1.27914,2.020716,0.67511,"(0.0980,-0.9348,0.1250,-0.3176)",0,0,0,0,0,0,0,true,-1.906773,2.061749,0.8081361,"(-0.0738,0.9439,0.0819,-0.3112)",0,0,0,0,0,0,0
5,"Environment: 2, FiringMode: 1",9.559031,true,-1.629255,2.292996,1.018044,"(0.0898,0.9715,0.0006,-0.2192)",true,-1.27499,2.021434,0.6758565,"(0.1014,-0.9302,0.1253,-0.3297)",0,0,0,0,0,0,0,true,-1.907216,2.063451,0.8093268,"(-0.0651,0.9426,0.0888,-0.3152)",0,0,0,0,0,0,0
5,"Environment: 2, FiringMode: 1",9.572992,true,-1.62969,2.29342,1.018698,"(0.0898,0.9710,0.0031,-0.2214)",true,-1.271326,2.021797,0.6765733,"(0.1069,-0.9266,0.1239,-0.3386)",0,0,0,0,0,0,0,true,-1.907226,2.064703,0.810075,"(-0.0527,0.9418,0.0936,-0.3186)",0,0,0,0,0,0,0
5,"Environment: 2, FiringMode: 1",9.586861,true,-1.629819,2.293943,1.019312,"(0.0909,0.9703,0.0039,-0.2240)",true,-1.268131,2.021611,0.6768665,"(0.1229,-0.9200,0.1241,-0.3507)",0,0,0,0,0,0,0,true,-1.907123,2.065145,0.8102679,"(-0.0431,0.9418,0.0938,-0.3201)",0,0,0,0,0,0,0
5,"Environment: 2, FiringMode: 1",9.601035,true,-1.630119,2.294194,1.019968,"(0.0919,0.9698,0.0051,-0.2257)",true,-1.264394,2.021042,0.6766505,"(0.1300,-0.9126,0.1285,-0.3658)",0,0,0,0,0,0,0,true,-1.907593,2.06538,0.8104001,"(-0.0415,0.9417,0.0903,-0.3214)",0,0,0,0,0,0,0
5,"Environment: 2, FiringMode: 1",9.615011,true,-1.630395,2.294497,1.020527,"(0.0931,0.9695,0.0058,-0.2266)",true,-1.260124,2.019568,0.6758144,"(0.1410,-0.9012,0.1380,-0.3859)",0,0,0,0,0,0,0,true,-1.908235,2.065261,0.8105994,"(-0.0514,0.9421,0.0860,-0.3200)",0,0,0,0,0,0,0
5,"Environment: 2, FiringMode: 1",9.628369,true,-1.630592,2.294756,1.021103,"(0.0930,0.9692,0.0068,-0.2278)",true,-1.255865,2.018177,0.6749936,"(0.1536,-0.8891,0.1450,-0.4061)",0,0,0,0,0,0,0,true,-1.908599,2.065422,0.8108057,"(-0.0586,0.9428,0.0833,-0.3175)",0,0,0,0,0,0,0
5,"Environment: 2, FiringMode: 1",9.642063,true,-1.630665,2.294883,1.021608,"(0.0929,0.9689,0.0077,-0.2290)",true,-1.251686,2.016744,0.6740521,"(0.1685,-0.8752,0.1498,-0.4281)",0,0,0,0,0,0,0,true,-1.908646,2.065301,0.8105921,"(-0.0610,0.9437,0.0786,-0.3156)",0,0,0,0,0,0,0
5,"Environment: 2, FiringMode: 1",9.656114,true,-1.630689,2.295012,1.022092,"(0.0923,0.9688,0.0082,-0.2298)",true,-1.24808,2.015824,0.6730267,"(0.1900,-0.8596,0.1502,-0.4499)",0,0,0,0,0,0,0,true,-1.90878,2.065006,0.8101108,"(-0.0627,0.9444,0.0729,-0.3145)",0,0,0,0,0,0,0
5,"Environment: 2, FiringMode: 1",9.669877,true,-1.630775,2.295189,1.022604,"(0.0918,0.9687,0.0088,-0.2305)",true,-1.244746,2.01564,0.6721212,"(0.2099,-0.8461,0.1499,-0.4664)",0,0,0,0,0,0,0,true,-1.909171,2.064863,0.8100239,"(-0.0689,0.9445,0.0693,-0.3136)",0,0,0,0,0,0,0
5,"Environment: 2, FiringMode: 1",9.683625,true,-1.630897,2.295352,1.023087,"(0.0910,0.9687,0.0095,-0.2309)",true,-1.241472,2.01586,0.6717577,"(0.2230,-0.8389,0.1494,-0.4734)",0,0,0,0,0,0,0,true,-1.909274,2.065029,0.8100303,"(-0.0755,0.9450,0.0677,-0.3110)",0,0,0,0,0,0,0
5,"Environment: 2, FiringMode: 1",9.697835,true,-1.63101,2.29554,1.023496,"(0.0904,0.9686,0.0105,-0.2312)",true,-1.238205,2.01579,0.6719818,"(0.2279,-0.8384,0.1467,-0.4729)",0,0,0,0,0,0,0,true,-1.909023,2.065598,0.8102093,"(-0.0777,0.9456,0.0699,-0.3081)",0.01001215,0,0,0,0,0,0
5,"Environment: 2, FiringMode: 1",9.711737,true,-1.631073,2.295709,1.023809,"(0.0900,0.9685,0.0115,-0.2317)",true,-1.235155,2.015269,0.6726302,"(0.2216,-0.8412,0.1418,-0.4724)",0,0,0,0,0,0,0,true,-1.90863,2.066255,0.8103379,"(-0.0739,0.9462,0.0717,-0.3069)",0.05250299,0,0,0,0,0,0
5,"Environment: 2, FiringMode: 1",9.725462,true,-1.631103,2.295887,1.024155,"(0.0900,0.9684,0.0121,-0.2324)",true,-1.232297,2.014728,0.6735348,"(0.2173,-0.8395,0.1357,-0.4792)",0,0,0,0,0,0,0,true,-1.907994,2.067076,0.8109019,"(-0.0695,0.9468,0.0776,-0.3046)",0.3264957,0,0,0,0,0,0
5,"Environment: 2, FiringMode: 1",9.741757,true,-1.63116,2.29609,1.024518,"(0.0899,0.9683,0.0125,-0.2329)",true,-1.229329,2.014249,0.6749446,"(0.2132,-0.8348,0.1277,-0.4913)",0,0,0,0,0,0,0,true,-1.907881,2.067379,0.8108233,"(-0.0670,0.9468,0.0767,-0.3052)",0.6783882,0,0,0,0,0,0
5,"Environment: 2, FiringMode: 1",9.753633,true,-1.631166,2.29629,1.024759,"(0.0895,0.9681,0.0130,-0.2336)",true,-1.225963,2.014359,0.6752216,"(0.2084,-0.8315,0.1229,-0.5001)",0,0,0,0,0,0,0,true,-1.907985,2.067753,0.8109309,"(-0.0674,0.9466,0.0777,-0.3055)",0.9052503,0,0,0,0,0,0
5,"Environment: 2, FiringMode: 1",9.766816,true,-1.631149,2.296548,1.024977,"(0.0893,0.9680,0.0137,-0.2342)",true,-1.222766,2.014746,0.6752577,"(0.2063,-0.8283,0.1184,-0.5073)",0,0,0,0,0,0,0,true,-1.908174,2.067752,0.8109277,"(-0.0682,0.9466,0.0768,-0.3058)",1,0,0,0,0,0,0
5,"Environment: 2, FiringMode: 1",9.780026,true,-1.63114,2.296741,1.025126,"(0.0891,0.9679,0.0146,-0.2347)",true,-1.220048,2.015036,0.6751711,"(0.2044,-0.8284,0.1128,-0.5091)",0,0,0,0,0,0,0,true,-1.908342,2.068337,0.811064,"(-0.0693,0.9470,0.0760,-0.3044)",1,0,0,0,0,0,0
5,"Environment: 2, FiringMode: 1",9.794126,true,-1.631131,2.296875,1.025314,"(0.0893,0.9677,0.0156,-0.2351)",true,-1.217711,2.015205,0.6746631,"(0.2009,-0.8343,0.1032,-0.5030)",0,0,0,0,0,0,0,true,-1.908446,2.068784,0.8111107,"(-0.0696,0.9476,0.0740,-0.3027)",1,0,0,0,0,0,0
5,"Environment: 2, FiringMode: 1",9.808065,true,-1.631078,2.297014,1.025451,"(0.0894,0.9676,0.0163,-0.2354)",true,-1.215377,2.014905,0.6742387,"(0.2051,-0.8328,0.1003,-0.5043)",0,0,0,0,0,0,0,true,-1.908767,2.069056,0.8110455,"(-0.0721,0.9485,0.0692,-0.3007)",1,0,0,0,0,0,0
5,"Environment: 2, FiringMode: 1",9.822503,true,-1.631104,2.297136,1.025743,"(0.0893,0.9676,0.0170,-0.2357)",true,-1.212135,2.014712,0.6745337,"(0.1983,-0.8309,0.0973,-0.5108)",0,0,0,0,0,0,0,true,-1.909053,2.069225,0.8112032,"(-0.0742,0.9484,0.0685,-0.3007)",0.9887668,0,0,0,0,0,0
5,"Environment: 2, FiringMode: 1",9.836422,true,-1.63101,2.297245,1.0258,"(0.0890,0.9675,0.0178,-0.2360)",true,-1.209309,2.014637,0.6750154,"(0.2058,-0.8195,0.0890,-0.5273)",0,0,0,0,0,0,0,true,-1.90893,2.068956,0.8114417,"(-0.0721,0.9474,0.0720,-0.3033)",0.9076923,0,0,0,0,0,0
5,"Environment: 2, FiringMode: 1",9.850359,true,-1.630884,2.297374,1.02583,"(0.0891,0.9675,0.0180,-0.2360)",true,-1.207767,2.014681,0.6750577,"(0.2306,-0.8015,0.0741,-0.5467)",0,0,0,0,0,0,0,true,-1.909025,2.069137,0.8117164,"(-0.0698,0.9473,0.0729,-0.3042)",0.8283272,0,0,0,0,0,0
5,"Environment: 2, FiringMode: 1",9.864057,true,-1.630777,2.297508,1.025826,"(0.0893,0.9674,0.0185,-0.2361)",true,-1.207165,2.014104,0.6743006,"(0.2607,-0.7873,0.0639,-0.5551)",0,0,0,0,0,0,0,true,-1.909225,2.069611,0.8123998,"(-0.0642,0.9470,0.0744,-0.3057)",0.5875458,0,0,0,0,0,0
5,"Environment: 2, FiringMode: 1",9.878262,true,-1.630677,2.297662,1.025828,"(0.0894,0.9674,0.0190,-0.2361)",true,-1.206936,2.012905,0.6728789,"(0.2939,-0.7738,0.0637,-0.5575)",0,0,0,0,0,0,0,true,-1.909316,2.069417,0.8124956,"(-0.0634,0.9471,0.0741,-0.3058)",0.1736263,0,0,0,0,0,0
5,"Environment: 2, FiringMode: 1",9.90564,true,-1.63048,2.297756,1.025694,"(0.0892,0.9674,0.0199,-0.2361)",true,-1.207561,2.011247,0.6710315,"(0.3135,-0.7688,0.0633,-0.5537)",0,0,0,0,0,0,0,true,-1.909721,2.068707,0.8125361,"(-0.0631,0.9474,0.0717,-0.3056)",0,0,0,0,0,0,0
5,"Environment: 2, FiringMode: 1",9.919571,true,-1.630195,2.297916,1.025633,"(0.0888,0.9674,0.0211,-0.2363)",true,-1.205564,2.009275,0.6694524,"(0.3297,-0.7582,0.0609,-0.5592)",0,0,0,0,0,0,0,true,-1.909826,2.068078,0.8127098,"(-0.0609,0.9478,0.0706,-0.3049)",0,0,0,0,0,0,0
5,"Environment: 2, FiringMode: 1",9.933421,true,-1.630018,2.297867,1.025598,"(0.0888,0.9673,0.0209,-0.2365)",true,-1.205027,2.008016,0.6687107,"(0.3292,-0.7578,0.0612,-0.5601)",0,0,0,0,0,0,0,true,-1.90982,2.067008,0.8128315,"(-0.0557,0.9481,0.0696,-0.3053)",0,0,0,0,0,0,0
5,"Environment: 2, FiringMode: 1",9.946473,true,-1.629879,2.297801,1.025578,"(0.0886,0.9672,0.0207,-0.2370)",true,-1.205353,2.006134,0.6674345,"(0.3345,-0.7580,0.0593,-0.5568)",0,0,0,0,0,0,0,true,-1.909674,2.06577,0.8125692,"(-0.0510,0.9486,0.0672,-0.3050)",0,0,0,0,0,0,0
5,"Environment: 2, FiringMode: 1",9.960609,true,-1.629817,2.29769,1.025571,"(0.0883,0.9671,0.0206,-0.2376)",true,-1.20568,2.003569,0.6648545,"(0.3413,-0.7616,0.0701,-0.5464)",0,0,0,0,0,0,0,true,-1.909515,2.064228,0.8122764,"(-0.0488,0.9494,0.0642,-0.3034)",0,0,0,0,0,0,0
5,"Environment: 2, FiringMode: 1",9.974776,true,-1.629772,2.297614,1.025547,"(0.0882,0.9669,0.0205,-0.2386)",true,-1.206558,2.001132,0.6621248,"(0.3491,-0.7690,0.0753,-0.5302)",0,0,0,0,0,0,0,true,-1.909338,2.062401,0.8119075,"(-0.0473,0.9503,0.0595,-0.3018)",0,0,0,0,0,0,0
5,"Environment: 2, FiringMode: 1",9.988865,true,-1.629779,2.297541,1.025527,"(0.0882,0.9667,0.0203,-0.2395)",true,-1.208146,1.998419,0.6593122,"(0.3579,-0.7763,0.0804,-0.5126)",0,0,0,0,0,0,0,true,-1.908983,2.059813,0.8112475,"(-0.0481,0.9521,0.0518,-0.2977)",0,0,0,0,0,0,0
5,"Environment: 2, FiringMode: 1",10.00263,true,-1.629822,2.297488,1.025491,"(0.0879,0.9665,0.0201,-0.2403)",true,-1.209383,1.996047,0.6565661,"(0.3591,-0.7863,0.0862,-0.4954)",0,0,0,0,0,0,0,true,-1.908265,2.056935,0.8102722,"(-0.0480,0.9544,0.0422,-0.2915)",0,0,0,0,0,0,0
5,"Environment: 2, FiringMode: 1",10.01695,true,-1.629868,2.297421,1.025445,"(0.0873,0.9664,0.0198,-0.2410)",true,-1.210216,1.994114,0.6538718,"(0.3534,-0.7992,0.0924,-0.4774)",0,0,0,0,0,0,0,true,-1.907318,2.053966,0.8091956,"(-0.0451,0.9568,0.0321,-0.2855)",0,0,0,0,0,0,0
5,"Environment: 2, FiringMode: 1",10.03096,true,-1.629939,2.297299,1.025396,"(0.0870,0.9662,0.0194,-0.2418)",true,-1.211057,1.992581,0.6510532,"(0.3414,-0.8171,0.0988,-0.4540)",0,0,0,0,0,0,0,true,-1.905152,2.049478,0.8072491,"(-0.0341,0.9602,0.0148,-0.2767)",0,0,0,0,0,0,0
5,"Environment: 2, FiringMode: 1",10.04652,true,-1.630028,2.297146,1.025352,"(0.0870,0.9661,0.0189,-0.2425)",true,-1.211836,1.991242,0.6486306,"(0.3320,-0.8296,0.1055,-0.4364)",0,0,0,0,0,0,0,true,-1.903074,2.04508,0.8052579,"(-0.0254,0.9636,-0.0024,-0.2661)",0,0,0,0,0,0,0
5,"Environment: 2, FiringMode: 1",10.05864,true,-1.630141,2.296976,1.025298,"(0.0870,0.9659,0.0183,-0.2432)",true,-1.212855,1.989942,0.6463978,"(0.3368,-0.8320,0.1148,-0.4256)",0,0,0,0,0,0,0,true,-1.900926,2.040531,0.8034739,"(-0.0200,0.9664,-0.0198,-0.2554)",0,0,0,0,0,0,0
5,"Environment: 2, FiringMode: 1",10.07232,true,-1.630285,2.296746,1.025277,"(0.0870,0.9657,0.0181,-0.2438)",true,-1.214194,1.988973,0.6445565,"(0.3595,-0.8241,0.1250,-0.4194)",0,0,0,0,0,0,0,true,-1.898553,2.036132,0.8019149,"(-0.0145,0.9688,-0.0358,-0.2447)",0,0,0,0,0,0,0
5,"Environment: 2, FiringMode: 1",10.08607,true,-1.630421,2.296513,1.025254,"(0.0867,0.9657,0.0179,-0.2443)",true,-1.215502,1.988607,0.6432236,"(0.3792,-0.8165,0.1263,-0.4166)",0,0,0,0,0,0,0,true,-1.895992,2.032119,0.8006057,"(-0.0059,0.9707,-0.0492,-0.2353)",0,0,0,0,0,0,0
5,"Environment: 2, FiringMode: 1",10.09918,true,-1.630512,2.296302,1.0252,"(0.0861,0.9655,0.0177,-0.2450)",true,-1.21666,1.989005,0.6426406,"(0.3909,-0.8095,0.1216,-0.4209)",0,0,0,0,0,0,0,true,-1.893276,2.02857,0.7994609,"(0.0064,0.9717,-0.0591,-0.2286)",0,0,0,0,0,0,0
5,"Environment: 2, FiringMode: 1",10.11335,true,-1.630592,2.296122,1.025111,"(0.0859,0.9655,0.0171,-0.2453)",true,-1.218024,1.989896,0.6422991,"(0.4014,-0.8015,0.1125,-0.4287)",0,0,0,0,0,0,0,true,-1.890411,2.025643,0.7984569,"(0.0252,0.9720,-0.0653,-0.2242)",0,0,0,0,0,0,0
5,"Environment: 2, FiringMode: 1",10.12726,true,-1.630686,2.295918,1.025023,"(0.0856,0.9655,0.0169,-0.2455)",true,-1.219353,1.990482,0.6414675,"(0.4092,-0.7996,0.1033,-0.4272)",0,0,0,0,0,0,0,true,-1.887635,2.023149,0.797928,"(0.0481,0.9709,-0.0669,-0.2248)",0,0,0,0,0,0,0
5,"Environment: 2, FiringMode: 1",10.14158,true,-1.630789,2.295748,1.024934,"(0.0854,0.9654,0.0161,-0.2459)",true,-1.219905,1.990371,0.6405433,"(0.4071,-0.8042,0.1017,-0.4210)",0,0,0,0,0,0,0,true,-1.885134,2.021077,0.797277,"(0.0710,0.9690,-0.0691,-0.2263)",0,0,0,0,0,0,0
5,"Environment: 2, FiringMode: 1",10.15563,true,-1.630907,2.295594,1.024854,"(0.0855,0.9653,0.0157,-0.2464)",true,-1.220041,1.989449,0.6394777,"(0.4089,-0.8034,0.1058,-0.4199)",0,0,0,0,0,0,0,true,-1.883588,2.019538,0.7964863,"(0.0864,0.9665,-0.0710,-0.2309)",0,0,0,0,0,0,0
5,"Environment: 2, FiringMode: 1",10.16964,true,-1.631038,2.295453,1.024768,"(0.0853,0.9651,0.0157,-0.2471)",true,-1.220137,1.987986,0.6384671,"(0.4171,-0.7982,0.1125,-0.4199)",0,0,0,0,0,0,0,true,-1.883693,2.018014,0.7950206,"(0.0901,0.9621,-0.0811,-0.2443)",0,0,0,0,0,0,0
5,"Environment: 2, FiringMode: 1",10.18353,true,-1.631178,2.295365,1.024669,"(0.0849,0.9651,0.0155,-0.2474)",true,-1.220568,1.986458,0.6375264,"(0.4292,-0.7923,0.1190,-0.4170)",0,0,0,0,0,0,0,true,-1.882704,2.016527,0.7945297,"(0.0915,0.9619,-0.0834,-0.2437)",0,0,0,0,0,0,0
5,"Environment: 2, FiringMode: 1",10.19767,true,-1.631274,2.295308,1.024569,"(0.0846,0.9650,0.0159,-0.2476)",true,-1.22115,1.984698,0.6364983,"(0.4446,-0.7862,0.1270,-0.4100)",0,0,0,0,0,0,0,true,-1.880778,2.015201,0.794534,"(0.1046,0.9605,-0.0814,-0.2447)",0,0,0,0,0,0,0
5,"Environment: 2, FiringMode: 1",10.21188,true,-1.631368,2.295208,1.024479,"(0.0841,0.9651,0.0163,-0.2475)",true,-1.221694,1.983271,0.6351675,"(0.4533,-0.7845,0.1352,-0.4010)",0,0,0,0,0,0,0,true,-1.878817,2.013727,0.7939014,"(0.1174,0.9602,-0.0829,-0.2396)",0,0,0,0,0,0,0
5,"Environment: 2, FiringMode: 1",10.22537,true,-1.631409,2.295099,1.024398,"(0.0834,0.9651,0.0161,-0.2475)",true,-1.222353,1.982045,0.6338261,"(0.4572,-0.7865,0.1413,-0.3903)",0,0,0,0,0,0,0,true,-1.876969,2.012022,0.7928416,"(0.1323,0.9583,-0.0898,-0.2368)",0,0,0,0,0,0,0
5,"Environment: 2, FiringMode: 1",10.23944,true,-1.63141,2.295026,1.024329,"(0.0832,0.9652,0.0150,-0.2474)",true,-1.223219,1.981096,0.6328012,"(0.4591,-0.7902,0.1439,-0.3795)",0,0,0,0,0,0,0,true,-1.875285,2.010501,0.7918913,"(0.1488,0.9548,-0.0938,-0.2396)",0,0,0,0,0,0,0
5,"Environment: 2, FiringMode: 1",10.25271,true,-1.631409,2.294964,1.024268,"(0.0829,0.9653,0.0142,-0.2471)",true,-1.223992,1.980374,0.6320304,"(0.4625,-0.7911,0.1461,-0.3727)",0,0,0,0,0,0,0,true,-1.873301,2.009278,0.7910579,"(0.1649,0.9519,-0.0949,-0.2402)",0,0,0,0,0,0,0
5,"Environment: 2, FiringMode: 1",10.26644,true,-1.631354,2.294932,1.024196,"(0.0825,0.9655,0.0140,-0.2465)",true,-1.224684,1.979959,0.6317682,"(0.4666,-0.7898,0.1446,-0.3710)",0,0,0,0,0,0,0,true,-1.871292,2.00879,0.790284,"(0.1822,0.9485,-0.0892,-0.2433)",0,0,0,0,0,0,0
5,"Environment: 2, FiringMode: 1",10.2806,true,-1.631264,2.294914,1.024092,"(0.0818,0.9658,0.0140,-0.2457)",true,-1.225072,1.979511,0.6312173,"(0.4715,-0.7872,0.1453,-0.3699)",0,0,0,0,0,0,0,true,-1.869739,2.008092,0.7894049,"(0.1981,0.9448,-0.0834,-0.2474)",0,0,0,0,0,0,0
5,"Environment: 2, FiringMode: 1",10.29468,true,-1.631115,2.294869,1.023967,"(0.0809,0.9661,0.0140,-0.2446)",true,-1.225486,1.979011,0.6306154,"(0.4772,-0.7841,0.1476,-0.3682)",0,0,0,0,0,0,0,true,-1.868363,2.007583,0.7884837,"(0.2161,0.9397,-0.0745,-0.2542)",0,0,0,0,0,0,0
5,"Environment: 2, FiringMode: 1",10.30843,true,-1.630912,2.294811,1.023831,"(0.0798,0.9666,0.0137,-0.2433)",true,-1.226297,1.978466,0.6303079,"(0.4822,-0.7824,0.1470,-0.3657)",0,0,0,0,0,0,0,true,-1.866975,2.007194,0.7875158,"(0.2396,0.9312,-0.0678,-0.2662)",0,0,0,0,0,0,0
5,"Environment: 2, FiringMode: 1",10.32265,true,-1.630692,2.294759,1.023705,"(0.0789,0.9670,0.0139,-0.2420)",true,-1.227211,1.97799,0.630156,"(0.4830,-0.7840,0.1470,-0.3613)",0,0,0,0,0,0,0,true,-1.865463,2.00679,0.7867026,"(0.2656,0.9214,-0.0569,-0.2778)",0,0,0,0,0,0,0
5,"Environment: 2, FiringMode: 1",10.33655,true,-1.630466,2.294711,1.023589,"(0.0785,0.9673,0.0142,-0.2409)",true,-1.227965,1.977527,0.6298781,"(0.4805,-0.7874,0.1484,-0.3565)",0,0,0,0,0,0,0,true,-1.864008,2.005897,0.7860056,"(0.2932,0.9100,-0.0465,-0.2894)",0,0,0,0,0,0,0
5,"Environment: 2, FiringMode: 1",10.35206,true,-1.63023,2.294624,1.023489,"(0.0780,0.9676,0.0144,-0.2398)",true,-1.22841,1.97714,0.6294554,"(0.4759,-0.7919,0.1499,-0.3521)",0,0,0,0,0,0,0,true,-1.862819,2.004293,0.7857186,"(0.3189,0.8997,-0.0432,-0.2950)",0,0,0,0,0,0,0
5,"Environment: 2, FiringMode: 1",10.36436,true,-1.630025,2.294511,1.023376,"(0.0775,0.9679,0.0142,-0.2387)",true,-1.228991,1.976603,0.6289088,"(0.4791,-0.7908,0.1519,-0.3494)",0,0,0,0,0,0,0,true,-1.861454,2.002851,0.7853928,"(0.3320,0.8961,-0.0412,-0.2915)",0,0,0,0,0,0,0
5,"Environment: 2, FiringMode: 1",10.37808,true,-1.629781,2.294291,1.02328,"(0.0764,0.9683,0.0135,-0.2374)",true,-1.229731,1.976146,0.6286998,"(0.4817,-0.7896,0.1538,-0.3475)",0,0,0,0,0,0,0,true,-1.859972,2.001713,0.7855017,"(0.3278,0.9023,-0.0428,-0.2767)",0,0,0,0,0,0,0
5,"Environment: 2, FiringMode: 1",10.39193,true,-1.629519,2.293975,1.02319,"(0.0752,0.9688,0.0125,-0.2359)",true,-1.230549,1.976043,0.6285675,"(0.4806,-0.7915,0.1526,-0.3453)",0,0,0,0,0,0,0,true,-1.858177,2.000921,0.78591,"(0.3134,0.9138,-0.0456,-0.2544)",0,0,0,0,0,0,0
5,"Environment: 2, FiringMode: 1",10.40527,true,-1.629019,2.29309,1.023094,"(0.0733,0.9695,0.0107,-0.2335)",true,-1.231234,1.97601,0.6281532,"(0.4755,-0.7965,0.1514,-0.3414)",0,0,0,0,0,0,0,true,-1.855716,2.00001,0.7859553,"(0.3110,0.9183,-0.0472,-0.2405)",0,0,0,0,0,0,0
5,"Environment: 2, FiringMode: 1",10.41923,true,-1.628543,2.292522,1.022907,"(0.0712,0.9703,0.0086,-0.2309)",true,-1.231788,1.975718,0.6274594,"(0.4673,-0.8041,0.1519,-0.3346)",0,0,0,0,0,0,0,true,-1.853088,1.999192,0.7859029,"(0.3167,0.9192,-0.0452,-0.2295)",0,0,0,0,0,0,0
5,"Environment: 2, FiringMode: 1",10.43323,true,-1.628065,2.292204,1.022552,"(0.0689,0.9714,0.0062,-0.2271)",true,-1.232345,1.974992,0.6267389,"(0.4594,-0.8112,0.1536,-0.3277)",0,0,0,0,0,0,0,true,-1.850359,1.998339,0.7860506,"(0.3269,0.9185,-0.0384,-0.2190)",0,0,0,0,0,0,0
5,"Environment: 2, FiringMode: 1",10.44683,true,-1.627655,2.291932,1.022158,"(0.0674,0.9724,0.0050,-0.2233)",true,-1.233097,1.973968,0.6263461,"(0.4568,-0.8142,0.1554,-0.3230)",0,0,0,0,0,0,0,true,-1.848035,1.997317,0.7861964,"(0.3408,0.9150,-0.0321,-0.2138)",0,0,0,0,0,0,0
5,"Environment: 2, FiringMode: 1",10.46101,true,-1.627253,2.29164,1.021832,"(0.0654,0.9734,0.0046,-0.2197)",true,-1.233873,1.972482,0.6261843,"(0.4536,-0.8161,0.1587,-0.3209)",0,0,0,0,0,0,0,true,-1.846234,1.996067,0.7863516,"(0.3569,0.9094,-0.0261,-0.2121)",0,0,0,0,0,0,0
5,"Environment: 2, FiringMode: 1",10.47509,true,-1.626657,2.291109,1.021623,"(0.0634,0.9742,0.0037,-0.2165)",true,-1.234526,1.9711,0.6258965,"(0.4465,-0.8204,0.1612,-0.3187)",0,0,0,0,0,0,0,true,-1.844854,1.994738,0.7863551,"(0.3701,0.9046,-0.0217,-0.2102)",0,0,0,0,0,0,0
5,"Environment: 2, FiringMode: 1",10.48912,true,-1.62597,2.290459,1.021633,"(0.0606,0.9752,0.0018,-0.2130)",true,-1.234932,1.969385,0.6255271,"(0.4393,-0.8241,0.1676,-0.3159)",0,0,0,0,0,0,0,true,-1.844436,1.993334,0.7863812,"(0.3768,0.9019,-0.0215,-0.2102)",0,0,0,0,0,0,0
5,"Environment: 2, FiringMode: 1",10.50303,true,-1.625299,2.289778,1.021602,"(0.0582,0.9763,-0.0006,-0.2084)",true,-1.23532,1.967532,0.6251121,"(0.4327,-0.8284,0.1769,-0.3085)",0,0,0,0,0,0,0,true,-1.844178,1.991998,0.7864473,"(0.3772,0.9020,-0.0258,-0.2086)",0,0,0,0,0,0,0
5,"Environment: 2, FiringMode: 1",10.51722,true,-1.62453,2.289461,1.021344,"(0.0557,0.9774,-0.0033,-0.2039)",true,-1.235512,1.965165,0.6246542,"(0.4147,-0.8404,0.1899,-0.2928)",0,0,0,0,0,0,0,true,-1.843588,1.990728,0.7867172,"(0.3760,0.9025,-0.0289,-0.2080)",0,0,0,0,0,0,0
5,"Environment: 2, FiringMode: 1",10.53111,true,-1.623913,2.289353,1.020991,"(0.0536,0.9784,-0.0040,-0.1994)",true,-1.23632,1.96168,0.6235529,"(0.4348,-0.8311,0.2296,-0.2598)",0,0,0,0,0,0,0,true,-1.842622,1.989741,0.7873148,"(0.3780,0.9011,-0.0290,-0.2105)",0,0,0,0,0,0,0
5,"Environment: 2, FiringMode: 1",10.54496,true,-1.623449,2.289445,1.020603,"(0.0517,0.9795,-0.0034,-0.1946)",true,-1.235171,1.973351,0.6262058,"(0.3396,-0.8840,0.1713,-0.2718)",0,0,0,0,0,0,0,true,-1.841616,1.988871,0.7877379,"(0.3791,0.9010,-0.0296,-0.2090)",0,0,0,0,0,0,0
5,"Environment: 2, FiringMode: 1",10.55846,true,-1.622764,2.289379,1.020345,"(0.0502,0.9806,-0.0026,-0.1895)",true,-1.234716,1.968807,0.625411,"(0.3905,-0.8568,0.2068,-0.2659)",0,0,0,0,0,0,0,true,-1.840676,1.987974,0.7879589,"(0.3776,0.9032,-0.0305,-0.2018)",0,0,0,0,0,0,0
5,"Environment: 2, FiringMode: 1",10.57241,true,-1.621783,2.289312,1.020015,"(0.0484,0.9817,-0.0022,-0.1843)",true,-1.228045,1.962403,0.6197679,"(0.4237,-0.8385,0.1964,-0.2810)",0,0,0,0,0,0,0,true,-1.839857,1.987183,0.788245,"(0.3786,0.9037,-0.0281,-0.1982)",0,0,0,0,0,0,0
5,"Environment: 2, FiringMode: 1",10.58632,true,-1.620844,2.289405,1.019712,"(0.0462,0.9829,-0.0018,-0.1783)",true,-1.227857,1.962392,0.6198832,"(0.4453,-0.8255,0.1764,-0.2987)",0,0,0,0,0,0,0,true,-1.839066,1.986634,0.7884818,"(0.3795,0.9036,-0.0252,-0.1971)",0,0,0,0,0,0,0
5,"Environment: 2, FiringMode: 1",10.60041,true,-1.619771,2.28949,1.019368,"(0.0447,0.9842,-0.0002,-0.1715)",true,-1.228973,1.96252,0.6198462,"(0.4245,-0.8374,0.1913,-0.2864)",0,0,0,0,0,0,0,true,-1.838429,1.986453,0.7885445,"(0.3840,0.9022,-0.0259,-0.1948)",0,0,0,0,0,0,0
5,"Environment: 2, FiringMode: 1",10.61443,true,-1.618693,2.289794,1.018922,"(0.0429,0.9856,0.0020,-0.1633)",true,-1.229001,1.962719,0.6198064,"(0.4282,-0.8356,0.1900,-0.2869)",0,0,0,0,0,0,0,true,-1.837822,1.986755,0.7883334,"(0.3911,0.8995,-0.0284,-0.1928)",0,0,0,0,0,0,0
5,"Environment: 2, FiringMode: 1",10.62823,true,-1.617278,2.289875,1.018544,"(0.0411,0.9870,0.0045,-0.1551)",true,-1.229081,1.962456,0.6198213,"(0.4295,-0.8350,0.1900,-0.2868)",0,0,0,0,0,0,0,true,-1.837294,1.987353,0.7885185,"(0.3892,0.9005,-0.0227,-0.1929)",0,0,0,0,0,0,0
5,"Environment: 2, FiringMode: 1",10.64214,true,-1.615719,2.290131,1.018259,"(0.0387,0.9885,0.0062,-0.1460)",true,-1.226562,1.960988,0.6161405,"(0.4137,-0.8437,0.2050,-0.2739)",0,0,0,0,0,0,0,true,-1.837444,1.98825,0.7888248,"(0.3839,0.9022,-0.0197,-0.1954)",0,0,0,0,0,0,0
5,"Environment: 2, FiringMode: 1",10.6561,true,-1.614301,2.290173,1.018026,"(0.0363,0.9900,0.0077,-0.1364)",true,-1.226266,1.961017,0.6157933,"(0.4139,-0.8436,0.2050,-0.2741)",0,0,0,0,0,0,0,true,-1.837508,1.988899,0.7889244,"(0.3791,0.9041,-0.0197,-0.1960)",0,0,0,0,0,0,0
5,"Environment: 2, FiringMode: 1",10.67014,true,-1.6127,2.290277,1.017774,"(0.0346,0.9913,0.0091,-0.1269)",true,-1.22636,1.961022,0.6158011,"(0.4152,-0.8427,0.2039,-0.2754)",0,0,0,0,0,0,0,true,-1.837454,1.98982,0.7890992,"(0.3707,0.9074,-0.0184,-0.1970)",0,0,0,0,0,0,0
5,"Environment: 2, FiringMode: 1",10.6839,true,-1.611207,2.290478,1.017522,"(0.0326,0.9925,0.0100,-0.1171)",true,-1.226266,1.961056,0.6155376,"(0.4167,-0.8419,0.2030,-0.2762)",0,0,0,0,0,0,0,true,-1.837188,1.990716,0.7891891,"(0.3612,0.9115,-0.0175,-0.1958)",0,0,0,0,0,0,0
5,"Environment: 2, FiringMode: 1",10.698,true,-1.60965,2.290465,1.017371,"(0.0305,0.9937,0.0110,-0.1074)",true,-1.226436,1.96111,0.6155081,"(0.4181,-0.8411,0.2020,-0.2774)",0,0,0,0,0,0,0,true,-1.836688,1.991367,0.7893429,"(0.3524,0.9155,-0.0169,-0.1933)",0,0,0,0,0,0,0
5,"Environment: 2, FiringMode: 1",10.71143,true,-1.607938,2.290412,1.017306,"(0.0284,0.9947,0.0117,-0.0980)",true,-1.228342,1.961818,0.6171142,"(0.4234,-0.8377,0.1984,-0.2820)",0,0,0,0,0,0,0,true,-1.835995,1.992291,0.7896819,"(0.3437,0.9197,-0.0135,-0.1895)",0,0,0,0,0,0,0
5,"Environment: 2, FiringMode: 1",10.72513,true,-1.606343,2.290319,1.017289,"(0.0260,0.9956,0.0124,-0.0887)",true,-1.230979,1.963318,0.6193762,"(0.4300,-0.8337,0.1937,-0.2874)",0,0,0,0,0,0,0,true,-1.834944,1.993453,0.790237,"(0.3318,0.9257,-0.0098,-0.1816)",0,0,0,0,0,0,0
5,"Environment: 2, FiringMode: 1",10.73894,true,-1.604805,2.290435,1.017224,"(0.0238,0.9964,0.0127,-0.0799)",true,-1.231508,1.963336,0.6193907,"(0.4303,-0.8336,0.1934,-0.2873)",0,0,0,0,0,0,0,true,-1.833634,1.99433,0.7908363,"(0.3207,0.9311,-0.0072,-0.1735)",0,0,0,0,0,0,0
5,"Environment: 2, FiringMode: 1",10.75305,true,-1.603295,2.290627,1.017138,"(0.0220,0.9971,0.0127,-0.0714)",true,-1.231855,1.963289,0.6194435,"(0.4303,-0.8336,0.1933,-0.2873)",0,0,0,0,0,0,0,true,-1.832025,1.99492,0.7914155,"(0.3111,0.9359,-0.0041,-0.1650)",0,0,0,0,0,0,0
5,"Environment: 2, FiringMode: 1",10.76687,true,-1.601932,2.290707,1.017119,"(0.0204,0.9977,0.0130,-0.0630)",true,-1.232008,1.963251,0.6196417,"(0.4302,-0.8337,0.1933,-0.2874)",0,0,0,0,0,0,0,true,-1.83056,1.995092,0.7918406,"(0.3047,0.9394,-0.0030,-0.1570)",0,0,0,0,0,0,0
5,"Environment: 2, FiringMode: 1",10.78113,true,-1.600541,2.29065,1.017116,"(0.0196,0.9982,0.0142,-0.0549)",true,-1.232394,1.96363,0.6200657,"(0.4303,-0.8336,0.1931,-0.2875)",0,0,0,0,0,0,0,true,-1.829355,1.995247,0.7922335,"(0.3033,0.9407,-0.0010,-0.1517)",0,0,0,0,0,0,0
5,"Environment: 2, FiringMode: 1",10.79488,true,-1.599148,2.290708,1.017171,"(0.0188,0.9986,0.0148,-0.0469)",true,-1.232815,1.963979,0.6201019,"(0.4305,-0.8335,0.1929,-0.2878)",0,0,0,0,0,0,0,true,-1.828177,1.995524,0.7925474,"(0.3039,0.9413,0.0031,-0.1472)",0,0,0,0,0,0,0
5,"Environment: 2, FiringMode: 1",10.80896,true,-1.597799,2.290698,1.017223,"(0.0178,0.9990,0.0150,-0.0395)",true,-1.233382,1.964287,0.6200111,"(0.4305,-0.8334,0.1929,-0.2879)",0,0,0,0,0,0,0,true,-1.827139,1.995846,0.7926219,"(0.3034,0.9417,0.0079,-0.1449)",0,0,0,0,0,0,0
5,"Environment: 2, FiringMode: 1",10.82273,true,-1.596412,2.290564,1.017345,"(0.0171,0.9992,0.0153,-0.0321)",true,-1.233854,1.964453,0.6198356,"(0.4305,-0.8334,0.1929,-0.2880)",0,0,0,0,0,0,0,true,-1.826148,1.996205,0.7926292,"(0.3004,0.9429,0.0111,-0.1435)",0,0,0,0,0,0,0
5,"Environment: 2, FiringMode: 1",10.83677,true,-1.59502,2.29066,1.017437,"(0.0170,0.9994,0.0148,-0.0249)",true,-1.234217,1.964702,0.6196787,"(0.4300,-0.8336,0.1932,-0.2880)",0,0,0,0,0,0,0,true,-1.82556,1.996676,0.792565,"(0.2960,0.9442,0.0140,-0.1437)",0,0,0,0,0,0,0
5,"Environment: 2, FiringMode: 1",10.85071,true,-1.593669,2.290539,1.017589,"(0.0162,0.9996,0.0145,-0.0180)",true,-1.233984,1.964894,0.6197203,"(0.4290,-0.8341,0.1936,-0.2877)",0,0,0,0,0,0,0,true,-1.825155,1.997361,0.7927153,"(0.2920,0.9455,0.0208,-0.1424)",0,0,0,0,0,0,0
5,"Environment: 2, FiringMode: 1",10.86392,true,-1.592341,2.290462,1.017612,"(0.0158,0.9997,0.0140,-0.0109)",true,-1.233773,1.965052,0.619759,"(0.4283,-0.8345,0.1939,-0.2874)",0,0,0,0,0,0,0,true,-1.824897,1.997704,0.792746,"(0.2906,0.9463,0.0251,-0.1392)",0,0,0,0,0,0,0
5,"Environment: 2, FiringMode: 1",10.87771,true,-1.590888,2.290424,1.017732,"(0.0160,0.9998,0.0137,-0.0040)",true,-1.23405,1.96524,0.619578,"(0.4283,-0.8345,0.1939,-0.2874)",0,0,0,0,0,0,0,true,-1.824517,1.997424,0.7926496,"(0.2898,0.9471,0.0225,-0.1359)",0,0,0,0,0,0,0
5,"Environment: 2, FiringMode: 1",10.89168,true,-1.589585,2.29027,1.017775,"(0.0154,0.9998,0.0138,0.0029)",true,-1.234767,1.965541,0.6191239,"(0.4286,-0.8340,0.1940,-0.2883)",0,0,0,0,0,0,0,true,-1.82456,1.996601,0.7924569,"(0.2881,0.9480,0.0164,-0.1340)",0,0,0,0,0,0,0
5,"Environment: 2, FiringMode: 1",10.90558,true,-1.588228,2.290334,1.017691,"(0.0152,0.9997,0.0135,0.0094)",true,-1.234611,1.965508,0.6193358,"(0.4283,-0.8345,0.1938,-0.2876)",0,0,0,0,0,0,0,true,-1.824869,1.995722,0.7920923,"(0.2884,0.9484,0.0121,-0.1315)",0,0,0,0,0,0,0
5,"Environment: 2, FiringMode: 1",10.91961,true,-1.586914,2.29032,1.017739,"(0.0148,0.9997,0.0132,0.0160)",true,-1.23577,1.965904,0.619699,"(0.4289,-0.8365,0.1914,-0.2822)",0,0,0,0,0,0,0,true,-1.825158,1.9949,0.7915782,"(0.2868,0.9496,0.0073,-0.1264)",0,0,0,0,0,0,0
5,"Environment: 2, FiringMode: 1",10.93362,true,-1.58564,2.290338,1.017797,"(0.0151,0.9996,0.0125,0.0227)",true,-1.236458,1.965921,0.6208609,"(0.4286,-0.8399,0.1880,-0.2749)",0,0,0,0,0,0,0,true,-1.82593,1.993947,0.7906293,"(0.2808,0.9528,-0.0030,-0.1156)",0,0,0,0,0,0,0
5,"Environment: 2, FiringMode: 1",10.9475,true,-1.584372,2.290274,1.017746,"(0.0157,0.9994,0.0126,0.0293)",true,-1.23798,1.965943,0.6213806,"(0.4341,-0.8407,0.1832,-0.2668)",0,0,0,0,0,0,0,true,-1.826647,1.993116,0.7899169,"(0.2761,0.9545,-0.0101,-0.1127)",0,0,0,0,0,0,0
5,"Environment: 2, FiringMode: 1",10.96163,true,-1.583143,2.290371,1.017723,"(0.0157,0.9992,0.0121,0.0355)",true,-1.239396,1.966228,0.6217734,"(0.4317,-0.8479,0.1769,-0.2519)",0,0,0,0,0,0,0,true,-1.827881,1.992611,0.7892051,"(0.2670,0.9572,-0.0167,-0.1105)",0,0,0,0,0,0,0
5,"Environment: 2, FiringMode: 1",10.97565,true,-1.581977,2.290478,1.017722,"(0.0156,0.9990,0.0118,0.0410)",true,-1.239815,1.967284,0.6231725,"(0.4150,-0.8632,0.1709,-0.2310)",0,0,0,0,0,0,0,true,-1.829811,1.992478,0.7885015,"(0.2543,0.9606,-0.0231,-0.1101)",0,0,0,0,0,0,0
5,"Environment: 2, FiringMode: 1",10.9896,true,-1.580778,2.290552,1.017739,"(0.0164,0.9987,0.0119,0.0458)",true,-1.239065,1.970502,0.625102,"(0.3971,-0.8756,0.1530,-0.2287)",0,0,0,0,0,0,0,true,-1.832224,1.992698,0.7880113,"(0.2450,0.9621,-0.0268,-0.1169)",0,0,0,0,0,0,0
5,"Environment: 2, FiringMode: 1",11.00337,true,-1.579939,2.290558,1.017743,"(0.0168,0.9985,0.0120,0.0509)",true,-1.238083,1.975461,0.6271645,"(0.3847,-0.8815,0.1296,-0.2412)",0,0,0,0,0,0,0,true,-1.834528,1.99349,0.7881518,"(0.2436,0.9605,-0.0240,-0.1322)",0,0,0,0,0,0,0
5,"Environment: 2, FiringMode: 1",11.01688,true,-1.578991,2.29067,1.01775,"(0.0177,0.9982,0.0122,0.0551)",true,-1.237275,1.984066,0.629476,"(0.3611,-0.8876,0.0925,-0.2707)",0,0,0,0,0,0,0,true,-1.83604,1.994978,0.7889001,"(0.2396,0.9606,-0.0173,-0.1397)",0,0,0,0,0,0,0
5,"Environment: 2, FiringMode: 1",11.03082,true,-1.578153,2.290732,1.017729,"(0.0181,0.9980,0.0126,0.0592)",true,-1.237181,1.992529,0.6312807,"(0.3237,-0.8998,0.0646,-0.2852)",0,0,0,0,0,0,0,true,-1.836808,1.996505,0.7896257,"(0.2282,0.9639,-0.0110,-0.1369)",0,0,0,0,0,0,0
5,"Environment: 2, FiringMode: 1",11.04472,true,-1.577305,2.290901,1.017767,"(0.0191,0.9977,0.0133,0.0630)",true,-1.2391,2.001432,0.6346422,"(0.2823,-0.9142,0.0404,-0.2881)",0,0,0,0,0,0,0,true,-1.837099,1.997637,0.790064,"(0.2153,0.9679,-0.0075,-0.1296)",0,0,0,0,0,0,0
5,"Environment: 2, FiringMode: 1",11.05857,true,-1.576532,2.291021,1.017808,"(0.0193,0.9975,0.0138,0.0663)",true,-1.241316,2.009622,0.638624,"(0.2244,-0.9299,0.0315,-0.2897)",0,0,0,0,0,0,0,true,-1.837176,1.997657,0.7902268,"(0.2104,0.9698,-0.0084,-0.1234)",0,0,0,0,0,0,0
5,"Environment: 2, FiringMode: 1",11.07249,true,-1.575839,2.291148,1.017859,"(0.0190,0.9973,0.0140,0.0693)",true,-1.243731,2.017408,0.6427989,"(0.1592,-0.9443,0.0272,-0.2868)",0,0,0,0,0,0,0,true,-1.837286,1.996952,0.7900801,"(0.2113,0.9698,-0.0130,-0.1208)",0,0,0,0,0,0,0
5,"Environment: 2, FiringMode: 1",11.08633,true,-1.575078,2.291214,1.017979,"(0.0195,0.9971,0.0150,0.0717)",true,-1.24671,2.026636,0.6464814,"(0.0959,-0.9532,0.0191,-0.2861)",0,0,0,0,0,0,0,true,-1.837145,1.996185,0.7897308,"(0.2151,0.9692,-0.0160,-0.1190)",0,0,0,0,0,0,0
5,"Environment: 2, FiringMode: 1",11.10046,true,-1.57442,2.291412,1.018016,"(0.0195,0.9969,0.0162,0.0742)",true,-1.249482,2.036001,0.6500182,"(0.0410,-0.9574,0.0108,-0.2857)",0,0,0,0,0,0,0,true,-1.837118,1.995683,0.7894861,"(0.2163,0.9691,-0.0188,-0.1175)",0,0,0,0,0,0,0
5,"Environment: 2, FiringMode: 1",11.11435,true,-1.57377,2.291627,1.018093,"(0.0199,0.9968,0.0178,0.0760)",true,-1.252937,2.045891,0.6546874,"(-0.0036,-0.9600,0.0031,-0.2799)",0,0,0,0,0,0,0,true,-1.836939,1.995249,0.7890189,"(0.2187,0.9686,-0.0217,-0.1165)",0,0,0,0,0,0,0
5,"Environment: 2, FiringMode: 1",11.12811,true,-1.573135,2.291835,1.018164,"(0.0201,0.9966,0.0189,0.0774)",true,-1.257388,2.055761,0.6594647,"(-0.0393,-0.9626,-0.0069,-0.2680)",0,0,0,0,0,0,0,true,-1.836728,1.994975,0.7886127,"(0.2198,0.9684,-0.0239,-0.1155)",0,0,0,0,0,0,0
5,"Environment: 2, FiringMode: 1",11.14217,true,-1.572625,2.291942,1.018269,"(0.0209,0.9965,0.0200,0.0787)",true,-1.26298,2.066268,0.6643614,"(-0.0757,-0.9664,-0.0143,-0.2452)",0,0,0,0,0,0,0,true,-1.836468,1.994735,0.7883428,"(0.2216,0.9680,-0.0253,-0.1150)",0,0,0,0,0,0,0
5,"Environment: 2, FiringMode: 1",11.15613,true,-1.572079,2.292114,1.018368,"(0.0218,0.9964,0.0204,0.0797)",true,-1.269249,2.076513,0.6691635,"(-0.1158,-0.9704,-0.0138,-0.2116)",0,0,0,0,0,0,0,true,-1.836094,1.994496,0.7881469,"(0.2247,0.9673,-0.0261,-0.1148)",0,0,0,0,0,0,0
5,"Environment: 2, FiringMode: 1",11.16954,true,-1.571566,2.292141,1.018469,"(0.0227,0.9963,0.0212,0.0807)",true,-1.275772,2.085593,0.6738515,"(-0.1509,-0.9732,-0.0129,-0.1731)",0,0,0,0,0,0,0,true,-1.835831,1.994412,0.7879447,"(0.2261,0.9671,-0.0260,-0.1139)",0,0,0,0,0,0,0
5,"Environment: 2, FiringMode: 1",11.18325,true,-1.570929,2.292195,1.018675,"(0.0235,0.9962,0.0218,0.0814)",true,-1.282794,2.093971,0.677478,"(-0.1674,-0.9758,-0.0112,-0.1402)",0,0,0,0,0,0,0,true,-1.835866,1.994495,0.7877589,"(0.2262,0.9670,-0.0260,-0.1144)",0,0,0,0,0,0,0
5,"Environment: 2, FiringMode: 1",11.19705,true,-1.570338,2.292177,1.018908,"(0.0242,0.9961,0.0218,0.0820)",true,-1.291293,2.10152,0.6807263,"(-0.1694,-0.9789,-0.0095,-0.1143)",0,0,0,0,0,0,0,true,-1.836015,1.994586,0.7875973,"(0.2260,0.9670,-0.0261,-0.1150)",0,0,0,0,0,0,0
5,"Environment: 2, FiringMode: 1",11.21106,true,-1.569764,2.292169,1.019148,"(0.0250,0.9960,0.0218,0.0825)",true,-1.30091,2.107443,0.6836221,"(-0.1698,-0.9815,-0.0014,-0.0883)",0,0,0,0,0,0,0,true,-1.836148,1.994677,0.7875618,"(0.2257,0.9669,-0.0260,-0.1158)",0,0,0,0,0,0,0
5,"Environment: 2, FiringMode: 1",11.22488,true,-1.569259,2.292125,1.019382,"(0.0259,0.9960,0.0219,0.0831)",true,-1.313715,2.110291,0.6857011,"(-0.1587,-0.9859,0.0150,-0.0505)",0,0,0,0,0,0,0,true,-1.836266,1.994708,0.7875227,"(0.2254,0.9669,-0.0261,-0.1165)",0,0,0,0,0,0,0
5,"Environment: 2, FiringMode: 1",11.23898,true,-1.568748,2.292067,1.019543,"(0.0270,0.9959,0.0219,0.0837)",true,-1.326318,2.11353,0.6886349,"(-0.1672,-0.9857,0.0196,-0.0013)",0,0,0,0,0,0,0,true,-1.836388,1.994783,0.7874663,"(0.2253,0.9668,-0.0265,-0.1176)",0,0,0,0,0,0,0
5,"Environment: 2, FiringMode: 1",11.25293,true,-1.568297,2.291983,1.019743,"(0.0283,0.9958,0.0221,0.0840)",true,-1.339948,2.117255,0.6918108,"(-0.1676,-0.9855,0.0069,0.0235)",0,0,0,0,0,0,0,true,-1.83659,1.994946,0.7874478,"(0.2253,0.9665,-0.0266,-0.1198)",0,0,0,0,0,0,0
5,"Environment: 2, FiringMode: 1",11.26679,true,-1.567827,2.291934,1.019977,"(0.0298,0.9957,0.0221,0.0845)",true,-1.351978,2.121947,0.6939529,"(-0.1482,-0.9887,-0.0220,0.0025)",0,0,0,0,0,0,0,true,-1.836703,1.995101,0.7875534,"(0.2248,0.9666,-0.0267,-0.1205)",0,0,0,0,0,0,0
5,"Environment: 2, FiringMode: 1",11.28107,true,-1.567344,2.291938,1.020194,"(0.0313,0.9957,0.0220,0.0849)",true,-1.363126,2.124712,0.6939451,"(-0.1342,-0.9907,-0.0190,0.0110)",0,0,0,0,0,0,0,true,-1.836761,1.995142,0.7876605,"(0.2242,0.9668,-0.0269,-0.1200)",0,0,0,0,0,0,0
5,"Environment: 2, FiringMode: 1",11.29516,true,-1.566877,2.291857,1.020456,"(0.0323,0.9956,0.0221,0.0853)",true,-1.374786,2.125949,0.6936364,"(-0.1096,-0.9938,0.0002,0.0205)",0,0,0,0,0,0,0,true,-1.836808,1.995211,0.7877479,"(0.2240,0.9668,-0.0265,-0.1201)",0,0,0,0,0,0,0
5,"Environment: 2, FiringMode: 1",11.30909,true,-1.566569,2.291845,1.020724,"(0.0334,0.9955,0.0220,0.0858)",true,-1.385701,2.125035,0.6940709,"(-0.0718,-0.9972,0.0088,0.0164)",0,0,0,0,0,0,0,true,-1.8369,1.995301,0.7878141,"(0.2238,0.9668,-0.0261,-0.1203)",0,0,0,0,0,0,0
5,"Environment: 2, FiringMode: 1",11.32198,true,-1.566334,2.291894,1.020943,"(0.0349,0.9954,0.0222,0.0862)",true,-1.39502,2.124651,0.6953354,"(-0.0417,-0.9989,0.0103,0.0188)",0,0,0,0,0,0,0,true,-1.836956,1.995307,0.7878157,"(0.2237,0.9668,-0.0261,-0.1205)",0,0,0,0,0,0,0
5,"Environment: 2, FiringMode: 1",11.33596,true,-1.566082,2.292029,1.021088,"(0.0365,0.9953,0.0225,0.0866)",true,-1.402604,2.12519,0.6968774,"(-0.0110,-0.9999,0.0028,0.0110)",0,0,0,0,0,0,0,true,-1.836982,1.995292,0.7877878,"(0.2238,0.9668,-0.0261,-0.1204)",0,0,0,0,0,0,0
5,"Environment: 2, FiringMode: 1",11.34996,true,-1.565854,2.292228,1.021159,"(0.0380,0.9952,0.0232,0.0872)",true,-1.407614,2.125424,0.6979003,"(0.0092,-0.9999,-0.0040,-0.0021)",0,0,0,0,0,0,0,true,-1.837042,1.99527,0.7879529,"(0.2242,0.9667,-0.0263,-0.1206)",0,0,0,0,0,0,0
5,"Environment: 2, FiringMode: 1",11.36361,true,-1.565718,2.292383,1.021305,"(0.0390,0.9951,0.0242,0.0877)",true,-1.411189,2.124528,0.6980379,"(0.0066,-1.0000,0.0014,-0.0032)",0,0,0,0,0,0,0,true,-1.837032,1.995233,0.7880925,"(0.2248,0.9666,-0.0264,-0.1205)",0,0,0,0,0,0,0
5,"Environment: 2, FiringMode: 1",11.37781,true,-1.565621,2.292491,1.021497,"(0.0396,0.9950,0.0250,0.0882)",true,-1.414032,2.123195,0.6973588,"(-0.0027,-0.9999,0.0113,0.0003)",0,0,0,0,0,0,0,true,-1.836991,1.995182,0.788141,"(0.2256,0.9664,-0.0264,-0.1202)",0,0,0,0,0,0,0
5,"Environment: 2, FiringMode: 1",11.39181,true,-1.565532,2.292608,1.021714,"(0.0399,0.9949,0.0256,0.0886)",true,-1.417146,2.122046,0.6969916,"(-0.0045,-0.9998,0.0163,0.0047)",0,0,0,0,0,0,0,true,-1.836936,1.995133,0.7881818,"(0.2263,0.9663,-0.0264,-0.1195)",0,0,0,0,0,0,0
5,"Environment: 2, FiringMode: 1",11.4057,true,-1.565308,2.292686,1.021904,"(0.0402,0.9949,0.0263,0.0891)",true,-1.420689,2.121074,0.6969963,"(0.0061,-0.9998,0.0169,0.0082)",0,0,0,0,0,0,0,true,-1.836924,1.99509,0.7882247,"(0.2268,0.9663,-0.0265,-0.1190)",0,0,0,0,0,0,0
5,"Environment: 2, FiringMode: 1",11.42122,true,-1.565346,2.292891,1.02205,"(0.0405,0.9948,0.0269,0.0896)",true,-1.423591,2.119984,0.6968884,"(0.0224,-0.9996,0.0158,0.0089)",0,0,0,0,0,0,0,true,-1.836949,1.995086,0.7882971,"(0.2269,0.9663,-0.0265,-0.1189)",0,0,0,0,0,0,0
5,"Environment: 2, FiringMode: 1",11.43363,true,-1.565346,2.293063,1.022153,"(0.0406,0.9947,0.0277,0.0898)",true,-1.426017,2.11897,0.6966971,"(0.0328,-0.9993,0.0158,0.0085)",0,0,0,0,0,0,0,true,-1.836982,1.995077,0.788329,"(0.2270,0.9663,-0.0265,-0.1189)",0,0,0,0,0,0,0
5,"Environment: 2, FiringMode: 1",11.44727,true,-1.565396,2.29326,1.022196,"(0.0405,0.9947,0.0288,0.0902)",true,-1.427049,2.11785,0.6960834,"(0.0336,-0.9993,0.0172,0.0081)",0,0,0,0,0,0,0,true,-1.837055,1.994998,0.7882715,"(0.2271,0.9662,-0.0266,-0.1189)",0,0,0,0,0,0,0
5,"Environment: 2, FiringMode: 1",11.46132,true,-1.565475,2.293448,1.022246,"(0.0403,0.9947,0.0297,0.0902)",true,-1.427421,2.116605,0.6951833,"(0.0282,-0.9993,0.0217,0.0085)",0,0,0,0,0,0,0,true,-1.837134,1.994905,0.7881985,"(0.2273,0.9662,-0.0267,-0.1188)",0,0,0,0,0,0,0
5,"Environment: 2, FiringMode: 1",11.4747,true,-1.565592,2.293625,1.022298,"(0.0400,0.9946,0.0306,0.0903)",true,-1.427975,2.115535,0.6943243,"(0.0266,-0.9993,0.0251,0.0081)",0,0,0,0,0,0,0,true,-1.837168,1.994849,0.7881622,"(0.2275,0.9661,-0.0268,-0.1188)",0,0,0,0,0,0,0
5,"Environment: 2, FiringMode: 1",11.48858,true,-1.565734,2.293784,1.022331,"(0.0395,0.9947,0.0311,0.0901)",true,-1.427995,2.114819,0.6934704,"(0.0299,-0.9992,0.0250,0.0031)",0,0,0,0,0,0,0,true,-1.837157,1.99483,0.7881526,"(0.2277,0.9661,-0.0269,-0.1187)",0,0,0,0,0,0,0
5,"Environment: 2, FiringMode: 1",11.50272,true,-1.565894,2.293915,1.022345,"(0.0394,0.9947,0.0316,0.0897)",true,-1.42809,2.114277,0.6927832,"(0.0364,-0.9991,0.0233,-0.0013)",0,0,0,0,0,0,0,true,-1.837131,1.994783,0.7881215,"(0.2279,0.9660,-0.0271,-0.1186)",0,0,0,0,0,0,0
5,"Environment: 2, FiringMode: 1",11.51649,true,-1.566079,2.294036,1.02232,"(0.0393,0.9947,0.0322,0.0894)",true,-1.427438,2.114239,0.6921606,"(0.0453,-0.9987,0.0190,-0.0100)",0,0,0,0,0,0,0,true,-1.837085,1.994672,0.7880527,"(0.2282,0.9660,-0.0274,-0.1185)",0,0,0,0,0,0,0
5,"Environment: 2, FiringMode: 1",11.53069,true,-1.56627,2.294187,1.022244,"(0.0394,0.9947,0.0329,0.0891)",true,-1.425563,2.114875,0.6916142,"(0.0463,-0.9986,0.0137,-0.0203)",0,0,0,0,0,0,0,true,-1.837038,1.994542,0.7879721,"(0.2285,0.9659,-0.0278,-0.1183)",0,0,0,0,0,0,0
5,"Environment: 2, FiringMode: 1",11.54442,true,-1.566426,2.294366,1.022145,"(0.0394,0.9947,0.0336,0.0889)",true,-1.4239,2.115578,0.6912081,"(0.0438,-0.9986,0.0090,-0.0285)",0,0,0,0,0,0,0,true,-1.837011,1.994505,0.7879426,"(0.2287,0.9659,-0.0281,-0.1183)",0,0,0,0,0,0,0
5,"Environment: 2, FiringMode: 1",11.5585,true,-1.566557,2.294524,1.022023,"(0.0391,0.9947,0.0345,0.0885)",true,-1.422188,2.116376,0.691018,"(0.0406,-0.9985,0.0050,-0.0356)",0,0,0,0,0,0,0,true,-1.836986,1.994479,0.7879295,"(0.2289,0.9658,-0.0282,-0.1183)",0,0,0,0,0,0,0
5,"Environment: 2, FiringMode: 1",11.57261,true,-1.566694,2.294679,1.021908,"(0.0386,0.9947,0.0353,0.0883)",true,-1.42143,2.11698,0.6909124,"(0.0383,-0.9985,0.0013,-0.0393)",0,0,0,0,0,0,0,true,-1.836968,1.994467,0.7879176,"(0.2291,0.9658,-0.0282,-0.1184)",0,0,0,0,0,0,0
5,"Environment: 2, FiringMode: 1",11.5865,true,-1.566812,2.294837,1.021771,"(0.0384,0.9947,0.0361,0.0878)",true,-1.421423,2.117598,0.6909567,"(0.0353,-0.9986,-0.0031,-0.0396)",0,0,0,0,0,0,0,true,-1.83696,1.994452,0.7878916,"(0.2292,0.9657,-0.0280,-0.1185)",0,0,0,0,0,0,0
5,"Environment: 2, FiringMode: 1",11.60061,true,-1.566918,2.294978,1.02163,"(0.0377,0.9948,0.0370,0.0873)",true,-1.421999,2.11796,0.6910182,"(0.0351,-0.9987,-0.0059,-0.0377)",0,0,0,0,0,0,0,true,-1.836969,1.994448,0.7878773,"(0.2293,0.9657,-0.0279,-0.1187)",0,0,0,0,0,0,0
5,"Environment: 2, FiringMode: 1",11.61454,true,-1.567,2.295075,1.021479,"(0.0370,0.9948,0.0376,0.0869)",true,-1.423272,2.118315,0.691497,"(0.0391,-0.9987,-0.0090,-0.0328)",0,0,0,0,0,0,0,true,-1.836993,1.994462,0.7878866,"(0.2294,0.9657,-0.0278,-0.1189)",0,0,0,0,0,0,0
5,"Environment: 2, FiringMode: 1",11.62783,true,-1.567052,2.295143,1.021385,"(0.0365,0.9949,0.0375,0.0864)",true,-1.424609,2.118839,0.6921337,"(0.0459,-0.9984,-0.0136,-0.0298)",0,0,0,0,0,0,0,true,-1.837016,1.994469,0.7878886,"(0.2294,0.9656,-0.0278,-0.1191)",0,0,0,0,0,0,0
5,"Environment: 2, FiringMode: 1",11.64179,true,-1.5671,2.29515,1.021332,"(0.0364,0.9949,0.0374,0.0861)",true,-1.425682,2.119493,0.6926104,"(0.0513,-0.9981,-0.0187,-0.0279)",0,0,0,0,0,0,0,true,-1.837043,1.994457,0.7878551,"(0.2293,0.9656,-0.0279,-0.1192)",0,0,0,0,0,0,0
5,"Environment: 2, FiringMode: 1",11.65575,true,-1.56716,2.29513,1.021274,"(0.0361,0.9949,0.0375,0.0858)",true,-1.426342,2.120254,0.6929542,"(0.0555,-0.9977,-0.0242,-0.0293)",0,0,0,0,0,0,0,true,-1.83707,1.994428,0.7877907,"(0.2292,0.9656,-0.0281,-0.1193)",0,0,0,0,0,0,0
5,"Environment: 2, FiringMode: 1",11.66985,true,-1.567181,2.295124,1.021215,"(0.0361,0.9950,0.0373,0.0855)",true,-1.426473,2.120847,0.6931173,"(0.0567,-0.9975,-0.0281,-0.0324)",0,0,0,0,0,0,0,true,-1.837092,1.994388,0.7877177,"(0.2292,0.9656,-0.0284,-0.1193)",0,0,0,0,0,0,0
5,"Environment: 2, FiringMode: 1",11.68342,true,-1.567191,2.295065,1.021179,"(0.0358,0.9950,0.0370,0.0853)",true,-1.426388,2.121117,0.6932914,"(0.0568,-0.9973,-0.0291,-0.0353)",0,0,0,0,0,0,0,true,-1.837096,1.99435,0.7876726,"(0.2292,0.9656,-0.0287,-0.1195)",0,0,0,0,0,0,0
5,"Environment: 2, FiringMode: 1",11.69751,true,-1.567195,2.294975,1.021163,"(0.0355,0.9951,0.0367,0.0852)",true,-1.426522,2.121488,0.6935831,"(0.0602,-0.9970,-0.0310,-0.0384)",0,0,0,0,0,0,0,true,-1.837093,1.994313,0.7876329,"(0.2294,0.9655,-0.0290,-0.1196)",0,0,0,0,0,0,0
5,"Environment: 2, FiringMode: 1",11.71142,true,-1.56717,2.294885,1.021152,"(0.0354,0.9951,0.0366,0.0850)",true,-1.426922,2.122113,0.6942366,"(0.0637,-0.9966,-0.0348,-0.0398)",0,0,0,0,0,0,0,true,-1.837075,1.994278,0.7875992,"(0.2295,0.9655,-0.0292,-0.1196)",0,0,0,0,0,0,0
5,"Environment: 2, FiringMode: 1",11.72533,true,-1.567156,2.29483,1.021135,"(0.0355,0.9951,0.0365,0.0850)",true,-1.427359,2.122732,0.6948844,"(0.0644,-0.9965,-0.0373,-0.0384)",0,0,0,0,0,0,0,true,-1.837058,1.994261,0.7875878,"(0.2296,0.9655,-0.0293,-0.1197)",0,0,0,0,0,0,0
5,"Environment: 2, FiringMode: 1",11.73943,true,-1.567173,2.294796,1.021144,"(0.0353,0.9951,0.0366,0.0851)",true,-1.427736,2.123156,0.6953791,"(0.0635,-0.9966,-0.0385,-0.0355)",0,0,0,0,0,0,0,true,-1.837031,1.994248,0.7875823,"(0.2297,0.9654,-0.0293,-0.1197)",0,0,0,0,0,0,0
5,"Environment: 2, FiringMode: 1",11.75337,true,-1.567162,2.294777,1.02117,"(0.0354,0.9951,0.0366,0.0850)",true,-1.427749,2.123107,0.6953596,"(0.0602,-0.9970,-0.0352,-0.0336)",0,0,0,0,0,0,0,true,-1.837003,1.994249,0.7875908,"(0.2298,0.9654,-0.0292,-0.1198)",0,0,0,0,0,0,0
5,"Environment: 2, FiringMode: 1",11.76743,true,-1.567138,2.294719,1.021182,"(0.0354,0.9951,0.0366,0.0850)",true,-1.427563,2.122722,0.6951562,"(0.0560,-0.9974,-0.0312,-0.0320)",0,0,0,0,0,0,0,true,-1.836986,1.994249,0.7875991,"(0.2300,0.9653,-0.0292,-0.1199)",0,0,0,0,0,0,0
5,"Environment: 2, FiringMode: 1",11.78071,true,-1.567103,2.294675,1.02119,"(0.0356,0.9951,0.0364,0.0850)",true,-1.42794,2.122594,0.6953747,"(0.0560,-0.9975,-0.0305,-0.0308)",0,0,0,0,0,0,0,true,-1.836988,1.994232,0.7875863,"(0.2300,0.9653,-0.0291,-0.1200)",0,0,0,0,0,0,0
5,"Environment: 2, FiringMode: 1",11.79473,true,-1.567057,2.294626,1.021205,"(0.0357,0.9951,0.0362,0.0851)",true,-1.428577,2.122398,0.6955357,"(0.0591,-0.9974,-0.0299,-0.0293)",0,0,0,0,0,0,0,true,-1.836994,1.994214,0.7875736,"(0.2301,0.9653,-0.0291,-0.1201)",0,0,0,0,0,0,0
5,"Environment: 2, FiringMode: 1",11.80862,true,-1.567008,2.294578,1.021237,"(0.0359,0.9951,0.0361,0.0852)",true,-1.429513,2.121805,0.6954511,"(0.0660,-0.9970,-0.0279,-0.0282)",0,0,0,0,0,0,0,true,-1.836994,1.9942,0.7875628,"(0.2301,0.9653,-0.0291,-0.1201)",0,0,0,0,0,0,0
5,"Environment: 2, FiringMode: 1",11.82226,true,-1.566973,2.294549,1.021273,"(0.0360,0.9951,0.0358,0.0854)",true,-1.429704,2.121339,0.6952683,"(0.0699,-0.9967,-0.0276,-0.0293)",0,0,0,0,0,0,0,true,-1.836984,1.994187,0.7875561,"(0.2301,0.9653,-0.0292,-0.1202)",0,0,0,0,0,0,0
5,"Environment: 2, FiringMode: 1",11.83634,true,-1.566989,2.294462,1.02134,"(0.0364,0.9950,0.0356,0.0858)",true,-1.429296,2.121425,0.6952622,"(0.0662,-0.9970,-0.0282,-0.0296)",0,0,0,0,0,0,0,true,-1.836978,1.994168,0.7875358,"(0.2300,0.9653,-0.0293,-0.1201)",0,0,0,0,0,0,0
5,"Environment: 2, FiringMode: 1",11.85035,true,-1.567022,2.294424,1.021412,"(0.0369,0.9950,0.0356,0.0860)",true,-1.429219,2.121713,0.6956167,"(0.0634,-0.9971,-0.0289,-0.0293)",0.02075696,0,0,0,0,0,0,true,-1.836991,1.994142,0.787463,"(0.2298,0.9654,-0.0295,-0.1200)",0,0,0,0,0,0,0
5,"Environment: 2, FiringMode: 1",11.86427,true,-1.567046,2.294444,1.021414,"(0.0369,0.9949,0.0360,0.0862)",true,-1.42952,2.121505,0.6957772,"(0.0626,-0.9973,-0.0286,-0.0272)",0.05470079,0,0,0,0,0,0,true,-1.836997,1.994126,0.787411,"(0.2297,0.9654,-0.0296,-0.1199)",0,0,0,0,0,0,0
5,"Environment: 2, FiringMode: 1",11.8785,true,-1.567058,2.294497,1.021384,"(0.0366,0.9949,0.0363,0.0862)",true,-1.430262,2.120972,0.695639,"(0.0641,-0.9973,-0.0278,-0.0225)",0.1641025,0,0,0,0,0,0,true,-1.836985,1.994114,0.787385,"(0.2296,0.9654,-0.0297,-0.1198)",0,0,0,0,0,0,0
5,"Environment: 2, FiringMode: 1",11.89254,true,-1.56709,2.294545,1.021376,"(0.0362,0.9949,0.0363,0.0864)",true,-1.430679,2.120647,0.6954616,"(0.0660,-0.9972,-0.0274,-0.0207)",0.239072,0,0,0,0,0,0,true,-1.836965,1.994106,0.787378,"(0.2295,0.9655,-0.0297,-0.1197)",0,0,0,0,0,0,0
5,"Environment: 2, FiringMode: 1",11.90627,true,-1.567149,2.294594,1.021384,"(0.0364,0.9949,0.0364,0.0863)",true,-1.430825,2.120603,0.695463,"(0.0661,-0.9972,-0.0278,-0.0201)",0.3431013,0,0,0,0,0,0,true,-1.836975,1.994076,0.7873567,"(0.2294,0.9655,-0.0298,-0.1195)",0,0,0,0,0,0,0
5,"Environment: 2, FiringMode: 1",11.92195,true,-1.567253,2.294639,1.021384,"(0.0365,0.9949,0.0364,0.0864)",true,-1.430599,2.120969,0.6957257,"(0.0658,-0.9972,-0.0287,-0.0225)",0.617094,0,0,0,0,0,0,true,-1.837008,1.994041,0.7873287,"(0.2293,0.9655,-0.0298,-0.1194)",0,0,0,0,0,0,0
5,"Environment: 2, FiringMode: 1",11.93353,true,-1.567344,2.294728,1.021419,"(0.0367,0.9949,0.0364,0.0864)",true,-1.430427,2.121078,0.695857,"(0.0647,-0.9972,-0.0279,-0.0240)",0.7821734,0,0,0,0,0,0,true,-1.837041,1.994007,0.7873048,"(0.2293,0.9656,-0.0298,-0.1193)",0,0,0,0,0,0,0
5,"Environment: 2, FiringMode: 1",11.94705,true,-1.567451,2.294829,1.021477,"(0.0367,0.9949,0.0369,0.0861)",true,-1.429845,2.120666,0.6951162,"(0.0643,-0.9972,-0.0260,-0.0270)",0.9562882,0,0,0,0,0,0,true,-1.837039,1.993986,0.7872974,"(0.2292,0.9656,-0.0299,-0.1192)",0,0,0,0,0,0,0
5,"Environment: 2, FiringMode: 1",11.96103,true,-1.567591,2.294947,1.021493,"(0.0364,0.9949,0.0373,0.0860)",true,-1.429531,2.120622,0.6946924,"(0.0653,-0.9971,-0.0254,-0.0288)",0.9689866,0,0,0,0,0,0,true,-1.837026,1.993979,0.7872993,"(0.2291,0.9656,-0.0299,-0.1191)",0,0,0,0,0,0,0
5,"Environment: 2, FiringMode: 1",11.97496,true,-1.567755,2.295029,1.021485,"(0.0359,0.9950,0.0377,0.0857)",true,-1.429561,2.120805,0.6948453,"(0.0644,-0.9972,-0.0250,-0.0278)",0.9721612,0,0,0,0,0,0,true,-1.837039,1.993983,0.7872987,"(0.2290,0.9657,-0.0299,-0.1189)",0,0,0,0,0,0,0
5,"Environment: 2, FiringMode: 1",11.98879,true,-1.567951,2.295115,1.021478,"(0.0357,0.9950,0.0379,0.0855)",true,-1.429572,2.120925,0.6948964,"(0.0629,-0.9974,-0.0240,-0.0258)",0.9680098,0,0,0,0,0,0,true,-1.837065,1.993994,0.7872927,"(0.2288,0.9657,-0.0299,-0.1188)",0,0,0,0,0,0,0
5,"Environment: 2, FiringMode: 1",12.00249,true,-1.568158,2.295201,1.021467,"(0.0355,0.9950,0.0381,0.0852)",true,-1.429743,2.121,0.6948366,"(0.0617,-0.9976,-0.0227,-0.0218)",0.9623932,0,0,0,0,0,0,true,-1.837085,1.994002,0.7872829,"(0.2287,0.9658,-0.0299,-0.1188)",0,0,0,0,0,0,0
5,"Environment: 2, FiringMode: 1",12.01664,true,-1.568369,2.295272,1.021463,"(0.0353,0.9950,0.0384,0.0849)",true,-1.429938,2.121025,0.6946307,"(0.0594,-0.9979,-0.0210,-0.0161)",0.9145299,0,0,0,0,0,0,true,-1.837082,1.993994,0.7872727,"(0.2285,0.9658,-0.0299,-0.1188)",0,0,0,0,0,0,0
5,"Environment: 2, FiringMode: 1",12.03297,true,-1.568524,2.295319,1.021524,"(0.0349,0.9951,0.0387,0.0846)",true,-1.429799,2.121148,0.6944922,"(0.0571,-0.9981,-0.0198,-0.0146)",0.7946275,0,0,0,0,0,0,true,-1.837079,1.993983,0.7872591,"(0.2283,0.9658,-0.0300,-0.1187)",0,0,0,0,0,0,0
5,"Environment: 2, FiringMode: 1",12.04447,true,-1.568668,2.295355,1.021601,"(0.0345,0.9951,0.0388,0.0842)",true,-1.429366,2.121503,0.6947451,"(0.0549,-0.9982,-0.0194,-0.0169)",0.6019536,0,0,0,0,0,0,true,-1.837083,1.99401,0.7872259,"(0.2283,0.9659,-0.0301,-0.1187)",0,0,0,0,0,0,0
5,"Environment: 2, FiringMode: 1",12.05822,true,-1.56882,2.295399,1.021666,"(0.0344,0.9951,0.0388,0.0839)",true,-1.42876,2.121763,0.6950151,"(0.0523,-0.9982,-0.0193,-0.0207)",0.2720391,0,0,0,0,0,0,true,-1.837078,1.994024,0.7871894,"(0.2283,0.9659,-0.0301,-0.1187)",0,0,0,0,0,0,0
5,"Environment: 2, FiringMode: 1",12.07208,true,-1.568997,2.295437,1.021684,"(0.0340,0.9952,0.0390,0.0835)",true,-1.428577,2.12197,0.6953247,"(0.0523,-0.9982,-0.0205,-0.0216)",0.1545787,0,0,0,0,0,0,true,-1.837067,1.994025,0.7871561,"(0.2282,0.9659,-0.0303,-0.1187)",0,0,0,0,0,0,0
5,"Environment: 2, FiringMode: 1",12.08521,true,-1.569141,2.295487,1.021688,"(0.0339,0.9952,0.0392,0.0832)",true,-1.428968,2.121947,0.695495,"(0.0562,-0.9979,-0.0223,-0.0218)",0.02197796,0,0,0,0,0,0,true,-1.837046,1.994012,0.7871397,"(0.2282,0.9659,-0.0303,-0.1187)",0,0,0,0,0,0,0
5,"Environment: 2, FiringMode: 1",12.09951,true,-1.569291,2.295521,1.021685,"(0.0335,0.9952,0.0392,0.0829)",true,-1.428876,2.122087,0.6956242,"(0.0577,-0.9978,-0.0234,-0.0219)",0,0,0,0,0,0,0,true,-1.83702,1.993999,0.7871257,"(0.2282,0.9659,-0.0303,-0.1187)",0,0,0,0,0,0,0
5,"Environment: 2, FiringMode: 1",12.11353,true,-1.569428,2.295536,1.021706,"(0.0333,0.9953,0.0391,0.0825)",true,-1.428948,2.122272,0.6958929,"(0.0586,-0.9978,-0.0235,-0.0201)",0,0,0,0,0,0,0,true,-1.837034,1.994013,0.7871099,"(0.2281,0.9659,-0.0304,-0.1186)",0,0,0,0,0,0,0
5,"Environment: 2, FiringMode: 1",12.12741,true,-1.569568,2.295519,1.02173,"(0.0333,0.9953,0.0389,0.0820)",true,-1.428835,2.122525,0.6962708,"(0.0595,-0.9977,-0.0240,-0.0200)",0,0,0,0,0,0,0,true,-1.83705,1.994026,0.7870989,"(0.2280,0.9659,-0.0304,-0.1186)",0,0,0,0,0,0,0
5,"Environment: 2, FiringMode: 1",12.14157,true,-1.569695,2.295492,1.021785,"(0.0331,0.9954,0.0388,0.0817)",true,-1.428382,2.122744,0.6963739,"(0.0606,-0.9977,-0.0250,-0.0198)",0,0,0,0,0,0,0,true,-1.837056,1.994029,0.7870874,"(0.2279,0.9659,-0.0305,-0.1187)",0,0,0,0,0,0,0
5,"Environment: 2, FiringMode: 1",12.15579,true,-1.569804,2.295449,1.021841,"(0.0332,0.9954,0.0383,0.0814)",true,-1.427253,2.123121,0.696342,"(0.0616,-0.9975,-0.0272,-0.0217)",0,0,0,0,0,0,0,true,-1.837042,1.994025,0.787089,"(0.2278,0.9660,-0.0305,-0.1186)",0,0,0,0,0,0,0
5,"Environment: 2, FiringMode: 1",12.16981,true,-1.569932,2.295379,1.021838,"(0.0328,0.9955,0.0379,0.0809)",true,-1.42552,2.123515,0.6962638,"(0.0594,-0.9976,-0.0275,-0.0247)",0,0,0,0,0,0,0,true,-1.837044,1.994029,0.7870883,"(0.2277,0.9660,-0.0304,-0.1186)",0,0,0,0,0,0,0
5,"Environment: 2, FiringMode: 1",12.18352,true,-1.570052,2.295289,1.021843,"(0.0326,0.9955,0.0373,0.0804)",true,-1.423347,2.124115,0.6964043,"(0.0575,-0.9975,-0.0279,-0.0292)",0,0,0,0,0,0,0,true,-1.83708,1.994042,0.7870692,"(0.2276,0.9660,-0.0304,-0.1186)",0,0,0,0,0,0,0
5,"Environment: 2, FiringMode: 1",12.1976,true,-1.570188,2.295172,1.021837,"(0.0327,0.9955,0.0369,0.0803)",true,-1.421605,2.124714,0.6966064,"(0.0581,-0.9973,-0.0295,-0.0326)",0,0,0,0,0,0,0,true,-1.837107,1.994052,0.787055,"(0.2275,0.9660,-0.0304,-0.1185)",0,0,0,0,0,0,0
5,"Environment: 2, FiringMode: 1",12.21151,true,-1.570298,2.295054,1.02182,"(0.0331,0.9956,0.0361,0.0799)",true,-1.41958,2.125071,0.6965439,"(0.0591,-0.9972,-0.0308,-0.0350)",0,0,0,0,0,0,0,true,-1.837111,1.994054,0.7870556,"(0.2275,0.9661,-0.0304,-0.1185)",0,0,0,0,0,0,0
5,"Environment: 2, FiringMode: 1",12.22528,true,-1.570427,2.294951,1.021813,"(0.0332,0.9956,0.0354,0.0796)",true,-1.417387,2.125281,0.6963465,"(0.0588,-0.9971,-0.0311,-0.0374)",0,0,0,0,0,0,0,true,-1.837096,1.994055,0.7870713,"(0.2274,0.9661,-0.0303,-0.1184)",0,0,0,0,0,0,0
5,"Environment: 2, FiringMode: 1",12.23889,true,-1.570547,2.294847,1.021871,"(0.0333,0.9957,0.0346,0.0790)",true,-1.414382,2.125477,0.6961401,"(0.0556,-0.9972,-0.0301,-0.0405)",0,0,0,0,0,0,0,true,-1.837109,1.994076,0.7870703,"(0.2274,0.9661,-0.0303,-0.1184)",0,0,0,0,0,0,0
5,"Environment: 2, FiringMode: 1",12.25291,true,-1.5707,2.294704,1.021888,"(0.0333,0.9958,0.0345,0.0784)",true,-1.411072,2.125885,0.6961763,"(0.0530,-0.9971,-0.0297,-0.0447)",0,0,0,0,0,0,0,true,-1.837139,1.994105,0.7870582,"(0.2273,0.9661,-0.0302,-0.1183)",0,0,0,0,0,0,0
5,"Environment: 2, FiringMode: 1",12.26666,true,-1.570883,2.294626,1.021805,"(0.0337,0.9958,0.0341,0.0777)",true,-1.407546,2.126382,0.6962453,"(0.0513,-0.9970,-0.0304,-0.0501)",0,0,0,0,0,0,0,true,-1.837161,1.994127,0.7870488,"(0.2273,0.9661,-0.0302,-0.1183)",0,0,0,0,0,0,0
5,"Environment: 2, FiringMode: 1",12.28085,true,-1.571136,2.294553,1.021691,"(0.0338,0.9959,0.0338,0.0764)",true,-1.403821,2.126598,0.6960524,"(0.0502,-0.9968,-0.0306,-0.0550)",0,0,0,0,0,0,0,true,-1.837144,1.994127,0.7870638,"(0.2273,0.9662,-0.0301,-0.1182)",0,0,0,0,0,0,0
5,"Environment: 2, FiringMode: 1",12.29486,true,-1.571438,2.294437,1.021541,"(0.0341,0.9961,0.0332,0.0747)",true,-1.399745,2.126656,0.6957144,"(0.0498,-0.9965,-0.0304,-0.0600)",0,0,0,0,0,0,0,true,-1.837122,1.994133,0.7870835,"(0.2273,0.9662,-0.0300,-0.1181)",0,0,0,0,0,0,0
5,"Environment: 2, FiringMode: 1",12.30882,true,-1.571741,2.294298,1.021425,"(0.0342,0.9962,0.0322,0.0731)",true,-1.395689,2.126703,0.6955171,"(0.0488,-0.9962,-0.0297,-0.0654)",0,0,0,0,0,0,0,true,-1.837141,1.994144,0.7870751,"(0.2273,0.9662,-0.0300,-0.1180)",0,0,0,0,0,0,0
5,"Environment: 2, FiringMode: 1",12.32254,true,-1.57214,2.294036,1.021339,"(0.0345,0.9964,0.0311,0.0715)",true,-1.391077,2.126653,0.6954039,"(0.0487,-0.9958,-0.0284,-0.0721)",0,0,0,0,0,0,0,true,-1.837187,1.994155,0.7870401,"(0.2272,0.9662,-0.0300,-0.1180)",0,0,0,0,0,0,0
5,"Environment: 2, FiringMode: 1",12.33682,true,-1.572486,2.293928,1.021294,"(0.0349,0.9965,0.0299,0.0701)",true,-1.386147,2.126666,0.6952561,"(0.0480,-0.9952,-0.0282,-0.0800)",0,0,0,0,0,0,0,true,-1.837218,1.994156,0.7870005,"(0.2271,0.9662,-0.0301,-0.1180)",0,0,0,0,0,0,0
5,"Environment: 2, FiringMode: 1",12.35076,true,-1.572861,2.293747,1.021238,"(0.0351,0.9966,0.0290,0.0687)",true,-1.380906,2.126553,0.6948498,"(0.0469,-0.9946,-0.0279,-0.0878)",0,0,0,0,0,0,0,true,-1.83721,1.994144,0.7869815,"(0.2271,0.9662,-0.0302,-0.1179)",0,0,0,0,0,0,0
5,"Environment: 2, FiringMode: 1",12.36443,true,-1.573149,2.293519,1.021162,"(0.0353,0.9967,0.0281,0.0668)",true,-1.375047,2.126256,0.6943629,"(0.0467,-0.9938,-0.0275,-0.0969)",0,0,0,0,0,0,0,true,-1.837191,1.994127,0.7869574,"(0.2271,0.9662,-0.0303,-0.1178)",0,0,0,0,0,0,0
5,"Environment: 2, FiringMode: 1",12.37866,true,-1.57353,2.293302,1.02107,"(0.0353,0.9969,0.0268,0.0652)",true,-1.368848,2.125928,0.6941621,"(0.0484,-0.9926,-0.0279,-0.1079)",0,0,0,0,0,0,0,true,-1.83721,1.994127,0.7869688,"(0.2270,0.9663,-0.0304,-0.1177)",0,0,0,0,0,0,0
5,"Environment: 2, FiringMode: 1",12.39186,true,-1.573879,2.292946,1.02104,"(0.0354,0.9970,0.0254,0.0634)",true,-1.362207,2.125201,0.693787,"(0.0533,-0.9908,-0.0282,-0.1212)",0,0,0,0,0,0,0,true,-1.837247,1.994126,0.7869819,"(0.2268,0.9663,-0.0305,-0.1177)",0,0,0,0,0,0,0
5,"Environment: 2, FiringMode: 1",12.40549,true,-1.574247,2.29266,1.020957,"(0.0355,0.9972,0.0237,0.0617)",true,-1.355129,2.123774,0.6928912,"(0.0631,-0.9880,-0.0283,-0.1379)",0,0,0,0,0,0,0,true,-1.837274,1.994129,0.7869884,"(0.2267,0.9663,-0.0306,-0.1178)",0,0,0,0,0,0,0
5,"Environment: 2, FiringMode: 1",12.41973,true,-1.574647,2.292366,1.020818,"(0.0355,0.9973,0.0221,0.0599)",true,-1.347612,2.121397,0.6912515,"(0.0771,-0.9842,-0.0269,-0.1571)",0,0,0,0,0,0,0,true,-1.837283,1.994126,0.7869825,"(0.2266,0.9663,-0.0306,-0.1178)",0,0,0,0,0,0,0
5,"Environment: 2, FiringMode: 1",12.4336,true,-1.574976,2.292023,1.020776,"(0.0357,0.9975,0.0206,0.0580)",true,-1.339711,2.11796,0.689024,"(0.0941,-0.9792,-0.0210,-0.1786)",0,0,0,0,0,0,0,true,-1.837288,1.994126,0.7869838,"(0.2265,0.9664,-0.0305,-0.1179)",0,0,0,0,0,0,0
5,"Environment: 2, FiringMode: 1",12.44721,true,-1.57532,2.291767,1.020641,"(0.0360,0.9976,0.0187,0.0562)",true,-1.331787,2.11392,0.6866068,"(0.1115,-0.9733,-0.0132,-0.2001)",0,0,0,0,0,0,0,true,-1.837332,1.994129,0.786993,"(0.2265,0.9664,-0.0305,-0.1179)",0,0,0,0,0,0,0
5,"Environment: 2, FiringMode: 1",12.4613,true,-1.575576,2.291394,1.020526,"(0.0365,0.9977,0.0172,0.0543)",true,-1.323424,2.108463,0.6835456,"(0.1326,-0.9656,-0.0020,-0.2237)",0,0,0,0,0,0,0,true,-1.837356,1.994137,0.7870134,"(0.2265,0.9664,-0.0303,-0.1180)",0,0,0,0,0,0,0
5,"Environment: 2, FiringMode: 1",12.47538,true,-1.575898,2.291087,1.020398,"(0.0367,0.9978,0.0155,0.0526)",true,-1.314718,2.101576,0.6799639,"(0.1582,-0.9549,0.0145,-0.2509)",0,0,0,0,0,0,0,true,-1.837345,1.99414,0.7870315,"(0.2266,0.9664,-0.0302,-0.1179)",0,0,0,0,0,0,0
5,"Environment: 2, FiringMode: 1",12.49083,true,-1.576123,2.290785,1.020243,"(0.0367,0.9979,0.0137,0.0507)",true,-1.306261,2.094676,0.6764191,"(0.1880,-0.9407,0.0316,-0.2805)",0,0,0,0,0,0,0,true,-1.837307,1.994129,0.7870461,"(0.2267,0.9663,-0.0301,-0.1179)",0,0,0,0,0,0,0
5,"Environment: 2, FiringMode: 1",12.50314,true,-1.576435,2.290549,1.020058,"(0.0368,0.9980,0.0122,0.0491)",true,-1.297976,2.088036,0.673411,"(0.2171,-0.9255,0.0452,-0.3070)",0,0,0,0,0,0,0,true,-1.837285,1.994122,0.7870507,"(0.2268,0.9663,-0.0300,-0.1179)",0,0,0,0,0,0,0
5,"Environment: 2, FiringMode: 1",12.51684,true,-1.576726,2.2904,1.01983,"(0.0368,0.9982,0.0108,0.0471)",true,-1.289972,2.082104,0.6712211,"(0.2392,-0.9124,0.0540,-0.3277)",0,0,0,0,0,0,0,true,-1.837316,1.994127,0.7870522,"(0.2268,0.9663,-0.0300,-0.1179)",0,0,0,0,0,0,0
5,"Environment: 2, FiringMode: 1",12.53069,true,-1.577053,2.290067,1.019652,"(0.0369,0.9982,0.0100,0.0452)",true,-1.282235,2.076636,0.6694989,"(0.2538,-0.9031,0.0605,-0.3412)",0,0,0,0,0,0,0,true,-1.837358,1.994141,0.7870605,"(0.2267,0.9663,-0.0299,-0.1180)",0,0,0,0,0,0,0
5,"Environment: 2, FiringMode: 1",12.54395,true,-1.577407,2.289962,1.019432,"(0.0374,0.9983,0.0087,0.0432)",true,-1.274641,2.071117,0.6677507,"(0.2602,-0.8957,0.0722,-0.3532)",0,0,0,0,0,0,0,true,-1.837371,1.994184,0.7871052,"(0.2267,0.9663,-0.0295,-0.1182)",0,0,0,0,0,0,0
5,"Environment: 2, FiringMode: 1",12.55816,true,-1.577667,2.289707,1.019193,"(0.0376,0.9984,0.0075,0.0406)",true,-1.267794,2.065701,0.6658015,"(0.2747,-0.8849,0.0849,-0.3665)",0,0,0,0,0,0,0,true,-1.837389,1.994485,0.7873626,"(0.2266,0.9662,-0.0271,-0.1198)",0,0,0,0,0,0,0
5,"Environment: 2, FiringMode: 1",12.57217,true,-1.578162,2.289443,1.018913,"(0.0372,0.9986,0.0061,0.0379)",true,-1.262051,2.060071,0.6636411,"(0.2934,-0.8745,0.0964,-0.3739)",0,0,0,0,0,0,0,true,-1.837543,1.995372,0.7879244,"(0.2265,0.9660,-0.0200,-0.1230)",0,0,0,0,0,0,0
5,"Environment: 2, FiringMode: 1",12.58595,true,-1.578544,2.289122,1.018693,"(0.0378,0.9987,0.0046,0.0345)",true,-1.256521,2.054288,0.6614653,"(0.3124,-0.8635,0.1064,-0.3814)",0,0,0,0,0,0,0,true,-1.837828,1.995962,0.7882603,"(0.2259,0.9660,-0.0158,-0.1247)",0,0,0,0,0,0,0
5,"Environment: 2, FiringMode: 1",12.60023,true,-1.579136,2.288839,1.01844,"(0.0384,0.9988,0.0027,0.0313)",true,-1.251772,2.048542,0.6595512,"(0.3330,-0.8522,0.1146,-0.3870)",0,0,0,0,0,0,0,true,-1.838166,1.99636,0.7885552,"(0.2236,0.9665,-0.0137,-0.1251)",0,0,0,0,0,0,0
5,"Environment: 2, FiringMode: 1",12.61421,true,-1.579789,2.288522,1.018234,"(0.0391,0.9989,0.0014,0.0270)",true,-1.247047,2.043202,0.6578217,"(0.3542,-0.8402,0.1203,-0.3925)",0,0,0,0,0,0,0,true,-1.838374,1.996963,0.78899,"(0.2220,0.9669,-0.0096,-0.1254)",0,0,0,0,0,0,0
5,"Environment: 2, FiringMode: 1",12.62803,true,-1.580547,2.288342,1.017871,"(0.0400,0.9989,-0.0003,0.0226)",true,-1.242663,2.03823,0.6561401,"(0.3718,-0.8293,0.1242,-0.3982)",0,0,0,0,0,0,0,true,-1.83843,1.997775,0.7895561,"(0.2220,0.9668,-0.0035,-0.1262)",0,0,0,0,0,0,0
5,"Environment: 2, FiringMode: 1",12.64228,true,-1.581098,2.288183,1.017659,"(0.0410,0.9990,-0.0019,0.0159)",true,-1.238523,2.033568,0.6544248,"(0.3823,-0.8215,0.1279,-0.4033)",0,0,0,0,0,0,0,true,-1.838571,1.999069,0.7903166,"(0.2219,0.9666,0.0058,-0.1280)",0,0,0,0,0,0,0
5,"Environment: 2, FiringMode: 1",12.6562,true,-1.582093,2.287889,1.017398,"(0.0422,0.9991,-0.0030,0.0088)",true,-1.235086,2.029158,0.6528971,"(0.3878,-0.8177,0.1318,-0.4046)",0,0,0,0,0,0,0,true,-1.838807,2.000606,0.7912341,"(0.2212,0.9663,0.0165,-0.1307)",0,0,0,0,0,0,0
5,"Environment: 2, FiringMode: 1",12.67006,true,-1.583233,2.287615,1.017162,"(0.0448,0.9990,-0.0044,0.0015)",true,-1.232843,2.025278,0.6516041,"(0.4006,-0.8105,0.1311,-0.4068)",0,0,0,0,0,0,0,true,-1.839217,2.002395,0.7922437,"(0.2178,0.9664,0.0281,-0.1333)",0,0,0,0,0,0,0
5,"Environment: 2, FiringMode: 1",12.68382,true,-1.584537,2.287143,1.017032,"(0.0474,0.9988,-0.0061,-0.0056)",true,-1.231379,2.022042,0.6505792,"(0.4144,-0.8025,0.1288,-0.4095)",0,0,0,0,0,0,0,true,-1.839911,2.004053,0.7931972,"(0.2129,0.9668,0.0375,-0.1363)",0,0,0,0,0,0,0
5,"Environment: 2, FiringMode: 1",12.69737,true,-1.585376,2.286857,1.016934,"(0.0501,0.9986,-0.0083,-0.0130)",true,-1.230028,2.01918,0.6494412,"(0.4189,-0.7990,0.1284,-0.4119)",0,0,0,0,0,0,0,true,-1.840824,2.005575,0.7940828,"(0.2113,0.9659,0.0468,-0.1418)",0,0,0,0,0,0,0
5,"Environment: 2, FiringMode: 1",12.71123,true,-1.586257,2.286597,1.016742,"(0.0522,0.9984,-0.0100,-0.0199)",true,-1.228823,2.016435,0.6482311,"(0.4130,-0.8022,0.1301,-0.4111)",0,0,0,0,0,0,0,true,-1.841793,2.006604,0.7948928,"(0.2036,0.9674,0.0504,-0.1421)",0,0,0,0,0,0,0
5,"Environment: 2, FiringMode: 1",12.72501,true,-1.58707,2.286372,1.01652,"(0.0532,0.9982,-0.0115,-0.0264)",true,-1.228048,2.013908,0.6469234,"(0.4057,-0.8082,0.1309,-0.4063)",0,0,0,0,0,0,0,true,-1.842734,2.007605,0.7958956,"(0.1973,0.9685,0.0543,-0.1419)",0,0,0,0,0,0,0
5,"Environment: 2, FiringMode: 1",12.73916,true,-1.58776,2.286063,1.016426,"(0.0541,0.9979,-0.0126,-0.0330)",true,-1.227712,2.01163,0.6456083,"(0.4044,-0.8116,0.1313,-0.4006)",0,0,0,0,0,0,0,true,-1.843289,2.008664,0.7969714,"(0.1938,0.9689,0.0605,-0.1412)",0,0,0,0,0,0,0
5,"Environment: 2, FiringMode: 1",12.75314,true,-1.588713,2.286005,1.016223,"(0.0548,0.9976,-0.0143,-0.0394)",true,-1.227703,2.00969,0.6444152,"(0.4125,-0.8091,0.1294,-0.3981)",0,0,0,0,0,0,0,true,-1.843711,2.009751,0.7980549,"(0.1920,0.9690,0.0672,-0.1400)",0,0,0,0,0,0,0
5,"Environment: 2, FiringMode: 1",12.76691,true,-1.589723,2.285712,1.016147,"(0.0559,0.9973,-0.0151,-0.0458)",true,-1.2278,2.008244,0.6432602,"(0.4214,-0.8049,0.1252,-0.3985)",0,0,0,0,0,0,0,true,-1.844416,2.010919,0.799104,"(0.1871,0.9698,0.0720,-0.1388)",0,0,0,0,0,0,0
5,"Environment: 2, FiringMode: 1",12.7811,true,-1.590833,2.285535,1.016056,"(0.0574,0.9969,-0.0165,-0.0515)",true,-1.22789,2.007035,0.6421542,"(0.4256,-0.8028,0.1206,-0.3999)",0,0,0,0,0,0,0,true,-1.84563,2.012221,0.8000144,"(0.1743,0.9722,0.0741,-0.1379)",0,0,0,0,0,0,0
5,"Environment: 2, FiringMode: 1",12.79497,true,-1.591686,2.285253,1.01609,"(0.0585,0.9965,-0.0179,-0.0572)",true,-1.227728,2.005858,0.6409056,"(0.4259,-0.8028,0.1170,-0.4005)",0,0,0,0,0,0,0,true,-1.847012,2.013356,0.800858,"(0.1655,0.9734,0.0762,-0.1386)",0,0,0,0,0,0,0
5,"Environment: 2, FiringMode: 1",12.80853,true,-1.592448,2.284957,1.016106,"(0.0597,0.9961,-0.0195,-0.0622)",true,-1.227727,2.004535,0.6399105,"(0.4267,-0.8028,0.1171,-0.3997)",0,0,0,0,0,0,0,true,-1.848512,2.014226,0.8014247,"(0.1594,0.9739,0.0777,-0.1418)",0,0,0,0,0,0,0
5,"Environment: 2, FiringMode: 1",12.82239,true,-1.59315,2.2849,1.016013,"(0.0604,0.9957,-0.0213,-0.0670)",true,-1.228243,2.003558,0.6391011,"(0.4298,-0.8006,0.1163,-0.4010)",0,0,0,0,0,0,0,true,-1.850043,2.0149,0.8018739,"(0.1540,0.9741,0.0799,-0.1447)",0,0,0,0,0,0,0
5,"Environment: 2, FiringMode: 1",12.83646,true,-1.593977,2.284559,1.015963,"(0.0609,0.9953,-0.0219,-0.0717)",true,-1.229149,2.002706,0.6382339,"(0.4339,-0.7979,0.1107,-0.4035)",0,0,0,0,0,0,0,true,-1.851592,2.0155,0.8023501,"(0.1451,0.9754,0.0797,-0.1454)",0,0,0,0,0,0,0
5,"Environment: 2, FiringMode: 1",12.84994,true,-1.594842,2.284366,1.015919,"(0.0613,0.9949,-0.0230,-0.0764)",true,-1.230326,2.001622,0.6373134,"(0.4311,-0.7993,0.1066,-0.4048)",0,0,0,0,0,0,0,true,-1.853294,2.016311,0.8029665,"(0.1367,0.9760,0.0815,-0.1486)",0,0,0,0,0,0,0
5,"Environment: 2, FiringMode: 1",12.86361,true,-1.595692,2.284339,1.01591,"(0.0620,0.9945,-0.0247,-0.0810)",true,-1.231644,2.000387,0.6364624,"(0.4241,-0.8048,0.1060,-0.4015)",0,0,0,0,0,0,0,true,-1.854982,2.016839,0.8032699,"(0.1266,0.9777,0.0797,-0.1477)",0,0,0,0,0,0,0
5,"Environment: 2, FiringMode: 1",12.8778,true,-1.596579,2.284009,1.01606,"(0.0632,0.9941,-0.0252,-0.0849)",true,-1.233169,1.998969,0.6352717,"(0.4173,-0.8122,0.1073,-0.3932)",0,0,0,0,0,0,0,true,-1.856589,2.017472,0.8035227,"(0.1164,0.9793,0.0785,-0.1460)",0,0,0,0,0,0,0
5,"Environment: 2, FiringMode: 1",12.89191,true,-1.597234,2.284107,1.01602,"(0.0636,0.9937,-0.0265,-0.0889)",true,-1.234954,1.997795,0.6338344,"(0.4150,-0.8172,0.1063,-0.3857)",0,0,0,0,0,0,0,true,-1.858019,2.018015,0.8040263,"(0.1087,0.9799,0.0801,-0.1468)",0,0,0,0,0,0,0
5,"Environment: 2, FiringMode: 1",12.90566,true,-1.597992,2.283912,1.01606,"(0.0635,0.9934,-0.0265,-0.0922)",true,-1.236783,1.996886,0.6324475,"(0.4138,-0.8215,0.1042,-0.3783)",0,0,0,0,0,0,0,true,-1.859334,2.018729,0.8046211,"(0.1040,0.9799,0.0833,-0.1486)",0,0,0,0,0,0,0
5,"Environment: 2, FiringMode: 1",12.91982,true,-1.598817,2.283727,1.016179,"(0.0633,0.9931,-0.0266,-0.0951)",true,-1.238295,1.996049,0.631233,"(0.4101,-0.8257,0.1012,-0.3739)",0,0,0,0,0,0,0,true,-1.860712,2.01973,0.8052254,"(0.0977,0.9800,0.0874,-0.1497)",0,0,0,0,0,0,0
5,"Environment: 2, FiringMode: 1",12.93368,true,-1.599487,2.283673,1.016267,"(0.0637,0.9927,-0.0274,-0.0982)",true,-1.239397,1.995005,0.6300919,"(0.4067,-0.8287,0.0983,-0.3718)",0,0,0,0,0,0,0,true,-1.862288,2.020659,0.8057879,"(0.0888,0.9804,0.0899,-0.1514)",0,0,0,0,0,0,0
5,"Environment: 2, FiringMode: 1",12.94759,true,-1.600331,2.283754,1.016264,"(0.0634,0.9925,-0.0284,-0.1008)",true,-1.240068,1.993296,0.6290981,"(0.4078,-0.8290,0.1012,-0.3691)",0,0,0,0,0,0,0,true,-1.863784,2.021382,0.8063903,"(0.0817,0.9804,0.0914,-0.1544)",0,0,0,0,0,0,0
5,"Environment: 2, FiringMode: 1",12.9616,true,-1.60093,2.283776,1.016273,"(0.0630,0.9922,-0.0282,-0.1039)",true,-1.240667,1.991147,0.6279714,"(0.4186,-0.8241,0.1069,-0.3663)",0,0,0,0,0,0,0,true,-1.864889,2.022058,0.8070899,"(0.0803,0.9798,0.0955,-0.1562)",0,0,0,0,0,0,0
5,"Environment: 2, FiringMode: 1",12.97556,true,-1.601821,2.283891,1.01621,"(0.0630,0.9920,-0.0277,-0.1060)",true,-1.241223,1.989073,0.6267776,"(0.4346,-0.8160,0.1121,-0.3642)",0,0,0,0,0,0,0,true,-1.865887,2.022527,0.8077725,"(0.0730,0.9804,0.0968,-0.1555)",0,0,0,0,0,0,0
5,"Environment: 2, FiringMode: 1",12.98921,true,-1.602506,2.283953,1.016214,"(0.0632,0.9917,-0.0268,-0.1083)",true,-1.241817,1.987558,0.6257622,"(0.4450,-0.8115,0.1141,-0.3613)",0,0,0,0,0,0,0,true,-1.866588,2.022776,0.8081928,"(0.0624,0.9825,0.0966,-0.1467)",0,0,0,0,0,0,0
5,"Environment: 2, FiringMode: 1",13.00242,true,-1.603153,2.28412,1.016194,"(0.0632,0.9915,-0.0267,-0.1106)",true,-1.242311,1.986561,0.6250283,"(0.4484,-0.8113,0.1148,-0.3570)",0,0,0,0,0,0,0,true,-1.867038,2.022976,0.8086971,"(0.0570,0.9835,0.0963,-0.1418)",0,0,0,0,0,0,0
5,"Environment: 2, FiringMode: 1",13.01652,true,-1.603696,2.284078,1.016294,"(0.0626,0.9913,-0.0266,-0.1126)",true,-1.242382,1.986192,0.6247599,"(0.4414,-0.8163,0.1169,-0.3536)",0,0,0,0,0,0,0,true,-1.867072,2.023124,0.8093341,"(0.0525,0.9847,0.0980,-0.1345)",0,0,0,0,0,0,0
5,"Environment: 2, FiringMode: 1",13.03044,true,-1.604397,2.284034,1.016379,"(0.0624,0.9912,-0.0267,-0.1141)",true,-1.24226,1.985861,0.6245247,"(0.4354,-0.8192,0.1210,-0.3531)",0,0,0,0,0,0,0,true,-1.867124,2.023347,0.8098709,"(0.0480,0.9858,0.0978,-0.1276)",0,0,0,0,0,0,0
5,"Environment: 2, FiringMode: 1",13.04428,true,-1.605074,2.284121,1.016409,"(0.0619,0.9910,-0.0273,-0.1154)",true,-1.241883,1.985925,0.6246616,"(0.4342,-0.8189,0.1261,-0.3535)",0,0,0,0,0,0,0,true,-1.867208,2.023472,0.8102212,"(0.0414,0.9874,0.0962,-0.1190)",0,0,0,0,0,0,0
5,"Environment: 2, FiringMode: 1",13.05845,true,-1.605644,2.284172,1.016424,"(0.0614,0.9909,-0.0273,-0.1170)",true,-1.241618,1.986403,0.6249459,"(0.4394,-0.8161,0.1286,-0.3526)",0,0,0,0,0,0,0,true,-1.867214,2.023435,0.810392,"(0.0357,0.9888,0.0931,-0.1112)",0,0,0,0,0,0,0
5,"Environment: 2, FiringMode: 1",13.07249,true,-1.60631,2.284186,1.016474,"(0.0610,0.9907,-0.0271,-0.1182)",true,-1.241453,1.987599,0.6253377,"(0.4407,-0.8160,0.1245,-0.3527)",0,0,0,0,0,0,0,true,-1.867136,2.023347,0.8105452,"(0.0315,0.9899,0.0912,-0.1037)",0,0,0,0,0,0,0
5,"Environment: 2, FiringMode: 1",13.08631,true,-1.606796,2.284122,1.016667,"(0.0599,0.9906,-0.0270,-0.1199)",true,-1.241045,1.988838,0.6259193,"(0.4316,-0.8202,0.1191,-0.3561)",0,0,0,0,0,0,0,true,-1.866832,2.023239,0.810787,"(0.0310,0.9905,0.0911,-0.0982)",0,0,0,0,0,0,0
5,"Environment: 2, FiringMode: 1",13.10041,true,-1.607323,2.284049,1.016806,"(0.0594,0.9905,-0.0273,-0.1209)",true,-1.240371,1.989654,0.6263003,"(0.4190,-0.8255,0.1175,-0.3593)",0,0,0,0,0,0,0,true,-1.866397,2.022865,0.8106964,"(0.0293,0.9916,0.0882,-0.0904)",0,0,0,0,0,0,0
5,"Environment: 2, FiringMode: 1",13.11463,true,-1.607776,2.284015,1.016945,"(0.0585,0.9904,-0.0277,-0.1221)",true,-1.239873,1.989245,0.6263741,"(0.4156,-0.8274,0.1189,-0.3586)",0,0,0,0,0,0,0,true,-1.866055,2.022658,0.8105682,"(0.0300,0.9920,0.0864,-0.0866)",0,0,0,0,0,0,0
5,"Environment: 2, FiringMode: 1",13.1283,true,-1.608253,2.284,1.017091,"(0.0577,0.9903,-0.0275,-0.1236)",true,-1.239493,1.988368,0.6263324,"(0.4157,-0.8280,0.1229,-0.3557)",0,0,0,0,0,0,0,true,-1.865894,2.022452,0.8103604,"(0.0273,0.9927,0.0841,-0.0814)",0,0,0,0,0,0,0
5,"Environment: 2, FiringMode: 1",13.14234,true,-1.608924,2.284057,1.017212,"(0.0573,0.9901,-0.0271,-0.1250)",true,-1.239223,1.9872,0.6261804,"(0.4214,-0.8253,0.1277,-0.3535)",0,0,0,0,0,0,0,true,-1.865785,2.022657,0.8103726,"(0.0310,0.9922,0.0863,-0.0839)",0,0,0,0,0,0,0
5,"Environment: 2, FiringMode: 1",13.15565,true,-1.609532,2.284031,1.017336,"(0.0571,0.9899,-0.0267,-0.1269)",true,-1.238925,1.986445,0.6260213,"(0.4214,-0.8253,0.1301,-0.3528)",0,0,0,0,0,0,0,true,-1.865657,2.022721,0.8103649,"(0.0357,0.9914,0.0895,-0.0881)",0,0,0,0,0,0,0
5,"Environment: 2, FiringMode: 1",13.1695,true,-1.610019,2.284025,1.017482,"(0.0570,0.9897,-0.0268,-0.1289)",true,-1.238715,1.985652,0.6257846,"(0.4205,-0.8259,0.1329,-0.3513)",0,0,0,0,0,0,0,true,-1.86522,2.022025,0.809583,"(0.0405,0.9916,0.0850,-0.0891)",0,0,0,0,0,0,0
5,"Environment: 2, FiringMode: 1",13.18338,true,-1.610495,2.283942,1.017593,"(0.0566,0.9894,-0.0267,-0.1307)",true,-1.238897,1.984945,0.6254395,"(0.4240,-0.8250,0.1366,-0.3479)",0,0,0,0,0,0,0,true,-1.864633,2.021398,0.8090339,"(0.0464,0.9913,0.0833,-0.0907)",0,0,0,0,0,0,0
5,"Environment: 2, FiringMode: 1",13.19742,true,-1.610895,2.283828,1.017743,"(0.0561,0.9893,-0.0269,-0.1323)",true,-1.239209,1.984669,0.6253224,"(0.4269,-0.8239,0.1376,-0.3464)",0,0,0,0,0,0,0,true,-1.863539,2.020875,0.8087366,"(0.0567,0.9904,0.0846,-0.0938)",0,0,0,0,0,0,0
5,"Environment: 2, FiringMode: 1",13.21142,true,-1.611326,2.28378,1.017872,"(0.0557,0.9891,-0.0273,-0.1336)",true,-1.23935,1.98481,0.6253024,"(0.4256,-0.8247,0.1361,-0.3467)",0,0,0,0,0,0,0,true,-1.862385,2.020676,0.8087686,"(0.0631,0.9899,0.0861,-0.0934)",0,0,0,0,0,0,0
5,"Environment: 2, FiringMode: 1",13.22528,true,-1.61169,2.28369,1.017935,"(0.0551,0.9889,-0.0274,-0.1350)",true,-1.239432,1.985178,0.6253099,"(0.4236,-0.8257,0.1344,-0.3473)",0,0,0,0,0,0,0,true,-1.861217,2.020757,0.8090746,"(0.0675,0.9894,0.0889,-0.0932)",0,0,0,0,0,0,0
5,"Environment: 2, FiringMode: 1",13.23941,true,-1.612116,2.283828,1.017935,"(0.0546,0.9888,-0.0276,-0.1364)",true,-1.239623,1.984943,0.6251305,"(0.4224,-0.8271,0.1361,-0.3450)",0,0,0,0,0,0,0,true,-1.860213,2.020881,0.8093712,"(0.0715,0.9888,0.0913,-0.0938)",0,0,0,0,0,0,0
5,"Environment: 2, FiringMode: 1",13.25332,true,-1.612584,2.28393,1.017941,"(0.0541,0.9885,-0.0276,-0.1385)",true,-1.239956,1.984605,0.6250582,"(0.4229,-0.8276,0.1381,-0.3423)",0,0,0,0,0,0,0,true,-1.859273,2.0208,0.8095855,"(0.0753,0.9883,0.0933,-0.0941)",0,0,0,0,0,0,0
5,"Environment: 2, FiringMode: 1",13.26712,true,-1.613044,2.283958,1.017949,"(0.0543,0.9882,-0.0271,-0.1404)",true,-1.240326,1.984046,0.6250284,"(0.4243,-0.8274,0.1407,-0.3399)",0,0,0,0,0,0,0,true,-1.858336,2.020564,0.8097633,"(0.0790,0.9881,0.0942,-0.0929)",0,0,0,0,0,0,0
5,"Environment: 2, FiringMode: 1",13.28123,true,-1.613456,2.283988,1.018031,"(0.0544,0.9880,-0.0271,-0.1423)",true,-1.240473,1.983272,0.6247543,"(0.4254,-0.8273,0.1441,-0.3375)",0,0,0,0,0,0,0,true,-1.857478,2.020362,0.8100348,"(0.0825,0.9878,0.0950,-0.0914)",0,0,0,0,0,0,0
5,"Environment: 2, FiringMode: 1",13.2952,true,-1.613717,2.283964,1.018112,"(0.0545,0.9877,-0.0272,-0.1442)",true,-1.240657,1.982634,0.6244848,"(0.4280,-0.8262,0.1466,-0.3357)",0,0,0,0,0,0,0,true,-1.85674,2.020292,0.8103655,"(0.0865,0.9874,0.0970,-0.0908)",0,0,0,0,0,0,0
5,"Environment: 2, FiringMode: 1",13.30858,true,-1.613978,2.283921,1.018174,"(0.0548,0.9874,-0.0274,-0.1458)",true,-1.240949,1.982277,0.6242782,"(0.4326,-0.8237,0.1472,-0.3358)",0,0,0,0,0,0,0,true,-1.856331,2.020324,0.8106159,"(0.0891,0.9868,0.0992,-0.0922)",0,0,0,0,0,0,0
5,"Environment: 2, FiringMode: 1",13.32235,true,-1.614267,2.283895,1.01821,"(0.0550,0.9872,-0.0276,-0.1471)",true,-1.241244,1.982165,0.6241943,"(0.4351,-0.8225,0.1464,-0.3359)",0,0,0,0,0,0,0,true,-1.856078,2.020288,0.8107011,"(0.0910,0.9864,0.1002,-0.0933)",0,0,0,0,0,0,0
5,"Environment: 2, FiringMode: 1",13.3365,true,-1.614521,2.283884,1.018197,"(0.0549,0.9871,-0.0275,-0.1482)",true,-1.241531,1.982268,0.6241565,"(0.4345,-0.8234,0.1452,-0.3350)",0,0,0,0,0,0,0,true,-1.856009,2.020193,0.8106897,"(0.0916,0.9862,0.1002,-0.0942)",0,0,0,0,0,0,0
5,"Environment: 2, FiringMode: 1",13.35043,true,-1.61482,2.283908,1.018152,"(0.0545,0.9869,-0.0273,-0.1492)",true,-1.241583,1.982557,0.6242033,"(0.4325,-0.8248,0.1443,-0.3345)",0,0,0,0,0,0,0,true,-1.856112,2.020211,0.8107159,"(0.0935,0.9858,0.1012,-0.0965)",0,0,0,0,0,0,0
5,"Environment: 2, FiringMode: 1",13.36428,true,-1.615165,2.283919,1.018202,"(0.0545,0.9868,-0.0272,-0.1501)",true,-1.241564,1.982733,0.6242583,"(0.4320,-0.8250,0.1434,-0.3350)",0,0,0,0,0,0,0,true,-1.856265,2.020236,0.810732,"(0.0942,0.9854,0.1020,-0.0983)",0,0,0,0,0,0,0
5,"Environment: 2, FiringMode: 1",13.37837,true,-1.615313,2.283919,1.018206,"(0.0544,0.9866,-0.0270,-0.1512)",true,-1.241412,1.982711,0.6242243,"(0.4319,-0.8249,0.1434,-0.3354)",0,0,0,0,0,0,0,true,-1.856635,2.020177,0.810592,"(0.0924,0.9856,0.1012,-0.0986)",0,0,0,0,0,0,0
5,"Environment: 2, FiringMode: 1",13.39223,true,-1.615458,2.283904,1.018225,"(0.0543,0.9865,-0.0270,-0.1520)",true,-1.241284,1.982655,0.6241862,"(0.4317,-0.8248,0.1436,-0.3356)",0,0,0,0,0,0,0,true,-1.856837,2.020221,0.8105828,"(0.0920,0.9856,0.1017,-0.0988)",0,0,0,0,0,0,0
5,"Environment: 2, FiringMode: 1",13.40598,true,-1.61555,2.283876,1.018249,"(0.0543,0.9864,-0.0271,-0.1526)",true,-1.241292,1.982528,0.6240652,"(0.4322,-0.8247,0.1440,-0.3353)",0,0,0,0,0,0,0,true,-1.857067,2.020424,0.8107162,"(0.0920,0.9853,0.1038,-0.1002)",0,0,0,0,0,0,0
5,"Environment: 2, FiringMode: 1",13.42012,true,-1.615641,2.283843,1.018264,"(0.0541,0.9864,-0.0273,-0.1530)",true,-1.241351,1.982463,0.6240126,"(0.4327,-0.8244,0.1442,-0.3351)",0,0,0,0,0,0,0,true,-1.857428,2.020692,0.8108016,"(0.0903,0.9852,0.1049,-0.1013)",0,0,0,0,0,0,0
5,"Environment: 2, FiringMode: 1",13.43372,true,-1.615717,2.28384,1.018209,"(0.0539,0.9863,-0.0274,-0.1534)",true,-1.241445,1.982448,0.6240027,"(0.4334,-0.8241,0.1441,-0.3349)",0,0,0,0,0,0,0,true,-1.857932,2.020941,0.8108076,"(0.0879,0.9852,0.1053,-0.1027)",0,0,0,0,0,0,0
5,"Environment: 2, FiringMode: 1",13.44754,true,-1.615794,2.283848,1.01814,"(0.0538,0.9863,-0.0275,-0.1535)",true,-1.241479,1.982528,0.6241269,"(0.4332,-0.8244,0.1439,-0.3347)",0,0,0,0,0,0,0,true,-1.858306,2.021012,0.8107171,"(0.0866,0.9852,0.1050,-0.1039)",0,0,0,0,0,0,0
5,"Environment: 2, FiringMode: 1",13.46077,true,-1.615844,2.283845,1.018095,"(0.0535,0.9863,-0.0276,-0.1536)",true,-1.241516,1.982612,0.6242582,"(0.4325,-0.8249,0.1439,-0.3343)",0,0,0,0,0,0,0,true,-1.858503,2.020959,0.8106605,"(0.0857,0.9853,0.1046,-0.1040)",0,0,0,0,0,0,0
5,"Environment: 2, FiringMode: 1",13.47487,true,-1.615862,2.283834,1.01808,"(0.0535,0.9863,-0.0274,-0.1537)",true,-1.241526,1.982657,0.6243162,"(0.4323,-0.8251,0.1439,-0.3341)",0,0,0,0,0,0,0,true,-1.858626,2.020974,0.8106791,"(0.0859,0.9852,0.1051,-0.1045)",0,0,0,0,0,0,0
5,"Environment: 2, FiringMode: 1",13.4886,true,-1.61585,2.283826,1.018061,"(0.0532,0.9863,-0.0271,-0.1536)",true,-1.241514,1.982677,0.6243327,"(0.4321,-0.8252,0.1439,-0.3341)",0,0,0,0,0,0,0,true,-1.858752,2.020959,0.8106589,"(0.0856,0.9853,0.1048,-0.1046)",0,0,0,0,0,0,0
5,"Environment: 2, FiringMode: 1",13.50241,true,-1.615825,2.283831,1.018052,"(0.0533,0.9863,-0.0273,-0.1535)",true,-1.241466,1.98263,0.6242988,"(0.4321,-0.8251,0.1440,-0.3342)",0,0,0,0,0,0,0,true,-1.858903,2.020922,0.810608,"(0.0847,0.9854,0.1041,-0.1045)",0,0,0,0,0,0,0
5,"Environment: 2, FiringMode: 1",13.5166,true,-1.615789,2.283832,1.018065,"(0.0531,0.9864,-0.0273,-0.1532)",true,-1.241385,1.982524,0.6242219,"(0.4321,-0.8251,0.1441,-0.3342)",0,0,0,0,0,0,0,true,-1.858956,2.020909,0.8106252,"(0.0840,0.9856,0.1039,-0.1041)",0,0,0,0,0,0,0
5,"Environment: 2, FiringMode: 1",13.53072,true,-1.615734,2.283855,1.018047,"(0.0531,0.9864,-0.0271,-0.1532)",true,-1.241302,1.982399,0.6241342,"(0.4322,-0.8251,0.1442,-0.3342)",0,0,0,0,0,0,0,true,-1.858903,2.020944,0.8106881,"(0.0839,0.9856,0.1042,-0.1037)",0,0,0,0,0,0,0
5,"Environment: 2, FiringMode: 1",13.54457,true,-1.615687,2.283943,1.017983,"(0.0533,0.9865,-0.0264,-0.1523)",true,-1.241312,1.982398,0.6241258,"(0.4323,-0.8250,0.1442,-0.3342)",0,0,0,0,0,0,0,true,-1.859036,2.021004,0.8107665,"(0.0827,0.9857,0.1044,-0.1034)",0,0,0,0,0,0,0
5,"Environment: 2, FiringMode: 1",13.56022,true,-1.615605,2.284061,1.017918,"(0.0532,0.9866,-0.0254,-0.1518)",true,-1.241357,1.982423,0.6241316,"(0.4324,-0.8250,0.1441,-0.3341)",0,0,0,0,0,0,0,true,-1.859111,2.02101,0.8107864,"(0.0820,0.9858,0.1043,-0.1031)",0,0,0,0,0,0,0
5,"Environment: 2, FiringMode: 1",13.57251,true,-1.615513,2.284185,1.017902,"(0.0533,0.9867,-0.0248,-0.1513)",true,-1.241355,1.982386,0.6241159,"(0.4324,-0.8251,0.1439,-0.3339)",0,0,0,0,0,0,0,true,-1.859094,2.020974,0.8107509,"(0.0821,0.9859,0.1039,-0.1028)",0,0,0,0,0,0,0
5,"Environment: 2, FiringMode: 1",13.58561,true,-1.615424,2.284287,1.017932,"(0.0534,0.9868,-0.0243,-0.1511)",true,-1.241288,1.982295,0.6240844,"(0.4326,-0.8251,0.1440,-0.3337)",0,0,0,0,0,0,0,true,-1.859091,2.020935,0.8107262,"(0.0822,0.9858,0.1038,-0.1029)",0,0,0,0,0,0,0
5,"Environment: 2, FiringMode: 1",13.59962,true,-1.61535,2.284384,1.018,"(0.0537,0.9868,-0.0241,-0.1508)",true,-1.241199,1.982151,0.624043,"(0.4328,-0.8251,0.1442,-0.3334)",0,0,0,0,0,0,0,true,-1.85917,2.020839,0.8106363,"(0.0820,0.9859,0.1031,-0.1029)",0,0,0,0,0,0,0
5,"Environment: 2, FiringMode: 1",13.61326,true,-1.615288,2.284445,1.018093,"(0.0537,0.9868,-0.0238,-0.1507)",true,-1.2412,1.982085,0.6240358,"(0.4330,-0.8250,0.1445,-0.3331)",0,0,0,0,0,0,0,true,-1.859313,2.020714,0.8104903,"(0.0814,0.9861,0.1019,-0.1031)",0,0,0,0,0,0,0
5,"Environment: 2, FiringMode: 1",13.62708,true,-1.615231,2.284506,1.018181,"(0.0537,0.9868,-0.0236,-0.1506)",true,-1.241208,1.982072,0.6240449,"(0.4333,-0.8249,0.1446,-0.3331)",0,0,0,0,0,0,0,true,-1.859485,2.020638,0.8103517,"(0.0809,0.9861,0.1010,-0.1037)",0.01953596,0,0,0,0,0,0
5,"Environment: 2, FiringMode: 1",13.64132,true,-1.615202,2.284615,1.01819,"(0.0536,0.9869,-0.0236,-0.1505)",true,-1.241229,1.982097,0.6240684,"(0.4334,-0.8248,0.1445,-0.3332)",0,0,0,0,0,0,0,true,-1.859545,2.020658,0.8103387,"(0.0805,0.9862,0.1005,-0.1039)",0.03785098,0,0,0,0,0,0
5,"Environment: 2, FiringMode: 1",13.65544,true,-1.615183,2.284729,1.018193,"(0.0536,0.9869,-0.0236,-0.1504)",true,-1.241259,1.982166,0.6241108,"(0.4333,-0.8249,0.1443,-0.3333)",0,0,0,0,0,0,0,true,-1.859532,2.020723,0.8103808,"(0.0804,0.9863,0.1003,-0.1038)",0.0615384,0,0,0,0,0,0
5,"Environment: 2, FiringMode: 1",13.66942,true,-1.615156,2.284808,1.018294,"(0.0536,0.9869,-0.0235,-0.1503)",true,-1.241291,1.982269,0.6241626,"(0.4330,-0.8250,0.1440,-0.3333)",0,0,0,0,0,0,0,true,-1.859598,2.020734,0.8103485,"(0.0798,0.9864,0.0995,-0.1038)",0.1482295,0,0,0,0,0,0
5,"Environment: 2, FiringMode: 1",13.68324,true,-1.615121,2.284869,1.018393,"(0.0536,0.9869,-0.0233,-0.1505)",true,-1.241315,1.982316,0.624191,"(0.4328,-0.8252,0.1438,-0.3333)",0,0,0,0,0,0,0,true,-1.859752,2.020647,0.8102191,"(0.0790,0.9865,0.0986,-0.1041)",0.1982905,0,0,0,0,0,0
5,"Environment: 2, FiringMode: 1",13.69737,true,-1.615106,2.284901,1.01848,"(0.0535,0.9869,-0.0230,-0.1506)",true,-1.241352,1.982327,0.6242119,"(0.4328,-0.8253,0.1437,-0.3330)",0,0,0,0,0,0,0,true,-1.859832,2.020599,0.8101506,"(0.0789,0.9865,0.0982,-0.1043)",0.2620268,0,0,0,0,0,0
5,"Environment: 2, FiringMode: 1",13.71144,true,-1.615111,2.28497,1.018546,"(0.0534,0.9869,-0.0228,-0.1507)",true,-1.241301,1.982216,0.6241255,"(0.4329,-0.8253,0.1438,-0.3328)",0,0,0,0,0,0,0,true,-1.859882,2.02062,0.8101189,"(0.0786,0.9865,0.0979,-0.1048)",0.4253968,0,0,0,0,0,0
5,"Environment: 2, FiringMode: 1",13.72572,true,-1.615108,2.285046,1.018564,"(0.0534,0.9869,-0.0221,-0.1508)",true,-1.241223,1.982053,0.623994,"(0.4332,-0.8252,0.1439,-0.3326)",0,0,0,0,0,0,0,true,-1.859846,2.020703,0.810174,"(0.0785,0.9865,0.0981,-0.1048)",0.5352869,0,0,0,0,0,0
5,"Environment: 2, FiringMode: 1",13.7394,true,-1.615106,2.285112,1.018493,"(0.0531,0.9869,-0.0215,-0.1506)",true,-1.241149,1.981949,0.6239045,"(0.4333,-0.8252,0.1439,-0.3326)",0,0,0,0,0,0,0,true,-1.859807,2.020769,0.8102491,"(0.0786,0.9865,0.0985,-0.1048)",0.6478633,0,0,0,0,0,0
5,"Environment: 2, FiringMode: 1",13.75325,true,-1.615055,2.285159,1.018437,"(0.0530,0.9869,-0.0217,-0.1505)",true,-1.241129,1.981982,0.6239219,"(0.4332,-0.8252,0.1438,-0.3328)",0,0,0,0,0,0,0,true,-1.859735,2.020813,0.8104171,"(0.0780,0.9865,0.0992,-0.1040)",0.8715507,0,0,0,0,0,0
5,"Environment: 2, FiringMode: 1",13.76611,true,-1.615,2.285187,1.018487,"(0.0530,0.9870,-0.0219,-0.1504)",true,-1.241085,1.982042,0.6239418,"(0.4327,-0.8254,0.1437,-0.3329)",0,0,0,0,0,0,0,true,-1.859645,2.020864,0.810511,"(0.0780,0.9865,0.0996,-0.1037)",0.8803419,0,0,0,0,0,0
5,"Environment: 2, FiringMode: 1",13.78022,true,-1.614965,2.285228,1.018555,"(0.0532,0.9870,-0.0220,-0.1501)",true,-1.241043,1.981991,0.6238577,"(0.4325,-0.8255,0.1435,-0.3331)",0,0,0,0,0,0,0,true,-1.859681,2.020884,0.8104491,"(0.0778,0.9865,0.0998,-0.1037)",0.8993895,0,0,0,0,0,0
5,"Environment: 2, FiringMode: 1",13.79414,true,-1.614929,2.285273,1.018613,"(0.0532,0.9870,-0.0217,-0.1500)",true,-1.241015,1.981945,0.6237906,"(0.4323,-0.8256,0.1434,-0.3332)",0,0,0,0,0,0,0,true,-1.859694,2.020893,0.8104206,"(0.0781,0.9864,0.1001,-0.1042)",0.9057387,0,0,0,0,0,0
5,"Environment: 2, FiringMode: 1",13.80822,true,-1.61489,2.28532,1.018655,"(0.0534,0.9870,-0.0213,-0.1499)",true,-1.241008,1.981933,0.6237739,"(0.4322,-0.8256,0.1433,-0.3332)",0,0,0,0,0,0,0,true,-1.859689,2.02088,0.8104003,"(0.0784,0.9864,0.1003,-0.1043)",0.9059829,0,0,0,0,0,0
5,"Environment: 2, FiringMode: 1",13.822,true,-1.614848,2.285356,1.018709,"(0.0532,0.9871,-0.0211,-0.1498)",true,-1.241006,1.981944,0.6237887,"(0.4322,-0.8256,0.1432,-0.3332)",0,0,0,0,0,0,0,true,-1.859661,2.020871,0.8104116,"(0.0786,0.9863,0.1003,-0.1044)",0.9008547,0,0,0,0,0,0
5,"Environment: 2, FiringMode: 1",13.8362,true,-1.61482,2.285428,1.018722,"(0.0532,0.9871,-0.0211,-0.1497)",true,-1.240997,1.981948,0.6238017,"(0.4322,-0.8256,0.1432,-0.3332)",0,0,0,0,0,0,0,true,-1.859609,2.020875,0.8104404,"(0.0788,0.9863,0.1004,-0.1046)",0.9008547,0,0,0,0,0,0
5,"Environment: 2, FiringMode: 1",13.84998,true,-1.614794,2.285506,1.018734,"(0.0533,0.9871,-0.0209,-0.1495)",true,-1.240989,1.981932,0.6237841,"(0.4321,-0.8257,0.1431,-0.3333)",0,0,0,0,0,0,0,true,-1.859567,2.020934,0.8104802,"(0.0789,0.9863,0.1003,-0.1046)",0.8915751,0,0,0,0,0,0
5,"Environment: 2, FiringMode: 1",13.86551,true,-1.61475,2.28559,1.018762,"(0.0533,0.9871,-0.0206,-0.1493)",true,-1.240999,1.98192,0.623762,"(0.4320,-0.8257,0.1429,-0.3334)",0,0,0,0,0,0,0,true,-1.859538,2.021,0.8105245,"(0.0789,0.9863,0.1003,-0.1046)",0.8857143,0,0,0,0,0,0
5,"Environment: 2, FiringMode: 1",13.87785,true,-1.614694,2.285638,1.018821,"(0.0533,0.9872,-0.0202,-0.1491)",true,-1.241029,1.981949,0.6237774,"(0.4319,-0.8258,0.1428,-0.3333)",0,0,0,0,0,0,0,true,-1.859533,2.021044,0.8105665,"(0.0788,0.9863,0.1004,-0.1048)",0.8715507,0,0,0,0,0,0
5,"Environment: 2, FiringMode: 1",13.89162,true,-1.614637,2.285706,1.018862,"(0.0532,0.9872,-0.0200,-0.1487)",true,-1.241065,1.981964,0.6237885,"(0.4319,-0.8259,0.1427,-0.3333)",0,0,0,0,0,0,0,true,-1.85956,2.021073,0.8105798,"(0.0786,0.9862,0.1004,-0.1052)",0.7609279,0,0,0,0,0,0
5,"Environment: 2, FiringMode: 1",13.90556,true,-1.614564,2.285763,1.0189,"(0.0533,0.9873,-0.0197,-0.1484)",true,-1.241084,1.981949,0.6237739,"(0.4320,-0.8259,0.1426,-0.3331)",0,0,0,0,0,0,0,true,-1.859619,2.021085,0.8105654,"(0.0785,0.9862,0.1002,-0.1058)",0.6498169,0,0,0,0,0,0
5,"Environment: 2, FiringMode: 1",13.91875,true,-1.614478,2.285827,1.018929,"(0.0533,0.9874,-0.0196,-0.1479)",true,-1.241023,1.981905,0.623687,"(0.4321,-0.8259,0.1426,-0.3329)",0,0,0,0,0,0,0,true,-1.859693,2.021071,0.8105079,"(0.0787,0.9861,0.0998,-0.1066)",0.5201465,0,0,0,0,0,0
5,"Environment: 2, FiringMode: 1",13.93274,true,-1.614383,2.285881,1.018889,"(0.0531,0.9875,-0.0191,-0.1474)",true,-1.240965,1.981895,0.6236299,"(0.4320,-0.8259,0.1426,-0.3329)",0,0,0,0,0,0,0,true,-1.859774,2.021038,0.810433,"(0.0790,0.9861,0.0993,-0.1076)",0.2295482,0,0,0,0,0,0
5,"Environment: 2, FiringMode: 1",13.94684,true,-1.614257,2.285952,1.018809,"(0.0532,0.9875,-0.0189,-0.1469)",true,-1.240931,1.981984,0.6236497,"(0.4317,-0.8260,0.1423,-0.3332)",0,0,0,0,0,0,0,true,-1.859995,2.020958,0.8103519,"(0.0798,0.9857,0.0988,-0.1107)",0.1194139,0,0,0,0,0,0
5,"Environment: 2, FiringMode: 1",13.96076,true,-1.61415,2.285993,1.018757,"(0.0532,0.9877,-0.0187,-0.1462)",true,-1.240904,1.982093,0.6236878,"(0.4311,-0.8263,0.1420,-0.3334)",0,0,0,0,0,0,0,true,-1.860167,2.020837,0.8099015,"(0.0781,0.9863,0.0965,-0.1089)",0.04273498,0,0,0,0,0,0
5,"Environment: 2, FiringMode: 1",13.97483,true,-1.614051,2.286047,1.018765,"(0.0531,0.9877,-0.0187,-0.1457)",true,-1.240863,1.982062,0.6236482,"(0.4307,-0.8266,0.1419,-0.3334)",0,0,0,0,0,0,0,true,-1.860284,2.020825,0.8097307,"(0.0786,0.9862,0.0954,-0.1101)",0,0,0,0,0,0,0
5,"Environment: 2, FiringMode: 1",13.98865,true,-1.613951,2.286123,1.018753,"(0.0532,0.9878,-0.0182,-0.1454)",true,-1.240799,1.981939,0.6235499,"(0.4306,-0.8266,0.1420,-0.3333)",0,0,0,0,0,0,0,true,-1.860297,2.020876,0.8097296,"(0.0781,0.9862,0.0954,-0.1100)",0,0,0,0,0,0,0
5,"Environment: 2, FiringMode: 1",14.00251,true,-1.61388,2.286181,1.018726,"(0.0532,0.9878,-0.0177,-0.1451)",true,-1.240743,1.98181,0.6234574,"(0.4306,-0.8267,0.1422,-0.3332)",0,0,0,0,0,0,0,true,-1.860276,2.020903,0.8096586,"(0.0783,0.9863,0.0947,-0.1099)",0,0,0,0,0,0,0
5,"Environment: 2, FiringMode: 1",14.01652,true,-1.613801,2.286229,1.018727,"(0.0532,0.9879,-0.0176,-0.1448)",true,-1.240763,1.981726,0.6234422,"(0.4309,-0.8265,0.1425,-0.3329)",0,0,0,0,0,0,0,true,-1.860303,2.020845,0.8095633,"(0.0778,0.9865,0.0941,-0.1095)",0,0,0,0,0,0,0
5,"Environment: 2, FiringMode: 1",14.03045,true,-1.613723,2.28628,1.018723,"(0.0532,0.9879,-0.0177,-0.1446)",true,-1.240799,1.981698,0.6234407,"(0.4311,-0.8265,0.1425,-0.3328)",0,0,0,0,0,0,0,true,-1.860346,2.020781,0.8094243,"(0.0776,0.9866,0.0931,-0.1095)",0,0,0,0,0,0,0
5,"Environment: 2, FiringMode: 1",14.04417,true,-1.613678,2.2863,1.018711,"(0.0534,0.9879,-0.0175,-0.1444)",true,-1.240793,1.981754,0.6234168,"(0.4312,-0.8265,0.1424,-0.3327)",0,0,0,0,0,0,0,true,-1.860437,2.020763,0.8092374,"(0.0772,0.9866,0.0916,-0.1105)",0,0,0,0,0,0,0
5,"Environment: 2, FiringMode: 1",14.05847,true,-1.61363,2.286354,1.018685,"(0.0536,0.9879,-0.0175,-0.1442)",true,-1.240771,1.981836,0.6233972,"(0.4310,-0.8266,0.1423,-0.3326)",0,0,0,0,0,0,0,true,-1.860638,2.020649,0.8088838,"(0.0772,0.9866,0.0891,-0.1126)",0,0,0,0,0,0,0
5,"Environment: 2, FiringMode: 1",14.07165,true,-1.613571,2.286381,1.018684,"(0.0537,0.9880,-0.0172,-0.1441)",true,-1.240709,1.981903,0.6234075,"(0.4306,-0.8269,0.1424,-0.3325)",0,0,0,0,0,0,0,true,-1.860949,2.020357,0.8083144,"(0.0783,0.9864,0.0857,-0.1162)",0,0,0,0,0,0,0
5,"Environment: 2, FiringMode: 1",14.08546,true,-1.613523,2.286394,1.01869,"(0.0536,0.9880,-0.0170,-0.1439)",true,-1.240666,1.981924,0.6234425,"(0.4303,-0.8271,0.1425,-0.3324)",0,0,0,0,0,0,0,true,-1.861265,2.019964,0.8077102,"(0.0795,0.9862,0.0824,-0.1193)",0,0,0,0,0,0,0
5,"Environment: 2, FiringMode: 1",14.09963,true,-1.613469,2.28641,1.018705,"(0.0533,0.9880,-0.0172,-0.1438)",true,-1.240647,1.981947,0.6234646,"(0.4301,-0.8272,0.1425,-0.3324)",0,0,0,0,0,0,0,true,-1.861603,2.019472,0.8070357,"(0.0804,0.9862,0.0783,-0.1220)",0,0,0,0,0,0,0
5,"Environment: 2, FiringMode: 1",14.11379,true,-1.613415,2.28641,1.018723,"(0.0533,0.9881,-0.0172,-0.1436)",true,-1.240673,1.982132,0.6236896,"(0.4298,-0.8274,0.1425,-0.3323)",0,0,0,0,0,0,0,true,-1.861869,2.019056,0.8064362,"(0.0818,0.9860,0.0751,-0.1242)",0,0,0,0,0,0,0
5,"Environment: 2, FiringMode: 1",14.12762,true,-1.613348,2.286412,1.018717,"(0.0532,0.9881,-0.0170,-0.1435)",true,-1.240782,1.982347,0.6239233,"(0.4298,-0.8275,0.1421,-0.3320)",0,0,0,0,0,0,0,true,-1.862054,2.018849,0.8059939,"(0.0826,0.9859,0.0731,-0.1255)",0,0,0,0,0,0,0
5,"Environment: 2, FiringMode: 1",14.14182,true,-1.613274,2.286424,1.018628,"(0.0532,0.9881,-0.0171,-0.1435)",true,-1.241155,1.9827,0.6241884,"(0.4300,-0.8280,0.1403,-0.3313)",0,0,0,0,0,0,0,true,-1.862258,2.018753,0.805622,"(0.0817,0.9861,0.0709,-0.1263)",0,0,0,0,0,0,0
5,"Environment: 2, FiringMode: 1",14.15582,true,-1.613232,2.286433,1.018551,"(0.0532,0.9881,-0.0170,-0.1434)",true,-1.241965,1.983705,0.6247243,"(0.4271,-0.8310,0.1351,-0.3297)",0,0,0,0,0,0,0,true,-1.862511,2.018688,0.805256,"(0.0802,0.9862,0.0688,-0.1273)",0,0,0,0,0,0,0
5,"Environment: 2, FiringMode: 1",14.16971,true,-1.613194,2.286497,1.018532,"(0.0532,0.9881,-0.0171,-0.1433)",true,-1.242344,1.984801,0.6251319,"(0.4205,-0.8356,0.1313,-0.3281)",0,0,0,0,0,0,0,true,-1.862798,2.018558,0.8048049,"(0.0797,0.9862,0.0665,-0.1291)",0,0,0,0,0,0,0
5,"Environment: 2, FiringMode: 1",14.18354,true,-1.613146,2.286566,1.018496,"(0.0532,0.9881,-0.0170,-0.1434)",true,-1.242575,1.985997,0.6255965,"(0.4132,-0.8402,0.1274,-0.3272)",0,0,0,0,0,0,0,true,-1.86322,2.018274,0.8041349,"(0.0795,0.9861,0.0628,-0.1317)",0,0,0,0,0,0,0
5,"Environment: 2, FiringMode: 1",14.19768,true,-1.613113,2.286619,1.018459,"(0.0532,0.9881,-0.0167,-0.1435)",true,-1.242688,1.987048,0.625955,"(0.4070,-0.8441,0.1246,-0.3261)",0,0,0,0,0,0,0,true,-1.86367,2.017917,0.8034239,"(0.0794,0.9860,0.0588,-0.1344)",0,0,0,0,0,0,0
5,"Environment: 2, FiringMode: 1",14.21161,true,-1.61307,2.28668,1.018442,"(0.0530,0.9881,-0.0167,-0.1437)",true,-1.242634,1.988026,0.6263674,"(0.4009,-0.8479,0.1227,-0.3244)",0,0,0,0,0,0,0,true,-1.863952,2.01754,0.8028002,"(0.0799,0.9859,0.0551,-0.1366)",0,0,0,0,0,0,0
5,"Environment: 2, FiringMode: 1",14.22706,true,-1.613005,2.286713,1.018472,"(0.0530,0.9880,-0.0168,-0.1440)",true,-1.242803,1.989483,0.6273271,"(0.3924,-0.8535,0.1213,-0.3206)",0,0,0,0,0,0,0,true,-1.863902,2.017338,0.8024689,"(0.0811,0.9858,0.0531,-0.1373)",0,0,0,0,0,0,0
5,"Environment: 2, FiringMode: 1",14.24116,true,-1.612928,2.286763,1.018511,"(0.0531,0.9880,-0.0168,-0.1441)",true,-1.244059,1.99204,0.6290247,"(0.3778,-0.8641,0.1172,-0.3111)",0,0,0,0,0,0,0,true,-1.863765,2.017276,0.8022928,"(0.0821,0.9856,0.0527,-0.1382)",0,0,0,0,0,0,0
5,"Environment: 2, FiringMode: 1",14.25471,true,-1.612808,2.286898,1.018495,"(0.0533,0.9880,-0.0167,-0.1442)",true,-1.247079,1.99751,0.6324741,"(0.3456,-0.8843,0.1092,-0.2944)",0,0,0,0,0,0,0,true,-1.863399,2.017262,0.8021843,"(0.0835,0.9854,0.0531,-0.1384)",0,0,0,0,0,0,0
5,"Environment: 2, FiringMode: 1",14.2678,true,-1.612677,2.287065,1.018403,"(0.0533,0.9880,-0.0159,-0.1441)",true,-1.250165,2.003351,0.6349493,"(0.3068,-0.9063,0.1044,-0.2713)",0,0,0,0,0,0,0,true,-1.863045,2.017103,0.8019491,"(0.0854,0.9853,0.0522,-0.1386)",0,0,0,0,0,0,0
5,"Environment: 2, FiringMode: 1",14.28184,true,-1.612488,2.287273,1.018286,"(0.0531,0.9880,-0.0152,-0.1439)",true,-1.253472,2.011304,0.6371344,"(0.2610,-0.9286,0.1013,-0.2437)",0,0,0,0,0,0,0,true,-1.862598,2.016815,0.8016919,"(0.0879,0.9852,0.0507,-0.1384)",0,0,0,0,0,0,0
5,"Environment: 2, FiringMode: 1",14.29566,true,-1.612257,2.287447,1.018173,"(0.0532,0.9881,-0.0149,-0.1434)",true,-1.257226,2.020849,0.6399263,"(0.2147,-0.9480,0.0925,-0.2159)",0,0,0,0,0,0,0,true,-1.862321,2.016554,0.8014196,"(0.0900,0.9850,0.0493,-0.1389)",0,0,0,0,0,0,0
5,"Environment: 2, FiringMode: 1",14.3094,true,-1.611972,2.287573,1.018088,"(0.0529,0.9882,-0.0148,-0.1429)",true,-1.262123,2.031443,0.6430171,"(0.1773,-0.9610,0.0812,-0.1959)",0,0,0,0,0,0,0,true,-1.862223,2.016376,0.8011474,"(0.0918,0.9847,0.0486,-0.1402)",0,0,0,0,0,0,0
5,"Environment: 2, FiringMode: 1",14.33691,true,-1.611536,2.287567,1.018074,"(0.0529,0.9884,-0.0146,-0.1415)",true,-1.271116,2.045125,0.6494,"(0.1419,-0.9705,0.0732,-0.1804)",0,0,0,0,0,0,0,true,-1.862469,2.016355,0.8007662,"(0.0913,0.9845,0.0479,-0.1422)",0,0,0,0,0,0,0
5,"Environment: 2, FiringMode: 1",14.35043,true,-1.610647,2.287539,1.017985,"(0.0529,0.9886,-0.0140,-0.1400)",true,-1.284148,2.064648,0.6593926,"(0.0781,-0.9821,0.0578,-0.1612)",0,0,0,0,0,0,0,true,-1.862586,2.016195,0.8000683,"(0.0911,0.9844,0.0457,-0.1435)",0,0,0,0,0,0,0
5,"Environment: 2, FiringMode: 1",14.3638,true,-1.610162,2.287534,1.017934,"(0.0529,0.9888,-0.0138,-0.1389)",true,-1.294058,2.076362,0.6655781,"(0.0503,-0.9855,0.0343,-0.1584)",0,0,0,0,0,0,0,true,-1.862643,2.016181,0.7997966,"(0.0904,0.9845,0.0450,-0.1432)",0,0,0,0,0,0,0
5,"Environment: 2, FiringMode: 1",14.37712,true,-1.609644,2.287418,1.017954,"(0.0533,0.9889,-0.0137,-0.1377)",true,-1.305088,2.08849,0.6712561,"(0.0164,-0.9912,0.0027,-0.1312)",0,0,0,0,0,0,0,true,-1.862639,2.016143,0.7994252,"(0.0901,0.9847,0.0441,-0.1427)",0,0,0,0,0,0,0
5,"Environment: 2, FiringMode: 1",14.3911,true,-1.609096,2.287316,1.017939,"(0.0538,0.9891,-0.0138,-0.1362)",true,-1.317754,2.100965,0.6777139,"(-0.0449,-0.9963,-0.0254,-0.0692)",0,0,0,0,0,0,0,true,-1.862604,2.01606,0.7990568,"(0.0901,0.9847,0.0432,-0.1426)",0,0,0,0,0,0,0
5,"Environment: 2, FiringMode: 1",14.40494,true,-1.608449,2.287229,1.017954,"(0.0545,0.9893,-0.0142,-0.1347)",true,-1.33276,2.112222,0.682862,"(-0.0619,-0.9967,-0.0436,-0.0296)",0,0,0,0,0,0,0,true,-1.862546,2.015901,0.7985073,"(0.0904,0.9848,0.0415,-0.1427)",0,0,0,0,0,0,0
5,"Environment: 2, FiringMode: 1",14.41909,true,-1.607776,2.287092,1.017945,"(0.0551,0.9895,-0.0144,-0.1330)",true,-1.351518,2.121104,0.6865445,"(-0.0237,-0.9989,-0.0412,0.0012)",0,0,0,0,0,0,0,true,-1.862477,2.01571,0.7979552,"(0.0909,0.9847,0.0398,-0.1430)",0,0,0,0,0,0,0
5,"Environment: 2, FiringMode: 1",14.43318,true,-1.607077,2.286941,1.017989,"(0.0558,0.9897,-0.0142,-0.1313)",true,-1.369413,2.128907,0.6918211,"(-0.0151,-0.9980,-0.0419,0.0447)",0,0,0,0,0,0,0,true,-1.862349,2.015541,0.7975473,"(0.0922,0.9846,0.0384,-0.1434)",0,0,0,0,0,0,0
5,"Environment: 2, FiringMode: 1",14.44709,true,-1.606309,2.28693,1.017968,"(0.0564,0.9898,-0.0143,-0.1297)",true,-1.38689,2.135987,0.6986885,"(-0.0009,-0.9961,-0.0550,0.0689)",0,0,0,0,0,0,0,true,-1.862183,2.015417,0.7973685,"(0.0930,0.9846,0.0376,-0.1434)",0,0,0,0,0,0,0
5,"Environment: 2, FiringMode: 1",14.46115,true,-1.605601,2.286816,1.017998,"(0.0569,0.9900,-0.0141,-0.1281)",true,-1.404951,2.140458,0.7051687,"(0.0123,-0.9938,-0.0578,0.0939)",0,0,0,0,0,0,0,true,-1.861899,2.015308,0.7973228,"(0.0941,0.9845,0.0369,-0.1430)",0,0,0,0,0,0,0
5,"Environment: 2, FiringMode: 1",14.47514,true,-1.604891,2.286661,1.018077,"(0.0577,0.9902,-0.0142,-0.1264)",true,-1.421704,2.144228,0.7106688,"(0.0116,-0.9908,-0.0561,0.1223)",0,0,0,0,0,0,0,true,-1.86168,2.01527,0.797424,"(0.0945,0.9846,0.0370,-0.1424)",0,0,0,0,0,0,0
5,"Environment: 2, FiringMode: 1",14.48911,true,-1.604119,2.286526,1.018219,"(0.0586,0.9903,-0.0148,-0.1249)",true,-1.438566,2.145897,0.7162473,"(0.0111,-0.9872,-0.0529,0.1502)",0,0,0,0,0,0,0,true,-1.861482,2.015258,0.7975225,"(0.0951,0.9846,0.0371,-0.1420)",0,0,0,0,0,0,0
5,"Environment: 2, FiringMode: 1",14.50306,true,-1.603453,2.286441,1.01832,"(0.0600,0.9905,-0.0157,-0.1227)",true,-1.455292,2.146709,0.7214938,"(0.0137,-0.9824,-0.0468,0.1803)",0,0,0,0,0,0,0,true,-1.861322,2.015271,0.7976406,"(0.0956,0.9846,0.0374,-0.1418)",0,0,0,0,0,0,0
5,"Environment: 2, FiringMode: 1",14.51707,true,-1.602738,2.286442,1.018365,"(0.0615,0.9907,-0.0163,-0.1206)",true,-1.471979,2.144717,0.7268207,"(0.0249,-0.9772,-0.0369,0.2075)",0,0,0,0,0,0,0,true,-1.861171,2.01527,0.7977737,"(0.0960,0.9846,0.0375,-0.1414)",0,0,0,0,0,0,0
5,"Environment: 2, FiringMode: 1",14.53044,true,-1.602039,2.286484,1.018405,"(0.0629,0.9908,-0.0165,-0.1184)",true,-1.487388,2.143286,0.7319965,"(0.0390,-0.9721,-0.0297,0.2295)",0,0,0,0,0,0,0,true,-1.861052,2.01524,0.7978778,"(0.0965,0.9846,0.0374,-0.1412)",0,0,0,0,0,0,0
5,"Environment: 2, FiringMode: 1",14.54417,true,-1.60145,2.286465,1.018544,"(0.0644,0.9910,-0.0163,-0.1160)",true,-1.501085,2.140373,0.7368735,"(0.0564,-0.9668,-0.0227,0.2483)",0,0,0,0,0,0,0,true,-1.86096,2.015205,0.7979839,"(0.0971,0.9845,0.0374,-0.1411)",0,0,0,0,0,0,0
5,"Environment: 2, FiringMode: 1",14.55825,true,-1.60091,2.286563,1.018606,"(0.0660,0.9912,-0.0159,-0.1136)",true,-1.512984,2.136708,0.7410784,"(0.0788,-0.9611,-0.0156,0.2643)",0,0,0,0,0,0,0,true,-1.860951,2.015198,0.7980711,"(0.0972,0.9845,0.0374,-0.1411)",0,0,0,0,0,0,0
5,"Environment: 2, FiringMode: 1",14.5722,true,-1.600405,2.28666,1.018709,"(0.0673,0.9914,-0.0150,-0.1116)",true,-1.522351,2.13309,0.744263,"(0.1058,-0.9578,-0.0129,0.2671)",0,0,0,0,0,0,0,true,-1.860986,2.01519,0.7981229,"(0.0971,0.9845,0.0374,-0.1411)",0,0,0,0,0,0,0
5,"Environment: 2, FiringMode: 1",14.58606,true,-1.600118,2.286867,1.018837,"(0.0686,0.9915,-0.0146,-0.1095)",true,-1.528413,2.130312,0.7464265,"(0.1247,-0.9580,-0.0120,0.2579)",0,0,0,0,0,0,0,true,-1.861046,2.015162,0.7982301,"(0.0969,0.9845,0.0375,-0.1410)",0,0,0,0,0,0,0
5,"Environment: 2, FiringMode: 1",14.60018,true,-1.599804,2.287077,1.018885,"(0.0700,0.9916,-0.0139,-0.1079)",true,-1.531603,2.128397,0.7468467,"(0.1240,-0.9610,-0.0100,0.2471)",0,0,0,0,0,0,0,true,-1.861119,2.015167,0.7984623,"(0.0966,0.9846,0.0379,-0.1408)",0,0,0,0,0,0,0
5,"Environment: 2, FiringMode: 1",14.61415,true,-1.599555,2.287171,1.019027,"(0.0711,0.9917,-0.0128,-0.1065)",true,-1.533239,2.126733,0.7454307,"(0.1137,-0.9656,-0.0013,0.2338)",0,0,0,0,0,0,0,true,-1.861133,2.015211,0.7987156,"(0.0964,0.9846,0.0381,-0.1405)",0,0,0,0,0,0,0
5,"Environment: 2, FiringMode: 1",14.62788,true,-1.599356,2.287369,1.019068,"(0.0718,0.9918,-0.0119,-0.1049)",true,-1.534969,2.125095,0.7438232,"(0.1051,-0.9690,0.0066,0.2236)",0,0,0,0,0,0,0,true,-1.861104,2.015245,0.7990001,"(0.0964,0.9847,0.0384,-0.1400)",0,0,0,0,0,0,0
5,"Environment: 2, FiringMode: 1",14.64191,true,-1.599149,2.287467,1.01915,"(0.0722,0.9919,-0.0108,-0.1039)",true,-1.537384,2.123158,0.743462,"(0.1155,-0.9700,0.0058,0.2139)",0,0,0,0,0,0,0,true,-1.861023,2.015274,0.7994295,"(0.0965,0.9848,0.0392,-0.1391)",0,0,0,0,0,0,0
5,"Environment: 2, FiringMode: 1",14.6559,true,-1.599091,2.287641,1.019256,"(0.0723,0.9920,-0.0099,-0.1028)",true,-1.539798,2.121067,0.7435351,"(0.1337,-0.9696,0.0020,0.2052)",0,0,0,0,0,0,0,true,-1.860948,2.015295,0.7997174,"(0.0966,0.9849,0.0397,-0.1383)",0,0,0,0,0,0,0
5,"Environment: 2, FiringMode: 1",14.66987,true,-1.599061,2.287832,1.019258,"(0.0723,0.9921,-0.0094,-0.1019)",true,-1.541268,2.118957,0.7429335,"(0.1470,-0.9691,0.0039,0.1978)",0,0,0,0,0,0,0,true,-1.860856,2.015306,0.7999421,"(0.0967,0.9850,0.0401,-0.1374)",0,0,0,0,0,0,0
5,"Environment: 2, FiringMode: 1",14.6853,true,-1.598745,2.28797,1.019331,"(0.0724,0.9922,-0.0087,-0.1013)",true,-1.54161,2.11723,0.7418295,"(0.1532,-0.9700,0.0053,0.1885)",0,0,0,0,0,0,0,true,-1.860788,2.015324,0.800019,"(0.0966,0.9851,0.0402,-0.1368)",0,0,0,0,0,0,0
5,"Environment: 2, FiringMode: 1",14.69923,true,-1.598785,2.288116,1.019321,"(0.0720,0.9923,-0.0081,-0.1009)",true,-1.540839,2.115768,0.7397156,"(0.1542,-0.9725,0.0122,0.1743)",0,0,0,0,0,0,0,true,-1.860785,2.015335,0.7999977,"(0.0964,0.9851,0.0400,-0.1365)",0,0,0,0,0,0,0
5,"Environment: 2, FiringMode: 1",14.71303,true,-1.598779,2.288244,1.019306,"(0.0717,0.9923,-0.0079,-0.1005)",true,-1.541072,2.114873,0.7383913,"(0.1568,-0.9746,0.0105,0.1594)",0,0,0,0,0,0,0,true,-1.860915,2.015244,0.7999126,"(0.0964,0.9851,0.0400,-0.1365)",0,0,0,0,0,0,0
5,"Environment: 2, FiringMode: 1",14.72645,true,-1.59879,2.288324,1.019273,"(0.0712,0.9924,-0.0075,-0.1003)",true,-1.541765,2.114264,0.7374905,"(0.1670,-0.9758,0.0030,0.1414)",0,0,0,0,0,0,0,true,-1.861076,2.015132,0.7998105,"(0.0963,0.9852,0.0399,-0.1364)",0,0,0,0,0,0,0
5,"Environment: 2, FiringMode: 1",14.74018,true,-1.598788,2.288375,1.019235,"(0.0708,0.9925,-0.0070,-0.0999)",true,-1.543331,2.112971,0.7372119,"(0.1825,-0.9748,-0.0015,0.1280)",0,0,0,0,0,0,0,true,-1.86117,2.015078,0.7996768,"(0.0961,0.9852,0.0397,-0.1363)",0,0,0,0,0,0,0
5,"Environment: 2, FiringMode: 1",14.75395,true,-1.598746,2.288381,1.019173,"(0.0702,0.9925,-0.0068,-0.0996)",true,-1.545428,2.111601,0.7376773,"(0.2049,-0.9718,-0.0077,0.1163)",0,0,0,0,0,0,0,true,-1.861206,2.015049,0.7994452,"(0.0961,0.9852,0.0393,-0.1364)",0,0,0,0,0,0,0
5,"Environment: 2, FiringMode: 1",14.76759,true,-1.598639,2.288383,1.019063,"(0.0700,0.9926,-0.0066,-0.0994)",true,-1.547573,2.110724,0.7383687,"(0.2196,-0.9692,-0.0121,0.1108)",0,0,0,0,0,0,0,true,-1.86121,2.015019,0.7992524,"(0.0962,0.9852,0.0389,-0.1363)",0,0,0,0,0,0,0
5,"Environment: 2, FiringMode: 1",14.78151,true,-1.598522,2.288379,1.018896,"(0.0700,0.9926,-0.0068,-0.0988)",true,-1.549727,2.110842,0.7395027,"(0.2229,-0.9681,-0.0169,0.1131)",0,0,0,0,0,0,0,true,-1.8612,2.014966,0.799082,"(0.0963,0.9853,0.0384,-0.1360)",0,0,0,0,0,0,0
5,"Environment: 2, FiringMode: 1",14.795,true,-1.59839,2.288362,1.018716,"(0.0699,0.9926,-0.0067,-0.0987)",true,-1.551707,2.111558,0.7408673,"(0.2172,-0.9684,-0.0206,0.1204)",0,0,0,0,0,0,0,true,-1.861188,2.014913,0.7989312,"(0.0965,0.9853,0.0380,-0.1358)",0,0,0,0,0,0,0
5,"Environment: 2, FiringMode: 1",14.80888,true,-1.598283,2.288352,1.018508,"(0.0702,0.9927,-0.0067,-0.0983)",true,-1.553392,2.112049,0.7421221,"(0.2083,-0.9695,-0.0200,0.1278)",0,0,0,0,0,0,0,true,-1.861186,2.014883,0.7987832,"(0.0966,0.9853,0.0377,-0.1359)",0,0,0,0,0,0,0
5,"Environment: 2, FiringMode: 1",14.82263,true,-1.598144,2.28829,1.018288,"(0.0700,0.9927,-0.0067,-0.0984)",true,-1.555285,2.112374,0.7438588,"(0.2008,-0.9697,-0.0182,0.1379)",0,0,0,0,0,0,0,true,-1.861194,2.014855,0.7985409,"(0.0968,0.9852,0.0373,-0.1361)",0,0,0,0,0,0,0
5,"Environment: 2, FiringMode: 1",14.83607,true,-1.598002,2.288206,1.018108,"(0.0698,0.9927,-0.0070,-0.0983)",true,-1.557557,2.112294,0.7456825,"(0.2028,-0.9685,-0.0207,0.1433)",0,0,0,0,0,0,0,true,-1.861201,2.014845,0.7983862,"(0.0969,0.9852,0.0370,-0.1364)",0,0,0,0,0,0,0
5,"Environment: 2, FiringMode: 1",14.85012,true,-1.597827,2.28806,1.017923,"(0.0697,0.9927,-0.0070,-0.0980)",true,-1.559983,2.112172,0.7475685,"(0.2107,-0.9662,-0.0255,0.1464)",0,0,0,0,0,0,0,true,-1.861168,2.014867,0.7983037,"(0.0968,0.9852,0.0368,-0.1368)",0,0,0,0,0,0,0
5,"Environment: 2, FiringMode: 1",14.86382,true,-1.597616,2.287869,1.017716,"(0.0698,0.9927,-0.0075,-0.0979)",true,-1.562026,2.11251,0.7493823,"(0.2196,-0.9639,-0.0324,0.1470)",0,0,0,0,0,0,0,true,-1.861129,2.014896,0.7982568,"(0.0969,0.9851,0.0366,-0.1373)",0,0,0,0,0,0,0
5,"Environment: 2, FiringMode: 1",14.87793,true,-1.59743,2.287724,1.017511,"(0.0698,0.9927,-0.0082,-0.0977)",true,-1.56295,2.113047,0.7504976,"(0.2198,-0.9639,-0.0331,0.1466)",0,0,0,0,0,0,0,true,-1.861115,2.014891,0.7982056,"(0.0970,0.9851,0.0364,-0.1375)",0,0,0,0,0,0,0
5,"Environment: 2, FiringMode: 1",14.89197,true,-1.597268,2.28754,1.017326,"(0.0700,0.9927,-0.0085,-0.0977)",true,-1.563088,2.113644,0.7510686,"(0.2140,-0.9655,-0.0300,0.1456)",0,0,0,0,0,0,0,true,-1.86109,2.014879,0.7981666,"(0.0973,0.9850,0.0363,-0.1377)",0,0,0,0,0,0,0
5,"Environment: 2, FiringMode: 1",14.90556,true,-1.597021,2.287442,1.017161,"(0.0702,0.9927,-0.0092,-0.0977)",true,-1.563543,2.114176,0.7518751,"(0.2129,-0.9656,-0.0313,0.1458)",0,0,0,0,0,0,0,true,-1.861035,2.014867,0.7981728,"(0.0976,0.9850,0.0362,-0.1378)",0,0,0,0,0,0,0
5,"Environment: 2, FiringMode: 1",14.91954,true,-1.596814,2.287278,1.017063,"(0.0701,0.9927,-0.0100,-0.0978)",true,-1.564323,2.114471,0.7529697,"(0.2183,-0.9644,-0.0369,0.1447)",0,0,0,0,0,0,0,true,-1.860958,2.014863,0.7982215,"(0.0977,0.9850,0.0362,-0.1378)",0,0,0,0,0,0,0
5,"Environment: 2, FiringMode: 1",14.93349,true,-1.5967,2.287151,1.016933,"(0.0702,0.9927,-0.0106,-0.0977)",true,-1.565063,2.114321,0.7539824,"(0.2222,-0.9632,-0.0401,0.1458)",0,0,0,0,0,0,0,true,-1.860884,2.014872,0.7982805,"(0.0979,0.9849,0.0362,-0.1379)",0,0,0,0,0,0,0
5,"Environment: 2, FiringMode: 1",14.94726,true,-1.596516,2.286994,1.016894,"(0.0705,0.9927,-0.0112,-0.0975)",true,-1.565646,2.113945,0.7548141,"(0.2264,-0.9623,-0.0411,0.1449)",0.04420018,0,0,0,0,0,0,true,-1.860844,2.014886,0.7983027,"(0.0980,0.9849,0.0362,-0.1380)",0,0,0,0,0,0,0
5,"Environment: 2, FiringMode: 1",14.96136,true,-1.596314,2.286858,1.016842,"(0.0707,0.9927,-0.0114,-0.0973)",true,-1.565865,2.113379,0.7550809,"(0.2285,-0.9620,-0.0381,0.1445)",0.08278382,0,0,0,0,0,0,true,-1.860802,2.014904,0.7983141,"(0.0981,0.9849,0.0362,-0.1382)",0,0,0,0,0,0,0
5,"Environment: 2, FiringMode: 1",14.97542,true,-1.596093,2.286779,1.016745,"(0.0707,0.9927,-0.0117,-0.0970)",true,-1.566002,2.112993,0.7552751,"(0.2302,-0.9618,-0.0365,0.1439)",0.1699633,0,0,0,0,0,0,true,-1.860785,2.014871,0.7982702,"(0.0983,0.9848,0.0360,-0.1383)",0,0,0,0,0,0,0
5,"Environment: 2, FiringMode: 1",14.9887,true,-1.595882,2.286717,1.016653,"(0.0709,0.9927,-0.0115,-0.0970)",true,-1.566067,2.112777,0.7554483,"(0.2296,-0.9619,-0.0347,0.1446)",0.2112331,0,0,0,0,0,0,true,-1.860779,2.014815,0.7982022,"(0.0984,0.9848,0.0359,-0.1384)",0,0,0,0,0,0,0
5,"Environment: 2, FiringMode: 1",15.00245,true,-1.595679,2.286716,1.016566,"(0.0712,0.9927,-0.0115,-0.0969)",true,-1.565419,2.112943,0.7547506,"(0.2265,-0.9627,-0.0346,0.1441)",0.2605616,0,0,0,0,0,0,true,-1.860744,2.014735,0.7980905,"(0.0988,0.9848,0.0355,-0.1384)",0,0,0,0,0,0,0
5,"Environment: 2, FiringMode: 1",15.01669,true,-1.595488,2.28669,1.016499,"(0.0716,0.9927,-0.0114,-0.0967)",true,-1.565189,2.113055,0.7544549,"(0.2250,-0.9629,-0.0347,0.1446)",0.392674,0,0,0,0,0,0,true,-1.860684,2.014709,0.7980326,"(0.0991,0.9848,0.0353,-0.1383)",0,0,0,0,0,0,0
5,"Environment: 2, FiringMode: 1",15.03063,true,-1.595301,2.286659,1.01652,"(0.0719,0.9927,-0.0115,-0.0965)",true,-1.565923,2.113169,0.755493,"(0.2260,-0.9626,-0.0356,0.1453)",0.4793651,0,0,0,0,0,0,true,-1.86061,2.014678,0.7979596,"(0.0995,0.9848,0.0351,-0.1382)",0,0,0,0,0,0,0
5,"Environment: 2, FiringMode: 1",15.04611,true,-1.595096,2.286594,1.016571,"(0.0723,0.9926,-0.0116,-0.0964)",true,-1.566567,2.113024,0.756062,"(0.2271,-0.9620,-0.0358,0.1469)",0.6471306,0,0,0,0,0,0,true,-1.860594,2.014667,0.7979146,"(0.0996,0.9848,0.0349,-0.1381)",0,0,0,0,0,0,0
5,"Environment: 2, FiringMode: 1",15.05857,true,-1.594916,2.286538,1.016615,"(0.0727,0.9927,-0.0115,-0.0959)",true,-1.567673,2.112507,0.7568597,"(0.2301,-0.9608,-0.0346,0.1509)",0.7318681,0,0,0,0,0,0,true,-1.86058,2.014661,0.7978525,"(0.0996,0.9848,0.0347,-0.1380)",0,0,0,0,0,0,0
5,"Environment: 2, FiringMode: 1",15.0723,true,-1.594763,2.286549,1.016578,"(0.0733,0.9927,-0.0116,-0.0955)",true,-1.568172,2.112236,0.7573303,"(0.2337,-0.9596,-0.0348,0.1525)",0.8102564,0,0,0,0,0,0,true,-1.86057,2.014663,0.7978094,"(0.0996,0.9848,0.0346,-0.1379)",0,0,0,0,0,0,0
5,"Environment: 2, FiringMode: 1",15.08776,true,-1.59465,2.286629,1.016545,"(0.0736,0.9927,-0.0116,-0.0953)",true,-1.568173,2.1126,0.7575362,"(0.2337,-0.9597,-0.0357,0.1518)",0.9159951,0,0,0,0,0,0,true,-1.860535,2.014656,0.7977364,"(0.0997,0.9848,0.0343,-0.1379)",0,0,0,0,0,0,0
5,"Environment: 2, FiringMode: 1",15.09998,true,-1.594548,2.286679,1.016502,"(0.0740,0.9927,-0.0112,-0.0949)",true,-1.56735,2.112849,0.756729,"(0.2295,-0.9611,-0.0349,0.1499)",0.9223443,0,0,0,0,0,0,true,-1.860515,2.014631,0.7976748,"(0.0999,0.9848,0.0340,-0.1379)",0,0,0,0,0,0,0
5,"Environment: 2, FiringMode: 1",15.11381,true,-1.594462,2.286731,1.016432,"(0.0741,0.9927,-0.0107,-0.0947)",true,-1.567247,2.11324,0.7569368,"(0.2273,-0.9617,-0.0347,0.1493)",0.9335775,0,0,0,0,0,0,true,-1.860507,2.014585,0.7976347,"(0.1001,0.9848,0.0338,-0.1378)",0,0,0,0,0,0,0
5,"Environment: 2, FiringMode: 1",15.12883,true,-1.594439,2.286802,1.016389,"(0.0743,0.9927,-0.0103,-0.0944)",true,-1.567137,2.113288,0.7569054,"(0.2276,-0.9617,-0.0351,0.1487)",0.9343101,0,0,0,0,0,0,true,-1.860508,2.014548,0.7976247,"(0.1001,0.9848,0.0337,-0.1377)",0,0,0,0,0,0,0
5,"Environment: 2, FiringMode: 1",15.14071,true,-1.594451,2.286828,1.01638,"(0.0743,0.9927,-0.0100,-0.0941)",true,-1.567143,2.113204,0.7568845,"(0.2281,-0.9615,-0.0352,0.1489)",0.9340659,0,0,0,0,0,0,true,-1.860505,2.014539,0.7976403,"(0.1002,0.9848,0.0338,-0.1376)",0,0,0,0,0,0,0
5,"Environment: 2, FiringMode: 1",15.15483,true,-1.594475,2.286817,1.016415,"(0.0742,0.9928,-0.0100,-0.0940)",true,-1.567247,2.113256,0.7569621,"(0.2284,-0.9614,-0.0352,0.1493)",0.9340659,0,0,0,0,0,0,true,-1.860501,2.014549,0.7976748,"(0.1003,0.9848,0.0338,-0.1376)",0,0,0,0,0,0,0
5,"Environment: 2, FiringMode: 1",15.16884,true,-1.594491,2.286793,1.016453,"(0.0742,0.9928,-0.0108,-0.0938)",true,-1.567522,2.113178,0.7571352,"(0.2287,-0.9610,-0.0350,0.1517)",0.9328449,0,0,0,0,0,0,true,-1.860534,2.014529,0.7976972,"(0.1003,0.9848,0.0339,-0.1376)",0,0,0,0,0,0,0
5,"Environment: 2, FiringMode: 1",15.18272,true,-1.594545,2.286768,1.016507,"(0.0744,0.9928,-0.0108,-0.0936)",true,-1.567705,2.112904,0.7572331,"(0.2282,-0.9606,-0.0340,0.1549)",0.9311355,0,0,0,0,0,0,true,-1.860641,2.014424,0.797652,"(0.1001,0.9849,0.0340,-0.1374)",0,0,0,0,0,0,0
5,"Environment: 2, FiringMode: 1",15.19695,true,-1.594615,2.286787,1.016542,"(0.0743,0.9928,-0.0109,-0.0935)",true,-1.567907,2.112581,0.7572709,"(0.2278,-0.9602,-0.0328,0.1580)",0.9245421,0,0,0,0,0,0,true,-1.860736,2.014335,0.7976053,"(0.1000,0.9849,0.0340,-0.1373)",0,0,0,0,0,0,0
5,"Environment: 2, FiringMode: 1",15.21105,true,-1.594721,2.286824,1.01656,"(0.0741,0.9928,-0.0107,-0.0933)",true,-1.568208,2.112058,0.7572082,"(0.2287,-0.9597,-0.0303,0.1605)",0.9189255,0,0,0,0,0,0,true,-1.86079,2.014303,0.7975957,"(0.0998,0.9849,0.0340,-0.1372)",0,0,0,0,0,0,0
5,"Environment: 2, FiringMode: 1",15.22466,true,-1.594858,2.286857,1.016591,"(0.0738,0.9928,-0.0102,-0.0935)",true,-1.568482,2.111591,0.7570947,"(0.2300,-0.9592,-0.0281,0.1620)",0.8864469,0,0,0,0,0,0,true,-1.860842,2.014319,0.7976238,"(0.0996,0.9849,0.0340,-0.1373)",0,0,0,0,0,0,0
5,"Environment: 2, FiringMode: 1",15.23877,true,-1.595014,2.286875,1.016717,"(0.0735,0.9928,-0.0100,-0.0939)",true,-1.56849,2.11156,0.75709,"(0.2298,-0.9592,-0.0280,0.1621)",0.8520147,0,0,0,0,0,0,true,-1.860887,2.014323,0.7976387,"(0.0994,0.9849,0.0340,-0.1373)",0,0,0,0,0,0,0
5,"Environment: 2, FiringMode: 1",15.2528,true,-1.595208,2.286886,1.016872,"(0.0733,0.9928,-0.0101,-0.0942)",true,-1.568305,2.111783,0.7570377,"(0.2279,-0.9597,-0.0276,0.1622)",0.8046398,0,0,0,0,0,0,true,-1.860912,2.014306,0.797639,"(0.0992,0.9850,0.0340,-0.1373)",0,0,0,0,0,0,0
5,"Environment: 2, FiringMode: 1",15.26647,true,-1.595419,2.286912,1.016978,"(0.0732,0.9928,-0.0102,-0.0946)",true,-1.568103,2.111911,0.7569596,"(0.2255,-0.9602,-0.0257,0.1629)",0.657387,0,0,0,0,0,0,true,-1.860935,2.014294,0.7976488,"(0.0991,0.9850,0.0341,-0.1373)",0,0,0,0,0,0,0
5,"Environment: 2, FiringMode: 1",15.28057,true,-1.595634,2.286943,1.017045,"(0.0729,0.9927,-0.0098,-0.0951)",true,-1.56802,2.112027,0.7569451,"(0.2250,-0.9604,-0.0251,0.1627)",0.5511599,0,0,0,0,0,0,true,-1.860953,2.014309,0.7976809,"(0.0990,0.9850,0.0342,-0.1374)",0,0,0,0,0,0,0
5,"Environment: 2, FiringMode: 1",15.29397,true,-1.595852,2.287003,1.017098,"(0.0728,0.9927,-0.0094,-0.0957)",true,-1.567985,2.112152,0.7570602,"(0.2260,-0.9602,-0.0258,0.1620)",0.3404151,0,0,0,0,0,0,true,-1.860972,2.014327,0.7977335,"(0.0989,0.9850,0.0343,-0.1374)",0,0,0,0,0,0,0
5,"Environment: 2, FiringMode: 1",15.30777,true,-1.596061,2.287047,1.017144,"(0.0725,0.9927,-0.0092,-0.0961)",true,-1.567873,2.112274,0.7572234,"(0.2263,-0.9602,-0.0270,0.1613)",0.2395604,0,0,0,0,0,0,true,-1.860996,2.014284,0.7977459,"(0.0988,0.9850,0.0344,-0.1374)",0,0,0,0,0,0,0
5,"Environment: 2, FiringMode: 1",15.32205,true,-1.596255,2.287083,1.017195,"(0.0723,0.9927,-0.0092,-0.0963)",true,-1.567331,2.112855,0.7574259,"(0.2247,-0.9610,-0.0272,0.1590)",0.1699633,0,0,0,0,0,0,true,-1.861019,2.014225,0.7977629,"(0.0988,0.9850,0.0345,-0.1373)",0,0,0,0,0,0,0
5,"Environment: 2, FiringMode: 1",15.33596,true,-1.596505,2.287143,1.017259,"(0.0719,0.9927,-0.0091,-0.0965)",true,-1.566726,2.113379,0.7576084,"(0.2221,-0.9616,-0.0280,0.1587)",0.04517698,0,0,0,0,0,0,true,-1.86104,2.014184,0.7977973,"(0.0987,0.9850,0.0346,-0.1373)",0,0,0,0,0,0,0
5,"Environment: 2, FiringMode: 1",15.3499,true,-1.596733,2.287202,1.017312,"(0.0714,0.9927,-0.0091,-0.0968)",true,-1.56688,2.113345,0.7574881,"(0.2249,-0.9610,-0.0280,0.1587)",0,0,0,0,0,0,0,true,-1.86105,2.014194,0.7978708,"(0.0987,0.9850,0.0348,-0.1373)",0,0,0,0,0,0,0
5,"Environment: 2, FiringMode: 1",15.36371,true,-1.596908,2.287223,1.017357,"(0.0712,0.9927,-0.0091,-0.0970)",true,-1.566333,2.113772,0.7575559,"(0.2262,-0.9610,-0.0295,0.1566)",0,0,0,0,0,0,0,true,-1.861067,2.014204,0.797938,"(0.0986,0.9850,0.0349,-0.1374)",0,0,0,0,0,0,0
5,"Environment: 2, FiringMode: 1",15.3779,true,-1.597059,2.287203,1.017397,"(0.0710,0.9927,-0.0093,-0.0972)",true,-1.566061,2.113883,0.7575884,"(0.2267,-0.9608,-0.0293,0.1567)",0,0,0,0,0,0,0,true,-1.861142,2.014154,0.7979279,"(0.0985,0.9850,0.0350,-0.1375)",0,0,0,0,0,0,0
5,"Environment: 2, FiringMode: 1",15.39189,true,-1.5972,2.287212,1.01745,"(0.0709,0.9927,-0.0094,-0.0975)",true,-1.565643,2.114156,0.7576311,"(0.2273,-0.9607,-0.0300,0.1564)",0,0,0,0,0,0,0,true,-1.861213,2.014107,0.7979091,"(0.0984,0.9850,0.0350,-0.1375)",0,0,0,0,0,0,0
5,"Environment: 2, FiringMode: 1",15.40566,true,-1.597327,2.287237,1.017459,"(0.0707,0.9927,-0.0091,-0.0977)",true,-1.565264,2.114357,0.7575866,"(0.2267,-0.9608,-0.0302,0.1566)",0,0,0,0,0,0,0,true,-1.861263,2.014091,0.797928,"(0.0983,0.9850,0.0351,-0.1375)",0,0,0,0,0,0,0
5,"Environment: 2, FiringMode: 1",15.41956,true,-1.597455,2.28727,1.017454,"(0.0704,0.9927,-0.0090,-0.0977)",true,-1.564842,2.114548,0.7574633,"(0.2262,-0.9610,-0.0301,0.1564)",0,0,0,0,0,0,0,true,-1.861278,2.014095,0.7979562,"(0.0983,0.9850,0.0352,-0.1375)",0,0,0,0,0,0,0
5,"Environment: 2, FiringMode: 1",15.43359,true,-1.597583,2.287314,1.017517,"(0.0699,0.9927,-0.0089,-0.0981)",true,-1.563748,2.115132,0.7571891,"(0.2257,-0.9613,-0.0311,0.1550)",0,0,0,0,0,0,0,true,-1.861306,2.01409,0.7979717,"(0.0982,0.9850,0.0353,-0.1376)",0,0,0,0,0,0,0
5,"Environment: 2, FiringMode: 1",15.44685,true,-1.597718,2.287349,1.017575,"(0.0700,0.9927,-0.0089,-0.0981)",true,-1.562374,2.115866,0.7568094,"(0.2261,-0.9615,-0.0332,0.1524)",0,0,0,0,0,0,0,true,-1.861348,2.014066,0.7979443,"(0.0981,0.9850,0.0353,-0.1376)",0,0,0,0,0,0,0
5,"Environment: 2, FiringMode: 1",15.461,true,-1.597826,2.287379,1.017606,"(0.0701,0.9927,-0.0088,-0.0982)",true,-1.561208,2.116359,0.7563058,"(0.2261,-0.9619,-0.0342,0.1498)",0,0,0,0,0,0,0,true,-1.861389,2.014042,0.7979142,"(0.0980,0.9850,0.0353,-0.1375)",0,0,0,0,0,0,0
5,"Environment: 2, FiringMode: 1",15.47494,true,-1.597873,2.287399,1.017586,"(0.0700,0.9927,-0.0088,-0.0982)",true,-1.560015,2.116656,0.7556485,"(0.2258,-0.9623,-0.0342,0.1476)",0,0,0,0,0,0,0,true,-1.861411,2.014028,0.7978982,"(0.0978,0.9850,0.0353,-0.1374)",0,0,0,0,0,0,0
5,"Environment: 2, FiringMode: 1",15.48877,true,-1.597904,2.287401,1.017567,"(0.0697,0.9927,-0.0085,-0.0981)",true,-1.558989,2.116772,0.7550132,"(0.2253,-0.9627,-0.0335,0.1460)",0,0,0,0,0,0,0,true,-1.86141,2.014025,0.7978995,"(0.0978,0.9851,0.0353,-0.1373)",0,0,0,0,0,0,0
5,"Environment: 2, FiringMode: 1",15.50255,true,-1.597894,2.287371,1.017545,"(0.0696,0.9927,-0.0086,-0.0981)",true,-1.558049,2.116852,0.7545146,"(0.2253,-0.9628,-0.0334,0.1452)",0,0,0,0,0,0,0,true,-1.861415,2.014007,0.7978895,"(0.0978,0.9851,0.0353,-0.1373)",0,0,0,0,0,0,0
5,"Environment: 2, FiringMode: 1",15.51662,true,-1.597895,2.287339,1.017529,"(0.0696,0.9927,-0.0085,-0.0981)",true,-1.557247,2.116991,0.7541428,"(0.2246,-0.9631,-0.0337,0.1446)",0,0,0,0,0,0,0,true,-1.86143,2.013965,0.7978597,"(0.0980,0.9850,0.0354,-0.1372)",0,0,0,0,0,0,0
5,"Environment: 2, FiringMode: 1",15.53055,true,-1.597914,2.287317,1.017527,"(0.0695,0.9927,-0.0087,-0.0980)",true,-1.555903,2.117297,0.753536,"(0.2235,-0.9636,-0.0335,0.1426)",0,0,0,0,0,0,0,true,-1.861437,2.013919,0.7978281,"(0.0982,0.9850,0.0354,-0.1372)",0,0,0,0,0,0,0
5,"Environment: 2, FiringMode: 1",15.54428,true,-1.597978,2.287317,1.017532,"(0.0696,0.9927,-0.0088,-0.0978)",true,-1.554873,2.117632,0.7531004,"(0.2226,-0.9641,-0.0341,0.1409)",0,0,0,0,0,0,0,true,-1.86143,2.013887,0.7978094,"(0.0983,0.9850,0.0354,-0.1371)",0,0,0,0,0,0,0
5,"Environment: 2, FiringMode: 1",15.55845,true,-1.598012,2.287312,1.017523,"(0.0696,0.9928,-0.0089,-0.0976)",true,-1.553936,2.117925,0.752666,"(0.2227,-0.9643,-0.0345,0.1388)",0,0,0,0,0,0,0,true,-1.861413,2.013878,0.797809,"(0.0983,0.9850,0.0355,-0.1370)",0,0,0,0,0,0,0
5,"Environment: 2, FiringMode: 1",15.57243,true,-1.598013,2.287272,1.017474,"(0.0696,0.9928,-0.0089,-0.0974)",true,-1.553085,2.118177,0.7523001,"(0.2224,-0.9647,-0.0338,0.1368)",0,0,0,0,0,0,0,true,-1.8614,2.013885,0.7978239,"(0.0983,0.9850,0.0356,-0.1371)",0,0,0,0,0,0,0
5,"Environment: 2, FiringMode: 1",15.5864,true,-1.598009,2.287246,1.017417,"(0.0696,0.9928,-0.0090,-0.0975)",true,-1.552443,2.118469,0.7522073,"(0.2232,-0.9646,-0.0347,0.1359)",0,0,0,0,0,0,0,true,-1.861396,2.013904,0.797853,"(0.0983,0.9850,0.0357,-0.1372)",0,0,0,0,0,0,0
5,"Environment: 2, FiringMode: 1",15.59965,true,-1.598001,2.287232,1.017361,"(0.0695,0.9928,-0.0090,-0.0975)",true,-1.552312,2.118694,0.7523946,"(0.2236,-0.9644,-0.0358,0.1365)",0,0,0,0,0,0,0,true,-1.86139,2.01392,0.7978845,"(0.0984,0.9850,0.0358,-0.1373)",0,0,0,0,0,0,0
5,"Environment: 2, FiringMode: 1",15.61369,true,-1.597966,2.287226,1.01729,"(0.0694,0.9928,-0.0089,-0.0974)",true,-1.551884,2.118906,0.7523463,"(0.2226,-0.9646,-0.0358,0.1367)",0,0,0,0,0,0,0,true,-1.861384,2.013909,0.7978988,"(0.0985,0.9850,0.0358,-0.1374)",0,0,0,0,0,0,0
5,"Environment: 2, FiringMode: 1",15.6275,true,-1.597912,2.287198,1.017222,"(0.0694,0.9928,-0.0088,-0.0972)",true,-1.551437,2.11903,0.7522395,"(0.2233,-0.9644,-0.0364,0.1366)",0,0,0,0,0,0,0,true,-1.86138,2.0139,0.7979085,"(0.0985,0.9850,0.0359,-0.1374)",0,0,0,0,0,0,0
5,"Environment: 2, FiringMode: 1",15.64171,true,-1.597834,2.287174,1.017167,"(0.0693,0.9929,-0.0089,-0.0965)",true,-1.550069,2.119535,0.7517965,"(0.2246,-0.9643,-0.0385,0.1350)",0,0,0,0,0,0,0,true,-1.861381,2.013912,0.7979369,"(0.0986,0.9849,0.0359,-0.1374)",0,0,0,0,0,0,0
5,"Environment: 2, FiringMode: 1",15.65568,true,-1.597703,2.287158,1.017097,"(0.0695,0.9929,-0.0089,-0.0958)",true,-1.548717,2.119916,0.7511888,"(0.2248,-0.9645,-0.0387,0.1333)",0,0,0,0,0,0,0,true,-1.861387,2.013934,0.7979673,"(0.0986,0.9849,0.0359,-0.1374)",0,0,0,0,0,0,0
5,"Environment: 2, FiringMode: 1",15.66969,true,-1.597512,2.287146,1.017013,"(0.0693,0.9931,-0.0088,-0.0946)",true,-1.546553,2.120428,0.7501299,"(0.2250,-0.9647,-0.0392,0.1312)",0,0,0,0,0,0,0,true,-1.861396,2.013947,0.797988,"(0.0986,0.9849,0.0359,-0.1374)",0,0,0,0,0,0,0
5,"Environment: 2, FiringMode: 1",15.68352,true,-1.597292,2.28713,1.016927,"(0.0693,0.9932,-0.0086,-0.0932)",true,-1.544077,2.120852,0.7487096,"(0.2256,-0.9649,-0.0399,0.1283)",0,0,0,0,0,0,0,true,-1.861401,2.01394,0.7979862,"(0.0986,0.9849,0.0359,-0.1374)",0,0,0,0,0,0,0
5,"Environment: 2, FiringMode: 1",15.69941,true,-1.597005,2.287116,1.016841,"(0.0695,0.9934,-0.0084,-0.0911)",true,-1.540595,2.121156,0.7466069,"(0.2287,-0.9647,-0.0400,0.1241)",0,0,0,0,0,0,0,true,-1.861411,2.013925,0.7979769,"(0.0986,0.9849,0.0359,-0.1375)",0,0,0,0,0,0,0
5,"Environment: 2, FiringMode: 1",15.71127,true,-1.59674,2.287097,1.016764,"(0.0694,0.9936,-0.0084,-0.0890)",true,-1.536725,2.121485,0.7443072,"(0.2317,-0.9647,-0.0402,0.1189)",0,0,0,0,0,0,0,true,-1.861404,2.013939,0.7980046,"(0.0986,0.9849,0.0359,-0.1375)",0,0,0,0,0,0,0
5,"Environment: 2, FiringMode: 1",15.72464,true,-1.596394,2.287097,1.016678,"(0.0693,0.9938,-0.0081,-0.0861)",true,-1.531355,2.121858,0.7410899,"(0.2339,-0.9652,-0.0397,0.1101)",0,0,0,0,0,0,0,true,-1.861389,2.01396,0.7980474,"(0.0986,0.9849,0.0360,-0.1375)",0,0,0,0,0,0,0
5,"Environment: 2, FiringMode: 1",15.73862,true,-1.595674,2.28718,1.016546,"(0.0690,0.9941,-0.0080,-0.0828)",true,-1.525148,2.122408,0.7372725,"(0.2339,-0.9664,-0.0403,0.0985)",0,0,0,0,0,0,0,true,-1.861373,2.01398,0.7980934,"(0.0986,0.9849,0.0361,-0.1374)",0,0,0,0,0,0,0
5,"Environment: 2, FiringMode: 1",15.75214,true,-1.594943,2.287286,1.016403,"(0.0690,0.9945,-0.0072,-0.0783)",true,-1.517191,2.122864,0.7322448,"(0.2322,-0.9683,-0.0406,0.0825)",0,0,0,0,0,0,0,true,-1.861366,2.013982,0.7981402,"(0.0986,0.9849,0.0362,-0.1373)",0,0,0,0,0,0,0
5,"Environment: 2, FiringMode: 1",15.76599,true,-1.594056,2.287522,1.016149,"(0.0684,0.9950,-0.0064,-0.0725)",true,-1.507519,2.12264,0.7262857,"(0.2341,-0.9696,-0.0382,0.0605)",0,0,0,0,0,0,0,true,-1.861362,2.013974,0.7981951,"(0.0986,0.9850,0.0363,-0.1372)",0,0,0,0,0,0,0
5,"Environment: 2, FiringMode: 1",15.78018,true,-1.593183,2.287596,1.016013,"(0.0675,0.9955,-0.0051,-0.0661)",true,-1.498135,2.1221,0.720691,"(0.2413,-0.9690,-0.0367,0.0375)",0,0,0,0,0,0,0,true,-1.861372,2.013963,0.7982572,"(0.0986,0.9850,0.0364,-0.1370)",0,0,0,0,0,0,0
5,"Environment: 2, FiringMode: 1",15.79431,true,-1.592084,2.287837,1.015726,"(0.0660,0.9961,-0.0036,-0.0586)",true,-1.487471,2.1212,0.7145945,"(0.2537,-0.9666,-0.0355,0.0092)",0,0,0,0,0,0,0,true,-1.861354,2.013955,0.7983625,"(0.0988,0.9850,0.0366,-0.1367)",0,0,0,0,0,0,0
5,"Environment: 2, FiringMode: 1",15.80817,true,-1.590666,2.288226,1.015463,"(0.0649,0.9966,-0.0016,-0.0499)",true,-1.47538,2.119701,0.7081606,"(0.2669,-0.9630,-0.0298,-0.0230)",0,0,0,0,0,0,0,true,-1.861227,2.013951,0.798574,"(0.0990,0.9851,0.0369,-0.1359)",0,0,0,0,0,0,0
5,"Environment: 2, FiringMode: 1",15.8223,true,-1.589218,2.288468,1.015255,"(0.0639,0.9972,0.0011,-0.0398)",true,-1.463463,2.11807,0.7020568,"(0.2740,-0.9601,-0.0234,-0.0513)",0,0,0,0,0,0,0,true,-1.860959,2.013936,0.7988374,"(0.0995,0.9852,0.0371,-0.1348)",0,0,0,0,0,0,0
5,"Environment: 2, FiringMode: 1",15.83633,true,-1.587341,2.288809,1.015059,"(0.0628,0.9976,0.0036,-0.0284)",true,-1.450048,2.115435,0.6955171,"(0.2758,-0.9582,-0.0105,-0.0749)",0,0,0,0,0,0,0,true,-1.859865,2.014016,0.7995015,"(0.0987,0.9859,0.0369,-0.1299)",0,0,0,0,0,0,0
5,"Environment: 2, FiringMode: 1",15.85036,true,-1.58559,2.289157,1.014864,"(0.0607,0.9980,0.0062,-0.0150)",true,-1.437189,2.11292,0.6896453,"(0.2796,-0.9551,-0.0018,-0.0976)",0,0,0,0,0,0,0,true,-1.858145,2.014208,0.7998747,"(0.0983,0.9867,0.0366,-0.1242)",0,0,0,0,0,0,0
5,"Environment: 2, FiringMode: 1",15.86421,true,-1.583542,2.289589,1.014784,"(0.0602,0.9982,0.0087,-0.0005)",true,-1.423027,2.110821,0.6844554,"(0.2802,-0.9523,0.0015,-0.1207)",0,0,0,0,0,0,0,true,-1.854457,2.014048,0.7992799,"(0.1033,0.9873,0.0331,-0.1160)",0,0,0,0,0,0,0
5,"Environment: 2, FiringMode: 1",15.87827,true,-1.581722,2.289901,1.014739,"(0.0586,0.9981,0.0110,0.0145)",true,-1.408886,2.108703,0.6790171,"(0.2736,-0.9512,0.0079,-0.1427)",0,0,0,0,0,0,0,true,-1.849689,2.013431,0.7980411,"(0.1144,0.9872,0.0252,-0.1085)",0,0,0,0,0,0,0
5,"Environment: 2, FiringMode: 1",15.89222,true,-1.579671,2.290186,1.014821,"(0.0567,0.9979,0.0135,0.0291)",true,-1.393894,2.105667,0.6737379,"(0.2658,-0.9486,0.0180,-0.1707)",0,0,0,0,0,0,0,true,-1.842355,2.012415,0.7958808,"(0.1225,0.9875,0.0102,-0.0982)",0,0,0,0,0,0,0
5,"Environment: 2, FiringMode: 1",15.90547,true,-1.577763,2.290301,1.014914,"(0.0538,0.9975,0.0158,0.0435)",true,-1.37927,2.101365,0.6690708,"(0.2658,-0.9430,0.0301,-0.1982)",0,0,0,0,0,0,0,true,-1.834601,2.011616,0.7938149,"(0.1265,0.9883,-0.0068,-0.0854)",0,0,0,0,0,0,0
5,"Environment: 2, FiringMode: 1",15.91943,true,-1.575946,2.290585,1.015162,"(0.0508,0.9969,0.0165,0.0574)",true,-1.36543,2.096043,0.6645006,"(0.2736,-0.9353,0.0449,-0.2200)",0,0,0,0,0,0,0,true,-1.824392,2.011975,0.7917444,"(0.1117,0.9915,-0.0219,-0.0629)",0,0,0,0,0,0,0
5,"Environment: 2, FiringMode: 1",15.93337,true,-1.5741,2.290394,1.015548,"(0.0477,0.9963,0.0177,0.0699)",true,-1.351937,2.090264,0.6603398,"(0.2879,-0.9237,0.0557,-0.2466)",0,0,0,0,0,0,0,true,-1.812266,2.013928,0.7915999,"(0.1175,0.9916,-0.0210,-0.0508)",0,0,0,0,0,0,0
5,"Environment: 2, FiringMode: 1",15.94695,true,-1.572532,2.290372,1.015873,"(0.0447,0.9955,0.0177,0.0817)",true,-1.338518,2.084015,0.6563367,"(0.2998,-0.9119,0.0663,-0.2724)",0,0,0,0,0,0,0,true,-1.797701,2.01789,0.7928194,"(0.1631,0.9856,0.0067,-0.0439)",0,0,0,0,0,0,0
5,"Environment: 2, FiringMode: 1",15.96108,true,-1.571195,2.290382,1.016167,"(0.0421,0.9947,0.0173,0.0921)",true,-1.325228,2.076655,0.6526664,"(0.3083,-0.9012,0.0811,-0.2937)",0,0,0,0,0,0,0,true,-1.784075,2.022648,0.794197,"(0.1925,0.9803,0.0298,-0.0337)",0,0,0,0,0,0,0
5,"Environment: 2, FiringMode: 1",15.97517,true,-1.569926,2.290494,1.016298,"(0.0400,0.9939,0.0173,0.1015)",true,-1.312833,2.067782,0.6498781,"(0.3186,-0.8896,0.0998,-0.3117)",0,0,0,0,0,0,0,true,-1.772048,2.027564,0.7951018,"(0.1975,0.9794,0.0373,-0.0207)",0,0,0,0,0,0,0
5,"Environment: 2, FiringMode: 1",15.98903,true,-1.568397,2.290576,1.016606,"(0.0389,0.9931,0.0178,0.1095)",true,-1.301331,2.05987,0.6475446,"(0.3336,-0.8749,0.1147,-0.3317)",0,0,0,0,0,0,0,true,-1.761081,2.032633,0.7957965,"(0.1907,0.9808,0.0399,-0.0052)",0,0,0,0,0,0,0
5,"Environment: 2, FiringMode: 1",16.00287,true,-1.567264,2.290598,1.016786,"(0.0375,0.9922,0.0182,0.1172)",true,-1.291795,2.052104,0.6464546,"(0.3488,-0.8614,0.1265,-0.3468)",0,0,0,0,0,0,0,true,-1.750474,2.0385,0.7969167,"(0.1767,0.9831,0.0455,0.0122)",0,0,0,0,0,0,0
5,"Environment: 2, FiringMode: 1",16.01705,true,-1.566087,2.290706,1.016945,"(0.0360,0.9914,0.0181,0.1241)",true,-1.282558,2.045376,0.6451355,"(0.3586,-0.8513,0.1360,-0.3580)",0,0,0,0,0,0,0,true,-1.740179,2.043925,0.7980337,"(0.1648,0.9846,0.0499,0.0296)",0,0,0,0,0,0,0
5,"Environment: 2, FiringMode: 1",16.03105,true,-1.564973,2.290737,1.017129,"(0.0346,0.9907,0.0187,0.1303)",true,-1.274339,2.039461,0.6443124,"(0.3632,-0.8457,0.1436,-0.3636)",0,0,0,0,0,0,0,true,-1.730338,2.048791,0.7990102,"(0.1524,0.9862,0.0466,0.0458)",0,0,0,0,0,0,0
5,"Environment: 2, FiringMode: 1",16.04491,true,-1.563755,2.290891,1.017202,"(0.0335,0.9900,0.0197,0.1356)",true,-1.267365,2.034529,0.6441469,"(0.3714,-0.8388,0.1491,-0.3691)",0,0,0,0,0,0,0,true,-1.720375,2.052835,0.8000726,"(0.1458,0.9867,0.0397,0.0600)",0,0,0,0,0,0,0
5,"Environment: 2, FiringMode: 1",16.05852,true,-1.56251,2.291215,1.017192,"(0.0333,0.9892,0.0207,0.1412)",true,-1.260447,2.029846,0.6438074,"(0.3788,-0.8320,0.1530,-0.3753)",0,0,0,0,0,0,0,true,-1.709965,2.056616,0.8011496,"(0.1442,0.9860,0.0372,0.0745)",0,0,0,0,0,0,0
5,"Environment: 2, FiringMode: 1",16.07223,true,-1.561415,2.291424,1.017204,"(0.0327,0.9885,0.0220,0.1461)",true,-1.254629,2.025719,0.6439106,"(0.3842,-0.8278,0.1551,-0.3783)",0,0,0,0,0,0,0,true,-1.699349,2.06004,0.8024516,"(0.1480,0.9844,0.0394,0.0865)",0,0,0,0,0,0,0
5,"Environment: 2, FiringMode: 1",16.08597,true,-1.560152,2.291601,1.017308,"(0.0318,0.9880,0.0229,0.1496)",true,-1.249345,2.021737,0.644219,"(0.3848,-0.8264,0.1594,-0.3790)",0,0,0,0,0,0,0,true,-1.688849,2.062599,0.8041176,"(0.1434,0.9834,0.0358,0.1052)",0,0,0,0,0,0,0
5,"Environment: 2, FiringMode: 1",16.09997,true,-1.558874,2.291704,1.017255,"(0.0307,0.9875,0.0246,0.1529)",true,-1.24483,2.017924,0.6443821,"(0.3902,-0.8232,0.1646,-0.3782)",0,0,0,0,0,0,0,true,-1.67847,2.064293,0.8058326,"(0.1330,0.9827,0.0239,0.1263)",0,0,0,0,0,0,0
5,"Environment: 2, FiringMode: 1",16.11399,true,-1.557719,2.291831,1.017161,"(0.0300,0.9868,0.0267,0.1571)",true,-1.240916,2.014212,0.6442714,"(0.4040,-0.8153,0.1715,-0.3778)",0,0,0,0,0,0,0,true,-1.66754,2.065992,0.8075122,"(0.1206,0.9807,0.0097,0.1538)",0,0,0,0,0,0,0
5,"Environment: 2, FiringMode: 1",16.12746,true,-1.556503,2.292139,1.01715,"(0.0308,0.9860,0.0282,0.1613)",true,-1.23736,2.01089,0.6440123,"(0.4195,-0.8070,0.1755,-0.3768)",0,0,0,0,0,0,0,true,-1.65559,2.067436,0.8097283,"(0.1105,0.9760,-0.0072,0.1873)",0,0,0,0,0,0,0
5,"Environment: 2, FiringMode: 1",16.14158,true,-1.555339,2.292349,1.017335,"(0.0317,0.9852,0.0297,0.1658)",true,-1.234133,2.007852,0.6438004,"(0.4328,-0.8003,0.1774,-0.3753)",0,0,0,0,0,0,0,true,-1.642626,2.06901,0.8128343,"(0.1146,0.9694,-0.0165,0.2166)",0,0,0,0,0,0,0
5,"Environment: 2, FiringMode: 1",16.15527,true,-1.554006,2.292564,1.017558,"(0.0322,0.9842,0.0315,0.1711)",true,-1.231169,2.005056,0.6438432,"(0.4363,-0.7988,0.1790,-0.3736)",0,0,0,0,0,0,0,true,-1.629483,2.07103,0.8168516,"(0.1319,0.9627,-0.0133,0.2358)",0,0,0,0,0,0,0
5,"Environment: 2, FiringMode: 1",16.16926,true,-1.552371,2.292818,1.017817,"(0.0318,0.9831,0.0338,0.1770)",true,-1.228773,2.002786,0.6440963,"(0.4389,-0.7975,0.1786,-0.3735)",0,0,0,0,0,0,0,true,-1.616889,2.07467,0.821175,"(0.1525,0.9564,0.0045,0.2491)",0,0,0,0,0,0,0
5,"Environment: 2, FiringMode: 1",16.18313,true,-1.550736,2.293219,1.018026,"(0.0309,0.9816,0.0361,0.1848)",true,-1.226878,2.001013,0.644356,"(0.4450,-0.7944,0.1750,-0.3746)",0,0,0,0,0,0,0,true,-1.605246,2.079795,0.8246964,"(0.1606,0.9524,0.0236,0.2582)",0,0,0,0,0,0,0
5,"Environment: 2, FiringMode: 1",16.19737,true,-1.549141,2.293556,1.018424,"(0.0293,0.9801,0.0380,0.1925)",true,-1.225203,1.999583,0.6445343,"(0.4493,-0.7919,0.1712,-0.3765)",0,0,0,0,0,0,0,true,-1.594537,2.08549,0.8270489,"(0.1518,0.9511,0.0291,0.2673)",0,0,0,0,0,0,0
5,"Environment: 2, FiringMode: 1",16.21079,true,-1.547623,2.293777,1.018882,"(0.0274,0.9787,0.0397,0.1996)",true,-1.223471,1.998074,0.6445296,"(0.4513,-0.7901,0.1693,-0.3788)",0,0,0,0,0,0,0,true,-1.584028,2.090919,0.8290017,"(0.1407,0.9497,0.0261,0.2785)",0,0,0,0,0,0,0
5,"Environment: 2, FiringMode: 1",16.22463,true,-1.54626,2.294018,1.019302,"(0.0256,0.9773,0.0405,0.2066)",true,-1.222493,1.996626,0.6441115,"(0.4526,-0.7895,0.1682,-0.3789)",0,0,0,0,0,0,0,true,-1.573459,2.095877,0.8311766,"(0.1387,0.9469,0.0277,0.2888)",0,0,0,0,0,0,0
5,"Environment: 2, FiringMode: 1",16.23876,true,-1.544959,2.293994,1.019847,"(0.0246,0.9757,0.0419,0.2136)",true,-1.221772,1.994539,0.6437796,"(0.4579,-0.7879,0.1674,-0.3762)",0,0,0,0,0,0,0,true,-1.563134,2.100239,0.8324831,"(0.1414,0.9448,0.0262,0.2942)",0,0,0,0,0,0,0
5,"Environment: 2, FiringMode: 1",16.25283,true,-1.543623,2.294069,1.020463,"(0.0236,0.9743,0.0419,0.2203)",true,-1.222166,1.992071,0.6435604,"(0.4669,-0.7852,0.1672,-0.3707)",0,0,0,0,0,0,0,true,-1.554167,2.104429,0.832546,"(0.1403,0.9445,0.0206,0.2964)",0,0,0,0,0,0,0
5,"Environment: 2, FiringMode: 1",16.26676,true,-1.542311,2.293973,1.021019,"(0.0223,0.9728,0.0418,0.2266)",true,-1.222888,1.989468,0.6433895,"(0.4717,-0.7841,0.1704,-0.3656)",0,0,0,0,0,0,0,true,-1.545773,2.109,0.832589,"(0.1395,0.9452,0.0208,0.2945)",0,0,0,0,0,0,0
5,"Environment: 2, FiringMode: 1",16.28085,true,-1.540946,2.294276,1.02147,"(0.0211,0.9715,0.0413,0.2325)",true,-1.222834,1.98727,0.6429214,"(0.4725,-0.7844,0.1728,-0.3627)",0,0,0,0,0,0,0,true,-1.53786,2.113715,0.8329372,"(0.1380,0.9456,0.0248,0.2935)",0,0,0,0,0,0,0
5,"Environment: 2, FiringMode: 1",16.2947,true,-1.539571,2.294495,1.021818,"(0.0196,0.9701,0.0422,0.2380)",true,-1.223487,1.985457,0.6422297,"(0.4704,-0.7881,0.1705,-0.3586)",0,0,0,0,0,0,0,true,-1.531115,2.117902,0.8333757,"(0.1395,0.9453,0.0309,0.2932)",0,0,0,0,0,0,0
5,"Environment: 2, FiringMode: 1",16.3085,true,-1.538285,2.29469,1.022211,"(0.0185,0.9687,0.0439,0.2435)",true,-1.224252,1.983454,0.6416233,"(0.4677,-0.7929,0.1691,-0.3521)",0,0,0,0,0,0,0,true,-1.524302,2.121537,0.8340324,"(0.1393,0.9433,0.0329,0.2995)",0,0,0,0,0,0,0
5,"Environment: 2, FiringMode: 1",16.32255,true,-1.536995,2.295032,1.022562,"(0.0180,0.9674,0.0449,0.2486)",true,-1.224756,1.981102,0.6410933,"(0.4637,-0.7974,0.1725,-0.3455)",0,0,0,0,0,0,0,true,-1.51756,2.124995,0.8350773,"(0.1393,0.9402,0.0354,0.3088)",0,0,0,0,0,0,0
5,"Environment: 2, FiringMode: 1",16.33655,true,-1.535596,2.295241,1.023109,"(0.0179,0.9663,0.0459,0.2526)",true,-1.225227,1.97862,0.640524,"(0.4621,-0.7992,0.1787,-0.3403)",0,0,0,0,0,0,0,true,-1.511889,2.12789,0.8361734,"(0.1385,0.9362,0.0364,0.3209)",0,0,0,0,0,0,0
5,"Environment: 2, FiringMode: 1",16.35064,true,-1.534488,2.295508,1.023285,"(0.0176,0.9650,0.0463,0.2576)",true,-1.225771,1.976198,0.6397147,"(0.4639,-0.7983,0.1841,-0.3370)",0,0,0,0,0,0,0,true,-1.50646,2.130639,0.8368163,"(0.1376,0.9335,0.0371,0.3290)",0,0,0,0,0,0,0
5,"Environment: 2, FiringMode: 1",16.36375,true,-1.533239,2.295544,1.023639,"(0.0170,0.9640,0.0475,0.2612)",true,-1.226692,1.974133,0.6388599,"(0.4707,-0.7957,0.1826,-0.3347)",0,0,0,0,0,0,0,true,-1.502128,2.132853,0.8365465,"(0.1398,0.9331,0.0376,0.3292)",0,0,0,0,0,0,0
5,"Environment: 2, FiringMode: 1",16.37783,true,-1.532093,2.295834,1.023617,"(0.0168,0.9628,0.0484,0.2653)",true,-1.227971,1.972272,0.6380053,"(0.4772,-0.7944,0.1833,-0.3281)",0,0,0,0,0,0,0,true,-1.49841,2.1347,0.8357084,"(0.1472,0.9339,0.0424,0.3230)",0,0,0,0,0,0,0
5,"Environment: 2, FiringMode: 1",16.39183,true,-1.530973,2.295994,1.023631,"(0.0169,0.9617,0.0499,0.2691)",true,-1.228895,1.97046,0.6367506,"(0.4823,-0.7905,0.2131,-0.3116)",0,0,0,0,0,0,0,true,-1.494916,2.136317,0.8349733,"(0.1580,0.9341,0.0512,0.3159)",0,0,0,0,0,0,0
5,"Environment: 2, FiringMode: 1",16.40554,true,-1.529942,2.295957,1.023706,"(0.0170,0.9607,0.0511,0.2725)",true,-1.229804,1.969828,0.6356218,"(0.4873,-0.7882,0.2276,-0.2991)",0,0,0,0,0,0,0,true,-1.491589,2.13782,0.8345654,"(0.1671,0.9332,0.0596,0.3126)",0,0,0,0,0,0,0
5,"Environment: 2, FiringMode: 1",16.4197,true,-1.528986,2.296018,1.023665,"(0.0171,0.9597,0.0512,0.2758)",true,-1.230613,1.970478,0.6353759,"(0.4885,-0.7907,0.2209,-0.2956)",0,0,0,0,0,0,0,true,-1.488767,2.139477,0.8343221,"(0.1681,0.9325,0.0638,0.3132)",0,0,0,0,0,0,0
5,"Environment: 2, FiringMode: 1",16.43369,true,-1.527892,2.296154,1.023747,"(0.0171,0.9591,0.0511,0.2779)",true,-1.231163,1.971967,0.6359725,"(0.4851,-0.7939,0.2103,-0.3003)",0,0,0,0,0,0,0,true,-1.486674,2.141044,0.8337945,"(0.1608,0.9326,0.0619,0.3172)",0,0,0,0,0,0,0
5,"Environment: 2, FiringMode: 1",16.44756,true,-1.527001,2.296199,1.023575,"(0.0167,0.9583,0.0513,0.2805)",true,-1.231586,1.973986,0.6368997,"(0.4835,-0.7939,0.1996,-0.3101)",0,0,0,0,0,0,0,true,-1.484244,2.142153,0.832983,"(0.1556,0.9321,0.0558,0.3222)",0,0,0,0,0,0,0
5,"Environment: 2, FiringMode: 1",16.46161,true,-1.526211,2.296082,1.023542,"(0.0171,0.9575,0.0522,0.2831)",true,-1.231896,1.976079,0.6372981,"(0.4833,-0.7931,0.1902,-0.3182)",0,0,0,0,0,0,0,true,-1.481828,2.142624,0.8321348,"(0.1510,0.9310,0.0453,0.3292)",0,0,0,0,0,0,0
5,"Environment: 2, FiringMode: 1",16.47533,true,-1.525343,2.296179,1.023447,"(0.0177,0.9568,0.0521,0.2855)",true,-1.232076,1.977741,0.6373547,"(0.4809,-0.7951,0.1838,-0.3207)",0,0,0,0,0,0,0,true,-1.479225,2.143065,0.8319924,"(0.1487,0.9293,0.0384,0.3360)",0,0,0,0,0,0,0
5,"Environment: 2, FiringMode: 1",16.48922,true,-1.524533,2.296154,1.023341,"(0.0176,0.9562,0.0517,0.2875)",true,-1.232119,1.979104,0.6374453,"(0.4751,-0.7993,0.1788,-0.3216)",0,0,0,0,0,0,0,true,-1.476805,2.142981,0.8327841,"(0.1524,0.9268,0.0364,0.3414)",0,0,0,0,0,0,0
5,"Environment: 2, FiringMode: 1",16.50298,true,-1.523812,2.296066,1.02317,"(0.0177,0.9556,0.0519,0.2895)",true,-1.232288,1.979604,0.6375508,"(0.4720,-0.8014,0.1765,-0.3222)",0,0,0,0,0,0,0,true,-1.474409,2.143222,0.8335251,"(0.1584,0.9246,0.0385,0.3444)",0,0,0,0,0,0,0
5,"Environment: 2, FiringMode: 1",16.5166,true,-1.523038,2.296083,1.02308,"(0.0178,0.9552,0.0518,0.2909)",true,-1.232509,1.979598,0.6376177,"(0.4699,-0.8026,0.1760,-0.3226)",0,0,0,0,0,0,0,true,-1.472547,2.143833,0.8339927,"(0.1624,0.9235,0.0434,0.3449)",0,0,0,0,0,0,0
5,"Environment: 2, FiringMode: 1",16.5305,true,-1.522334,2.295809,1.022936,"(0.0172,0.9548,0.0521,0.2922)",true,-1.232792,1.978839,0.6376247,"(0.4692,-0.8032,0.1788,-0.3204)",0,0,0,0,0,0,0,true,-1.47128,2.144646,0.8338241,"(0.1605,0.9239,0.0451,0.3445)",0,0,0,0,0,0,0
5,"Environment: 2, FiringMode: 1",16.54436,true,-1.521624,2.295614,1.02293,"(0.0170,0.9544,0.0518,0.2935)",true,-1.232781,1.978005,0.6375797,"(0.4722,-0.8015,0.1822,-0.3184)",0,0,0,0,0,0,0,true,-1.469634,2.145226,0.8335135,"(0.1576,0.9238,0.0418,0.3465)",0,0,0,0,0,0,0
5,"Environment: 2, FiringMode: 1",16.5586,true,-1.521028,2.295428,1.022984,"(0.0171,0.9541,0.0507,0.2948)",true,-1.232892,1.97744,0.6375665,"(0.4749,-0.8000,0.1838,-0.3174)",0,0,0,0,0,0,0,true,-1.467882,2.145385,0.8328867,"(0.1553,0.9238,0.0349,0.3481)",0,0,0,0,0,0,0
5,"Environment: 2, FiringMode: 1",16.57256,true,-1.520496,2.295278,1.02305,"(0.0175,0.9538,0.0495,0.2959)",true,-1.23356,1.976666,0.6376642,"(0.4778,-0.7989,0.1846,-0.3153)",0,0,0,0,0,0,0,true,-1.466163,2.145165,0.8318264,"(0.1559,0.9242,0.0281,0.3476)",0,0,0,0,0,0,0
5,"Environment: 2, FiringMode: 1",16.58634,true,-1.519948,2.295156,1.023157,"(0.0177,0.9534,0.0485,0.2971)",true,-1.233617,1.976526,0.6377755,"(0.4772,-0.7995,0.1853,-0.3144)",0,0,0,0,0,0,0,true,-1.464622,2.144873,0.8307294,"(0.1582,0.9250,0.0243,0.3446)",0,0,0,0,0,0,0
5,"Environment: 2, FiringMode: 1",16.60038,true,-1.519424,2.294995,1.023288,"(0.0174,0.9531,0.0475,0.2983)",true,-1.233524,1.976703,0.6379161,"(0.4753,-0.8006,0.1854,-0.3143)",0,0,0,0,0,0,0,true,-1.463344,2.144617,0.8299431,"(0.1618,0.9256,0.0245,0.3414)",0,0,0,0,0,0,0
5,"Environment: 2, FiringMode: 1",16.61563,true,-1.518952,2.294854,1.023425,"(0.0168,0.9528,0.0466,0.2995)",true,-1.233518,1.977106,0.6381282,"(0.4728,-0.8021,0.1843,-0.3149)",0,0,0,0,0,0,0,true,-1.462288,2.144538,0.8299343,"(0.1649,0.9256,0.0283,0.3396)",0,0,0,0,0,0,0
5,"Environment: 2, FiringMode: 1",16.62838,true,-1.518481,2.294765,1.023564,"(0.0168,0.9525,0.0463,0.3006)",true,-1.233482,1.97767,0.6384884,"(0.4701,-0.8037,0.1828,-0.3156)",0,0,0,0,0,0,0,true,-1.461195,2.144558,0.8301612,"(0.1658,0.9248,0.0298,0.3410)",0,0,0,0,0,0,0
5,"Environment: 2, FiringMode: 1",16.6419,true,-1.518047,2.294719,1.023608,"(0.0168,0.9523,0.0462,0.3013)",true,-1.233105,1.978257,0.6389083,"(0.4675,-0.8052,0.1810,-0.3168)",0,0,0,0,0,0,0,true,-1.460386,2.144537,0.8303646,"(0.1649,0.9237,0.0298,0.3446)",0.03687418,0,0,0,0,0,0
5,"Environment: 2, FiringMode: 1",16.6559,true,-1.517662,2.294707,1.023644,"(0.0170,0.9520,0.0465,0.3022)",true,-1.232692,1.978672,0.6392462,"(0.4659,-0.8062,0.1794,-0.3174)",0,0,0,0,0,0,0,true,-1.459961,2.144511,0.8302855,"(0.1636,0.9233,0.0288,0.3464)",0.07277161,0,0,0,0,0,0
5,"Environment: 2, FiringMode: 1",16.66931,true,-1.517305,2.294643,1.023712,"(0.0173,0.9517,0.0470,0.3030)",true,-1.232436,1.979184,0.6396425,"(0.4649,-0.8072,0.1770,-0.3177)",0,0,0,0,0,0,0,true,-1.459936,2.144434,0.8302051,"(0.1633,0.9232,0.0286,0.3467)",0.2349206,0,0,0,0,0,0
5,"Environment: 2, FiringMode: 1",16.68309,true,-1.516976,2.29457,1.023823,"(0.0173,0.9515,0.0473,0.3035)",true,-1.232208,1.980116,0.6403342,"(0.4626,-0.8085,0.1734,-0.3197)",0,0,0,0,0,0,0,true,-1.460174,2.144459,0.8303754,"(0.1633,0.9232,0.0299,0.3465)",0.3738706,0,0,0,0,0,0
5,"Environment: 2, FiringMode: 1",16.69888,true,-1.516757,2.294439,1.023908,"(0.0176,0.9513,0.0476,0.3040)",true,-1.23157,1.981159,0.6409252,"(0.4566,-0.8110,0.1715,-0.3232)",0,0,0,0,0,0,0,true,-1.459729,2.14467,0.8305719,"(0.1639,0.9232,0.0328,0.3461)",0.5643467,0,0,0,0,0,0
5,"Environment: 2, FiringMode: 1",16.71125,true,-1.516572,2.294436,1.023956,"(0.0183,0.9511,0.0474,0.3046)",true,-1.230701,1.982136,0.6415029,"(0.4488,-0.8142,0.1712,-0.3260)",0,0,0,0,0,0,0,true,-1.459178,2.144904,0.8304551,"(0.1653,0.9227,0.0348,0.3466)",0.8905983,0,0,0,0,0,0
5,"Environment: 2, FiringMode: 1",16.72482,true,-1.516353,2.294416,1.024132,"(0.0190,0.9511,0.0475,0.3046)",true,-1.229948,1.983024,0.6420263,"(0.4432,-0.8165,0.1714,-0.3278)",0,0,0,0,0,0,0,true,-1.459925,2.144762,0.8301182,"(0.1646,0.9232,0.0324,0.3458)",0.9235653,0,0,0,0,0,0
5,"Environment: 2, FiringMode: 1",16.73897,true,-1.51617,2.29436,1.024164,"(0.0194,0.9510,0.0476,0.3048)",true,-1.229448,1.983917,0.6425264,"(0.4410,-0.8176,0.1703,-0.3287)",0,0,0,0,0,0,0,true,-1.459668,2.144831,0.8297469,"(0.1646,0.9234,0.0314,0.3455)",0.9660562,0,0,0,0,0,0
5,"Environment: 2, FiringMode: 1",16.7529,true,-1.51578,2.294283,1.024252,"(0.0198,0.9510,0.0479,0.3049)",true,-1.229234,1.984863,0.6429456,"(0.4405,-0.8176,0.1675,-0.3308)",0,0,0,0,0,0,0,true,-1.459425,2.145017,0.8295419,"(0.1644,0.9236,0.0323,0.3448)",0.968254,0,0,0,0,0,0
5,"Environment: 2, FiringMode: 1",16.76818,true,-1.515716,2.294323,1.024299,"(0.0201,0.9510,0.0482,0.3049)",true,-1.229087,1.985862,0.6432916,"(0.4388,-0.8184,0.1632,-0.3332)",0,0,0,0,0,0,0,true,-1.459187,2.145236,0.8293434,"(0.1645,0.9238,0.0334,0.3441)",0.9643468,0,0,0,0,0,0
5,"Environment: 2, FiringMode: 1",16.78076,true,-1.515699,2.294389,1.024363,"(0.0206,0.9510,0.0484,0.3048)",true,-1.229029,1.986782,0.6435571,"(0.4374,-0.8199,0.1580,-0.3339)",0,0,0,0,0,0,0,true,-1.459197,2.145286,0.8291803,"(0.1643,0.9239,0.0335,0.3441)",0.9435897,0,0,0,0,0,0
5,"Environment: 2, FiringMode: 1",16.79462,true,-1.515698,2.294457,1.02441,"(0.0207,0.9510,0.0486,0.3048)",true,-1.228864,1.987537,0.6440086,"(0.4329,-0.8229,0.1533,-0.3345)",0,0,0,0,0,0,0,true,-1.459216,2.145411,0.829035,"(0.1638,0.9239,0.0338,0.3441)",0.9242979,0,0,0,0,0,0
5,"Environment: 2, FiringMode: 1",16.80843,true,-1.515717,2.294491,1.024449,"(0.0205,0.9510,0.0489,0.3047)",true,-1.228685,1.988195,0.6445045,"(0.4285,-0.8255,0.1509,-0.3349)",0,0,0,0,0,0,0,true,-1.459365,2.145703,0.8288471,"(0.1623,0.9244,0.0344,0.3434)",0.8503053,0,0,0,0,0,0
5,"Environment: 2, FiringMode: 1",16.82182,true,-1.515789,2.294569,1.024496,"(0.0206,0.9510,0.0490,0.3047)",true,-1.22848,1.988775,0.6448238,"(0.4238,-0.8281,0.1520,-0.3339)",0,0,0,0,0,0,0,true,-1.459568,2.14595,0.828813,"(0.1613,0.9246,0.0350,0.3434)",0.6752137,0,0,0,0,0,0
5,"Environment: 2, FiringMode: 1",16.83588,true,-1.51584,2.294645,1.024491,"(0.0208,0.9510,0.0491,0.3046)",true,-1.228278,1.98935,0.6449071,"(0.4210,-0.8295,0.1549,-0.3327)",0,0,0,0,0,0,0,true,-1.459888,2.146171,0.8287885,"(0.1607,0.9250,0.0365,0.3425)",0.4669108,0,0,0,0,0,0
5,"Environment: 2, FiringMode: 1",16.84992,true,-1.51591,2.294714,1.024474,"(0.0207,0.9510,0.0492,0.3046)",true,-1.228171,1.990053,0.645009,"(0.4190,-0.8305,0.1550,-0.3328)",0,0,0,0,0,0,0,true,-1.460195,2.146167,0.8287172,"(0.1611,0.9251,0.0376,0.3418)",0.1206349,0,0,0,0,0,0
5,"Environment: 2, FiringMode: 1",16.86373,true,-1.516002,2.294778,1.024485,"(0.0204,0.9510,0.0494,0.3045)",true,-1.228286,1.990873,0.6452879,"(0.4171,-0.8317,0.1525,-0.3333)",0,0,0,0,0,0,0,true,-1.460406,2.145999,0.8286238,"(0.1616,0.9251,0.0374,0.3416)",0.03369957,0,0,0,0,0,0
5,"Environment: 2, FiringMode: 1",16.87784,true,-1.516126,2.294858,1.024498,"(0.0203,0.9510,0.0498,0.3044)",true,-1.22863,1.991592,0.645619,"(0.4130,-0.8346,0.1522,-0.3312)",0,0,0,0,0,0,0,true,-1.460474,2.145836,0.828608,"(0.1622,0.9247,0.0366,0.3423)",0,0,0,0,0,0,0
5,"Environment: 2, FiringMode: 1",16.89178,true,-1.516243,2.294942,1.024489,"(0.0201,0.9510,0.0501,0.3044)",true,-1.229071,1.992424,0.6461939,"(0.4112,-0.8360,0.1499,-0.3311)",0,0,0,0,0,0,0,true,-1.46073,2.145714,0.8286188,"(0.1623,0.9246,0.0366,0.3427)",0,0,0,0,0,0,0
5,"Environment: 2, FiringMode: 1",16.90553,true,-1.516356,2.295034,1.024472,"(0.0200,0.9511,0.0503,0.3040)",true,-1.229458,1.993059,0.6466942,"(0.4072,-0.8388,0.1480,-0.3296)",0,0,0,0,0,0,0,true,-1.461269,2.145374,0.8286407,"(0.1629,0.9242,0.0364,0.3435)",0,0,0,0,0,0,0
5,"Environment: 2, FiringMode: 1",16.91982,true,-1.516475,2.295115,1.024436,"(0.0197,0.9512,0.0508,0.3037)",true,-1.229555,1.99368,0.6470172,"(0.4037,-0.8410,0.1479,-0.3284)",0,0,0,0,0,0,0,true,-1.461879,2.144904,0.8285974,"(0.1633,0.9239,0.0356,0.3442)",0,0,0,0,0,0,0
5,"Environment: 2, FiringMode: 1",16.93337,true,-1.516554,2.295147,1.024428,"(0.0197,0.9513,0.0513,0.3032)",true,-1.229506,1.994182,0.647198,"(0.4006,-0.8426,0.1487,-0.3278)",0,0,0,0,0,0,0,true,-1.462248,2.144612,0.8284683,"(0.1635,0.9238,0.0348,0.3443)",0,0,0,0,0,0,0
5,"Environment: 2, FiringMode: 1",16.9472,true,-1.516675,2.29514,1.024416,"(0.0203,0.9514,0.0511,0.3031)",true,-1.229538,1.994504,0.6472253,"(0.4006,-0.8423,0.1487,-0.3286)",0,0,0,0,0,0,0,true,-1.462439,2.144479,0.8283263,"(0.1632,0.9240,0.0345,0.3440)",0,0,0,0,0,0,0
5,"Environment: 2, FiringMode: 1",16.96137,true,-1.516864,2.295088,1.024424,"(0.0206,0.9516,0.0505,0.3024)",true,-1.229709,1.994658,0.6472461,"(0.4038,-0.8403,0.1484,-0.3300)",0,0,0,0,0,0,0,true,-1.46264,2.144381,0.8282058,"(0.1631,0.9243,0.0348,0.3433)",0,0,0,0,0,0,0
5,"Environment: 2, FiringMode: 1",16.97485,true,-1.517088,2.29503,1.024413,"(0.0206,0.9518,0.0501,0.3019)",true,-1.229532,1.994358,0.6470473,"(0.4068,-0.8386,0.1479,-0.3307)",0,0,0,0,0,0,0,true,-1.463174,2.144111,0.828008,"(0.1628,0.9247,0.0349,0.3423)",0,0,0,0,0,0,0
5,"Environment: 2, FiringMode: 1",16.98885,true,-1.517316,2.294982,1.024389,"(0.0204,0.9520,0.0496,0.3013)",true,-1.229491,1.99515,0.6472107,"(0.4070,-0.8383,0.1453,-0.3325)",0,0,0,0,0,0,0,true,-1.463409,2.144001,0.8279992,"(0.1626,0.9247,0.0348,0.3423)",0,0,0,0,0,0,0
5,"Environment: 2, FiringMode: 1",17.00261,true,-1.517543,2.294958,1.02435,"(0.0203,0.9522,0.0494,0.3006)",true,-1.229337,1.995653,0.6472798,"(0.4037,-0.8400,0.1443,-0.3326)",0,0,0,0,0,0,0,true,-1.463547,2.143933,0.8280328,"(0.1626,0.9247,0.0349,0.3425)",0,0,0,0,0,0,0
5,"Environment: 2, FiringMode: 1",17.01683,true,-1.517782,2.294962,1.024274,"(0.0204,0.9525,0.0496,0.2999)",true,-1.229368,1.996027,0.6473796,"(0.3992,-0.8423,0.1440,-0.3323)",0,0,0,0,0,0,0,true,-1.463737,2.143795,0.8280233,"(0.1626,0.9247,0.0348,0.3426)",0,0,0,0,0,0,0
5,"Environment: 2, FiringMode: 1",17.03086,true,-1.51802,2.294947,1.024192,"(0.0205,0.9527,0.0497,0.2993)",true,-1.229432,1.995655,0.6473688,"(0.3955,-0.8444,0.1467,-0.3301)",0,0,0,0,0,0,0,true,-1.464178,2.143467,0.8279802,"(0.1625,0.9247,0.0343,0.3426)",0,0,0,0,0,0,0
5,"Environment: 2, FiringMode: 1",17.0446,true,-1.518277,2.294898,1.02413,"(0.0205,0.9529,0.0498,0.2986)",true,-1.229525,1.995064,0.6472138,"(0.3948,-0.8453,0.1491,-0.3276)",0,0,0,0,0,0,0,true,-1.464471,2.143334,0.8280097,"(0.1621,0.9248,0.0336,0.3426)",0,0,0,0,0,0,0
5,"Environment: 2, FiringMode: 1",17.05893,true,-1.518561,2.294858,1.024086,"(0.0204,0.9531,0.0493,0.2980)",true,-1.229614,1.994436,0.6469983,"(0.3992,-0.8434,0.1496,-0.3271)",0,0,0,0,0,0,0,true,-1.464559,2.143373,0.8281237,"(0.1620,0.9248,0.0340,0.3425)",0,0,0,0,0,0,0
5,"Environment: 2, FiringMode: 1",17.0728,true,-1.518835,2.294844,1.024049,"(0.0198,0.9533,0.0490,0.2972)",true,-1.22968,1.994186,0.6468961,"(0.4017,-0.8421,0.1493,-0.3275)",0,0,0,0,0,0,0,true,-1.464818,2.14331,0.8283176,"(0.1624,0.9248,0.0345,0.3423)",0,0,0,0,0,0,0
5,"Environment: 2, FiringMode: 1",17.08644,true,-1.519084,2.294851,1.024008,"(0.0197,0.9535,0.0490,0.2966)",true,-1.23007,1.994069,0.6468985,"(0.4039,-0.8411,0.1484,-0.3276)",0,0,0,0,0,0,0,true,-1.465063,2.143288,0.8285819,"(0.1628,0.9247,0.0354,0.3424)",0,0,0,0,0,0,0
5,"Environment: 2, FiringMode: 1",17.10052,true,-1.519323,2.294877,1.023966,"(0.0195,0.9536,0.0488,0.2964)",true,-1.229989,1.994112,0.6467773,"(0.4035,-0.8414,0.1473,-0.3280)",0,0,0,0,0,0,0,true,-1.465176,2.143331,0.8287311,"(0.1627,0.9245,0.0355,0.3427)",0,0,0,0,0,0,0
5,"Environment: 2, FiringMode: 1",17.11451,true,-1.519543,2.294896,1.023969,"(0.0191,0.9538,0.0486,0.2960)",true,-1.229539,1.993922,0.6464408,"(0.4022,-0.8420,0.1474,-0.3278)",0,0,0,0,0,0,0,true,-1.465317,2.143363,0.8288949,"(0.1625,0.9244,0.0353,0.3432)",0,0,0,0,0,0,0
5,"Environment: 2, FiringMode: 1",17.12769,true,-1.51973,2.294914,1.02401,"(0.0189,0.9540,0.0485,0.2954)",true,-1.229273,1.993513,0.6460636,"(0.3994,-0.8439,0.1485,-0.3260)",0,0,0,0,0,0,0,true,-1.465504,2.143387,0.8291043,"(0.1623,0.9242,0.0352,0.3438)",0,0,0,0,0,0,0
5,"Environment: 2, FiringMode: 1",17.14169,true,-1.519929,2.294869,1.02404,"(0.0189,0.9540,0.0488,0.2952)",true,-1.229191,1.993286,0.64595,"(0.3999,-0.8439,0.1497,-0.3248)",0,0,0,0,0,0,0,true,-1.465666,2.143389,0.8292561,"(0.1625,0.9241,0.0353,0.3441)",0,0,0,0,0,0,0
5,"Environment: 2, FiringMode: 1",17.15563,true,-1.520118,2.294887,1.02404,"(0.0194,0.9541,0.0491,0.2948)",true,-1.229192,1.993355,0.6459986,"(0.4018,-0.8428,0.1492,-0.3257)",0,0,0,0,0,0,0,true,-1.465942,2.143359,0.8294708,"(0.1631,0.9239,0.0358,0.3444)",0,0,0,0,0,0,0
5,"Environment: 2, FiringMode: 1",17.16967,true,-1.520289,2.294978,1.023977,"(0.0193,0.9543,0.0494,0.2942)",true,-1.229326,1.99361,0.6461964,"(0.4050,-0.8404,0.1474,-0.3287)",0,0,0,0,0,0,0,true,-1.46625,2.143292,0.8296181,"(0.1638,0.9237,0.0362,0.3445)",0,0,0,0,0,0,0
5,"Environment: 2, FiringMode: 1",17.1835,true,-1.520436,2.295051,1.023893,"(0.0189,0.9545,0.0499,0.2935)",true,-1.228946,1.99361,0.6458987,"(0.4029,-0.8417,0.1472,-0.3280)",0,0,0,0,0,0,0,true,-1.466495,2.143244,0.8296276,"(0.1639,0.9237,0.0366,0.3444)",0,0,0,0,0,0,0
5,"Environment: 2, FiringMode: 1",17.19774,true,-1.520591,2.295147,1.02383,"(0.0189,0.9547,0.0496,0.2929)",true,-1.228667,1.993764,0.6457397,"(0.4016,-0.8424,0.1472,-0.3278)",0,0,0,0,0,0,0,true,-1.466767,2.143192,0.829546,"(0.1638,0.9239,0.0368,0.3439)",0,0,0,0,0,0,0
5,"Environment: 2, FiringMode: 1",17.21163,true,-1.520783,2.295204,1.023804,"(0.0192,0.9548,0.0491,0.2924)",true,-1.228602,1.994384,0.6459394,"(0.4003,-0.8427,0.1466,-0.3287)",0,0,0,0,0,0,0,true,-1.467344,2.143052,0.8293515,"(0.1638,0.9242,0.0371,0.3429)",0,0,0,0,0,0,0
5,"Environment: 2, FiringMode: 1",17.22721,true,-1.52098,2.29522,1.023794,"(0.0195,0.9551,0.0488,0.2917)",true,-1.228636,1.995535,0.6464086,"(0.3985,-0.8434,0.1448,-0.3300)",0,0,0,0,0,0,0,true,-1.46815,2.142745,0.8291057,"(0.1638,0.9247,0.0375,0.3416)",0,0,0,0,0,0,0
5,"Environment: 2, FiringMode: 1",17.23944,true,-1.521131,2.2952,1.023761,"(0.0194,0.9553,0.0488,0.2909)",true,-1.228607,1.996608,0.6468873,"(0.3944,-0.8455,0.1447,-0.3297)",0,0,0,0,0,0,0,true,-1.468804,2.142384,0.8290182,"(0.1643,0.9249,0.0375,0.3410)",0,0,0,0,0,0,0
5,"Environment: 2, FiringMode: 1",17.25282,true,-1.52125,2.295217,1.023694,"(0.0193,0.9555,0.0490,0.2901)",true,-1.228479,1.997357,0.6474135,"(0.3866,-0.8492,0.1470,-0.3285)",0,0,0,0,0,0,0,true,-1.469541,2.141958,0.8289979,"(0.1646,0.9249,0.0372,0.3407)",0,0,0,0,0,0,0
5,"Environment: 2, FiringMode: 1",17.26651,true,-1.521343,2.295303,1.023576,"(0.0189,0.9559,0.0494,0.2888)",true,-1.228348,1.998708,0.6484007,"(0.3760,-0.8527,0.1482,-0.3310)",0,0,0,0,0,0,0,true,-1.471117,2.141145,0.8289622,"(0.1642,0.9252,0.0361,0.3402)",0,0,0,0,0,0,0
5,"Environment: 2, FiringMode: 1",17.2799,true,-1.521441,2.295396,1.02342,"(0.0188,0.9563,0.0499,0.2876)",true,-1.228791,2.000776,0.6493628,"(0.3687,-0.8555,0.1462,-0.3328)",0,0,0,0,0,0,0,true,-1.473106,2.14018,0.8289507,"(0.1632,0.9257,0.0351,0.3395)",0,0,0,0,0,0,0
5,"Environment: 2, FiringMode: 1",17.29401,true,-1.521515,2.295485,1.023215,"(0.0185,0.9569,0.0498,0.2857)",true,-1.230159,2.003982,0.6502606,"(0.3570,-0.8630,0.1423,-0.3279)",0,0,0,0,0,0,0,true,-1.476603,2.138436,0.8292131,"(0.1617,0.9263,0.0337,0.3386)",0,0,0,0,0,0,0
5,"Environment: 2, FiringMode: 1",17.30788,true,-1.5216,2.295539,1.022974,"(0.0187,0.9575,0.0501,0.2833)",true,-1.232317,2.007448,0.6511886,"(0.3416,-0.8732,0.1411,-0.3176)",0,0,0,0,0,0,0,true,-1.479574,2.136818,0.8297238,"(0.1609,0.9266,0.0331,0.3383)",0,0,0,0,0,0,0
5,"Environment: 2, FiringMode: 1",17.32203,true,-1.521703,2.295582,1.022667,"(0.0190,0.9583,0.0501,0.2807)",true,-1.235604,2.012029,0.6524966,"(0.3164,-0.8873,0.1402,-0.3047)",0,0,0,0,0,0,0,true,-1.483032,2.134758,0.8304682,"(0.1602,0.9269,0.0326,0.3379)",0,0,0,0,0,0,0
5,"Environment: 2, FiringMode: 1",17.33599,true,-1.521716,2.295593,1.022326,"(0.0194,0.9592,0.0503,0.2776)",true,-1.239959,2.018309,0.6538609,"(0.2839,-0.9041,0.1336,-0.2900)",0,0,0,0,0,0,0,true,-1.487255,2.131912,0.8313626,"(0.1583,0.9274,0.0313,0.3375)",0,0,0,0,0,0,0
5,"Environment: 2, FiringMode: 1",17.35003,true,-1.521685,2.295619,1.021971,"(0.0200,0.9600,0.0508,0.2747)",true,-1.244378,2.024881,0.6549789,"(0.2600,-0.9171,0.1213,-0.2768)",0,0,0,0,0,0,0,true,-1.491246,2.128802,0.8321131,"(0.1572,0.9276,0.0303,0.3374)",0,0,0,0,0,0,0
5,"Environment: 2, FiringMode: 1",17.36388,true,-1.521482,2.295516,1.021316,"(0.0205,0.9607,0.0512,0.2719)",true,-1.249955,2.032585,0.6561438,"(0.2485,-0.9254,0.1035,-0.2667)",0,0,0,0,0,0,0,true,-1.495646,2.124509,0.8326776,"(0.1568,0.9281,0.0274,0.3366)",0,0,0,0,0,0,0
5,"Environment: 2, FiringMode: 1",17.37809,true,-1.521632,2.295445,1.020771,"(0.0213,0.9616,0.0512,0.2688)",true,-1.255668,2.040299,0.6574403,"(0.2444,-0.9299,0.0877,-0.2606)",0,0,0,0,0,0,0,true,-1.500002,2.120119,0.8330268,"(0.1557,0.9296,0.0241,0.3331)",0,0,0,0,0,0,0
5,"Environment: 2, FiringMode: 1",17.39205,true,-1.521782,2.295185,1.020319,"(0.0230,0.9628,0.0508,0.2644)",true,-1.261329,2.048077,0.6590969,"(0.2333,-0.9361,0.0758,-0.2520)",0,0,0,0,0,0,0,true,-1.504725,2.114771,0.8332827,"(0.1543,0.9323,0.0212,0.3265)",0,0,0,0,0,0,0
5,"Environment: 2, FiringMode: 1",17.40588,true,-1.522051,2.294845,1.019792,"(0.0249,0.9641,0.0499,0.2595)",true,-1.266987,2.05614,0.6613882,"(0.2120,-0.9446,0.0672,-0.2415)",0,0,0,0,0,0,0,true,-1.509535,2.108668,0.833793,"(0.1549,0.9347,0.0208,0.3193)",0,0,0,0,0,0,0
5,"Environment: 2, FiringMode: 1",17.42006,true,-1.522418,2.294304,1.019238,"(0.0277,0.9654,0.0491,0.2547)",true,-1.273285,2.064791,0.6640116,"(0.1911,-0.9533,0.0541,-0.2277)",0,0,0,0,0,0,0,true,-1.514284,2.101817,0.8346199,"(0.1589,0.9361,0.0228,0.3130)",0,0,0,0,0,0,0
5,"Environment: 2, FiringMode: 1",17.43352,true,-1.522504,2.293932,1.018706,"(0.0305,0.9667,0.0479,0.2494)",true,-1.279738,2.073152,0.6664766,"(0.1748,-0.9599,0.0387,-0.2159)",0,0,0,0,0,0,0,true,-1.518988,2.094584,0.8355461,"(0.1650,0.9365,0.0234,0.3086)",0,0,0,0,0,0,0
5,"Environment: 2, FiringMode: 1",17.44719,true,-1.522741,2.29337,1.018128,"(0.0328,0.9680,0.0468,0.2444)",true,-1.286594,2.081366,0.6689638,"(0.1623,-0.9644,0.0250,-0.2073)",0,0,0,0,0,0,0,true,-1.523832,2.086632,0.8363541,"(0.1753,0.9358,0.0247,0.3050)",0,0,0,0,0,0,0
5,"Environment: 2, FiringMode: 1",17.46114,true,-1.523064,2.292964,1.01745,"(0.0358,0.9691,0.0456,0.2398)",true,-1.294175,2.08946,0.6714591,"(0.1555,-0.9674,0.0115,-0.1996)",0,0,0,0,0,0,0,true,-1.52879,2.079063,0.8363483,"(0.1827,0.9362,0.0237,0.2994)",0,0,0,0,0,0,0
5,"Environment: 2, FiringMode: 1",17.47525,true,-1.523514,2.292206,1.016899,"(0.0390,0.9702,0.0451,0.2347)",true,-1.30308,2.097336,0.6743453,"(0.1544,-0.9689,-0.0037,-0.1936)",0,0,0,0,0,0,0,true,-1.533976,2.071533,0.834455,"(0.1844,0.9390,0.0141,0.2900)",0,0,0,0,0,0,0
5,"Environment: 2, FiringMode: 1",17.48918,true,-1.524111,2.291758,1.016168,"(0.0423,0.9714,0.0431,0.2295)",true,-1.312363,2.104585,0.6770452,"(0.1531,-0.9704,-0.0144,-0.1865)",0,0,0,0,0,0,0,true,-1.539319,2.064922,0.8319893,"(0.1804,0.9434,0.0041,0.2781)",0,0,0,0,0,0,0
5,"Environment: 2, FiringMode: 1",17.50293,true,-1.524935,2.290923,1.015673,"(0.0454,0.9730,0.0407,0.2226)",true,-1.322366,2.111223,0.6798376,"(0.1519,-0.9722,-0.0276,-0.1762)",0,0,0,0,0,0,0,true,-1.544989,2.058954,0.8296826,"(0.1731,0.9486,-0.0033,0.2649)",0,0,0,0,0,0,0
5,"Environment: 2, FiringMode: 1",17.5171,true,-1.525667,2.290295,1.015242,"(0.0483,0.9748,0.0367,0.2148)",true,-1.332638,2.117252,0.682664,"(0.1477,-0.9745,-0.0399,-0.1643)",0,0,0,0,0,0,0,true,-1.550673,2.05306,0.8282356,"(0.1718,0.9518,-0.0063,0.2538)",0,0,0,0,0,0,0
5,"Environment: 2, FiringMode: 1",17.53109,true,-1.526578,2.289487,1.014767,"(0.0502,0.9765,0.0331,0.2071)",true,-1.342907,2.122953,0.6854763,"(0.1408,-0.9771,-0.0512,-0.1513)",0,0,0,0,0,0,0,true,-1.556222,2.047123,0.8274279,"(0.1753,0.9532,-0.0083,0.2462)",0,0,0,0,0,0,0
5,"Environment: 2, FiringMode: 1",17.54483,true,-1.527352,2.288621,1.01438,"(0.0515,0.9782,0.0300,0.1989)",true,-1.354192,2.127565,0.6883612,"(0.1314,-0.9806,-0.0594,-0.1330)",0,0,0,0,0,0,0,true,-1.562029,2.041886,0.8269613,"(0.1794,0.9537,-0.0097,0.2411)",0,0,0,0,0,0,0
5,"Environment: 2, FiringMode: 1",17.55851,true,-1.528182,2.288033,1.013981,"(0.0534,0.9798,0.0270,0.1910)",true,-1.365533,2.131805,0.6911343,"(0.1271,-0.9828,-0.0670,-0.1161)",0,0,0,0,0,0,0,true,-1.568008,2.03711,0.8261973,"(0.1781,0.9555,-0.0144,0.2347)",0,0,0,0,0,0,0
5,"Environment: 2, FiringMode: 1",17.57183,true,-1.529346,2.287515,1.013532,"(0.0557,0.9813,0.0242,0.1829)",true,-1.377462,2.134855,0.6937269,"(0.1284,-0.9839,-0.0723,-0.1009)",0,0,0,0,0,0,0,true,-1.57425,2.033293,0.8250687,"(0.1733,0.9584,-0.0227,0.2257)",0,0,0,0,0,0,0
5,"Environment: 2, FiringMode: 1",17.58548,true,-1.530604,2.287021,1.013069,"(0.0584,0.9827,0.0217,0.1742)",true,-1.389525,2.137363,0.6962826,"(0.1310,-0.9845,-0.0783,-0.0868)",0,0,0,0,0,0,0,true,-1.580387,2.029442,0.8240075,"(0.1715,0.9612,-0.0287,0.2143)",0,0,0,0,0,0,0
5,"Environment: 2, FiringMode: 1",17.59939,true,-1.531969,2.286515,1.012725,"(0.0607,0.9843,0.0191,0.1645)",true,-1.401648,2.139199,0.6985472,"(0.1335,-0.9850,-0.0827,-0.0714)",0,0,0,0,0,0,0,true,-1.586621,2.026173,0.8232831,"(0.1734,0.9637,-0.0316,0.2007)",0,0,0,0,0,0,0
5,"Environment: 2, FiringMode: 1",17.61344,true,-1.533379,2.286187,1.012399,"(0.0624,0.9861,0.0165,0.1534)",true,-1.413749,2.140294,0.7004745,"(0.1381,-0.9852,-0.0826,-0.0585)",0,0,0,0,0,0,0,true,-1.593094,2.023681,0.8230485,"(0.1748,0.9664,-0.0319,0.1856)",0,0,0,0,0,0,0
5,"Environment: 2, FiringMode: 1",17.62735,true,-1.534835,2.285877,1.012074,"(0.0641,0.9877,0.0142,0.1416)",true,-1.425921,2.140796,0.7025133,"(0.1394,-0.9861,-0.0798,-0.0434)",0,0,0,0,0,0,0,true,-1.59969,2.02183,0.8233216,"(0.1717,0.9694,-0.0330,0.1724)",0,0,0,0,0,0,0
5,"Environment: 2, FiringMode: 1",17.64156,true,-1.536628,2.285471,1.01173,"(0.0661,0.9894,0.0127,0.1290)",true,-1.438422,2.141278,0.7050964,"(0.1412,-0.9863,-0.0806,-0.0282)",0,0,0,0,0,0,0,true,-1.605939,2.020313,0.824084,"(0.1673,0.9715,-0.0344,0.1642)",0,0,0,0,0,0,0
5,"Environment: 2, FiringMode: 1",17.65547,true,-1.538617,2.28512,1.011383,"(0.0697,0.9906,0.0108,0.1168)",true,-1.451072,2.14194,0.7082525,"(0.1444,-0.9856,-0.0872,-0.0140)",0,0,0,0,0,0,0,true,-1.611927,2.018919,0.825297,"(0.1635,0.9729,-0.0352,0.1598)",0,0,0,0,0,0,0
5,"Environment: 2, FiringMode: 1",17.66957,true,-1.540443,2.28475,1.011258,"(0.0729,0.9920,0.0083,0.1032)",true,-1.46325,2.142591,0.7116107,"(0.1358,-0.9861,-0.0954,0.0042)",0,0,0,0,0,0,0,true,-1.617751,2.017797,0.8267105,"(0.1610,0.9737,-0.0357,0.1572)",0,0,0,0,0,0,0
5,"Environment: 2, FiringMode: 1",17.68335,true,-1.542489,2.284443,1.011208,"(0.0755,0.9931,0.0063,0.0898)",true,-1.475002,2.14271,0.7148274,"(0.1202,-0.9877,-0.0958,0.0271)",0,0,0,0,0,0,0,true,-1.62375,2.01735,0.8279687,"(0.1580,0.9750,-0.0343,0.1528)",0,0,0,0,0,0,0
5,"Environment: 2, FiringMode: 1",17.69741,true,-1.544539,2.284428,1.011186,"(0.0780,0.9940,0.0039,0.0765)",true,-1.486895,2.14204,0.7178856,"(0.1077,-0.9881,-0.0948,0.0556)",0,0,0,0,0,0,0,true,-1.630554,2.018115,0.8287957,"(0.1504,0.9780,-0.0295,0.1415)",0,0,0,0,0,0,0
5,"Environment: 2, FiringMode: 1",17.71148,true,-1.546689,2.284656,1.011225,"(0.0801,0.9947,0.0017,0.0640)",true,-1.498516,2.141393,0.7205905,"(0.1020,-0.9874,-0.0939,0.0766)",0,0,0,0,0,0,0,true,-1.637673,2.018818,0.8292215,"(0.1420,0.9814,-0.0249,0.1270)",0,0,0,0,0,0,0
5,"Environment: 2, FiringMode: 1",17.72533,true,-1.548684,2.284687,1.011147,"(0.0800,0.9955,0.0006,0.0510)",true,-1.509264,2.140604,0.7228776,"(0.0961,-0.9868,-0.0919,0.0926)",0,0,0,0,0,0,0,true,-1.645293,2.01985,0.8293964,"(0.1342,0.9848,-0.0188,0.1087)",0,0,0,0,0,0,0
5,"Environment: 2, FiringMode: 1",17.73848,true,-1.550424,2.284668,1.011119,"(0.0789,0.9962,0.0003,0.0376)",true,-1.518585,2.140278,0.7240247,"(0.0750,-0.9881,-0.0875,0.1020)",0,0,0,0,0,0,0,true,-1.653137,2.020752,0.829752,"(0.1277,0.9876,-0.0120,0.0900)",0,0,0,0,0,0,0
5,"Environment: 2, FiringMode: 1",17.75256,true,-1.552055,2.284675,1.011154,"(0.0774,0.9967,0.0001,0.0246)",true,-1.527252,2.140046,0.7241538,"(0.0504,-0.9897,-0.0767,0.1096)",0,0,0,0,0,0,0,true,-1.660757,2.021296,0.8302664,"(0.1225,0.9896,-0.0080,0.0745)",0,0,0,0,0,0,0
5,"Environment: 2, FiringMode: 1",17.76642,true,-1.553593,2.284984,1.011347,"(0.0759,0.9970,-0.0004,0.0129)",true,-1.535738,2.139388,0.7222626,"(0.0107,-0.9893,-0.0506,0.1364)",0.03125757,0,0,0,0,0,0,true,-1.668236,2.021986,0.8306307,"(0.1191,0.9908,-0.0066,0.0635)",0,0,0,0,0,0,0
5,"Environment: 2, FiringMode: 1",17.78042,true,-1.555092,2.285187,1.011575,"(0.0754,0.9971,-0.0010,0.0026)",true,-1.546337,2.138388,0.7208921,"(-0.0065,-0.9852,-0.0313,0.1683)",0.05177039,0,0,0,0,0,0,true,-1.675764,2.023081,0.8307221,"(0.1120,0.9922,-0.0059,0.0539)",0,0,0,0,0,0,0
5,"Environment: 2, FiringMode: 1",17.79462,true,-1.556395,2.285091,1.012016,"(0.0758,0.9971,-0.0014,-0.0062)",true,-1.558517,2.138424,0.7196631,"(0.0085,-0.9835,-0.0253,0.1791)",0.05225879,0,0,0,0,0,0,true,-1.683872,2.025307,0.8304136,"(0.0965,0.9943,-0.0048,0.0450)",0,0,0,0,0,0,0
5,"Environment: 2, FiringMode: 1",17.8083,true,-1.557599,2.285089,1.012447,"(0.0748,0.9971,-0.0023,-0.0144)",true,-1.570384,2.138494,0.7190011,"(0.0442,-0.9842,-0.0294,0.1688)",0.04420018,0,0,0,0,0,0,true,-1.692451,2.027767,0.8302472,"(0.0776,0.9963,-0.0010,0.0366)",0,0,0,0,0,0,0
5,"Environment: 2, FiringMode: 1",17.82248,true,-1.558427,2.285363,1.012837,"(0.0716,0.9972,-0.0022,-0.0231)",true,-1.580771,2.138623,0.7170859,"(0.0787,-0.9863,-0.0324,0.1412)",0.01660556,0,0,0,0,0,0,true,-1.700521,2.029929,0.8294555,"(0.0670,0.9975,-0.0041,0.0226)",0,0,0,0,0,0,0
5,"Environment: 2, FiringMode: 1",17.83642,true,-1.559248,2.285735,1.013175,"(0.0679,0.9972,-0.0016,-0.0318)",true,-1.590521,2.141072,0.7127334,"(0.0866,-0.9876,-0.0321,0.1271)",0,0,0,0,0,0,0,true,-1.708869,2.032024,0.8288665,"(0.0588,0.9982,-0.0067,0.0075)",0,0,0,0,0,0,0
5,"Environment: 2, FiringMode: 1",17.85038,true,-1.560189,2.286105,1.013724,"(0.0660,0.9970,-0.0011,-0.0395)",true,-1.599024,2.145409,0.7054633,"(0.0505,-0.9865,-0.0203,0.1546)",0,0,0,0,0,0,0,true,-1.716938,2.034215,0.8293004,"(0.0511,0.9987,-0.0002,-0.0060)",0,0,0,0,0,0,0
5,"Environment: 2, FiringMode: 1",17.8641,true,-1.56134,2.286553,1.014504,"(0.0662,0.9967,-0.0020,-0.0462)",true,-1.606092,2.149525,0.6979147,"(0.0132,-0.9843,-0.0157,0.1752)",0,0,0,0,0,0,0,true,-1.723826,2.036588,0.829875,"(0.0518,0.9985,0.0073,-0.0174)",0,0,0,0,0,0,0
5,"Environment: 2, FiringMode: 1",17.87826,true,-1.562503,2.286895,1.01529,"(0.0669,0.9964,-0.0025,-0.0526)",true,-1.613361,2.150907,0.6917278,"(0.0162,-0.9861,-0.0092,0.1648)",0,0,0,0,0,0,0,true,-1.730502,2.038787,0.8301467,"(0.0569,0.9978,0.0124,-0.0318)",0,0,0,0,0,0,0
5,"Environment: 2, FiringMode: 1",17.89161,true,-1.563578,2.287619,1.015887,"(0.0683,0.9960,-0.0019,-0.0582)",true,-1.620159,2.151799,0.6848018,"(0.0244,-0.9870,-0.0003,0.1589)",0,0,0,0,0,0,0,true,-1.73711,2.040871,0.8301895,"(0.0629,0.9968,0.0167,-0.0472)",0,0,0,0,0,0,0
5,"Environment: 2, FiringMode: 1",17.90536,true,-1.564601,2.288637,1.0162,"(0.0687,0.9956,0.0006,-0.0630)",true,-1.626993,2.15338,0.6766182,"(0.0203,-0.9859,0.0189,0.1649)",0,0,0,0,0,0,0,true,-1.743768,2.042802,0.8300006,"(0.0649,0.9960,0.0162,-0.0599)",0,0,0,0,0,0,0
5,"Environment: 2, FiringMode: 1",17.91926,true,-1.565611,2.28967,1.016564,"(0.0671,0.9955,0.0038,-0.0674)",true,-1.632877,2.156184,0.6685733,"(0.0154,-0.9861,0.0306,0.1623)",0,0,0,0,0,0,0,true,-1.7506,2.044403,0.8292838,"(0.0561,0.9965,0.0030,-0.0623)",0,0,0,0,0,0,0
5,"Environment: 2, FiringMode: 1",17.93323,true,-1.566597,2.290489,1.017313,"(0.0649,0.9953,0.0065,-0.0720)",true,-1.638603,2.159821,0.6611471,"(0.0183,-0.9881,0.0259,0.1503)",0,0,0,0,0,0,0,true,-1.757546,2.046772,0.8289493,"(0.0483,0.9965,-0.0003,-0.0686)",0,0,0,0,0,0,0
5,"Environment: 2, FiringMode: 1",17.94715,true,-1.567879,2.291288,1.018381,"(0.0638,0.9951,0.0077,-0.0756)",true,-1.644625,2.163923,0.6531951,"(0.0465,-0.9909,0.0081,0.1257)",0,0,0,0,0,0,0,true,-1.764099,2.049104,0.8288965,"(0.0453,0.9961,0.0024,-0.0761)",0,0,0,0,0,0,0
5,"Environment: 2, FiringMode: 1",17.96132,true,-1.569348,2.291875,1.019613,"(0.0632,0.9948,0.0082,-0.0791)",true,-1.650851,2.167294,0.6447326,"(0.0724,-0.9914,-0.0023,0.1090)",0,0,0,0,0,0,0,true,-1.770968,2.0504,0.8284903,"(0.0413,0.9955,-0.0043,-0.0853)",0,0,0,0,0,0,0
5,"Environment: 2, FiringMode: 1",17.97495,true,-1.570898,2.292662,1.020818,"(0.0629,0.9946,0.0081,-0.0818)",true,-1.655972,2.170324,0.6354806,"(0.0807,-0.9917,-0.0056,0.1000)",0,0,0,0,0,0,0,true,-1.777775,2.051733,0.8271787,"(0.0242,0.9958,-0.0243,-0.0845)",0,0,0,0,0,0,0
5,"Environment: 2, FiringMode: 1",17.98889,true,-1.572126,2.293357,1.021986,"(0.0617,0.9944,0.0087,-0.0851)",true,-1.659999,2.17315,0.6256944,"(0.0708,-0.9930,0.0022,0.0944)",0,0,0,0,0,0,0,true,-1.783471,2.054513,0.8256491,"(0.0038,0.9966,-0.0363,-0.0743)",0,0,0,0,0,0,0
5,"Environment: 2, FiringMode: 1",18.00273,true,-1.573307,2.293998,1.023103,"(0.0579,0.9944,0.0102,-0.0882)",true,-1.664507,2.176075,0.6159226,"(0.0519,-0.9936,0.0137,0.0996)",0,0,0,0,0,0,0,true,-1.788919,2.058067,0.8249104,"(-0.0114,0.9962,-0.0362,-0.0785)",0,0,0,0,0,0,0
5,"Environment: 2, FiringMode: 1",18.01688,true,-1.574381,2.294795,1.024119,"(0.0542,0.9943,0.0123,-0.0915)",true,-1.669844,2.178795,0.6059725,"(0.0318,-0.9924,0.0285,0.1152)",0,0,0,0,0,0,0,true,-1.793856,2.061799,0.8247926,"(-0.0141,0.9952,-0.0287,-0.0923)",0,0,0,0,0,0,0
5,"Environment: 2, FiringMode: 1",18.0309,true,-1.575698,2.295677,1.025218,"(0.0510,0.9942,0.0146,-0.0940)",true,-1.675848,2.18122,0.5956421,"(0.0221,-0.9901,0.0368,0.1336)",0,0,0,0,0,0,0,true,-1.797589,2.065509,0.8246929,"(-0.0104,0.9945,-0.0185,-0.1027)",0,0,0,0,0,0,0
5,"Environment: 2, FiringMode: 1",18.04407,true,-1.577063,2.29645,1.026346,"(0.0495,0.9940,0.0167,-0.0961)",true,-1.681088,2.183366,0.5856178,"(0.0402,-0.9911,0.0340,0.1223)",0,0,0,0,0,0,0,true,-1.800343,2.069129,0.8245305,"(-0.0017,0.9939,-0.0108,-0.1094)",0,0,0,0,0,0,0
5,"Environment: 2, FiringMode: 1",18.05815,true,-1.578345,2.297085,1.027459,"(0.0481,0.9939,0.0190,-0.0976)",true,-1.685352,2.18647,0.5751461,"(0.0787,-0.9930,0.0160,0.0869)",0,0,0,0,0,0,0,true,-1.801601,2.072742,0.8245029,"(0.0122,0.9936,-0.0018,-0.1125)",0,0,0,0,0,0,0
5,"Environment: 2, FiringMode: 1",18.07219,true,-1.579241,2.29776,1.028547,"(0.0476,0.9937,0.0213,-0.0992)",true,-1.690307,2.191158,0.5657656,"(0.1138,-0.9911,-0.0128,0.0674)",0,0,0,0,0,0,0,true,-1.802278,2.076095,0.8244976,"(0.0213,0.9937,0.0060,-0.1099)",0,0,0,0,0,0,0
5,"Environment: 2, FiringMode: 1",18.08599,true,-1.580418,2.298328,1.029615,"(0.0457,0.9937,0.0236,-0.0999)",true,-1.694681,2.195233,0.5571953,"(0.1385,-0.9884,-0.0305,0.0543)",0,0,0,0,0,0,0,true,-1.803037,2.079188,0.8243829,"(0.0238,0.9939,0.0113,-0.1075)",0,0,0,0,0,0,0
5,"Environment: 2, FiringMode: 1",18.10017,true,-1.581678,2.299261,1.030626,"(0.0443,0.9936,0.0256,-0.1004)",true,-1.697777,2.197239,0.549203,"(0.1266,-0.9892,-0.0199,0.0710)",0,0,0,0,0,0,0,true,-1.804157,2.082108,0.8244264,"(0.0217,0.9936,0.0161,-0.1095)",0,0,0,0,0,0,0
5,"Environment: 2, FiringMode: 1",18.11419,true,-1.583089,2.300194,1.031543,"(0.0437,0.9935,0.0281,-0.1012)",true,-1.699702,2.199223,0.5432913,"(0.1020,-0.9898,-0.0066,0.0989)",0,0,0,0,0,0,0,true,-1.804862,2.084952,0.8249283,"(0.0192,0.9931,0.0208,-0.1140)",0,0,0,0,0,0,0
5,"Environment: 2, FiringMode: 1",18.12808,true,-1.584547,2.301164,1.032332,"(0.0435,0.9933,0.0311,-0.1020)",true,-1.70155,2.201384,0.5372283,"(0.0973,-0.9889,0.0004,0.1119)",0,0,0,0,0,0,0,true,-1.805409,2.087608,0.8252798,"(0.0171,0.9932,0.0246,-0.1127)",0,0,0,0,0,0,0
5,"Environment: 2, FiringMode: 1",18.14215,true,-1.585908,2.302249,1.033053,"(0.0426,0.9932,0.0346,-0.1031)",true,-1.701273,2.2029,0.5317322,"(0.1047,-0.9886,0.0036,0.1079)",0,0,0,0,0,0,0,true,-1.805323,2.089833,0.8260819,"(0.0189,0.9931,0.0300,-0.1120)",0,0,0,0,0,0,0
5,"Environment: 2, FiringMode: 1",18.15588,true,-1.587422,2.303001,1.033732,"(0.0410,0.9931,0.0384,-0.1034)",true,-1.699324,2.203988,0.5265479,"(0.1198,-0.9890,0.0023,0.0871)",0,0,0,0,0,0,0,true,-1.805762,2.091713,0.8269051,"(0.0191,0.9930,0.0349,-0.1114)",0,0,0,0,0,0,0
5,"Environment: 2, FiringMode: 1",18.16986,true,-1.58871,2.303499,1.034569,"(0.0392,0.9930,0.0413,-0.1037)",true,-1.696462,2.205545,0.523024,"(0.1352,-0.9889,-0.0096,0.0603)",0,0,0,0,0,0,0,true,-1.806412,2.092803,0.8279217,"(0.0172,0.9928,0.0374,-0.1129)",0,0,0,0,0,0,0
5,"Environment: 2, FiringMode: 1",18.18353,true,-1.590197,2.303942,1.035404,"(0.0382,0.9930,0.0428,-0.1034)",true,-1.694725,2.207447,0.5217571,"(0.1499,-0.9872,-0.0309,0.0456)",0,0,0,0,0,0,0,true,-1.80748,2.093968,0.8288279,"(0.0119,0.9926,0.0390,-0.1147)",0,0,0,0,0,0,0
5,"Environment: 2, FiringMode: 1",18.19683,true,-1.591642,2.304433,1.036091,"(0.0379,0.9930,0.0430,-0.1028)",true,-1.694768,2.207777,0.5206809,"(0.1717,-0.9835,-0.0408,0.0405)",0,0,0,0,0,0,0,true,-1.808647,2.0947,0.8297465,"(0.0032,0.9925,0.0393,-0.1160)",0,0,0,0,0,0,0
5,"Environment: 2, FiringMode: 1",18.21073,true,-1.59301,2.304731,1.036815,"(0.0373,0.9931,0.0436,-0.1027)",true,-1.695291,2.206113,0.5197883,"(0.1821,-0.9815,-0.0353,0.0478)",0,0,0,0,0,0,0,true,-1.809731,2.0952,0.8304857,"(-0.0037,0.9923,0.0399,-0.1169)",0,0,0,0,0,0,0
5,"Environment: 2, FiringMode: 1",18.22456,true,-1.594461,2.305032,1.037474,"(0.0363,0.9931,0.0438,-0.1023)",true,-1.695111,2.203113,0.5185139,"(0.1697,-0.9833,-0.0076,0.0647)",0,0,0,0,0,0,0,true,-1.810415,2.095056,0.8312433,"(-0.0058,0.9922,0.0402,-0.1178)",0,0,0,0,0,0,0
5,"Environment: 2, FiringMode: 1",18.23885,true,-1.595912,2.305216,1.038165,"(0.0351,0.9932,0.0442,-0.1021)",true,-1.694482,2.201944,0.5173743,"(0.1590,-0.9849,0.0046,0.0686)",0,0,0,0,0,0,0,true,-1.810946,2.095093,0.8320719,"(-0.0059,0.9920,0.0414,-0.1187)",0,0,0,0,0,0,0
5,"Environment: 2, FiringMode: 1",18.2527,true,-1.597176,2.30536,1.038831,"(0.0336,0.9932,0.0444,-0.1024)",true,-1.694001,2.201272,0.5173477,"(0.1587,-0.9852,0.0086,0.0647)",0,0,0,0,0,0,0,true,-1.811195,2.094643,0.8330249,"(-0.0052,0.9920,0.0420,-0.1191)",0,0,0,0,0,0,0
5,"Environment: 2, FiringMode: 1",18.26662,true,-1.598342,2.305578,1.039433,"(0.0321,0.9932,0.0446,-0.1024)",true,-1.694399,2.201217,0.5188024,"(0.1720,-0.9834,-0.0002,0.0579)",0,0,0,0,0,0,0,true,-1.811534,2.093985,0.8337484,"(-0.0054,0.9921,0.0403,-0.1188)",0,0,0,0,0,0,0
5,"Environment: 2, FiringMode: 1",18.28071,true,-1.599478,2.305746,1.039996,"(0.0308,0.9932,0.0455,-0.1023)",true,-1.695399,2.201009,0.5196167,"(0.1824,-0.9815,-0.0028,0.0582)",0.01929176,0,0,0,0,0,0,true,-1.811803,2.093299,0.8341051,"(-0.0050,0.9922,0.0390,-0.1186)",0,0,0,0,0,0,0
5,"Environment: 2, FiringMode: 1",18.296,true,-1.600689,2.305676,1.04057,"(0.0293,0.9932,0.0467,-0.1021)",true,-1.696313,2.201453,0.5213374,"(0.1871,-0.9807,-0.0081,0.0570)",0.1028082,0,0,0,0,0,0,true,-1.811581,2.092578,0.8338591,"(-0.0032,0.9923,0.0376,-0.1179)",0,0,0,0,0,0,0
5,"Environment: 2, FiringMode: 1",18.30869,true,-1.601788,2.305572,1.041298,"(0.0281,0.9932,0.0472,-0.1022)",true,-1.696631,2.202317,0.5227717,"(0.1844,-0.9810,-0.0165,0.0575)",0.2219779,0,0,0,0,0,0,true,-1.812443,2.092039,0.8345087,"(-0.0050,0.9923,0.0369,-0.1183)",0,0,0,0,0,0,0
5,"Environment: 2, FiringMode: 1",18.32259,true,-1.602747,2.305502,1.041934,"(0.0270,0.9932,0.0466,-0.1028)",true,-1.696542,2.202587,0.5238448,"(0.1829,-0.9819,-0.0191,0.0458)",0.9516484,0,0,0,0,0,0,true,-1.813986,2.091076,0.8352899,"(-0.0104,0.9921,0.0347,-0.1197)",0,0,0,0,0,0,0
5,"Environment: 2, FiringMode: 1",18.33616,true,-1.603489,2.305487,1.042454,"(0.0254,0.9932,0.0460,-0.1035)",true,-1.697577,2.202824,0.5251508,"(0.1774,-0.9827,-0.0233,0.0486)",1,0,0,0,0,0,0,true,-1.814693,2.090339,0.8354987,"(-0.0112,0.9920,0.0332,-0.1211)",0,0,0,0,0,0,0
5,"Environment: 2, FiringMode: 1",18.3496,true,-1.604118,2.305532,1.042896,"(0.0229,0.9932,0.0465,-0.1045)",true,-1.69949,2.202681,0.5269005,"(0.1756,-0.9824,-0.0272,0.0575)",1,0,0,0,0,0,0,true,-1.814072,2.090369,0.8351364,"(-0.0071,0.9922,0.0342,-0.1199)",0,0,0,0,0,0,0
5,"Environment: 2, FiringMode: 1",18.36338,true,-1.60471,2.305625,1.043206,"(0.0201,0.9931,0.0477,-0.1056)",true,-1.701422,2.201909,0.5284584,"(0.1755,-0.9817,-0.0274,0.0680)",1,0,0,0,0,0,0,true,-1.814248,2.089852,0.8352368,"(-0.0048,0.9923,0.0339,-0.1190)",0,0,0,0,0,0,0
5,"Environment: 2, FiringMode: 1",18.37759,true,-1.605235,2.305798,1.043391,"(0.0183,0.9929,0.0491,-0.1066)",true,-1.702824,2.201344,0.529345,"(0.1735,-0.9816,-0.0275,0.0750)",1,0,0,0,0,0,0,true,-1.814904,2.088484,0.8356167,"(-0.0012,0.9925,0.0337,-0.1171)",0,0,0,0,0,0,0
5,"Environment: 2, FiringMode: 1",18.39172,true,-1.60561,2.305817,1.043648,"(0.0171,0.9928,0.0501,-0.1077)",true,-1.703593,2.200868,0.5297121,"(0.1711,-0.9819,-0.0267,0.0773)",1,0,0,0,0,0,0,true,-1.815346,2.087754,0.8353491,"(-0.0003,0.9926,0.0313,-0.1170)",0,0,0,0,0,0,0
5,"Environment: 2, FiringMode: 1",18.4056,true,-1.605919,2.305962,1.043883,"(0.0163,0.9927,0.0503,-0.1084)",true,-1.703903,2.200417,0.5295447,"(0.1698,-0.9823,-0.0247,0.0750)",1,0,0,0,0,0,0,true,-1.816233,2.086883,0.8345236,"(-0.0031,0.9928,0.0258,-0.1167)",0,0,0,0,0,0,0
5,"Environment: 2, FiringMode: 1",18.41972,true,-1.606181,2.305976,1.04407,"(0.0160,0.9927,0.0499,-0.1089)",true,-1.70401,2.200412,0.5294322,"(0.1674,-0.9829,-0.0262,0.0717)",1,0,0,0,0,0,0,true,-1.816986,2.086705,0.8339487,"(-0.0075,0.9928,0.0248,-0.1169)",0,0,0,0,0,0,0
5,"Environment: 2, FiringMode: 1",18.43361,true,-1.606305,2.306021,1.044288,"(0.0161,0.9927,0.0493,-0.1092)",true,-1.704214,2.200404,0.5292882,"(0.1649,-0.9834,-0.0266,0.0706)",1,0,0,0,0,0,0,true,-1.817434,2.086787,0.8332154,"(-0.0090,0.9928,0.0241,-0.1168)",0,0,0,0,0,0,0
5,"Environment: 2, FiringMode: 1",18.44889,true,-1.60642,2.306163,1.044446,"(0.0157,0.9926,0.0485,-0.1098)",true,-1.70441,2.200276,0.5290231,"(0.1591,-0.9842,-0.0252,0.0736)",1,0,0,0,0,0,0,true,-1.81743,2.087041,0.8319662,"(-0.0059,0.9930,0.0219,-0.1163)",0,0,0,0,0,0,0
5,"Environment: 2, FiringMode: 1",18.4614,true,-1.606527,2.306366,1.04449,"(0.0148,0.9925,0.0488,-0.1109)",true,-1.704947,2.199981,0.5288458,"(0.1534,-0.9847,-0.0223,0.0790)",1,0,0,0,0,0,0,true,-1.817353,2.087529,0.8311728,"(-0.0040,0.9930,0.0217,-0.1158)",0,0,0,0,0,0,0
5,"Environment: 2, FiringMode: 1",18.47519,true,-1.60669,2.306511,1.044466,"(0.0144,0.9924,0.0497,-0.1117)",true,-1.70547,2.199486,0.5284764,"(0.1487,-0.9852,-0.0194,0.0829)",1,0,0,0,0,0,0,true,-1.81705,2.088432,0.8310497,"(-0.0024,0.9929,0.0249,-0.1163)",0,0,0,0,0,0,0
5,"Environment: 2, FiringMode: 1",18.48912,true,-1.606919,2.306592,1.044659,"(0.0148,0.9923,0.0506,-0.1125)",true,-1.705885,2.198581,0.5276004,"(0.1495,-0.9852,-0.0156,0.0829)",1,0,0,0,0,0,0,true,-1.817039,2.089854,0.8298187,"(-0.0004,0.9929,0.0273,-0.1160)",0,0,0,0,0,0,0
5,"Environment: 2, FiringMode: 1",18.50235,true,-1.606925,2.30674,1.044623,"(0.0155,0.9922,0.0507,-0.1130)",true,-1.706073,2.197834,0.5268719,"(0.1525,-0.9850,-0.0135,0.0801)",1,0,0,0,0,0,0,true,-1.81688,2.091193,0.8284948,"(-0.0001,0.9930,0.0276,-0.1148)",0,0,0,0,0,0,0
5,"Environment: 2, FiringMode: 1",18.51651,true,-1.606886,2.306815,1.044584,"(0.0155,0.9922,0.0504,-0.1132)",true,-1.70606,2.197093,0.5260766,"(0.1570,-0.9846,-0.0108,0.0758)",1,0,0,0,0,0,0,true,-1.816478,2.093605,0.8257586,"(0.0017,0.9934,0.0274,-0.1115)",0,0,0,0,0,0,0
5,"Environment: 2, FiringMode: 1",18.53043,true,-1.606758,2.306847,1.044552,"(0.0157,0.9922,0.0498,-0.1135)",true,-1.705915,2.19651,0.5255878,"(0.1601,-0.9844,-0.0097,0.0724)",1,0,0,0,0,0,0,true,-1.81612,2.095699,0.8234897,"(0.0050,0.9935,0.0282,-0.1103)",0,0,0,0,0,0,0
5,"Environment: 2, FiringMode: 1",18.54424,true,-1.60662,2.306867,1.04449,"(0.0158,0.9922,0.0495,-0.1134)",true,-1.705737,2.196401,0.5256456,"(0.1582,-0.9846,-0.0109,0.0735)",0.9199023,0,0,0,0,0,0,true,-1.816122,2.098167,0.8208458,"(0.0092,0.9932,0.0289,-0.1120)",0,0,0,0,0,0,0
5,"Environment: 2, FiringMode: 1",18.55836,true,-1.606503,2.306884,1.044376,"(0.0154,0.9921,0.0500,-0.1138)",true,-1.705732,2.196451,0.5258453,"(0.1587,-0.9845,-0.0125,0.0732)",0.7289377,0,0,0,0,0,0,true,-1.816526,2.100639,0.8179926,"(0.0111,0.9928,0.0271,-0.1158)",0,0,0,0,0,0,0
5,"Environment: 2, FiringMode: 1",18.57237,true,-1.606441,2.306939,1.044219,"(0.0149,0.9921,0.0502,-0.1141)",true,-1.705824,2.195995,0.5257176,"(0.1583,-0.9845,-0.0118,0.0748)",0.3343101,0,0,0,0,0,0,true,-1.816772,2.103286,0.8148921,"(0.0136,0.9924,0.0238,-0.1199)",0,0,0,0,0,0,0
5,"Environment: 2, FiringMode: 1",18.58631,true,-1.60635,2.307046,1.044044,"(0.0143,0.9921,0.0502,-0.1145)",true,-1.706304,2.194096,0.5249033,"(0.1622,-0.9836,-0.0086,0.0778)",0.1716727,0,0,0,0,0,0,true,-1.816275,2.106565,0.8117604,"(0.0177,0.9924,0.0240,-0.1191)",0,0,0,0,0,0,0
5,"Environment: 2, FiringMode: 1",18.60046,true,-1.606263,2.307134,1.043854,"(0.0138,0.9921,0.0501,-0.1145)",true,-1.706126,2.193619,0.5248601,"(0.1663,-0.9831,-0.0096,0.0765)",0.07008541,0,0,0,0,0,0,true,-1.815301,2.110074,0.8088583,"(0.0229,0.9926,0.0267,-0.1158)",0,0,0,0,0,0,0
5,"Environment: 2, FiringMode: 1",18.61436,true,-1.606138,2.307175,1.043701,"(0.0138,0.9921,0.0494,-0.1147)",true,-1.705722,2.194054,0.5249057,"(0.1637,-0.9835,-0.0093,0.0760)",0,0,0,0,0,0,0,true,-1.814418,2.113794,0.8058861,"(0.0253,0.9929,0.0293,-0.1128)",0,0,0,0,0,0,0
5,"Environment: 2, FiringMode: 1",18.62831,true,-1.606004,2.307169,1.043574,"(0.0139,0.9921,0.0485,-0.1147)",true,-1.705404,2.193875,0.5246693,"(0.1612,-0.9838,-0.0074,0.0777)",0,0,0,0,0,0,0,true,-1.81399,2.117368,0.8028676,"(0.0248,0.9929,0.0302,-0.1120)",0,0,0,0,0,0,0
5,"Environment: 2, FiringMode: 1",18.64204,true,-1.605846,2.307081,1.04346,"(0.0139,0.9922,0.0473,-0.1146)",true,-1.705061,2.19344,0.5246652,"(0.1591,-0.9839,-0.0055,0.0812)",0,0,0,0,0,0,0,true,-1.813592,2.121097,0.7997326,"(0.0244,0.9928,0.0309,-0.1129)",0,0,0,0,0,0,0
5,"Environment: 2, FiringMode: 1",18.6555,true,-1.605691,2.307012,1.043358,"(0.0137,0.9922,0.0465,-0.1146)",true,-1.70483,2.193415,0.5250523,"(0.1593,-0.9836,-0.0055,0.0842)",0,0,0,0,0,0,0,true,-1.81274,2.124864,0.7966951,"(0.0277,0.9927,0.0331,-0.1128)",0,0,0,0,0,0,0
5,"Environment: 2, FiringMode: 1",18.66943,true,-1.605527,2.30697,1.043244,"(0.0131,0.9922,0.0461,-0.1147)",true,-1.704643,2.193894,0.5253994,"(0.1599,-0.9837,-0.0076,0.0817)",0,0,0,0,0,0,0,true,-1.811566,2.128585,0.793808,"(0.0332,0.9925,0.0369,-0.1121)",0,0,0,0,0,0,0
5,"Environment: 2, FiringMode: 1",18.68329,true,-1.605344,2.306929,1.043118,"(0.0129,0.9922,0.0460,-0.1148)",true,-1.704367,2.194015,0.5253481,"(0.1595,-0.9838,-0.0074,0.0810)",0,0,0,0,0,0,0,true,-1.810633,2.132025,0.7909148,"(0.0364,0.9922,0.0402,-0.1118)",0,0,0,0,0,0,0
5,"Environment: 2, FiringMode: 1",18.69747,true,-1.605156,2.306886,1.043015,"(0.0133,0.9923,0.0453,-0.1144)",true,-1.703555,2.194171,0.525185,"(0.1584,-0.9841,-0.0069,0.0799)",0,0,0,0,0,0,0,true,-1.810111,2.134967,0.7878158,"(0.0356,0.9922,0.0395,-0.1124)",0,0,0,0,0,0,0
5,"Environment: 2, FiringMode: 1",18.71152,true,-1.604965,2.306797,1.042941,"(0.0133,0.9924,0.0450,-0.1141)",true,-1.703253,2.194257,0.5251461,"(0.1587,-0.9841,-0.0070,0.0794)",0,0,0,0,0,0,0,true,-1.809703,2.137702,0.7846978,"(0.0319,0.9925,0.0370,-0.1124)",0,0,0,0,0,0,0
5,"Environment: 2, FiringMode: 1",18.72523,true,-1.60475,2.306706,1.042897,"(0.0137,0.9924,0.0448,-0.1138)",true,-1.703015,2.194301,0.5251718,"(0.1590,-0.9840,-0.0069,0.0797)",0,0,0,0,0,0,0,true,-1.809013,2.140323,0.7816743,"(0.0267,0.9929,0.0352,-0.1104)",0,0,0,0,0,0,0
5,"Environment: 2, FiringMode: 1",18.73937,true,-1.604509,2.30664,1.042871,"(0.0139,0.9924,0.0446,-0.1137)",true,-1.702298,2.194377,0.5250375,"(0.1589,-0.9840,-0.0060,0.0800)",0,0,0,0,0,0,0,true,-1.8077,2.142909,0.7785708,"(0.0258,0.9934,0.0346,-0.1066)",0,0,0,0,0,0,0
5,"Environment: 2, FiringMode: 1",18.7533,true,-1.604309,2.306557,1.042879,"(0.0137,0.9924,0.0444,-0.1135)",true,-1.701497,2.194455,0.5248027,"(0.1583,-0.9840,-0.0044,0.0812)",0,0,0,0,0,0,0,true,-1.806374,2.145527,0.7754484,"(0.0283,0.9935,0.0355,-0.1048)",0,0,0,0,0,0,0
5,"Environment: 2, FiringMode: 1",18.76706,true,-1.604176,2.306454,1.042958,"(0.0136,0.9925,0.0438,-0.1135)",true,-1.700899,2.194667,0.5247639,"(0.1568,-0.9842,-0.0049,0.0819)",0,0,0,0,0,0,0,true,-1.805193,2.147828,0.772268,"(0.0334,0.9931,0.0354,-0.1063)",0,0,0,0,0,0,0
5,"Environment: 2, FiringMode: 1",18.78114,true,-1.604085,2.306356,1.043047,"(0.0137,0.9925,0.0430,-0.1133)",true,-1.700334,2.194854,0.5247788,"(0.1570,-0.9843,-0.0049,0.0802)",0,0,0,0,0,0,0,true,-1.804289,2.149959,0.7690673,"(0.0390,0.9925,0.0346,-0.1108)",0,0,0,0,0,0,0
5,"Environment: 2, FiringMode: 1",18.7951,true,-1.604054,2.306297,1.043136,"(0.0142,0.9926,0.0430,-0.1129)",true,-1.698571,2.195222,0.5244585,"(0.1570,-0.9846,-0.0042,0.0769)",0,0,0,0,0,0,0,true,-1.803337,2.152255,0.7658715,"(0.0414,0.9921,0.0343,-0.1134)",0,0,0,0,0,0,0
5,"Environment: 2, FiringMode: 1",18.80847,true,-1.604045,2.306297,1.043157,"(0.0143,0.9926,0.0438,-0.1127)",true,-1.69694,2.195486,0.5239601,"(0.1566,-0.9850,-0.0040,0.0727)",0,0,0,0,0,0,0,true,-1.802055,2.154727,0.7626821,"(0.0406,0.9922,0.0346,-0.1123)",0,0,0,0,0,0,0
5,"Environment: 2, FiringMode: 1",18.8222,true,-1.604093,2.30636,1.043143,"(0.0140,0.9926,0.0447,-0.1124)",true,-1.695943,2.19556,0.5237075,"(0.1563,-0.9852,-0.0046,0.0702)",0,0,0,0,0,0,0,true,-1.800458,2.15722,0.7592472,"(0.0372,0.9929,0.0338,-0.1079)",0,0,0,0,0,0,0
5,"Environment: 2, FiringMode: 1",18.83628,true,-1.604129,2.30645,1.043175,"(0.0138,0.9925,0.0448,-0.1125)",true,-1.695146,2.195562,0.5236545,"(0.1562,-0.9852,-0.0048,0.0697)",0,0,0,0,0,0,0,true,-1.798802,2.159513,0.7554241,"(0.0355,0.9935,0.0308,-0.1041)",0,0,0,0,0,0,0
5,"Environment: 2, FiringMode: 1",18.8502,true,-1.604277,2.30653,1.043315,"(0.0142,0.9926,0.0443,-0.1124)",true,-1.694267,2.195581,0.5237546,"(0.1551,-0.9855,-0.0059,0.0686)",0,0,0,0,0,0,0,true,-1.796819,2.161423,0.7505445,"(0.0360,0.9939,0.0239,-0.1017)",0,0,0,0,0,0,0
5,"Environment: 2, FiringMode: 1",18.86409,true,-1.604545,2.306565,1.04351,"(0.0151,0.9926,0.0437,-0.1124)",true,-1.693442,2.195448,0.5239366,"(0.1522,-0.9859,-0.0062,0.0691)",0,0,0,0,0,0,0,true,-1.794652,2.163557,0.7451907,"(0.0411,0.9937,0.0193,-0.1020)",0,0,0,0,0,0,0
5,"Environment: 2, FiringMode: 1",18.87818,true,-1.604942,2.306578,1.043773,"(0.0153,0.9926,0.0429,-0.1125)",true,-1.692662,2.195193,0.5241326,"(0.1508,-0.9861,-0.0065,0.0690)",0,0,0,0,0,0,0,true,-1.792662,2.166259,0.7396837,"(0.0478,0.9931,0.0199,-0.1049)",0,0,0,0,0,0,0
5,"Environment: 2, FiringMode: 1",18.89219,true,-1.605664,2.306656,1.044219,"(0.0152,0.9926,0.0424,-0.1126)",true,-1.691757,2.194856,0.5245103,"(0.1519,-0.9861,-0.0068,0.0673)",0,0,0,0,0,0,0,true,-1.79077,2.169255,0.7337806,"(0.0576,0.9919,0.0228,-0.1113)",0,0,0,0,0,0,0
5,"Environment: 2, FiringMode: 1",18.90757,true,-1.606057,2.306781,1.044431,"(0.0144,0.9926,0.0425,-0.1129)",true,-1.690497,2.19431,0.524925,"(0.1548,-0.9859,-0.0077,0.0637)",0,0,0,0,0,0,0,true,-1.789008,2.172079,0.727891,"(0.0603,0.9914,0.0211,-0.1141)",0,0,0,0,0,0,0
5,"Environment: 2, FiringMode: 1",18.91974,true,-1.606381,2.306954,1.044627,"(0.0129,0.9925,0.0430,-0.1136)",true,-1.689461,2.193295,0.5253689,"(0.1607,-0.9852,-0.0075,0.0594)",0,0,0,0,0,0,0,true,-1.787023,2.174838,0.7223527,"(0.0573,0.9919,0.0172,-0.1121)",0,0,0,0,0,0,0
5,"Environment: 2, FiringMode: 1",18.9334,true,-1.606633,2.30701,1.044876,"(0.0112,0.9924,0.0436,-0.1143)",true,-1.688466,2.192206,0.5257407,"(0.1688,-0.9841,-0.0071,0.0540)",0,0,0,0,0,0,0,true,-1.78469,2.17751,0.7170714,"(0.0572,0.9923,0.0140,-0.1090)",0,0,0,0,0,0,0
5,"Environment: 2, FiringMode: 1",18.94726,true,-1.606901,2.307236,1.045145,"(0.0108,0.9924,0.0435,-0.1143)",true,-1.687334,2.190782,0.5260312,"(0.1780,-0.9829,-0.0048,0.0471)",0,0,0,0,0,0,0,true,-1.782027,2.179886,0.7116937,"(0.0616,0.9924,0.0094,-0.1057)",0,0,0,0,0,0,0
5,"Environment: 2, FiringMode: 1",18.96062,true,-1.607146,2.307345,1.045368,"(0.0113,0.9924,0.0435,-0.1142)",true,-1.686056,2.189367,0.526155,"(0.1812,-0.9826,-0.0030,0.0413)",0,0,0,0,0,0,0,true,-1.779309,2.18207,0.7064795,"(0.0703,0.9920,0.0061,-0.1044)",0,0,0,0,0,0,0
5,"Environment: 2, FiringMode: 1",18.97472,true,-1.607208,2.3073,1.045568,"(0.0099,0.9924,0.0442,-0.1146)",true,-1.68476,2.188257,0.5264194,"(0.1754,-0.9836,-0.0028,0.0418)",0,0,0,0,0,0,0,true,-1.776815,2.184255,0.701607,"(0.0777,0.9915,0.0040,-0.1047)",0,0,0,0,0,0,0
5,"Environment: 2, FiringMode: 1",18.98876,true,-1.607115,2.307367,1.045835,"(0.0072,0.9923,0.0444,-0.1151)",true,-1.683983,2.187018,0.5272161,"(0.1696,-0.9843,-0.0066,0.0479)",0,0,0,0,0,0,0,true,-1.774707,2.18668,0.697579,"(0.0821,0.9908,0.0062,-0.1071)",0,0,0,0,0,0,0
5,"Environment: 2, FiringMode: 1",19.00293,true,-1.607045,2.307472,1.045962,"(0.0056,0.9923,0.0445,-0.1155)",true,-1.683715,2.185429,0.5276529,"(0.1718,-0.9837,-0.0089,0.0524)",0,0,0,0,0,0,0,true,-1.773109,2.188917,0.6939881,"(0.0831,0.9904,0.0083,-0.1106)",0,0,0,0,0,0,0
5,"Environment: 2, FiringMode: 1",19.01691,true,-1.607328,2.307586,1.046196,"(0.0048,0.9923,0.0449,-0.1154)",true,-1.683317,2.183153,0.5274967,"(0.1794,-0.9823,-0.0096,0.0534)",0,0,0,0,0,0,0,true,-1.771646,2.190663,0.6906761,"(0.0808,0.9904,0.0078,-0.1115)",0,0,0,0,0,0,0
5,"Environment: 2, FiringMode: 1",19.03082,true,-1.607172,2.307695,1.046321,"(0.0045,0.9923,0.0454,-0.1156)",true,-1.682608,2.180955,0.5268867,"(0.1868,-0.9810,-0.0093,0.0515)",0,0,0,0,0,0,0,true,-1.769795,2.191853,0.6877442,"(0.0768,0.9912,0.0049,-0.1074)",0,0,0,0,0,0,0
5,"Environment: 2, FiringMode: 1",19.04467,true,-1.606892,2.307872,1.04633,"(0.0044,0.9923,0.0462,-0.1152)",true,-1.681502,2.178915,0.5261249,"(0.1935,-0.9798,-0.0091,0.0487)",0,0,0,0,0,0,0,true,-1.767698,2.192537,0.6851702,"(0.0748,0.9921,0.0007,-0.1008)",0,0,0,0,0,0,0
5,"Environment: 2, FiringMode: 1",19.05886,true,-1.606574,2.308074,1.046284,"(0.0040,0.9922,0.0471,-0.1149)",true,-1.680544,2.177274,0.5255332,"(0.1982,-0.9789,-0.0076,0.0484)",0,0,0,0,0,0,0,true,-1.765916,2.192786,0.6828269,"(0.0776,0.9921,-0.0049,-0.0988)",0,0,0,0,0,0,0
5,"Environment: 2, FiringMode: 1",19.07283,true,-1.6062,2.308321,1.046156,"(0.0038,0.9923,0.0476,-0.1141)",true,-1.679713,2.175993,0.5249127,"(0.1986,-0.9788,-0.0039,0.0507)",0,0,0,0,0,0,0,true,-1.764347,2.19326,0.6805706,"(0.0835,0.9914,-0.0071,-0.1001)",0,0,0,0,0,0,0
5,"Environment: 2, FiringMode: 1",19.08661,true,-1.60559,2.308591,1.045638,"(0.0043,0.9924,0.0485,-0.1129)",true,-1.678622,2.175621,0.5243517,"(0.1919,-0.9799,-0.0011,0.0550)",0,0,0,0,0,0,0,true,-1.763226,2.194037,0.6791123,"(0.0885,0.9906,-0.0046,-0.1045)",0,0,0,0,0,0,0
5,"Environment: 2, FiringMode: 1",19.10074,true,-1.605293,2.308725,1.045433,"(0.0047,0.9925,0.0493,-0.1119)",true,-1.677375,2.175242,0.5237172,"(0.1873,-0.9807,0.0008,0.0561)",0,0,0,0,0,0,0,true,-1.762368,2.195333,0.6777968,"(0.0874,0.9904,-0.0011,-0.1072)",0,0,0,0,0,0,0
5,"Environment: 2, FiringMode: 1",19.11406,true,-1.604939,2.308728,1.045211,"(0.0047,0.9925,0.0500,-0.1113)",true,-1.675998,2.175207,0.5233276,"(0.1856,-0.9811,0.0015,0.0551)",0,0,0,0,0,0,0,true,-1.762084,2.19709,0.6773083,"(0.0835,0.9901,0.0060,-0.1129)",0.02222216,0,0,0,0,0,0
5,"Environment: 2, FiringMode: 1",19.12788,true,-1.604615,2.308766,1.045047,"(0.0049,0.9926,0.0500,-0.1105)",true,-1.675893,2.175768,0.5236245,"(0.1871,-0.9809,-0.0002,0.0538)",0,0,0,0,0,0,0,true,-1.761467,2.198368,0.6764797,"(0.0835,0.9896,0.0088,-0.1167)",0.08351642,0,0,0,0,0,0
5,"Environment: 2, FiringMode: 1",19.14199,true,-1.604181,2.308692,1.04485,"(0.0053,0.9927,0.0496,-0.1096)",true,-1.675389,2.175878,0.5235771,"(0.1888,-0.9806,-0.0013,0.0532)",0,0,0,0,0,0,0,true,-1.760554,2.199577,0.676252,"(0.0828,0.9897,0.0133,-0.1160)",0.1956043,0,0,0,0,0,0
5,"Environment: 2, FiringMode: 1",19.15594,true,-1.603765,2.308526,1.044673,"(0.0060,0.9929,0.0490,-0.1087)",true,-1.674494,2.175685,0.5232543,"(0.1894,-0.9805,-0.0016,0.0531)",0,0,0,0,0,0,0,true,-1.759388,2.200183,0.6756032,"(0.0835,0.9899,0.0107,-0.1139)",0.6805861,0,0,0,0,0,0
5,"Environment: 2, FiringMode: 1",19.17003,true,-1.603393,2.30844,1.044489,"(0.0065,0.9930,0.0483,-0.1078)",true,-1.674091,2.175664,0.5231236,"(0.1888,-0.9806,-0.0012,0.0533)",0,0,0,0,0,0,0,true,-1.758344,2.200656,0.6752853,"(0.0840,0.9904,0.0090,-0.1094)",0.9006105,0,0,0,0,0,0
5,"Environment: 2, FiringMode: 1",19.18384,true,-1.60302,2.308444,1.04434,"(0.0066,0.9931,0.0478,-0.1068)",true,-1.672964,2.175358,0.5228168,"(0.1893,-0.9805,-0.0011,0.0531)",0,0,0,0,0,0,0,true,-1.757272,2.201508,0.6746542,"(0.0846,0.9906,0.0081,-0.1070)",0.9985348,0,0,0,0,0,0
5,"Environment: 2, FiringMode: 1",19.19793,true,-1.602704,2.308393,1.044138,"(0.0063,0.9932,0.0478,-0.1060)",true,-1.671164,2.174801,0.5223493,"(0.1911,-0.9802,-0.0002,0.0524)",0,0,0,0,0,0,0,true,-1.75719,2.201719,0.674592,"(0.0843,0.9907,0.0078,-0.1069)",1,0,0,0,0,0,0
5,"Environment: 2, FiringMode: 1",19.21178,true,-1.602403,2.308388,1.043923,"(0.0062,0.9932,0.0484,-0.1052)",true,-1.669988,2.174572,0.5222236,"(0.1927,-0.9799,-0.0004,0.0520)",0,0,0,0,0,0,0,true,-1.757401,2.201738,0.674742,"(0.0845,0.9905,0.0080,-0.1081)",1,0,0,0,0,0,0
5,"Environment: 2, FiringMode: 1",19.2255,true,-1.602148,2.308362,1.043805,"(0.0064,0.9933,0.0487,-0.1046)",true,-1.669577,2.174624,0.5222476,"(0.1921,-0.9800,-0.0006,0.0517)",0,0,0,0,0,0,0,true,-1.756117,2.203346,0.6737324,"(0.0862,0.9902,0.0106,-0.1090)",1,0,0,0,0,0,0
5,"Environment: 2, FiringMode: 1",19.23961,true,-1.601771,2.3083,1.043681,"(0.0064,0.9934,0.0485,-0.1041)",true,-1.669079,2.174554,0.5222193,"(0.1912,-0.9802,0.0001,0.0518)",0,0,0,0,0,0,0,true,-1.755162,2.204257,0.6731655,"(0.0907,0.9897,0.0119,-0.1103)",1,0,0,0,0,0,0
5,"Environment: 2, FiringMode: 1",19.25354,true,-1.601344,2.30819,1.043558,"(0.0063,0.9935,0.0479,-0.1035)",true,-1.667266,2.174172,0.5220456,"(0.1907,-0.9803,0.0015,0.0510)",0,0,0,0,0,0,0,true,-1.754576,2.204455,0.6728966,"(0.0938,0.9894,0.0108,-0.1103)",1,0,0,0,0,0,0
5,"Environment: 2, FiringMode: 1",19.2664,true,-1.600976,2.308109,1.043479,"(0.0062,0.9935,0.0472,-0.1030)",true,-1.666041,2.173914,0.52207,"(0.1910,-0.9803,0.0022,0.0501)",0,0,0,0,0,0,0,true,-1.754248,2.20452,0.6727918,"(0.0924,0.9898,0.0092,-0.1083)",1,0,0,0,0,0,0
5,"Environment: 2, FiringMode: 1",19.28041,true,-1.600695,2.308046,1.043436,"(0.0066,0.9937,0.0464,-0.1022)",true,-1.665571,2.173842,0.5221304,"(0.1917,-0.9802,0.0016,0.0498)",0,0,0,0,0,0,0,true,-1.754084,2.204592,0.6727353,"(0.0897,0.9902,0.0084,-0.1064)",1,0,0,0,0,0,0
5,"Environment: 2, FiringMode: 1",19.29445,true,-1.600407,2.307975,1.043445,"(0.0069,0.9938,0.0457,-0.1015)",true,-1.664283,2.173544,0.5221196,"(0.1929,-0.9800,0.0016,0.0494)",0,0,0,0,0,0,0,true,-1.752779,2.205353,0.6722765,"(0.0894,0.9906,0.0082,-0.1029)",0.965812,0,0,0,0,0,0
5,"Environment: 2, FiringMode: 1",19.30818,true,-1.60008,2.307897,1.043475,"(0.0073,0.9938,0.0453,-0.1010)",true,-1.66343,2.173318,0.5220549,"(0.1929,-0.9800,0.0026,0.0493)",0,0,0,0,0,0,0,true,-1.752137,2.20527,0.6720421,"(0.0915,0.9905,0.0063,-0.1023)",0.8959707,0,0,0,0,0,0
5,"Environment: 2, FiringMode: 1",19.32232,true,-1.599738,2.30787,1.043459,"(0.0079,0.9939,0.0449,-0.1003)",true,-1.66204,2.172989,0.5219865,"(0.1928,-0.9800,0.0043,0.0495)",0,0,0,0,0,0,0,true,-1.751616,2.205226,0.6717627,"(0.0945,0.9901,0.0053,-0.1034)",0.4229548,0,0,0,0,0,0
5,"Environment: 2, FiringMode: 1",19.33634,true,-1.59945,2.30769,1.043486,"(0.0087,0.9940,0.0450,-0.0994)",true,-1.661759,2.173119,0.522092,"(0.1928,-0.9800,0.0032,0.0495)",0,0,0,0,0,0,0,true,-1.750831,2.205121,0.6714223,"(0.0964,0.9900,0.0040,-0.1026)",0.1990231,0,0,0,0,0,0
5,"Environment: 2, FiringMode: 1",19.35029,true,-1.599154,2.307644,1.043555,"(0.0092,0.9941,0.0447,-0.0984)",true,-1.66078,2.173069,0.5220644,"(0.1931,-0.9799,0.0028,0.0493)",0,0,0,0,0,0,0,true,-1.749406,2.204922,0.6701137,"(0.1022,0.9900,-0.0043,-0.0966)",0.07252741,0,0,0,0,0,0
5,"Environment: 2, FiringMode: 1",19.36423,true,-1.598812,2.307477,1.043689,"(0.0099,0.9942,0.0443,-0.0974)",true,-1.658679,2.172863,0.5218492,"(0.1936,-0.9799,0.0031,0.0480)",0,0,0,0,0,0,0,true,-1.749161,2.205001,0.670562,"(0.0981,0.9904,0.0007,-0.0970)",0,0,0,0,0,0,0
5,"Environment: 2, FiringMode: 1",19.37851,true,-1.598507,2.307366,1.043764,"(0.0103,0.9944,0.0438,-0.0960)",true,-1.655733,2.172518,0.5213178,"(0.1934,-0.9801,0.0045,0.0451)",0,0,0,0,0,0,0,true,-1.748411,2.204881,0.6701624,"(0.0986,0.9906,-0.0014,-0.0949)",0,0,0,0,0,0,0
5,"Environment: 2, FiringMode: 1",19.39217,true,-1.598245,2.307313,1.043836,"(0.0104,0.9945,0.0434,-0.0948)",true,-1.653591,2.17221,0.520757,"(0.1926,-0.9803,0.0062,0.0429)",0,0,0,0,0,0,0,true,-1.747658,2.204585,0.6702801,"(0.1009,0.9905,-0.0001,-0.0933)",0,0,0,0,0,0,0
5,"Environment: 2, FiringMode: 1",19.40604,true,-1.598,2.307307,1.043888,"(0.0106,0.9946,0.0435,-0.0935)",true,-1.652226,2.1719,0.5204604,"(0.1930,-0.9803,0.0073,0.0416)",0,0,0,0,0,0,0,true,-1.746869,2.204144,0.6700439,"(0.1048,0.9902,-0.0020,-0.0922)",0,0,0,0,0,0,0
5,"Environment: 2, FiringMode: 1",19.41927,true,-1.597865,2.307332,1.043918,"(0.0109,0.9947,0.0438,-0.0924)",true,-1.651219,2.171626,0.5203501,"(0.1940,-0.9801,0.0071,0.0413)",0,0,0,0,0,0,0,true,-1.74629,2.203601,0.6694274,"(0.1057,0.9903,-0.0055,-0.0906)",0,0,0,0,0,0,0
5,"Environment: 2, FiringMode: 1",19.43335,true,-1.597534,2.307228,1.044011,"(0.0109,0.9948,0.0440,-0.0916)",true,-1.650485,2.171447,0.5203483,"(0.1953,-0.9799,0.0066,0.0411)",0,0,0,0,0,0,0,true,-1.746125,2.203616,0.6689264,"(0.1030,0.9904,-0.0062,-0.0914)",0,0,0,0,0,0,0
5,"Environment: 2, FiringMode: 1",19.44718,true,-1.597372,2.307217,1.044118,"(0.0112,0.9949,0.0438,-0.0907)",true,-1.649786,2.171266,0.5204494,"(0.1956,-0.9798,0.0071,0.0412)",0,0,0,0,0,0,0,true,-1.746785,2.203785,0.669152,"(0.0997,0.9905,-0.0047,-0.0942)",0.005860746,0,0,0,0,0,0
5,"Environment: 2, FiringMode: 1",19.46137,true,-1.597229,2.307216,1.044253,"(0.0114,0.9950,0.0431,-0.0897)",true,-1.649135,2.171175,0.5205956,"(0.1959,-0.9797,0.0071,0.0410)",0,0,0,0,0,0,0,true,-1.746619,2.203597,0.6689174,"(0.0995,0.9905,-0.0054,-0.0952)",0.1035408,0,0,0,0,0,0
5,"Environment: 2, FiringMode: 1",19.47581,true,-1.59715,2.307256,1.044348,"(0.0118,0.9951,0.0432,-0.0886)",true,-1.648611,2.17115,0.5207031,"(0.1958,-0.9798,0.0069,0.0413)",0,0,0,0,0,0,0,true,-1.746504,2.203567,0.6690418,"(0.1000,0.9903,-0.0044,-0.0962)",0.5221001,0,0,0,0,0,0
5,"Environment: 2, FiringMode: 1",19.48932,true,-1.597098,2.307291,1.044405,"(0.0117,0.9952,0.0435,-0.0874)",true,-1.647781,2.171028,0.5206701,"(0.1963,-0.9797,0.0069,0.0411)",0,0,0,0,0,0,0,true,-1.74611,2.203498,0.6687829,"(0.1010,0.9903,-0.0051,-0.0955)",0.9028083,0,0,0,0,0,0
5,"Environment: 2, FiringMode: 1",19.50306,true,-1.597062,2.307346,1.044465,"(0.0116,0.9952,0.0436,-0.0867)",true,-1.645983,2.170749,0.5204936,"(0.1979,-0.9794,0.0073,0.0398)",0,0,0,0,0,0,0,true,-1.745861,2.203459,0.6685728,"(0.1010,0.9903,-0.0059,-0.0955)",0.9504274,0,0,0,0,0,0
5,"Environment: 2, FiringMode: 1",19.5185,true,-1.597069,2.307353,1.044547,"(0.0110,0.9953,0.0436,-0.0859)",true,-1.643889,2.170603,0.520282,"(0.1998,-0.9791,0.0074,0.0374)",0,0,0,0,0,0,0,true,-1.745554,2.20334,0.6682782,"(0.1015,0.9902,-0.0071,-0.0959)",1,0,0,0,0,0,0
5,"Environment: 2, FiringMode: 1",19.53073,true,-1.597095,2.307348,1.044653,"(0.0106,0.9954,0.0430,-0.0853)",true,-1.642489,2.170734,0.5201782,"(0.1988,-0.9794,0.0070,0.0356)",0,0,0,0,0,0,0,true,-1.745497,2.203314,0.6682354,"(0.1009,0.9903,-0.0073,-0.0955)",1,0,0,0,0,0,0
5,"Environment: 2, FiringMode: 1",19.54435,true,-1.597149,2.307343,1.044754,"(0.0103,0.9954,0.0426,-0.0846)",true,-1.640928,2.170777,0.520018,"(0.1970,-0.9798,0.0072,0.0338)",0,0,0,0,0,0,0,true,-1.745126,2.203343,0.6678604,"(0.0991,0.9905,-0.0090,-0.0948)",0.974359,0,0,0,0,0,0
5,"Environment: 2, FiringMode: 1",19.55841,true,-1.59725,2.307373,1.044816,"(0.0106,0.9955,0.0428,-0.0840)",true,-1.639482,2.170671,0.5197676,"(0.1963,-0.9800,0.0081,0.0323)",0,0,0,0,0,0,0,true,-1.745007,2.203486,0.6679124,"(0.0974,0.9907,-0.0085,-0.0950)",0.9260073,0,0,0,0,0,0
5,"Environment: 2, FiringMode: 1",19.57196,true,-1.597331,2.307422,1.044878,"(0.0109,0.9955,0.0430,-0.0835)",true,-1.638611,2.170468,0.5196916,"(0.1989,-0.9795,0.0073,0.0319)",0,0,0,0,0,0,0,true,-1.744873,2.203365,0.6678056,"(0.0985,0.9905,-0.0093,-0.0952)",0.8466423,0,0,0,0,0,0
5,"Environment: 2, FiringMode: 1",19.58576,true,-1.597404,2.307436,1.044942,"(0.0106,0.9955,0.0430,-0.0832)",true,-1.637492,2.170244,0.5195189,"(0.2003,-0.9792,0.0070,0.0311)",0,0,0,0,0,0,0,true,-1.744787,2.20323,0.6677146,"(0.0986,0.9905,-0.0098,-0.0956)",0.2473748,0,0,0,0,0,0
5,"Environment: 2, FiringMode: 1",19.60007,true,-1.597406,2.307392,1.045041,"(0.0100,0.9956,0.0428,-0.0829)",true,-1.636609,2.170031,0.5193139,"(0.1993,-0.9794,0.0077,0.0308)",0,0,0,0,0,0,0,true,-1.743672,2.202962,0.6666041,"(0.1036,0.9902,-0.0145,-0.0929)",0.0681318,0,0,0,0,0,0
5,"Environment: 2, FiringMode: 1",19.614,true,-1.597378,2.307342,1.045135,"(0.0098,0.9957,0.0426,-0.0820)",true,-1.634826,2.169742,0.5191466,"(0.1961,-0.9801,0.0084,0.0298)",0,0,0,0,0,0,0,true,-1.744475,2.203097,0.6674117,"(0.0988,0.9906,-0.0104,-0.0942)",0,0,0,0,0,0,0
5,"Environment: 2, FiringMode: 1",19.62758,true,-1.597314,2.307314,1.045211,"(0.0096,0.9957,0.0424,-0.0814)",true,-1.633659,2.169317,0.5188433,"(0.1951,-0.9803,0.0099,0.0299)",0,0,0,0,0,0,0,true,-1.744186,2.203057,0.667161,"(0.0986,0.9907,-0.0113,-0.0936)",0,0,0,0,0,0,0
5,"Environment: 2, FiringMode: 1",19.64165,true,-1.597233,2.307293,1.045258,"(0.0098,0.9958,0.0424,-0.0806)",true,-1.633159,2.168964,0.5187346,"(0.1973,-0.9798,0.0105,0.0297)",0,0,0,0,0,0,0,true,-1.743991,2.202988,0.6671102,"(0.0986,0.9907,-0.0109,-0.0926)",0,0,0,0,0,0,0
5,"Environment: 2, FiringMode: 1",19.65568,true,-1.597164,2.30729,1.04531,"(0.0102,0.9959,0.0424,-0.0798)",true,-1.631506,2.168477,0.5185803,"(0.2004,-0.9792,0.0102,0.0285)",0,0,0,0,0,0,0,true,-1.743793,2.202885,0.6669821,"(0.0983,0.9909,-0.0114,-0.0915)",0,0,0,0,0,0,0
5,"Environment: 2, FiringMode: 1",19.66954,true,-1.597095,2.307312,1.045399,"(0.0104,0.9959,0.0422,-0.0794)",true,-1.630253,2.168305,0.5185015,"(0.2008,-0.9792,0.0102,0.0276)",0,0,0,0,0,0,0,true,-1.743806,2.202817,0.6670001,"(0.0978,0.9909,-0.0116,-0.0915)",0,0,0,0,0,0,0
5,"Environment: 2, FiringMode: 1",19.68332,true,-1.597031,2.307344,1.045465,"(0.0103,0.9959,0.0426,-0.0787)",true,-1.629391,2.168318,0.5184567,"(0.1994,-0.9795,0.0102,0.0270)",0,0,0,0,0,0,0,true,-1.743759,2.202835,0.667079,"(0.0982,0.9909,-0.0113,-0.0915)",0,0,0,0,0,0,0
5,"Environment: 2, FiringMode: 1",19.69739,true,-1.596947,2.307385,1.045489,"(0.0104,0.9960,0.0428,-0.0780)",true,-1.627213,2.168153,0.5182799,"(0.1985,-0.9797,0.0096,0.0250)",0,0,0,0,0,0,0,true,-1.743541,2.20283,0.6672524,"(0.0991,0.9908,-0.0107,-0.0913)",0,0,0,0,0,0,0
5,"Environment: 2, FiringMode: 1",19.71144,true,-1.596848,2.3074,1.045514,"(0.0099,0.9960,0.0431,-0.0775)",true,-1.624712,2.167993,0.5182796,"(0.1971,-0.9801,0.0098,0.0224)",0,0,0,0,0,0,0,true,-1.743529,2.202675,0.667309,"(0.0999,0.9908,-0.0103,-0.0909)",0,0,0,0,0,0,0
5,"Environment: 2, FiringMode: 1",19.72463,true,-1.596733,2.307409,1.045527,"(0.0098,0.9960,0.0429,-0.0771)",true,-1.622839,2.167898,0.518379,"(0.1952,-0.9805,0.0098,0.0210)",0,0,0,0,0,0,0,true,-1.743618,2.202527,0.6673732,"(0.0999,0.9908,-0.0101,-0.0905)",0,0,0,0,0,0,0
5,"Environment: 2, FiringMode: 1",19.73868,true,-1.596651,2.307388,1.045481,"(0.0101,0.9961,0.0427,-0.0766)",true,-1.62093,2.167852,0.5185371,"(0.1932,-0.9809,0.0095,0.0201)",0,0,0,0,0,0,0,true,-1.743746,2.202315,0.6676559,"(0.0997,0.9909,-0.0098,-0.0899)",0,0,0,0,0,0,0
5,"Environment: 2, FiringMode: 1",19.75278,true,-1.59658,2.307342,1.045418,"(0.0107,0.9961,0.0425,-0.0762)",true,-1.618873,2.167909,0.5188441,"(0.1918,-0.9812,0.0073,0.0191)",0,0,0,0,0,0,0,true,-1.743914,2.201927,0.6683615,"(0.1004,0.9909,-0.0094,-0.0894)",0,0,0,0,0,0,0
5,"Environment: 2, FiringMode: 1",19.76663,true,-1.596496,2.307369,1.045385,"(0.0117,0.9962,0.0419,-0.0755)",true,-1.616694,2.168125,0.5193499,"(0.1916,-0.9813,0.0041,0.0175)",0,0,0,0,0,0,0,true,-1.744239,2.201392,0.6692402,"(0.1016,0.9908,-0.0092,-0.0889)",0,0,0,0,0,0,0
5,"Environment: 2, FiringMode: 1",19.78081,true,-1.596474,2.307442,1.045305,"(0.0126,0.9963,0.0415,-0.0745)",true,-1.613897,2.168934,0.5205035,"(0.1912,-0.9814,-0.0026,0.0158)",0,0,0,0,0,0,0,true,-1.745278,2.199967,0.6713335,"(0.1049,0.9905,-0.0080,-0.0888)",0,0,0,0,0,0,0
5,"Environment: 2, FiringMode: 1",19.79479,true,-1.596485,2.307487,1.045184,"(0.0138,0.9963,0.0417,-0.0736)",true,-1.610648,2.169844,0.5219579,"(0.1902,-0.9816,-0.0101,0.0147)",0,0,0,0,0,0,0,true,-1.746348,2.198647,0.6733027,"(0.1087,0.9900,-0.0065,-0.0895)",0,0,0,0,0,0,0
5,"Environment: 2, FiringMode: 1",19.80884,true,-1.596497,2.307564,1.045003,"(0.0132,0.9963,0.0419,-0.0733)",true,-1.606498,2.170743,0.5233483,"(0.1853,-0.9825,-0.0153,0.0138)",0,0,0,0,0,0,0,true,-1.747692,2.197032,0.6756588,"(0.1127,0.9894,-0.0049,-0.0909)",0,0,0,0,0,0,0
5,"Environment: 2, FiringMode: 1",19.82253,true,-1.59648,2.30764,1.044766,"(0.0120,0.9964,0.0423,-0.0731)",true,-1.601729,2.171683,0.5248325,"(0.1798,-0.9834,-0.0201,0.0115)",0,0,0,0,0,0,0,true,-1.74914,2.195214,0.6784429,"(0.1169,0.9888,-0.0028,-0.0922)",0,0,0,0,0,0,0
5,"Environment: 2, FiringMode: 1",19.83661,true,-1.596408,2.307732,1.044365,"(0.0118,0.9964,0.0423,-0.0728)",true,-1.595596,2.172958,0.5268469,"(0.1712,-0.9849,-0.0254,0.0074)",0,0,0,0,0,0,0,true,-1.750987,2.192407,0.6823133,"(0.1220,0.9883,-0.0007,-0.0920)",0,0,0,0,0,0,0
5,"Environment: 2, FiringMode: 1",19.85063,true,-1.596374,2.30782,1.043986,"(0.0124,0.9964,0.0422,-0.0725)",true,-1.588468,2.17471,0.529629,"(0.1617,-0.9863,-0.0331,0.0007)",0,0,0,0,0,0,0,true,-1.75284,2.189409,0.6861262,"(0.1285,0.9874,0.0014,-0.0924)",0,0,0,0,0,0,0
5,"Environment: 2, FiringMode: 1",19.86439,true,-1.596377,2.307887,1.043589,"(0.0138,0.9964,0.0418,-0.0720)",true,-1.580558,2.176597,0.5333748,"(0.1528,-0.9873,-0.0434,-0.0063)",0,0,0,0,0,0,0,true,-1.755149,2.185364,0.6905267,"(0.1347,0.9866,0.0019,-0.0918)",0,0,0,0,0,0,0
5,"Environment: 2, FiringMode: 1",19.87786,true,-1.596482,2.307944,1.042863,"(0.0151,0.9965,0.0421,-0.0711)",true,-1.57179,2.177892,0.5380173,"(0.1454,-0.9880,-0.0515,-0.0127)",0,0,0,0,0,0,0,true,-1.7576,2.180708,0.6949837,"(0.1408,0.9859,-0.0013,-0.0899)",0,0,0,0,0,0,0
5,"Environment: 2, FiringMode: 1",19.89182,true,-1.596473,2.308163,1.042199,"(0.0150,0.9964,0.0434,-0.0708)",true,-1.562306,2.178242,0.5432065,"(0.1495,-0.9866,-0.0613,-0.0237)",0,0,0,0,0,0,0,true,-1.760229,2.175787,0.7000516,"(0.1482,0.9850,-0.0019,-0.0885)",0,0,0,0,0,0,0
5,"Environment: 2, FiringMode: 1",19.90569,true,-1.596411,2.308195,1.041442,"(0.0135,0.9963,0.0456,-0.0712)",true,-1.552347,2.177278,0.5487737,"(0.1735,-0.9812,-0.0711,-0.0460)",0,0,0,0,0,0,0,true,-1.763213,2.170437,0.7055659,"(0.1571,0.9835,-0.0004,-0.0894)",0,0,0,0,0,0,0
5,"Environment: 2, FiringMode: 1",19.91984,true,-1.59642,2.308213,1.040809,"(0.0121,0.9962,0.0474,-0.0717)",true,-1.542013,2.174939,0.554665,"(0.2060,-0.9731,-0.0765,-0.0693)",0,0,0,0,0,0,0,true,-1.76633,2.164518,0.7113647,"(0.1664,0.9821,0.0012,-0.0881)",0,0,0,0,0,0,0
5,"Environment: 2, FiringMode: 1",19.93385,true,-1.596571,2.308262,1.040112,"(0.0127,0.9961,0.0483,-0.0722)",true,-1.531119,2.171757,0.5606849,"(0.2330,-0.9650,-0.0799,-0.0900)",0,0,0,0,0,0,0,true,-1.769643,2.158129,0.7176282,"(0.1713,0.9817,0.0018,-0.0833)",0,0,0,0,0,0,0
5,"Environment: 2, FiringMode: 1",19.94773,true,-1.59679,2.308363,1.039472,"(0.0141,0.9961,0.0483,-0.0725)",true,-1.519821,2.167068,0.5671799,"(0.2574,-0.9577,-0.0798,-0.1014)",0,0,0,0,0,0,0,true,-1.773234,2.150751,0.7246497,"(0.1748,0.9817,0.0011,-0.0751)",0,0,0,0,0,0,0
5,"Environment: 2, FiringMode: 1",19.96185,true,-1.596866,2.308223,1.03858,"(0.0150,0.9960,0.0496,-0.0732)",true,-1.508792,2.162069,0.5741004,"(0.2873,-0.9470,-0.0878,-0.1135)",0,0,0,0,0,0,0,true,-1.777069,2.143016,0.7311198,"(0.1817,0.9808,-0.0012,-0.0709)",0,0,0,0,0,0,0
5,"Environment: 2, FiringMode: 1",19.97571,true,-1.596689,2.307737,1.037457,"(0.0132,0.9956,0.0534,-0.0753)",true,-1.496655,2.15537,0.58092,"(0.3206,-0.9348,-0.0954,-0.1197)",0,0,0,0,0,0,0,true,-1.781707,2.133911,0.7370396,"(0.1938,0.9783,-0.0062,-0.0733)",0,0,0,0,0,0,0
5,"Environment: 2, FiringMode: 1",19.98921,true,-1.596106,2.307148,1.036551,"(0.0080,0.9952,0.0571,-0.0785)",true,-1.483023,2.148143,0.5858864,"(0.3414,-0.9266,-0.0919,-0.1280)",0,0,0,0,0,0,0,true,-1.786543,2.12447,0.7423863,"(0.2107,0.9742,-0.0109,-0.0802)",0,0,0,0,0,0,0
5,"Environment: 2, FiringMode: 1",20.00301,true,-1.595534,2.306369,1.035776,"(0.0023,0.9949,0.0593,-0.0810)",true,-1.46655,2.139838,0.5882584,"(0.3461,-0.9240,-0.0711,-0.1462)",0,0,0,0,0,0,0,true,-1.791918,2.113905,0.7472622,"(0.2306,0.9689,-0.0173,-0.0880)",0,0,0,0,0,0,0
5,"Environment: 2, FiringMode: 1",20.01711,true,-1.595039,2.305562,1.035209,"(0.0004,0.9949,0.0587,-0.0824)",true,-1.448211,2.130843,0.5887036,"(0.3363,-0.9238,-0.0373,-0.1792)",0,0,0,0,0,0,0,true,-1.797913,2.102783,0.7517638,"(0.2514,0.9625,-0.0273,-0.0984)",0,0,0,0,0,0,0
5,"Environment: 2, FiringMode: 1",20.03047,true,-1.594897,2.304965,1.034663,"(0.0016,0.9950,0.0559,-0.0824)",true,-1.43197,2.121779,0.591136,"(0.3374,-0.9172,-0.0166,-0.2113)",0,0,0,0,0,0,0,true,-1.80409,2.092036,0.7550831,"(0.2725,0.9544,-0.0413,-0.1150)",0,0,0,0,0,0,0
5,"Environment: 2, FiringMode: 1",20.04424,true,-1.59486,2.304566,1.034065,"(0.0062,0.9952,0.0534,-0.0818)",true,-1.418893,2.113066,0.5959762,"(0.3590,-0.9027,-0.0151,-0.2367)",0,0,0,0,0,0,0,true,-1.810216,2.081481,0.7575055,"(0.2900,0.9464,-0.0569,-0.1300)",0,0,0,0,0,0,0
5,"Environment: 2, FiringMode: 1",20.05849,true,-1.595141,2.304325,1.033294,"(0.0128,0.9953,0.0515,-0.0807)",true,-1.408607,2.104841,0.601577,"(0.3974,-0.8806,-0.0278,-0.2566)",0,0,0,0,0,0,0,true,-1.816255,2.071359,0.7599413,"(0.3134,0.9359,-0.0630,-0.1482)",0,0,0,0,0,0,0
5,"Environment: 2, FiringMode: 1",20.0725,true,-1.59521,2.303737,1.03251,"(0.0158,0.9952,0.0517,-0.0818)",true,-1.400059,2.096555,0.606863,"(0.4293,-0.8643,-0.0457,-0.2581)",0,0,0,0,0,0,0,true,-1.821947,2.062091,0.7631284,"(0.3348,0.9257,-0.0662,-0.1631)",0,0,0,0,0,0,0
5,"Environment: 2, FiringMode: 1",20.08631,true,-1.595069,2.30314,1.031785,"(0.0150,0.9949,0.0520,-0.0847)",true,-1.390735,2.087435,0.6105263,"(0.4447,-0.8564,-0.0522,-0.2569)",0,0,0,0,0,0,0,true,-1.827466,2.053399,0.7668413,"(0.3524,0.9163,-0.0700,-0.1772)",0,0,0,0,0,0,0
5,"Environment: 2, FiringMode: 1",20.1003,true,-1.594819,2.302265,1.031094,"(0.0113,0.9946,0.0525,-0.0887)",true,-1.380222,2.078152,0.6132335,"(0.4490,-0.8533,-0.0438,-0.2614)",0,0,0,0,0,0,0,true,-1.832109,2.047062,0.7709792,"(0.3732,0.9063,-0.0589,-0.1893)",0,0,0,0,0,0,0
5,"Environment: 2, FiringMode: 1",20.11419,true,-1.594508,2.301644,1.0305,"(0.0083,0.9944,0.0518,-0.0919)",true,-1.369209,2.069637,0.6154805,"(0.4435,-0.8555,-0.0306,-0.2654)",0,0,0,0,0,0,0,true,-1.836015,2.043039,0.7749869,"(0.3862,0.9007,-0.0407,-0.1945)",0,0,0,0,0,0,0
5,"Environment: 2, FiringMode: 1",20.12966,true,-1.594541,2.301297,1.029981,"(0.0088,0.9944,0.0488,-0.0930)",true,-1.358676,2.06126,0.6176591,"(0.4414,-0.8536,-0.0214,-0.2760)",0,0,0,0,0,0,0,true,-1.839939,2.040952,0.7789717,"(0.3763,0.9076,-0.0268,-0.1844)",0,0,0,0,0,0,0
5,"Environment: 2, FiringMode: 1",20.14195,true,-1.594637,2.300901,1.029444,"(0.0114,0.9945,0.0460,-0.0936)",true,-1.349157,2.05292,0.6199476,"(0.4517,-0.8429,-0.0238,-0.2914)",0,0,0,0,0,0,0,true,-1.844121,2.036798,0.7826998,"(0.3770,0.9075,-0.0227,-0.1837)",0,0,0,0,0,0,0
5,"Environment: 2, FiringMode: 1",20.15565,true,-1.594877,2.300474,1.029,"(0.0153,0.9945,0.0432,-0.0938)",true,-1.341689,2.044651,0.6216676,"(0.4732,-0.8289,-0.0287,-0.2969)",0,0,0,0,0,0,0,true,-1.847429,2.032651,0.7852839,"(0.3879,0.9025,-0.0234,-0.1857)",0,0,0,0,0,0,0
5,"Environment: 2, FiringMode: 1",20.16953,true,-1.594949,2.299906,1.028291,"(0.0160,0.9944,0.0419,-0.0958)",true,-1.335117,2.037378,0.6237088,"(0.4895,-0.8216,-0.0362,-0.2899)",0,0,0,0,0,0,0,true,-1.850651,2.028078,0.7878583,"(0.4020,0.8968,-0.0235,-0.1835)",0,0,0,0,0,0,0
5,"Environment: 2, FiringMode: 1",20.18283,true,-1.594576,2.299228,1.02767,"(0.0127,0.9941,0.0424,-0.0995)",true,-1.329756,2.031997,0.6250031,"(0.4834,-0.8335,-0.0364,-0.2652)",0,0,0,0,0,0,0,true,-1.853355,2.023408,0.7893795,"(0.4252,0.8873,-0.0214,-0.1775)",0,0,0,0,0,0,0
5,"Environment: 2, FiringMode: 1",20.19706,true,-1.594249,2.298861,1.027165,"(0.0095,0.9938,0.0413,-0.1024)",true,-1.323129,2.026444,0.6252849,"(0.4716,-0.8461,-0.0206,-0.2475)",0,0,0,0,0,0,0,true,-1.856564,2.019241,0.7908558,"(0.4472,0.8764,-0.0155,-0.1781)",0,0,0,0,0,0,0
5,"Environment: 2, FiringMode: 1",20.21112,true,-1.59406,2.298481,1.026766,"(0.0088,0.9938,0.0393,-0.1040)",true,-1.317044,2.021184,0.62462,"(0.4751,-0.8453,-0.0011,-0.2446)",0,0,0,0,0,0,0,true,-1.859828,2.018596,0.7907992,"(0.4588,0.8680,-0.0024,-0.1899)",0,0,0,0,0,0,0
5,"Environment: 2, FiringMode: 1",20.22495,true,-1.59392,2.298311,1.026358,"(0.0104,0.9937,0.0369,-0.1049)",true,-1.3119,2.017301,0.6249093,"(0.4889,-0.8343,0.0134,-0.2544)",0,0,0,0,0,0,0,true,-1.863704,2.018359,0.7915713,"(0.4478,0.8710,0.0005,-0.2022)",0,0,0,0,0,0,0
5,"Environment: 2, FiringMode: 1",20.23913,true,-1.594,2.298434,1.02583,"(0.0133,0.9938,0.0350,-0.1051)",true,-1.306727,2.014754,0.625672,"(0.4897,-0.8312,0.0230,-0.2623)",0,0,0,0,0,0,0,true,-1.867636,2.018745,0.7919888,"(0.4198,0.8835,-0.0036,-0.2078)",0,0,0,0,0,0,0
5,"Environment: 2, FiringMode: 1",20.25299,true,-1.593931,2.29842,1.025193,"(0.0165,0.9937,0.0352,-0.1054)",true,-1.303769,2.01486,0.6264852,"(0.4792,-0.8353,0.0191,-0.2689)",0,0,0,0,0,0,0,true,-1.87077,2.018472,0.7919687,"(0.3983,0.8932,-0.0084,-0.2084)",0,0,0,0,0,0,0
5,"Environment: 2, FiringMode: 1",20.26676,true,-1.593712,2.298422,1.024526,"(0.0187,0.9936,0.0365,-0.1057)",true,-1.301606,2.013957,0.6272981,"(0.4698,-0.8423,0.0081,-0.2643)",0,0,0,0,0,0,0,true,-1.87323,2.016647,0.792093,"(0.3954,0.8950,-0.0104,-0.2062)",0,0,0,0,0,0,0
5,"Environment: 2, FiringMode: 1",20.28049,true,-1.593299,2.298265,1.023694,"(0.0182,0.9934,0.0397,-0.1064)",true,-1.30098,2.012809,0.6275408,"(0.4671,-0.8474,-0.0089,-0.2522)",0,0,0,0,0,0,0,true,-1.874016,2.013692,0.7913644,"(0.4187,0.8859,-0.0087,-0.1993)",0,0,0,0,0,0,0
5,"Environment: 2, FiringMode: 1",20.29452,true,-1.592787,2.298025,1.02308,"(0.0162,0.9932,0.0418,-0.1073)",true,-1.298908,2.010338,0.6273276,"(0.4709,-0.8459,-0.0173,-0.2497)",0,0,0,0,0,0,0,true,-1.875173,2.010054,0.7904629,"(0.4541,0.8689,-0.0033,-0.1969)",0,0,0,0,0,0,0
5,"Environment: 2, FiringMode: 1",20.3084,true,-1.592189,2.297698,1.022599,"(0.0150,0.9932,0.0423,-0.1076)",true,-1.296629,2.007663,0.6260367,"(0.4752,-0.8433,-0.0227,-0.2501)",0,0,0,0,0,0,0,true,-1.87678,2.006369,0.7891521,"(0.4960,0.8440,-0.0022,-0.2039)",0,0,0,0,0,0,0
5,"Environment: 2, FiringMode: 1",20.32252,true,-1.591684,2.297331,1.022093,"(0.0160,0.9933,0.0411,-0.1069)",true,-1.293778,2.005495,0.6248755,"(0.4738,-0.8433,-0.0285,-0.2519)",0,0,0,0,0,0,0,true,-1.878717,2.003657,0.7879986,"(0.5173,0.8310,-0.0011,-0.2046)",0,0,0,0,0,0,0
5,"Environment: 2, FiringMode: 1",20.33549,true,-1.591025,2.296982,1.02161,"(0.0180,0.9935,0.0392,-0.1057)",true,-1.29153,2.00414,0.6237352,"(0.4760,-0.8409,-0.0391,-0.2546)",0,0,0,0,0,0,0,true,-1.880398,2.002405,0.7862091,"(0.5161,0.8334,-0.0020,-0.1977)",0,0,0,0,0,0,0
5,"Environment: 2, FiringMode: 1",20.34945,true,-1.590375,2.296824,1.020891,"(0.0201,0.9937,0.0377,-0.1039)",true,-1.289639,2.003253,0.6225178,"(0.4772,-0.8382,-0.0486,-0.2593)",0,0,0,0,0,0,0,true,-1.881984,2.00196,0.7838008,"(0.4975,0.8471,-0.0125,-0.1864)",0,0,0,0,0,0,0
5,"Environment: 2, FiringMode: 1",20.36333,true,-1.589626,2.296618,1.020169,"(0.0197,0.9938,0.0375,-0.1030)",true,-1.287534,2.002844,0.6194875,"(0.4698,-0.8406,-0.0491,-0.2653)",0,0,0,0,0,0,0,true,-1.883089,2.001417,0.7824554,"(0.4827,0.8550,-0.0264,-0.1878)",0,0,0,0,0,0,0
5,"Environment: 2, FiringMode: 1",20.37749,true,-1.588927,2.296416,1.019511,"(0.0188,0.9939,0.0368,-0.1020)",true,-1.285144,2.003384,0.6160209,"(0.4480,-0.8539,-0.0446,-0.2612)",0,0,0,0,0,0,0,true,-1.884381,2.000389,0.7823228,"(0.4715,0.8578,-0.0310,-0.2022)",0,0,0,0,0,0,0
5,"Environment: 2, FiringMode: 1",20.39159,true,-1.588312,2.296113,1.018843,"(0.0197,0.9942,0.0354,-0.1001)",true,-1.283273,2.005443,0.6131252,"(0.4300,-0.8640,-0.0393,-0.2590)",0,0,0,0,0,0,0,true,-1.886331,1.999184,0.7811192,"(0.4411,0.8715,-0.0405,-0.2105)",0,0,0,0,0,0,0
5,"Environment: 2, FiringMode: 1",20.40545,true,-1.587631,2.295926,1.018051,"(0.0213,0.9943,0.0340,-0.0983)",true,-1.283057,2.006489,0.6115037,"(0.4363,-0.8606,-0.0403,-0.2594)",0,0,0,0,0,0,0,true,-1.887709,1.997605,0.7792174,"(0.4300,0.8755,-0.0455,-0.2158)",0,0,0,0,0,0,0
5,"Environment: 2, FiringMode: 1",20.41916,true,-1.586986,2.295686,1.017252,"(0.0224,0.9945,0.0332,-0.0964)",true,-1.283864,2.006452,0.6102764,"(0.4616,-0.8456,-0.0447,-0.2643)",0,0,0,0,0,0,0,true,-1.888619,1.996004,0.7777445,"(0.4290,0.8748,-0.0430,-0.2209)",0,0,0,0,0,0,0
5,"Environment: 2, FiringMode: 1",20.43321,true,-1.586397,2.295377,1.01641,"(0.0235,0.9948,0.0321,-0.0941)",true,-1.284824,2.006428,0.6094632,"(0.4755,-0.8389,-0.0498,-0.2601)",0,0,0,0,0,0,0,true,-1.888681,1.994456,0.7761779,"(0.4363,0.8712,-0.0354,-0.2221)",0,0,0,0,0,0,0
5,"Environment: 2, FiringMode: 1",20.44678,true,-1.585774,2.294879,1.01566,"(0.0243,0.9950,0.0308,-0.0924)",true,-1.285375,2.006375,0.6081926,"(0.4744,-0.8428,-0.0538,-0.2487)",0,0,0,0,0,0,0,true,-1.888841,1.992838,0.7747512,"(0.4369,0.8712,-0.0352,-0.2209)",0,0,0,0,0,0,0
5,"Environment: 2, FiringMode: 1",20.46089,true,-1.58534,2.294354,1.014954,"(0.0245,0.9952,0.0283,-0.0906)",true,-1.286217,2.006075,0.6065153,"(0.4666,-0.8517,-0.0530,-0.2327)",0,0,0,0,0,0,0,true,-1.888582,1.99092,0.7735071,"(0.4312,0.8748,-0.0402,-0.2174)",0,0,0,0,0,0,0
5,"Environment: 2, FiringMode: 1",20.47494,true,-1.58482,2.293624,1.014224,"(0.0255,0.9954,0.0258,-0.0892)",true,-1.286513,2.005,0.6047615,"(0.4552,-0.8627,-0.0458,-0.2155)",0,0,0,0,0,0,0,true,-1.887917,1.989232,0.7722888,"(0.4242,0.8796,-0.0437,-0.2107)",0,0,0,0,0,0,0
5,"Environment: 2, FiringMode: 1",20.4884,true,-1.584387,2.292821,1.013554,"(0.0261,0.9956,0.0231,-0.0875)",true,-1.286446,2.003355,0.6025583,"(0.4444,-0.8733,-0.0335,-0.1971)",0,0,0,0,0,0,0,true,-1.886959,1.98806,0.7710468,"(0.4213,0.8823,-0.0403,-0.2060)",0,0,0,0,0,0,0
5,"Environment: 2, FiringMode: 1",20.50215,true,-1.583889,2.292018,1.012891,"(0.0266,0.9957,0.0199,-0.0864)",true,-1.286234,2.001004,0.5999001,"(0.4350,-0.8828,-0.0176,-0.1764)",0,0,0,0,0,0,0,true,-1.886043,1.987293,0.7697659,"(0.4181,0.8849,-0.0315,-0.2030)",0,0,0,0,0,0,0
5,"Environment: 2, FiringMode: 1",20.51638,true,-1.58359,2.291226,1.012302,"(0.0270,0.9959,0.0165,-0.0849)",true,-1.286247,1.998681,0.5978662,"(0.4326,-0.8874,-0.0076,-0.1591)",0,0,0,0,0,0,0,true,-1.885799,1.986158,0.7686219,"(0.4169,0.8857,-0.0269,-0.2027)",0,0,0,0,0,0,0
5,"Environment: 2, FiringMode: 1",20.53045,true,-1.583355,2.290336,1.011675,"(0.0281,0.9960,0.0132,-0.0834)",true,-1.286644,1.996689,0.5970355,"(0.4415,-0.8841,-0.0081,-0.1528)",0,0,0,0,0,0,0,true,-1.885615,1.984792,0.7677178,"(0.4207,0.8835,-0.0258,-0.2042)",0,0,0,0,0,0,0
5,"Environment: 2, FiringMode: 1",20.54436,true,-1.583005,2.289445,1.011071,"(0.0280,0.9961,0.0103,-0.0826)",true,-1.287039,1.994881,0.5968428,"(0.4550,-0.8770,-0.0129,-0.1538)",0,0,0,0,0,0,0,true,-1.885185,1.983323,0.766741,"(0.4274,0.8807,-0.0272,-0.2025)",0,0,0,0,0,0,0
5,"Environment: 2, FiringMode: 1",20.55844,true,-1.582827,2.288883,1.010321,"(0.0281,0.9962,0.0073,-0.0816)",true,-1.287108,1.992986,0.5968274,"(0.4654,-0.8716,-0.0143,-0.1535)",0,0,0,0,0,0,0,true,-1.884471,1.981973,0.7659255,"(0.4330,0.8787,-0.0239,-0.1998)",0,0,0,0,0,0,0
5,"Environment: 2, FiringMode: 1",20.57238,true,-1.582682,2.288311,1.009702,"(0.0287,0.9963,0.0052,-0.0811)",true,-1.286911,1.991133,0.5968924,"(0.4739,-0.8672,-0.0141,-0.1521)",0,0,0,0,0,0,0,true,-1.884109,1.980698,0.7650864,"(0.4326,0.8791,-0.0202,-0.1990)",0,0,0,0,0,0,0
5,"Environment: 2, FiringMode: 1",20.58621,true,-1.582824,2.28765,1.009109,"(0.0286,0.9963,0.0037,-0.0808)",true,-1.286159,1.989272,0.5969436,"(0.4792,-0.8647,-0.0121,-0.1501)",0,0,0,0,0,0,0,true,-1.883988,1.979081,0.7641908,"(0.4340,0.8786,-0.0235,-0.1976)",0,0,0,0,0,0,0
5,"Environment: 2, FiringMode: 1",20.60013,true,-1.582842,2.286905,1.008608,"(0.0289,0.9963,0.0016,-0.0806)",true,-1.285086,1.987471,0.5967654,"(0.4800,-0.8651,-0.0076,-0.1456)",0,0,0,0,0,0,0,true,-1.883939,1.976972,0.7632447,"(0.4425,0.8748,-0.0322,-0.1947)",0,0,0,0,0,0,0
5,"Environment: 2, FiringMode: 1",20.61406,true,-1.582905,2.286131,1.008366,"(0.0292,0.9963,-0.0012,-0.0805)",true,-1.283332,1.985831,0.5967267,"(0.4771,-0.8670,0.0014,-0.1438)",0,0,0,0,0,0,0,true,-1.884144,1.974691,0.7621148,"(0.4625,0.8651,-0.0495,-0.1879)",0,0,0,0,0,0,0
5,"Environment: 2, FiringMode: 1",20.62801,true,-1.582984,2.285469,1.007992,"(0.0294,0.9963,-0.0045,-0.0803)",true,-1.281434,1.984144,0.5967079,"(0.4800,-0.8640,0.0116,-0.1514)",0,0,0,0,0,0,0,true,-1.884696,1.975015,0.7616699,"(0.4713,0.8589,-0.0470,-0.1949)",0,0,0,0,0,0,0
5,"Environment: 2, FiringMode: 1",20.64139,true,-1.582985,2.284798,1.007656,"(0.0295,0.9963,-0.0071,-0.0803)",true,-1.279518,1.982274,0.5966909,"(0.4803,-0.8626,0.0222,-0.1573)",0,0,0,0,0,0,0,true,-1.885206,1.978003,0.7617081,"(0.4664,0.8600,-0.0291,-0.2047)",0,0,0,0,0,0,0
5,"Environment: 2, FiringMode: 1",20.65539,true,-1.583069,2.284167,1.007329,"(0.0295,0.9963,-0.0092,-0.0801)",true,-1.277771,1.980234,0.5968445,"(0.4815,-0.8614,0.0320,-0.1584)",0,0,0,0,0,0,0,true,-1.885804,1.980132,0.7617649,"(0.4552,0.8639,-0.0267,-0.2139)",0,0,0,0,0,0,0
5,"Environment: 2, FiringMode: 1",20.66957,true,-1.583181,2.283616,1.007129,"(0.0294,0.9963,-0.0112,-0.0806)",true,-1.276714,1.978337,0.5974576,"(0.4885,-0.8573,0.0353,-0.1586)",0,0,0,0,0,0,0,true,-1.886189,1.980355,0.7614319,"(0.4516,0.8656,-0.0278,-0.2147)",0,0,0,0,0,0,0
5,"Environment: 2, FiringMode: 1",20.68328,true,-1.583403,2.283191,1.007028,"(0.0298,0.9962,-0.0136,-0.0809)",true,-1.276122,1.976744,0.5983942,"(0.4995,-0.8510,0.0333,-0.1585)",0,0,0,0,0,0,0,true,-1.886381,1.979858,0.7611025,"(0.4540,0.8645,-0.0290,-0.2138)",0,0,0,0,0,0,0
5,"Environment: 2, FiringMode: 1",20.69736,true,-1.583663,2.282716,1.007011,"(0.0302,0.9961,-0.0156,-0.0816)",true,-1.275473,1.975443,0.5990928,"(0.5081,-0.8460,0.0318,-0.1584)",0,0,0,0,0,0,0,true,-1.886429,1.979325,0.760751,"(0.4583,0.8622,-0.0284,-0.2138)",0,0,0,0,0,0,0
5,"Environment: 2, FiringMode: 1",20.71143,true,-1.583902,2.282361,1.006921,"(0.0307,0.9960,-0.0177,-0.0822)",true,-1.27452,1.9742,0.5992055,"(0.5010,-0.8510,0.0381,-0.1529)",0,0,0,0,0,0,0,true,-1.886787,1.979034,0.7602084,"(0.4627,0.8591,-0.0291,-0.2167)",0,0,0,0,0,0,0
5,"Environment: 2, FiringMode: 1",20.72521,true,-1.584124,2.282044,1.006854,"(0.0311,0.9959,-0.0194,-0.0828)",true,-1.273774,1.973207,0.5993801,"(0.4973,-0.8529,0.0448,-0.1526)",0,0,0,0,0,0,0,true,-1.887136,1.97885,0.7600335,"(0.4644,0.8574,-0.0281,-0.2199)",0,0,0,0,0,0,0
5,"Environment: 2, FiringMode: 1",20.73928,true,-1.584273,2.281592,1.006858,"(0.0315,0.9958,-0.0209,-0.0837)",true,-1.273477,1.972437,0.599759,"(0.5042,-0.8481,0.0475,-0.1556)",0,0,0,0,0,0,0,true,-1.887245,1.978444,0.7594174,"(0.4679,0.8552,-0.0298,-0.2211)",0,0,0,0,0,0,0
5,"Environment: 2, FiringMode: 1",20.75329,true,-1.584505,2.281321,1.006857,"(0.0319,0.9957,-0.0223,-0.0845)",true,-1.273325,1.972286,0.6003234,"(0.5090,-0.8452,0.0466,-0.1560)",0,0,0,0,0,0,0,true,-1.887073,1.978004,0.7591596,"(0.4705,0.8540,-0.0300,-0.2199)",0,0,0,0,0,0,0
5,"Environment: 2, FiringMode: 1",20.76704,true,-1.584859,2.281139,1.00679,"(0.0325,0.9955,-0.0234,-0.0855)",true,-1.272754,1.972272,0.6007499,"(0.5033,-0.8493,0.0495,-0.1512)",0,0,0,0,0,0,0,true,-1.886412,1.977587,0.7591179,"(0.4726,0.8541,-0.0292,-0.2151)",0,0,0,0,0,0,0
5,"Environment: 2, FiringMode: 1",20.78102,true,-1.585161,2.281013,1.006803,"(0.0330,0.9954,-0.0242,-0.0864)",true,-1.271981,1.971992,0.6010962,"(0.5102,-0.8445,0.0511,-0.1543)",0,0,0,0,0,0,0,true,-1.886087,1.977428,0.7588967,"(0.4771,0.8514,-0.0276,-0.2162)",0,0,0,0,0,0,0
5,"Environment: 2, FiringMode: 1",20.79443,true,-1.585549,2.280836,1.006852,"(0.0333,0.9953,-0.0248,-0.0872)",true,-1.271456,1.972072,0.6015449,"(0.5117,-0.8432,0.0503,-0.1568)",0,0,0,0,0,0,0,true,-1.886182,1.977433,0.7588363,"(0.4760,0.8519,-0.0288,-0.2167)",0,0,0,0,0,0,0
5,"Environment: 2, FiringMode: 1",20.80823,true,-1.585834,2.280705,1.006879,"(0.0334,0.9952,-0.0256,-0.0880)",true,-1.271489,1.972604,0.6017021,"(0.5043,-0.8483,0.0486,-0.1541)",0,0,0,0,0,0,0,true,-1.886355,1.977833,0.7593901,"(0.4707,0.8551,-0.0297,-0.2151)",0,0,0,0,0,0,0
5,"Environment: 2, FiringMode: 1",20.82234,true,-1.586146,2.280579,1.006903,"(0.0334,0.9951,-0.0262,-0.0888)",true,-1.271348,1.973314,0.6026069,"(0.4882,-0.8584,0.0480,-0.1498)",0,0,0,0,0,0,0,true,-1.886344,1.977809,0.759542,"(0.4693,0.8563,-0.0297,-0.2137)",0,0,0,0,0,0,0
5,"Environment: 2, FiringMode: 1",20.83631,true,-1.586516,2.280505,1.006895,"(0.0335,0.9950,-0.0270,-0.0896)",true,-1.271326,1.973849,0.6029853,"(0.4743,-0.8669,0.0485,-0.1454)",0,0,0,0,0,0,0,true,-1.885837,1.97765,0.7596157,"(0.4704,0.8563,-0.0283,-0.2114)",0,0,0,0,0,0,0
5,"Environment: 2, FiringMode: 1",20.85039,true,-1.586969,2.280377,1.006837,"(0.0334,0.9950,-0.0272,-0.0903)",true,-1.270902,1.974073,0.6030954,"(0.4575,-0.8770,0.0482,-0.1386)",0,0,0,0,0,0,0,true,-1.884143,1.97651,0.7593393,"(0.4855,0.8484,-0.0230,-0.2096)",0,0,0,0,0,0,0
5,"Environment: 2, FiringMode: 1",20.86411,true,-1.587355,2.280351,1.006849,"(0.0331,0.9949,-0.0275,-0.0912)",true,-1.270445,1.973585,0.6031793,"(0.4652,-0.8734,0.0451,-0.1370)",0,0,0,0,0,0,0,true,-1.883055,1.976063,0.7594855,"(0.4906,0.8473,-0.0175,-0.2030)",0,0,0,0,0,0,0
5,"Environment: 2, FiringMode: 1",20.87823,true,-1.58775,2.280337,1.006896,"(0.0331,0.9948,-0.0272,-0.0925)",true,-1.269538,1.972394,0.602909,"(0.4788,-0.8648,0.0569,-0.1398)",0,0,0,0,0,0,0,true,-1.882333,1.975972,0.7598969,"(0.4878,0.8514,-0.0146,-0.1925)",0,0,0,0,0,0,0
5,"Environment: 2, FiringMode: 1",20.89234,true,-1.58822,2.28019,1.007003,"(0.0332,0.9947,-0.0271,-0.0939)",true,-1.267923,1.971335,0.6031875,"(0.4907,-0.8572,0.0576,-0.1453)",0,0,0,0,0,0,0,true,-1.881989,1.976039,0.7600844,"(0.4870,0.8533,-0.0109,-0.1862)",0,0,0,0,0,0,0
5,"Environment: 2, FiringMode: 1",20.90566,true,-1.588672,2.280172,1.007106,"(0.0337,0.9945,-0.0276,-0.0954)",true,-1.265973,1.970093,0.60358,"(0.5033,-0.8498,0.0563,-0.1466)",0,0,0,0,0,0,0,true,-1.881791,1.975628,0.759881,"(0.4901,0.8520,-0.0097,-0.1837)",0,0,0,0,0,0,0
5,"Environment: 2, FiringMode: 1",20.91971,true,-1.589178,2.280079,1.007191,"(0.0338,0.9943,-0.0281,-0.0969)",true,-1.263622,1.968923,0.6041986,"(0.5065,-0.8481,0.0612,-0.1432)",0,0,0,0,0,0,0,true,-1.881344,1.975031,0.759441,"(0.4952,0.8499,-0.0072,-0.1797)",0,0,0,0,0,0,0
5,"Environment: 2, FiringMode: 1",20.93376,true,-1.589772,2.280137,1.007208,"(0.0336,0.9941,-0.0283,-0.0991)",true,-1.26057,1.972546,0.6043925,"(0.4624,-0.8725,0.0632,-0.1446)",0,0,0,0,0,0,0,true,-1.880672,1.974292,0.7593802,"(0.5036,0.8457,-0.0032,-0.1769)",0,0,0,0,0,0,0
5,"Environment: 2, FiringMode: 1",20.94693,true,-1.590486,2.280062,1.007243,"(0.0336,0.9938,-0.0280,-0.1020)",true,-1.258224,1.97431,0.6047826,"(0.4629,-0.8699,0.0598,-0.1598)",0,0,0,0,0,0,0,true,-1.879663,1.973711,0.7596995,"(0.5127,0.8408,0.0036,-0.1737)",0,0,0,0,0,0,0
5,"Environment: 2, FiringMode: 1",20.961,true,-1.591276,2.279902,1.007367,"(0.0339,0.9934,-0.0280,-0.1056)",true,-1.255532,1.975068,0.6052086,"(0.4646,-0.8671,0.0659,-0.1669)",0,0,0,0,0,0,0,true,-1.878316,1.973043,0.760094,"(0.5220,0.8359,0.0106,-0.1693)",0,0,0,0,0,0,0
5,"Environment: 2, FiringMode: 1",20.97505,true,-1.591994,2.279716,1.007483,"(0.0349,0.9930,-0.0289,-0.1095)",true,-1.25153,1.975079,0.6056653,"(0.4648,-0.8655,0.0708,-0.1730)",0,0,0,0,0,0,0,true,-1.8765,1.971964,0.760419,"(0.5334,0.8298,0.0181,-0.1630)",0,0,0,0,0,0,0
5,"Environment: 2, FiringMode: 1",20.98899,true,-1.592754,2.279433,1.007578,"(0.0353,0.9925,-0.0298,-0.1133)",true,-1.247607,1.975007,0.6062047,"(0.4660,-0.8633,0.0720,-0.1798)",0,0,0,0,0,0,0,true,-1.875256,1.971051,0.7604854,"(0.5377,0.8284,0.0195,-0.1557)",0,0,0,0,0,0,0
5,"Environment: 2, FiringMode: 1",21.00283,true,-1.593487,2.279174,1.007641,"(0.0362,0.9920,-0.0309,-0.1173)",true,-1.24341,1.975118,0.6068974,"(0.4647,-0.8625,0.0736,-0.1864)",0,0,0,0,0,0,0,true,-1.87443,1.970396,0.7606727,"(0.5386,0.8290,0.0184,-0.1495)",0,0,0,0,0,0,0
5,"Environment: 2, FiringMode: 1",21.01684,true,-1.594231,2.278921,1.007695,"(0.0365,0.9914,-0.0321,-0.1217)",true,-1.239813,1.975412,0.6075209,"(0.4625,-0.8624,0.0779,-0.1905)",0,0,0,0,0,0,0,true,-1.873941,1.970053,0.7610465,"(0.5378,0.8304,0.0180,-0.1446)",0,0,0,0,0,0,0
5,"Environment: 2, FiringMode: 1",21.03085,true,-1.595285,2.278589,1.007791,"(0.0369,0.9908,-0.0334,-0.1257)",true,-1.236818,1.975173,0.6081061,"(0.4661,-0.8597,0.0811,-0.1926)",0,0,0,0,0,0,0,true,-1.873522,1.969532,0.761371,"(0.5392,0.8301,0.0183,-0.1408)",0,0,0,0,0,0,0
5,"Environment: 2, FiringMode: 1",21.04471,true,-1.59622,2.278261,1.007902,"(0.0373,0.9901,-0.0349,-0.1309)",true,-1.233938,1.974194,0.6084489,"(0.4713,-0.8563,0.0825,-0.1945)",0,0,0,0,0,0,0,true,-1.873044,1.968738,0.7613776,"(0.5438,0.8272,0.0167,-0.1404)",0,0,0,0,0,0,0
5,"Environment: 2, FiringMode: 1",21.05879,true,-1.597197,2.277855,1.008074,"(0.0382,0.9893,-0.0362,-0.1362)",true,-1.231151,1.972414,0.6086754,"(0.4821,-0.8496,0.0851,-0.1961)",0,0,0,0,0,0,0,true,-1.872688,1.968163,0.7611542,"(0.5420,0.8290,0.0110,-0.1371)",0,0,0,0,0,0,0
5,"Environment: 2, FiringMode: 1",21.0729,true,-1.598389,2.277754,1.008161,"(0.0387,0.9885,-0.0381,-0.1414)",true,-1.228649,1.970092,0.6091268,"(0.4934,-0.8436,0.0891,-0.1923)",0,0,0,0,0,0,0,true,-1.874379,1.969973,0.7607858,"(0.5247,0.8395,0.0043,-0.1409)",0,0,0,0,0,0,0
5,"Environment: 2, FiringMode: 1",21.08673,true,-1.599293,2.277362,1.008371,"(0.0396,0.9876,-0.0390,-0.1470)",true,-1.226325,1.968171,0.6096257,"(0.5038,-0.8372,0.0913,-0.1924)",0,0,0,0,0,0,0,true,-1.87578,1.969817,0.7599679,"(0.5162,0.8440,-0.0083,-0.1453)",0,0,0,0,0,0,0
5,"Environment: 2, FiringMode: 1",21.09992,true,-1.600195,2.277128,1.008511,"(0.0403,0.9866,-0.0403,-0.1526)",true,-1.224202,1.966473,0.6099269,"(0.5057,-0.8357,0.0948,-0.1920)",0,0,0,0,0,0,0,true,-1.876775,1.969576,0.7594012,"(0.5101,0.8476,-0.0171,-0.1449)",0,0,0,0,0,0,0
5,"Environment: 2, FiringMode: 1",21.11398,true,-1.601141,2.277059,1.008585,"(0.0406,0.9856,-0.0415,-0.1587)",true,-1.222643,1.96466,0.6092584,"(0.5226,-0.8251,0.1182,-0.1795)",0,0,0,0,0,0,0,true,-1.877266,1.969359,0.7588428,"(0.5036,0.8518,-0.0268,-0.1416)",0,0,0,0,0,0,0
5,"Environment: 2, FiringMode: 1",21.1279,true,-1.602604,2.276928,1.008714,"(0.0414,0.9847,-0.0422,-0.1639)",true,-1.219827,1.970475,0.6087334,"(0.4498,-0.8681,0.1223,-0.1707)",0,0,0,0,0,0,0,true,-1.877762,1.969175,0.7586137,"(0.4971,0.8553,-0.0353,-0.1420)",0,0,0,0,0,0,0
5,"Environment: 2, FiringMode: 1",21.14194,true,-1.603681,2.276788,1.008946,"(0.0421,0.9834,-0.0428,-0.1710)",true,-1.218619,1.97092,0.6076063,"(0.4751,-0.8525,0.1219,-0.1809)",0,0,0,0,0,0,0,true,-1.877682,1.969263,0.7585407,"(0.4975,0.8552,-0.0355,-0.1411)",0,0,0,0,0,0,0
5,"Environment: 2, FiringMode: 1",21.15586,true,-1.605087,2.276795,1.009174,"(0.0426,0.9821,-0.0435,-0.1780)",true,-1.217872,1.970624,0.6086121,"(0.4948,-0.8419,0.1000,-0.1908)",0,0,0,0,0,0,0,true,-1.877382,1.969294,0.758629,"(0.5002,0.8541,-0.0294,-0.1393)",0,0,0,0,0,0,0
5,"Environment: 2, FiringMode: 1",21.16982,true,-1.606452,2.27681,1.00942,"(0.0435,0.9806,-0.0443,-0.1859)",true,-1.216277,1.970817,0.6088508,"(0.4915,-0.8446,0.0951,-0.1897)",0,0,0,0,0,0,0,true,-1.877454,1.96916,0.758433,"(0.4989,0.8547,-0.0326,-0.1396)",0,0,0,0,0,0,0
5,"Environment: 2, FiringMode: 1",21.18367,true,-1.60792,2.27661,1.009826,"(0.0449,0.9788,-0.0444,-0.1947)",true,-1.213,1.967581,0.6064767,"(0.4891,-0.8463,0.0936,-0.1895)",0,0,0,0,0,0,0,true,-1.877944,1.969069,0.7580003,"(0.4913,0.8588,-0.0423,-0.1393)",0,0,0,0,0,0,0
5,"Environment: 2, FiringMode: 1",21.1977,true,-1.609419,2.2766,1.010071,"(0.0472,0.9769,-0.0453,-0.2033)",true,-1.209958,1.964329,0.6040884,"(0.4802,-0.8515,0.1013,-0.1845)",0,0,0,0,0,0,0,true,-1.878593,1.968877,0.7575118,"(0.4830,0.8630,-0.0536,-0.1380)",0,0,0,0,0,0,0
5,"Environment: 2, FiringMode: 1",21.21164,true,-1.610874,2.276483,1.010345,"(0.0486,0.9751,-0.0467,-0.2115)",true,-1.208,1.962793,0.6020674,"(0.4595,-0.8629,0.1202,-0.1725)",0,0,0,0,0,0,0,true,-1.879157,1.968518,0.7569189,"(0.4752,0.8668,-0.0634,-0.1374)",0,0,0,0,0,0,0
5,"Environment: 2, FiringMode: 1",21.22548,true,-1.612113,2.275999,1.010699,"(0.0496,0.9732,-0.0473,-0.2195)",true,-1.206586,1.96191,0.6004748,"(0.4448,-0.8699,0.1337,-0.1661)",0,0,0,0,0,0,0,true,-1.879511,1.968445,0.7567247,"(0.4712,0.8685,-0.0680,-0.1381)",0,0,0,0,0,0,0
5,"Environment: 2, FiringMode: 1",21.23956,true,-1.613259,2.275806,1.010928,"(0.0507,0.9714,-0.0496,-0.2266)",true,-1.205131,1.960987,0.5984259,"(0.4290,-0.8771,0.1428,-0.1622)",0,0,0,0,0,0,0,true,-1.879548,1.968472,0.7568221,"(0.4718,0.8681,-0.0679,-0.1386)",0,0,0,0,0,0,0
5,"Environment: 2, FiringMode: 1",21.25289,true,-1.614599,2.275485,1.011254,"(0.0507,0.9698,-0.0508,-0.2332)",true,-1.203689,1.959925,0.5959585,"(0.4181,-0.8819,0.1489,-0.1588)",0,0,0,0,0,0,0,true,-1.879362,1.968601,0.7570442,"(0.4741,0.8672,-0.0642,-0.1381)",0,0,0,0,0,0,0
5,"Environment: 2, FiringMode: 1",21.26663,true,-1.615842,2.275411,1.011341,"(0.0508,0.9681,-0.0519,-0.2397)",true,-1.20241,1.959002,0.5933173,"(0.4191,-0.8808,0.1486,-0.1625)",0,0,0,0,0,0,0,true,-1.879112,1.968767,0.7571433,"(0.4761,0.8666,-0.0604,-0.1368)",0,0,0,0,0,0,0
5,"Environment: 2, FiringMode: 1",21.28075,true,-1.617009,2.275302,1.011548,"(0.0507,0.9665,-0.0524,-0.2463)",true,-1.202579,1.958706,0.5917438,"(0.4482,-0.8660,0.1310,-0.1789)",0,0,0,0,0,0,0,true,-1.879395,1.968654,0.7569829,"(0.4729,0.8680,-0.0646,-0.1373)",0,0,0,0,0,0,0
5,"Environment: 2, FiringMode: 1",21.29466,true,-1.618098,2.275205,1.01177,"(0.0515,0.9648,-0.0532,-0.2523)",true,-1.20205,1.958136,0.590151,"(0.4453,-0.8674,0.1335,-0.1774)",0,0,0,0,0,0,0,true,-1.88018,1.968364,0.7565173,"(0.4641,0.8718,-0.0753,-0.1375)",0,0,0,0,0,0,0
5,"Environment: 2, FiringMode: 1",21.3086,true,-1.619245,2.275043,1.012038,"(0.0520,0.9633,-0.0545,-0.2576)",true,-1.201951,1.958357,0.589255,"(0.4439,-0.8681,0.1333,-0.1778)",0,0,0,0,0,0,0,true,-1.881661,1.968039,0.7556651,"(0.4481,0.8782,-0.0949,-0.1375)",0,0,0,0,0,0,0
5,"Environment: 2, FiringMode: 1",21.32259,true,-1.620208,2.274732,1.012266,"(0.0522,0.9619,-0.0556,-0.2627)",true,-1.202055,1.958965,0.5886943,"(0.4427,-0.8677,0.1359,-0.1807)",0,0,0,0,0,0,0,true,-1.883153,1.967903,0.754793,"(0.4304,0.8854,-0.1119,-0.1353)",0,0,0,0,0,0,0
5,"Environment: 2, FiringMode: 1",21.33651,true,-1.621217,2.274521,1.012444,"(0.0521,0.9606,-0.0567,-0.2672)",true,-1.202087,1.959122,0.5877953,"(0.4467,-0.8649,0.1343,-0.1854)",0,0,0,0,0,0,0,true,-1.884622,1.967865,0.7540889,"(0.4135,0.8919,-0.1252,-0.1340)",0,0,0,0,0,0,0
5,"Environment: 2, FiringMode: 1",21.35038,true,-1.622071,2.27433,1.012564,"(0.0523,0.9594,-0.0574,-0.2712)",true,-1.201793,1.958779,0.5863488,"(0.4464,-0.8646,0.1361,-0.1862)",0,0,0,0,0,0,0,true,-1.886145,1.967687,0.7534392,"(0.3939,0.8989,-0.1394,-0.1318)",0,0,0,0,0,0,0
5,"Environment: 2, FiringMode: 1",21.36418,true,-1.623016,2.274286,1.012668,"(0.0518,0.9583,-0.0580,-0.2748)",true,-1.201872,1.958398,0.5853239,"(0.4466,-0.8646,0.1359,-0.1860)",0,0,0,0,0,0,0,true,-1.886472,1.968256,0.7535518,"(0.3945,0.8983,-0.1337,-0.1398)",0,0,0,0,0,0,0
5,"Environment: 2, FiringMode: 1",21.3782,true,-1.623771,2.274137,1.012833,"(0.0511,0.9572,-0.0583,-0.2790)",true,-1.202456,1.958879,0.5862304,"(0.4437,-0.8668,0.1357,-0.1828)",0,0,0,0,0,0,0,true,-1.884769,1.9679,0.7542155,"(0.4401,0.8777,-0.1087,-0.1557)",0,0,0,0,0,0,0
5,"Environment: 2, FiringMode: 1",21.39224,true,-1.624629,2.274054,1.013021,"(0.0516,0.9562,-0.0587,-0.2821)",true,-1.202635,1.959036,0.5857987,"(0.4415,-0.8685,0.1360,-0.1800)",0,0,0,0,0,0,0,true,-1.883562,1.967973,0.7546979,"(0.4351,0.8829,-0.1054,-0.1417)",0,0,0,0,0,0,0
5,"Environment: 2, FiringMode: 1",21.40552,true,-1.6254,2.273919,1.013254,"(0.0512,0.9552,-0.0591,-0.2856)",true,-1.203006,1.959375,0.5866196,"(0.4439,-0.8673,0.1351,-0.1805)",0,0,0,0,0,0,0,true,-1.883706,1.968012,0.7546422,"(0.4353,0.8826,-0.1051,-0.1432)",0,0,0,0,0,0,0
5,"Environment: 2, FiringMode: 1",21.41951,true,-1.626075,2.273856,1.013478,"(0.0512,0.9542,-0.0598,-0.2887)",true,-1.202757,1.9591,0.5860322,"(0.4437,-0.8673,0.1350,-0.1808)",0,0,0,0,0,0,0,true,-1.883874,1.968017,0.7545782,"(0.4329,0.8838,-0.1069,-0.1421)",0,0,0,0,0,0,0
5,"Environment: 2, FiringMode: 1",21.43349,true,-1.626758,2.273717,1.013662,"(0.0511,0.9533,-0.0606,-0.2915)",true,-1.202403,1.958582,0.5847384,"(0.4424,-0.8680,0.1357,-0.1799)",0,0,0,0,0,0,0,true,-1.884012,1.967962,0.7544625,"(0.4319,0.8842,-0.1075,-0.1417)",0,0,0,0,0,0,0
5,"Environment: 2, FiringMode: 1",21.44736,true,-1.627406,2.273589,1.013844,"(0.0505,0.9526,-0.0612,-0.2938)",true,-1.203312,1.959474,0.5859355,"(0.4431,-0.8676,0.1354,-0.1806)",0,0,0,0,0,0,0,true,-1.883926,1.967986,0.7544979,"(0.4324,0.8840,-0.1072,-0.1419)",0,0,0,0,0,0,0
5,"Environment: 2, FiringMode: 1",21.46142,true,-1.627764,2.273466,1.013971,"(0.0504,0.9520,-0.0618,-0.2955)",true,-1.203952,1.96002,0.5863022,"(0.4437,-0.8673,0.1352,-0.1808)",0,0,0,0,0,0,0,true,-1.883854,1.967947,0.754458,"(0.4334,0.8835,-0.1065,-0.1423)",0,0,0,0,0,0,0
5,"Environment: 2, FiringMode: 1",21.47543,true,-1.628119,2.273439,1.014051,"(0.0500,0.9516,-0.0621,-0.2970)",true,-1.204053,1.960108,0.5862468,"(0.4435,-0.8674,0.1350,-0.1806)",0,0,0,0,0,0,0,true,-1.883866,1.967941,0.7544394,"(0.4332,0.8836,-0.1066,-0.1422)",0,0,0,0,0,0,0
5,"Environment: 2, FiringMode: 1",21.48939,true,-1.628446,2.273349,1.014114,"(0.0496,0.9513,-0.0618,-0.2980)",true,-1.2037,1.959754,0.5855087,"(0.4436,-0.8673,0.1352,-0.1809)",0,0,0,0,0,0,0,true,-1.883924,1.967912,0.7543818,"(0.4329,0.8837,-0.1068,-0.1421)",0,0,0,0,0,0,0
5,"Environment: 2, FiringMode: 1",21.50328,true,-1.628746,2.273445,1.014167,"(0.0491,0.9511,-0.0618,-0.2987)",true,-1.203291,1.959361,0.5846602,"(0.4435,-0.8671,0.1356,-0.1820)",0,0,0,0,0,0,0,true,-1.883991,1.967881,0.7543148,"(0.4326,0.8839,-0.1070,-0.1420)",0,0,0,0,0,0,0
5,"Environment: 2, FiringMode: 1",21.51727,true,-1.628984,2.27344,1.014119,"(0.0489,0.9510,-0.0612,-0.2991)",true,-1.203082,1.959196,0.5842159,"(0.4426,-0.8673,0.1364,-0.1826)",0,0,0,0,0,0,0,true,-1.884028,1.967859,0.7542775,"(0.4325,0.8839,-0.1071,-0.1419)",0,0,0,0,0,0,0
5,"Environment: 2, FiringMode: 1",21.53131,true,-1.629116,2.27338,1.014059,"(0.0488,0.9510,-0.0605,-0.2992)",true,-1.203088,1.959218,0.5843413,"(0.4435,-0.8668,0.1360,-0.1831)",0,0,0,0,0,0,0,true,-1.884034,1.967838,0.7542549,"(0.4326,0.8839,-0.1071,-0.1420)",0,0,0,0,0,0,0
5,"Environment: 2, FiringMode: 1",21.54502,true,-1.62918,2.273406,1.01395,"(0.0485,0.9510,-0.0604,-0.2992)",true,-1.20265,1.958946,0.5840015,"(0.4428,-0.8667,0.1369,-0.1842)",0,0,0,0,0,0,0,true,-1.884055,1.967809,0.7542117,"(0.4327,0.8838,-0.1070,-0.1420)",0,0,0,0,0,0,0
5,"Environment: 2, FiringMode: 1",21.55828,true,-1.629643,2.273365,1.014023,"(0.0480,0.9513,-0.0605,-0.2985)",true,-1.202542,1.958882,0.5839572,"(0.4431,-0.8667,0.1366,-0.1837)",0,0,0,0,0,0,0,true,-1.884089,1.967783,0.7541683,"(0.4327,0.8838,-0.1070,-0.1420)",0,0,0,0,0,0,0
5,"Environment: 2, FiringMode: 1",21.57223,true,-1.629586,2.273371,1.013887,"(0.0481,0.9515,-0.0608,-0.2977)",true,-1.202519,1.958883,0.5839567,"(0.4432,-0.8668,0.1364,-0.1835)",0,0,0,0,0,0,0,true,-1.884137,1.967749,0.7541177,"(0.4325,0.8839,-0.1071,-0.1419)",0,0,0,0,0,0,0
5,"Environment: 2, FiringMode: 1",21.5861,true,-1.629511,2.273362,1.013725,"(0.0482,0.9518,-0.0607,-0.2967)",true,-1.202383,1.958845,0.5838937,"(0.4430,-0.8669,0.1365,-0.1833)",0,0,0,0,0,0,0,true,-1.884142,1.967731,0.7541184,"(0.4326,0.8839,-0.1071,-0.1419)",0,0,0,0,0,0,0
5,"Environment: 2, FiringMode: 1",21.6002,true,-1.629367,2.273382,1.013439,"(0.0481,0.9522,-0.0605,-0.2956)",true,-1.20239,1.958887,0.5839572,"(0.4431,-0.8669,0.1365,-0.1834)",0,0,0,0,0,0,0,true,-1.884147,1.967704,0.7541066,"(0.4327,0.8838,-0.1070,-0.1420)",0,0,0,0,0,0,0
5,"Environment: 2, FiringMode: 1",21.61417,true,-1.629222,2.273383,1.0131,"(0.0482,0.9527,-0.0598,-0.2942)",true,-1.201984,1.958618,0.5835621,"(0.4431,-0.8669,0.1365,-0.1834)",0,0,0,0,0,0,0,true,-1.884184,1.967662,0.7540402,"(0.4326,0.8839,-0.1071,-0.1419)",0,0,0,0,0,0,0
5,"Environment: 2, FiringMode: 1",21.62798,true,-1.629075,2.273357,1.012747,"(0.0481,0.9531,-0.0598,-0.2926)",true,-1.201607,1.958366,0.583199,"(0.4431,-0.8669,0.1365,-0.1834)",0,0,0,0,0,0,0,true,-1.884208,1.967632,0.7539947,"(0.4326,0.8839,-0.1071,-0.1419)",0,0,0,0,0,0,0
5,"Environment: 2, FiringMode: 1",21.64205,true,-1.628891,2.273299,1.012383,"(0.0481,0.9537,-0.0601,-0.2909)",true,-1.202027,1.958728,0.5836911,"(0.4431,-0.8669,0.1365,-0.1834)",0,0,0,0,0,0,0,true,-1.884269,1.967587,0.7539407,"(0.4327,0.8839,-0.1070,-0.1419)",0,0,0,0,0,0,0
5,"Environment: 2, FiringMode: 1",21.65592,true,-1.628335,2.273037,1.011886,"(0.0483,0.9543,-0.0608,-0.2888)",true,-1.202741,1.959335,0.5845209,"(0.4431,-0.8668,0.1365,-0.1834)",0,0,0,0,0,0,0,true,-1.884353,1.967543,0.7538911,"(0.4327,0.8838,-0.1070,-0.1419)",0,0,0,0,0,0,0
5,"Environment: 2, FiringMode: 1",21.66999,true,-1.627954,2.272882,1.011561,"(0.0483,0.9549,-0.0613,-0.2864)",true,-1.203054,1.959618,0.5849051,"(0.4431,-0.8668,0.1365,-0.1834)",0,0,0,0,0,0,0,true,-1.884424,1.967498,0.7538326,"(0.4327,0.8839,-0.1071,-0.1419)",0,0,0,0,0,0,0
5,"Environment: 2, FiringMode: 1",21.68383,true,-1.627611,2.272772,1.011173,"(0.0483,0.9557,-0.0619,-0.2837)",true,-1.20381,1.960098,0.5855997,"(0.4431,-0.8669,0.1365,-0.1834)",0,0,0,0,0,0,0,true,-1.88446,1.967466,0.7537834,"(0.4326,0.8839,-0.1071,-0.1419)",0,0,0,0,0,0,0
5,"Environment: 2, FiringMode: 1",21.69783,true,-1.627111,2.272689,1.010802,"(0.0483,0.9564,-0.0623,-0.2811)",true,-1.20381,1.960098,0.5855997,"(0.4431,-0.8669,0.1365,-0.1834)",0,0,0,0,0,0,0,true,-1.884498,1.967429,0.7537287,"(0.4327,0.8838,-0.1070,-0.1419)",0,0,0,0,0,0,0
5,"Environment: 2, FiringMode: 1",21.71124,true,-1.62663,2.272555,1.01052,"(0.0478,0.9572,-0.0626,-0.2784)",true,-1.20381,1.960098,0.5855997,"(0.4431,-0.8669,0.1365,-0.1834)",0,0,0,0,0,0,0,true,-1.884482,1.967466,0.7537834,"(0.4327,0.8838,-0.1070,-0.1419)",0,0,0,0,0,0,0
5,"Environment: 2, FiringMode: 1",21.7248,true,-1.626062,2.272388,1.010237,"(0.0477,0.9581,-0.0631,-0.2754)",true,-1.20381,1.960098,0.5855997,"(0.4431,-0.8669,0.1365,-0.1834)",0,0,0,0,0,0,0,true,-1.884468,1.96751,0.7538459,"(0.4326,0.8839,-0.1071,-0.1419)",0,0,0,0,0,0,0
5,"Environment: 2, FiringMode: 1",21.73889,true,-1.625574,2.272285,1.009933,"(0.0476,0.9589,-0.0634,-0.2725)",true,-1.20381,1.960098,0.5855997,"(0.4431,-0.8669,0.1365,-0.1834)",0,0,0,0,0,0,0,true,-1.884468,1.967528,0.7538732,"(0.4327,0.8839,-0.1071,-0.1418)",0,0,0,0,0,0,0
5,"Environment: 2, FiringMode: 1",21.75258,true,-1.624875,2.272213,1.009487,"(0.0484,0.9595,-0.0637,-0.2700)",true,-1.20381,1.960098,0.5855997,"(0.4431,-0.8669,0.1365,-0.1834)",0,0,0,0,0,0,0,true,-1.884507,1.967492,0.7538244,"(0.4327,0.8839,-0.1071,-0.1418)",0,0,0,0,0,0,0
5,"Environment: 2, FiringMode: 1",21.76667,true,-1.624122,2.272086,1.009065,"(0.0494,0.9603,-0.0637,-0.2671)",true,-1.20381,1.960098,0.5855997,"(0.4431,-0.8669,0.1365,-0.1834)",0,0,0,0,0,0,0,true,-1.884548,1.967459,0.7537839,"(0.4327,0.8839,-0.1071,-0.1418)",0,0,0,0,0,0,0
5,"Environment: 2, FiringMode: 1",21.78064,true,-1.623507,2.272016,1.008693,"(0.0503,0.9611,-0.0638,-0.2641)",true,-1.20381,1.960098,0.5855997,"(0.4431,-0.8669,0.1365,-0.1834)",0,0,0,0,0,0,0,true,-1.884498,1.967566,0.7539766,"(0.4327,0.8839,-0.1071,-0.1418)",0,0,0,0,0,0,0
5,"Environment: 2, FiringMode: 1",21.79452,true,-1.622826,2.271849,1.008526,"(0.0515,0.9616,-0.0637,-0.2618)",true,-1.20381,1.960098,0.5855997,"(0.4431,-0.8669,0.1365,-0.1834)",0,0,0,0,0,0,0,true,-1.884498,1.967566,0.7539768,"(0.4327,0.8839,-0.1071,-0.1418)",0,0,0,0,0,0,0
5,"Environment: 2, FiringMode: 1",21.8084,true,-1.622091,2.271697,1.008294,"(0.0531,0.9619,-0.0642,-0.2603)",true,-1.20381,1.960098,0.5855997,"(0.4431,-0.8669,0.1365,-0.1834)",0,0,0,0,0,0,0,true,-1.884498,1.967566,0.7539766,"(0.4327,0.8839,-0.1071,-0.1418)",0,0,0,0,0,0,0
5,"Environment: 2, FiringMode: 1",21.82252,true,-1.621396,2.271541,1.008059,"(0.0550,0.9621,-0.0650,-0.2590)",true,-1.20381,1.960098,0.5855997,"(0.4431,-0.8669,0.1365,-0.1834)",0,0,0,0,0,0,0,true,-1.884498,1.967566,0.7539766,"(0.4327,0.8839,-0.1071,-0.1418)",0,0,0,0,0,0,0
5,"Environment: 2, FiringMode: 1",21.83646,true,-1.620699,2.27131,1.007766,"(0.0571,0.9624,-0.0654,-0.2575)",true,-1.20381,1.960098,0.5855997,"(0.4431,-0.8669,0.1365,-0.1834)",0,0,0,0,0,0,0,true,-1.884498,1.967566,0.7539766,"(0.4327,0.8839,-0.1071,-0.1418)",0,0,0,0,0,0,0
5,"Environment: 2, FiringMode: 1",21.85042,true,-1.620059,2.271109,1.007444,"(0.0591,0.9626,-0.0655,-0.2563)",true,-1.20381,1.960098,0.5855997,"(0.4431,-0.8669,0.1365,-0.1834)",0,0,0,0,0,0,0,true,-1.884498,1.967566,0.7539766,"(0.4327,0.8839,-0.1071,-0.1418)",0,0,0,0,0,0,0
5,"Environment: 2, FiringMode: 1",21.86356,true,-1.619443,2.270926,1.007133,"(0.0609,0.9626,-0.0653,-0.2557)",true,-1.20381,1.960098,0.5855997,"(0.4431,-0.8669,0.1365,-0.1834)",0,0,0,0,0,0,0,true,-1.884498,1.967566,0.7539766,"(0.4327,0.8839,-0.1071,-0.1418)",0,0,0,0,0,0,0
5,"Environment: 2, FiringMode: 1",21.8779,true,-1.618804,2.270823,1.006735,"(0.0630,0.9625,-0.0650,-0.2557)",true,-1.20381,1.960098,0.5855998,"(0.4431,-0.8669,0.1365,-0.1834)",0,0,0,0,0,0,0,true,-1.884498,1.967566,0.7539766,"(0.4327,0.8839,-0.1071,-0.1418)",0,0,0,0,0,0,0
5,"Environment: 2, FiringMode: 1",21.89177,true,-1.618155,2.27063,1.006268,"(0.0659,0.9625,-0.0647,-0.2552)",true,-1.20381,1.960098,0.5855997,"(0.4431,-0.8669,0.1365,-0.1834)",0,0,0,0,0,0,0,true,-1.884498,1.967566,0.7539766,"(0.4327,0.8839,-0.1071,-0.1418)",0,0,0,0,0,0,0
5,"Environment: 2, FiringMode: 1",21.9052,true,-1.617241,2.270343,1.005827,"(0.0692,0.9623,-0.0647,-0.2549)",true,-1.20381,1.960098,0.5855997,"(0.4431,-0.8669,0.1365,-0.1834)",0,0,0,0,0,0,0,true,-1.884498,1.967566,0.7539766,"(0.4327,0.8839,-0.1071,-0.1418)",0,0,0,0,0,0,0
5,"Environment: 2, FiringMode: 1",21.91927,true,-1.616318,2.270017,1.005237,"(0.0729,0.9622,-0.0655,-0.2542)",true,-1.20381,1.960098,0.5855997,"(0.4431,-0.8669,0.1365,-0.1834)",0,0,0,0,0,0,0,true,-1.884498,1.967566,0.7539766,"(0.4327,0.8839,-0.1071,-0.1418)",0,0,0,0,0,0,0
5,"Environment: 2, FiringMode: 1",21.93334,true,-1.615535,2.269682,1.004495,"(0.0774,0.9622,-0.0664,-0.2526)",true,-1.20381,1.960098,0.5855997,"(0.4431,-0.8669,0.1365,-0.1834)",0,0,0,0,0,0,0,true,-1.884498,1.967566,0.7539766,"(0.4327,0.8839,-0.1071,-0.1418)",0,0,0,0,0,0,0
5,"Environment: 2, FiringMode: 1",21.94698,true,-1.614645,2.269356,1.003718,"(0.0816,0.9620,-0.0671,-0.2516)",true,-1.20381,1.960098,0.5855998,"(0.4431,-0.8669,0.1365,-0.1834)",0,0,0,0,0,0,0,true,-1.884498,1.967566,0.7539766,"(0.4327,0.8839,-0.1071,-0.1418)",0,0,0,0,0,0,0
5,"Environment: 2, FiringMode: 1",21.96109,true,-1.613763,2.268921,1.00279,"(0.0863,0.9619,-0.0680,-0.2505)",true,-1.20381,1.960098,0.5855998,"(0.4431,-0.8669,0.1365,-0.1834)",0,0,0,0,0,0,0,true,-1.884498,1.967566,0.7539766,"(0.4327,0.8839,-0.1071,-0.1418)",0,0,0,0,0,0,0
5,"Environment: 2, FiringMode: 1",21.97516,true,-1.612687,2.268286,1.001697,"(0.0905,0.9616,-0.0688,-0.2499)",true,-1.20381,1.960098,0.5855996,"(0.4431,-0.8669,0.1365,-0.1834)",0,0,0,0,0,0,0,true,-1.884498,1.967566,0.7539766,"(0.4327,0.8839,-0.1071,-0.1418)",0,0,0,0,0,0,0
5,"Environment: 2, FiringMode: 1",21.98941,true,-1.611698,2.26761,1.000507,"(0.0949,0.9615,-0.0698,-0.2484)",true,-1.20381,1.960098,0.5855996,"(0.4431,-0.8669,0.1365,-0.1834)",0,0,0,0,0,0,0,true,-1.884498,1.967566,0.7539766,"(0.4327,0.8839,-0.1071,-0.1418)",0,0,0,0,0,0,0
5,"Environment: 2, FiringMode: 1",22.00318,true,-1.610412,2.266834,0.9992709,"(0.1003,0.9612,-0.0716,-0.2467)",true,-1.20381,1.960098,0.5855997,"(0.4431,-0.8669,0.1365,-0.1834)",0,0,0,0,0,0,0,true,-1.884498,1.967566,0.7539766,"(0.4327,0.8839,-0.1071,-0.1418)",0,0,0,0,0,0,0
5,"Environment: 2, FiringMode: 1",22.01645,true,-1.609273,2.265994,0.997974,"(0.1051,0.9610,-0.0738,-0.2447)",true,-1.20381,1.960098,0.5855997,"(0.4431,-0.8669,0.1365,-0.1834)",0,0,0,0,0,0,0,true,-1.884498,1.967566,0.7539766,"(0.4327,0.8839,-0.1071,-0.1418)",0,0,0,0,0,0,0
5,"Environment: 2, FiringMode: 1",22.03019,true,-1.608231,2.265034,0.9965447,"(0.1108,0.9609,-0.0759,-0.2421)",true,-1.20381,1.960098,0.5855997,"(0.4431,-0.8669,0.1365,-0.1834)",0,0,0,0,0,0,0,true,-1.884498,1.967566,0.7539765,"(0.4327,0.8839,-0.1071,-0.1418)",0,0,0,0,0,0,0
5,"Environment: 2, FiringMode: 1",22.04395,true,-1.607128,2.264118,0.9949847,"(0.1159,0.9608,-0.0778,-0.2397)",true,-1.20381,1.960098,0.5855997,"(0.4431,-0.8669,0.1365,-0.1834)",0,0,0,0,0,0,0,true,-1.884498,1.967566,0.7539766,"(0.4327,0.8839,-0.1071,-0.1418)",0,0,0,0,0,0,0
5,"Environment: 2, FiringMode: 1",22.05808,true,-1.605929,2.262932,0.9934368,"(0.1210,0.9606,-0.0797,-0.2370)",true,-1.20381,1.960098,0.5855997,"(0.4431,-0.8669,0.1365,-0.1834)",0,0,0,0,0,0,0,true,-1.884498,1.967566,0.7539766,"(0.4327,0.8839,-0.1071,-0.1418)",0,0,0,0,0,0,0
5,"Environment: 2, FiringMode: 1",22.07209,true,-1.6047,2.261765,0.9917619,"(0.1261,0.9604,-0.0825,-0.2344)",true,-1.20381,1.960098,0.5855997,"(0.4431,-0.8669,0.1365,-0.1834)",0,0,0,0,0,0,0,true,-1.884498,1.967566,0.7539766,"(0.4327,0.8839,-0.1071,-0.1418)",0,0,0,0,0,0,0
5,"Environment: 2, FiringMode: 1",22.0857,true,-1.603484,2.260458,0.9902391,"(0.1306,0.9601,-0.0852,-0.2322)",true,-1.20381,1.960098,0.5855997,"(0.4431,-0.8669,0.1365,-0.1834)",0,0,0,0,0,0,0,true,-1.884498,1.967566,0.7539766,"(0.4327,0.8839,-0.1071,-0.1418)",0,0,0,0,0,0,0
5,"Environment: 2, FiringMode: 1",22.09979,true,-1.601992,2.259329,0.9887064,"(0.1344,0.9596,-0.0892,-0.2304)",true,-1.20381,1.960098,0.5855997,"(0.4431,-0.8669,0.1365,-0.1834)",0,0,0,0,0,0,0,true,-1.884498,1.967566,0.7539766,"(0.4327,0.8839,-0.1071,-0.1418)",0,0,0,0,0,0,0
5,"Environment: 2, FiringMode: 1",22.11396,true,-1.600877,2.258027,0.9871085,"(0.1395,0.9592,-0.0928,-0.2276)",true,-1.20381,1.960098,0.5855997,"(0.4431,-0.8669,0.1365,-0.1834)",0,0,0,0,0,0,0,true,-1.884498,1.967566,0.7539766,"(0.4327,0.8839,-0.1071,-0.1418)",0,0,0,0,0,0,0
5,"Environment: 2, FiringMode: 1",22.12773,true,-1.599603,2.25658,0.9855534,"(0.1432,0.9590,-0.0957,-0.2253)",true,-1.20381,1.960098,0.5855997,"(0.4431,-0.8669,0.1365,-0.1834)",0,0,0,0,0,0,0,true,-1.884498,1.967566,0.7539767,"(0.4327,0.8839,-0.1071,-0.1418)",0,0,0,0,0,0,0
5,"Environment: 2, FiringMode: 1",22.14165,true,-1.598403,2.255295,0.9839724,"(0.1461,0.9587,-0.0982,-0.2233)",true,-1.20381,1.960098,0.5855997,"(0.4431,-0.8669,0.1365,-0.1834)",0,0,0,0,0,0,0,true,-1.884498,1.967566,0.7539766,"(0.4327,0.8839,-0.1071,-0.1418)",0,0,0,0,0,0,0
5,"Environment: 2, FiringMode: 1",22.15564,true,-1.597271,2.253827,0.9825056,"(0.1483,0.9585,-0.0995,-0.2222)",true,-1.20381,1.960098,0.5855997,"(0.4431,-0.8669,0.1365,-0.1834)",0,0,0,0,0,0,0,true,-1.884498,1.967566,0.7539766,"(0.4327,0.8839,-0.1071,-0.1418)",0,0,0,0,0,0,0
5,"Environment: 2, FiringMode: 1",22.169,true,-1.596195,2.252649,0.9811693,"(0.1491,0.9579,-0.1016,-0.2231)",true,-1.20381,1.960098,0.5855997,"(0.4431,-0.8669,0.1365,-0.1834)",0,0,0,0,0,0,0,true,-1.884498,1.967566,0.7539766,"(0.4327,0.8839,-0.1071,-0.1418)",0,0,0,0,0,0,0
5,"Environment: 2, FiringMode: 1",22.1829,true,-1.595075,2.251462,0.9800757,"(0.1503,0.9570,-0.1038,-0.2252)",true,-1.20381,1.960098,0.5855998,"(0.4431,-0.8669,0.1365,-0.1834)",0,0,0,0,0,0,0,true,-1.884498,1.967566,0.7539766,"(0.4327,0.8839,-0.1071,-0.1418)",0,0,0,0,0,0,0
5,"Environment: 2, FiringMode: 1",22.1968,true,-1.594298,2.250564,0.9790394,"(0.1525,0.9557,-0.1075,-0.2274)",true,-1.20381,1.960098,0.5855997,"(0.4431,-0.8669,0.1365,-0.1834)",0,0,0,0,0,0,0,true,-1.884499,1.967566,0.7539763,"(0.4327,0.8839,-0.1071,-0.1418)",0,0,0,0,0,0,0
5,"Environment: 2, FiringMode: 1",22.21485,true,-1.593607,2.249294,0.9781706,"(0.1564,0.9544,-0.1105,-0.2292)",true,-1.5,1.235,1,"(0.0000,1.0000,0.0000,0.0000)",-1,-1,-1,-1,-1,-2,-2,true,-1.5,1.235,1,"(0.0000,1.0000,0.0000,0.0000)",-1,-1,-1,-1,-1,-2,-2
5,"Environment: 2, FiringMode: 1",22.22479,true,-1.592513,2.248158,0.9773086,"(0.1603,0.9528,-0.1145,-0.2310)",true,-1.5,1.235,1,"(0.0000,1.0000,0.0000,0.0000)",-1,-1,-1,-1,-1,-2,-2,true,-1.5,1.235,1,"(0.0000,1.0000,0.0000,0.0000)",-1,-1,-1,-1,-1,-2,-2
5,"Environment: 2, FiringMode: 1",22.23771,true,-1.591445,2.247124,0.9764052,"(0.1630,0.9515,-0.1191,-0.2321)",true,-1.5,1.235,1,"(0.0000,1.0000,0.0000,0.0000)",-1,-1,-1,-1,-1,-2,-2,true,-1.5,1.235,1,"(0.0000,1.0000,0.0000,0.0000)",-1,-1,-1,-1,-1,-2,-2
5,"Environment: 2, FiringMode: 1",22.25206,true,-1.590307,2.245852,0.9754807,"(0.1658,0.9504,-0.1224,-0.2330)",true,-1.5,1.235,1,"(0.0000,1.0000,0.0000,0.0000)",-1,-1,-1,-1,-1,-2,-2,true,-1.5,1.235,1,"(0.0000,1.0000,0.0000,0.0000)",-1,-1,-1,-1,-1,-2,-2
5,"Environment: 2, FiringMode: 1",22.26754,true,-1.58916,2.244881,0.974448,"(0.1679,0.9496,-0.1252,-0.2331)",false,0,0,0,NA,-1,-1,-1,-1,-1,-2,-2,false,0,0,0,NA,-1,-1,-1,-1,-1,-2,-2
5,"Environment: 2, FiringMode: 1",22.28004,true,-1.587801,2.243898,0.973479,"(0.1692,0.9489,-0.1269,-0.2342)",false,0,0,0,NA,-1,-1,-1,-1,-1,-2,-2,false,0,0,0,NA,-1,-1,-1,-1,-1,-2,-2
5,"Environment: 2, FiringMode: 1",22.29365,true,-1.586606,2.243153,0.9726275,"(0.1697,0.9484,-0.1283,-0.2349)",false,0,0,0,NA,-1,-1,-1,-1,-1,-2,-2,false,0,0,0,NA,-1,-1,-1,-1,-1,-2,-2
5,"Environment: 2, FiringMode: 1",22.30761,true,-1.585209,2.242726,0.9717283,"(0.1709,0.9479,-0.1299,-0.2352)",false,0,0,0,NA,-1,-1,-1,-1,-1,-2,-2,false,0,0,0,NA,-1,-1,-1,-1,-1,-2,-2
5,"Environment: 2, FiringMode: 1",22.32072,true,-1.583916,2.242163,0.9708889,"(0.1730,0.9476,-0.1310,-0.2346)",false,0,0,0,NA,-1,-1,-1,-1,-1,-2,-2,false,0,0,0,NA,-1,-1,-1,-1,-1,-2,-2
5,"Environment: 2, FiringMode: 1",22.3349,true,-1.583225,2.241726,0.9702236,"(0.1762,0.9475,-0.1320,-0.2320)",false,0,0,0,NA,-1,-1,-1,-1,-1,-2,-2,false,0,0,0,NA,-1,-1,-1,-1,-1,-2,-2
5,"Environment: 2, FiringMode: 1",22.34903,true,-1.58215,2.241496,0.9696198,"(0.1781,0.9471,-0.1332,-0.2315)",false,0,0,0,NA,-1,-1,-1,-1,-1,-2,-2,false,0,0,0,NA,-1,-1,-1,-1,-1,-2,-2
5,"Environment: 2, FiringMode: 1",22.36283,true,-1.580371,2.241351,0.9685858,"(0.1792,0.9467,-0.1333,-0.2320)",false,0,0,0,NA,-1,-1,-1,-1,-1,-2,-2,false,0,0,0,NA,-1,-1,-1,-1,-1,-2,-2
5,"Environment: 2, FiringMode: 1",22.37684,true,-1.579797,2.24119,0.9676395,"(0.1803,0.9470,-0.1333,-0.2301)",false,0,0,0,NA,-1,-1,-1,-1,-1,-2,-2,false,0,0,0,NA,-1,-1,-1,-1,-1,-2,-2
5,"Environment: 2, FiringMode: 1",22.3908,true,-1.579574,2.241788,0.9669448,"(0.1822,0.9470,-0.1326,-0.2288)",false,0,0,0,NA,-1,-1,-1,-1,-1,-2,-2,false,0,0,0,NA,-1,-1,-1,-1,-1,-2,-2
5,"Environment: 2, FiringMode: 1",22.40467,true,-1.57918,2.242093,0.9668426,"(0.1866,0.9464,-0.1313,-0.2284)",false,0,0,0,NA,-1,-1,-1,-1,-1,-2,-2,false,0,0,0,NA,-1,-1,-1,-1,-1,-2,-2
5,"Environment: 2, FiringMode: 1",22.41897,true,-1.578672,2.242095,0.9665624,"(0.1877,0.9461,-0.1302,-0.2296)",false,0,0,0,NA,-1,-1,-1,-1,-1,-2,-2,false,0,0,0,NA,-1,-1,-1,-1,-1,-2,-2
5,"Environment: 2, FiringMode: 1",22.43291,true,-1.578126,2.242111,0.9661971,"(0.1866,0.9462,-0.1279,-0.2314)",false,0,0,0,NA,-1,-1,-1,-1,-1,-2,-2,false,0,0,0,NA,-1,-1,-1,-1,-1,-2,-2
5,"Environment: 2, FiringMode: 1",22.44683,true,-1.578405,2.242548,0.9660205,"(0.1868,0.9465,-0.1249,-0.2317)",false,0,0,0,NA,-1,-1,-1,-1,-1,-2,-2,false,0,0,0,NA,-1,-1,-1,-1,-1,-2,-2
5,"Environment: 2, FiringMode: 1",22.46088,true,-1.578079,2.243212,0.9658338,"(0.1871,0.9463,-0.1224,-0.2333)",false,0,0,0,NA,-1,-1,-1,-1,-1,-2,-2,false,0,0,0,NA,-1,-1,-1,-1,-1,-2,-2
5,"Environment: 2, FiringMode: 1",22.47433,true,-1.577653,2.243445,0.9652253,"(0.1858,0.9469,-0.1184,-0.2341)",false,0,0,0,NA,-1,-1,-1,-1,-1,-2,-2,false,0,0,0,NA,-1,-1,-1,-1,-1,-2,-2
5,"Environment: 2, FiringMode: 1",22.48826,true,-1.57706,2.243682,0.9642928,"(0.1835,0.9484,-0.1132,-0.2325)",false,0,0,0,NA,-1,-1,-1,-1,-1,-2,-2,false,0,0,0,NA,-1,-1,-1,-1,-1,-2,-2
5,"Environment: 2, FiringMode: 1",22.50248,true,-1.576708,2.244259,0.9634906,"(0.1816,0.9504,-0.1064,-0.2291)",false,0,0,0,NA,-1,-1,-1,-1,-1,-2,-2,false,0,0,0,NA,-1,-1,-1,-1,-1,-2,-2
5,"Environment: 2, FiringMode: 1",22.51647,true,-1.576324,2.245162,0.9624777,"(0.1809,0.9523,-0.0983,-0.2253)",false,0,0,0,NA,-1,-1,-1,-1,-1,-2,-2,false,0,0,0,NA,-1,-1,-1,-1,-1,-2,-2
5,"Environment: 2, FiringMode: 1",22.53037,true,-1.57538,2.246629,0.9615299,"(0.1782,0.9546,-0.0902,-0.2211)",false,0,0,0,NA,-1,-1,-1,-1,-1,-2,-2,false,0,0,0,NA,-1,-1,-1,-1,-1,-2,-2
5,"Environment: 2, FiringMode: 1",22.54414,true,-1.574181,2.248232,0.9605128,"(0.1769,0.9562,-0.0815,-0.2184)",false,0,0,0,NA,-1,-1,-1,-1,-1,-2,-2,false,0,0,0,NA,-1,-1,-1,-1,-1,-2,-2
5,"Environment: 2, FiringMode: 1",22.55831,true,-1.573678,2.249986,0.9595799,"(0.1780,0.9576,-0.0695,-0.2155)",false,0,0,0,NA,-1,-1,-1,-1,-1,-2,-2,false,0,0,0,NA,-1,-1,-1,-1,-1,-2,-2
5,"Environment: 2, FiringMode: 1",22.57223,true,-1.573109,2.252097,0.9586644,"(0.1798,0.9588,-0.0552,-0.2129)",false,0,0,0,NA,-1,-1,-1,-1,-1,-2,-2,false,0,0,0,NA,-1,-1,-1,-1,-1,-2,-2
5,"Environment: 2, FiringMode: 1",22.58598,true,-1.571702,2.255803,0.9580645,"(0.1793,0.9598,-0.0428,-0.2115)",false,0,0,0,NA,-1,-1,-1,-1,-1,-2,-2,false,0,0,0,NA,-1,-1,-1,-1,-1,-2,-2
5,"Environment: 2, FiringMode: 1",22.60019,true,-1.570121,2.259224,0.9573992,"(0.1774,0.9610,-0.0281,-0.2101)",false,0,0,0,NA,-1,-1,-1,-1,-1,-2,-2,false,0,0,0,NA,-1,-1,-1,-1,-1,-2,-2
5,"Environment: 2, FiringMode: 1",22.61405,true,-1.568716,2.262796,0.9563726,"(0.1758,0.9623,-0.0083,-0.2076)",false,0,0,0,NA,-1,-1,-1,-1,-1,-2,-2,false,0,0,0,NA,-1,-1,-1,-1,-1,-2,-2
5,"Environment: 2, FiringMode: 1",22.62705,true,-1.567274,2.267051,0.9555538,"(0.1745,0.9633,0.0123,-0.2035)",false,0,0,0,NA,-1,-1,-1,-1,-1,-2,-2,false,0,0,0,NA,-1,-1,-1,-1,-1,-2,-2
5,"Environment: 2, FiringMode: 1",22.6412,true,-1.565638,2.271395,0.9552312,"(0.1764,0.9636,0.0342,-0.1980)",false,0,0,0,NA,-1,-1,-1,-1,-1,-2,-2,false,0,0,0,NA,-1,-1,-1,-1,-1,-2,-2
5,"Environment: 2, FiringMode: 1",22.65525,true,-1.563779,2.276419,0.9554871,"(0.1796,0.9632,0.0536,-0.1925)",false,0,0,0,NA,-1,-1,-1,-1,-1,-2,-2,false,0,0,0,NA,-1,-1,-1,-1,-1,-2,-2
5,"Environment: 2, FiringMode: 1",22.66927,true,-1.561749,2.282057,0.9561642,"(0.1828,0.9625,0.0716,-0.1870)",false,0,0,0,NA,-1,-1,-1,-1,-1,-2,-2,false,0,0,0,NA,-1,-1,-1,-1,-1,-2,-2
5,"Environment: 2, FiringMode: 1",22.68309,true,-1.559456,2.287321,0.956667,"(0.1845,0.9614,0.0928,-0.1818)",false,0,0,0,NA,-1,-1,-1,-1,-1,-2,-2,false,0,0,0,NA,-1,-1,-1,-1,-1,-2,-2
5,"Environment: 2, FiringMode: 1",22.69721,true,-1.557626,2.292498,0.9573742,"(0.1849,0.9601,0.1177,-0.1739)",false,0,0,0,NA,-1,-1,-1,-1,-1,-2,-2,false,0,0,0,NA,-1,-1,-1,-1,-1,-2,-2
5,"Environment: 2, FiringMode: 1",22.71112,true,-1.555562,2.298394,0.9582052,"(0.1854,0.9584,0.1395,-0.1661)",false,0,0,0,NA,-1,-1,-1,-1,-1,-2,-2,false,0,0,0,NA,-1,-1,-1,-1,-1,-2,-2
5,"Environment: 2, FiringMode: 1",22.72502,true,-1.554337,2.303834,0.9588324,"(0.1878,0.9559,0.1613,-0.1579)",false,0,0,0,NA,-1,-1,-1,-1,-1,-2,-2,false,0,0,0,NA,-1,-1,-1,-1,-1,-2,-2
5,"Environment: 2, FiringMode: 1",22.73931,true,-1.552875,2.309161,0.9606252,"(0.1917,0.9535,0.1785,-0.1494)",false,0,0,0,NA,-1,-1,-1,-1,-1,-2,-2,false,0,0,0,NA,-1,-1,-1,-1,-1,-2,-2
5,"Environment: 2, FiringMode: 1",22.75315,true,-1.55127,2.314304,0.9627185,"(0.1945,0.9508,0.1955,-0.1409)",false,0,0,0,NA,-1,-1,-1,-1,-1,-2,-2,false,0,0,0,NA,-1,-1,-1,-1,-1,-2,-2
5,"Environment: 2, FiringMode: 1",22.76698,true,-1.549928,2.318473,0.9648072,"(0.1941,0.9473,0.2176,-0.1329)",false,0,0,0,NA,-1,-1,-1,-1,-1,-2,-2,false,0,0,0,NA,-1,-1,-1,-1,-1,-2,-2
5,"Environment: 2, FiringMode: 1",22.77996,true,-1.548462,2.322887,0.9672061,"(0.1920,0.9432,0.2396,-0.1269)",false,0,0,0,NA,-1,-1,-1,-1,-1,-2,-2,false,0,0,0,NA,-1,-1,-1,-1,-1,-2,-2
5,"Environment: 2, FiringMode: 1",22.79406,true,-1.54732,2.327725,0.9704507,"(0.1919,0.9398,0.2553,-0.1212)",false,0,0,0,NA,-1,-1,-1,-1,-1,-2,-2,false,0,0,0,NA,-1,-1,-1,-1,-1,-2,-2
5,"Environment: 2, FiringMode: 1",22.80774,true,-1.546446,2.33182,0.9740732,"(0.1966,0.9359,0.2680,-0.1168)",false,0,0,0,NA,-1,-1,-1,-1,-1,-2,-2,false,0,0,0,NA,-1,-1,-1,-1,-1,-2,-2
5,"Environment: 2, FiringMode: 1",22.8219,true,-1.545742,2.335477,0.9776666,"(0.1999,0.9321,0.2799,-0.1132)",false,0,0,0,NA,-1,-1,-1,-1,-1,-2,-2,false,0,0,0,NA,-1,-1,-1,-1,-1,-2,-2
5,"Environment: 2, FiringMode: 1",22.83624,true,-1.545002,2.3386,0.9811488,"(0.2023,0.9281,0.2918,-0.1120)",false,0,0,0,NA,-1,-1,-1,-1,-1,-2,-2,false,0,0,0,NA,-1,-1,-1,-1,-1,-2,-2
5,"Environment: 2, FiringMode: 1",22.84999,true,-1.54438,2.341308,0.9847351,"(0.2033,0.9232,0.3067,-0.1109)",false,0,0,0,NA,-1,-1,-1,-1,-1,-2,-2,false,0,0,0,NA,-1,-1,-1,-1,-1,-2,-2
5,"Environment: 2, FiringMode: 1",22.86381,true,-1.543466,2.343795,0.988308,"(0.2026,0.9175,0.3240,-0.1107)",false,0,0,0,NA,-1,-1,-1,-1,-1,-2,-2,false,0,0,0,NA,-1,-1,-1,-1,-1,-2,-2
5,"Environment: 2, FiringMode: 1",22.87795,true,-1.542923,2.346472,0.9919397,"(0.2006,0.9112,0.3426,-0.1103)",false,0,0,0,NA,-1,-1,-1,-1,-1,-2,-2,false,0,0,0,NA,-1,-1,-1,-1,-1,-2,-2
5,"Environment: 2, FiringMode: 1",22.89189,true,-1.542685,2.348369,0.9954717,"(0.1986,0.9040,0.3625,-0.1092)",false,0,0,0,NA,-1,-1,-1,-1,-1,-2,-2,false,0,0,0,NA,-1,-1,-1,-1,-1,-2,-2
5,"Environment: 2, FiringMode: 1",22.90569,true,-1.542454,2.350776,0.9989653,"(0.1921,0.8988,0.3793,-0.1068)",false,0,0,0,NA,-1,-1,-1,-1,-1,-2,-2,false,0,0,0,NA,-1,-1,-1,-1,-1,-2,-2
5,"Environment: 2, FiringMode: 1",22.91993,true,-1.542873,2.353028,1.001751,"(0.1854,0.8933,0.3968,-0.1012)",false,0,0,0,NA,-1,-1,-1,-1,-1,-2,-2,false,0,0,0,NA,-1,-1,-1,-1,-1,-2,-2
5,"Environment: 2, FiringMode: 1",22.93323,true,-1.542825,2.355109,1.004429,"(0.1796,0.8881,0.4123,-0.0954)",false,0,0,0,NA,-1,-1,-1,-1,-1,-2,-2,false,0,0,0,NA,-1,-1,-1,-1,-1,-2,-2
5,"Environment: 2, FiringMode: 1",22.94946,true,-1.542564,2.357112,1.007459,"(0.1736,0.8840,0.4245,-0.0906)",false,0,0,0,NA,-1,-1,-1,-1,-1,-2,-2,false,0,0,0,NA,-1,-1,-1,-1,-1,-2,-2
5,"Environment: 2, FiringMode: 1",22.96048,true,-1.542292,2.359783,1.011473,"(0.1689,0.8822,0.4306,-0.0882)",false,0,0,0,NA,-1,-1,-1,-1,-1,-2,-2,false,0,0,0,NA,-1,-1,-1,-1,-1,-2,-2
5,"Environment: 2, FiringMode: 1",22.97457,true,-1.542078,2.361867,1.015255,"(0.1666,0.8794,0.4370,-0.0893)",false,0,0,0,NA,-1,-1,-1,-1,-1,-2,-2,false,0,0,0,NA,-1,-1,-1,-1,-1,-2,-2
5,"Environment: 2, FiringMode: 1",22.98847,true,-1.542423,2.363489,1.018631,"(0.1668,0.8741,0.4471,-0.0904)",false,0,0,0,NA,-1,-1,-1,-1,-1,-2,-2,false,0,0,0,NA,-1,-1,-1,-1,-1,-2,-2
5,"Environment: 2, FiringMode: 1",23.0024,true,-1.542683,2.365174,1.022156,"(0.1666,0.8683,0.4584,-0.0906)",false,0,0,0,NA,-1,-1,-1,-1,-1,-2,-2,false,0,0,0,NA,-1,-1,-1,-1,-1,-2,-2
5,"Environment: 2, FiringMode: 1",23.01674,true,-1.542979,2.36704,1.025593,"(0.1663,0.8628,0.4687,-0.0910)",false,0,0,0,NA,-1,-1,-1,-1,-1,-2,-2,false,0,0,0,NA,-1,-1,-1,-1,-1,-2,-2
5,"Environment: 2, FiringMode: 1",23.03049,true,-1.543247,2.368541,1.028787,"(0.1663,0.8567,0.4795,-0.0922)",false,0,0,0,NA,-1,-1,-1,-1,-1,-2,-2,false,0,0,0,NA,-1,-1,-1,-1,-1,-2,-2
5,"Environment: 2, FiringMode: 1",23.04439,true,-1.543501,2.37058,1.032489,"(0.1658,0.8509,0.4896,-0.0936)",false,0,0,0,NA,-1,-1,-1,-1,-1,-2,-2,false,0,0,0,NA,-1,-1,-1,-1,-1,-2,-2
5,"Environment: 2, FiringMode: 1",23.05845,true,-1.543763,2.372654,1.036185,"(0.1640,0.8443,0.5009,-0.0966)",false,0,0,0,NA,-1,-1,-1,-1,-1,-2,-2,false,0,0,0,NA,-1,-1,-1,-1,-1,-2,-2
5,"Environment: 2, FiringMode: 1",23.07181,true,-1.543851,2.374223,1.04014,"(0.1624,0.8376,0.5120,-0.0997)",false,0,0,0,NA,-1,-1,-1,-1,-1,-2,-2,false,0,0,0,NA,-1,-1,-1,-1,-1,-2,-2
5,"Environment: 2, FiringMode: 1",23.08567,true,-1.544207,2.375459,1.04393,"(0.1619,0.8304,0.5233,-0.1020)",false,0,0,0,NA,-1,-1,-1,-1,-1,-2,-2,false,0,0,0,NA,-1,-1,-1,-1,-1,-2,-2
5,"Environment: 2, FiringMode: 1",23.09987,true,-1.544317,2.376872,1.047508,"(0.1612,0.8238,0.5335,-0.1039)",false,0,0,0,NA,-1,-1,-1,-1,-1,-2,-2,false,0,0,0,NA,-1,-1,-1,-1,-1,-2,-2
5,"Environment: 2, FiringMode: 1",23.11385,true,-1.544566,2.378042,1.050825,"(0.1609,0.8175,0.5430,-0.1051)",false,0,0,0,NA,-1,-1,-1,-1,-1,-2,-2,false,0,0,0,NA,-1,-1,-1,-1,-1,-2,-2
5,"Environment: 2, FiringMode: 1",23.12778,true,-1.544804,2.379181,1.053925,"(0.1607,0.8108,0.5527,-0.1058)",false,0,0,0,NA,-1,-1,-1,-1,-1,-2,-2,false,0,0,0,NA,-1,-1,-1,-1,-1,-2,-2
5,"Environment: 2, FiringMode: 1",23.14189,true,-1.544603,2.380338,1.056917,"(0.1597,0.8049,0.5616,-0.1062)",false,0,0,0,NA,-1,-1,-1,-1,-1,-2,-2,false,0,0,0,NA,-1,-1,-1,-1,-1,-2,-2
5,"Environment: 2, FiringMode: 1",23.15595,true,-1.544584,2.381662,1.059941,"(0.1595,0.7990,0.5700,-0.1060)",false,0,0,0,NA,-1,-1,-1,-1,-1,-2,-2,false,0,0,0,NA,-1,-1,-1,-1,-1,-2,-2
5,"Environment: 2, FiringMode: 1",23.16983,true,-1.544675,2.38262,1.063004,"(0.1596,0.7934,0.5777,-0.1064)",false,0,0,0,NA,-1,-1,-1,-1,-1,-2,-2,false,0,0,0,NA,-1,-1,-1,-1,-1,-2,-2
5,"Environment: 2, FiringMode: 1",23.18369,true,-1.54459,2.383376,1.066055,"(0.1594,0.7882,0.5846,-0.1077)",false,0,0,0,NA,-1,-1,-1,-1,-1,-2,-2,false,0,0,0,NA,-1,-1,-1,-1,-1,-2,-2
5,"Environment: 2, FiringMode: 1",23.19785,true,-1.544721,2.383919,1.068977,"(0.1595,0.7834,0.5908,-0.1090)",false,0,0,0,NA,-1,-1,-1,-1,-1,-2,-2,false,0,0,0,NA,-1,-1,-1,-1,-1,-2,-2
5,"Environment: 2, FiringMode: 1",23.21165,true,-1.544911,2.384163,1.071809,"(0.1604,0.7795,0.5955,-0.1101)",false,0,0,0,NA,-1,-1,-1,-1,-1,-2,-2,false,0,0,0,NA,-1,-1,-1,-1,-1,-2,-2
5,"Environment: 2, FiringMode: 1",23.22513,true,-1.544876,2.384607,1.074555,"(0.1610,0.7763,0.5992,-0.1111)",false,0,0,0,NA,-1,-1,-1,-1,-1,-2,-2,false,0,0,0,NA,-1,-1,-1,-1,-1,-2,-2
5,"Environment: 2, FiringMode: 1",23.23894,true,-1.545096,2.385047,1.076915,"(0.1608,0.7735,0.6029,-0.1112)",false,0,0,0,NA,-1,-1,-1,-1,-1,-2,-2,false,0,0,0,NA,-1,-1,-1,-1,-1,-2,-2
5,"Environment: 2, FiringMode: 1",23.25301,true,-1.545288,2.385462,1.079143,"(0.1622,0.7703,0.6064,-0.1119)",false,0,0,0,NA,-1,-1,-1,-1,-1,-2,-2,false,0,0,0,NA,-1,-1,-1,-1,-1,-2,-2
5,"Environment: 2, FiringMode: 1",23.26693,true,-1.545484,2.385752,1.081619,"(0.1630,0.7681,0.6088,-0.1129)",false,0,0,0,NA,-1,-1,-1,-1,-1,-2,-2,false,0,0,0,NA,-1,-1,-1,-1,-1,-2,-2
5,"Environment: 2, FiringMode: 1",23.28114,true,-1.545537,2.385905,1.083951,"(0.1642,0.7653,0.6118,-0.1145)",false,0,0,0,NA,-1,-1,-1,-1,-1,-2,-2,false,0,0,0,NA,-1,-1,-1,-1,-1,-2,-2
5,"Environment: 2, FiringMode: 1",23.29504,true,-1.545659,2.386162,1.086086,"(0.1645,0.7624,0.6152,-0.1153)",false,0,0,0,NA,-1,-1,-1,-1,-1,-2,-2,false,0,0,0,NA,-1,-1,-1,-1,-1,-2,-2
5,"Environment: 2, FiringMode: 1",23.30884,true,-1.545758,2.386278,1.088158,"(0.1648,0.7597,0.6183,-0.1161)",false,0,0,0,NA,-1,-1,-1,-1,-1,-2,-2,false,0,0,0,NA,-1,-1,-1,-1,-1,-2,-2
5,"Environment: 2, FiringMode: 1",23.32265,true,-1.545645,2.386401,1.090186,"(0.1640,0.7578,0.6207,-0.1165)",false,0,0,0,NA,-1,-1,-1,-1,-1,-2,-2,false,0,0,0,NA,-1,-1,-1,-1,-1,-2,-2
5,"Environment: 2, FiringMode: 1",23.33678,true,-1.545777,2.386614,1.091853,"(0.1637,0.7552,0.6241,-0.1157)",false,0,0,0,NA,-1,-1,-1,-1,-1,-2,-2,false,0,0,0,NA,-1,-1,-1,-1,-1,-2,-2
5,"Environment: 2, FiringMode: 1",23.35079,true,-1.545648,2.386818,1.093402,"(0.1639,0.7531,0.6267,-0.1150)",false,0,0,0,NA,-1,-1,-1,-1,-1,-2,-2,false,0,0,0,NA,-1,-1,-1,-1,-1,-2,-2
5,"Environment: 2, FiringMode: 1",23.36456,true,-1.545313,2.386926,1.094726,"(0.1634,0.7525,0.6278,-0.1135)",false,0,0,0,NA,-1,-1,-1,-1,-1,-2,-2,false,0,0,0,NA,-1,-1,-1,-1,-1,-2,-2
5,"Environment: 2, FiringMode: 1",23.3781,true,-1.545205,2.387103,1.095816,"(0.1626,0.7519,0.6293,-0.1106)",false,0,0,0,NA,-1,-1,-1,-1,-1,-2,-2,false,0,0,0,NA,-1,-1,-1,-1,-1,-2,-2
5,"Environment: 2, FiringMode: 1",23.392,true,-1.544676,2.387259,1.096975,"(0.1613,0.7517,0.6303,-0.1080)",false,0,0,0,NA,-1,-1,-1,-1,-1,-2,-2,false,0,0,0,NA,-1,-1,-1,-1,-1,-2,-2
5,"Environment: 2, FiringMode: 1",23.40572,true,-1.544476,2.387082,1.097592,"(0.1626,0.7502,0.6322,-0.1053)",false,0,0,0,NA,-1,-1,-1,-1,-1,-2,-2,false,0,0,0,NA,-1,-1,-1,-1,-1,-2,-2
5,"Environment: 2, FiringMode: 1",23.41986,true,-1.543823,2.386833,1.098327,"(0.1659,0.7495,0.6322,-0.1048)",false,0,0,0,NA,-1,-1,-1,-1,-1,-2,-2,false,0,0,0,NA,-1,-1,-1,-1,-1,-2,-2
5,"Environment: 2, FiringMode: 1",23.43373,true,-1.5433,2.387199,1.099027,"(0.1681,0.7501,0.6313,-0.1027)",false,0,0,0,NA,-1,-1,-1,-1,-1,-2,-2,false,0,0,0,NA,-1,-1,-1,-1,-1,-2,-2
5,"Environment: 2, FiringMode: 1",23.44742,true,-1.542595,2.387301,1.099476,"(0.1685,0.7501,0.6316,-0.1001)",false,0,0,0,NA,-1,-1,-1,-1,-1,-2,-2,false,0,0,0,NA,-1,-1,-1,-1,-1,-2,-2
5,"Environment: 2, FiringMode: 1",23.46155,true,-1.542082,2.387283,1.100055,"(0.1692,0.7499,0.6322,-0.0968)",false,0,0,0,NA,-1,-1,-1,-1,-1,-2,-2,false,0,0,0,NA,-1,-1,-1,-1,-1,-2,-2
5,"Environment: 2, FiringMode: 1",23.47559,true,-1.541488,2.38725,1.10066,"(0.1700,0.7492,0.6332,-0.0942)",false,0,0,0,NA,-1,-1,-1,-1,-1,-2,-2,false,0,0,0,NA,-1,-1,-1,-1,-1,-2,-2
5,"Environment: 2, FiringMode: 1",23.48946,true,-1.540813,2.387308,1.101266,"(0.1704,0.7481,0.6346,-0.0923)",false,0,0,0,NA,-1,-1,-1,-1,-1,-2,-2,false,0,0,0,NA,-1,-1,-1,-1,-1,-2,-2
5,"Environment: 2, FiringMode: 1",23.50326,true,-1.540335,2.38731,1.101777,"(0.1706,0.7471,0.6361,-0.0899)",false,0,0,0,NA,-1,-1,-1,-1,-1,-2,-2,false,0,0,0,NA,-1,-1,-1,-1,-1,-2,-2
5,"Environment: 2, FiringMode: 1",23.51744,true,-1.539844,2.387156,1.102227,"(0.1707,0.7459,0.6378,-0.0879)",false,0,0,0,NA,-1,-1,-1,-1,-1,-2,-2,false,0,0,0,NA,-1,-1,-1,-1,-1,-2,-2
5,"Environment: 2, FiringMode: 1",23.53078,true,-1.539018,2.387081,1.102825,"(0.1703,0.7454,0.6387,-0.0862)",false,0,0,0,NA,-1,-1,-1,-1,-1,-2,-2,false,0,0,0,NA,-1,-1,-1,-1,-1,-2,-2
5,"Environment: 2, FiringMode: 1",23.54466,true,-1.538386,2.387123,1.103151,"(0.1697,0.7444,0.6403,-0.0837)",false,0,0,0,NA,-1,-1,-1,-1,-1,-2,-2,false,0,0,0,NA,-1,-1,-1,-1,-1,-2,-2
5,"Environment: 2, FiringMode: 1",23.5588,true,-1.537826,2.387171,1.103484,"(0.1693,0.7437,0.6415,-0.0815)",false,0,0,0,NA,-1,-1,-1,-1,-1,-2,-2,false,0,0,0,NA,-1,-1,-1,-1,-1,-2,-2
5,"Environment: 2, FiringMode: 1",23.57276,true,-1.53736,2.38688,1.10368,"(0.1696,0.7435,0.6420,-0.0796)",false,0,0,0,NA,-1,-1,-1,-1,-1,-2,-2,false,0,0,0,NA,-1,-1,-1,-1,-1,-2,-2
5,"Environment: 2, FiringMode: 1",23.58655,true,-1.536704,2.386868,1.103992,"(0.1698,0.7449,0.6406,-0.0774)",false,0,0,0,NA,-1,-1,-1,-1,-1,-2,-2,false,0,0,0,NA,-1,-1,-1,-1,-1,-2,-2
5,"Environment: 2, FiringMode: 1",23.60052,true,-1.53622,2.387014,1.103809,"(0.1694,0.7443,0.6416,-0.0747)",false,0,0,0,NA,-1,-1,-1,-1,-1,-2,-2,false,0,0,0,NA,-1,-1,-1,-1,-1,-2,-2
5,"Environment: 2, FiringMode: 1",23.61443,true,-1.535653,2.387099,1.104158,"(0.1684,0.7448,0.6417,-0.0723)",false,0,0,0,NA,-1,-1,-1,-1,-1,-2,-2,false,0,0,0,NA,-1,-1,-1,-1,-1,-2,-2
5,"Environment: 2, FiringMode: 1",23.6284,true,-1.535343,2.387236,1.104478,"(0.1660,0.7453,0.6421,-0.0692)",false,0,0,0,NA,-1,-1,-1,-1,-1,-2,-2,false,0,0,0,NA,-1,-1,-1,-1,-1,-2,-2
5,"Environment: 2, FiringMode: 1",23.64207,true,-1.534945,2.387218,1.10468,"(0.1642,0.7444,0.6438,-0.0667)",false,0,0,0,NA,-1,-1,-1,-1,-1,-2,-2,false,0,0,0,NA,-1,-1,-1,-1,-1,-2,-2
5,"Environment: 2, FiringMode: 1",23.65599,true,-1.534529,2.38707,1.104954,"(0.1622,0.7435,0.6455,-0.0647)",false,0,0,0,NA,-1,-1,-1,-1,-1,-2,-2,false,0,0,0,NA,-1,-1,-1,-1,-1,-2,-2
5,"Environment: 2, FiringMode: 1",23.66999,true,-1.534513,2.387025,1.105012,"(0.1612,0.7425,0.6471,-0.0627)",false,0,0,0,NA,-1,-1,-1,-1,-1,-2,-2,false,0,0,0,NA,-1,-1,-1,-1,-1,-2,-2
5,"Environment: 2, FiringMode: 1",23.68324,true,-1.53437,2.387022,1.105101,"(0.1598,0.7424,0.6478,-0.0612)",false,0,0,0,NA,-1,-1,-1,-1,-1,-2,-2,false,0,0,0,NA,-1,-1,-1,-1,-1,-2,-2
5,"Environment: 2, FiringMode: 1",23.69691,true,-1.534062,2.387051,1.10525,"(0.1594,0.7421,0.6482,-0.0606)",false,0,0,0,NA,-1,-1,-1,-1,-1,-2,-2,false,0,0,0,NA,-1,-1,-1,-1,-1,-2,-2
5,"Environment: 2, FiringMode: 1",23.71098,true,-1.534104,2.387057,1.105195,"(0.1582,0.7424,0.6482,-0.0604)",false,0,0,0,NA,-1,-1,-1,-1,-1,-2,-2,false,0,0,0,NA,-1,-1,-1,-1,-1,-2,-2
5,"Environment: 2, FiringMode: 1",23.72491,true,-1.534256,2.387162,1.105184,"(0.1566,0.7426,0.6485,-0.0592)",false,0,0,0,NA,-1,-1,-1,-1,-1,-2,-2,false,0,0,0,NA,-1,-1,-1,-1,-1,-2,-2
5,"Environment: 2, FiringMode: 1",23.7391,true,-1.534366,2.38719,1.105224,"(0.1545,0.7423,0.6494,-0.0583)",false,0,0,0,NA,-1,-1,-1,-1,-1,-2,-2,false,0,0,0,NA,-1,-1,-1,-1,-1,-2,-2
5,"Environment: 2, FiringMode: 1",23.75316,true,-1.534513,2.387084,1.105326,"(0.1529,0.7418,0.6505,-0.0573)",false,0,0,0,NA,-1,-1,-1,-1,-1,-2,-2,false,0,0,0,NA,-1,-1,-1,-1,-1,-2,-2
5,"Environment: 2, FiringMode: 1",23.76699,true,-1.534734,2.387008,1.10541,"(0.1508,0.7413,0.6516,-0.0565)",false,0,0,0,NA,-1,-1,-1,-1,-1,-2,-2,false,0,0,0,NA,-1,-1,-1,-1,-1,-2,-2
5,"Environment: 2, FiringMode: 1",23.78096,true,-1.535022,2.386984,1.10553,"(0.1490,0.7407,0.6527,-0.0558)",false,0,0,0,NA,-1,-1,-1,-1,-1,-2,-2,false,0,0,0,NA,-1,-1,-1,-1,-1,-2,-2
5,"Environment: 2, FiringMode: 1",23.79483,true,-1.535288,2.387031,1.105629,"(0.1473,0.7403,0.6536,-0.0552)",false,0,0,0,NA,-1,-1,-1,-1,-1,-2,-2,false,0,0,0,NA,-1,-1,-1,-1,-1,-2,-2
5,"Environment: 2, FiringMode: 1",23.80878,true,-1.535573,2.38717,1.105665,"(0.1461,0.7403,0.6539,-0.0548)",false,0,0,0,NA,-1,-1,-1,-1,-1,-2,-2,false,0,0,0,NA,-1,-1,-1,-1,-1,-2,-2
5,"Environment: 2, FiringMode: 1",23.82257,true,-1.53582,2.387339,1.105704,"(0.1442,0.7410,0.6536,-0.0537)",false,0,0,0,NA,-1,-1,-1,-1,-1,-2,-2,false,0,0,0,NA,-1,-1,-1,-1,-1,-2,-2
5,"Environment: 2, FiringMode: 1",23.83607,true,-1.535998,2.387338,1.105802,"(0.1430,0.7415,0.6534,-0.0532)",false,0,0,0,NA,-1,-1,-1,-1,-1,-2,-2,false,0,0,0,NA,-1,-1,-1,-1,-1,-2,-2
5,"Environment: 2, FiringMode: 1",23.84996,true,-1.536186,2.387274,1.105868,"(0.1421,0.7421,0.6529,-0.0525)",false,0,0,0,NA,-1,-1,-1,-1,-1,-2,-2,false,0,0,0,NA,-1,-1,-1,-1,-1,-2,-2
5,"Environment: 2, FiringMode: 1",23.86387,true,-1.536414,2.387249,1.105883,"(0.1409,0.7427,0.6526,-0.0520)",false,0,0,0,NA,-1,-1,-1,-1,-1,-2,-2,false,0,0,0,NA,-1,-1,-1,-1,-1,-2,-2
5,"Environment: 2, FiringMode: 1",23.87802,true,-1.536676,2.387305,1.105965,"(0.1376,0.7432,0.6527,-0.0506)",false,0,0,0,NA,-1,-1,-1,-1,-1,-2,-2,false,0,0,0,NA,-1,-1,-1,-1,-1,-2,-2
5,"Environment: 2, FiringMode: 1",23.89218,true,-1.537105,2.387419,1.106367,"(0.1340,0.7431,0.6538,-0.0489)",false,0,0,0,NA,-1,-1,-1,-1,-1,-2,-2,false,0,0,0,NA,-1,-1,-1,-1,-1,-2,-2
5,"Environment: 2, FiringMode: 1",23.90585,true,-1.537421,2.387578,1.106595,"(0.1318,0.7426,0.6549,-0.0478)",false,0,0,0,NA,-1,-1,-1,-1,-1,-2,-2,false,0,0,0,NA,-1,-1,-1,-1,-1,-2,-2
5,"Environment: 2, FiringMode: 1",23.91998,true,-1.53766,2.387794,1.106869,"(0.1302,0.7425,0.6554,-0.0474)",false,0,0,0,NA,-1,-1,-1,-1,-1,-2,-2,false,0,0,0,NA,-1,-1,-1,-1,-1,-2,-2
5,"Environment: 2, FiringMode: 1",23.93393,true,-1.537984,2.38776,1.107104,"(0.1282,0.7427,0.6556,-0.0467)",false,0,0,0,NA,-1,-1,-1,-1,-1,-2,-2,false,0,0,0,NA,-1,-1,-1,-1,-1,-2,-2
5,"Environment: 2, FiringMode: 1",23.9478,true,-1.538341,2.387656,1.107211,"(0.1251,0.7429,0.6561,-0.0452)",false,0,0,0,NA,-1,-1,-1,-1,-1,-2,-2,false,0,0,0,NA,-1,-1,-1,-1,-1,-2,-2
5,"Environment: 2, FiringMode: 1",23.96185,true,-1.538577,2.387709,1.107452,"(0.1227,0.7432,0.6562,-0.0444)",false,0,0,0,NA,-1,-1,-1,-1,-1,-2,-2,false,0,0,0,NA,-1,-1,-1,-1,-1,-2,-2
5,"Environment: 2, FiringMode: 1",23.97574,true,-1.538862,2.387833,1.107734,"(0.1202,0.7437,0.6562,-0.0434)",false,0,0,0,NA,-1,-1,-1,-1,-1,-2,-2,false,0,0,0,NA,-1,-1,-1,-1,-1,-2,-2
5,"Environment: 2, FiringMode: 1",23.98917,true,-1.538987,2.388027,1.107974,"(0.1182,0.7436,0.6567,-0.0428)",false,0,0,0,NA,-1,-1,-1,-1,-1,-2,-2,false,0,0,0,NA,-1,-1,-1,-1,-1,-2,-2
5,"Environment: 2, FiringMode: 1",24.00297,true,-1.539273,2.388163,1.108315,"(0.1165,0.7435,0.6572,-0.0416)",false,0,0,0,NA,-1,-1,-1,-1,-1,-2,-2,false,0,0,0,NA,-1,-1,-1,-1,-1,-2,-2
5,"Environment: 2, FiringMode: 1",24.01716,true,-1.539545,2.388162,1.10866,"(0.1145,0.7433,0.6579,-0.0408)",false,0,0,0,NA,-1,-1,-1,-1,-1,-2,-2,false,0,0,0,NA,-1,-1,-1,-1,-1,-2,-2
5,"Environment: 2, FiringMode: 1",24.0312,true,-1.539851,2.38807,1.108855,"(0.1124,0.7427,0.6589,-0.0402)",false,0,0,0,NA,-1,-1,-1,-1,-1,-2,-2,false,0,0,0,NA,-1,-1,-1,-1,-1,-2,-2
5,"Environment: 2, FiringMode: 1",24.04508,true,-1.540045,2.388085,1.109115,"(0.1105,0.7423,0.6597,-0.0400)",false,0,0,0,NA,-1,-1,-1,-1,-1,-2,-2,false,0,0,0,NA,-1,-1,-1,-1,-1,-2,-2
5,"Environment: 2, FiringMode: 1",24.05888,true,-1.540183,2.388288,1.1093,"(0.1083,0.7421,0.6603,-0.0389)",false,0,0,0,NA,-1,-1,-1,-1,-1,-2,-2,false,0,0,0,NA,-1,-1,-1,-1,-1,-2,-2
5,"Environment: 2, FiringMode: 1",24.07276,true,-1.540296,2.388365,1.109442,"(0.1067,0.7421,0.6607,-0.0376)",false,0,0,0,NA,-1,-1,-1,-1,-1,-2,-2,false,0,0,0,NA,-1,-1,-1,-1,-1,-2,-2
5,"Environment: 2, FiringMode: 1",24.08667,true,-1.540484,2.388405,1.10957,"(0.1054,0.7421,0.6610,-0.0357)",false,0,0,0,NA,-1,-1,-1,-1,-1,-2,-2,false,0,0,0,NA,-1,-1,-1,-1,-1,-2,-2
5,"Environment: 2, FiringMode: 1",24.10049,true,-1.540606,2.388511,1.109714,"(0.1042,0.7422,0.6611,-0.0345)",false,0,0,0,NA,-1,-1,-1,-1,-1,-2,-2,false,0,0,0,NA,-1,-1,-1,-1,-1,-2,-2
5,"Environment: 2, FiringMode: 1",24.11446,true,-1.540832,2.388609,1.109978,"(0.1028,0.7425,0.6611,-0.0332)",false,0,0,0,NA,-1,-1,-1,-1,-1,-2,-2,false,0,0,0,NA,-1,-1,-1,-1,-1,-2,-2
5,"Environment: 2, FiringMode: 1",24.12848,true,-1.541058,2.388591,1.110087,"(0.1008,0.7427,0.6612,-0.0325)",false,0,0,0,NA,-1,-1,-1,-1,-1,-2,-2,false,0,0,0,NA,-1,-1,-1,-1,-1,-2,-2
5,"Environment: 2, FiringMode: 1",24.14221,true,-1.541341,2.388512,1.110177,"(0.0987,0.7426,0.6616,-0.0321)",false,0,0,0,NA,-1,-1,-1,-1,-1,-2,-2,false,0,0,0,NA,-1,-1,-1,-1,-1,-2,-2
5,"Environment: 2, FiringMode: 1",24.15556,true,-1.541598,2.388537,1.110264,"(0.0963,0.7427,0.6619,-0.0315)",false,0,0,0,NA,-1,-1,-1,-1,-1,-2,-2,false,0,0,0,NA,-1,-1,-1,-1,-1,-2,-2
5,"Environment: 2, FiringMode: 1",24.16976,true,-1.541802,2.388671,1.110314,"(0.0947,0.7432,0.6616,-0.0308)",false,0,0,0,NA,-1,-1,-1,-1,-1,-2,-2,false,0,0,0,NA,-1,-1,-1,-1,-1,-2,-2
5,"Environment: 2, FiringMode: 1",24.18339,true,-1.541962,2.388787,1.110325,"(0.0938,0.7437,0.6612,-0.0297)",false,0,0,0,NA,-1,-1,-1,-1,-1,-2,-2,false,0,0,0,NA,-1,-1,-1,-1,-1,-2,-2
5,"Environment: 2, FiringMode: 1",24.19749,true,-1.542074,2.388851,1.110276,"(0.0934,0.7445,0.6605,-0.0283)",false,0,0,0,NA,-1,-1,-1,-1,-1,-2,-2,false,0,0,0,NA,-1,-1,-1,-1,-1,-2,-2
5,"Environment: 2, FiringMode: 1",24.21158,true,-1.542195,2.38892,1.110234,"(0.0924,0.7452,0.6598,-0.0273)",false,0,0,0,NA,-1,-1,-1,-1,-1,-2,-2,false,0,0,0,NA,-1,-1,-1,-1,-1,-2,-2
5,"Environment: 2, FiringMode: 1",24.22528,true,-1.542372,2.388959,1.110211,"(0.0907,0.7456,0.6596,-0.0271)",false,0,0,0,NA,-1,-1,-1,-1,-1,-2,-2,false,0,0,0,NA,-1,-1,-1,-1,-1,-2,-2
5,"Environment: 2, FiringMode: 1",24.23913,true,-1.542666,2.388985,1.110258,"(0.0885,0.7458,0.6597,-0.0271)",false,0,0,0,NA,-1,-1,-1,-1,-1,-2,-2,false,0,0,0,NA,-1,-1,-1,-1,-1,-2,-2
5,"Environment: 2, FiringMode: 1",24.25325,true,-1.542956,2.38905,1.110322,"(0.0862,0.7458,0.6600,-0.0270)",false,0,0,0,NA,-1,-1,-1,-1,-1,-2,-2,false,0,0,0,NA,-1,-1,-1,-1,-1,-2,-2
5,"Environment: 2, FiringMode: 1",24.26705,true,-1.543185,2.389149,1.110384,"(0.0846,0.7460,0.6600,-0.0266)",false,0,0,0,NA,-1,-1,-1,-1,-1,-2,-2,false,0,0,0,NA,-1,-1,-1,-1,-1,-2,-2
5,"Environment: 2, FiringMode: 1",24.28103,true,-1.543346,2.389192,1.110394,"(0.0838,0.7463,0.6598,-0.0254)",false,0,0,0,NA,-1,-1,-1,-1,-1,-2,-2,false,0,0,0,NA,-1,-1,-1,-1,-1,-2,-2
5,"Environment: 2, FiringMode: 1",24.2951,true,-1.543451,2.389181,1.110388,"(0.0833,0.7467,0.6595,-0.0248)",false,0,0,0,NA,-1,-1,-1,-1,-1,-2,-2,false,0,0,0,NA,-1,-1,-1,-1,-1,-2,-2
